epoch,train_loss,train_mae,train_r2,train_pcc,val_loss,val_mae,val_r2,val_pcc,lr
1,0.3450423716999996,0.6455211043357849,0.1454319953918457,0.3912682894359978,0.2797023077056093,0.5649750232696533,0.23835442960262299,0.49472838208581443,0.0001
2,0.3008734760424083,0.5733936429023743,0.2769917845726013,0.531779193673179,0.2754581069046596,0.5591360330581665,0.2556566596031189,0.5101172871646604,0.0001
3,0.2858843702027987,0.5506035685539246,0.32105210423469543,0.5719369810274183,0.2731247751217968,0.5563401579856873,0.26523450016975403,0.5182222500568385,0.0001
4,0.275333759799662,0.5348954796791077,0.3553368151187897,0.6016155173916553,0.2726077748919433,0.5512966513633728,0.26352131366729736,0.5212007166319349,0.0001
5,0.2661986437676841,0.5209450125694275,0.3812805116176605,0.6236592968036863,0.2712835860702227,0.5501156449317932,0.2686452269554138,0.5240610501777713,0.0001
