true_tls,true_tgfb,true_emt,true_hypoxia,true_mhc,true_icp,true_ifng,true_toxic,true_Glycolysis,true_Inflammatory_Response,true_IL6_JAK_STAT3,true_P53_Pathway,true_DNA_Damage_Response,true_Complement,true_Coagulation,true_Oxidative_Phosphorylation,true_Reactive_Oxygen_Species,true_Wound_Healing,true_Fibrosis,true_MYC_Targets,true_E2F_Targets,true_G2M_Checkpoint,true_Mitotic_Spindle,true_Unfolded_Protein_Response,true_mTOR_Signaling,true_Interferon_Alpha,true_Angiogenesis,true_Apoptosis,true_TNF_Signaling,true_ECM_Organization,pred_tls,pred_tgfb,pred_emt,pred_hypoxia,pred_mhc,pred_icp,pred_ifng,pred_toxic,pred_Glycolysis,pred_Inflammatory_Response,pred_IL6_JAK_STAT3,pred_P53_Pathway,pred_DNA_Damage_Response,pred_Complement,pred_Coagulation,pred_Oxidative_Phosphorylation,pred_Reactive_Oxygen_Species,pred_Wound_Healing,pred_Fibrosis,pred_MYC_Targets,pred_E2F_Targets,pred_G2M_Checkpoint,pred_Mitotic_Spindle,pred_Unfolded_Protein_Response,pred_mTOR_Signaling,pred_Interferon_Alpha,pred_Angiogenesis,pred_Apoptosis,pred_TNF_Signaling,pred_ECM_Organization
-0.5819377,0.56894594,1.0574797,1.1483154,0.47688815,-0.91960496,-0.43257174,-0.7892427,1.2735074,1.716864,0.79609334,1.6968081,0.1644608,1.150161,1.6964407,0.098695144,1.4740124,1.3010551,1.0588654,1.2607456,-0.5159392,1.5264055,1.5277648,1.1131244,-0.6631807,0.27229077,0.89191324,0.53255147,1.2125388,1.1725012,-1.0361469,0.8829586,0.8795962,0.8318909,0.45786095,-1.1066809,0.36258265,-1.3310562,0.7514143,-0.07874865,0.67768353,0.72992194,1.2320265,-0.17308182,0.24911955,0.70517844,1.1483066,0.93103874,0.9252956,0.9860409,1.2024288,1.18438,1.1260797,1.1072387,0.7759053,-0.38209322,-0.19200957,0.81247854,0.41187584,1.0878031
-0.73988026,0.8783184,1.2855309,0.8895209,0.46828628,-1.0223726,0.20622729,-0.38335076,0.4897605,2.3681214,0.7170287,1.757563,0.4031992,0.015396637,1.3832182,0.82583934,0.4660519,1.9330338,1.3822348,1.1374729,1.1954775,1.0800583,0.8267809,1.3017988,0.60493803,-0.3219871,-0.00017551676,0.63508904,0.5469699,1.600665,-0.5704782,0.6610584,1.1314534,0.8773105,0.41901004,-0.45591524,-0.082835965,-0.8765744,0.5195443,0.48371732,0.6121549,0.39438343,0.5782823,-0.17740473,1.0982113,0.19178681,0.7230178,1.2985034,1.1194973,0.64816695,0.469916,0.4131695,0.39446592,0.4926265,0.17111619,-0.4720739,-0.13533291,0.12167111,0.24219482,1.0542151
-1.3725996,1.5802221,1.0118986,1.0995541,0.47100267,0.80848473,0.07055554,-1.4144857,1.6822526,2.7823055,1.7505805,1.0520113,0.74285406,0.6424268,1.2143222,0.59887743,0.7776876,1.6967777,1.7211347,1.3514603,-0.037695102,1.1229696,1.5560212,1.9180604,0.7069206,-0.84172183,-0.4528463,1.6836038,1.7464691,1.7410287,-0.39798847,0.48069698,1.111046,0.6232038,0.38454145,-0.35696146,-0.19257429,-0.48073024,0.28673974,0.5983085,0.5117904,0.11848214,0.29297835,0.13051213,0.8924599,-0.05068067,0.3869133,1.3064498,1.1988119,0.30551758,-0.01761888,0.036801357,0.15830879,0.32196584,0.03840252,-0.521843,0.31684172,-0.060663275,0.10802381,1.1702698
-0.2634166,0.44410986,1.447316,1.214939,0.46421173,0.5462942,-0.4297244,-0.5399451,1.782298,2.4100847,1.7879376,1.6140043,-0.37796605,0.28376934,1.9557655,-0.60009044,0.115216635,1.087147,1.1426436,0.84204507,-0.3609929,-0.730066,-0.38936898,1.7370943,-0.11169507,-0.3697009,-0.38458988,0.33936256,1.4641918,1.3263419,-0.31318024,0.18433991,0.6055361,-0.25332648,0.24455655,-0.33355662,-0.6030085,-0.5098541,-0.39054585,-0.5265771,-0.47412053,-0.2275551,0.6040731,-0.12121343,0.090439394,-0.20031087,0.019616157,0.5338619,0.64767534,-0.14265029,0.31179693,0.18090847,0.32444713,0.003737322,-0.19156882,-1.2532434,-0.21759757,-0.286332,-0.5801395,0.5965961
-0.5374438,0.48469895,0.76255655,0.87361217,0.46330625,1.8242168,-0.3459275,-0.75786316,1.4557968,0.35436174,0.8224248,0.46532795,0.37357157,-0.042910773,1.7035059,0.9411264,1.8767377,0.83055323,-0.40899116,0.9073431,-0.15498036,0.3502,-0.45185086,0.6651654,0.08878647,-0.10190888,-0.30335894,-0.2475492,-0.3806365,0.08076844,-0.69064057,0.44744065,0.5194787,1.05835,0.20173931,-0.79684407,-0.06507766,-0.83519536,0.7629105,0.14898778,0.37373182,0.34292564,0.4991261,-0.71733254,0.57917225,0.14850806,0.65163857,0.58702886,0.4076757,0.3910206,0.15511437,0.35302132,0.33639476,0.4306638,0.2561891,-0.589686,-0.3865994,0.19870463,0.17391862,0.50208867
-0.87557596,1.7966952,-0.20640184,1.5000508,0.47960454,-1.1420668,-0.3945044,-1.0152446,1.6075543,0.6051666,1.8628329,0.5114453,1.2993444,0.35781938,1.1669794,0.8689492,1.3197632,-0.051817838,-0.36226273,0.8610204,1.0802369,1.0557206,1.7605333,1.3653226,0.5776617,0.1337766,-0.5993938,-0.18860203,1.3698293,0.032362625,-0.44591886,0.35553792,0.085586704,0.34931225,0.13459975,-0.49648649,-0.6066112,-0.7038611,0.2797473,-0.62136906,-0.09234064,0.12580104,0.14186549,-0.08992737,-0.11914078,0.066926904,0.073340334,0.08868564,0.24786423,0.1162511,0.12885095,-0.034464832,0.07349391,-0.08744878,-0.04212349,-0.87148345,-0.24786612,-0.19232129,-0.41627464,0.11666176
-1.3500364,1.5612326,-0.50484353,1.713725,0.4786991,-0.6273728,-0.55863136,-1.3985786,1.4182844,0.28055203,1.3800732,1.6314566,0.40004873,0.27497026,0.6951694,0.48537865,1.7301574,0.2365215,-0.15872237,1.2405761,0.6878757,1.1913202,0.5701392,1.6442659,1.1938466,0.17820469,-1.3702853,0.6399049,0.64703333,-0.038602807,-1.0963066,0.836465,0.39111307,0.8316011,0.34004033,-1.052297,-0.5521249,-1.1588953,1.11397,-0.33992377,0.47422227,0.71901584,0.61311144,-0.32822764,-0.13349682,0.80754334,0.827744,0.26085532,0.35318527,0.79572356,0.5606142,0.52476394,0.60064036,0.7355102,0.52642196,-0.93490064,-0.40944853,0.35495722,0.12027541,0.34330112
-1.8962985,1.553594,-0.52113634,1.4950354,0.47915182,4.3745794,-0.17864096,-0.42047465,1.5906162,0.30498412,1.6876031,0.9858325,2.1470125,1.1084462,0.20436078,1.1209385,1.2816153,0.2659443,-0.11447583,1.5937488,1.8484726,1.4142054,0.72751063,1.8648732,1.4920521,-0.044494495,-1.0827852,0.9050525,1.7544779,-0.042860866,-1.3545054,0.9351414,0.6112622,0.46544743,0.40871388,-0.5839793,0.37735993,-1.1149515,0.7862255,-0.5787496,0.7677893,0.9806251,1.1223093,0.062993705,-0.40973946,1.2863337,0.8057897,0.7701373,0.90046036,1.1819073,1.1755005,1.1310523,1.1334827,1.0284485,0.9967696,-0.17778845,-0.10085117,0.9976071,0.1054205,0.9592371
-0.4119188,1.943889,-0.14511758,0.31038415,0.48232093,0.009426145,-0.3771036,-1.8514518,1.8236151,0.60001224,1.2000456,2.2033045,1.0165933,0.8310815,0.21007815,1.3814002,1.5226022,0.8010713,0.6109176,1.349493,1.4806652,1.2472806,1.349249,1.868483,0.8991621,0.21913432,-0.6470142,0.9477751,1.5126532,0.6267984,-1.617716,0.7749422,0.5729857,0.26674134,0.69529736,-0.8052626,0.029987387,-1.2535876,0.6082309,-0.71791923,0.61827254,0.93588006,1.5519161,0.25129938,-0.504947,1.2824728,0.90986776,0.5955517,0.7396363,1.2187047,1.5232537,1.6072139,1.5386312,0.99632305,1.0738252,-0.20639871,-0.24709839,0.8164987,0.11676044,0.8696406
-1.8667765,1.5565709,1.2573918,0.8700777,0.4850373,0.43356004,-0.037661564,-1.8039914,1.4395921,2.4247384,1.8072999,1.9210452,1.3162097,1.9154263,0.64787287,0.9394235,0.84403795,1.7336724,1.3280752,1.0915749,1.3096838,1.2866179,1.2328641,2.1402657,0.708953,0.16205744,0.96849096,1.1655926,1.7622846,1.4553905,-1.387868,1.1768169,0.8641988,0.58559597,0.49172544,-0.76104605,-0.08448854,-1.0739162,0.77461624,-0.49689093,0.7094974,0.842657,1.0875034,0.4348217,-0.11787518,1.1576188,0.8423077,1.0060678,1.260619,1.0440881,0.86561483,0.8667559,0.9311799,1.0439507,0.74728715,-0.7703011,0.7909487,0.81808424,0.087392755,1.2513337
-1.9333065,1.4131418,0.78767014,1.3479108,0.4850373,0.7406096,-0.76658624,1.3974395,1.4870657,2.001188,2.0444884,2.5513947,1.5497838,2.039714,0.77077824,1.3967485,1.4160776,1.6111513,1.5649612,1.4287086,1.6196685,2.4263282,2.4689658,1.5098625,1.4047046,0.27833986,0.99294674,2.0689719,2.0339212,1.520282,-1.0875204,0.8587498,1.0280248,0.6968497,0.47728753,-0.4231566,0.23518118,-0.7821787,0.88402665,0.7110191,0.74553514,0.67062753,1.1723789,0.1605866,0.3754087,0.8999163,1.4318734,1.0255672,1.0610942,1.0582902,1.0557888,1.6134694,1.5180796,1.1374307,0.82395524,-0.44119737,-0.33321565,0.7324574,0.771576,1.136618
-2.0824978,1.8968214,0.62472755,0.73270124,0.47734088,-1.3695586,0.06717435,-1.2736465,1.7416472,2.3765135,1.9784268,1.5257543,1.5790564,0.7799122,0.32116863,1.2959524,1.7740858,1.6364733,1.656172,1.4151247,1.2823309,1.7755026,1.4404057,1.9812684,0.046828225,-0.3498324,0.7125873,1.5266,1.8739312,1.531982,-1.7924836,0.8361571,0.67103994,0.7042859,0.5065952,-1.1409092,-0.3422432,-1.6887771,1.1269917,-0.15704195,0.86375237,1.2228093,1.6811273,-0.26586798,-0.5372744,1.3535696,1.6172847,0.6784896,0.8517736,1.3161033,1.6383119,1.5613333,1.6036777,1.46285,1.1581519,-1.0428642,-0.14109355,1.2092694,0.48898476,1.0473336
-1.1755127,0.98110384,0.7350844,0.6499829,0.47734088,0.0896307,-0.019203177,-0.39730957,1.703183,2.7234957,2.0221324,1.9555821,1.9777519,0.654714,0.48538882,1.1986175,1.3371509,2.0595722,1.6227716,1.5179865,1.5659467,2.1904595,1.9592911,2.3433607,1.1118568,-0.09028131,1.901281,0.8052226,2.2199032,1.5460979,-1.4866066,1.108886,1.0712093,0.75889325,0.5002481,-0.92306656,-0.21455482,-1.1632209,1.0972096,0.27865225,0.93797857,1.0998185,1.3932337,-0.516081,-0.26027477,1.2729001,1.1748649,1.1996204,1.2342533,1.2959099,1.4554576,1.2347159,1.2925717,1.3257985,1.1551833,-0.7601373,0.5764171,0.9615302,0.705948,1.2974763
-1.4806712,1.9191456,1.3771775,0.95472944,0.47734088,0.82649714,-0.15151918,0.037356988,1.5416006,3.248674,2.245796,1.3841342,1.1602948,1.0792661,0.98249227,0.67561734,0.79592633,1.6749848,1.6568457,1.3544501,0.5798079,1.3639932,0.27710223,2.3427498,-0.45105276,0.38197273,0.12110176,0.68582284,2.1201077,1.494339,-1.0928273,0.5860636,1.0275743,0.9686152,0.4950642,-0.5698256,-0.6327043,-0.6775609,0.9177647,0.83355916,0.62007827,0.64135355,0.65575814,0.02982222,0.9752263,0.24143119,0.74330455,1.2353768,1.1648556,0.6997406,0.3244393,0.22351332,0.31203985,0.75492156,0.27444327,-1.1352866,0.5249808,0.40936193,0.57304686,1.1591442
-1.240067,1.1283021,1.0356262,1.0769268,0.47734088,0.69262046,-0.28296646,-1.3041794,1.4177755,2.6701264,2.001845,1.1438842,0.04072315,0.073136106,1.2043668,0.8179027,0.9776671,1.9208062,1.1794758,1.3091158,0.90448684,1.9798594,1.5245789,1.6178384,-0.15409887,-0.641617,-0.846548,0.48008838,1.5451196,1.2596148,-0.685265,0.8471007,1.0217243,1.2107667,0.54203403,-0.7956575,-0.47522134,-0.93264705,0.8126044,0.2586066,0.56331885,0.5799159,0.5057914,-0.4325571,0.8173326,0.17821208,0.7972505,0.96419096,0.7785729,0.6116044,0.17278145,0.38842022,0.4380213,0.5822484,0.38675493,-0.8654364,-0.11665244,0.11566992,0.28489262,0.84985286
-0.9125839,0.6045503,-0.15894246,0.44092008,0.48005727,-1.1656979,0.07777039,-1.0441903,0.63748115,1.0050815,1.4276822,1.2521447,1.7522839,1.1960983,0.844089,-0.22626282,1.9218769,0.6748136,-0.09577144,1.1739554,1.5208422,1.8441658,1.0524435,1.3079805,-0.19978568,0.19645187,-0.9123567,0.092728,0.90069973,0.028652627,-0.46225947,0.52824825,0.27516136,0.88246775,0.22619346,-0.5821803,-0.12795562,-0.49785903,0.4082438,0.04652948,0.15570308,0.11702206,0.34133855,-0.47939488,0.4743827,-0.0954364,0.59407437,0.2929779,0.18832181,-0.032664683,0.0029658591,-0.03775655,0.08071059,0.15549539,-0.05546324,-0.75383216,-0.25896427,0.26567957,0.16311792,0.1776055
0.022284888,1.6901013,0.8053364,1.1292539,0.48005727,0.6846691,0.1038292,-0.6722079,1.3846232,-0.3651594,1.8173187,0.56985074,2.170733,0.320057,0.97005624,0.681583,2.1211941,0.11131372,0.37926453,1.0897503,1.5858071,1.4077176,1.3219165,1.3389976,1.2012303,0.6806102,-0.90045726,0.094676174,0.47928637,0.7778082,-1.0845809,1.0694573,0.36891842,0.67287606,0.35513145,-0.6989601,-0.0022935495,-1.0451466,0.7387828,-0.6850517,0.4723316,0.64090675,1.377203,-0.080099665,-0.20807147,0.70542383,0.93846685,0.44980523,0.5854847,0.83189994,1.1715705,1.3900561,1.4720366,0.7706019,0.5698055,-0.35351542,-0.37387884,0.5482596,-0.07994479,0.6441098
-1.8966148,1.0946658,-0.521924,0.91436327,0.48458457,-0.9879903,-0.3488026,-1.8252877,1.6451403,1.1955924,1.2383329,1.449544,1.4762923,1.2651659,0.20526342,1.0442501,2.2147317,0.5907125,0.18686034,1.1081554,1.3506637,2.4904535,2.2407966,1.5922424,0.30940747,0.5266964,-0.92343193,0.9568923,1.0650182,0.32582784,-1.2130297,1.0892267,0.77231383,0.7829911,0.505156,-1.0320061,-0.28950468,-1.4431837,1.1716648,-0.057338357,0.6233881,1.0111004,0.7208742,0.2209948,-0.056955338,1.0553576,0.6765916,0.76006645,0.90513027,0.9439519,0.67039394,0.8045783,0.7053419,0.8430183,0.7251067,-0.6317655,-0.10259963,0.6453159,0.2974497,0.94958174
-1.163245,1.4087212,-0.78159064,1.4407033,0.47326633,-1.1791098,-0.20236805,-1.0431023,2.0086381,0.55488646,1.4635457,1.8744923,1.3544911,0.9402913,0.4734621,1.3636045,0.71853304,0.19677581,-0.017571636,1.4327575,1.5887058,2.4122963,2.3085003,2.032498,0.64154047,0.5674758,-0.67947423,1.2662152,1.5487018,0.022500586,-1.4055573,0.64746433,0.059907548,0.62065715,0.4549234,-1.0902478,-0.23422575,-1.2419094,1.0762253,-0.6516159,0.58105063,0.7996177,0.8600763,-0.18954495,-0.7274411,1.2192829,0.5975351,-0.09286534,0.03230328,1.0392303,0.9145354,1.1679786,1.0911745,0.83056283,0.9066138,-0.43480787,-0.7139914,0.6313718,0.07978824,0.15255529
-1.8191196,1.1688021,-0.51778287,1.4618032,0.48232093,-0.32925364,-0.0051828832,-1.1620212,1.9065703,0.94977295,1.4698596,1.9637504,1.1583761,1.8433942,0.2021245,1.2735642,1.7086616,0.22070493,0.19512598,1.0360832,1.4324564,1.1654555,1.405864,2.0128655,0.5434314,0.8097834,-1.1301665,1.6142501,1.0755187,0.32498914,-1.2178856,0.853063,0.7945759,0.9376769,0.41496634,-1.0187259,-0.40194204,-1.3283182,1.2111377,-0.11004153,0.750498,0.842337,0.76668334,-0.019185886,-0.2269762,1.0127817,1.0178604,0.74487317,0.59312195,1.0088212,0.8736043,0.9682237,0.91663873,1.0965014,0.8073417,-0.56363887,-0.29804,0.37936473,0.42296663,0.6926293
-1.0738732,1.8673002,-0.16408356,1.2978209,0.48005727,0.7889376,-0.097657,-0.9700571,1.9104851,0.45896846,1.7226743,1.8343232,1.8205907,1.1879253,0.13347518,1.2649502,1.8084476,0.95595515,0.16806957,1.2514096,1.499248,1.895908,1.8413842,2.0404377,0.6561408,0.36720952,-0.9352581,1.3175747,0.76107335,0.33327875,-1.1963081,0.78778696,0.29809827,0.73015064,0.43697226,-1.1146566,-0.5703528,-1.2607168,0.91596097,-0.6222939,0.48638967,0.5776425,0.7121253,-0.25511524,-0.6595412,1.0090181,0.6160277,0.019034129,0.17319256,0.8150654,0.78473866,0.95809484,0.83751404,0.64742917,0.70906836,-0.78677726,-0.50772375,0.63923657,0.14548025,0.25104278
-1.9629339,1.586823,-0.06675593,1.123429,0.4877537,-0.121027045,-0.04994954,-0.8550741,1.4972457,0.36394253,1.5870793,1.5402186,2.2393315,0.80510473,0.17300668,1.271422,0.92047274,0.87322664,1.1028758,1.3750631,1.4742601,1.7807719,1.6433195,2.024223,0.27320677,0.5060261,-0.5860843,1.7030097,1.6310234,0.93288684,-1.1444458,1.1857506,0.72923493,0.9902126,0.49671453,-0.8711883,0.12002409,-1.2011803,1.3576813,0.09055808,0.97789246,1.177427,0.86162406,0.3329984,0.05496466,1.2521152,1.0845087,0.8491537,0.977884,1.1782442,0.9429942,1.0301701,0.9271335,1.2609429,1.0033815,-0.35703242,-0.18073738,1.0915644,0.6106656,0.954206
-1.9441663,1.6003603,0.7347496,0.77555686,0.48820642,2.1770954,0.35587108,-0.53322834,1.6916165,1.9250118,1.6423861,1.8798707,1.8398265,1.9369658,0.8045024,1.1145712,2.1584814,1.7630128,1.1264658,1.1987818,1.9597521,2.2648332,2.0477138,1.9165494,1.4526738,1.2039673,0.18454307,1.1820465,1.7232052,1.1290219,-1.4903543,1.0431799,0.8596659,0.5837673,0.52832043,-0.7573018,0.047349155,-1.3207495,0.95305127,-0.011235517,0.8018648,0.92175025,1.2659851,0.4432505,-0.20682593,1.2840765,1.2443835,0.9031761,1.0997254,1.1146187,1.3027933,1.5770448,1.4544541,1.1716835,1.016762,-0.42014226,0.1447919,0.9652535,0.52038234,1.1272956
-2.0092201,1.5104916,0.06542485,1.0138156,0.48730096,-0.4559809,-0.16359836,-0.2926729,1.4542354,1.7560071,1.8446047,1.6804551,1.5862999,1.6150188,0.31191063,1.3282489,1.8820848,1.43943,0.9448696,1.3205913,1.7693614,2.4937322,2.4299595,2.123929,1.2200942,0.584852,0.0038059019,1.495161,1.870954,0.9888696,-1.9026966,1.0601324,0.72832686,0.51389956,0.40452123,-1.1619743,-0.13961285,-1.3142111,1.0173739,-0.21776296,0.93697757,1.4326605,2.0347624,0.21414196,-0.92817694,1.5273364,1.3123094,0.69001925,0.81655985,1.4162896,1.8059523,2.119588,2.099662,1.5087836,1.4238316,-0.69763577,-0.55945975,1.4380622,0.70148385,1.0083554
-2.0244029,0.93568534,0.89107645,1.3410226,0.48458457,0.6642296,-0.18584545,-1.9268148,1.5988932,2.1707296,1.6783363,2.0586922,1.7869947,1.2228826,0.34686753,1.3073095,1.2158017,1.3806142,1.3348055,1.4111269,1.7562301,2.7192292,2.499626,2.1171594,1.4958779,-0.67839295,-0.515816,1.4628174,2.464199,1.5275052,-1.5220987,0.8853856,1.1512326,0.33530855,0.6170706,-0.81860894,-0.02983465,-1.3329648,0.7008376,0.18131374,0.85796565,1.4269396,1.598568,0.63958097,-0.013172215,1.0941887,1.2640419,1.3964823,1.5516802,1.2792784,1.575774,1.8066052,1.9255823,1.3409215,1.0188068,-0.18361251,0.640981,1.0252564,0.67369723,1.6778624
-1.8710994,1.8856612,0.85132974,0.9635085,0.48820642,-0.96561223,0.08524339,-0.91078824,1.6335357,3.1605308,2.0593548,1.7836903,1.0583354,1.6286727,0.39672866,1.3986213,1.3702716,1.7713908,1.5053554,1.6251941,1.6976835,2.0099006,1.5701545,1.8309706,0.7889955,-0.49206835,1.4534972,1.1913251,2.519923,1.5246568,-1.2642488,0.76746154,1.5199409,0.22626278,0.6982666,-0.49057275,-0.21658921,-0.8812232,0.74931085,0.5146796,0.8611195,0.84524,1.464708,0.75788116,-0.010672377,0.970535,1.3644856,1.5125227,1.5989838,1.1147684,1.5504029,1.4784614,1.600371,1.2106901,0.97669154,-0.50899583,0.02372821,0.84023327,0.7831006,1.5705001
-1.4756103,1.0186895,1.9437582,0.7588866,0.49182826,0.35763308,0.24746044,-1.4887187,1.278796,3.7715626,2.300356,1.486681,0.24354917,3.2787077,0.9762929,0.44058102,1.490573,1.958835,1.946257,1.1474127,-0.0932299,-0.30750594,-0.45876005,1.1696451,0.8388998,0.7177619,0.6749087,1.3433452,2.8938472,1.8320738,-0.94138336,1.4298819,1.5826292,0.30852956,0.57089,-0.3582154,-0.46111223,-1.1061858,0.76981086,0.9268832,1.0995622,1.2036115,0.55853,1.0851622,0.7768118,0.56714183,1.1522989,1.8464997,2.0441203,0.6123636,0.2147693,-0.077496074,-0.035186134,1.2532688,0.48491952,-1.055322,0.9468927,0.5313954,1.096013,1.8422482
-1.9974113,1.3859224,0.94761723,0.69355965,0.48820642,2.1046836,0.25189346,0.9900777,1.4528888,3.3868973,2.0347822,1.8058735,1.4919093,2.422766,0.54232234,1.073018,1.7865088,1.9924216,1.4709576,1.3026059,1.3316461,2.3154995,2.2934632,2.2111456,1.4412076,0.30309245,-0.14232317,2.0483212,2.5805204,1.6350784,-1.2245747,0.92428577,1.0228896,0.76170236,0.37386423,-0.2933761,-0.20766044,-0.75651413,0.94444203,0.63583684,0.8150604,0.884932,0.7561052,0.5810658,0.30866298,0.7656223,0.8384134,1.2401305,1.3579739,1.1057339,0.890546,0.8958745,0.9090915,0.96881914,0.7645225,-0.4994817,0.3204501,0.6187723,0.6697501,1.2945887
-0.34606692,1.9802368,1.176107,0.75385463,0.48277366,-1.062676,0.07393147,-0.59093875,1.6417972,2.6840293,1.8075552,1.774972,0.9372226,0.515068,0.6215422,1.0425497,1.7488465,2.3531597,1.828488,1.4360332,1.0642505,2.219343,2.1979544,1.8487738,0.7422485,-0.05085112,1.3073522,1.725401,1.9273545,1.7121408,-1.0872043,0.9288488,0.9495095,1.0796037,0.37413913,-0.554287,-0.07688879,-0.87732685,1.116043,0.8235031,0.8555887,0.8060096,0.6670791,-0.04711038,0.65418816,0.5797282,0.73017323,1.0411409,1.0058252,0.87281185,0.57886547,0.7068619,0.59541607,0.821823,0.80800843,-0.6296531,-0.14162755,0.54708946,0.8507536,1.0370879
-1.154137,1.0898507,-1.3280894,0.9490403,0.44474432,0.56920147,0.17187387,-0.23591681,1.8329467,-0.41736415,0.7751623,1.1506792,-0.12096805,-0.2561218,-0.18677044,0.7320597,1.414544,0.043613944,-0.39897358,0.75927955,0.21057701,-0.67775065,-0.8842348,1.0022049,-0.12431279,0.81074023,0.11703255,-0.13871177,0.32009903,-0.3092969,-0.8968675,0.2324638,-0.058095347,0.9129585,0.35309225,-0.78869975,-0.03790474,-0.86921245,0.6843635,-0.20582265,0.38734496,0.45658153,0.29756364,-0.67930716,0.25715196,0.2811824,0.21370026,-0.012654361,-0.087616295,0.49807552,0.29466844,0.37622288,0.3201748,0.35553122,0.3467032,-0.30109635,-0.6963466,0.47053877,0.14879051,-0.0031883484
-1.4048629,0.6985999,0.3213442,1.1257024,0.47236085,-0.34143195,-0.12274162,-1.4401283,2.1780713,-0.5976571,1.2979246,1.5651412,0.6028785,-0.4950315,-0.38984397,0.9500923,0.76977146,1.4198532,1.0197577,1.3176976,1.3170114,1.9494603,1.720449,1.433204,-0.10665756,-0.09884023,0.44688606,1.6840237,0.81829697,0.9043753,-0.73856175,0.4200823,0.18692638,0.898476,0.026563311,-0.7028723,-0.13261214,-0.8030614,0.73416173,-0.18343906,0.31233075,0.21232417,0.6919788,-0.45216364,0.10992409,0.4747785,0.5979067,0.10146097,0.05061571,0.5773673,0.4679873,0.8557795,0.8416587,0.3939624,0.37244284,-0.35000253,-0.4546509,0.22023037,0.1441828,0.1447134
-1.8314556,0.86835444,-0.54764616,0.60680425,0.48232093,-0.83742946,-0.26300326,-1.7771319,1.753036,1.1354312,1.1986879,2.062617,1.4967841,-0.5166453,-0.02298774,0.9094821,1.3833296,0.84658754,0.9113043,1.4031513,2.342271,1.4257418,1.0965565,1.893769,0.90498596,0.47571418,-1.105252,0.96485275,1.481123,1.070704,-1.547491,0.9726931,0.9698707,0.6974495,0.49519718,-0.6709901,0.541598,-1.2063179,0.92564946,0.05503604,0.881831,1.0258058,1.3228391,0.64137155,-0.145872,1.2906133,1.4059963,0.99297017,1.1941532,1.3623714,1.4031847,1.7822515,1.6851612,1.2461694,1.06982,0.19582196,-0.046330944,0.9231589,0.6186214,1.2398378
-1.8896561,0.3123246,-0.5468505,0.5231707,0.48413184,-0.63880265,0.44673127,-0.43101814,1.6485289,1.2112359,1.2280813,1.0184394,1.2818451,0.81431484,-0.41044414,1.0587968,1.4404112,0.6672429,0.6658998,1.3587129,1.496471,2.190212,2.242183,1.8740388,0.7966516,0.72621936,-0.8421902,0.91623783,1.5096667,1.0663818,-1.5061022,1.1194218,0.9882206,0.3451969,0.4986353,-0.8968633,-0.106106274,-1.1896225,0.5806007,-0.55905205,0.49820724,0.8296132,1.2215397,0.5479549,-0.30152032,1.0927448,1.121902,0.9969836,1.2208059,1.0149906,1.3141235,1.2588198,1.3039392,1.0780734,0.927312,-0.40941685,0.35215434,0.77343947,0.16711724,1.264367
-1.0755847,1.0400231,0.16795306,0.7496048,0.47915182,-1.8921063,0.1405739,-1.8411078,1.4719226,0.38636497,1.0508275,1.639849,2.4490943,1.4529413,-0.32673362,1.248162,1.7752899,0.763351,0.8266499,1.2705796,1.5792774,1.6967181,1.6561327,2.0214076,1.036193,0.6394749,-0.45230693,1.5125089,1.1062417,0.7768918,-1.6404091,0.7923104,0.2748632,0.5518977,0.48167312,-0.8752795,-0.047784023,-1.3551491,1.0308156,-0.6073503,0.5793523,1.1672242,1.0719748,0.0617899,-0.7399748,1.2814862,0.85569596,0.030503858,0.1398333,1.1789552,1.1539545,0.88977706,0.75465536,1.1413718,1.1102306,-0.36519933,-0.5907788,0.9362866,0.39999306,0.30216217
-1.7077795,1.2827208,0.1309174,0.23973064,0.48186818,-1.727568,-0.7135141,-0.8603124,1.5007792,1.1132314,1.5953008,1.4672116,2.0772917,1.5064389,-0.13668482,1.3994489,2.1943865,0.83311856,0.82100254,1.0986729,1.4082708,1.7603339,1.4082901,2.0603085,1.3157185,0.50753564,-1.06724,1.2914231,1.4100395,0.87567633,-1.151636,0.64485794,0.6252551,0.35242516,0.65086377,-0.8853583,-0.12961811,-1.1793368,0.5316422,-0.7519393,0.35674852,0.64180326,0.68313646,0.28554377,-0.206792,0.88469976,0.38610095,0.6529103,0.73851794,0.8195854,0.94467616,0.8672697,0.7895368,0.6420145,0.78919464,0.059234843,0.040969826,0.37889707,-0.18272622,0.7690508
-1.7565963,1.6698225,0.016689973,1.0094069,0.48005727,-0.26892975,-0.26446855,1.1380936,1.7976114,-0.3255592,1.3219725,1.8116716,1.1502687,-0.1013253,-0.31354216,0.8093608,1.274905,0.30529073,0.24582888,1.561237,1.874079,2.0752769,1.4245585,1.372726,1.671152,0.68843967,-0.95756483,0.84103966,1.1959355,0.01943231,-0.94208735,0.92389953,0.31402156,0.7431396,0.45253474,-0.7720453,-0.22089845,-0.90836626,1.0007114,-0.44583112,0.591083,0.70257413,0.34043723,0.18678269,-0.44477037,1.0202255,0.5367413,0.20016813,0.39476374,0.906267,0.41854712,0.5035126,0.45752007,0.65055496,0.6693903,-0.4043127,-0.041383512,0.4354162,0.054714005,0.39168057
-1.8579199,1.2470435,-0.055544768,0.8267106,0.48413184,1.5842743,-0.09020841,-1.3910277,1.605389,0.09778591,1.415564,1.6559571,1.8256134,0.7852124,-0.6454146,1.0417037,0.08631224,0.4940742,0.30069783,1.2611469,1.8090117,2.2885053,1.9477906,1.5607901,0.6486451,0.62609226,-1.1633136,0.2735947,0.90532255,0.32951546,-1.2288002,1.2057782,0.7534762,0.6659476,0.5821113,-0.6976047,-0.11254994,-0.81428903,0.9942734,-0.33477488,0.7616734,0.85360575,0.69925886,0.3212908,-0.54085505,1.3620095,0.46519798,0.6968092,0.8267735,1.226643,0.7971696,0.9755307,0.8507714,0.92617875,0.9460766,-0.35891253,-0.25183797,0.70033365,0.2237778,0.8780946
-0.7155696,2.197684,0.6585571,0.22690085,0.49182826,1.5694064,0.049293928,2.2443693,1.5011781,1.0662495,1.1407039,1.3763964,1.823469,2.399395,-0.86088365,1.1166464,0.9585824,1.2863256,1.5878066,1.3909471,1.8305503,1.1613718,1.4785833,1.5275854,1.3504976,0.80245197,2.4383156,1.4778888,1.6595445,1.4967257,-1.6484373,1.2049074,1.1160897,0.31404728,0.5736889,-1.1397029,-0.0114312805,-1.3886806,0.71571636,-0.9133288,0.6495098,1.0227292,1.123687,0.78747064,-0.5006346,1.2485647,0.8544606,1.0950186,1.48963,1.2136486,1.0627818,1.0932573,1.0070311,1.0898979,0.85948163,-0.3137999,1.3313885,0.9447119,-0.11752821,1.3744923
-0.797851,1.5176213,0.95095205,0.18974352,0.49454463,2.6474452,1.5971899,-0.14187,0.68816775,2.570492,1.0614991,1.3202447,0.70401335,3.1587315,-0.19917206,0.94688404,1.3000896,2.0866969,2.023135,0.9067689,0.9658313,0.49661267,0.24246727,1.7786403,0.9216863,1.3934016,2.8956888,1.3106354,1.3356781,1.7112119,-1.4782085,1.5573059,1.7593731,-0.34930432,0.6801525,-0.36487874,0.09067356,-0.9493547,0.33823764,0.14804293,0.8468146,0.7744037,0.74701107,1.8525841,0.45371237,1.0109657,1.0194285,1.9917239,2.3902464,0.97529596,0.6009295,0.61819243,0.71527886,0.948309,0.7312614,-0.23134463,2.66264,0.78139174,0.542165,2.2058818
-1.7346656,1.3715372,0.85876715,0.7756977,0.4895646,0.22248347,0.46094194,-0.6519874,1.3405946,1.8105899,1.5631146,2.0433745,1.1945279,0.60590404,-0.09847316,0.8388596,0.39230704,1.4193106,1.6329507,1.2883612,1.4392278,1.7061028,1.6584606,1.1637658,0.96782196,0.992431,1.8476098,1.5284616,1.8340211,1.6450467,-1.1708233,0.98701537,1.1065255,0.47577277,0.5389793,-0.8645194,-0.06569266,-1.1402471,0.6874707,-0.5633224,0.5943681,0.8832923,0.91711116,0.2858266,-0.06606356,0.9627682,0.74594057,1.246366,1.4419179,0.98490477,0.9829671,0.9616526,0.9538208,0.91113484,0.73319936,-0.44253927,1.576019,0.6239084,-0.039609537,1.3673826
-1.9052606,1.3075374,0.9976249,0.8648116,0.48549002,-0.35003048,-0.17083938,-1.413234,1.4431119,2.3450694,2.1790292,1.8550191,2.090764,1.8884032,0.56150734,0.99414593,2.059406,1.4822575,1.687889,1.3678433,1.7303677,2.135017,2.145936,1.6047018,0.94645065,0.49456993,0.3161849,1.1246158,1.925648,1.5857017,-1.4972662,1.2662655,1.1108094,0.68172586,0.51222205,-0.63771135,0.010957803,-0.9603377,0.99841535,0.19062163,0.8128504,1.4041628,1.0766081,0.8815969,-0.08316003,1.0778584,1.1283139,1.1291218,1.4173217,1.1974733,1.036355,1.2097229,1.1993684,1.2724224,1.0528989,-0.5242827,-0.20185715,0.9842139,0.54442877,1.4045888
-1.7196938,2.0193336,0.85601383,0.91563433,0.4850373,1.3606325,0.4380244,-0.5002833,1.7102196,2.462077,2.030228,1.31159,1.9429923,2.2333188,0.46036094,0.9391225,1.6999724,2.132613,1.5604142,1.3665786,1.0845222,2.2479863,2.0095944,1.4841753,0.2441459,0.43818942,0.030706199,1.6195347,2.0584385,1.4685268,-0.9643549,0.6447576,1.1521913,0.24534276,0.38693714,-0.07225922,0.22762191,-0.23622456,0.27494416,0.22779268,0.44231585,0.57128084,0.39675355,1.0477544,0.38529792,0.4786246,0.4900769,1.269221,1.395496,0.6073307,0.4024709,0.29956397,0.37862793,0.4803407,0.31853685,-0.07741583,0.6342541,0.52936,0.21303731,1.3097582
-1.8461112,0.9864477,0.79989326,1.343183,0.49001732,1.9161783,-0.08986271,-0.25684807,1.0885054,3.0522823,1.94236,2.3134432,0.77451587,2.216018,0.7603024,0.9814934,1.525183,1.7348078,1.4063051,1.2159401,1.3749741,2.2336364,1.9903139,1.6988746,1.5059534,0.0051320987,0.0408882,1.348696,2.3553321,1.2409757,-1.1911836,1.0181377,1.4133478,0.56207186,0.57624006,-0.36819872,-0.0569171,-0.8102289,0.79227716,0.35287347,0.71323144,1.185486,0.91161245,0.6582478,0.42098537,0.9224703,1.1452444,1.4351715,1.5265803,1.1928139,1.105902,0.9960778,1.0223284,1.2076433,0.9379479,-0.556539,0.28353122,0.77438724,0.739498,1.603581
-1.9691546,1.2734028,0.8033866,1.0557135,0.48820642,1.9111915,0.19913484,-0.89142424,1.3670585,2.6544235,1.8711419,2.0619369,1.5361835,1.8437004,0.6510763,1.3810534,1.0664629,1.6274527,1.7346334,1.3089427,1.3978908,2.5151968,2.0551958,1.5869892,1.1591042,0.260784,0.051003322,1.2481751,1.8134092,1.638982,-1.2798127,0.92624974,1.140125,0.7823156,0.52940285,-0.48026675,-0.020139243,-0.95524865,1.0429345,0.42675036,0.8199565,0.82254356,0.7157257,0.42633894,0.43366334,0.9814816,1.2589223,1.2641127,1.3693953,1.1546208,0.94004685,1.0491238,0.96950316,1.0480732,0.74585783,-0.38475198,0.3117145,0.68362975,0.62318754,1.375696
-0.5910729,1.636158,0.5426661,0.8411292,0.48684824,2.1021655,-0.08584864,1.0784944,1.1927452,2.3944318,2.054864,2.1299064,1.0231452,0.8941143,0.95449907,0.9282366,0.8724375,1.6377708,1.0176442,1.527933,1.6019905,2.2039955,1.8335338,2.2467499,0.8787681,0.23809025,-0.30740383,1.6387272,1.9716358,1.0530033,-1.435304,0.83773816,0.4954647,0.62455726,0.508599,-0.66859674,0.13803013,-1.1380767,0.84521353,-0.09999204,0.8651084,1.2016956,1.2345366,-0.15869004,-0.1071108,1.0999336,0.92163366,0.6034033,0.5886921,1.1143801,1.2267705,1.4547597,1.400857,1.1357979,1.0621701,-0.19434568,-0.6163105,1.0537238,0.64791787,0.6645201
0.81864285,0.7318711,0.8408137,0.834583,0.48413184,0.87849313,-0.21595898,-0.36105195,1.1115698,2.1417713,1.3936889,1.5467161,1.6613281,1.2594668,1.8065071,1.0727981,1.209006,1.2428126,1.1618807,1.381504,1.6278976,2.3100812,2.4097986,2.108428,0.9579682,-0.0304657,0.52096665,1.9563881,1.9297721,1.2485206,-1.0993452,0.76755756,0.5229193,0.99644595,0.59559596,-0.82640445,0.07376108,-1.0115974,0.8295974,-0.40567872,0.6638099,0.6431444,1.0811859,-0.5273439,0.18000726,0.6464788,0.42966324,0.5202012,0.4803977,0.97636706,0.9690948,0.81050116,0.9073164,0.9391293,0.7490272,-0.559391,-0.5945258,0.7026269,0.24134135,0.66770184
-0.8325582,1.036387,0.68303454,0.7647743,0.46421173,-0.13956694,0.1913773,0.72040546,1.8253155,-0.22991797,1.0673469,0.97435343,0.08666301,-0.23931709,0.55784374,0.5866301,0.72007406,0.4119599,0.04957327,0.8512152,0.02461209,1.8123386,0.98382914,1.2993491,-1.088846,1.1007133,-1.2178298,0.39610437,-0.2976446,0.007102858,-0.9773444,0.37767026,-0.1392478,0.94773805,0.6169037,-0.6080773,0.42491013,-0.7585687,0.73213,-0.2712421,0.6263855,0.5608777,0.6582944,-0.64993316,-0.09462147,0.5014431,0.8094884,-0.12351982,-0.29017404,0.43494728,0.289894,0.11858766,0.1365741,0.9205635,0.6153185,-0.094416864,-0.4290884,0.75955117,0.29865512,-0.14811203
-0.78108317,1.5249008,0.22783348,0.69139993,0.47281358,0.43748316,-0.13503107,-1.602502,1.2410699,-0.43472382,0.7880392,1.7789669,1.290727,-0.2993932,0.42949077,1.1989714,0.73655385,1.0896674,0.29641867,0.9877287,1.656803,2.0074136,2.3261487,2.0461836,1.1300913,0.53087646,-0.3161903,1.1580774,0.01953447,0.26865903,-1.3885236,0.8897238,0.2272365,1.134226,0.5828802,-0.7225554,0.25970766,-1.0227265,1.2710717,0.033159696,1.005755,0.91937953,1.3429108,-0.11793069,-0.18559502,1.293311,0.8898567,0.33960676,0.37000772,1.1586808,1.129234,1.3767021,1.3094732,1.1839042,1.014647,-0.07584693,-0.28597242,1.0419284,0.7996142,0.5014546
-0.8147396,1.3899782,-0.011649095,1.7209405,0.4384061,-1.085682,1.0331496,-0.972565,1.6069613,0.16344793,0.99274415,0.910603,0.7585189,0.06122407,1.5552402,0.592457,-0.17247693,0.26254404,-0.17078586,1.031023,0.6947249,-0.1262968,0.44467077,0.9647862,-0.225711,1.1790614,-0.6785411,0.7501751,0.4454188,-0.0012138603,-0.9415489,0.3522737,0.1155896,0.6191915,0.39753395,-0.85211945,0.2987604,-1.0349423,0.6052539,-0.22238803,0.3267284,0.33350542,0.5899988,-0.64146274,-0.13109277,0.6622363,0.41486758,-0.016110785,0.06624122,0.48139745,0.4257405,0.4511415,0.42170233,0.47933444,0.55003005,-0.08454213,-0.284948,0.52213264,0.24004272,0.16836691
-1.4821472,1.4298383,-0.33291143,0.67659676,0.47236085,-0.754462,-0.17970474,-0.90396816,2.0519626,0.11870824,1.70096,1.9965484,1.7499465,0.5470165,0.4955846,1.1334702,1.0965602,0.41412774,-0.016400905,1.4218405,2.1141212,0.85253567,0.758866,1.3224117,1.4636343,0.611884,-0.22239374,1.8324896,0.72290003,0.20793569,-0.8279525,0.29799718,0.14014408,1.2547684,0.21899483,-0.7545886,-0.43323666,-0.9849644,1.048685,0.3268301,0.42694902,0.46737102,0.2491989,-0.4120553,0.4123781,0.33507627,0.59463733,0.24363269,0.106392846,0.49227738,0.17995507,0.19679488,0.13317421,0.47774267,0.27520058,-0.7759736,-0.17764834,0.28880718,0.44577214,0.18978809
-1.9964623,1.5249994,-0.6207811,0.7208173,0.48367912,0.14328447,0.5417957,0.5298593,1.6251678,0.3242333,1.8886617,1.6419147,2.0806677,0.82294416,0.17713681,1.2746588,1.3623468,0.57267874,0.50363344,1.4541867,2.1810021,2.2477915,2.0443013,1.3706853,1.0637026,1.0210946,-0.51380724,1.1694907,1.2747709,0.80900484,-1.3067751,0.8283504,0.67723,0.29502007,0.545793,-0.34105992,0.38234878,-0.8030965,0.8090244,-0.12497432,0.5988444,0.93511456,1.25674,0.29124054,-0.5649814,1.263609,0.8582641,0.5217956,0.6047187,1.2466114,1.3509314,1.4576994,1.3271779,0.98602873,1.0803611,-0.026695818,-0.54304564,0.96954525,0.5032323,0.8313593
-1.9605088,1.4342598,0.7919563,0.70876396,0.49001732,0.18469672,1.0893745,-0.40690958,1.219685,1.4070822,1.6408714,1.072658,2.200446,2.142033,-0.61693156,1.0674218,1.7110847,1.317805,1.5547423,1.4807891,2.1692579,1.3162411,1.1119187,1.6425433,1.7762072,1.3610793,-0.23948859,1.2380707,1.6841524,1.3547357,-0.8586734,1.0021678,0.9788027,0.7361406,0.43852407,-0.4849772,0.13003969,-0.51204187,0.9464584,0.34178305,0.7056779,0.77067095,0.5231226,0.84567744,-0.12011293,1.0022616,0.943882,0.96562237,1.0691023,1.0298405,0.7200058,0.8328397,0.7026456,0.8068361,0.7239783,-0.34899023,0.1729503,0.72854424,0.6084802,1.1512542
-1.8804832,1.0146981,0.6528386,0.6803597,0.48820642,-1.1485294,0.3410799,-1.8127707,1.7183555,1.0617651,1.1810731,1.5058532,1.6352879,0.9773713,-0.19693373,1.1864446,1.269124,1.025225,1.4393697,1.4434078,1.669984,1.8903543,1.7162607,1.5737122,1.4179169,0.9968178,0.7971638,0.37178355,1.1208147,1.5051564,-1.0814291,0.8683192,0.64226794,0.63607746,0.47598618,-0.7275025,0.0960129,-1.070558,1.04545,-0.1513906,0.62307423,0.68905103,0.4808516,0.3798957,-0.508317,1.1572716,0.5253805,0.6432654,0.85098004,1.0712582,0.8324064,0.7528337,0.709246,0.8207102,0.7542553,0.058289185,0.13176069,0.6861064,0.32441145,0.88986635
-1.7884378,1.2196391,0.19676651,0.6463094,0.48684824,1.0299553,0.12849095,-1.2163651,1.5944581,0.030870553,1.3958129,2.193773,1.4044323,1.7978227,0.71308374,1.2689501,1.5812508,0.49447525,0.31111568,1.0854042,1.368696,1.0917432,1.1502153,0.88526267,1.342181,0.91501385,0.039916355,1.0155019,0.55228585,0.055292033,-1.160372,0.74141514,0.5903348,0.27789804,0.5197159,-0.7464911,-0.054186314,-0.78178173,0.68355745,-0.72406566,0.4505584,0.94829816,0.86060596,0.26406837,-0.5043974,0.9911995,0.7678911,0.4883571,0.5468826,0.93336445,0.8812962,0.9417848,0.85292095,0.71067214,0.9084473,-0.10075685,-0.17471749,0.68280846,0.024213504,0.6603171
-1.8365165,1.0582229,0.64369494,0.44198582,0.4850373,-1.1307974,0.049327966,-1.3725133,1.5165913,-0.13524309,1.1774551,1.7358669,1.9494365,1.5931871,0.6665347,1.436168,1.8282055,0.6181909,0.9129573,1.3669282,1.9706404,2.066746,1.7402154,1.2795185,0.87002665,0.19953911,-0.8471286,0.9695001,1.0983696,1.0383161,-1.0562003,1.0794095,0.94157666,0.48041588,0.41546053,0.079796664,0.35247716,-0.2507889,0.7927632,-0.07961266,0.6280595,0.772917,0.68558925,0.9773607,-0.4431851,1.1758388,0.93107307,0.7484964,0.91025114,1.0620831,0.91826206,0.9806765,0.93210876,0.8473431,0.7588295,-0.13651435,0.1445626,0.5852161,0.2983041,0.98677844
-1.8149022,1.1094003,0.20411766,0.7399089,0.48684824,-0.9075405,-0.27560455,-1.762181,1.4607133,0.03502164,1.8456538,1.9058757,1.4945618,1.3079983,0.29253066,1.3900712,1.8578823,0.65132266,0.99192446,1.4923929,2.3560069,2.3210297,2.3518643,1.3464929,0.6954266,0.20473738,-0.45361638,0.74138075,1.161787,1.0659858,-1.3505223,0.9053891,0.9029621,0.28233498,0.4821006,-1.045889,-0.04430536,-1.3480477,0.56564397,-0.33749577,0.53105086,0.6388082,1.0728363,0.30740282,-0.34998316,1.1233618,0.68072283,0.78299415,0.9885589,0.94219613,1.3995812,1.4029078,1.2351046,0.93433565,1.1120142,-0.15327795,0.16338855,0.7188372,0.29637602,0.9981741
-1.1099023,0.7561426,1.1704229,0.43516544,0.4940919,2.966454,0.24774565,-1.3803585,1.3409741,1.8573037,1.4930578,0.8362677,2.409825,2.5302622,1.2940601,1.1844343,1.7091075,1.4875684,1.6939332,1.2247919,1.2865254,2.4192643,1.9130844,1.6327261,1.0818368,1.1331244,1.5649637,1.2902043,1.4727991,1.5775952,-1.2182964,1.1445626,1.3946475,0.39716402,0.53359306,-0.48774147,0.46292046,-0.95900065,0.95043224,0.31408688,0.8745586,0.9222803,1.1293777,0.8226797,-0.059527554,1.4757406,1.3048111,1.3523989,1.4836136,1.427825,1.4552052,1.513526,1.3876472,1.1898674,1.2660915,0.1339458,0.5409255,0.9275846,0.78005344,1.5637567
-0.57040334,0.81329167,0.7796297,0.73581636,0.49273372,2.1063697,0.6452167,0.68807477,1.5448887,1.8462121,1.8787651,1.4996003,1.7981107,2.3307066,0.14693744,1.1482308,1.1760978,1.1649494,1.3148129,1.2485113,1.3188037,2.471488,2.1355426,1.0659939,0.6481161,0.9609622,0.15472142,1.3033718,2.1632125,1.3216271,-1.4664286,0.7094154,0.7386802,-0.06075976,0.6016085,-0.31434464,0.17636713,-1.1494203,0.4144874,-0.78679335,0.22881673,0.7965074,1.1924334,0.5049536,-0.43867934,1.0354817,0.8020278,0.5597111,0.7991452,0.9632028,1.4569861,1.6011964,1.5162047,0.7924952,0.9418817,-0.1835798,0.065349266,0.8209139,-0.12804927,0.87722737
-1.1306614,0.7690452,0.80565107,1.1519735,0.48820642,-1.155374,-0.051834546,-1.8095546,1.3002342,0.78185636,1.6452992,1.5786818,2.152559,1.3588092,-0.39819944,1.0156485,1.5119592,1.581712,1.3394201,1.357054,1.7959063,2.0042055,2.0856571,1.7696195,0.8401092,0.6564607,-0.31417915,1.2877156,1.1795377,1.4120069,-1.671502,0.88090205,0.4144341,0.52631366,0.43077463,-1.2865912,-0.46527576,-1.6039923,0.8943208,-0.69657767,0.6667953,1.414156,0.92614514,-0.17671508,-0.67714626,1.1710769,1.0475584,0.3399659,0.4602353,0.9968349,1.0175607,1.1688002,1.1578608,1.1561712,1.1198446,-0.638756,-0.42466912,0.85946006,0.2601464,0.6458035
-1.8807994,0.8969737,-0.0013448392,1.0413352,0.4877537,0.0011208904,0.20065135,0.6157346,1.6189101,1.902777,1.8995417,1.5902892,1.6014743,1.9349757,0.6892252,0.9307525,1.8586624,1.2232622,0.84138167,1.2036314,1.6746453,2.0634432,1.6285052,1.647438,1.3215737,0.3632407,-0.29987848,1.5807035,1.9359733,1.1113762,-1.2264533,0.66741025,0.60046035,0.4764367,0.47513956,-0.3664476,-0.39778697,-0.9192109,0.68687284,-0.27006736,0.53082186,1.2229564,0.7799975,0.15119883,-0.5075748,0.9475771,0.9192132,0.5648288,0.70480907,0.7805206,0.70179635,0.40234998,0.48955265,1.0089208,0.6954299,-0.66389906,0.0832907,0.6107306,0.3401777,0.74820036
-1.9481728,1.7129581,1.047072,1.4152988,0.48549002,0.1916917,0.4940096,-0.6852555,1.6776556,0.6393242,1.4749798,2.2034369,1.8831627,0.77178913,0.6373468,1.2638102,1.2256283,1.1979845,1.4566597,1.5157812,2.112843,1.7674474,2.092093,1.4392328,0.9144202,0.10514831,-0.71917725,1.5533547,0.9834514,1.5200155,-1.6092426,1.0585345,0.92832977,0.40998197,0.6115797,-1.0997407,-0.08228587,-1.5052077,0.80491126,-0.5258101,0.67886835,1.4487356,1.5595856,0.23696306,-0.53912705,1.2086079,0.94800764,0.95644814,1.1346182,1.1674066,1.3545756,1.5401565,1.4860115,1.3190343,1.0418758,-0.6175859,-0.2037355,0.97295,0.34717408,1.2709605
-1.2777286,1.3515755,0.23795617,1.0843244,0.4786991,-0.324017,-0.40551108,-0.9818167,1.513655,0.91663533,1.468972,1.7515011,2.0641937,-0.03041031,0.18395144,1.2731047,1.1634488,0.9328678,0.99093807,1.3551254,2.029111,1.9856905,1.9571354,1.8716614,1.1420329,0.16099077,-1.3835027,1.8256482,1.5230836,0.8995413,-1.7894433,0.88564587,0.99729025,0.54108465,0.49578774,-1.1709366,-0.20282507,-1.6314408,0.91543704,-0.19601092,0.91979754,1.5465288,1.4202731,-0.16733706,-0.23758554,1.1681283,1.2513381,1.113361,1.0048683,1.2533092,1.5403512,1.74754,1.6576864,1.4110849,1.282043,-0.5704559,-0.25297156,0.8983904,0.65079504,1.1124778
-2.0071113,1.4408258,-0.4973831,0.8846027,0.48277366,1.6167338,0.19311671,-0.9578886,1.0641611,1.4936314,1.9069175,2.0066254,1.6926255,0.9208813,0.17318739,0.86120194,1.270753,0.86834043,0.31643105,1.5394329,2.0602596,1.9455217,1.5860828,1.7976401,1.5941769,0.41249898,-1.0154641,2.0492454,1.9256154,0.6521676,-1.6261032,1.0794697,0.9059077,0.57690805,0.28823447,-1.2573522,-0.4041253,-1.6080419,0.94423926,-0.09165863,0.88057166,1.3130417,1.4991367,-0.16790009,-0.04113508,1.1160778,1.0800983,1.1577208,1.0871446,1.2559935,1.432336,1.6143601,1.5500402,1.2226812,1.1438006,-0.80172473,-0.43055248,0.80867213,0.5628002,1.1491987
-1.277482,1.4919666,0.78686935,0.9515025,0.48684824,0.53861296,1.1404887,-1.8937837,1.495582,1.838844,1.9856666,1.6478187,1.9132785,2.1080759,0.57694936,0.96654093,1.4501597,1.9085604,1.6612946,1.4801189,1.4337171,2.18177,2.0980153,1.8514705,0.4872786,0.06816033,-0.3165489,1.7550193,1.6744932,1.7364348,-1.516214,1.1596007,1.3555224,0.5301477,0.49420452,-0.23841178,0.61991435,-1.0732187,0.75774455,0.20838131,0.8806033,1.2654638,1.694387,0.98798335,0.1381057,1.1805068,1.111467,1.6187857,1.7049696,1.369911,1.5935781,1.7647243,1.6398611,1.4001,1.3146093,-0.22923143,0.28780764,1.2452163,0.8408637,1.7555047
-1.5442488,1.7877759,0.9321107,1.3781489,0.4786991,-0.5227812,-0.8829546,-0.987464,0.76581144,1.4971911,1.7071201,2.1293693,0.99292535,0.11270431,0.90571505,0.51744354,1.6552978,1.2940975,1.4462945,1.4944013,1.8724835,1.0808948,0.99230194,1.4543629,0.02971726,0.2125545,-0.5703408,1.2986104,1.4730043,1.4089388,-0.79645884,0.6294513,0.93383867,0.913767,0.52466226,-0.83226013,-0.37643698,-1.0723405,0.6137819,-0.42593035,0.5077277,0.49708757,0.9217116,-0.65593433,0.47743398,0.33768857,0.9695868,0.7676664,0.7174392,0.66277176,0.67104924,0.4960569,0.64102757,0.79219514,0.23714699,-1.1586348,-0.255377,0.4120653,0.07108014,0.8364506
-0.27069163,1.8121365,1.3442985,1.1887672,0.42889878,-0.6873609,0.24835882,-0.5449867,1.4380798,-0.6461875,0.6178866,-0.5713366,0.07487211,-0.505926,1.3045738,-0.48124915,0.61922175,0.6674646,0.29375276,0.49898565,0.08696715,0.020949777,0.66074413,0.9948096,-0.6464818,0.28023255,0.5217444,-0.9757444,-0.99392,0.5215609,0.05507482,0.08659171,0.6019504,0.039776906,0.007763087,-0.33317572,-0.5734163,-0.6160392,-0.32876965,-0.3225503,-0.30477688,-0.21226123,0.1865797,-0.29049525,0.64037853,-0.42734408,-0.061776794,0.61855847,0.56736976,-0.26083112,0.00553321,-0.044038832,0.07533872,-0.17539774,-0.4391622,-0.6302998,0.012457203,-0.27752674,-0.49182376,0.49510756
-1.6215332,1.0713485,0.56631535,0.66377336,0.47915182,-0.89483595,-0.16486943,-1.1507921,1.9254482,0.00465123,1.4812044,1.7668355,1.765452,-0.3083342,0.6224204,1.223876,0.95810705,1.1730585,0.726634,1.2364788,0.9111036,2.0477889,1.8867377,1.674212,1.3442605,0.41864553,-0.88412017,1.6446656,0.6224031,0.7414132,-1.6789389,0.8584641,0.93688893,0.6931784,0.51593757,-1.1776634,-0.13922405,-1.5203444,0.8238133,0.035397127,0.9816517,1.1360403,1.8984275,-0.006041143,-0.34967712,1.1849159,1.1690184,1.0823871,1.0459406,1.2553371,1.7195086,1.9455972,1.9079366,1.3630317,1.2182289,-0.21165605,0.04796183,0.85277295,0.6894345,1.2394476
-1.9832829,1.004789,-0.47836593,0.9672619,0.47915182,-1.9410172,0.17912203,-1.894653,1.8460729,0.86348474,1.0089495,1.772026,0.94070023,-0.44784284,0.43217725,1.1081816,0.5965823,0.5358298,0.18899155,1.4309411,1.6881292,2.349941,2.2386043,1.6687613,1.2971432,0.8540029,-0.88569826,1.1077776,0.70061123,0.34385458,-1.8350457,0.60026085,-0.41829115,0.9072583,0.47474855,-1.3898335,-0.31863606,-1.5487957,1.2995304,-0.86932176,0.67101544,1.1306934,2.0764868,-1.2823848,-1.1554694,1.2577912,1.0528111,-0.4626194,-0.5308223,1.1141865,1.724847,1.9166526,1.7471712,1.217411,1.1601236,-0.7509535,-1.4006972,1.2139595,0.3875724,-0.22869109
-2.0430648,1.3326623,-0.09341099,0.51814,0.47552997,-1.1463444,-0.20795728,-1.9371587,1.6172683,-0.41369444,1.518853,1.7059228,1.2635549,0.04565135,0.89799505,1.2005968,0.968155,0.56133974,0.4187495,1.175896,0.9416298,2.3487144,2.3546705,1.7153101,1.1118809,0.8694896,-1.1772457,1.2261701,0.3393825,0.29450288,-1.6363078,0.9055555,0.29449955,0.82285374,0.3738532,-1.1700493,-0.06664067,-1.4295824,1.1218526,-0.25163403,0.90465236,1.1872151,1.5893551,-0.34966695,-0.6633033,1.194401,0.9185305,0.473227,0.34016633,1.1832025,1.3641398,1.6702415,1.6191019,1.4119868,1.12741,-0.511182,-0.690549,1.0010276,0.6257414,0.47023645
-1.7985597,1.4511952,-0.3083929,0.94128793,0.47100267,-1.801319,0.4949859,-1.7496641,1.9006048,0.39246306,1.4092995,1.9852549,2.0724247,-0.042756837,-0.23952666,1.0302196,1.284524,0.55458,0.092868015,1.2546206,1.2509792,1.8972274,1.9484209,1.521136,1.1227672,0.68237984,-1.3708637,1.0478523,0.68641746,0.21076515,-1.626193,0.7167684,-0.08294606,0.815924,0.38260907,-1.0966419,-0.07419699,-1.5308806,0.9454626,-1.0066937,0.63884205,0.90857905,1.8800979,-0.719562,-0.73861974,1.0873059,0.6955187,-0.03158858,-0.056572877,1.0480738,1.4453796,1.5843755,1.5268947,1.0619957,0.9599728,-0.60283756,-0.8546056,0.90229535,0.13641651,0.22197075
-1.019471,1.3134426,0.7973218,0.30786282,0.48684824,1.7457513,0.022264184,0.7360581,0.9887633,0.73824817,1.2512009,1.3949257,1.5624202,1.9887092,0.0637259,1.0501592,1.4712446,1.3405917,1.5927342,1.2721522,1.7911782,2.1009743,1.982042,1.6465403,1.3203573,1.116816,1.3565704,0.62332374,0.8105565,1.5834143,-1.1577898,1.0316634,1.1542994,0.47060135,0.46859115,-0.2564661,0.4345832,-0.51782393,0.63134074,0.0545201,0.7830676,0.81606394,1.2420802,0.7462852,0.16453245,1.0061224,1.0305502,1.316365,1.407618,1.156263,1.170902,1.1358203,1.1907964,1.0226487,0.69573516,-0.26879925,0.6857122,1.1468458,0.5309995,1.4605346
-1.2864252,1.5975556,0.87799215,0.26611602,0.49273372,2.391766,0.81941265,1.7020446,1.2959168,1.98453,1.2336967,1.8184199,2.222575,2.85236,0.14699817,1.2004831,2.0557346,1.4550995,1.8258328,1.5631149,1.4133506,0.1530618,0.02502273,0.9896863,1.2795589,1.108014,2.100105,1.2970222,1.8611382,1.7129209,-0.9982959,1.1516861,1.4345318,0.43830088,0.62518597,-0.3289919,0.5719245,-0.6412456,0.6840896,0.86619747,1.0747592,1.0597508,0.4959766,1.1004003,0.6264305,0.8970486,1.2546418,1.6566092,1.6286155,1.0055338,0.5004134,0.41440552,0.3965093,1.1955094,0.8153727,-0.06928287,1.4185266,0.77462876,0.9409094,1.6501683
-1.7590213,1.329139,0.5981134,0.8064962,0.48594275,0.5228325,0.30557272,-1.7157637,1.6223598,0.28252232,1.0005426,1.1286199,2.0541456,1.3053892,-0.20373969,1.3000865,1.5493588,0.9429713,0.9669937,1.1979246,1.5208185,2.6451037,2.9404845,1.6870351,1.716596,0.39788345,-0.4963401,0.76723135,1.5702759,0.94029677,-0.94455373,0.706663,0.42596087,0.43320772,0.44523674,-0.55727905,0.11069217,-0.74761367,0.8110964,-0.34776142,0.5913063,0.62869245,0.87138975,-0.012312278,-0.6877594,1.2712779,0.88999325,0.3377202,0.45396954,1.1130556,1.2072432,1.4551367,1.3011366,0.7873909,0.8797252,-0.37268695,-0.47581455,0.7655553,0.19153011,0.5037884
-1.7172688,1.365761,0.5171992,0.9718838,0.4850373,-0.098629124,-0.23713103,0.35558546,1.7849606,0.59536034,1.26345,2.05432,2.2700562,1.5709919,0.035129048,1.543395,1.6336476,0.7852252,0.37652725,1.323814,1.2978541,1.3379116,1.6079106,0.8506417,0.9475736,0.82078993,-0.8560032,0.8609686,1.5031174,0.5341828,-0.9098294,0.892151,0.7439348,0.39697793,0.5172197,-0.85657823,0.038314085,-0.8324055,0.77320266,-0.19741638,0.47489807,0.87469304,0.7206534,0.11108595,-0.34484065,0.99842983,0.79710233,0.61711913,0.71597534,0.97599566,0.9578451,1.0680528,0.98990303,0.8415249,0.76481575,-0.11011238,-0.19842845,0.5605896,0.2681869,0.84996116
-1.7210644,0.5417437,0.90604466,0.6695776,0.48549002,0.20328014,0.45704108,0.05561206,1.2233696,0.1438683,1.4226893,1.8710992,1.6535364,1.6580096,-0.062319152,1.2463294,0.9766591,0.953963,1.4678499,1.2347902,1.7191368,1.8277864,1.6218988,0.6913535,1.0678325,0.93082726,1.8378462,1.0877571,1.1622318,1.5455381,-1.2659596,1.1608654,1.0048655,0.7285342,0.44771212,-0.70468,0.31507918,-0.91091424,0.7802237,0.00983952,0.8238462,0.76881826,0.69905394,0.9322168,-0.07023622,1.2985538,0.8611765,1.301122,1.392024,1.2135342,0.94654715,1.0650506,0.9048995,0.9245437,1.007077,0.08440511,1.2367646,0.90452194,0.4912707,1.2870318
-1.7978216,1.51341,0.81978357,0.29297915,0.49047005,1.4878191,0.88100034,-1.7492294,1.465439,2.1893883,1.709783,1.6501623,1.3213648,1.8044368,0.7209499,1.0837045,2.3760371,1.2608311,1.4293798,1.2283568,1.6307744,1.7606628,1.7909453,1.969778,0.8661728,0.88748014,0.6303234,1.2671319,1.9323314,1.39333,-1.0127271,0.9451239,1.3492212,0.29173544,0.6041991,-0.08158293,0.6324747,-0.5121735,0.66738063,0.7735039,0.63708645,0.831993,0.96566266,1.6186754,0.5749118,1.0173279,1.2758908,1.5218313,1.6564032,1.2838141,1.1198913,1.115037,1.0435534,1.1360065,0.72562385,0.1410781,1.10415,0.8536298,0.86588055,1.6830434
-1.3332546,1.5315793,-0.568131,0.7725761,0.48458457,1.0596796,0.085182495,0.3676533,1.5651602,0.172954,1.5014668,1.5532737,2.09972,1.4420849,0.10344798,1.0130719,1.5724244,0.46764287,0.4571416,1.5024946,1.6193496,1.896135,1.6658622,1.6071872,0.91543764,1.0181876,-0.5903779,0.54418117,1.078645,0.37203974,-1.5143129,0.79926676,0.71583694,0.28285092,0.46113038,-0.9083943,0.26108646,-1.4914573,0.7839656,-0.063291974,0.815582,0.9020016,1.5738279,0.26479843,-0.6193354,1.4021149,0.8180704,0.68385094,0.6516986,1.2718439,1.7099413,1.9140418,1.7935154,1.0156989,1.2242957,-0.015890151,-0.3098048,0.88567495,0.7115503,0.9248288
-0.8794942,1.167584,0.4058979,0.44429663,0.4895646,2.4135988,0.48784125,0.7949249,1.712498,1.2456908,1.2732779,2.2298682,2.718486,1.9849528,0.56101424,1.1216222,0.9974217,0.78147215,0.71529055,1.485419,2.3196387,1.7647079,1.7189405,1.8779688,0.85859054,0.8447635,-0.41770056,0.79700744,1.3212783,1.0660037,-1.3151,0.9365769,0.96056604,0.4042805,0.61178404,-0.516748,0.07523425,-1.14191,0.6557553,-0.24705037,0.53297275,1.1182173,1.0192255,0.63087934,-0.051112324,1.0894762,0.9119321,0.9748848,1.2028605,1.0239593,1.1331034,1.0475768,1.0354857,0.88873494,0.9218088,-0.18826614,0.21117061,0.5899211,0.23056422,1.2408551
-1.0259278,1.2070428,0.4145517,0.7866166,0.48684824,1.6366745,0.3888107,-1.1338993,1.2542335,1.3197955,1.4817379,0.96842164,2.4167974,2.4117043,-0.09146002,1.3247845,2.1561296,1.2440288,1.1948143,1.2074943,2.227915,1.1276205,1.2018247,1.6983619,1.3438994,0.335126,-0.45200828,1.052664,1.0188946,0.9693679,-1.0300761,1.0560324,1.0475248,0.5303819,0.5515495,-0.17659818,0.19327804,-0.70936894,0.89145786,-0.06985208,0.66284233,1.05178,0.38473588,0.78382283,-0.35642675,1.1677636,0.79859626,0.8855182,1.186433,1.1435782,0.7309004,0.72997487,0.67563605,0.7622798,0.77274626,-0.016030598,0.3156342,0.58860403,0.24299344,1.1857804
-1.6905936,1.746942,1.1659653,0.64149755,0.48820642,1.7888252,0.7115811,-0.82046473,1.2927809,0.92132306,1.5884342,1.1111625,2.0749164,2.350663,0.8168851,1.2296594,1.5187027,1.3901683,1.6757556,1.3386227,1.5688362,1.3620013,1.4086211,1.3206375,0.5361851,0.87135094,-0.33762565,1.2439499,1.3929822,1.6089238,-0.86807966,0.9379413,1.0239695,0.6088427,0.4399485,-0.37863633,-0.017933533,-0.68073857,0.5962187,0.12401789,0.811788,0.9460025,1.0069108,1.0269431,0.23591438,0.66271275,0.7327591,1.0768288,1.2353697,0.8686507,0.7154262,0.58594,0.67525285,0.82544947,0.5400652,-0.40960428,0.2692995,0.36509234,0.44155112,1.1885206
-1.2587441,1.2407596,1.2540268,1.1649692,0.4850373,0.15025295,-0.07849431,-0.7983298,1.510845,0.5616306,1.1356771,1.9767658,1.8722378,1.1494595,0.2730538,1.1802173,1.5532376,1.8251446,1.6835485,1.3384737,1.865425,1.881661,1.5713912,1.3967471,0.8455787,0.42830357,-0.5886445,0.94759643,1.4246863,1.5217732,-1.5727617,1.127421,0.8428209,0.5772721,0.46882623,-0.91969323,-0.22883314,-1.0998775,0.8065355,-0.47657508,0.65984267,1.3349459,1.0521256,0.21612585,0.08605578,1.0816967,0.762465,0.99618405,1.1978976,1.1002455,0.9220006,0.8988004,0.8952048,1.2107352,0.9121961,-0.5437871,0.30341434,0.9731799,0.2536072,1.1150447
-2.0110126,0.8769703,0.60631436,1.0094011,0.48549002,0.013514388,0.22245997,-1.2637098,1.2518888,0.71057487,1.8070866,2.2902138,1.6719582,1.1909834,-0.028302856,1.3320065,1.6300251,1.1317625,1.2545327,1.3286262,1.9142479,1.6426936,1.3953961,1.6901845,1.2064223,0.7904606,-1.0138627,1.5640161,1.8440188,1.3159064,-1.6422623,0.99517024,0.9042206,0.48690367,0.551457,-0.6371984,0.21083832,-1.0624474,0.7999531,-0.19172795,0.77562225,1.3092514,1.4781325,0.2428163,-0.33180255,1.2998407,0.9699601,0.920148,0.98906213,1.2787899,1.4608102,1.6525793,1.5766107,1.3160508,1.3265884,-0.3573001,-0.2530314,1.0500613,0.5339964,1.1157951
-1.1461979,1.2699124,0.92471516,0.19146205,0.48684824,1.9265682,0.64198446,-2.0159116,1.3396133,1.2975113,1.651348,1.8477099,1.6908958,1.870173,0.48880336,1.2060906,1.6344724,1.4153477,1.5925506,1.4996009,2.0883865,2.2895846,2.1506746,1.7017883,1.9451237,0.58108884,0.037884455,1.2427437,1.8237753,1.7373688,-1.0419922,0.9642168,1.1653037,0.37166584,0.4628573,0.10098197,0.73819995,-0.4033756,0.554984,0.31661618,0.73113096,1.0273759,0.86534667,1.4228966,0.10154337,0.9567392,1.0240543,1.2231092,1.3923396,1.2283657,0.9775179,1.2908528,1.2462624,1.0093364,0.8132367,0.26682693,0.36071485,0.81255794,0.5787353,1.4326552
0.13589191,1.8058449,0.74555176,0.4784542,0.48549002,1.7748635,0.20713115,-1.528147,1.257533,1.3359293,1.6550202,1.5444486,2.1661565,2.1481307,0.5413215,1.2570957,1.2447624,2.027469,2.0050218,1.6532682,2.1833558,2.2091165,2.10353,1.8859147,0.4233237,0.13551046,3.1011693,0.81856585,1.6112754,1.7916832,-1.0904233,0.9475421,1.1218117,0.48860025,0.6341988,-0.3838035,0.45212287,-0.7425373,0.5442946,0.30774942,0.9863028,0.79231566,1.194665,0.91598827,-0.18311366,1.0327837,0.7783377,1.3642449,1.4946615,1.2030561,1.2077049,1.218228,1.3042691,1.0250167,0.9332721,0.108444184,1.7902054,0.7861084,0.7159286,1.4434347
0.73442644,-0.8715894,-0.82645977,-1.1989083,-2.0873752,0.052896447,-0.8517896,0.2479324,-1.3858103,-0.79912037,-1.6884325,-1.239028,-0.42358017,0.020619726,1.1234031,-1.3546063,-1.1565317,-0.68423724,-0.72938144,-1.0632194,-0.19771361,-0.5701193,-0.5313378,-1.3000576,-1.1561341,-1.0456461,-0.4847994,-0.31769672,-1.2300119,-0.6681673,0.15360576,-0.1663026,0.46168673,0.042717434,-0.16574456,-0.41117316,-0.7119946,-0.413504,-0.4458262,-0.060108125,-0.54398334,-0.63381153,0.06101147,-0.25327948,0.6783377,-0.7063786,0.02093731,0.39004308,0.2839005,-0.48884782,-0.22213931,-0.058850694,-0.027030246,-0.5161498,-0.6583851,-0.89221156,-0.1527994,-0.6026553,-0.47848454,0.21798313
0.7526668,-0.85101634,0.10412638,-1.1871253,-2.0701714,0.06399756,-0.8457596,0.26088405,-1.367888,-0.35079196,-1.6742244,-1.223016,-0.40347844,-0.6395876,1.15878,-1.3429378,-1.126923,-0.82878256,-0.83591485,-1.4962605,-0.70649844,-0.5577655,-0.51642454,-1.2851114,-1.1394737,-1.0277189,-0.46650326,-0.9308347,-1.2205075,-0.901621,0.26804513,-0.25169432,-0.18084669,-0.12154741,-0.61797374,-0.12204704,-0.6254861,-7.347856e-05,-0.4747661,0.20235105,-0.5614914,-0.5609048,-0.12602699,-0.46417287,0.6559145,-0.699599,-0.25385857,-0.16975355,-0.2789395,-0.6818467,-0.34114748,-0.33331797,-0.26629317,-0.5205597,-0.5736537,-1.005007,-0.4385309,-0.4118556,-0.124125175,-0.424656
-1.4428197,1.3433342,-0.3639006,1.8925495,0.46194807,-1.5455538,0.19481942,-1.4629892,2.1447918,0.45407793,1.2352558,1.872383,1.8142682,0.19584867,0.37896842,0.97620326,0.5770457,0.72759587,0.3156663,0.2719964,0.1895154,0.7532552,0.7599969,1.2541656,0.40067363,0.69675267,-0.6064675,1.079416,0.943226,0.11531472,-1.2584944,0.6417831,-0.08628629,0.7533632,0.26362208,-0.9184126,-0.050131008,-0.9992157,0.8282493,-0.48018834,0.5514149,0.74105597,1.0997618,-0.6257399,-0.15060629,0.79305017,0.5920796,0.09284931,0.014077625,0.68374264,0.7528031,0.82461464,0.8598669,0.9028778,0.75326484,-0.5583352,-0.52503663,0.8307411,0.2569802,0.18709682
-1.9337282,1.5890896,-0.5501581,1.7877709,0.47507724,-1.1221257,0.38822648,-1.8557111,2.4687483,0.78296137,1.5983167,2.3686898,0.8700127,0.03777609,0.3839234,1.4591935,1.4366828,1.1699039,0.34849328,0.9907,0.12935822,1.5716249,1.3908194,1.2054011,0.9057597,0.61680436,-0.6793864,1.6755831,1.2078776,0.30218023,-0.9587501,0.99363875,-0.14628038,1.173382,0.35541075,-0.6062029,-0.13226154,-0.57351035,1.2637016,0.0184013,0.68845075,0.5155319,0.6593604,-0.44451013,0.21011338,0.81671655,0.7040914,0.10654393,0.015957972,0.6662842,0.38686362,0.697207,0.6745867,0.9425598,0.5935,-0.5648363,-0.60220057,0.64951694,0.48897877,0.033894464
-1.8197522,1.343654,-0.44947267,1.3486216,0.47507724,-1.8224221,0.26939303,-1.7632241,2.221502,0.36686754,1.3889697,1.6028045,0.15002646,0.0032418133,-0.12129953,1.1754014,1.7073269,0.5313654,0.49106956,1.2023422,0.709401,1.7555233,1.1700482,1.643295,1.2343843,0.5302245,-0.8764758,0.2398298,0.7672393,0.40383747,-1.4473685,0.72574013,-0.10795028,1.308481,0.38566482,-1.1159251,-0.4480144,-1.410565,1.5124626,-0.251236,0.6615179,1.096892,0.6998235,-0.6835411,-0.30542198,0.91705644,0.8738539,-0.00884132,-0.07886194,0.8358297,0.5822512,0.46629152,0.38534287,1.0456053,0.7656301,-0.88625884,-0.7325781,0.5964002,0.439702,0.010186298
-1.9025192,0.8346654,-0.60280305,1.2702028,0.4714554,-0.7722824,-0.032806844,-1.4251785,2.0114355,-0.4379142,1.7270725,0.8483338,1.2991456,-0.1671001,-0.31195155,1.0770895,1.5447222,0.38153473,-0.39391974,1.0229743,1.0679362,1.974309,1.767877,1.8218458,0.99245316,1.2143711,-0.8745032,0.10687871,0.37378478,-0.09410041,-1.6023964,0.80231833,-0.46524185,1.1948595,0.34220707,-1.0972419,-0.27569917,-1.1154208,1.5822701,-0.21630295,0.75469327,1.0066241,1.0823048,-0.53396964,-0.63844067,1.2120008,0.99754494,-0.43793663,-0.3993241,1.0208644,0.8916582,0.9951106,0.9441113,1.1959965,1.1363615,-0.6943434,-0.7681215,1.1509008,0.718009,-0.3011049
-1.0053673,-0.4706134,-0.32520762,1.6165509,0.45108256,-0.27352136,-0.42951497,-1.1226825,1.6705831,-0.36617804,1.2824959,1.9162008,1.7335767,-0.5519067,0.5271725,0.22553821,0.71989393,0.66171116,-0.51495844,0.7723787,1.5342059,1.779994,1.7302654,1.4716027,0.6976969,1.1418107,-1.0172268,1.5310622,0.19892572,-0.020053444,-0.76140255,0.7000868,-0.07450978,0.8898256,0.3835842,-0.72366476,-0.27521074,-1.0217333,0.75936687,-0.48122123,0.4839693,0.5310242,1.0199883,-0.6155844,0.08625672,0.49834263,0.5041577,0.08883724,0.036238357,0.5495494,0.65056664,0.7974036,0.70973647,0.7485506,0.51485497,-0.72558,-0.53746784,0.6432379,0.12931478,0.15658681
-1.9020975,1.2324685,0.7324806,0.4204849,0.4850373,-0.25801432,0.0928451,-1.825027,1.3690325,0.29563022,1.3782405,1.827769,1.4301791,1.1899407,-0.22025478,1.3783929,1.9761546,1.37245,1.2538213,1.3940685,1.8613276,2.5584893,2.4225152,1.8982786,0.9599153,0.68397516,-0.90671927,1.1202788,0.4225357,1.2482337,-1.6059198,1.0450445,0.8131673,0.4563764,0.5842235,-0.88227916,0.2502376,-1.4404367,0.9912251,-0.27120185,0.7948455,1.0404357,1.7600735,0.113008775,-0.58546764,1.5459211,1.2025279,0.77844733,0.82191944,1.3745382,1.6674434,1.9755026,1.850502,1.4153055,1.3195074,-0.23804562,-0.45991203,0.9424439,0.5927618,0.9937843
-1.0360795,1.1129974,0.5528128,1.0328869,0.4786991,-0.43928534,0.01370668,-1.8177254,1.2291088,0.5295563,1.2472806,2.2147164,1.9604648,0.7925094,-0.17075767,1.1430287,1.0942498,1.1018126,1.1349571,1.4411439,1.8164669,2.4857738,2.1447535,1.4499581,1.4874238,0.86591023,-0.47508422,0.877689,0.87295866,1.0321267,-1.106458,1.0391911,0.80721056,0.5970563,0.5808537,-0.30160642,0.6896332,-0.5663906,0.9403488,-0.00018352829,0.7516004,0.88162136,1.1053303,0.85903233,-0.22849828,1.3584812,1.1070453,0.7734158,0.87538725,1.4284301,1.2616118,1.6050671,1.4472157,1.0178987,1.0486143,0.10350838,-0.039127663,0.8508643,0.5196045,0.90147597
-0.921771,1.3533516,1.1947384,0.8625725,0.48684824,1.0751629,-0.70001024,-1.7628764,1.4343626,0.2912101,1.4332893,1.5886167,2.469684,1.604738,0.7086412,1.029309,1.869598,1.8310552,1.5628338,1.4037213,1.4781357,2.0659897,1.6945589,1.300375,1.0877063,0.9148273,1.2192976,2.082779,0.9168675,1.3448712,-1.0673262,0.71171725,1.1234152,0.30944756,0.5403307,-0.26770595,0.652434,-0.8041703,0.63930374,-0.07760429,0.49492183,0.9382346,0.9386913,1.0478885,-0.19571728,1.0388418,0.87379104,1.0559547,1.1925342,1.1724836,1.2551441,1.3312464,1.1556574,0.89286816,0.8995086,0.15730251,0.22253904,0.82093143,0.43023592,1.2771009
-1.7766291,1.357359,-0.45724985,1.4875053,0.48277366,2.2644515,0.3108092,-0.7334742,1.885613,0.24666469,1.6733524,1.6643066,1.8459518,1.5743954,-0.60747504,1.1203232,1.2933189,0.41040865,0.30565792,1.4561247,0.8163588,1.7113848,2.0082295,1.3810005,1.4983382,0.6497268,-0.7486886,0.9391599,1.1413472,0.14090241,-1.0466528,0.6649131,0.36321563,0.57678956,0.46482068,-0.56463873,0.124384254,-0.6688929,0.9904022,0.13707256,0.7081567,0.972042,0.7825492,0.1428656,-0.30161434,1.161903,0.99806637,0.28005865,0.29138237,1.0621774,0.8904156,1.0037837,0.7646253,0.94865495,0.92030525,-0.25136563,-0.4190203,0.9295955,0.7071955,0.31140545
-1.7679833,0.9085321,0.55704165,0.82909703,0.48594275,0.97577333,0.28122398,-1.7233261,1.2045903,0.028407782,1.5782433,2.2980554,1.9463689,0.85513675,-0.8455997,1.283745,2.1752787,0.37217146,0.7015219,1.1327615,1.3448297,2.8811116,2.7552326,1.0756189,1.1321912,0.9058513,-1.0620487,0.71225667,1.0852255,0.44083914,-1.3709399,0.670161,0.77789867,0.4325215,0.56351966,-0.77285796,0.13127379,-1.0268896,0.82853603,-0.09363518,0.7351333,0.96542794,1.1253703,0.093901955,-0.23503217,1.1954529,0.83888227,0.6700992,0.64882475,1.2076241,1.2173271,1.4269116,1.3047324,1.1100196,1.1446326,-0.06482123,-0.4612463,0.8785265,0.6358155,0.72232264
-1.2242988,1.2324524,0.07318171,0.5070883,0.48549002,0.837248,-0.15819,-1.7108091,1.0816153,-0.2003032,1.7872621,1.8206644,1.897509,2.133838,-0.79375106,1.2841654,1.0168542,0.3361155,0.42980528,1.0473517,1.8017879,1.8384026,1.6411669,1.0926371,-0.08735004,0.71299756,-0.30648065,0.7042624,1.353851,0.56989765,-0.813417,0.5375645,0.28467268,0.7697531,0.523203,-0.64412963,-0.11203835,-1.0123377,0.99361575,-0.016027568,0.5254601,0.60348487,0.33184955,0.0024726856,-0.23048915,1.021237,0.5380053,0.2641612,0.25409046,0.8908055,0.48414326,0.4749601,0.3205082,0.7972127,0.6322644,-0.21027827,-0.405253,0.4632162,0.3770349,0.255711
-1.2246424,1.0519648,0.85415745,0.40208328,0.4895646,-0.07441326,0.024569754,0.9945871,1.3221135,-0.063743144,1.227805,1.4748757,1.405895,0.99633443,-0.9945767,0.96692693,1.3640051,1.9909135,1.7425144,1.2296951,1.593322,1.8339354,1.896824,1.3332629,0.5432412,0.45096916,1.7579627,0.9042318,1.0975294,1.5773559,-0.7652726,1.1217815,1.4453379,0.31596822,0.49743968,0.037227705,0.79650253,-0.42871168,0.55043304,0.7868635,0.973033,1.0536824,0.73951936,1.4616575,0.67296124,0.94910645,0.99846,1.7607495,1.6489263,1.0702732,0.7529584,0.75028545,0.67461115,1.0918092,0.72885275,0.2747845,1.1649863,0.65240455,0.94376665,1.6601231
-1.5829438,2.0310788,0.6529164,0.97738963,0.48639548,1.7228984,-0.19814943,0.83666706,1.250897,0.4543395,1.5069845,1.4437346,1.7284863,0.5928257,0.03769746,1.344981,1.521962,0.99554104,1.0877812,1.3439453,1.721776,1.3383206,1.334342,0.5896409,1.0829396,1.034425,-0.5138443,0.9066334,1.0582583,1.0540892,-0.74633944,0.48044425,0.3942444,0.49665353,0.41813046,-0.7311718,-0.36956167,-0.9195211,0.7046888,-0.19606802,0.29443583,0.5787274,0.43311867,0.22535911,-0.004810784,0.75257504,0.571196,0.42967027,0.5394961,0.619613,0.36783135,0.3088345,0.278199,0.6236322,0.4803371,-0.39152128,0.31625423,0.31352693,0.18574895,0.47744212
-1.6908045,1.6306449,-0.10118127,0.8277572,0.48549002,1.1318316,0.7484614,-1.6628271,1.334815,0.973733,1.3478452,2.1376016,1.097395,2.2182374,0.017465137,0.93724006,1.5241545,-0.0016765691,0.010846078,1.3147129,1.0545171,1.3767102,0.9840052,1.3031396,1.1210523,0.9017313,-0.7630311,0.5991732,1.4798957,0.19359557,-0.8535478,0.59197944,0.018443111,0.77008444,0.42118096,-0.10277551,0.18008938,-0.47955352,1.0291764,0.015331699,0.71478355,0.7716656,0.28723976,0.55738074,-0.11993051,0.92732704,0.67738324,0.036287855,-0.016679136,0.8076535,0.09328044,-0.032004096,-0.122549206,0.9132226,0.7710432,0.0066497494,-0.30638292,0.592033,0.46038336,-0.028315358
-1.6434639,1.3577108,0.35512984,0.75032634,0.48096272,1.2908721,-0.61563796,-1.0721663,1.4815787,0.3881723,1.3191828,2.083322,0.6804498,0.7140224,-0.34895322,0.86456317,1.187411,0.82441366,0.54861635,1.3358629,1.1408955,0.43483692,0.7971687,1.5528319,0.6234099,0.55662435,-0.5817822,1.478089,1.0531588,0.62062454,-1.0589365,0.55165565,0.47261047,0.77238363,0.50024414,-0.8288671,0.06746533,-1.0795677,0.79242676,0.10877497,0.74412847,1.0479735,0.13169937,-0.27067816,0.4271368,0.5515858,0.23902203,0.798979,0.5828431,0.7146312,0.34821042,0.26521903,0.12796523,0.7345073,0.76176363,-0.05892112,-0.16257405,0.30255398,0.42879465,0.529552
-0.06630103,1.126187,0.93371564,-0.08194717,0.4850373,-0.93119776,0.35239556,-0.6720625,1.6948507,0.7818205,0.79691887,0.8452634,1.4849782,1.6969166,0.61225456,0.89215094,1.8070272,1.5894964,1.9304339,1.326596,1.7039745,2.0491753,1.6816347,1.5859504,1.0674534,0.45632842,0.107814915,0.4134037,0.9865321,1.6555705,-1.1366736,0.7727993,1.2185762,0.43685243,0.5913317,-0.5011796,0.29732415,-0.86036336,0.74426174,0.39732873,0.80599135,1.0851638,0.8753155,0.95694643,0.38034225,0.85523814,0.86367595,1.3229824,1.3904818,1.0048368,0.9890377,0.77622855,0.74764496,1.0334407,0.7922469,-0.01874038,0.3831214,0.8337559,0.64491713,1.4327738
-1.8874419,1.6967939,1.3672626,0.36352468,0.48549002,0.5392117,0.54618126,1.203205,1.0870368,1.5288513,1.6350048,1.9232495,2.108068,2.44587,-0.1917904,1.0910196,1.2436477,1.4999694,1.8947883,1.478197,2.3021162,2.3168242,2.5818622,1.8698153,0.8927101,0.44544584,0.41710076,2.0007899,1.9544059,1.7390945,-1.3163224,0.89958483,1.1497523,0.37712383,0.54635525,-0.38497835,0.16458708,-0.9302615,0.7010091,0.06548187,0.68851155,1.0574595,1.2180744,1.004139,0.15349497,1.1868831,1.0360588,1.1848376,1.3446577,1.1249087,1.3244857,1.2618271,1.3359767,1.1451966,1.028944,-0.24412134,0.4088393,0.948812,0.55896384,1.4138772
-1.2133588,1.4611034,0.9031883,-0.6205817,0.48820642,1.3376309,-0.36509567,0.31697294,1.3671888,0.6817493,1.4789711,1.9223143,1.1124976,0.9925403,-0.26922774,1.4483312,1.2897284,1.827888,1.8461025,1.4110194,1.6429262,1.9383942,1.4523773,1.9911228,0.64859223,0.35946622,2.497482,1.0655079,0.9766882,1.8004799,-0.731554,1.1232146,1.2345933,0.22968805,0.6498648,0.082184464,0.74577695,-0.22320539,0.18643714,0.2313925,0.80481225,0.6646172,0.6427549,1.3856118,0.5174878,0.6951678,0.7619099,1.5790563,1.6671116,0.83538145,0.56521785,0.48698458,0.6887944,1.0480697,0.84801996,0.40518048,2.2743833,0.89000803,0.44936335,1.6111542
-0.91592133,0.88603693,0.6654323,0.67891794,0.48277366,-0.38411355,0.04324324,-1.2493805,1.1541374,0.6120984,1.450175,1.7481372,2.1837912,1.5010253,0.36919647,1.3846961,1.5154511,1.5825545,1.1320003,1.5762602,2.1314044,2.6473534,2.4850376,1.6977625,0.8993556,0.13187711,0.023503914,1.255091,0.66952986,1.2677418,-1.0592932,0.76380354,0.38484126,0.5135311,0.4205894,-0.46735924,0.20717129,-1.0915549,0.8095916,-0.52657837,0.5795891,0.8519297,1.5592523,-0.033203486,-0.30159667,1.0471213,1.1684697,0.23459172,0.27842766,1.0519459,1.3204479,1.6541725,1.5838515,1.1280856,0.90084535,-0.1924394,-0.9209841,0.9659469,0.19831456,0.5705063
-0.66110617,0.4733,0.5510249,0.7597559,0.47236085,-0.49849755,-0.3196115,-1.0572025,1.2031488,0.14834541,1.7642555,2.132346,2.1480315,0.33980274,0.30548227,1.014064,0.9561769,0.9685918,0.7443743,1.3926653,1.408657,2.5772657,2.3661826,1.8705354,1.4711798,-0.55499905,-0.26175845,1.0811652,0.52370745,0.97723514,-0.7974059,0.5063317,0.4819618,0.85616744,0.51578104,-0.63511187,0.25548494,-0.92198735,0.56937265,-0.27710518,0.60333073,0.4289771,0.7664278,-0.37053674,0.34195232,0.510258,0.48436195,0.67798865,0.54049295,0.762606,0.9010606,0.94826114,0.84837765,0.8072462,0.44369796,0.008141322,-0.3775572,0.7315433,0.32790977,0.7779852
0.7258861,-0.24227458,-0.8367025,-1.2062329,-2.1005042,0.046631463,-0.855465,0.24019618,-1.397736,-0.37325594,-1.6970807,-1.2483268,-0.060657367,-0.6578812,0.054786194,-1.3621594,-0.98558927,-0.6933203,-0.46906078,-1.5069665,-0.7305459,-0.35318935,-0.006301045,-1.3105422,-1.1669171,-1.0595574,-0.26346815,-0.9611712,-1.235303,-0.7559457,0.34246895,-0.4968483,-0.5604109,-0.16735241,-0.68571246,-0.281219,-0.95962226,-0.15371528,-0.40799776,-0.2205925,-0.83097667,-0.71236247,-0.32722497,-0.71159357,0.43383682,-0.744602,-0.65066516,-0.39941162,-0.52637136,-0.83449113,-0.44558915,-0.39831775,-0.36146834,-0.8319151,-0.8238923,-0.7775986,-0.28595954,-0.64406914,-0.6393722,-0.6768725
0.70300657,-0.91539335,-0.8549378,-1.2210414,-2.1199718,0.028605897,-0.8653427,0.22307219,-0.60750955,-0.391283,-1.7160126,-1.2683666,-0.46483058,-0.012444912,1.6531153,-1.3768781,0.19550246,-0.40454236,-0.4516383,-1.3290668,-0.7496192,-0.4683903,-0.5600797,-1.3302103,-1.1876038,-0.40124598,-0.5176453,-0.98464423,-1.2488899,-0.83227706,0.32147712,-0.37986308,0.03024951,-0.0729835,-0.15737604,-0.17776042,-0.48658103,-0.03486777,-0.2772603,0.35049865,-0.5029175,-0.3854363,-0.3652488,-0.33352476,0.60885745,-0.6414146,-0.20823883,0.08524616,-0.0904299,-0.6186449,-0.39658377,-0.39530784,-0.2901814,-0.4121834,-0.57164586,-0.48400593,0.07655688,-0.28137454,-0.066440456,-0.2010362
0.6956261,-0.9265166,0.39404625,-1.2268533,-2.1267626,0.026847305,-0.86700815,0.21707444,-1.0708255,-0.82914966,-1.523773,-1.2760245,-0.47435796,-0.35226795,0.71684635,-1.1637053,0.85573953,0.43133903,0.08114078,-1.4083815,-0.7564711,-0.6001405,-0.56600624,0.11227783,-1.1940366,-1.0922565,-0.5249202,-0.46331218,-0.6125226,-0.5368853,0.022963561,0.15285483,0.63758016,0.36180446,-0.113273114,-0.46824005,-0.48618782,-0.357981,-0.11899236,0.5895558,-0.08783132,-0.28915182,-0.4175045,0.0039225947,1.1120878,-0.23863645,0.21015412,0.8012181,0.6297395,-0.12958209,-0.15363523,-0.28353608,-0.1292828,-0.101108655,-0.30390477,-0.57576853,0.77301764,-0.23278794,0.15571398,0.45090795
0.72841656,-0.88113767,-0.8328227,-1.2037649,-2.0950716,0.049269352,-0.8545461,0.24263005,-1.3929589,-0.80408365,-1.6945008,-1.2457907,-0.4326364,-0.65656734,0.7755255,-1.3591818,-1.169842,-0.02651331,-0.2507345,-1.5056525,-0.7267576,-0.5753996,-0.53749675,-1.3066756,-1.1630297,-1.0540359,-0.49150798,-0.9571904,-1.2338985,-0.77695626,0.21754006,0.065687686,0.63736194,-0.23406616,-0.31561995,-0.07736791,-0.5768993,-0.32662857,-0.3955755,0.297272,-0.43782583,-0.38844526,-0.039178066,-0.23731989,0.47317213,-0.32253677,0.10099193,0.5217401,0.5197378,-0.48681012,-0.16761518,-0.17160606,-0.039350297,-0.17451893,-0.36766756,-1.0641073,-0.10096979,-0.37268043,-0.10233732,0.3517047
0.7464461,-0.85928494,-0.8178465,-1.1916634,-2.0765095,0.061469585,-0.847425,0.25619015,-1.3746978,-0.79083985,-1.6794571,-1.2289335,-0.4105978,-0.6438662,0.08946531,-1.3473196,-1.1383997,-0.7587526,-0.83964837,-1.016281,-0.7117691,-0.5628133,-0.52184755,-1.0914135,-1.1457213,-1.0341727,-0.47299403,-0.93774396,-0.84621906,-0.8065097,0.24743819,-0.20391501,0.22027571,-0.055785686,-0.48810452,-0.2026367,-0.74349964,-0.40412027,-0.48300496,0.21068391,-0.67940265,-0.5849913,-0.3537554,-0.4068894,0.765141,-0.77878577,-0.4226389,0.3818636,0.3095577,-0.82894003,-0.56162524,-0.62663174,-0.46913534,-0.56539655,-0.7113327,-1.2422783,0.08785657,-0.6495471,-0.28403258,0.06757365
-0.3255182,-0.0704028,2.1303666,1.1904217,0.4605899,0.4728957,0.37916318,0.11883427,2.2034023,1.3839033,1.9707168,0.52215135,-0.6673959,-0.1401119,1.649847,-0.29077145,1.880984,1.7287031,1.4990748,-0.4064097,0.32740536,-0.66705203,-0.9121814,-0.009264966,-0.5452473,-0.17151342,0.075774364,-0.8972231,1.1861523,1.604824,-0.33788756,0.3152748,0.49048325,0.31141898,0.34246713,-0.04507871,0.033261802,-0.10404876,-0.083262935,0.31325647,0.112428404,-0.15426153,0.34134576,0.31194034,0.79280365,-0.23270346,0.4509998,0.59410757,0.49651888,-0.12303374,-0.08228177,-0.033655964,0.037854474,0.1709092,-0.19334385,-0.38855204,0.043693155,0.12257278,0.20901865,0.50174457
-1.6592791,1.0929129,0.8535404,1.853768,0.46647537,-1.6961333,0.0016681688,-1.6368369,2.429891,1.3220425,2.1807246,1.1764241,0.27608317,0.15074264,0.79301244,1.0936608,1.0950725,1.9819784,1.1192194,0.52470183,-0.79395974,-0.6432593,-0.6283041,1.5929204,1.4331386,0.99706244,-0.2241837,1.1126794,1.3575011,1.0979004,-1.4817432,0.871279,0.42208916,0.7266132,0.3170526,-0.8202376,-0.25625718,-1.0381624,0.8166016,-0.61190623,0.63123995,0.8577349,1.7288423,-0.24002367,-0.48082548,0.7982405,0.654527,0.4249551,0.47958294,0.94543606,1.1971831,1.291602,1.389758,1.0428948,0.8603269,-0.53556377,-0.3692468,0.7328298,0.17994158,0.74362236
-0.3986317,1.1200602,-0.25432003,1.9007311,0.47190812,-0.23417345,-0.013773606,-1.3658084,2.5175052,-0.17190836,1.029053,1.4587877,1.4047763,-1.0016228,0.56236255,0.7153296,1.3442534,0.35600764,0.11680326,0.8875366,0.35383496,1.5482228,0.6119065,0.6379462,0.57482976,0.5743377,-0.39336196,0.8989991,0.8862888,0.017508192,-1.117503,0.7040015,0.06581551,0.63596946,0.2732216,-0.8445054,-0.4729446,-1.2034255,0.74279433,-0.97957355,0.30931666,0.66921693,1.238795,-0.61823523,-0.73732847,0.9705186,0.6218813,0.00951008,0.18699694,0.844296,0.9921049,1.2176713,1.2301443,0.60136044,0.72161585,-0.6983752,-0.3935242,0.6660778,-0.1689179,0.3321788
-1.4616928,1.2079906,0.5172438,1.3772154,0.46421173,-1.5684155,0.20891932,-1.482547,2.1904836,-0.40649095,1.1498541,1.6810678,0.40659556,0.63477176,-0.17932782,1.4400698,0.9712597,0.62710655,0.5413223,1.1941777,0.68276316,1.2395462,0.7867923,1.0787051,0.15943494,0.79509664,-0.38093835,0.09951254,1.3467627,0.68400586,-1.0420859,0.79613733,0.58344644,0.94816846,0.47358364,-0.55396384,0.1420641,-1.0106505,0.83176696,0.094197325,0.6803342,0.68297553,0.74380565,-0.060903132,0.40186197,0.5909415,0.91008645,0.6326942,0.65286356,0.8631204,0.5831212,0.644085,0.6684466,0.9177039,0.52196276,-0.25934547,-0.2593366,0.48198444,0.45158273,0.6639296
0.04134898,0.82974905,0.13692026,0.8423335,0.47281358,-0.93774045,-0.44250515,-0.80497587,1.317564,0.3012844,0.32730162,1.1582024,0.66225153,1.3404998,0.3545972,0.6464288,-0.08472668,0.020971533,-0.4535533,1.0142393,0.6824787,0.6770464,0.83237517,-0.050560117,-1.0048513,0.6115659,-0.24266031,0.79009044,0.43338925,0.4781534,-0.7909377,0.46552598,0.63021606,1.0423589,0.5002218,-0.9810396,-0.37117687,-1.1015445,0.9468059,0.5009327,0.6481393,0.4249938,0.65206915,-0.54128116,0.77522343,0.3895478,1.3033893,0.68769795,0.4656381,0.7104833,0.4531022,0.51710325,0.46905255,0.5996922,0.24334024,-0.62309176,-0.34213033,0.3209926,0.5903945,0.64066267
-0.763287,0.6902696,0.04628899,1.1051673,0.46738082,-1.0546868,-0.4013876,-0.9320585,1.4281914,-0.16033058,0.15530592,1.7515727,1.8038251,-0.7473132,0.16795354,0.49145833,0.8424925,0.9246614,0.5612725,1.3340858,1.1058763,1.7757168,1.2666827,1.093721,-0.72351265,0.82813466,-0.45726556,-0.2442278,-0.527391,0.7353922,-0.50242126,0.8278853,0.98894554,0.9033524,0.5423832,-0.40640762,0.29607928,-0.6060743,0.60973674,-0.041795567,0.6673595,0.46121493,0.8152241,0.05761296,0.8948981,0.32802963,0.9466165,1.1316795,1.0158767,0.74305636,0.50660926,0.5677531,0.63932025,0.7126556,0.32652184,-0.17462976,0.26543182,0.1641946,0.07887711,1.0389222
-1.8386252,1.1054478,0.82533634,0.5423075,0.48096272,-1.0247794,0.65237343,-1.04567,1.4847527,0.0633231,1.5740818,1.5596584,2.6254737,0.26607087,0.07112646,1.480176,1.8233346,1.1887043,1.4379262,1.5577177,2.2099166,2.2104218,2.186883,1.6881362,1.0976658,-0.017439881,-0.7215686,0.80023384,0.29353496,1.3708037,-1.4070898,1.3748517,1.4295549,0.31940606,0.59022605,-0.3795183,0.6966304,-1.0732937,0.8875985,0.49158257,0.9052614,1.3669348,1.3492156,0.9086975,0.26023474,1.3995016,1.4177313,1.6506126,1.7308618,1.5072176,1.5455574,1.2950746,1.327129,1.601559,1.2203145,-0.019544363,0.4620029,1.1908042,0.8896938,1.7489277
-0.32492444,1.1561092,1.2982229,0.65541434,0.48186818,-0.30082595,0.8302271,-0.7141103,1.2236937,1.035084,1.5410066,2.186277,1.704504,1.5626839,-0.26834223,1.3912263,1.7568383,1.5494267,1.8392438,1.3468585,1.7711569,2.5078516,2.149659,1.8174105,1.6503263,0.50832367,-0.4661263,1.6516348,1.2666962,1.5708245,-1.1507332,0.9876573,1.13698,0.33885866,0.55032796,-0.37910005,0.57790905,-0.71498847,0.8270486,0.13016716,0.76618207,0.97785676,0.9573402,0.77385014,-0.07164527,1.2798307,1.2429919,1.0641956,1.144706,1.2964524,1.135708,1.338127,1.215722,1.0142022,0.9828884,0.15506771,0.27010328,0.9458427,0.57422215,1.2953138
-1.1248883,1.0367528,0.91841346,0.43376803,0.49363917,1.4689118,1.5150903,-1.0980046,1.4446255,1.9926704,1.5091802,1.5878277,1.1343416,2.332824,0.20578662,0.9430895,1.7197986,1.9573467,1.5353421,1.4124757,0.94171554,1.1401736,1.9683955,1.323673,0.96183306,0.9793161,-0.3578086,1.1264614,1.4970573,1.5417838,-0.7003751,1.0748279,1.8450974,-0.06204369,0.6116553,-0.024017362,0.11172396,-0.7496902,0.563495,0.5029559,0.4450972,0.796758,0.673447,1.4521203,0.42458308,0.7118078,0.9103341,1.6922966,1.8677478,0.8505977,0.89097434,0.8301938,0.9284708,1.0247571,0.5482697,-0.25350347,0.68859667,0.48107117,0.71182466,1.8659855
-0.3879779,1.4649386,0.54211897,0.51916015,0.48639548,3.3369546,0.83658385,3.1654434,1.54498,0.863801,1.2366154,2.091407,1.0618855,1.8380574,-0.46458444,1.4650545,2.5261407,1.1133876,1.2167324,1.0694106,1.7894012,1.8480576,1.7476932,0.6674896,0.53371185,0.97831285,0.041388277,1.0015209,1.0154396,1.1433879,-0.63335645,0.97772884,1.0521753,0.33415094,0.5128462,-0.06041631,0.33014104,-0.6066711,0.86090726,0.09253562,0.6543492,0.86340064,0.18039136,1.0514808,-0.105167,1.0604144,0.83059895,0.84768605,1.0549577,0.94570595,0.28192592,0.16308576,0.13048801,0.8422282,0.64092624,-0.10808976,0.36576435,0.37588057,0.30849454,1.1067469
-1.7778943,1.6510315,0.5185692,-0.10917114,0.49047005,0.58691406,1.1697023,-1.7328008,1.5026028,0.4892028,1.4780226,0.37608993,1.6174988,2.1682844,-0.5566428,1.0027403,2.2880867,1.0129421,0.7743943,1.1375368,1.9439665,2.5459695,2.4959266,1.2634248,1.0390078,1.8387773,-0.73394173,0.8717192,1.3985564,0.6412406,-1.0231775,0.72805715,0.63297,0.6892513,0.5338984,-0.94834286,-0.294904,-0.97687674,0.945622,-0.088401765,0.63571566,0.8978573,0.3907051,0.3527333,-0.12604246,1.0167747,0.9175075,0.58543926,0.60243183,0.9411027,0.63109636,0.58716947,0.5057202,0.6516296,0.6931718,-0.35176793,-0.10915247,0.45746213,0.33277202,0.67238885
-1.7114698,1.0423697,0.108346,0.24564084,0.48458457,3.2416592,-0.63263685,1.5491117,1.0080687,-0.18053766,1.2284876,1.6846403,1.1337863,1.2661691,-1.1146013,1.4442044,2.3574605,-0.19888389,-0.12935261,1.3476653,1.1012436,1.3830212,1.5577494,0.9249496,1.3829745,0.984335,-1.1324065,1.4433347,1.1528641,0.16192855,-0.7287343,0.8975891,1.0303046,0.6276479,0.44521272,-0.33050966,0.20222127,-0.58072406,0.94359595,0.20005953,0.73094225,0.83423257,0.27405652,0.782073,-0.050681215,1.1063136,0.9140913,0.9471065,1.0782743,0.98456126,0.38849497,0.42802307,0.2814959,0.88992935,0.75668705,-0.08941309,0.13641673,0.55349725,0.513078,1.0945685
-1.1581206,1.529515,1.2009685,0.718008,0.49001732,0.8115705,0.8659343,-0.1928318,1.1348171,0.794147,1.6968383,2.1243725,1.3670607,2.4288418,0.24440816,0.98859954,2.4767542,1.5071714,1.6664907,0.8985495,1.6593528,1.6924423,1.9243723,2.162745,0.7079173,1.1086425,2.302114,1.1439841,1.1526518,1.4921051,-1.1832602,0.81948704,0.94576985,-0.016760018,0.5377251,-0.93111,-0.21907175,-1.2350882,0.5110267,-0.3990446,0.41464993,0.6490135,0.72607875,0.5920072,-0.20317775,1.0577707,0.6215725,0.9817592,1.1822888,0.93566453,0.94274294,0.49269915,0.5054201,0.8104646,0.75303006,0.034478337,1.4508315,0.60876703,0.06929571,1.2222648
-1.5647033,1.5932257,0.7961716,0.5752038,0.48594275,0.09762255,0.02643264,-1.5685147,1.5985985,1.5133896,1.292108,2.2412584,1.6206617,2.093246,-0.8378271,0.87193793,1.0701755,0.9869763,1.0813742,1.0587213,1.0742762,0.5127988,-0.4554278,0.93424726,0.866166,0.98566693,-0.8345597,0.9761923,0.98413616,0.93028796,-0.9854629,0.86582667,0.7237019,1.0396736,0.46323872,-0.5802835,-0.22386232,-0.7802029,1.2690253,0.25312102,0.7340022,0.8516906,0.011374391,0.3369018,0.20634542,0.86701673,0.56524074,0.6681935,0.72747004,0.75696415,-0.09900584,-0.13644288,-0.34906727,0.8352921,0.45490372,-0.5802126,-0.00330906,0.3552443,0.44750842,0.6563023
-1.5390825,0.05387682,-0.36484602,1.1796222,0.48639548,0.12573138,0.12894799,-1.5447845,1.5686734,-0.40527478,1.6576209,2.046495,0.8343404,0.41196993,-0.838482,0.64259315,1.2495911,0.0025883138,0.21217394,0.92180586,1.8655524,1.0232488,1.061524,1.7075069,0.6304221,0.6625238,-1.2912953,0.822454,1.1973926,0.3722007,-1.1878461,0.92902607,0.7486431,0.63413835,0.6729116,-1.0221977,-0.35346988,-1.3063177,0.86371243,-0.6754797,0.6007245,0.93388087,0.70448136,0.09515536,-0.38066655,1.0725607,0.7650305,0.68426013,0.8987628,1.1037943,0.7674896,0.7001946,0.7010022,0.8521837,0.71656007,-0.55471647,0.05987469,0.31784135,-0.13305528,0.95323426
-0.8342046,0.6945882,0.74185723,1.2965004,0.48096272,-1.6920664,0.4801169,-1.1858277,1.6400453,0.30981153,1.2851676,1.7921225,2.0561335,1.9577993,0.24897629,1.1831493,1.0800413,0.72589505,0.9581569,1.2456082,1.900078,1.1359781,0.8491098,1.2170768,1.2442759,0.40253866,-1.122217,1.4520637,1.6720476,0.97577935,-1.1597934,1.1384884,1.2072027,0.4829605,0.6146305,-0.41994154,0.3402381,-0.77124125,0.6536549,-0.3737416,0.66988516,0.9792461,0.54950494,0.68946147,-0.16137648,1.0871506,0.8127149,1.2024299,1.2077061,1.037721,0.95099974,0.904611,0.83488864,1.0550079,1.0252231,-0.008065082,0.20275629,0.7215573,0.1837253,1.3507146
-0.58621603,1.9996599,0.83532757,1.2901092,0.4786991,0.010412493,0.34360266,-0.22697325,1.4187008,0.01972914,1.27772,1.4690264,1.2485063,1.6331855,0.9885088,1.0520986,1.9157959,1.4565148,1.5484034,1.1950058,1.6184032,1.6191114,1.6482631,1.3124356,0.4490614,0.6161615,0.008664736,0.84905773,0.22524127,1.2561336,-1.1537155,0.9011908,1.2097899,0.40674415,0.5841878,-0.87301594,0.17330647,-1.3532939,0.78685457,-0.13894022,0.61729443,0.9374875,0.96302533,0.58156174,-0.24520342,1.1263944,1.1486995,1.060747,1.2665536,1.2289162,1.2379178,1.2070323,1.0446528,1.1441274,0.9627086,-0.22689445,0.49428144,0.68919045,0.39201662,1.3175845
0.81910837,0.83936816,1.104411,0.503484,0.48639548,-0.79235137,1.0774847,-0.5688812,1.069236,1.358385,1.7760704,1.8386908,2.1866457,2.3595476,1.1374518,0.86979777,1.0186311,1.677977,1.8988658,1.1402082,1.2697794,2.128661,2.0739555,1.747792,0.86976385,0.83255386,1.2274675,0.2672699,0.7922503,1.7713302,-1.0534679,1.1331077,1.437496,0.24061969,0.4129672,-0.13619016,0.61028916,-0.8811775,0.35565585,0.018019607,0.6691795,0.90957,0.7617982,1.4212455,0.24575481,0.89091706,0.74254346,1.6434742,1.7426282,1.0266904,0.7605125,1.0075902,0.9662194,0.89865685,0.79688895,0.280042,0.5908519,0.45620492,0.2634267,1.6862142
-1.0019336,1.2287759,0.87012404,0.68507856,0.4895646,1.9921888,0.49201664,-0.93019915,0.6747423,1.9122913,1.5709401,2.3382883,2.0601661,2.4519496,0.20854554,0.9651066,1.9361557,1.6461089,1.6264088,1.5478189,1.3916353,2.1232219,1.5584046,1.1441773,0.6779309,0.7304535,-0.046749607,1.3177952,1.517569,1.5465944,-1.1300228,0.925652,0.6819451,0.61838716,0.41991788,-0.5334841,-0.15734804,-0.9368082,0.70168054,-0.5139116,0.48860797,0.7491118,0.84418905,0.562489,-0.2890203,1.0310016,0.62854433,0.68002975,0.9164051,0.95854825,0.7593613,1.0971637,1.1297821,0.8348878,0.8064211,-0.50389373,0.012704758,0.47585085,-0.042032365,0.97208047
-1.7451038,1.3334615,0.72458345,0.9495048,0.48911187,-0.51116437,-0.21582116,-1.7059413,1.0667524,0.086056925,1.2420973,1.7918385,1.7116451,1.973453,0.53806216,1.4037904,1.438775,1.0134374,1.1423445,1.1516155,2.4027576,2.768365,2.6499295,1.5511413,1.0997316,0.17211995,0.040939428,1.490941,1.539272,0.92890275,-0.89116216,0.83136964,0.57447004,1.0569911,0.42340487,-0.22461262,0.22784597,-0.58117265,0.9551919,-0.12483258,0.7205342,0.6171996,0.5868271,0.14247711,0.33407068,0.6576954,0.5009618,0.74489194,0.6910741,0.92864263,0.4632906,0.61600256,0.58835655,0.81497073,0.44026318,-0.4388562,-0.29250857,0.6096395,0.23166661,0.7184844
0.74138516,-0.8694238,0.003949809,-1.1957238,-2.086017,0.059820905,0.13132007,0.2522786,-1.3819141,-0.3605347,-1.6841809,-1.2337569,-0.4200205,-0.64608973,0.08062773,-1.3514835,-1.1513705,-0.84043634,-0.84327585,-1.5008835,-0.7168421,-0.566732,-0.5269219,-1.2964512,-0.63941103,-0.45283645,-0.47922343,-0.94456166,-1.2254393,-0.46911475,0.45337504,-0.6629938,-0.3867206,-0.20057335,-0.75059277,-0.2746314,-0.8443106,-0.02781874,-0.52562565,-0.10838411,-0.9078335,-0.84495646,-0.29298526,-0.64561796,0.58536667,-0.860856,-0.49601692,-0.35308746,-0.48836505,-0.8181709,-0.4472675,-0.1935984,-0.18656301,-0.9904481,-0.9324958,-0.97531927,-0.25545406,-0.6715143,-0.55299807,-0.5990212
0.6750662,-0.9558505,-0.8802344,0.24628556,-2.1589065,0.008931648,-0.87717295,0.20038506,0.052017514,-0.4605119,-1.3847852,-1.2963128,-0.5054528,-0.69477177,-0.031911604,-1.1288309,-1.2683793,-0.90158904,-0.5851697,-0.41813734,-0.65201455,-0.61840564,-0.5879694,-1.0379099,-1.2187033,-1.1163865,-0.5498378,-1.0167652,-0.75732857,-0.88550615,0.061301354,0.086019106,0.4306533,0.1317827,-0.122324765,-0.49266237,-0.78886545,-0.46242958,-0.079101026,0.52022254,-0.25132844,-0.22393724,-0.17515793,-0.32477084,0.7715327,-0.32581156,-0.07637107,0.6253608,0.43181652,-0.35734853,-0.2560949,-0.1494829,-0.096174195,-0.16816977,-0.4714462,-0.91433984,0.38032314,-0.32890236,0.16254234,0.3345361
0.65144855,-0.98557806,-0.9000992,-1.2559925,-2.1783738,-0.010083129,-0.88641894,0.18204415,-0.1742276,-0.6129279,-1.7593633,-1.3172975,-0.5330927,-0.7096964,1.686606,-1.0550718,-0.9829288,-0.075816795,-0.286069,-1.0494558,-0.36773705,-0.38627085,-0.60776335,-0.9518611,-0.2149009,-1.032929,-0.5727515,-0.89232856,-0.4876496,-0.82070005,0.095046856,-0.27418846,0.05357741,-0.20094663,-0.28409028,-0.19436751,-0.30497336,-0.2105353,-0.33281213,0.34822574,-0.44226056,-0.49803704,-0.4936716,-0.19463107,0.7257955,-0.57587165,-0.313159,0.1775951,0.026606971,-0.70166737,-0.54046994,-0.38091063,-0.3566934,-0.26665008,-0.5672737,-0.5071014,0.13446036,-0.5697228,-0.15739453,-0.11648752
0.7177676,-0.8981671,0.41978776,0.256337,0.46375898,0.03805833,0.119671084,0.23376381,-0.47402164,-0.8131623,-1.30174,-1.2555372,-0.44729394,-0.6639117,0.76585156,-0.8717095,-1.1909621,-0.00843474,-0.23913069,-1.0402802,-0.7373648,-0.58380157,-0.009766762,-1.210887,-1.1737201,-0.47693703,-0.5027035,-0.9697277,-1.240986,-0.73445493,0.20035464,-0.01231681,0.27561042,-0.42641273,-0.54372466,-0.24950972,-0.6067254,-0.46005738,-0.5094482,0.16846874,-0.65548116,-0.46183696,-0.22176267,-0.46197686,0.57547975,-0.52148646,-0.13092391,0.23700622,0.14782639,-0.69907755,-0.35838905,-0.3800638,-0.25532383,-0.32847047,-0.40473604,-1.0784893,-0.23828012,-0.29432166,-0.17894232,0.018374085
0.74011993,-0.86843944,-0.82405424,-1.1960422,-2.082395,0.057512753,-0.8493776,0.2505401,-1.1430602,-0.16359246,-1.490599,-1.2346023,-0.41933995,-0.6478079,0.07906158,-1.3517255,-0.5950447,-0.84111315,-0.5737068,-1.3163493,-0.36157107,-0.20396657,-0.5271156,-1.2966,-1.1516913,-1.042204,-0.4794848,-0.94511074,-0.9563327,-0.8339146,0.34466124,-0.11452242,0.29130736,0.098389104,-0.3808819,-0.47548363,-0.63139266,-0.35183007,-0.2873713,0.21126363,-0.44545645,-0.4979083,0.105058245,-0.5085783,0.62497663,-0.6001323,0.028569538,0.3525384,0.104001366,-0.42564875,-0.093489446,-0.15513046,-0.024318472,-0.45815215,-0.5291695,-0.9262683,0.031517476,-0.33446255,-0.14480665,0.025594685
-0.7634979,1.7363069,1.0056895,0.9607526,0.48005727,0.22413217,-0.5260899,0.7682509,1.5679364,0.8715563,0.8611948,0.59326345,0.29972246,0.8115053,1.7260135,0.7001935,2.3268306,1.1221824,1.2625338,0.9204339,0.6794124,0.98043394,0.7730794,0.50059515,0.5795208,-0.05267423,0.029825194,0.1283334,1.37496,0.9852898,-0.5643815,0.87921953,0.9749635,0.94831705,0.44232142,-0.23450226,0.3160791,-0.40574163,0.57167804,0.12990984,0.6323329,0.3268121,0.7886686,0.49772784,0.8070111,0.40178096,0.74732244,1.2156502,1.1696869,0.8723545,0.58963585,0.55027276,0.5354734,0.593167,0.3240367,-0.29780048,0.2834393,0.38958985,0.18671712,1.1136353
-0.07179427,1.5665796,1.2169535,1.5729071,0.47236085,-0.46474358,-0.18123144,-1.5056689,2.2465637,2.4111316,2.0493934,2.7290878,-1.0265874,-0.12203305,0.8050408,0.9668572,1.4868904,2.0531805,2.0401833,0.85277504,0.13544428,0.68499917,-0.43786678,1.9223374,0.23041414,-0.4066503,-0.2520478,0.7921142,2.4411952,1.7527119,-1.2559443,0.88574636,1.1432569,0.8183505,0.6363281,-0.6181658,0.27276254,-0.9272143,0.8551895,0.48763806,0.8737888,0.82597256,0.927549,0.5393465,0.47378665,0.72842044,1.0481046,1.4697697,1.33605,0.86800694,0.85385317,0.7849263,0.77459943,1.2338607,0.76547176,-0.27418903,0.2702492,0.7053571,0.7461342,1.4048586
-1.6008679,1.4398518,0.9534452,1.8865296,0.47824636,-0.8588832,0.112237886,-1.5882465,2.635393,2.4739575,2.1123967,2.459404,-0.32582706,0.70417,0.931304,0.6104043,1.388794,2.2539592,1.8746337,1.0586182,-0.0422006,-0.8586309,0.27828166,2.2048213,0.9397818,1.1009924,0.3606959,1.7738928,2.2319176,1.6743373,-0.040057287,0.5886894,1.2418766,-0.047627352,0.6274725,-0.09109154,-0.13488704,0.04331115,0.15636514,0.9340973,0.37233847,0.23878738,0.231615,0.6415534,0.61815256,0.06198499,0.6468576,1.2897854,1.2236322,0.030330708,-0.17081295,-0.29118544,-0.13767125,0.4267059,0.08457671,-0.32597807,0.84293175,-0.048329443,0.66479737,1.2702491
-1.7140002,1.3912398,1.1692176,1.679654,0.4850373,-1.7382295,0.5979485,-0.8443362,2.1675525,1.5317421,1.9682121,2.9546697,-1.10733,0.43488923,0.5441262,0.9841772,0.8956747,1.7667186,0.89261335,0.79665446,0.49427086,-0.14835466,-0.67618597,1.7973604,0.48268464,1.4678898,0.19547239,2.028242,2.396275,0.9071884,-1.3316971,0.9337447,0.21309827,1.2631564,0.39571744,-1.304133,-0.51249665,-1.5269715,1.4171784,0.23583704,0.72762537,0.88332635,0.9840437,-0.8653464,0.013027182,0.843595,0.8925087,0.40486345,0.25435528,0.7280095,0.49006265,0.27685192,0.24423349,1.0312624,0.7647845,-1.1918231,-0.57690537,0.72552806,0.6229744,0.3849892
-0.8833988,1.1660768,0.5744416,2.0653389,0.47824636,-0.7027372,0.07051963,-0.23115577,2.4122062,0.53283286,1.6250267,2.064404,1.1237224,0.21944568,0.20901148,0.98656875,1.3931769,1.317649,1.1507921,0.8661725,0.42513782,1.0657308,1.1133639,1.8258916,0.4810426,0.67934424,-0.97028,1.3878636,0.39069253,0.94199455,-1.31335,0.91167223,0.8303882,1.0881807,0.62109894,-0.5466852,-0.5155826,-1.003906,0.8854321,-0.10819493,0.60157585,0.8607582,0.79030734,-0.041948095,0.3833294,0.617175,0.9353058,0.79550123,0.8877015,0.7978155,0.5395479,0.42714038,0.542306,0.696764,0.4102993,-0.9124351,0.0055540223,0.4265063,0.34948704,0.90965897
-1.1254585,1.1915866,-0.14732108,0.85111725,0.4741718,-1.3163873,-0.7259881,-1.2165602,1.9034513,0.49204457,1.0340253,1.8628279,-0.05119862,-0.15598904,-1.0330473,0.42176205,1.457512,0.1582302,0.44053575,1.0143782,0.2391253,0.2326132,0.009484589,0.94517547,0.35004508,0.24446249,-0.57312125,1.1955874,0.20154609,0.49561927,-0.8356994,0.59978634,0.53982335,1.2130986,0.5522888,-0.58274394,-0.21997288,-0.79259336,1.2501268,0.43131822,0.6245754,0.5124434,0.5585847,-0.18134058,0.6849091,0.33168215,0.83966887,0.60433674,0.42336917,0.6506758,0.1365622,0.09631031,-0.038943656,0.89169896,0.40088975,-1.0543548,-0.18708268,0.36824724,0.5741311,0.4909316
-1.6590683,1.5149919,-0.3661388,0.71011674,0.46602264,-1.707674,-0.16850801,-0.98213285,1.582939,0.17503849,1.5306985,1.2213377,1.3873199,-0.56310344,0.26574412,0.77978814,1.6637886,1.238587,0.5321198,1.2512603,1.9689047,2.3434527,1.7416527,1.7588617,1.3727001,0.2869076,-1.162791,0.12684329,1.1110413,0.21284582,-1.2265023,0.3639204,0.12579861,0.95368236,0.33796227,-0.88937026,-0.2464113,-0.9890302,1.0220858,0.055161305,0.565445,0.8535468,0.8947994,-0.6307179,-0.07059127,0.6936796,0.9894898,0.17691731,0.041677963,0.78705025,0.77465194,0.78542495,0.7213721,0.90439343,0.5867959,-0.6183556,-0.7337172,0.6253499,0.4233238,0.19198544
-0.26337755,1.247097,0.7969481,0.9908567,0.48232093,-0.9123802,0.64088935,-0.8878281,1.2657996,-0.043534413,1.298519,2.3579054,1.5607533,0.701392,0.51566476,1.2675374,1.2952766,1.7976462,1.5324342,1.5561553,1.7886702,2.4304173,1.9298534,1.693754,0.9258052,0.57823926,-0.4732374,1.0170058,0.5317012,1.2807362,-1.4269648,0.74612534,0.6824195,0.751527,0.5304757,-0.960826,-0.15186295,-1.1644312,0.9239799,-0.020207968,0.57808614,1.020438,1.3585495,0.16100365,-0.03215852,0.95746285,0.9452388,0.75700927,0.8696334,1.0430522,0.9539568,1.0096464,1.0619675,1.1374753,0.8909269,-0.73030627,-0.2653824,0.6530169,0.34943098,0.9882803
-0.525423,1.1336907,0.81805784,0.29116124,0.492281,0.9915518,1.1654156,-1.7986021,1.2172867,0.7858864,1.5248549,1.513372,1.477978,2.1707215,0.5667414,1.3674784,2.339792,1.1738732,1.7707263,1.626388,1.2716165,1.38829,1.0943428,1.8695847,1.1043057,0.9633647,-0.3136677,1.4434721,1.1110005,1.6847023,-1.0119684,0.9471467,1.3096259,0.13854754,0.7379787,-0.28929645,0.67799217,-0.8760591,0.7743958,0.18472631,0.7289575,1.0307219,1.2261512,1.641807,-0.05073013,1.0322082,1.0047065,1.2906626,1.52255,1.2419462,1.2682831,1.1872898,1.1614101,1.3084092,0.94997376,0.4233527,0.7354025,0.82221466,0.61348605,1.6391139
-1.9037844,1.3261216,0.73190105,0.21658291,0.48367912,-0.07593146,0.68848014,-1.2503756,1.5806059,-0.34230736,0.8709341,1.3345896,2.0714545,1.5019046,-0.21550073,1.1921703,1.5858297,1.2029848,1.3286363,1.3819637,1.5882195,2.4753447,2.3786695,1.4960108,0.77029914,0.89811903,-1.1256492,0.67726314,1.0003617,1.3327768,-1.4054545,1.107681,1.1872975,0.4879135,0.615665,-0.75958675,0.1503846,-1.0336633,1.0592209,-0.13029875,0.7107357,1.2084677,1.0212737,0.5935239,-0.5091432,1.5062584,1.1705266,0.98244727,1.261938,1.3767027,1.120984,1.4258238,1.326547,1.2647591,1.1951764,-0.23906706,0.2991384,1.0025914,0.5262461,1.3481845
-1.0254905,0.87359273,0.52948093,0.43616524,0.49001732,0.42592075,0.6093515,1.0800397,1.5677974,-0.01970031,1.3750707,1.6256398,1.827736,2.4188843,-0.2935104,1.2119718,1.697633,0.9237457,0.9533819,1.4019887,1.8332824,2.5703926,2.6650975,1.3214465,0.903005,0.82965803,-0.7866669,0.63589805,1.3216493,0.9640289,-1.0484684,0.9680694,1.1762953,0.23313275,0.6395416,-0.4900192,0.3547805,-0.84319806,0.6451238,-0.17193782,0.55236983,0.71619874,0.822622,0.7531609,-0.23234802,1.0648177,0.8253768,1.0021157,1.132937,0.96523076,1.0544837,1.2897333,1.1418463,0.74537176,0.89493746,0.017248502,0.1704838,0.7315696,0.29406074,1.3247883
-0.8962787,1.5797865,0.5923339,0.75338316,0.49137554,0.028656,0.6517333,-0.46248314,1.4319136,0.5461718,1.4479835,2.035266,1.7887768,1.8356174,0.09394929,1.1154448,1.9471622,1.2275374,1.552374,1.2833511,1.4600202,1.5770954,1.1995393,0.98664135,0.5801091,1.5164711,0.28690293,-0.030595666,0.7226922,1.3508425,-1.2253132,1.2064868,1.2814248,0.6711275,0.46003044,-0.49315774,0.16996738,-0.73282063,1.2038903,0.58943886,0.8820314,1.3287565,0.85847074,0.72831696,-0.10642055,1.3229413,1.3906119,1.2523863,1.2972479,1.367434,1.0609969,1.0775795,0.9984955,1.1409602,1.1659532,-0.4481377,0.27637732,0.8977832,0.90356404,1.3371841
-1.7568071,1.0240744,1.0996006,0.6949813,0.4895646,0.27666602,-0.2566983,1.7821509,1.0226809,-0.112830915,1.0805322,2.289126,1.8539141,1.3978649,-0.18148531,0.83773834,1.2551788,1.649023,1.6020433,1.018615,0.7492684,1.7555223,1.2567731,0.99095505,0.78472227,1.2733201,2.3576224,1.2331457,0.5952549,1.3737111,-1.0505617,1.0072517,1.0134511,0.4401215,0.5749312,-0.7124231,-0.0060953423,-0.9323977,0.69780856,-0.46101812,0.56747067,0.8624334,0.47765014,0.39918727,-0.15446363,1.0407326,0.5040466,1.0819892,1.1872839,1.0683241,0.6858557,0.48765758,0.35043064,0.62923014,0.781908,-0.2711089,0.9170164,0.39627478,0.00808063,1.156848
-1.6128875,0.5308333,0.32020837,0.54611236,0.48911187,-0.10772894,0.81090534,-1.6010243,1.6029316,0.5251673,0.8315284,0.87304324,0.15548022,1.5128807,0.026720006,1.2661177,2.5946498,0.5836022,0.5426846,1.3468314,0.7055006,0.7779585,0.662091,1.5149662,1.3029648,0.883811,-0.51348305,0.27900347,0.97516704,0.65163344,-1.0503963,0.7522955,0.86067396,0.5598779,0.64130175,-0.7907916,0.014369094,-1.1543554,0.8957393,-0.1628076,0.42190945,0.74093926,0.40746537,0.5798978,-0.12789007,1.2365083,0.8828825,0.63270414,0.9453161,1.1371331,0.5415395,0.5916864,0.53283685,0.8682884,0.8146638,0.052684203,0.028362667,0.39722973,0.2709356,0.9858464
-1.5066084,1.418326,-0.5724812,0.80287045,0.4895646,-0.48113775,-0.0870225,-0.9510949,1.2334208,-0.32416683,1.2005048,1.7096128,0.3988263,1.8976526,-0.65935475,1.1906618,2.4579232,0.09596841,-0.13986927,0.8492544,0.44566587,0.98504883,0.47258788,1.0241433,1.1101501,1.2120545,-0.97387624,0.59381926,0.87826395,-0.2654326,-0.7731185,0.6393284,0.0710473,0.87076634,0.48024958,-0.96818817,-0.5723068,-1.2395583,1.165279,-0.42940673,0.51195323,0.54104346,-0.11815168,-0.076237164,-0.3335129,0.88166577,0.4295631,-0.0019376995,0.178451,0.58082587,-0.32156694,-0.27745152,-0.37532422,0.69721746,0.35829622,-0.88665646,-0.23222771,0.09420616,0.022401497,-8.1399456e-05
-1.6453617,1.4059472,-0.48620582,0.6849614,0.48730096,-0.086369626,0.5422243,-0.781664,1.2247862,0.1267674,1.1801816,0.71816504,2.173819,1.7509041,0.64186823,1.2318157,2.4429104,-0.2126331,-0.15677692,0.98489356,1.9420125,1.7744589,2.0133445,1.6621498,0.6966382,0.7529198,-1.0680064,0.9105617,1.4902525,-0.22525226,-1.2041894,0.7712714,0.8851685,0.14141074,0.56185466,-0.69322133,0.03649968,-1.0497117,0.45864996,-0.53658956,0.3903504,0.73980606,0.9697057,0.38106224,-0.37456805,1.0091374,0.73852533,0.69189984,0.83795124,0.9586691,1.148122,0.9490069,0.90240645,0.6421149,0.6872329,-0.19543803,0.20328107,0.62969714,0.06109548,0.92555803
-1.7299211,1.9384686,0.120421335,0.18804345,0.49047005,3.5303774,0.7381167,0.52483517,1.3698162,1.853146,1.5493705,1.815461,1.5074768,2.8375835,0.5014865,1.1387987,2.2210069,0.6756503,0.44157413,1.4313132,1.6366183,0.91159785,0.24854687,1.0321946,1.1017021,1.1652257,-0.31195313,1.1605408,1.7448494,0.15153743,-0.8487752,1.1061045,1.1532291,0.5035336,0.5567272,-0.2994604,-0.011420336,-0.46702066,0.6179235,-0.14139652,0.5058088,0.7034272,0.3198525,0.7522878,0.12810062,0.86810213,0.7960469,0.9932614,1.214966,0.79280555,0.6304624,0.59783065,0.5456498,0.67396796,0.5481699,-0.24994107,0.47114,0.42330077,0.1079307,1.1918012
-0.80881494,-0.0042375578,0.55429333,1.3819785,0.48911187,-0.19910212,0.3334401,-0.18467355,1.8129431,1.3055862,1.7435969,1.1933091,1.7679375,1.5111161,-0.12583137,1.2681369,2.1019032,0.019855088,-0.0035334632,1.2632546,1.5185189,1.81537,1.5414972,1.5178157,1.4792702,0.82051665,-0.69407046,0.75513357,1.358709,-0.02973532,-1.0814885,1.0285645,0.5698053,1.0322136,0.47341424,-0.8664837,0.016071059,-1.1474364,1.2324809,0.37943405,0.8709176,0.93929,0.3591715,0.10242555,0.28839758,0.9508225,0.7136644,0.8163332,0.70107144,0.92599034,0.36608514,0.32137787,0.15804479,0.92148906,0.73790324,-0.53518105,-0.14540991,0.56883943,0.7012161,0.7022183
0.8887786,1.6719589,1.0547872,0.58579344,0.49001732,0.7360429,1.0733187,-1.7654841,1.4855609,0.4222671,1.4198722,1.8700123,0.9981109,1.6303005,0.34917384,1.241864,1.9071323,1.1814524,1.4058433,1.3787311,1.6286683,1.7633504,2.0946996,1.4307948,0.9830332,1.3862507,0.6101432,-0.40287805,1.1415398,1.4139906,-1.5160885,1.0232527,1.0052769,0.1826396,0.70674896,-0.7051341,0.113235384,-1.2937869,0.4997625,-0.70200473,0.47942796,0.9779959,1.0448966,0.4633939,-0.22456577,1.2043164,0.7057049,1.0342566,1.2389957,1.016306,1.1367804,1.1772012,1.0323553,1.030387,0.9016075,-0.17294759,0.22746164,0.9742452,0.06840571,1.2760886
-1.8132153,0.5244602,0.7587927,0.87066835,0.49182826,2.0606663,0.15790872,0.25687477,1.7080271,1.2982672,1.3803984,1.2090065,2.2868311,1.7467542,0.17276493,1.2512487,1.7459202,0.8938344,1.2773539,1.2229308,2.1035855,2.3373766,1.9453337,1.8702717,0.95922333,0.8690646,0.06877153,1.7114908,1.6551692,1.3585647,-1.0633376,1.0173382,0.79147863,0.77890986,0.37832975,-0.8523446,-0.1399017,-1.2189147,0.83889323,-0.4586317,0.6570303,0.8712636,0.80103433,0.062056035,-0.123657376,0.921292,0.7040511,0.7058215,0.8206713,0.9225159,0.79924995,1.0443463,1.0580497,0.9504539,0.5474663,-0.66138357,0.042840466,0.6549041,0.2508822,0.8896926
-1.4832016,-0.07612198,0.81157315,0.6795738,0.49047005,1.0412954,0.4044601,-1.4961941,1.0295867,0.6836286,1.7177106,1.7382901,0.60953647,1.8141298,0.49709463,0.8624445,1.8402745,0.9144499,0.8694276,1.3014307,1.8267182,1.7429696,1.2714418,1.5220712,0.41984582,1.20604,0.3405278,1.0016537,1.6524748,1.0982552,-1.1707118,0.94736093,0.757392,0.8220794,0.29890698,-1.1055727,-0.07877771,-1.4977119,0.67491055,-0.36357334,0.77273446,1.0610654,1.0922177,-0.32532963,0.31755432,0.7250152,0.74281114,0.9711492,0.8967256,0.8812397,0.8839977,1.0780059,1.0486323,0.86418515,0.7882974,-0.54803467,-0.25384685,0.53200406,0.1887663,0.9751756
-1.8017228,0.3730764,0.41083866,0.6768313,0.48820642,0.09420716,-0.23852329,-0.9567174,1.2263899,-0.007275671,1.5967503,1.0258,2.4885008,1.663699,-0.2623869,0.99396294,1.1389557,0.5493475,0.2995558,1.3653578,1.7987932,1.7056016,1.6330886,1.8033539,1.5061784,1.0741374,-0.41344488,0.68461573,0.91126704,0.29195786,-1.1336267,0.7146911,0.6420079,0.86995995,0.55082303,-0.5924889,0.23628908,-0.6689021,0.7273906,-0.18582122,0.76484376,0.91279185,1.147033,-0.16024083,0.21182074,0.73685753,0.5784437,0.72288525,0.61689293,0.97531235,0.88172835,1.0008837,0.900824,1.0150528,0.78164,-0.4925235,-0.43602446,0.9127829,0.4063633,0.76504296
0.6648389,-0.968844,-0.889934,-1.2469163,-2.1634338,-0.0024992002,0.112361304,0.19238807,-1.4590241,-0.4599198,-1.0824119,-1.0896403,-0.5147708,-0.3649574,-0.04617479,-1.4044273,0.14620954,0.24288611,-0.12622297,-1.5311277,-0.7848339,-0.62527996,-0.5962589,-1.3667951,-1.2258766,-0.5265875,-0.55798393,-0.28651863,-0.7520505,-0.5882409,0.3209359,-0.42640764,-0.2640651,-0.6587521,-0.94957024,-0.28975257,-0.7022781,-0.034912854,-0.83753496,-0.23676294,-0.9905543,-0.8925215,-0.16284613,-0.51875484,0.4867078,-0.8742659,-0.6229502,-0.27119476,-0.35732478,-1.0055068,-0.4070078,-0.28817677,-0.16208218,-0.7222864,-0.8434522,-0.9650829,-0.5407156,-0.5626585,-0.61477333,-0.5008221
0.66230845,0.54596466,-0.8914084,-1.2500213,-2.1679611,-0.00019104822,-0.88015926,0.19038883,-0.53717524,-0.14970718,-1.2021444,-0.42268687,-0.52100027,-0.70147604,-0.050146107,-1.1160797,-1.293574,-0.42709997,-0.20377553,-1.4314976,-0.23161064,-0.6265751,-0.050898377,-1.3703271,-0.36752838,-0.82891935,-0.56133825,-1.0308583,-0.5017569,-0.42462632,0.45604017,-0.41952616,0.098083355,-0.52221984,-0.83157814,-0.28194973,-0.77629626,-0.106912114,-0.6349748,-0.15483181,-0.97159934,-0.7523718,-0.44308096,-0.24088937,0.43288434,-0.7924068,-0.66478825,0.077681705,0.021977037,-0.9085337,-0.5104065,-0.19157788,-0.17128289,-0.78137046,-0.7893275,-1.1089036,0.04423767,-0.68631226,-0.5782404,-0.12681116
0.631943,-1.0084152,-0.08965641,0.17481107,-2.1955776,-0.0244816,-0.894057,0.16883172,-0.86710864,-0.45046958,-0.9232476,-0.35314333,-0.5546602,-0.7230039,0.6081631,-1.1397883,-0.47930655,-0.40898952,-0.045371983,-1.0803493,-0.3713346,0.52080256,0.05697787,-1.2189376,-1.0527748,-0.79206717,-0.59213674,-1.0632538,-1.2912513,-0.468259,0.30981097,-0.40173385,-0.24305563,0.12253867,-0.45122278,-0.34577435,-0.85053533,-0.35875756,-0.24703391,-0.15892476,-0.7983234,-0.6877738,-0.2620422,-0.70208776,0.35298827,-0.6753447,-0.29652154,-0.20269187,-0.35089567,-0.65341663,-0.28433874,-0.30208707,-0.23132853,-0.5685145,-0.71168685,-1.0955569,-0.10683322,-0.5362015,-0.4827093,-0.4329439
0.6953098,-0.92937124,0.8226154,0.23255573,-2.1340063,0.022560736,-0.8683864,0.2150752,-0.16244808,-0.2071931,-1.3693556,-0.59194654,-0.4796975,-0.35286874,0.7284707,-1.0970984,-0.3657781,-0.50854987,-0.3698387,-0.587675,-0.7575252,-0.0015020717,0.12977387,-0.3298059,-1.1958414,-0.72435814,-0.5264885,-0.99443614,-0.7444623,-0.33461547,-0.43005142,0.43659237,0.6233974,-0.15610468,-0.029383954,-0.25476095,-0.4462859,-0.49633363,0.03617317,0.14675562,-0.3668332,0.04206463,-0.2950954,0.11997959,0.6322185,-0.13365433,-0.04179369,0.6705352,0.7149525,-0.2902557,-0.28005406,-0.27079427,-0.17449601,0.18382978,-0.2894258,-0.7614164,0.36468974,-0.101132065,-0.055746485,0.5453338
0.70638055,-0.26441652,0.4063098,-1.2203249,-2.1199718,0.03212308,-0.8637921,0.22472374,-0.7677247,-0.43480185,-1.7132146,-1.0579177,-0.4625796,-0.6724016,0.020778285,-1.3749657,-1.2130327,0.09379826,-0.16524124,-1.0354956,-0.7472803,-0.5929009,-0.5579105,-1.0520889,-1.1853361,-0.7893842,-0.515685,-0.12881485,-1.2472895,-0.31501406,0.0522208,0.3898874,0.67531514,0.11029153,0.009327491,-0.12428528,-0.1880778,-0.29057932,0.0025503756,0.8178603,0.16854666,0.021303136,-0.17900132,0.18855229,0.9960569,-0.21544641,0.3673219,0.9206925,0.8323788,-0.024614261,-0.18220071,-0.042223874,0.052604932,0.028958661,-0.39452183,-0.5063991,0.69765663,-0.20568451,0.35399368,0.6675219
0.6918304,-0.9274025,0.3962671,-1.2269329,-2.1317427,0.019922849,-0.86982214,0.21637905,-0.8211175,-0.7040434,-1.7235345,-1.2783616,-0.4762425,-0.3522513,0.71799517,-1.3838744,-1.2313005,0.11662222,-0.14705633,-1.2946583,-0.059313834,-0.6007715,-0.56852406,-1.1659291,-0.6359463,-1.0927585,-0.52923286,-0.99452764,-1.2550303,-0.44651872,-0.19365484,0.42749175,0.8434229,0.21648517,0.13644701,-0.0065175053,-0.3584121,-0.2810774,0.18114263,0.89468586,0.22694008,-0.04607193,0.053049922,0.006386781,0.97897613,-0.09984633,0.321648,1.0541701,0.91139096,-0.1572911,-0.1584204,-0.21286838,-0.10225304,0.22419497,-0.27847382,-0.8474035,0.6637207,0.00714776,0.37285507,0.7954431
0.71049255,-0.9061404,-0.8486525,0.24901082,-2.1136334,0.035750177,0.1147555,0.22872223,-0.47704113,-0.81760186,-1.7096173,-1.0534331,-0.45509383,-0.6685609,0.74283653,-1.3719153,-0.6438658,-0.34312865,-0.22001836,-0.95212543,-0.6261523,-0.58894897,-0.55326223,-1.3233693,-1.1810322,-0.48702455,0.13144757,-0.79181635,-1.2443827,-0.4092198,0.44843587,-0.47198457,-0.0034922105,-0.09005781,-0.27618665,-0.21789159,-0.5963478,-0.06319113,-0.4120343,0.07220645,-0.76802874,-0.6262752,-0.23801346,-0.4263887,0.6747777,-0.98264277,-0.59095037,0.10528301,-0.030307848,-0.844834,-0.54262394,-0.53435504,-0.46286586,-0.668057,-0.83361715,-0.81344664,-0.19442862,-0.6052937,-0.46576467,-0.20472783
-1.3985368,0.20727663,0.5909749,1.0333862,0.4655699,-0.36771035,-0.3777368,-1.4303058,1.6342213,0.15401495,1.1879307,0.99273664,1.5710539,-0.20710719,1.2253242,1.385152,1.1709086,1.2607195,0.58051586,1.1220676,1.2538285,1.6579427,1.7803291,1.5727909,0.5600134,0.08021838,-0.9891578,0.7591423,0.15507635,0.91937554,-0.8122983,1.2083741,1.0416869,0.91033846,0.5460343,0.23423053,0.59729004,-0.40951478,0.83819765,0.46096736,1.0080627,0.8044644,1.0151945,0.86154056,0.3978799,0.98354006,0.77705616,1.2094743,1.3182745,1.1314899,0.90597534,1.211615,1.0358897,0.98007584,0.80398583,-0.030168895,-0.0039846804,0.90435123,0.74305826,1.2990848
-1.9251878,1.6224813,-0.024735129,1.2048585,0.48277366,-1.1973001,0.03313319,-1.0906168,1.7121631,0.6576998,1.6838088,1.5019202,2.1112611,1.0555009,0.08083823,1.4798963,1.6830199,1.0271912,0.64965826,1.3155696,1.2235616,2.4065773,2.3643596,1.8731819,1.0901916,-0.018063618,-0.6043721,1.7512865,1.4942483,0.5531817,-1.3870217,1.0710331,0.7205936,0.60901433,0.48125792,-1.0475317,0.1871098,-1.1127415,0.87767214,-0.035400093,0.97660094,1.2283633,1.3619841,0.2424137,0.04851616,1.2200553,1.1909465,0.9818469,0.96051204,1.2045094,1.2773491,1.3563628,1.292493,1.1489191,1.097295,-0.17651692,-0.03899636,1.1737404,0.58684003,0.9963851
-1.8065728,1.8465725,0.6993401,1.7386538,0.48232093,-0.98105335,0.120972276,-1.7570525,2.0554473,1.07651,1.8805244,2.034719,1.2384878,0.6987295,0.7284802,1.2469474,1.6474788,1.4612772,1.4076848,1.3367273,1.7256712,2.1151025,2.0425315,1.4192919,0.61294925,-0.029156836,-0.65266293,1.6369313,1.2963285,1.1088033,-1.1146729,0.8383196,0.41942608,0.88448644,0.49770647,-0.926036,-0.16015664,-1.1417358,1.0143491,-0.2614193,0.7428333,0.8264849,0.98267794,-0.1809223,-0.4768512,1.0152615,0.88613206,0.5885482,0.79419124,0.991021,0.80451393,0.9749249,0.8412176,0.8534964,0.7631988,-0.52327263,0.73771036,0.6997493,0.21599564,0.83057624
-1.0190836,1.1884847,1.0416101,1.688997,0.4832264,-1.107656,0.57316124,-1.8524079,2.2226639,0.40948948,1.6491262,0.8477112,1.4638766,0.37833285,0.062315244,1.0786719,1.2083242,1.636022,1.3235227,1.3283892,1.519688,1.6731967,1.3237042,1.609984,1.2743042,0.488668,-0.011758847,0.41288516,1.0144147,0.888498,-1.5959046,1.0843837,0.11617119,1.073627,0.32635623,-1.173678,-0.22204742,-1.2608147,1.3261749,0.024697429,0.8853909,1.1205825,1.194157,-0.23818761,-0.4100459,1.3075507,1.2777456,0.21994983,0.2154845,1.1280124,0.9904873,1.2591287,1.1968222,1.2975265,1.1354975,-0.741577,-0.8034995,1.0536377,0.6933803,0.34517244
-1.8870201,0.37601453,0.47060734,1.9027258,0.47507724,-0.88169754,0.0668931,-1.0221168,2.1018157,0.50110656,1.9263445,1.3658272,1.4012464,-0.17221032,0.19810285,1.0096747,0.91903114,0.9211441,0.8762723,1.0792289,0.64318305,1.563105,1.5551502,1.9005505,1.4879088,0.6832284,-0.898109,1.5344982,1.0927818,0.7168218,-1.5056598,1.1525931,-0.022705223,1.3956765,0.36907732,-1.4832938,-0.86007804,-1.5030147,1.7937639,0.19881675,0.7856673,1.1941766,0.6177751,-0.5350981,-0.127523,1.0993972,0.98189306,0.20624961,0.10282102,0.8590753,0.42426017,0.39267898,0.30413783,1.1376394,1.0102057,-1.2918383,-0.78057635,0.7899269,0.7980045,0.14157309
-1.843159,1.4844542,-0.46436572,1.6598477,0.48051,-1.1228011,-0.79068625,0.34922582,2.178761,-0.28430268,1.5483695,1.5684899,1.4172506,-0.18047152,-0.027280405,1.1947554,1.0592635,0.061107498,-0.14312229,1.0061448,0.34568062,0.9711556,0.85216093,1.5279313,0.9968946,0.61001575,-0.9896428,1.1743724,0.5697204,-0.24461617,-1.5901004,0.8793824,0.021503821,1.1791939,0.38891238,-1.3212314,-0.66343826,-1.5138085,1.473871,-0.09616458,0.78461593,1.3253087,0.89574987,-0.64800274,-0.46609092,1.1924253,0.8608909,0.19643521,0.21554613,0.999677,0.87318563,0.9328778,0.8650287,1.167622,1.0854349,-0.9388614,-0.6218679,0.8042653,0.573909,0.23778161
-1.8319827,1.3291087,0.014284905,0.22621378,0.48005727,0.5122474,-0.13963777,-0.33652994,1.9087555,0.055578515,0.9852353,0.97980165,1.433066,0.39330155,-0.8259572,1.363289,1.8008635,-0.069314264,-0.16707267,1.1488382,1.4907129,1.4023652,1.5189053,1.8784686,1.4191093,0.7187686,-1.3737195,0.17763005,0.68301386,-0.12770122,-1.4526129,0.707888,0.01107343,1.088548,0.4696476,-1.2775769,-0.56771123,-1.5286797,1.556852,-0.0021406822,0.7428196,1.0389754,0.7037124,-0.49455976,-0.31301948,1.0684998,0.78473854,-0.033649396,0.025308385,0.906418,0.52773225,0.5611181,0.4535563,1.0258288,0.9623173,-0.6680744,-0.5401293,0.7261722,0.6376557,0.13228738
-0.5662479,1.0573621,1.0084307,0.37204444,0.47326633,-1.6223823,0.25344434,-0.677528,1.4703394,0.41091624,1.238458,1.8222944,1.92436,-1.1112089,-0.41006833,1.4697496,1.8324636,1.4826932,1.2831572,1.365545,1.5618913,2.4181366,2.1774344,1.2943614,1.3292545,0.6442469,1.9131911,1.117184,1.4954705,1.3399577,-0.8096502,0.94595176,1.4077902,0.44550446,0.5907254,-0.110617265,0.48866507,-0.47626272,0.5609549,0.6226458,0.8513773,0.9295265,1.0159274,1.2211549,0.26614532,0.81617624,0.96761805,1.634575,1.7426125,1.0982792,0.692266,0.5877402,0.6489392,0.9300544,0.60620093,0.0884656,2.0103583,0.4884855,0.81686765,1.6815192
-1.7344548,1.7858135,0.6731979,0.39941707,0.48277366,-1.7629597,-0.076833956,0.54696304,1.4009945,0.054006577,0.9298258,1.3564397,1.5501441,0.4609427,-0.990545,1.2403785,1.9751998,0.8766284,1.1023173,1.3483977,1.7324282,2.2152586,2.1635885,1.3893956,1.5166236,0.720254,-0.92618227,1.087834,0.6918638,0.8052799,-1.5174605,0.8181199,1.0868056,0.2106637,0.6001107,-1.0040653,0.13741833,-1.3705169,0.8247419,-0.26471412,0.5806535,1.059661,1.3423684,0.4625499,-0.45269108,1.4212912,1.2398242,0.9313053,1.1825446,1.3087839,1.3645153,1.2575202,1.2094512,1.2062523,1.0572641,-0.34305406,0.19944003,0.9287237,0.40325055,1.2893077
-1.4221557,1.1140951,-0.50194687,0.22551756,0.48277366,1.1008896,0.20317504,-1.838761,1.3307415,-0.34364608,1.1987876,1.9355295,2.0328805,0.7808139,-0.47607714,1.1114795,1.440329,0.07741149,-0.16702673,1.4647511,2.009611,2.7099566,2.5301003,1.6093507,1.0335764,0.5422784,-0.6325792,1.7341411,1.3875515,-0.30907533,-1.3063271,0.57074976,-0.007521584,0.73130924,0.5687883,-0.46760368,0.24650812,-0.915884,1.1761122,0.12889802,0.7849592,0.8401367,0.5314717,0.13322492,-0.39317358,1.3184484,1.0779508,0.01832959,0.02687251,1.2160312,0.9256223,0.8809341,0.68432575,0.758338,0.9291596,-0.26141632,-0.52325517,0.715373,0.49156433,0.14219199
-0.93215483,0.5823658,0.03987223,0.90076816,0.48141545,-0.9962761,0.063210934,-1.7627026,1.6993233,-0.38229877,0.8883318,1.9129567,1.0237217,2.0042279,0.23953919,1.5043867,2.056942,0.09508253,-0.5465168,1.0820055,0.6345871,0.89788896,0.5909078,0.6019942,1.2425891,0.5430371,-0.6861981,0.82454085,1.1651632,-0.272167,-1.4136996,0.5899942,-0.09290811,0.7121131,0.50975764,-0.97359174,-0.31897116,-1.3492162,1.2301662,-0.4209101,0.5445879,0.87359875,0.7546099,-0.11250373,-0.8651297,1.3717854,0.75609154,-0.26259482,-0.13283966,1.0838028,0.7913509,0.7668357,0.72083867,0.8036184,1.0153582,-0.5972082,-0.68072265,0.5091412,0.44524497,-0.050113466
-1.7950803,0.14265333,-0.42642975,0.6982459,0.48684824,0.77881837,0.71999377,-1.7457525,1.7015221,-0.39972797,1.378343,1.5979862,1.767378,1.7815003,-0.00490168,1.3622876,2.1765866,0.15210687,-0.37350795,1.255516,1.3259773,0.992691,0.59349793,0.74155694,1.655395,1.2837036,-0.885347,1.0237923,0.8384289,-0.5045904,-1.0908003,0.79985255,0.085289784,0.63591385,0.4212904,-0.58114207,-0.25509125,-0.9274276,1.0740654,-0.45866284,0.5913131,0.6235584,0.3347523,0.02406013,-0.56807685,1.1876918,0.49103802,-0.041110408,0.18016474,0.9275287,0.4812737,0.4431961,0.32147467,0.66844803,0.8563676,-0.3082083,-0.4299507,0.4847015,0.21658683,0.15144446
-1.7507973,0.023559585,-0.64337397,0.16135696,0.48639548,-0.15576428,0.51244676,-1.1830324,1.356069,-0.65536046,1.5316929,0.06912308,2.310035,1.2011652,0.15319464,1.1993802,1.724271,0.047508053,0.6382425,1.245238,1.0053657,1.4541277,1.0094426,1.2639041,0.91653615,1.1245339,-0.1510608,0.97805446,1.291238,0.6939029,-1.4462035,1.0294067,0.8579548,0.49620795,0.5309455,-0.9376135,-0.09465491,-1.1726346,0.97493595,0.25142902,0.8497832,1.2359688,0.7863984,-0.15285563,-0.19398135,1.2918459,1.0572573,0.9062428,0.88308835,1.2184515,0.97311133,1.021793,0.84970385,1.1201193,1.0915881,-0.14477521,0.10041168,0.7433295,0.78922147,0.90156126
-1.6315496,1.2726433,0.71146035,0.23445942,0.49363917,1.6170231,1.1313984,-1.6163229,1.5471228,1.623236,1.4867975,0.9749614,1.1751539,2.0939112,0.5190017,1.1453017,2.587848,1.440206,1.6530234,1.1530042,1.8295677,1.5549228,1.6605023,0.6730796,1.1201798,1.1503315,1.7321326,0.8076896,1.2847834,1.3138015,-1.4419616,1.3790454,1.9209764,0.30716148,0.7070932,-0.3483308,0.44640154,-1.0249547,0.90559644,1.0388206,1.2354795,1.3453078,0.9963589,1.6060859,0.522306,1.4774435,1.5019349,2.0624382,2.216962,1.5212779,1.2687259,1.0966902,1.0289496,1.5359675,1.1350398,-0.06713557,1.531537,1.0287797,1.2041216,2.1281002
-1.6747782,0.7519325,-0.15333232,1.2231412,0.48865914,0.14133511,0.4840094,-0.14120854,1.2327802,0.16900527,1.5920925,1.2175122,2.4671462,1.778811,0.4215987,1.4460797,1.5527745,-0.12656772,-0.14033628,0.9307096,0.7249404,-0.62875074,-0.73827785,1.4607564,0.6066412,1.2768874,-0.8712056,0.9019163,1.0621015,-0.19276106,-1.2861377,1.1285683,0.23662247,0.92769283,0.48245662,-1.0307525,-0.49535584,-1.0950933,1.3375182,-0.36889872,0.7045379,1.1035125,0.51736546,0.10455939,-0.7277871,1.3272705,0.79033965,0.05032471,0.23063667,1.1726819,0.54584724,0.692837,0.56439686,0.7617965,1.0260172,-0.5310788,-0.44022608,0.5832968,0.32420993,0.25820073
-1.596545,0.27349925,0.10376714,0.6889708,0.48639548,-0.8728782,0.012257052,2.0549455,1.4326758,0.9627596,1.5559744,1.8065404,1.1153698,1.6477697,-0.8548536,1.0860626,2.4159296,0.5240595,-0.15663895,1.1210699,0.8022608,1.1002694,0.11007237,0.9257248,1.0930157,1.3079531,-0.6525555,0.8494054,1.3492613,-0.31827745,-1.023909,1.0418085,0.8543044,0.9598155,0.58188045,-0.9207413,-0.23912528,-1.0832531,1.2804456,0.12533626,0.75229865,0.9156345,0.21269847,0.4806485,-0.21154681,1.0514433,0.7071982,0.8284228,0.9743021,1.0651811,0.4348999,0.56820405,0.4515157,0.8323446,0.72578347,-0.5225466,0.37807232,0.33180547,0.28649476,0.99896526
-1.0792141,0.9477268,-0.59378815,1.0185256,0.48865914,2.0777555,0.8229675,-0.9123856,0.7046474,0.26445627,1.1946591,1.789009,2.0035427,2.1785655,-0.18817835,1.5018137,2.0926528,0.002044291,-0.49669912,1.2710879,1.5371102,1.5544828,1.7486774,1.0676881,1.6208408,0.9430454,-0.40111226,1.4723933,1.3609524,-0.57228595,-1.0249171,0.7574411,0.14358813,1.0047286,0.46310443,-0.8655377,-0.56208247,-1.2631764,1.3569659,0.12560886,0.6372951,0.5399397,-0.08434088,0.03469054,-0.37434697,1.0942016,0.6122887,-0.049456578,0.06926434,0.88206494,0.014619391,0.18006627,0.042871077,0.6390043,0.75566363,-0.6383956,-0.42449844,0.23708016,0.49500984,0.12667659
0.47809768,1.6030468,0.8038462,0.6952138,0.48730096,2.8107312,1.4592737,3.3328323,1.1040987,0.80841464,1.9023201,1.8879927,1.1970773,1.0973458,0.08737369,1.2329175,1.4443837,1.6328421,1.1734864,1.1173869,1.1339531,1.7857103,1.5708367,1.6657753,1.0865704,1.3895086,2.6341617,1.804259,0.71791416,1.1714239,-0.7525352,0.99053705,0.79664135,0.46934548,0.47794235,0.011496557,0.56184113,0.12879719,0.7681485,0.006518189,0.7821755,0.8089235,0.14690544,0.89925873,-0.028333675,0.9582182,0.7731931,0.8686544,0.9387712,0.87244594,0.16847548,-0.16658393,-0.30661732,0.85501915,0.6190687,0.036866657,1.0114768,0.7781867,0.39815077,0.87312496
-0.80196387,1.6531407,0.904893,1.0735804,0.49001732,0.016294237,1.6876789,0.6792761,1.1924797,2.263649,1.6884348,1.7413418,1.8341244,1.36391,-0.14142819,1.3813927,2.1279364,1.4134184,1.5837922,1.4505496,1.2716265,1.1593814,1.0878183,1.6718417,0.5914291,1.7960896,0.98120105,1.0749301,1.5717539,1.540335,-0.7952082,0.90967405,1.2659564,0.30376408,0.6853208,-0.29633412,0.6209606,-0.7474181,0.6444758,0.18278109,0.6788041,1.121079,0.88862544,1.0167986,0.38101995,0.84166443,0.78416485,1.49117,1.5649896,1.0805612,1.1047208,0.99593043,0.97569835,1.1104549,0.86222893,0.32720327,0.71615535,0.6983938,0.4668768,1.5791657
0.072410636,1.9828625,0.9050363,1.1093714,0.492281,-1.7374601,1.0499235,-1.2166183,1.1895217,1.8676554,1.8781803,2.1234405,1.9107682,2.4117525,1.7020794,1.1243793,1.8611082,1.390118,1.8676308,1.1345896,1.7025152,1.2765372,1.2275517,1.5398015,0.9200583,1.6442254,1.9801998,1.0199715,2.2689052,1.7900791,-1.0293915,1.0822859,1.3289161,0.31878847,0.59607095,-0.23442897,0.6401915,-0.72246367,0.49195758,0.1620503,0.8270765,1.0906185,0.9074842,1.3408207,0.18429662,0.9598433,0.7803816,1.481003,1.6795174,1.2430983,0.88444287,0.88320106,0.8846469,1.0141143,0.92233914,0.32386142,1.4960123,0.6701329,0.5884687,1.5958089
-1.6491573,2.04185,0.8924776,0.9400797,0.49137554,1.536554,1.3615739,-0.42628434,1.14268,1.2192389,1.8990374,1.6993215,1.1805383,1.5989906,0.06591581,0.5649618,1.6997981,1.707465,1.8949223,1.1015192,1.2977774,1.5420145,0.73733234,1.5005614,1.3664118,1.5050055,0.48553428,1.326736,1.4124761,1.70405,-1.1135173,0.9651532,0.756446,0.7860744,0.46907836,-0.6634133,0.04023899,-0.98028046,0.6313949,-0.20219637,0.7121341,0.9464851,0.38319552,0.24976951,0.40790668,0.7620593,0.4103592,1.0993465,1.0756782,0.82101816,0.4467711,0.28688207,0.28367743,0.8974917,0.7478502,-0.27040252,0.22750711,0.65611774,0.33502966,1.0461682
-1.7853802,0.54093134,0.6034026,0.8946248,0.48684824,3.1410344,0.3431962,0.5080351,1.0007153,0.2664852,1.5793116,2.2406797,1.1627157,1.7644413,-0.25286624,1.0438592,1.1830996,1.3355339,0.95634127,1.076129,1.806155,2.1183264,1.6435131,1.5023718,0.8457303,1.0939393,-1.0941981,0.687126,1.3409187,1.1255074,-0.95050645,1.3155754,1.2737194,1.0871631,0.4653237,0.4114615,0.6063891,-0.1697313,1.0661745,0.72401285,1.019882,1.1957196,0.5026677,1.0529952,0.69937336,0.91883755,1.0460135,1.3920456,1.3884149,1.0830669,0.2654526,0.2614174,0.25105578,1.2915578,0.85809463,-0.2572247,0.34293473,0.77517265,0.7907564,1.3250238
-1.8660384,1.5383595,-0.30943134,0.44411907,0.4850373,-0.8416614,-0.15578274,-1.8022529,0.95179003,-0.27923563,1.3485644,0.4995342,1.5310148,1.7579819,-1.1517432,1.0193369,1.3125455,0.24397708,-0.060356725,1.3733362,2.265151,2.2180772,2.0086648,1.618851,1.197618,1.1925154,-1.0021833,1.0305642,0.89006764,-0.008315513,-1.0401509,0.4661686,0.35528988,0.9176714,0.48800367,-0.65197355,0.23163277,-0.9031606,0.86175203,0.26284274,0.63139486,0.72760403,0.5711148,-0.37715563,0.22052696,0.57760686,0.42053068,0.41652972,0.31631768,0.75315577,0.58638126,0.41089183,0.38155946,0.7162128,0.7889635,-0.16238905,-0.35069227,0.7690697,0.6728336,0.4665618
0.36782667,-1.3686903,0.8815297,0.048848744,0.47371906,-0.22474127,-1.0034008,-0.040133152,0.043386515,-0.34804755,-1.1620995,-0.49448782,0.24968158,0.9611868,0.14466374,-1.0270225,-0.026612319,-0.19539244,-0.19428217,-0.12642668,-0.16046667,-0.11980251,-0.09819682,0.5975513,0.4612449,-0.064159565,-0.39267552,-0.073857136,-0.650621,0.039736077,0.284348,-0.19335887,0.020894125,-0.18305296,-0.690352,-0.2762801,-0.68951625,-0.2238702,-0.5057258,-0.07723317,-0.66958696,-0.42688814,0.14241982,-0.40810058,0.45285958,-0.6209645,-0.18058601,0.060293492,-0.004069932,-0.56419444,-0.03046345,0.037738137,0.07296585,-0.5699309,-0.6312453,-1.023769,-0.17812449,-0.45123085,-0.3569598,-0.12001975
0.3990356,-0.6414355,0.07561583,0.9559287,0.44700798,-0.19693354,-0.17323078,-0.0162291,0.85644364,0.2558926,-0.35168993,0.060263295,-0.3327661,-0.3438651,2.0397844,-1.2166051,1.8543054,0.67520297,-0.34215623,-0.44856074,-0.47601187,-0.2901297,-0.21245891,-1.127137,-0.8053516,-1.1276321,-0.2299876,-0.7764985,0.23906724,-0.70246804,0.22568464,-0.24997263,0.019362826,0.085310295,-0.30819523,-0.3704995,-0.47057855,-0.3360959,-0.13388337,0.46975467,-0.42621714,-0.3778048,-0.052674398,-0.33471662,0.6683,-0.47512802,-0.20254669,0.2305187,0.04429247,-0.40215915,0.0018906938,0.14358461,0.1285426,-0.416402,-0.3766196,-0.5928371,-0.13054708,-0.23081905,-0.0062999884,-0.073909536
-0.90963167,0.9652441,0.5009017,1.0056944,0.47915182,-1.1586635,-0.03481831,-0.08214461,1.0674922,0.69224316,1.51824,1.0010628,0.68690807,-0.38473,1.1458694,0.62983245,0.61315125,0.7076419,0.441398,1.3380848,1.4995726,1.766438,1.9309446,1.3672844,0.8482969,0.3407653,-0.65526533,0.8677791,1.4068028,0.025601583,-0.28622326,0.38780335,0.7364041,0.67713106,0.34755737,-0.52378464,-0.28211722,-0.5621673,0.4068683,0.3937512,0.20587307,-0.002619885,0.150216,-0.33049348,0.7383957,-0.07764124,0.57584524,0.7836036,0.60365766,0.30427423,0.315124,0.38278282,0.37735337,0.115585044,0.026662098,-0.6826116,0.030605996,-0.015106042,0.17486918,0.6653841
0.18247078,0.5576283,1.568662,0.78866893,0.44383886,1.925408,-1.0804125,-0.18799058,0.5293662,2.455723,0.8213341,0.47626314,-1.1488651,0.27838394,1.8988788,-0.74620396,0.65694225,1.5829121,1.1010616,0.113129094,0.13726416,-0.085521705,0.84989667,0.02036074,-0.09908458,-0.5715898,-0.063201584,0.5647893,0.8435317,1.2681284,0.17520618,0.15855657,0.5724613,-0.61537296,-0.11060634,-0.42251858,-0.44926378,-0.5116113,-0.6107339,-0.13269676,-0.69054663,-0.59852886,0.015280628,0.07758592,0.32394055,-0.4295052,-0.14800969,0.47692993,0.5951756,-0.5961581,-0.19423744,-0.058722578,-0.005969596,-0.30889928,-0.46393955,-1.0787128,0.31673902,-0.6174011,-0.5786634,0.43950027
0.4672525,0.11503546,-0.18581532,0.65583247,0.45289347,1.1757145,-0.9619949,0.038272135,0.7880224,1.5248401,0.46280375,0.048125193,-0.7720624,0.4452224,1.3513863,-1.5425124,1.593148,0.134481,0.3913119,-0.22460678,-0.4569631,-0.28702754,-0.20790902,-1.1128373,-0.50348544,-1.3539569,-0.769435,-0.045878965,0.33262444,-0.6027615,-0.4356329,0.42365387,0.84511244,-0.40377817,-0.010653203,-0.18078853,-0.26820096,-0.35873595,-0.14811888,0.4560733,-0.20104903,0.13656572,0.17378953,0.20035675,0.76293397,0.0002423888,0.058447413,0.8543099,0.86540765,-0.10850743,0.060706183,0.07454966,0.21120043,-0.035407305,-0.22506775,-0.67977434,0.5746404,0.07787738,0.18495476,0.71617764
0.47558188,0.26553452,1.0657101,-1.3784407,0.48730096,-0.14175771,-0.9600423,0.044530652,-0.065656565,0.40479302,-0.7135826,0.04766154,-0.44958478,0.024152154,1.0217812,-1.2909241,-0.12578245,1.2815381,1.1903741,-0.096680395,-0.65768045,-0.1660627,-0.76994985,-1.5442162,-0.737993,-0.53701264,-0.33473262,-1.2373111,-0.56513494,0.8239341,-0.11172176,0.867919,1.2330257,-0.089626476,0.12572643,0.026842616,0.23076162,0.0282798,-0.06770949,1.0461923,0.4014933,0.22492582,-0.01334786,0.36807257,1.1197784,-0.22975166,0.45540816,1.4880142,1.3659056,-0.030097863,-0.055374227,-0.094301626,0.04058397,0.29663342,-0.053952415,-0.34362558,1.2981503,0.07774391,0.54042566,1.2435739
0.48602003,-0.79630995,1.0003916,1.1193391,0.48096272,-0.13461342,-0.95452917,0.053223036,-0.11690205,0.6521399,-1.0347714,-0.031775996,-0.7473017,-0.49577636,2.251906,-0.45581394,0.80150974,1.3029213,0.65082085,-0.9332447,-0.94216377,-0.7614049,-0.23527648,-1.3195521,-0.16352145,-1.3303648,-0.13341595,-0.3294964,0.21992889,0.009869339,0.28257573,-0.24898796,0.15721913,0.011455899,-0.29763347,-0.4562753,-0.8592608,-0.24646108,-0.3292125,0.002481781,-0.7199011,-0.5468302,-0.07805902,-0.6158842,0.45318282,-0.72521037,-0.27019513,0.1488453,0.10088799,-0.71910834,-0.25094974,-0.1898067,-0.14592221,-0.5797305,-0.79161453,-0.9979665,-0.11314548,-0.5346158,-0.50088537,-0.07800925
0.48939398,-0.52922696,0.9901849,1.066403,0.29670158,-0.1234024,-0.95039433,0.058264617,-0.032328982,1.3131793,0.563853,-1.23568,-0.7375126,-0.6262384,2.293606,-1.1220326,-0.36772352,0.60103846,0.15320085,-0.7049191,-0.93906724,-0.6135006,-0.3374032,0.23034383,-1.0451039,-1.0470821,0.23792888,0.2821034,0.25649214,0.30465162,-0.17347413,0.047744185,0.36922753,0.388791,0.21681589,-0.68503785,-0.92266375,-0.81121224,-0.006237944,-0.099095926,-0.28904918,-0.12071494,0.35372096,-0.6791101,0.4836284,-0.4066761,0.33888757,0.36448523,0.3033603,-0.2854434,0.12356649,0.0015644345,0.16840804,-0.11737274,-0.3023136,-1.4201169,-0.032447204,-0.31614402,-0.26952386,0.14027064
0.537081,-1.0253699,1.2557782,1.4626608,0.37094933,0.79215676,0.35005832,-0.61921966,1.1325722,0.61507076,0.93185097,-0.0845999,-1.2235173,0.045990728,-0.2439986,-0.7007543,1.4086164,0.86908954,0.73513126,0.55639344,-1.2887795,0.11960982,0.62523896,2.3179402,-0.42010137,-0.00018730944,0.23348597,0.04677007,-0.013286181,1.0116433,-0.18300924,0.99440575,1.0963632,0.66744703,0.50204486,0.5673181,0.7788039,0.28188205,0.8757612,1.1933395,0.9817125,0.5303499,0.3459729,1.3223602,0.84414977,0.37881428,0.76692474,1.296667,1.3954638,0.7010482,0.10612117,-0.26884663,-0.21641201,0.959328,0.1686691,-0.42338762,0.49611047,0.62801754,0.96122503,1.4143076
0.10163932,1.3710461,1.0051115,0.48676068,0.4877537,1.4426255,0.31976774,-0.94291484,1.3765228,0.93437487,1.2615523,1.7779392,1.0755045,1.4076657,-0.4085469,1.0018513,2.0010097,1.5020546,1.2232535,1.6647487,1.8857734,2.549561,2.3005855,2.1527514,1.1935256,0.3925048,0.29117897,1.0575223,1.620965,1.3083798,-0.8342706,1.2037525,0.97752917,0.35451785,0.569204,0.93127847,1.1856762,0.406249,0.8939127,0.65919304,0.95773804,1.0558043,0.95187515,2.1730895,0.15746783,1.121257,1.1343124,0.9952066,1.3375673,1.3178986,0.8523803,0.9183415,0.9659313,1.4469649,0.93392843,0.41794217,0.2500239,1.3729529,1.1371095,1.3382158
1.3945315,0.72576714,0.72736967,0.83423424,0.48639548,-0.47456276,0.9428014,-0.38550186,1.3387905,1.2417616,1.6153624,1.2080139,2.4639316,1.8087884,0.24713355,1.3648744,1.6437079,1.7684127,1.113684,1.3895533,1.6831664,1.7488387,1.6050065,1.9945807,1.1105936,0.4647473,0.5144694,1.2309523,1.8217416,1.1126267,-1.3666571,1.1106237,1.2867926,0.26545358,0.4771024,-0.10824373,0.76448846,-0.48504728,0.84098506,0.45728117,0.86571074,0.96445066,1.5565522,1.2379204,-0.37286827,1.298739,1.3516524,1.187531,1.3289548,1.3383167,1.6763645,2.0762062,1.9063932,1.3229554,1.2539396,0.047779627,-0.09960118,1.1271577,0.9129672,1.5058818
0.35065785,1.2170329,0.9678566,0.8315523,0.4850373,-0.057349794,0.79442036,-1.8403256,1.607293,1.3064407,1.6086324,2.0758398,1.8267677,0.9571912,0.58977866,1.2041943,1.6314408,1.9133725,1.7688841,1.4973552,1.7262548,2.3713655,1.9482292,1.7719966,1.0201758,0.09400755,-0.11066408,1.169954,0.7213451,1.5136038,-1.0372465,1.5517634,1.5450288,0.57759446,0.50017554,0.02004916,0.6582981,-0.39697862,0.9151219,0.70436573,1.0028174,1.0732621,1.1096016,1.2991133,0.21912502,1.2583303,1.1276209,1.6715504,1.8316777,1.3860005,1.2921681,1.477767,1.3298547,1.2276877,1.0208895,-0.28559774,0.17054033,1.0462993,0.9245857,1.7960157
-1.9783274,1.5471946,0.25419128,0.5050491,0.47552997,0.12627457,0.15139094,-1.8916106,1.9212435,0.05542041,1.5153044,1.9537697,1.9875164,0.3081131,-0.38031182,1.1560923,1.3361052,1.1535537,0.8856503,1.4729296,1.8605046,2.2519424,1.6271604,1.8697345,0.1872412,0.40616268,-0.6798611,1.3928891,0.8922207,0.7284667,-1.3399255,0.8848449,0.74079984,0.26289666,0.46985096,-0.6161483,0.23674548,-1.0773679,0.7580351,-0.43544862,0.5928692,0.84982735,1.4402628,0.51725954,-0.6274111,1.2711656,1.2178993,0.5959034,0.6677024,1.248784,1.5352134,1.7693769,1.6430992,1.0745343,1.1236603,-0.2504106,-0.3751408,0.9498674,0.18209377,0.837256
-1.9354151,1.3965926,0.012516779,0.7459559,0.4877537,-1.221291,-0.17973052,-1.8600572,1.7510866,0.13557377,1.3002241,2.0905092,2.327157,0.74330515,0.046167124,0.8939494,0.9878747,1.1384658,0.9834854,1.3426753,2.0022788,2.0216327,1.884568,1.3943393,0.70706147,0.52777535,-0.7589713,0.6944804,0.7489064,0.8288085,-1.2477226,0.92428094,0.6606685,0.34449515,0.558681,-0.7355573,0.15833682,-1.236741,0.5787836,-0.36932257,0.6590888,0.9951265,1.5129114,0.14788374,-0.5092291,1.1537937,0.8776954,0.79289544,0.84919614,1.1554341,1.5641646,1.8608706,1.702293,0.8857847,1.1075659,-0.038101345,-0.06337151,0.9207984,0.1795862,0.98361844
-1.8674091,1.1404207,0.37114283,1.6863343,0.47960454,-0.21778584,-0.3273902,-1.8030353,2.1910217,0.06766208,1.4519331,1.7272183,1.7825993,0.116206184,-0.5889361,1.5349939,1.3238698,1.0886514,1.2005394,1.2642143,1.1391068,2.0860376,1.916189,1.2313962,1.1649652,0.5180214,-1.4790778,0.58824486,0.5570216,1.0974838,-1.2334528,0.95183796,0.6011811,0.69435424,0.4837138,-1.1058893,-0.3069739,-1.308981,1.130791,-0.27049938,0.57380295,0.79740393,0.85295945,0.035484422,-0.14917189,1.2210361,0.8672698,0.60979885,0.66368395,1.1502028,0.94896436,1.0514406,0.94176847,0.82620275,1.014211,-0.48309338,-0.07951378,0.64262795,0.27373487,0.7187732
-1.912641,1.3757764,-0.51159114,0.7613642,0.48549002,-0.35508978,0.33374026,-0.52929455,1.7170511,0.11068789,1.6734422,0.939937,2.2831705,0.81516296,-0.659341,1.2352761,1.5425167,0.1797251,0.08693706,1.4872538,2.120384,2.0180109,1.745627,1.6450613,1.0511374,0.34556097,-0.6990045,0.94371116,0.97393185,0.13116518,-1.3859019,0.9686238,0.4767597,0.78612536,0.57877386,-0.85721326,-0.16059053,-1.1084921,1.2967489,-0.20723243,0.76270956,0.9745241,0.99062157,0.19056502,-0.6746516,1.4156516,0.83105916,0.23400912,0.4075648,1.2848641,1.2060401,1.3052568,1.1426436,0.97339004,1.1412804,-0.36099815,-0.254121,0.85422415,0.6290059,0.50965405
-1.8391523,1.2255603,0.2601548,0.25484926,0.48141545,-1.8380296,-0.026895817,-0.21460105,1.0964798,0.81218976,1.2077012,1.7178466,1.4757227,0.31413612,-0.5015518,1.2001258,1.2215785,0.49176443,0.6686827,1.1923862,1.7966822,2.3975372,2.4641974,1.6875937,1.1441722,0.69705385,-1.1526614,0.951799,1.1822921,0.802292,-0.98234415,0.90151983,1.0006464,0.7140058,0.41203827,-0.5681769,0.22743064,-0.7990614,0.94112414,0.44148088,0.74731284,0.8069471,0.61816806,0.7923637,-0.0037414338,1.0431529,1.0235977,0.98949087,0.9698928,1.1487222,0.8138735,0.8937545,0.7709847,0.99038225,0.8601156,-0.13062002,-0.13624454,0.574144,0.69288313,1.0403416
-1.8388361,0.89015526,-0.73667157,-0.13978688,0.4832264,-0.22909953,-0.025852831,-1.0818499,1.1570749,-0.6298939,0.91707623,1.2776886,2.3160367,1.0162394,-1.5753131,1.4633961,1.4808301,-0.24753195,-0.6926637,1.4710866,2.4427755,2.475037,2.4451687,0.78425795,1.5021801,0.37594834,-1.4966917,1.010818,0.89388025,-0.5286115,-1.2001892,0.95587206,0.19642365,0.80888855,0.4211353,-0.79733175,0.07071082,-1.0933573,1.2408761,-0.15732807,0.6897444,0.75867707,0.61413246,0.10300262,-0.68701863,1.36718,0.9896371,0.1513316,0.21918623,1.3254582,0.9434365,1.224475,1.0218432,0.7881293,1.0661447,-0.20947294,-0.5620868,0.7003496,0.43389475,0.28797033
-1.8689907,0.3589636,-0.07057335,0.9142788,0.48594275,-1.8591328,0.6080496,-0.9536728,1.4641093,-0.78760344,1.5572149,2.0473485,1.2866753,1.3079594,-0.19679269,1.5691302,0.98114645,-0.4311791,-0.671832,1.3002151,1.5196995,2.1966608,2.1718123,1.2438931,1.497553,0.8832093,-0.43471667,1.3051368,1.0768988,-0.6779543,-1.0559729,0.786988,0.291056,1.0391344,0.5029471,-0.7509977,-0.25527313,-1.1031941,1.488769,-0.009367516,0.730867,0.8855356,0.19597833,0.044986334,-0.4121007,1.1702771,0.76758355,0.23067306,0.22661608,1.052799,0.3960408,0.57447505,0.4419923,0.8217595,0.8397746,-0.4295101,-0.29213175,0.28988156,0.391443,0.2867932
-1.8936626,1.385802,-0.58107454,0.19769202,0.49182826,-0.047714658,0.120027006,-0.8845741,1.438038,0.49222958,1.3746597,1.6246938,1.5739818,1.5791795,-0.846365,1.1472971,1.0614438,-0.3942474,-0.31060174,1.4154453,1.8041745,1.8063053,1.7824843,1.22405,0.87755615,1.0239547,-0.8507286,0.16521457,1.6777778,-0.66937286,-1.2223655,0.5463903,0.20336832,0.75466776,0.5084591,-0.5402455,-0.05886238,-0.7154981,1.20205,0.16838259,0.74414295,0.9659466,0.9238946,0.20263484,-0.684911,1.2901998,1.0676003,0.023452926,0.035511084,1.1575971,1.1740279,1.3385543,1.1686505,1.0379965,1.0734888,-0.26023522,-0.40571582,0.7527292,0.75321764,0.19878256
-1.8225989,1.2266121,-0.47838387,-0.011863979,0.49273372,0.14721225,0.83544636,-1.0654588,0.71110886,-0.90455735,1.449651,1.8854024,1.840091,1.9934558,-1.1111304,1.4516864,2.2623334,-0.24776344,-0.42359564,1.0979582,1.6244715,1.9832628,1.9098128,1.3245366,1.3658599,0.99689525,-0.91710985,1.2993696,0.58167297,0.006155267,-0.8374122,0.9754685,0.91419095,0.47716057,0.5490026,-0.3827906,0.28709587,-0.7472232,0.7401207,-0.10913584,0.63743836,0.8537021,0.61260754,0.54700506,-0.11703757,0.9917822,0.6501634,0.9762316,1.0744159,0.99846584,0.86406016,1.0567639,0.87817675,0.76198965,0.8453472,-0.18554594,0.17184088,0.700032,0.22508222,1.097727
-1.8066782,1.1139848,0.35255292,-0.14699875,0.492281,-1.8056055,0.79472476,-1.2374315,1.0193877,-0.7464232,1.1778296,1.6251518,1.3909744,1.0908182,-0.090559885,1.2539569,1.3886126,0.78189456,0.741394,1.2198611,1.2853727,1.9044284,2.1690314,0.779195,0.9882847,1.2045658,-0.39661598,0.073292896,0.2583678,0.6549488,-1.2238984,1.0136414,1.2246494,0.543071,0.585547,-1.1161352,-0.1666742,-1.3060127,0.9135023,0.58040076,1.0125909,1.2617007,1.458608,-0.17131642,-0.15444069,1.1824648,1.4509811,1.3047738,1.1388739,1.2378861,1.5059555,1.6795226,1.578908,1.2220429,1.2694172,-0.3543609,0.14714494,0.67182183,1.0721301,1.2338729
-1.7352983,1.6633757,0.43998155,0.59233683,0.48730096,0.117642194,0.4907894,-1.6996828,1.1602955,-0.21090417,1.4017314,1.2202686,1.9430821,1.6137475,-1.0976099,1.1547092,0.7926029,0.5403922,0.8117989,1.0834757,1.1315418,2.1250565,1.5217736,0.88345605,0.7299772,1.2321724,-1.1843598,0.6451516,1.1410328,0.98493534,-1.2902817,1.1374601,0.9881121,0.5843013,0.5470739,-1.0637457,-0.101372816,-1.2907307,0.80836993,0.012343699,0.7997357,1.1672119,0.48906824,0.04639593,0.023234146,1.0137506,0.4566248,1.1145899,1.0396198,0.98138726,0.6582576,0.6790915,0.47986734,1.0847905,0.88038015,-0.24381861,0.08304997,0.4369384,0.49917856,1.0633023
-1.6423041,1.423057,-0.4278793,1.2093377,0.48639548,-0.71683735,0.51888734,-1.6265799,1.5824594,-0.6768837,1.6632636,1.2702607,1.006936,2.1758347,-0.2363936,1.0253371,1.6112372,-0.2336114,0.100567505,0.9408553,0.73228115,-0.22464347,-0.60068494,1.5185642,0.2811444,0.9775055,-0.69067246,0.570227,1.2209013,-0.122017264,-0.6687435,0.6843542,0.22657774,1.0165118,0.5155839,-0.9018271,-0.7167617,-0.9631373,1.0651077,-0.18322982,0.38350612,0.23086223,-0.19996467,-0.24362674,-0.04822523,0.7385348,0.29284042,0.054749418,0.15065373,0.5206517,-0.3000511,-0.2693224,-0.3945463,0.3519621,0.2789737,-0.7378246,-0.2365242,-0.10615508,0.04546693,0.06329775
-1.6194245,1.7521435,-0.6960043,0.77089673,0.4850373,1.1370552,0.82075435,-0.9587201,1.4278941,-1.0045512,1.4973688,0.8769168,1.6206595,1.0541856,-0.88977695,0.7509129,1.4468759,-0.35625473,-0.105713345,1.052065,0.046577033,1.1971453,0.30743566,1.1358048,1.2617166,0.7997175,-1.1623976,0.69615066,1.1881764,-0.35340923,-0.775153,0.7038918,0.2478065,0.97554505,0.47720873,-0.8411415,-0.50024235,-1.0201234,1.1847401,0.13767807,0.7147062,0.7744653,-0.17066054,0.060224324,-0.008365452,0.82874143,0.5157376,0.15408343,0.24828112,0.77972555,-0.09542774,-0.13429199,-0.24534374,0.60267437,0.5990503,-0.58063096,-0.28756648,0.22985989,0.41959137,0.2065407
-1.7662964,1.1855233,-0.15693508,0.24705945,0.4877537,1.3193966,0.46659938,-1.7244561,1.2588251,0.16029072,1.4233018,2.506971,1.498404,1.5247197,0.3255993,1.3343278,1.7073272,-0.03122888,0.020527372,1.3264327,1.9848827,1.0427048,1.0082239,1.0336357,1.0595806,1.3195508,-0.5480798,-0.15903215,0.28179654,-0.042533513,-1.0721508,0.989154,0.29526764,0.7827621,0.5830997,-0.98552567,-0.3808121,-1.1776416,0.8994387,-0.3552947,0.6781764,0.80795115,0.3987892,-0.35404146,0.022814242,0.95047593,0.5487505,0.38857248,0.27319592,0.82032484,0.58078384,0.5268684,0.44627225,0.71271336,0.7869568,-0.27496043,-0.41684237,0.42348778,0.26430154,0.40168536
0.63258404,0.8506852,1.3063931,0.29127964,0.49545008,-0.7853239,0.9883129,-1.6246675,1.085037,0.9503377,1.6996903,1.5742916,0.91375554,1.2514329,0.7501811,1.4486263,2.5078006,1.7044113,1.6877042,1.4875853,1.262905,1.4927411,1.1434361,1.2826906,0.8626053,1.5941532,3.0617862,0.61606425,0.8838125,1.6198006,-0.61074674,1.0412534,1.2331901,-0.18778738,0.6118404,-0.26064092,0.067237526,-0.5657869,0.24121298,0.019119835,0.6451566,0.8061033,0.8183696,1.8213246,0.078713804,0.63966864,0.5849808,1.4489291,1.5983095,0.6121384,0.49140057,0.25634608,0.21619517,0.86825997,0.5407536,-0.030184522,1.5453156,0.57216334,0.28012702,1.6251084
-0.8888875,1.8226334,0.90610385,0.7694417,0.48820642,-0.40052623,1.2101865,-0.8350235,1.016033,2.241006,1.8620098,1.4704087,2.0333753,2.416457,1.3146608,0.95795727,2.3214853,1.3931688,1.7440495,1.3516321,2.037419,1.9114745,1.7067226,1.4004327,0.9069266,1.7126889,0.36588907,1.0368049,1.4851303,1.6343703,-0.9525375,1.0040472,0.97858024,0.47129974,0.5692528,-0.25843948,0.41746238,-0.73409545,0.705307,-0.21330395,0.5291243,0.9301989,0.6464764,0.6329052,-0.044424202,0.89713943,0.8545587,0.9904483,1.2199866,1.0346608,0.67841005,0.6680093,0.5796004,0.76417446,0.7419319,0.0023742523,0.31389165,0.46495894,-0.034687396,1.2704786
-1.9357314,1.2061481,0.754495,0.70758146,0.48911187,0.8761197,0.9730052,-1.8591881,1.1481986,0.46580723,1.4730799,1.8404104,2.181183,1.9594623,0.20181993,0.8051099,1.6884109,1.397346,1.3842734,1.366162,2.1867714,1.8930357,1.6192852,1.6217861,1.2089009,1.4027455,-0.20756193,1.1866374,1.380444,1.2977141,-1.3394228,0.78071076,0.43273076,0.8496478,0.47094792,-0.66336834,0.27654627,-1.0125337,0.94769055,0.018179273,0.83069867,1.2939401,0.6596072,0.22927341,-0.01295058,0.9908132,0.47576916,0.61207676,0.689517,0.9273269,0.5983388,0.51094425,0.37401715,1.0689076,0.93207735,-0.22096789,-0.19298214,1.0730617,0.6923473,0.6766783
-1.4010673,0.57689345,0.41341645,0.46992013,0.48730096,-1.5324743,-0.55450904,-0.7392979,1.3251219,-0.89036477,0.66236854,1.886529,1.0371307,1.080932,-0.5006763,1.1437168,0.91774863,0.9777836,0.6640369,0.9440907,0.8094679,1.6130129,1.5953373,1.453983,0.73671746,1.302791,-0.3318385,0.98359734,0.54661494,0.40377668,-1.023394,0.4507275,0.28030175,0.5719571,0.458377,-1.1118206,-0.242984,-1.2309499,0.45882785,-0.59070426,0.3494379,0.6212575,1.0944206,-0.8381793,-0.15795133,0.4835812,0.58447963,0.2166447,0.1280123,0.5946529,0.82770675,0.8737468,0.9121362,0.8248347,0.44079173,-0.6168123,-0.5269824,0.46523944,-0.07726425,0.33692056
-1.2264658,1.4337511,0.898377,0.4210021,0.4877537,2.4411542,0.90757155,0.9116451,1.315639,-0.7542082,1.4300404,2.1844597,0.87487847,1.3022121,0.58133096,0.7290424,1.3065536,0.48415458,0.7502345,1.4936278,1.629476,2.358283,2.143425,1.2819042,1.3370365,1.2961105,-0.76765835,1.6570958,0.38488632,0.9772541,-0.6828508,0.5983033,0.42674962,0.93479913,0.08604021,-0.5457328,-0.1465404,-0.7023222,0.5185486,0.16952786,0.46081555,0.2520803,0.41008556,-0.35768968,0.8121189,0.16423786,0.44425017,0.61019444,0.4687529,0.365019,0.15016574,0.24803437,0.22919245,0.47370708,0.1659325,-0.62529635,-0.23785838,0.12003982,0.2362733,0.51902527
-1.531702,1.809863,-0.72818166,0.19173206,0.48684824,-1.6074343,0.44749153,-0.75323004,0.9036732,-0.18855019,0.8505324,1.2989262,1.860667,0.5615888,0.41361487,1.1350665,0.7955518,-0.07659148,0.15435697,1.2986175,2.0821657,2.3074405,2.263332,1.7973139,0.35909986,1.103188,-1.2479247,1.340567,0.8082682,0.15942727,-0.73378557,0.2527883,0.27695325,0.6309646,0.7240076,-0.012959374,0.48805475,-0.48778588,0.51980305,0.09053876,0.5211447,0.4016309,0.53601176,-0.116364576,0.39684144,0.44182354,0.49346656,0.3548224,0.25934044,0.64290386,0.4642937,0.5883365,0.5656758,0.7127009,0.4455049,0.06622893,-0.4844193,0.54195553,0.27827448,0.39174592
-1.5450923,1.0152365,-0.34599835,0.8464369,0.4850373,-0.83224815,0.20856495,1.4823446,1.1449414,1.1827785,1.1276101,1.8793932,2.0600653,0.42421073,0.24746622,1.1021726,0.80557513,0.62512904,-0.2593593,1.1969261,1.5174087,2.7499835,2.9494367,2.096738,0.5054832,-0.41773286,-0.8884114,1.7259274,1.9107071,0.3598042,-0.69684374,1.138985,1.0443445,1.2314017,0.6160523,-0.46316528,0.17534441,-0.73279285,0.96227735,0.78095454,1.077982,0.93030167,0.210165,-0.16475856,1.1515338,0.49181214,0.8848964,1.1915253,0.9967581,0.84788096,0.18771984,0.29699093,0.19943275,0.9338245,0.4877387,-0.5400529,-0.09462869,0.61977315,0.840194,1.0466013
-1.159936,1.3170165,1.4429638,1.000511,0.47371906,0.9823302,-0.123312294,-0.61369497,2.1550179,3.2346423,2.328577,2.161306,-0.24259003,1.1678914,1.2542208,0.5914205,2.4155996,1.0290405,1.1047969,1.2039421,0.043276154,0.78948885,-0.39687115,1.1567998,0.26617828,-0.6562069,-0.69689804,0.41840124,2.312229,1.3708588,-1.2905886,1.2472118,1.3089246,1.1935394,0.62216336,-0.8250014,-0.01836335,-1.5333822,1.3001841,0.37863943,0.9259117,1.1281953,1.1220802,-0.34948224,0.35447416,0.8541808,1.214742,1.3096712,1.2561994,1.1332824,0.86622274,1.0351549,0.95080894,1.5039951,0.9933062,-0.8098225,0.18735552,0.4784137,0.71297437,1.3518857
-1.4159337,1.0990808,0.94435436,0.8737487,0.46919176,0.9763117,0.60036266,-1.440476,1.9446964,3.188658,1.9204022,3.0299377,0.7907804,1.0474917,1.4816333,0.6586529,1.7293717,1.581024,1.3100226,0.79881126,0.63238466,1.2923504,1.3951334,2.1704693,0.34462616,-0.2794986,-0.39003682,1.5405102,2.4365494,1.3486866,-1.2843636,1.0779139,1.1088142,1.0679672,0.5893976,-0.9601964,0.011844794,-1.3586999,1.0960304,0.6878683,1.0086141,1.1953002,0.7390474,0.08470418,0.54949206,0.73516756,0.5839545,1.5448049,1.3898244,0.958799,0.85525686,0.90960574,0.6715867,1.2983389,0.8065391,-0.41186276,0.3694263,0.7811549,0.9030419,1.3618519
-1.5323347,1.23453,0.3702697,0.9557413,0.451988,0.8158055,0.12237367,-1.5355706,2.173406,2.6500244,1.7411737,2.8269722,1.3151486,-0.18032745,0.9488842,0.8621527,1.5025557,0.90391654,0.76401526,1.2823045,0.22978833,1.1954328,0.515035,2.2541122,1.6409205,-0.3132725,-0.3101967,1.5027128,2.3415375,0.5722236,-1.4751784,0.92333657,1.1309649,0.75648767,0.49250525,-0.9872188,-0.18815875,-1.4666034,1.0751938,0.8160021,1.0064956,1.1997693,1.3350905,-0.11967633,0.015202304,1.0786486,1.0411102,1.194313,1.0610762,1.1847357,1.1968246,1.3285617,1.2378665,1.3361976,1.1395965,-0.57710993,-0.27409282,0.89053327,1.1723529,1.2445092
-1.5342325,1.7570753,0.77480775,0.9517131,0.47552997,0.84792334,0.17769867,-1.537483,1.7750437,3.006926,1.9292787,1.847169,0.20549676,-0.3808772,0.94064975,1.1453314,1.2911583,1.7219471,1.4088073,1.2279721,0.27152646,0.86470765,0.9763947,1.6663147,0.3122791,-0.47198516,-0.09056334,1.1667947,2.3514004,1.259529,-1.5923785,0.8517904,1.3554329,0.5835557,0.66971105,-0.9864531,-0.070091955,-1.4813225,0.9800229,0.6228895,1.0989785,1.2359977,1.1878177,0.19034225,0.14080317,1.1579541,1.1387317,1.3894368,1.3996569,1.1650007,1.3195586,1.2985702,1.2656728,1.4443283,1.1448474,-0.31612325,0.16030204,1.0115167,1.0556787,1.4808277
-1.529277,1.8594574,0.7656916,0.81012666,0.4651172,0.09386411,-0.019924643,-1.5335714,1.8509179,2.162681,1.4286766,2.0242546,1.1383256,-0.18585527,0.90036285,1.1658391,1.2357543,1.5977346,1.4381584,1.0676119,0.25728676,1.5509593,0.8301925,2.467864,0.019259945,-0.4508944,-0.32591015,1.5083226,1.4494884,1.2386006,-1.0801482,0.5192422,0.75882757,1.1265332,0.5899837,-0.9981943,-0.20756274,-1.2721858,1.1122947,0.44590744,0.86915296,0.8965105,0.7989027,-0.32980466,0.30505216,0.8899311,0.6729834,0.9741842,0.8394432,1.0292604,0.8731613,0.79893386,0.71394676,1.1589048,0.8606521,-0.5429234,0.22993174,0.664675,0.8600037,0.9141073
-1.1387434,0.2768147,0.4607816,1.1742893,0.46421173,0.055904098,0.56630576,-1.2250787,1.8148036,2.5199597,1.7371569,3.3030825,0.031280406,-0.36566198,2.0563836,0.98515147,1.2953157,1.0478971,-0.18604434,1.1385975,-0.24101591,0.25352576,0.66934514,1.905592,-0.22817466,0.34437153,-0.9409034,0.85281765,2.271331,0.29791948,-0.69332904,0.5698759,1.0111028,0.8308104,0.44200104,-0.66774464,-0.3258528,-0.8350213,0.6997442,0.7069622,0.5496758,0.41292736,0.4607896,-0.24028009,0.9528366,0.19896987,0.5261795,1.0721534,0.938905,0.6311753,0.54850346,0.3928503,0.45725733,0.59312296,0.31324252,-0.5541067,-0.12978959,0.31807607,0.5793324,0.971162
-1.7186395,0.8884088,0.81736934,0.5557219,0.47326633,-0.71932733,0.054199845,-1.6846449,1.4302896,0.34879732,1.2214168,0.64339143,2.0651603,1.3140813,0.87268084,0.9332826,1.1185459,1.3916935,1.258717,1.452127,1.4846346,2.5201259,2.6371744,1.7599427,0.9509752,-0.31382474,0.0694891,1.3033615,1.4559643,1.539194,-1.5853202,1.2082689,1.1718478,0.60847735,0.36854213,-0.0268912,0.7408919,-0.40888253,0.9958315,1.2716146,1.3548036,1.3998146,1.4672017,1.0271838,0.3370418,1.1981542,1.4963493,1.5430039,1.4951904,1.2808427,1.2873337,1.6216332,1.5406138,1.7724006,1.1462704,0.26622924,-0.03316141,1.4765171,1.5517917,1.6450644
1.6797596,1.644566,1.2674332,0.66369385,0.48865914,-0.5431954,0.6012146,0.9285847,1.3588171,0.7654989,1.1588893,1.6107028,0.91032743,1.5340554,1.2841785,0.05618326,1.426853,2.3208292,2.0685172,1.544733,0.85889685,1.534613,1.6818918,2.3354347,0.6372708,0.64632803,2.7030544,1.8444898,1.1845816,1.6661924,-0.3188779,0.9937711,0.9525454,-0.15835884,0.572782,0.66944057,0.6742513,0.24728428,0.4614172,0.66192824,0.79928535,0.91394943,0.7558536,2.240306,0.048777774,0.6856227,1.0845184,1.2439985,1.4550022,0.7299128,0.6890272,0.39691156,0.4817177,1.3311148,0.5739334,0.48722482,1.2131027,0.8901766,0.8745286,1.356117
1.5406699,1.4441074,0.818506,-0.18122573,0.49363917,2.164354,0.82070297,1.3302941,1.1395706,1.6117742,1.1687387,1.7932037,0.84763885,1.8270237,0.69952786,0.9684291,1.9660163,2.11631,1.9720142,1.5386328,1.6797267,1.5333979,1.3289961,2.3918824,0.42598236,1.2543257,2.4425175,0.46557754,0.9975596,1.8174106,-1.200535,1.3196126,1.6448804,0.51726204,0.6434418,0.6181411,0.68701404,-0.118194245,1.0595906,2.6610055,1.7641777,1.3813056,1.1309116,1.4970328,1.1095724,1.2894254,2.1064074,2.0692608,2.0879626,1.4842545,1.2089906,1.2833855,1.3770293,1.8902774,1.0892526,0.13041629,1.315779,1.201142,2.2501905,2.1082006
-0.45462456,1.7556156,0.906926,0.4050654,0.49047005,2.0315425,0.39111373,-0.56434286,1.2465539,1.5045825,1.6569229,0.8076468,0.69588524,2.2371116,1.0567077,0.821261,0.4552924,1.9344162,1.7745945,1.3689718,1.0449862,1.8458774,1.1754415,2.0301917,1.3296584,0.34371665,2.9465673,2.1230307,1.3537251,1.7932657,-0.5894156,1.2796979,1.5486189,0.117781796,0.71540326,-0.12384488,0.44079083,-0.36129144,0.861682,1.6120625,1.2010639,0.9782486,0.88727516,1.5737793,0.6198334,1.209355,1.4948691,1.7776105,1.8249029,1.1855778,0.8365924,0.68713796,0.7683157,1.7780856,1.0073453,-0.0831114,1.8708582,1.236316,1.5448878,1.8846961
-1.3647724,0.74254936,1.0616412,0.48673362,0.48639548,0.4033146,0.104673915,-1.8042521,1.5882269,0.49384004,1.8484551,1.9343858,1.0919949,1.3225521,0.74730253,1.3801368,1.1353846,1.9413071,1.8819826,1.4553075,1.6824007,2.5133083,2.6616092,2.089621,0.5349363,-0.07318336,-0.0006338724,1.2369741,0.7719769,1.643597,-1.7173558,1.0516096,1.3066015,0.3961508,0.5716459,-0.6163978,0.53756094,-1.1813802,1.0913455,0.7828318,1.0863851,1.4192741,1.4944918,1.0756251,-0.090519585,1.433693,1.4763051,1.352885,1.4353509,1.5169002,1.4493082,1.8026104,1.8628945,1.5249975,1.2330545,0.0077263843,-0.08698834,1.0357851,1.1258025,1.6150475
-1.0410322,1.3752253,0.81377584,0.8531359,0.48186818,0.07159411,-0.6983121,0.2872963,1.9464742,0.6175889,1.8070985,1.989406,1.2873558,1.9984564,-0.08783327,1.1260573,1.8772757,1.5341043,1.6835219,1.2572554,1.2583346,2.0026717,1.954398,1.4211934,0.9051683,-0.086345404,-0.22274408,0.59038574,0.5002204,1.5113509,-1.5144726,0.9621719,1.1891448,0.5569562,0.5041146,-0.6212444,0.22666013,-1.1766381,0.8368708,0.6063718,1.010842,1.1341724,1.4393605,1.0793266,0.18531948,1.2025714,1.1359154,1.3903089,1.5070499,1.2650224,1.4083272,1.4743657,1.4374666,1.4047986,1.0670083,-0.22471392,0.036355086,1.0913942,1.026834,1.5918922
-2.0078495,1.5739392,-0.14951211,1.338766,0.48005727,-1.2993048,-0.20880796,-1.9132546,2.10332,0.053977873,1.4796742,1.690776,1.3327692,0.22922866,0.089105286,0.9533427,1.3661227,0.83207977,0.7186356,1.3232169,1.7481753,2.9047668,2.730092,1.6243608,1.0780956,0.5722434,-0.6998885,1.0214305,0.75287306,0.61219597,-1.427676,0.7438113,0.3178567,0.5163525,0.54815835,-1.08313,-0.01735355,-1.232826,1.0157527,-0.11953545,0.7347937,1.0260823,1.3351324,-0.18973759,-0.62998056,1.2851856,0.8238543,0.35887682,0.2805802,1.2562737,1.515132,1.6291734,1.4584388,1.1192575,1.1794668,-0.19626835,-0.8628278,1.0047694,0.60118544,0.4293364
-1.8425263,1.2973915,0.02233119,0.2552664,0.47960454,0.48295394,0.6642295,-1.7819128,1.6096253,-0.84855765,1.4047829,2.0457273,1.5866183,0.9302566,-0.2904598,1.4623319,1.414762,0.55508673,-0.038985692,1.3977561,1.5241721,2.488955,2.5554469,0.9821184,1.365147,0.6052586,-1.0946277,1.0843014,0.40743628,0.12996428,-1.1364626,0.6371801,0.23789157,0.7689035,0.43395102,-0.6482508,0.10794498,-1.0501626,1.0852284,-0.03202779,0.7211716,0.7685459,0.71343005,0.13530782,-0.43674514,1.2750639,1.0507618,0.27163312,0.281882,1.2323414,1.0545406,0.9975501,0.9133716,0.9547295,0.9169619,-0.16171081,-0.5874736,0.6545812,0.419065,0.32685813
-1.171452,0.8901144,-0.06345867,0.17247607,0.48232093,1.2362372,-0.66661906,-1.7877367,1.6304864,-0.8488875,0.7328673,1.6400422,0.50689083,0.1670352,-1.1451983,1.5444077,1.1043684,-0.31393775,-0.46428615,1.3040392,1.7251643,2.6854563,2.522262,1.0264968,0.9802997,0.21917054,-1.1072451,1.454512,0.58342606,-0.12749675,-1.138819,0.79817265,0.054220457,0.85626143,0.47565806,-0.87338126,0.060124584,-1.0386535,1.1908897,-0.10508328,0.6862305,0.75125957,0.4395231,-0.052207865,-0.3741776,1.033757,0.5402148,0.055856716,0.11376794,0.9740852,0.68261933,0.80331856,0.5787173,0.6470011,0.9502175,-0.13891397,-0.37989253,0.6304444,0.4369366,0.12513678
-1.797189,1.1285043,-0.5455327,0.56253344,0.4850373,-0.8911572,-0.2442607,1.6925867,1.0253104,-1.287361,0.7120016,2.0563755,2.1164696,0.53183573,-1.178047,1.1661404,1.7444056,-0.6948784,-0.74899983,1.3868129,2.3104424,2.714428,2.4687617,1.6713676,1.7434434,0.66382384,-0.7942014,1.0923117,0.73691034,-0.5607856,-1.4552485,0.39189115,-0.09470946,0.68143874,0.62094647,-1.2180283,-0.2277022,-1.6118221,1.3130373,-0.36843625,0.7397491,0.8662769,0.99212205,-0.47054386,-0.9902909,1.5453382,0.83099425,-0.21478017,-0.123110265,1.2168305,1.2659684,1.1587448,0.9978102,1.0005326,1.2295275,-0.19031985,-0.6991684,0.76861125,0.4162321,0.0010275766
-1.8941898,1.0681367,-0.56812745,0.11998773,0.48820642,1.2785555,0.7102518,-1.3279762,1.1688856,-0.7370495,0.80543715,1.9427795,2.053507,1.1169678,-0.6155169,1.3301597,2.125702,0.17049731,-0.17384382,1.1958926,1.8477144,2.3715465,2.324681,1.2353913,1.3326122,0.6111565,-1.0525968,0.70344526,0.89178866,0.05427385,-1.3303434,0.90964997,0.32716995,0.680579,0.5327658,-0.87836325,-0.122072764,-1.1074749,1.1394008,-0.27927735,0.7158081,0.96076083,1.166057,-0.10868842,-0.73016906,1.3664237,1.0924892,0.182347,0.3323353,1.2597667,1.3527778,1.5174463,1.3985126,0.88727236,1.1809812,-0.36052668,-0.25196812,0.69570524,0.43991426,0.37953505
-1.8411556,1.5493572,0.59782875,0.25579917,0.49092278,-0.633922,0.3533849,-1.3835332,1.1543634,-0.9116517,0.8261258,0.9063412,2.7000797,0.67198837,-0.91056406,1.0905316,1.6524597,1.0448993,1.0616004,1.3372682,1.5366932,2.3233984,1.8836688,1.2482201,1.5952191,0.9814974,-0.91497344,0.727014,0.56463885,0.7767199,-1.149273,0.6824933,0.48758233,0.49358872,0.51942587,-0.81898016,-0.17288125,-1.0480697,0.8530006,-0.31219074,0.6133567,0.8397819,0.969146,-0.16085547,-0.7108362,1.1620411,0.85793215,0.3964591,0.43984905,1.0276833,1.116396,1.0530694,0.9450112,0.81153715,1.0046861,-0.2726569,-0.26838085,0.6955444,0.28528392,0.541608
-1.8292414,0.74774474,-0.11154764,-0.086733505,0.48549002,0.52025855,0.51193357,0.00042943115,0.8724957,-0.8727488,0.96212286,1.3969697,1.5405959,0.55630475,-1.0495191,1.4292127,0.5228625,-0.34137592,-0.33178702,1.2904313,1.4448936,2.2668135,2.39942,1.3674023,0.27055252,1.0933657,-1.6350319,1.0140401,0.64391905,-0.47506613,-1.4976971,0.76326025,0.5496598,0.30837128,0.59125227,-1.0886437,0.0046524387,-1.1902224,0.99070084,-0.357233,0.76304257,1.0756214,1.7865386,-0.33238468,-0.8241087,1.4426278,1.1420094,0.45994806,0.5076091,1.2850832,1.7818675,2.1177003,1.9553169,1.1362406,1.4030446,-0.27612302,-0.36455527,1.1607087,0.5493391,0.682476
-1.8665657,1.5089128,0.46143365,0.29916996,0.48865914,-0.9473069,-0.10691,-1.2731761,0.90129334,0.14941633,1.6380113,2.1847768,1.8679657,1.6991037,0.140486,1.231591,1.449859,0.98486394,1.1541152,1.4200419,1.2185456,2.1460905,2.1493044,1.4284685,0.9772019,1.2042302,2.0084786,0.314954,1.0274416,1.092444,-1.1303116,1.0944312,0.9697696,0.6174464,0.5987677,-0.7946904,0.11001453,-0.9212169,0.9582974,0.21195035,0.73327655,0.98315513,0.8152591,0.32791728,-0.23901309,1.2604344,0.979592,1.0444449,1.1390493,1.168919,1.0944413,1.386561,1.1226578,0.9698638,1.055288,-0.23933358,0.37417588,0.5946012,0.6494415,1.2132554
-1.7620789,1.4319525,0.6786475,0.034955487,0.49047005,1.2292074,0.694805,-1.7188929,1.4015644,-0.79970396,1.2155787,1.9005444,-0.068843275,2.1689274,0.5293435,1.0058348,1.8707863,0.3118209,0.87500846,0.80203074,0.3159731,-1.0215667,-0.7171677,1.2438899,0.7043394,1.2988067,0.8705325,0.8501551,0.9856609,1.1489662,-1.3915747,1.2430996,0.58048016,0.64159095,0.59765184,-0.93623894,-0.23141831,-1.091666,1.036814,-0.21121074,0.7959781,1.3151875,0.5756798,0.2865226,-0.2571059,1.289064,0.7646027,0.5246132,0.68685085,1.0465988,0.7333655,0.57281244,0.43124655,0.9377084,1.1222655,-0.23260492,0.033392023,0.828347,0.56189626,0.73966557
-0.41147065,0.98240757,0.7169006,0.96899885,0.49092278,-1.7313051,1.1001239,-0.42393267,1.2017368,0.10207365,1.5087304,1.3335475,1.2911851,-0.084645,-0.99146736,0.7314261,1.1474233,1.3872644,1.1778718,1.2329826,0.9854446,0.6216657,0.538998,0.40165123,1.3164643,1.1177328,2.6820421,0.8223035,1.3993822,1.4343227,-0.50876653,0.98155427,0.8544395,0.7178346,0.5315527,-0.7855779,0.093560725,-0.7413184,0.65177083,-0.0809578,0.62261826,0.6413108,0.04877697,0.32216728,0.15332673,0.66552085,0.43484622,0.94157606,0.9908664,0.869156,0.3062997,0.24627888,0.11403503,0.6095214,0.5516738,0.01094755,0.64860135,0.19771853,0.18146117,0.942654
-1.6717206,0.8130468,0.496729,0.8474538,0.49137554,0.2643004,0.77892554,-1.6463985,1.460722,0.36109993,1.4225775,1.5146139,0.306696,1.5189234,-0.6559563,1.2713801,1.9614363,0.55742425,-0.06086505,1.1042883,1.4232439,1.3866714,1.8858627,0.5586753,1.1817992,0.8828865,-0.81786513,1.8511623,0.40167642,0.106967255,-0.94140804,0.87743163,0.18281166,0.6373089,0.5094484,-0.63817394,-0.13061678,-0.9387012,0.8068909,-0.4574646,0.519088,0.82555056,0.30734512,0.03899244,-0.29386723,0.9275959,0.5936405,0.11655952,0.26325637,0.8136378,0.45683897,0.45000312,0.33229524,0.55383414,0.6519651,-0.4385255,-0.31645715,0.34380096,0.093946256,0.23965482
-1.5732436,1.6350145,0.21314113,0.6006391,0.48594275,-0.5255161,-0.16313213,-0.41616678,1.2407405,-1.0708244,1.4856371,1.0875633,0.7776838,1.0321122,-1.0624827,1.1380574,2.1285017,0.71037805,0.5901814,1.2697371,1.5354713,0.5213799,0.3182017,1.1390573,1.4580506,0.98795307,-1.6603109,0.94139385,-0.033006366,0.30281833,-0.8460473,0.79446685,0.70498395,0.64126265,0.6195691,-0.591142,0.11720131,-0.7060587,0.6746128,-0.32493463,0.5211712,0.7026548,-0.0078429235,0.1916546,0.14104378,0.7221444,0.3698048,0.7052577,0.7771132,0.86373127,0.35506144,0.17777592,0.041252352,0.48799077,0.50155,-0.17937769,0.30747306,0.2191418,-0.09247823,0.72102
0.6013109,1.1135018,1.1876312,-0.31200275,0.48911187,0.9632274,0.24270713,-0.804253,1.1522126,0.92754835,0.6514317,0.6166237,1.4096814,2.3547678,0.7779305,1.031095,2.096313,1.0270433,1.4406722,1.2183903,1.3029466,2.1498957,1.583115,1.6128283,1.0008763,1.2509068,-1.2360612,0.37692845,0.75073487,1.4484369,-1.3397602,1.1160225,0.8720592,0.41748065,0.53395885,-0.84294975,0.19573423,-1.0327941,0.42704874,-0.66618747,0.4716783,0.9289482,0.931882,0.75171334,0.15017515,0.87073046,0.722064,1.1772368,1.2720499,0.9770134,0.92263955,0.8311468,0.87210345,0.9045303,0.6294958,-0.17298158,0.67717314,0.6052632,-0.16715752,1.210069
-1.8558112,1.0508057,0.20156322,-0.118745014,0.4895646,0.8876872,0.5193793,-1.0031312,1.1424528,0.6272217,0.9236539,1.5909661,2.4850304,1.795737,-1.4853824,1.51671,2.2510536,0.5620052,0.46984166,1.2830722,2.3537486,2.6389189,2.5973685,1.044228,1.30283,1.1979352,-1.2359139,0.8883328,1.2612398,0.3218998,-1.3758603,0.8182839,0.7741157,0.6946643,0.4582492,-0.84614587,0.080162555,-1.2228181,0.81722564,0.013276732,0.77717716,1.2456764,1.2967148,0.26419786,0.04316739,0.9931112,1.1625524,0.97555315,0.93417716,1.0464455,0.9775974,1.2693957,1.1830624,1.2246459,0.91398704,-0.43017742,-0.22012219,0.82371724,0.58771336,1.0139735
-1.7911792,1.4460453,-0.25797233,0.8001284,0.48820642,-1.8062651,-0.23427227,-1.7423624,0.97475,-0.37186712,1.1883023,1.6483719,1.8948898,1.7594099,-1.6069602,1.3257293,1.7283276,0.10143943,-0.37918925,1.1330599,1.6240945,1.7291343,1.5990208,1.4902977,1.3035547,1.1551772,-1.6465803,1.2582849,1.5822442,-0.19195962,-0.9342969,0.776911,0.09711103,0.8104523,0.4230016,-0.7099985,-0.24025565,-0.8131982,0.737025,-0.1698379,0.6326455,0.7281614,0.44346458,0.04733278,-0.055791676,0.8438298,0.3281634,0.15923193,0.275033,0.73354006,0.33885804,0.3893309,0.43194234,0.83507687,0.4299444,-0.61932254,-0.13773015,0.6154791,0.30136487,0.24483494
-1.643253,1.3497897,0.13032356,0.5892978,0.49092278,-0.7213971,1.1516669,-1.6233637,0.884763,-0.5509895,1.312003,1.311797,2.396207,0.96868205,0.028131086,1.544736,2.0327222,0.44258824,0.16963005,1.3725305,1.5041451,1.8737968,1.6843265,1.2206095,1.3230762,1.6377553,-0.70000947,1.5564511,1.0254116,0.14050014,-0.8697307,0.36881965,0.07477149,0.98547673,0.47886127,-0.41721404,0.43467358,-0.72752655,0.65557504,0.4004371,0.7207355,0.5834827,0.22343035,-0.471703,0.6788498,0.40258253,0.15992963,0.4279351,0.18923743,0.5469359,0.24829476,0.2685723,0.21537367,0.6546706,0.4926518,0.19689643,-0.30654725,0.75215435,0.66577077,0.22759196
-1.9188617,0.97985613,-0.028216759,0.14377326,0.48865914,-0.031952824,1.4443407,-1.2686594,1.4846095,0.041189365,1.4283718,1.2015425,2.3309085,2.0326226,-0.5198442,0.951183,1.4696834,0.2466713,0.4461869,1.1117351,1.8786986,1.4273357,1.7783474,1.3845515,1.270506,1.8428497,-0.78062236,1.680608,1.1940259,0.38630787,-1.8493072,0.9346177,0.14560656,0.833918,0.49254316,-0.75053215,0.48088863,-1.1789039,1.0752981,-0.11646747,1.0012435,1.1622149,1.6157306,-0.1862826,-0.2636169,1.252932,0.895035,0.4147754,0.33033305,1.3102887,1.5207103,1.5876698,1.4746052,1.470984,1.4086163,-0.12928559,-0.8379143,1.2555459,0.78033185,0.489724
-1.0505718,0.86262625,0.02954393,-0.44730943,0.49047005,1.6108781,-0.28986922,-0.084943764,1.0718236,0.23911658,0.7403116,1.298786,1.7394264,0.9612865,-1.1315421,1.2489184,1.5272026,0.038903475,0.18210411,1.3397431,1.7809463,2.0805726,2.072218,1.716646,1.3534317,0.61893845,-1.9174819,1.2419052,0.9699683,0.45141548,-1.4596823,0.8294096,0.21178514,0.979823,0.5465219,-0.6260299,0.3050937,-0.89769506,1.2755768,0.18431613,1.0012676,0.92309666,1.3603835,-0.3839703,-0.005924981,1.2621962,1.2628403,0.31619772,0.15723167,1.3280672,1.3977649,1.3153265,1.2255156,1.3635484,1.152549,-0.3365907,-0.7183403,1.1050043,0.7356392,0.41852236
-1.7356145,0.49873674,0.944756,0.619652,0.48730096,2.175476,0.4865216,-1.0745857,0.9361286,0.9151463,1.0982668,1.2926025,1.8664664,1.3405819,-0.23879243,1.0183465,0.9503274,1.4205024,1.0762675,1.5771546,2.137302,2.3056722,2.3070524,1.8300996,0.8658632,0.5081213,-1.1238536,0.7261353,1.3140779,1.2591633,-1.2919065,0.8423566,0.9301106,0.9253927,0.5252967,-0.8074083,0.4102622,-1.149465,0.71304923,-0.18018126,0.89474463,0.8592187,1.1638567,0.36581916,0.26533785,0.89766484,0.65584916,1.1530682,1.1563284,1.1590482,1.2262266,1.2161499,1.172642,1.0912613,0.90098006,-0.18000805,-0.04162151,0.7378191,0.3612452,1.1738738
-1.373654,1.2575746,1.014282,0.04248701,0.47643542,1.0152864,0.6585735,-0.80276144,0.9570792,0.8139308,0.8068961,2.076081,1.0890919,1.7141494,0.045436196,0.35344684,1.1450211,1.5822271,1.6696311,1.2811428,1.8302808,2.6452546,2.649241,1.6222504,0.732901,-0.4474603,-0.9788465,1.8322397,1.3705819,1.5099987,-0.99185646,1.0269247,1.138057,0.79564106,0.5178107,-0.6694332,-0.0014569517,-1.1199794,0.599776,0.17622644,0.92964447,0.79387546,1.1940703,0.7958294,0.5334322,0.76141036,0.77658784,1.516427,1.5392257,1.1357955,1.1001425,1.0246636,1.1377223,1.0147818,0.68782926,-0.3017839,0.65046453,0.6963669,0.51869935,1.5160338
-1.7549093,0.804675,-0.50324136,1.0601051,0.4832264,-0.042382605,-0.25942963,-1.0836225,0.9240017,0.73361796,1.7536596,1.574486,2.4289398,1.4952314,-0.9670443,0.8580751,1.207807,0.375081,0.38453105,1.4987006,2.350963,2.2330663,2.2210863,1.4082482,1.1729032,-0.24791007,0.035200536,1.1542262,1.0890522,0.33951566,-1.4090189,0.9582781,0.43962085,1.1305665,0.50890815,-0.63168013,0.29831222,-0.9635654,1.0069216,0.054746456,0.9524732,1.0111151,1.0385362,-0.28303102,0.059437566,0.85717493,0.72323585,0.6390142,0.5640315,1.0717566,0.9663401,1.0597837,0.92439556,1.2057048,0.9296678,-0.42412484,-0.35533148,1.0602869,0.665986,0.6584412
-0.7743239,-0.88847226,0.540533,0.8899956,0.48141545,-0.8755747,-0.6858918,-0.7315771,0.9988145,0.8950625,1.5859367,2.2222435,1.4636128,0.21630184,0.85844874,0.9590624,1.0452932,0.71397287,0.00014169283,1.3019788,1.5903075,2.1749463,2.4188955,2.2403033,0.9415753,0.07335505,-0.9166013,1.1484308,1.2585505,0.6465038,-0.7050971,0.46285442,0.42100734,1.574859,0.6647836,-0.53566104,0.29040012,-0.8029565,1.2213613,1.2549264,0.99014515,0.84665847,-0.061354857,-0.45765153,0.9649888,0.35419962,0.72680193,0.6106045,0.2791413,0.5931326,-0.18500562,-0.16712955,-0.3401906,0.7881152,0.442848,-0.28185222,-0.22788513,0.6622199,1.2427348,0.32613814
-1.3554376,1.6445527,0.6751096,0.5393815,0.46375898,-0.7416094,-0.0038848508,-1.3878051,1.710003,2.1410012,1.7007958,1.6463623,1.0552292,0.6576518,0.64900815,0.9191061,0.7855816,1.499534,1.4130392,1.4445277,0.9435833,1.8682336,1.9251308,2.153903,1.1189494,-0.4513963,-1.363969,1.770467,1.7888708,1.5195494,-1.3304378,1.2341522,0.7399895,1.2193118,0.43582374,-1.0019017,-0.23848647,-1.4674534,1.3246627,-0.0075074146,1.009439,1.1923132,1.1516714,-0.57877016,0.058282994,1.0797641,1.083663,0.8617712,0.7393678,1.0822357,0.8733804,0.96657073,0.93798023,1.3751013,1.0235709,-0.8231933,-0.3560376,0.7587898,0.5750385,0.8980228
-1.9842318,1.770412,1.0937861,0.79904133,0.4696445,-0.29711568,-0.02099378,-1.2156382,1.5336099,2.7686574,2.147733,2.0890527,1.1957455,0.9988697,0.5416087,1.081745,0.8494507,1.6605384,1.6159614,1.6003109,1.7655778,1.9231974,1.801797,2.4306862,1.1897221,-0.35448727,-0.34157217,1.8375944,2.2261224,1.5429214,-1.0712109,1.0162947,1.0388175,1.0711737,0.5237218,-0.73775095,0.18081924,-1.0619622,1.2893732,1.0189629,1.065337,1.3241539,0.8368058,0.30912048,0.44753098,1.0073107,1.0572182,1.177817,1.1703807,1.1981385,0.91050917,1.0441834,0.9743463,1.2233889,1.0308193,-0.1463918,-0.28719133,0.86031526,1.2432909,1.239935
-1.9510196,1.8728021,0.6034488,0.88043743,0.4651172,1.4885303,-0.065733,-0.76135594,1.4382223,2.5113103,1.6609153,2.3916643,1.1856786,0.08789911,0.69461817,0.969654,1.3583359,1.6026444,1.0843587,1.3880514,0.9113387,2.1716301,2.2037637,2.3927898,0.95084685,-0.519112,-0.475779,1.3699974,1.6881621,1.3642688,-1.8726401,0.9176539,0.6082329,0.6249635,0.49740154,-1.2325356,-0.32570112,-1.7790184,1.1939657,-0.35715607,0.82273614,1.3740362,1.7378856,-0.5582274,-0.74748296,1.4791576,1.0694321,0.65835744,0.7040162,1.4775051,1.6440284,1.717092,1.6445459,1.4153928,1.3888211,-0.5887842,-0.51079166,1.1388406,0.5125939,0.92024153
-1.903679,1.7589083,1.1295499,0.8408906,0.47507724,0.58238286,-0.089208625,-1.828417,1.72693,2.9893353,2.1805692,2.4331052,0.35934815,0.33420286,0.5730784,0.9940371,1.3251386,1.657844,1.3291428,1.3790529,0.5425152,1.6678722,1.5581447,2.16539,0.81309193,0.21264768,-0.14529432,1.9742343,2.267944,1.5330864,-1.2735891,0.94707686,0.9784499,0.4957071,0.6124202,-0.65949243,-0.15649578,-1.1550375,1.0933421,0.09439115,0.64066744,1.0714656,1.2347841,0.23506737,-0.35022196,1.200764,1.161107,0.9111446,1.0432703,1.158569,1.1860299,1.432844,1.3493832,1.3015803,0.98272544,-0.7995309,-0.35146537,0.91059256,0.5521046,1.1477251
-0.95817095,2.1244264,0.8695872,0.89089125,0.4651172,-0.4601409,0.021660231,-1.7719165,1.7738967,2.6185164,1.8213797,2.603503,0.8333799,-0.37052003,0.99275136,1.0458801,0.69112915,1.958628,1.7927606,1.17396,0.5054834,1.9094268,1.8085653,1.8927181,1.0020882,-1.1960953,-0.5464435,1.474039,1.8351707,1.7206882,-1.1562452,0.95309687,1.0284164,1.0076896,0.50001276,-0.6161849,-0.08414652,-1.1707283,1.1869283,0.6124806,0.9490933,1.2978708,0.7080066,0.33924204,0.37385836,0.8250848,0.88318217,1.3058163,1.2989088,1.0752078,0.69966686,0.5852225,0.5110735,1.3500072,0.94373083,-0.5635321,0.10765158,0.7999014,1.0041317,1.2668917
-1.9512305,1.8711795,0.77548885,1.0152379,0.47054994,0.10460295,-0.39517653,-1.8640558,1.5560784,2.1502717,1.7897726,2.8386765,1.5085413,-0.23171489,0.4688275,1.1221595,1.1308886,1.7381452,1.2680123,1.3440971,0.5403187,1.5515118,1.3754696,2.0846193,1.2335138,-0.49878,-0.6668111,1.1993988,2.0170157,1.3007897,-1.1948142,0.7271407,0.63275826,0.746261,0.2818461,-0.78511214,-0.4295679,-1.256413,1.0532292,0.12346583,0.7437138,0.9142318,1.1661122,0.15411228,0.06418675,0.9607658,0.69372797,0.9037508,0.907957,1.1896863,1.1221684,0.87507,0.9472274,1.2317015,0.837888,-0.52668464,-0.20853913,0.53085023,0.59878707,0.9154998
-0.7459956,-0.9187145,0.51869273,0.5126184,0.43614244,-1.0380901,0.1978003,-0.9188461,0.80054504,0.74115384,0.32318386,0.07143638,-0.5191114,-0.7379034,0.93091357,0.5456931,1.1592579,1.0111504,-0.23949365,1.1083935,0.1787726,1.6808283,1.6410824,1.004737,0.8963411,0.50119615,-0.09115664,1.0099951,1.3698267,0.22906378,-0.7870327,0.6451016,0.27552313,1.2631629,0.51055115,-0.6636865,-0.18483454,-0.97739524,1.170658,0.3590345,0.77328795,0.40970615,0.6132465,-0.7384261,0.3969543,0.54596645,0.6832615,0.4802013,0.22622046,0.6946922,0.38737875,0.5985227,0.5515585,0.9165961,0.5607959,-0.59984064,-0.6591578,0.6075108,0.6718306,0.3497629
1.2014493,1.5229607,0.65790963,0.6634165,0.47779363,0.37901416,0.029554142,-1.9473288,1.8446215,0.6671836,1.3859445,1.9108171,1.74705,1.6872048,0.42183864,0.9005314,1.7154063,1.8799809,1.6075637,1.5125735,2.166083,2.5039709,2.433713,2.1218977,1.3178391,0.39719108,-0.31625706,0.5596601,1.2594836,1.4675283,-1.9617116,0.93505615,0.48600662,0.62407506,0.41281438,-0.32735747,0.628964,-0.8058393,1.2777274,0.6233102,1.2868334,1.3904715,1.9378752,0.22702804,-0.36457148,1.5477965,1.5076001,0.61474085,0.53061265,1.5893565,1.825555,1.9266253,1.8447351,1.7650477,1.447196,-0.14435801,-0.6933065,1.5036753,1.2896073,0.7771406
-0.14636955,1.6996896,0.7260667,0.87935305,0.48458457,-0.5144869,-0.8903221,-1.3927261,1.342985,0.9416199,1.3208058,2.0608692,2.1204138,1.0004493,0.07954482,1.0170918,2.3189356,1.501618,1.4728948,1.6349117,2.0483415,1.9554882,1.9541337,1.7837142,1.2698835,-0.040250253,-0.22625254,1.5456271,0.9659778,1.5418919,-1.2000252,1.0451046,1.1844565,0.11098773,0.45836258,0.17107272,0.7428776,-0.35273346,0.6277703,0.5306869,0.89174396,1.109823,1.2424387,1.3158344,-0.15731259,1.2466214,1.408512,1.0945842,1.1531394,1.2491908,1.2387375,1.6673014,1.625799,1.2467895,1.0455812,0.3166496,-0.21610913,1.0703317,0.9051508,1.3223836
-0.018903824,0.6075467,1.2612342,0.7261127,0.49545008,0.6362477,0.73868304,0.9488286,1.3384578,1.2083203,2.081716,2.1564395,0.6129927,2.4080033,0.3186436,0.8375793,1.2498416,2.009097,1.9381453,1.359989,0.4455834,0.66977584,0.25258124,2.2785215,1.4540703,0.88927436,1.5594203,1.9571868,1.1312898,1.7402065,0.32736018,0.52149,1.1604717,-0.46562436,0.80605644,0.46120054,0.0627578,-0.22868603,0.37754655,0.73111755,0.43188512,0.52475023,0.5026383,1.1934597,0.28100204,0.042098414,0.98787427,0.8849565,1.1644845,0.12438804,0.026450748,-0.15373729,-0.010436001,1.2558069,0.17449024,-0.51496226,0.4021502,0.4900796,0.7293171,1.2295272
-0.59528965,1.5863996,1.2082553,0.63950056,0.4940919,1.9299912,0.8200541,2.0169566,0.8920535,1.8089393,1.5015029,2.1359355,1.2710449,2.014274,1.066165,1.0564554,1.6190729,2.0677893,1.9455037,1.2770487,1.5691588,1.5599346,1.1583233,2.2804828,0.46076918,0.20864601,2.2421803,1.7395602,1.7068676,1.748194,-0.31760058,1.0137113,1.8246431,-0.38841417,0.74867743,0.15898035,0.033764213,-0.2924213,0.001113791,1.0815963,0.64901924,0.60399944,0.3561686,1.3537537,0.47073448,0.29532683,0.8023686,1.779386,1.9272372,0.3277912,0.16831444,0.2484174,0.30464113,0.5422823,0.3710905,-0.050291855,1.2358989,0.4429006,0.9838997,1.9244924
-0.52636784,0.59867465,0.8288353,0.72375864,0.48820642,0.5988696,1.0724646,-1.1073885,1.2530297,1.2784847,1.6836371,1.6315004,2.0348306,1.7476863,-0.11382292,1.413897,1.4623264,2.024274,1.8013064,1.5464182,1.9193234,2.7584534,2.8207269,1.9629945,0.68066174,0.32442167,-0.19099648,0.7196453,1.1613964,1.6769278,-1.0165652,0.7873746,1.0217918,0.537835,0.54885584,-0.098994814,0.414607,-0.41955376,0.9132352,0.86522496,1.0437204,1.1053053,1.1114806,1.1302012,-0.057363003,0.8991254,1.0251644,1.1107599,1.173595,1.102932,0.9933947,0.79228234,0.8612725,1.1607822,0.8353436,0.123723626,-0.04529701,0.67441607,1.0490127,1.2821497
0.30470896,1.5414429,0.54375106,0.9613976,0.4850373,0.43315095,0.9497637,2.5229483,1.6167771,0.85546094,1.4404541,1.9656806,1.9245273,1.6425538,-0.58192724,1.3535976,2.011837,1.2855585,1.3876053,1.4195586,1.3063992,2.9167309,2.7858179,1.7533082,1.442067,0.7012673,-0.2049173,1.4507136,1.2320702,1.29547,-1.2639495,1.1896257,1.0861003,0.51401436,0.4884227,-0.22178647,0.6072333,-0.74352574,0.8113426,0.39547834,0.9247213,0.87341344,1.2706913,1.2818285,-0.19097364,1.2099615,0.87980443,1.1531895,1.1916605,1.277083,1.321662,1.5230355,1.446902,1.0918044,1.0671972,0.16502808,-0.06423404,0.8908938,0.8445709,1.3517878
-1.3984644,0.80185676,-0.48370364,0.60534024,0.48232093,0.48302373,0.8033646,-1.9284663,1.7788318,0.4250261,1.4172364,1.7883735,1.9896752,1.5889379,0.3905339,1.2117318,1.4526998,0.9201695,0.6336192,1.3400738,1.5100822,2.8800828,2.7033541,1.4368472,1.7745417,0.8113274,-0.42085454,1.5055839,1.3608868,0.9192931,-1.0870787,1.2881312,1.23888,0.28620362,0.5284986,-0.08707544,0.8625574,-0.49045017,0.6541481,0.28081456,0.81140643,0.9143826,1.1086062,1.0219197,-0.1300918,1.3407673,1.1385598,1.1356188,1.231228,1.3766814,1.2671136,1.4991205,1.4620756,0.9805515,1.1088736,0.14719652,0.23844627,0.70520175,0.6698638,1.3491303
-1.9478565,1.3164942,-0.48998436,0.21978547,0.48051,-1.9083734,1.3397099,-0.6930448,1.2785376,0.33357725,0.7208522,1.4379406,2.8009102,1.1575911,-0.2767227,1.2827128,1.4423077,0.5841795,0.46315718,1.4086336,1.9491729,2.473661,2.4813662,1.4307474,1.5298883,0.6697416,-1.1742684,1.2276777,1.212267,0.59055746,-1.2547618,0.9988743,1.0800605,0.43013808,0.5136013,-0.57318467,0.41829914,-0.8403605,0.9251762,0.25743288,0.7616927,0.97801304,1.2813861,0.6982,-0.3380062,1.3497267,1.1062517,1.0397578,1.0938855,1.4063131,1.4357451,1.8489614,1.7028123,1.0513928,1.2329446,0.12384899,-0.20301291,0.8537388,0.7052273,1.2177924
-1.9011486,0.58831644,-0.49210343,0.5910323,0.48096272,-1.107636,0.28852352,-1.8317201,1.4376138,-0.7995947,1.1200832,1.6527574,2.6274369,0.61520475,-1.271806,1.309916,1.0567625,0.11309783,-0.047435533,1.4284824,2.0855045,2.4179196,1.9640919,1.2415454,1.0143917,0.7123935,-1.3223474,0.8152711,0.35956302,0.18785992,-1.2415793,0.7712951,0.29361054,0.8308447,0.46757066,-0.7922247,-0.02704914,-1.0446376,1.2350171,-0.23896335,0.808832,0.80286545,0.7895205,0.30080053,-0.67490226,1.349552,0.9222026,0.16482997,0.30033076,1.247275,1.0771706,1.4804747,1.3544787,0.8518791,1.0682099,-0.21322209,-0.32099542,0.70707417,0.47702175,0.40157884
-1.9174911,1.1428119,-0.56412387,0.18789877,0.47371906,-0.9720441,-0.12743105,-1.8443241,1.1420938,-0.64522785,0.9556157,1.4545118,1.828487,-0.097583175,-0.35029438,1.5457091,1.4930413,-0.16168731,-0.17526849,1.5773787,2.232433,2.6948092,2.7423143,1.4753855,1.6080567,0.5679654,-1.6397637,1.6497208,1.1418138,0.12535265,-1.2103376,0.732227,0.25822774,0.37553963,0.5288632,-0.9866745,-0.26455972,-1.175071,0.8061996,-0.5053004,0.5648537,0.8154828,0.91079986,0.14561045,-0.7163307,1.2271236,0.65815544,0.27659187,0.40011385,1.0792335,1.128036,1.1937354,1.0951202,0.69913137,0.9968714,-0.27393967,-0.33486754,0.7261888,0.2173279,0.57047534
-1.9876058,1.1912553,0.11110007,-0.18109588,0.4850373,1.0779047,-0.1052195,-0.1125393,1.1840912,-0.71311915,1.0103527,1.9150056,2.0458055,0.91494626,-0.6263737,1.367463,1.4383225,0.31407076,0.5969807,1.3501582,1.7062534,2.6271763,2.4011245,1.3736598,1.1236733,0.30010334,-1.3523933,0.83460414,1.0242958,0.29967228,-1.098436,0.72117937,0.7878043,0.23034304,0.5862766,-0.47876018,0.45424783,-0.7259161,0.62127405,-0.34810594,0.6599844,0.8290817,1.0871869,0.5844085,-0.5948897,1.1434695,0.82378215,0.68942285,0.7692974,1.1616008,1.4167854,1.5531108,1.4052143,0.8825583,1.070273,0.115939245,-0.06136284,0.8604046,0.39356863,0.89315665
-1.91844,1.2043085,-0.094106905,0.44845957,0.4877537,0.22158371,0.96595395,-1.8408471,1.4371566,1.0157586,1.5689101,1.2717197,1.9599864,1.8335977,-1.3873855,1.3288397,1.887043,0.3047024,0.09062856,1.2662928,1.5663097,2.520261,2.131797,1.3812276,1.3381338,1.1431643,-0.753185,1.0429431,1.7948414,0.4276255,-1.1491729,0.9394516,0.9106222,0.6026993,0.6120837,-0.636514,0.13888964,-1.0396323,0.94949293,-0.17457615,0.5899683,0.8696435,1.0282923,0.74385595,-0.6725959,1.4113389,1.3157564,0.6551691,0.89740765,1.2460877,1.2234966,1.4955441,1.3931756,1.0989952,1.0110877,-0.32397658,-0.0046952087,0.72223675,0.41098362,1.009635
-1.870256,0.55434823,-0.5635532,0.18917768,0.48186818,0.5927406,0.47465187,-1.2194811,1.0640898,0.692744,1.357952,1.7014458,1.498836,1.3678735,-0.87727016,1.1744984,1.7340733,0.07324638,-0.30349427,1.0971717,1.7929188,2.0489957,1.530609,0.8255487,1.5233624,0.9888958,-0.64725494,0.20250538,1.3980637,-0.13898055,-1.1800307,0.7498283,0.14821969,0.6639734,0.56318855,-0.9963086,-0.23412484,-1.3359134,1.0640733,-0.5036216,0.6343445,0.8063613,0.4951065,0.13980141,-0.67704993,1.2198554,0.8073745,0.2229617,0.34968728,1.0264064,0.94193006,1.1419476,1.0085875,0.8890306,1.0806012,-0.20897993,-0.33939925,0.6268532,0.19292496,0.38102475
-0.9283189,0.30807206,0.20568033,0.052997485,0.48458457,0.06347781,0.07310528,-1.3988756,0.73982626,-0.8957344,0.9525294,2.1174343,1.5105351,1.8142359,-1.2582898,1.3005215,1.1528615,0.5962557,0.4897202,1.3470285,1.5698304,1.980175,1.8655529,0.95094275,1.7866157,1.0597751,0.91838056,1.1940266,0.7875348,0.92617536,-1.1815209,1.2239676,0.99649984,0.20001465,0.73770314,-0.86198246,0.08529072,-1.2856772,0.56432486,-0.47810063,0.6232254,1.2108079,1.0144024,0.13562572,-0.48895022,1.2565053,0.7851771,0.99135995,1.1440729,1.1035126,1.3692843,1.6195763,1.391646,0.8169087,1.1692654,-0.20800933,0.3578589,0.8868164,0.2447896,1.2320654
-1.751957,1.2434272,-0.039135315,-0.8398577,0.48186818,0.7671818,-0.20654225,-0.89772296,1.5304528,-0.9416955,0.8983104,1.7684778,1.2198775,1.6435819,-0.21454558,1.1494613,1.1501552,0.28599158,0.9434898,1.1839312,1.4337492,1.2815645,1.5293131,1.0980582,1.0564109,0.7907207,0.62454474,1.5519644,0.8037738,0.77856183,-1.1070725,0.8968084,0.6292819,0.62352926,0.56259435,-0.9513062,-0.007791139,-1.2925038,0.9909078,-0.36481705,0.579298,0.9996603,0.777394,0.12363683,-0.5354233,1.2186296,0.74368507,0.6389014,0.7465751,1.1740456,0.9847691,1.1937697,1.0012882,0.7451012,0.89150727,-0.26465246,0.1729272,0.5157078,0.16266164,0.75906515
-1.6932294,0.18618663,-0.3895007,0.6250394,0.48820642,-0.00019918373,1.1776692,-1.6654348,1.7683278,-0.7019185,1.1073651,1.1938474,0.59067446,1.840568,-1.3757482,1.114748,2.2754738,-0.13046607,0.37226775,1.1750939,1.3468682,0.7083044,0.52763927,1.3571649,0.7583166,1.0886259,-1.0415328,1.0704819,0.9432811,0.19036302,-0.6525894,0.77206916,0.30686218,0.9736623,0.46029812,-0.9632406,-0.53242654,-0.8518608,1.0493416,-0.0846081,0.45947364,0.68870133,-0.32458797,0.18661779,0.30679488,0.6778362,0.2926892,0.403047,0.46326944,0.577104,-0.22257353,-0.39158404,-0.5241703,0.49598047,0.4121065,-0.6316773,-0.009608131,0.1607298,0.21143931,0.3385186
-1.788227,-0.11240782,0.25830752,0.8154427,0.49047005,1.429748,0.8257953,-1.7392331,1.22424,0.0020060893,1.738177,2.2593954,0.94266,2.5486572,0.3914488,1.2925483,1.95244,0.97468346,0.5918909,0.98948586,1.1252933,1.6994021,1.6004497,1.6003889,1.0745512,1.1899256,-0.2685242,1.5202225,1.776142,0.7877946,-0.9878142,0.8966449,0.5364751,0.4639734,0.548539,-0.41170233,0.0009774752,-0.49060443,0.823608,-0.34748098,0.5851745,0.7989646,0.27945516,0.3692645,-0.06998096,0.9958335,0.28852743,0.35819763,0.4674658,0.786849,0.52973497,0.41094372,0.19817634,0.7291597,0.7364667,-0.203281,-0.15710092,0.67682403,0.24571653,0.589601
-1.7718844,1.0320431,0.51373285,0.21756534,0.4877537,1.2480145,-0.06537246,-1.7261946,1.1672444,-0.3096252,1.0827703,2.2523596,1.986626,1.8497505,-0.47046503,1.0094191,1.7386765,0.96375614,0.83875984,0.90505415,1.7975931,0.48735666,0.2411924,1.0472472,1.1966735,1.0414888,-0.40794197,0.9573622,0.96995544,0.8499844,-1.0999588,1.0954937,0.5926596,0.7572624,0.56373894,-1.095568,-0.30498412,-1.1214298,0.7532203,-0.6409521,0.60830677,0.84495294,0.6604613,-0.31388974,-0.10102613,0.93224406,0.38775057,0.66636294,0.73089206,0.9213351,0.707529,0.7848084,0.7184677,0.67535573,0.71308845,-0.40865827,0.0021329876,0.45579758,0.06992014,0.7225496
-1.7495321,1.26041,-0.78554964,1.3321807,0.4877537,0.23023735,0.6967119,-1.7086359,1.2879616,-0.011327851,1.6021521,1.5183821,2.0949328,1.8135664,0.028287712,1.2175349,1.205883,-0.2014984,0.01920662,1.2328931,1.3182751,1.1288874,0.943828,1.0689819,0.9832988,1.5035298,-1.3434062,0.55489594,1.295388,-0.06497484,-0.86568934,0.7178772,0.17362325,1.2185441,0.55092645,-0.9977247,-0.5294182,-1.1141715,1.0882863,-0.16791311,0.7308088,1.0177377,0.25445136,-0.40630922,0.208675,0.7649654,0.45322353,0.33661342,0.3394747,0.71281487,0.12650365,0.075714834,-0.05141626,0.7568892,0.57580274,-0.7522358,-0.20575032,0.49359027,0.441216,0.35719055
-1.4790896,1.144381,0.6788263,-0.09825575,0.4895646,1.0701486,0.9148054,-0.90069383,0.79718417,-0.094075255,1.0255197,1.3918686,1.8054606,2.1069636,-0.20888959,0.29741582,1.1969069,-0.19885863,0.28196713,0.88695395,2.1423962,-0.0205381,-0.04747209,0.90550125,0.647462,1.4311374,-0.8130051,-0.2228764,1.1372001,0.49067605,-0.7109831,0.5724749,0.12796505,1.0504414,0.47281307,-0.67346925,-0.46513852,-1.0250931,0.9152399,-0.16228755,0.5813714,0.6449625,0.26845258,-0.30663997,0.1595625,0.5339709,0.30086762,0.24244605,0.19694875,0.48982874,0.24524696,0.26547876,0.2805733,0.48044106,0.33596304,-0.74585533,-0.44010985,0.2814062,0.2543543,0.32182974
-0.97099525,1.4191824,1.1485517,0.67061406,0.49047005,1.4403833,0.52379894,-1.0945191,0.5346509,1.0730276,0.43630832,0.83186126,1.3716122,2.801988,1.9132802,0.570834,2.1383762,1.4845247,1.3599858,1.4034168,1.5279821,-0.0382999,0.8958608,1.4748265,-0.03765012,0.93539935,-0.07419045,0.86264545,1.5775034,0.98265606,-0.54293203,0.55594015,0.9217395,0.4900112,0.4066078,-1.3387742,-0.49721128,-1.0954418,0.2310739,-0.72793293,0.19385193,0.24516428,1.1345032,-0.35578012,0.37313646,0.19956593,0.3964221,0.9469894,1.036114,0.35800055,0.9115133,0.6364073,0.6740547,0.37231517,0.048931643,-0.9293249,0.4444441,0.055674024,-0.30446607,1.0804282
-1.4708656,1.0955484,0.7521891,0.8263288,0.4877537,0.65588456,1.2398256,-1.4889795,1.3696975,-0.27006206,1.2240024,1.8253219,1.474809,1.8879161,0.046404023,0.7492239,2.1740007,1.1410202,1.0649381,1.2587297,1.1557748,1.8833616,1.6244465,1.4313232,1.0368621,1.3625107,-0.61642754,0.4554834,1.5479906,0.5589859,-0.983426,0.6058568,0.088083155,0.7077962,0.40519124,-0.7389011,0.18212551,-0.9596422,0.5008093,-0.33466777,0.42981163,0.39719194,0.6296811,-0.5124305,0.19916551,0.46402785,0.060732745,0.31921673,0.19373551,0.5081314,0.38964683,0.4527731,0.42941168,0.53456706,0.5688869,-0.05036278,-0.39165694,0.6944534,0.18502542,0.23400415
-1.9853916,0.5338776,0.3117944,1.1735365,0.49047005,0.06524082,0.33589998,-1.3421066,1.4387618,-0.42955944,1.4261864,1.4404314,1.9301531,2.3266168,-0.32597858,1.3358376,2.050169,0.42835224,0.14372742,1.235366,1.589539,2.1084456,1.7632389,0.93312037,1.2814839,1.2304528,-0.52888626,1.5406971,1.0936595,0.2537484,-1.145086,0.9356643,0.0823735,1.3573207,0.4752335,-0.11815587,0.4071887,-0.24563421,1.4766732,0.69089544,0.9524248,0.9248802,0.37672576,0.07554742,0.4200737,0.9135449,0.8360138,0.21491039,0.04303411,0.84423167,0.25997987,0.16747272,0.04235173,1.163466,0.9292551,-0.31957474,-0.69658315,1.1552646,1.1155927,0.15714826
-1.1769236,1.426409,0.6163523,0.5334241,0.492281,-0.59181756,0.13880455,0.004352054,1.1407161,0.625403,1.3496352,1.6743966,1.9290966,2.1914995,0.2479918,1.279671,1.2085027,1.1494604,1.1881024,1.316704,1.6728166,2.356616,2.0309517,1.6140476,1.0433995,0.41416174,-0.16347472,1.4433084,1.8647308,1.1307803,-1.2581109,0.9970677,0.91470736,0.7622242,0.51085347,-0.75463265,0.061550587,-1.3289108,1.0034626,0.20372105,0.896088,1.027114,1.6608095,0.34052828,0.08599336,1.1346427,1.0491333,1.0513484,1.1575081,1.2411731,1.4746432,1.5723876,1.5297306,1.0855,1.0612569,-0.38311666,-0.21307516,0.9221018,0.655473,1.2806525
-1.7960292,1.677518,0.8116056,0.37141588,0.49047005,-0.51835203,-0.8042119,-1.1172763,1.1175352,0.43374792,1.3341101,0.33243132,1.6915618,2.5800722,0.31140798,0.9174897,1.9080515,1.4882673,1.6514711,1.4512482,2.2679758,1.9066488,2.032793,1.5448211,1.1178088,0.46501988,-0.8280358,0.5369375,1.2166817,1.5920238,-1.3383102,1.1076251,1.1157043,0.6827188,0.42095876,-0.1812213,0.4521092,-0.8528567,0.82783127,0.08577024,0.77969027,1.0807662,1.0652592,1.1025683,0.34080258,1.0407542,1.2143033,1.3098507,1.5137364,1.1600813,0.9007503,1.077149,1.1462779,1.2817562,0.8833674,-0.2128942,0.5253734,0.8619867,0.53098875,1.4694893
-1.9220248,0.6222918,0.758545,0.28623644,0.49047005,0.74023974,0.066746645,-1.842064,1.2161405,-0.04834206,1.3561295,0.8328907,2.2446764,2.4402149,0.7965041,1.244298,2.160676,0.96706283,0.8021461,1.3927747,1.9590789,2.3177395,1.8992414,0.91188616,1.1334451,0.6465016,-1.2202446,1.1994677,0.90636605,1.1967952,-1.5771943,1.0151979,1.2329065,0.1896917,0.6968894,-0.73578817,0.0051406473,-1.3907789,0.72663516,-0.38087177,0.5276762,0.9716615,1.648,0.6727719,-0.5370252,1.4767867,1.2727766,0.9792749,1.4067719,1.364767,1.8358898,1.9689382,1.9411209,1.1191751,1.1936882,-0.64838916,0.4315537,1.1745209,0.359772,1.4802899
-1.3941282,1.0847557,-0.2869771,1.1346644,0.48594275,2.0213242,0.43806896,2.7166975,1.1798031,0.6588383,1.7339944,1.0503013,2.1479828,1.8370738,1.0904776,1.2577945,1.7150924,0.35341078,-0.0118295,1.4397472,1.8737739,2.0968552,1.9065161,1.3327115,1.0867711,0.6626562,-0.8585578,1.2821205,1.9840025,0.011310183,-1.4118793,0.9494923,-0.08204365,1.247565,0.52870125,-0.17142767,0.3550284,-0.2914988,1.4899976,-0.04705798,1.2363582,0.9999474,1.3395584,0.06386496,-0.52289635,1.1803743,0.91867995,-0.10151816,-0.13220145,1.2266426,1.1020017,1.3534219,1.2206299,1.3173339,1.0393122,-0.4113961,-0.7772306,1.2219949,0.9387595,0.006071478
-2.0945175,1.8196697,0.6727124,0.60198385,0.48865914,0.504728,0.35914057,-0.6736845,0.99068487,-0.03950453,1.7842659,1.590158,1.735041,1.3869299,0.12035642,1.0181693,1.5730358,0.9912925,0.96103007,1.3045024,2.2294576,2.1928341,2.325261,1.9487611,1.5264705,0.38236815,1.0919293,1.4551541,1.1971684,1.215187,-1.9209363,0.79940385,0.8634347,0.52532107,0.5594428,-1.3494375,-0.14865002,-1.9913639,0.7462039,-0.72881186,0.9240242,1.31214,1.8364798,-0.5479994,-0.9258076,1.2671337,0.8607503,0.9190274,0.9807611,1.1424006,1.7667065,1.811277,1.7458228,1.3443562,1.3930109,-0.31675276,-0.10334461,1.2123007,0.35470816,1.1609297
-1.8049912,1.6138157,0.76299435,0.57067245,0.48820642,1.1713667,0.39153385,-1.7498379,1.1192936,0.36992106,1.6909163,1.1306367,2.1850538,1.4425647,0.34237766,1.0569222,1.7169015,1.2938663,1.2012274,1.4130194,1.6012716,2.151942,2.3750563,1.5730543,0.78512263,0.017744176,-0.8977838,1.3832488,0.75371313,1.211077,-1.0910608,0.73876727,0.96748185,0.56834084,0.3122481,-0.6415363,-0.19642887,-0.966247,0.54660505,0.117882244,0.7315022,0.77167046,1.3616903,-0.14837325,0.19155201,0.7540499,0.9663065,1.1026297,1.1387398,1.090884,1.4978192,1.3939638,1.3179815,0.99810755,0.98201126,-0.8044846,0.06804216,0.85206693,0.5310566,1.1041131
-2.0403235,1.5959665,-0.7902184,0.7720972,0.48549002,0.05022059,-0.3281945,-1.9405488,1.3707875,1.3574777,1.5869987,1.8351809,2.1925848,0.9469046,0.17457646,1.1356443,0.73790455,0.7048528,0.2574779,1.4643406,1.6377357,2.024157,1.9987835,1.7310253,1.3232913,0.2147614,-0.8839354,1.4625019,1.3576052,0.36074275,-1.196422,0.4798658,0.001163797,0.9408681,0.5454892,-0.4411167,0.1129416,-0.6568511,0.7665332,0.05565138,0.9279798,1.0057757,0.7932396,-0.49918395,-0.038213454,0.7772956,1.0065055,0.12924725,-0.04611245,0.9126893,0.7641216,0.69878167,0.6829818,0.8571608,0.653141,-0.3116791,-0.6855763,0.90209305,0.6794223,0.18667087
-1.5642817,1.4325167,1.1948402,1.2325492,0.48186818,-0.5518716,-0.16859263,-1.5599962,1.0807472,1.8185756,1.7613689,2.0576959,1.3529685,0.38591748,0.74080014,1.0390193,1.3242891,1.18876,0.7693009,1.408886,0.23921067,2.0508432,1.8700106,1.6840957,0.3812726,0.3604945,-0.5596816,1.4301862,1.323002,1.1296065,-0.84482443,1.0210085,0.6440719,0.9275556,0.29457605,-0.6603192,0.045460366,-0.9162269,0.78336626,-0.41605324,0.62247765,0.8002392,0.6542004,-0.032042954,0.035453282,0.86839575,0.6735717,0.6107378,0.7758151,0.81754196,0.5723174,0.57922256,0.64073646,0.8025574,0.69003105,-0.58654547,0.28002763,0.61520165,0.21305779,0.772245
-1.9780111,1.1984371,0.65011865,0.67796975,0.48186818,-0.15890712,0.039114963,-1.8862213,1.3958768,2.0738356,1.8866012,1.9010632,1.1990709,0.7666571,0.23546074,1.3838861,0.96028125,1.6925387,1.2386781,1.4684006,1.7373955,2.0116293,2.2203739,1.734587,0.6653485,-0.11279229,-0.85798573,1.9252346,1.7881896,1.3703738,-1.4770558,1.1266686,0.8223528,0.82039243,0.55344063,-0.86442924,-0.081380226,-1.320215,1.2508165,0.51958,0.9596415,1.3883611,1.3722923,0.05951939,0.16893958,1.2714038,1.3038814,0.93857926,0.9711932,1.3450462,1.3303474,1.692474,1.5216266,1.3619251,1.1419445,-0.5054816,-0.6269946,0.99589115,0.98441446,1.0563027
-0.56612295,1.550066,0.6426228,0.95102215,0.48005727,1.5930206,0.14126241,2.0689933,1.0776266,1.6844084,1.2946924,1.9610177,1.0220622,0.91096735,0.43677482,1.3847984,0.97943175,1.7083495,1.4185632,1.5354718,1.6219667,2.513689,2.556784,1.5918795,1.0961533,-0.33124664,0.1518452,2.3568406,1.5275695,1.1697807,-1.1782358,1.1050484,0.84395415,0.57286847,0.6207992,-0.5201936,0.31351453,-0.70884556,0.92757964,0.22853526,0.72696346,1.0687081,1.1185876,0.44646809,-0.32352334,1.3341115,1.1825434,0.7408364,0.90961146,1.3264391,1.2505797,1.547751,1.5103508,1.0472434,1.1097553,0.025238855,-0.39459443,0.9538359,0.76774883,1.0446059
1.2944332,1.5395772,1.3492748,1.0759251,0.4895646,1.4328665,0.9725115,-0.80936295,1.0977696,3.3625042,2.231391,1.403354,0.9480234,1.9944607,0.6591243,1.0249032,0.12376424,2.3091197,2.100424,1.4030169,1.0755168,1.9411201,1.744463,2.1026473,1.145462,-0.25253987,1.4409586,1.2885019,2.2111163,1.8468473,-0.60461414,0.9125506,1.5864578,0.58204633,0.6237744,-0.06279766,0.6930352,-0.43919677,0.7815911,0.4969958,0.7603526,1.0037946,0.43427587,1.4955636,0.5774096,0.83674663,0.8441194,1.8481971,1.9033685,0.9925141,0.7151835,0.78462243,0.64996046,1.0421879,0.7210239,0.057773724,1.4663421,0.64723563,0.6111666,1.8565762
-1.68005,1.2900162,1.7172121,0.7482309,0.4850373,1.2898707,0.06706456,-0.82565194,1.5965494,3.349658,2.1114898,1.5058141,0.47696677,1.8756106,1.1782671,0.96699446,2.0889893,2.2700734,2.0721586,1.1192732,-0.017338112,1.539885,1.4762822,2.1125937,1.2208643,-0.719095,2.2493114,0.87133753,1.9312807,1.846003,-1.1944022,1.360378,1.3943347,0.84550434,0.6283275,-0.5496737,0.3488106,-1.1046396,1.3617214,0.62851125,1.1074295,1.3163514,0.6029736,0.87004894,0.28665707,1.216382,0.87800574,1.6137245,1.8854297,1.4874328,1.1075372,1.1753842,1.1492954,1.330259,1.0903516,0.08350521,0.9597547,1.0630409,0.864107,1.7783215
-1.119583,1.9630055,0.9366778,0.3641422,0.47960454,-0.6721838,0.021902444,1.0348985,1.2374164,3.292165,1.8312451,2.347843,1.0311413,1.0965433,0.7350594,0.69434863,1.7901967,2.1043563,1.9723983,1.4803411,1.5857086,1.9187328,1.7683619,2.0906246,-0.13949826,-0.21201792,2.3286343,1.2056922,2.2334912,1.8286202,-0.74820447,0.94336915,1.3898765,0.3309311,0.59562564,-0.09345946,0.084319144,-0.82706714,0.70769167,0.87261456,1.0178468,1.224455,0.56324136,1.0142977,0.48872727,0.7991552,0.9885434,1.4988432,1.6426445,1.0213109,0.6240103,0.37290117,0.36188355,1.2062654,0.695472,-0.2214934,0.699411,0.60389036,0.95502156,1.5999976
-1.1627827,1.3791219,1.0804887,0.9515488,0.4741718,-0.3226669,-0.23344032,-1.2457666,1.8097658,2.9419951,1.6622654,2.0228837,0.65496534,0.053873707,1.0291848,0.5173954,1.2370843,1.8164923,1.8636239,1.1610082,0.8104668,0.6472194,0.47630933,1.6246166,0.21003312,-1.1284841,-0.014879401,1.0821615,2.1568234,1.7711679,-0.15586427,0.38086757,0.96969336,0.08800363,0.07624291,-0.12811562,-0.39330256,-0.46481073,0.08397506,0.2329346,-0.10958663,-0.021202195,0.263915,0.56640303,0.5870883,-0.091699354,0.23510848,0.9188639,1.0532292,0.02544005,0.18722706,0.023616247,0.062217046,0.14016049,-0.169662,-0.791055,0.5294702,0.054829422,-0.0014882116,0.99550307
-0.36242065,0.07617366,1.1746349,0.65713125,-3.300239,-0.7645191,-0.3201686,-0.61582965,1.5214547,1.202738,1.220728,0.6824406,0.026248679,-0.05184888,1.2680743,-0.07474303,-0.2222724,1.5644109,0.14820765,0.1747127,0.0400157,-0.9321179,-0.52612287,1.7561667,-0.7417996,1.0038171,-0.3400085,0.3439711,0.5896305,0.63983005,-0.2307466,0.3882765,0.72616637,0.6730735,0.43951005,0.034507267,0.11014328,-0.19620158,0.55866164,0.6554402,0.47558525,0.21554726,0.36685848,0.110389926,0.43381873,0.3052493,0.7320766,0.7310958,0.8008972,0.4977702,0.2592195,0.4107748,0.44210613,0.4412655,0.15586461,-0.3501928,-0.037237346,0.45360956,0.47809166,0.8777324
-0.8037091,1.5763714,0.78843445,0.77256215,0.46828628,0.4403155,-0.35128233,-1.7966028,2.082203,1.4601605,1.572208,2.1721714,1.5356561,1.0607407,0.13529254,1.3733019,1.3875246,1.6970907,1.6458472,1.3672562,1.7986194,2.24814,2.3070734,2.033274,0.748622,-0.01469381,0.006019765,2.0144124,1.8073506,1.4435221,-1.0913451,1.3446965,0.9595019,1.1106535,0.52877057,0.5983265,0.75227225,0.32086444,1.3813405,1.324702,1.2655795,1.294521,0.87691605,1.0316662,0.6431792,1.0690305,1.5865074,1.1869675,1.1972549,1.1948831,0.63347334,0.79747176,0.7302743,1.400432,1.0868276,-0.04728353,0.15507811,1.2267703,1.5694036,1.1739904
1.287268,1.4879179,0.81229645,0.5915763,0.47190812,1.3789237,0.015822357,-1.7649626,1.9144803,1.5275043,1.4508996,1.1226856,0.86563843,0.39518896,0.6223251,1.34376,2.2867756,1.5964689,1.5127876,1.3619423,1.4389284,1.9905357,1.778847,2.5802743,0.4742564,0.11827059,0.36409312,1.8400325,1.1343001,1.5639058,-1.2151805,1.1246948,1.1824514,0.4583967,0.60060936,0.31109187,0.7163129,-0.12770182,1.0621325,1.1000419,0.97318214,1.3304136,1.167062,1.6224852,0.4257694,1.2026789,1.7009916,1.3096251,1.4721193,1.2703316,0.95671713,1.111687,1.089216,1.5572021,0.96281695,-0.073014624,0.33178177,1.161799,1.2743309,1.5353457
1.0532653,-0.6603916,1.1460594,0.7209091,0.48277366,0.89520735,0.0027875782,0.09202266,0.66502947,1.3572623,0.9066072,1.2062687,-0.90037966,0.9520686,1.4995173,0.22489,1.8282598,1.5433834,1.9460368,0.6944018,0.22196528,0.43347052,0.6902929,2.031745,0.32037055,-0.085656956,1.3822275,0.8348638,1.1463381,1.6880406,0.6227693,0.23147574,1.0623126,-0.3680732,0.67573094,1.0510197,0.6721671,0.5990203,-0.06230644,0.36871752,0.18949361,0.38100386,-0.087328784,1.6439091,0.24614668,-0.06327009,0.65215576,0.7618962,1.0378858,-0.2108056,-0.4600146,-0.72134924,-0.6434744,0.794911,-0.042403243,0.2443881,0.42439646,0.22137393,0.20302394,0.9899087
2.554181,0.999145,0.8664912,0.87003493,0.49454463,2.6349285,1.5456878,2.4826822,1.1253244,1.1630776,1.8992431,0.3429275,0.78640306,2.2751775,0.75540984,0.53516406,1.3056616,2.1392887,1.9865174,1.4382873,0.745112,0.8813654,0.28768706,1.7982994,1.505173,0.59486884,-0.114833854,0.86931324,1.1009066,1.7059884,0.1921449,0.56839484,1.3814933,-0.5463064,0.7084634,0.562693,0.53429323,0.0046596127,0.01314161,0.83937335,0.51227087,0.54970413,0.20865086,2.0912502,0.49185288,0.17378734,0.72967166,1.3717798,1.7167583,0.1898818,-0.04969327,-0.38560107,-0.3189397,1.0339249,0.11388695,0.20649372,1.2649845,0.48619616,0.6678938,1.6806221
-0.637161,1.3241932,1.2429092,1.0073166,0.492281,1.3115449,0.43112937,-1.2186131,1.3460846,1.8709128,1.840152,1.6851742,1.3031397,2.6280532,0.5874408,0.8785494,1.9004987,2.1853435,1.948387,1.1391202,1.1929878,1.7837679,1.4397169,2.2841597,0.59749734,0.4757276,1.8176639,0.87851256,1.959661,1.697751,-0.88201517,0.67775726,1.0557762,0.31495285,0.6241285,-0.15626699,0.2968304,-0.450657,0.61228114,0.5737696,0.71565545,0.6095407,0.84952414,1.0864409,0.30551594,0.6076778,0.94585884,1.1124051,1.35428,0.8476097,0.7518356,0.7273081,0.76011986,0.86558837,0.5026017,-0.027531728,1.0616446,0.46378654,0.644008,1.3670255
-1.413156,0.82671773,1.0278878,0.64137894,0.48730096,0.48008287,-0.06215372,-1.8389348,1.5185041,0.119474515,1.4465274,1.120197,1.990769,1.6055917,-0.14291412,1.3791028,1.4185164,1.5873319,1.6119738,1.6048096,1.5847284,2.4107025,2.343348,2.0900977,0.8757052,0.38852894,0.5150584,1.3446833,0.7811309,1.4570994,-1.0627567,0.9450451,1.2389233,0.36504674,0.4038927,0.06214024,1.0060871,-0.3444786,0.84579283,0.8993166,0.81873286,0.8753284,1.0543814,1.5592625,0.22809002,1.0145301,1.1851696,1.3412845,1.398712,1.1871753,1.1399423,1.1703818,1.1253768,1.2555267,1.0083146,0.4918781,-0.0011027288,1.0982978,1.0820444,1.5332298
-0.36798579,0.97808576,0.5636734,0.86757964,0.48051,-1.2539067,0.5526678,-0.57915264,1.3825927,-0.33945352,1.5608209,2.1225646,2.0155332,0.9463244,0.14016978,1.4073575,1.7204231,1.0706635,1.2387152,1.444585,1.8242042,2.914356,2.8305912,1.7926308,1.465926,0.9913658,-0.44465744,1.0440048,1.0500232,1.0335394,-0.9911989,1.0678041,1.2833103,0.35478422,0.45812172,0.0993119,0.78581387,-0.6362132,0.80638474,0.27851096,0.7313781,0.7654894,0.8577488,1.5789822,-0.09176022,1.2530106,1.1018667,1.3262371,1.4079379,1.3139913,1.2212548,1.4365548,1.2640076,1.0886544,1.0318311,0.2695395,0.6766676,0.8409855,0.51288056,1.4665675
-0.5048692,1.1239673,0.32666567,0.5496334,0.47507724,-1.8868306,-0.26232743,-1.4455236,1.3075407,-0.07867989,1.5181427,1.2623342,2.8013463,-0.23962831,-0.22276044,1.3399192,1.4862452,1.0648979,1.0703094,1.3616645,1.7718487,2.8883336,2.7425487,2.0525725,1.5203893,0.46920758,-0.13112718,1.9389226,0.89372087,1.0532068,-1.6025921,0.98541534,0.992192,0.5761705,0.58834815,-0.7833015,0.14563891,-1.1544884,1.0867822,0.16676658,0.8208272,0.9704088,1.4110067,0.46752104,-0.5454081,1.52479,1.1842365,0.85563666,0.9472375,1.4309908,1.5138767,1.7898406,1.7120708,1.3434191,1.2280898,-0.09534384,-0.101515435,0.9698011,0.7199514,1.0961456
0.81943816,1.8795618,1.3936577,0.28097022,0.48865914,0.3151777,0.5729476,0.25952235,1.3021646,1.3270969,1.2051151,1.5537988,1.7714069,2.1012425,0.071768455,1.316155,1.7996949,1.8832589,1.9917918,1.3701311,1.8527176,2.2876854,1.740039,2.0101976,1.334845,0.7155691,1.0370868,1.9729362,1.4885643,1.7614197,-1.3866432,1.0739253,1.4474825,0.17589518,0.6138623,-0.5231281,0.3335009,-1.1156433,0.76762795,0.31583747,0.72770685,1.1003498,1.3898731,1.2247343,0.002294328,1.303398,1.6694235,1.3962379,1.6024699,1.3565309,1.6085489,1.5865029,1.5399964,1.2231253,1.0065575,-0.037937723,0.7708567,1.0780166,0.6824506,1.6795939
-0.9211009,1.2564532,1.1930861,0.48892525,0.4877537,-1.1669048,0.8521026,0.22057937,1.3912456,-0.126729,1.1279314,1.197954,1.835193,0.89790857,0.105149895,1.2429734,1.2077217,1.3205228,1.6023101,1.6416867,2.1671066,2.5902565,2.358405,1.5037854,1.2743735,1.0578935,0.56212217,0.4729246,0.5450366,1.4281164,-1.1715195,1.1509535,1.2146994,0.35857862,0.6789111,-0.561997,0.48811662,-1.1826388,0.96366304,0.073467694,0.8112847,1.2339349,1.1125278,0.8597012,-0.19194092,1.3175155,1.1424725,1.2449332,1.4203569,1.3701856,1.2958649,1.3701512,1.3495896,1.2143153,1.1338878,0.03860996,0.35245398,1.0647153,0.6495806,1.5111209
-1.0063609,1.3610245,0.77593714,0.7263628,0.48549002,-1.1906801,-0.15289171,-1.4398946,1.2501504,-0.63255364,1.2975652,1.0975357,2.1003058,0.42593455,-0.5231003,1.3875455,1.1152072,1.5030454,1.5023543,1.5677607,2.1158035,2.4958098,2.448845,1.5931838,1.4018911,0.3789051,1.7038292,1.1646107,0.37277395,1.378981,-0.73936164,0.7795369,0.8840324,0.24933037,0.60582227,-0.4346832,0.38050523,-0.73151755,0.681455,-0.21505624,0.51310587,0.62468815,0.8215793,0.71261024,-0.31413278,1.0514269,0.80243117,0.8019257,0.95524716,1.0456047,1.0410175,0.96795017,0.85160506,0.84208816,0.7934584,0.054919995,0.4007291,0.57492894,0.213743,1.0438399
-1.1380862,0.8155763,0.7997661,-0.23900917,0.48911187,0.7462735,0.77900344,-1.1387534,1.4719058,0.428318,1.4039891,1.7374293,1.7299412,2.053677,-0.70454764,1.5683427,1.899403,1.0013307,1.4595923,1.3061769,1.9086264,2.069565,1.8525321,1.3980869,1.2780278,0.83611333,1.424873,1.035228,0.78336716,1.4385269,-1.0769594,0.77314067,0.7590118,0.19559571,0.6841635,-0.65715563,0.1587938,-1.0151998,0.6674326,-0.27779987,0.46664324,0.76714927,1.2114896,0.42153314,-0.63990164,1.0999368,0.97977835,0.6037047,0.88919395,1.0355195,1.2428911,1.208855,1.1686696,0.8597991,0.9208189,-0.14109942,0.32019523,0.72659826,0.31701532,0.98437667
-1.2071332,1.586451,1.0875432,0.19596507,0.49092278,0.51456076,0.34352747,-1.2703273,1.1718609,-0.31705165,1.0383387,1.6386892,1.3225591,1.605285,-0.22402641,1.3446611,1.1719697,1.7987717,1.9632871,1.4187993,1.4556909,2.2690344,2.598394,1.2794458,1.1592453,0.46152985,1.0603789,0.14941876,0.84216875,1.6111324,-1.3618737,1.1077362,1.343504,0.45560595,0.68223965,-0.8543076,0.09419558,-1.1217908,0.6353349,-0.41932967,0.6290052,0.99011254,1.2143676,0.44029745,-0.13292865,1.1423281,0.88886905,1.3956735,1.5684593,1.0818897,1.280735,1.5382516,1.624895,0.94096684,1.0271107,-0.4194271,0.9917481,0.78702897,0.3161256,1.5517244
-1.7244384,1.6086102,0.86986315,-0.33383954,0.4895646,0.42405638,-0.06606719,-1.1406779,0.9359875,-0.55141044,0.38769296,1.1129047,1.9424999,1.679506,-0.35006693,1.2580343,2.5157783,1.3615491,1.9694997,1.0811057,1.1573923,2.018653,1.8853784,0.7287521,0.572266,1.0578974,0.5498669,0.4407139,0.27796605,1.7179184,-1.447558,1.3746005,1.2378563,0.2071014,0.6744565,-1.0570998,0.004510252,-1.468364,0.49169925,-0.7575074,0.6090695,1.0450232,1.2904708,0.45427436,-0.35374817,1.32294,0.85252017,1.3297744,1.5389231,1.1879125,1.3937483,1.6668397,1.7130684,0.9578007,1.1250724,-0.21105741,1.3985758,0.9026331,0.15920524,1.49607
-1.5903243,1.1214317,1.3337965,-0.49089983,0.4877537,-0.5179655,0.8515595,-1.5844219,0.818498,-0.7258274,0.5423516,1.8610303,0.77543956,2.329404,-0.33206254,1.0357288,2.101553,1.6467593,1.8503206,0.9716634,0.6256271,0.86571956,0.5583178,1.0700661,0.94117683,0.8456829,-0.2038355,1.3260033,0.89996547,1.692056,-1.4714389,1.1444417,1.5538381,0.59572285,0.75427777,-1.0650551,-0.08516763,-1.3579214,0.92854434,0.081543624,0.8437496,1.1510148,0.74231833,0.36111256,0.23580843,1.1411016,0.97946846,1.5971608,1.8261662,1.0780754,1.0433253,0.9847901,0.9834292,1.209197,0.87379175,-0.5825533,0.83499384,0.79555815,0.5100589,1.7012881
-1.0911536,1.1142473,0.6850813,0.40724453,0.48820642,-0.6538435,-0.2096697,-1.6518747,1.2457061,-0.5231861,0.6253594,1.3933047,1.2314658,1.7075248,-0.5614193,0.951276,1.5421823,0.8422376,1.4808975,1.3564962,1.8943995,1.1418738,1.1349769,1.0106325,1.050202,0.6667254,-0.49762753,0.6777823,0.21762492,1.3987901,-1.0238668,0.9868283,1.128337,0.5596222,0.568782,-0.6076122,0.31871107,-0.7600547,0.6737212,-0.2577691,0.6048768,0.8065588,0.5986234,0.7545153,0.10045087,0.951584,0.20734186,1.3227464,1.3676744,1.0771807,0.9787435,1.0638591,1.0889443,0.9392848,0.9189145,0.13860603,0.5120508,0.6165557,0.29942158,1.3233829
-1.7809519,1.2696775,0.8234411,0.6392471,0.48594275,-1.0585654,0.16707529,-1.7356693,1.6412351,-0.5983958,1.2811375,1.3911313,1.5013716,1.6915091,0.5927946,1.0104128,1.8754323,1.0847063,1.4234623,1.195807,1.3670807,2.0109026,2.264493,1.5025525,1.1070541,1.1351173,-0.41810557,0.40708244,1.0307237,1.4581617,-1.3889575,1.2189568,1.0447793,0.45684278,0.48150605,-0.75544727,0.3214088,-1.4735518,0.7840068,-0.15641065,0.71700734,1.0295097,1.2380421,0.39818385,-0.09299814,1.3012677,0.8547335,1.1978037,1.3505391,1.3069572,1.3761346,1.6241188,1.4985433,1.0954065,1.1459347,0.04090052,0.14829475,0.7233563,0.45068097,1.4327558
-1.6721423,1.1546097,0.30385858,0.81742096,0.48911187,-0.7493977,0.81004673,-1.2073373,1.457604,-0.57017374,1.1758493,1.5009112,1.8641795,1.8637432,-0.8688661,1.1356549,1.3794376,0.5412724,0.5631289,0.9884398,1.5798142,1.089152,1.3451716,0.93384725,1.5399028,1.239738,-0.7979971,0.8810296,0.4604,0.47801894,-1.3393601,1.1300576,0.7189549,0.82949716,0.52167296,-0.7633493,0.023758963,-1.1780087,0.9329709,-0.017563635,0.8215943,1.0898829,1.0662916,0.24029249,0.28175765,1.0663015,0.70477414,0.8954798,0.9248408,1.0516311,0.7798985,0.90709966,0.8859266,1.2379835,0.8667574,-0.2847172,-0.033001196,0.828451,0.5808625,1.0405182
-1.4837288,1.7287983,0.60493135,1.2047473,0.48820642,0.6289135,0.5311088,-1.4981934,1.4488322,-0.29850447,1.1403434,2.2337735,1.7342398,1.8098409,0.64985865,1.1140124,1.4253696,0.83583206,0.8231664,0.99373114,1.4262815,0.3416923,0.5651792,1.5501577,1.0826645,1.1332299,-0.0451623,0.95073134,1.0955608,0.49003914,-1.0534185,1.0923645,0.5447409,0.9782367,0.34327298,-0.77537835,-0.030236494,-0.8505509,0.75464433,-0.5185971,0.5763875,0.6770296,0.99126375,-0.3259063,0.15483381,0.6557042,0.5448544,0.7410249,0.7504211,0.7403125,0.76992065,0.84585196,0.79070044,0.82572377,0.6943185,-0.62442917,-0.33514023,0.54371566,0.057416324,0.7909545
-1.3767116,0.39267892,0.9232307,0.53368247,0.492281,-0.29691938,1.3933027,-1.4141381,0.7941201,-0.071050264,1.2357916,0.7646884,1.7982911,1.3722296,0.3127192,1.0291408,1.7191046,1.4946139,1.1283827,0.9566964,2.0732381,2.000097,2.2621417,0.6299776,1.1728019,0.7206032,-0.37209114,0.6695661,0.75953937,1.1474264,-1.0535649,0.6779533,0.47378182,0.8406511,0.5648695,-1.0285034,0.019803444,-1.3421198,0.5312409,-0.08854281,0.7126014,0.7263496,1.0261347,-0.33087796,0.36204773,0.6595528,0.6115633,0.7948055,0.70870864,0.83825135,1.003758,0.9363865,0.93008906,0.99470854,0.6099312,-0.31494018,-0.3730435,0.68151414,0.39531448,0.8096711
-1.6352398,0.8474449,1.2548224,1.1347846,0.49182826,1.1572611,1.074239,-1.618496,1.1017578,0.9908228,1.5582368,1.3843182,0.8139447,2.384141,-0.5412797,0.9703785,1.7721063,1.4799392,1.6772217,1.3034188,1.5956329,1.9889293,1.8854581,1.6123596,1.1003009,1.2110087,-0.18502656,0.56627876,1.6326182,1.4327095,-1.3067392,0.8477303,0.79388255,0.6415468,0.40799654,-0.8725773,0.07517755,-1.166607,0.74707305,0.15234897,0.6692031,0.8645246,0.9715909,0.1516628,0.3714447,0.73131967,0.80898964,0.9980288,1.0454184,0.91289103,1.0069302,1.0173806,1.0112882,1.0605109,0.7962823,-0.3038621,0.12297597,0.7650992,0.5335896,1.0355891
-0.54455537,1.5206684,1.4569613,0.6207787,0.492281,0.9750325,1.1676806,-0.056312945,1.0290661,1.0702466,1.5987827,1.6343535,1.2765559,2.0818796,0.3974507,1.1809368,1.9926798,1.8642671,1.6510645,1.1599116,1.2843215,2.018148,1.4999477,0.8789454,1.4075134,1.825118,0.04348728,0.5234759,0.9063255,1.6023546,-1.1589667,1.0264988,1.2311713,0.62754846,0.6198267,-0.29782838,0.3766861,-0.9910896,0.43691358,0.112322725,0.8328508,0.8447914,0.743367,0.4993263,0.4495106,0.78001875,0.6148096,1.4201778,1.5490376,0.9903797,0.64311576,0.37344506,0.2928377,0.7857559,0.667619,-0.30714154,0.9076931,0.5999666,0.49255127,1.5606565
-1.9512305,1.4403195,-0.45248827,1.560712,0.49182826,-0.9636655,0.45166457,0.16168499,1.8174294,-0.9462001,1.3381238,1.6590371,2.6655722,0.70138043,-0.58736867,1.3153825,1.3704265,0.1423452,0.48099482,1.2772101,2.4020784,2.09157,2.12796,1.4266375,1.3413206,1.0919275,-0.89965,1.4520179,0.9536633,0.31419381,-1.5423241,0.53068364,-0.0052312757,0.6672657,0.4404239,-0.6715085,-0.056008406,-1.1847368,0.701338,-0.42152476,0.6811396,1.2177049,1.324269,-0.38976556,-0.6251312,1.0431879,0.48200554,0.04546037,0.0017592506,0.92971164,1.0254104,0.99084467,0.87141263,1.0634965,1.0813577,-0.2829433,-0.6271389,1.1569816,0.44660532,0.27819046
-1.2118117,1.4347979,0.78060955,-0.16627362,0.49273372,-0.89655536,0.44771194,-1.8601441,0.67600757,0.111069195,0.99604166,0.73957944,2.2342045,1.9010966,-0.27480555,1.2206663,1.9440918,1.2805952,1.5158572,1.4565284,2.3821225,1.9672921,1.9937934,1.7411516,0.93108934,0.6277627,-0.42878777,0.72264785,1.6266445,1.1565661,-1.7512625,1.0612233,1.0692261,0.2760502,0.60299635,-0.98777765,0.05302155,-1.4169036,0.49238196,-0.830831,0.74369013,1.0720067,1.728177,0.067191586,-0.89430314,1.3551073,1.2553061,1.0575693,1.3628892,1.2481332,1.5933931,1.5379997,1.4855626,1.3112956,1.0648336,-0.59426296,1.1603383,1.0014255,0.20563316,1.3543229
-1.459317,0.9255735,0.4876132,0.23964271,0.48820642,0.5031055,0.023047015,-1.8640558,0.8513882,0.20652078,1.3238994,1.5133227,1.7168885,1.9977021,0.10774868,1.2431569,1.70883,0.9143198,0.9333455,1.2822012,2.1202734,2.5357661,2.5486743,1.0378581,1.2543792,0.476133,-0.7701441,1.5643427,1.8533653,0.87222016,-1.5802855,1.156848,0.95785075,0.32374907,0.58526486,-0.6158486,0.34616166,-1.2648104,0.733528,-0.47884977,0.70646167,0.966359,1.7649713,0.5602536,-0.73531127,1.5363798,0.894909,0.93388045,1.1317737,1.4402982,1.8124808,1.9842504,1.9396787,1.1507516,1.3504862,-0.13141704,0.022806384,0.9909059,0.44681662,1.2368032
-1.9189671,0.9347523,0.48405296,0.08045452,0.492281,0.17383143,0.979128,-0.1340802,1.1998641,0.0040168553,1.3255804,1.2455165,1.4287963,2.7021372,0.6997345,1.5111339,1.5328883,1.0408696,1.2150388,1.4304538,2.3137426,2.390798,2.142782,1.7363994,1.6290737,0.88983935,-1.003502,1.5672414,1.3430893,1.0446086,-1.311818,1.1044365,0.87432253,0.36825106,0.66843146,-0.7763776,0.15802541,-1.1177092,0.8492021,-0.33339947,0.7864259,0.9796216,1.2875956,0.024409126,-0.60194117,1.3122865,0.8812497,0.89233875,1.0237083,1.2881727,1.5109704,1.6721761,1.5915369,0.9239574,1.0549394,-0.15198298,0.11558502,0.95512444,0.30394843,1.0909472
-2.0180767,1.5508075,0.25047377,0.639594,0.48820642,2.1904726,0.35602224,-1.358843,1.1809081,0.04785241,1.3190844,1.4131968,1.8541497,1.8424896,0.02829033,0.84141636,1.8101482,0.6360024,0.24117024,1.2338952,2.0873523,2.2547953,2.082049,1.3857349,1.2995355,0.78721243,-0.46762133,1.2529445,1.538998,0.22420247,-0.68122625,0.76774764,0.23297688,1.0062035,0.5092013,-0.0012722481,0.06949517,-0.19483817,1.1486136,0.23500282,0.87900525,0.78830916,0.45828325,0.31375006,-0.08625157,0.9152958,0.7161308,0.25827634,0.22688188,0.9993047,0.43355247,0.6346657,0.5161129,0.90561324,0.6964592,-0.23619372,-0.37728932,0.671432,0.7824178,0.20911624
-1.9450098,1.2912557,0.10497411,0.6924011,0.48820642,1.9479883,0.75784826,3.0504677,0.75390565,-0.17209187,1.5878724,1.8421378,2.0633652,1.9676983,1.1934056,1.0946641,1.2073426,0.6964198,0.6701434,1.5184703,1.7634237,2.3829398,2.4874113,1.588353,0.8295595,0.50126404,-0.3781636,1.137089,1.18798,1.0501494,-1.7561108,0.88403046,0.76599014,0.4675983,0.5658493,-1.0236185,0.0047228,-1.6696274,0.7697474,-0.64599884,0.7151373,1.1944568,1.7628486,0.08509658,-0.6615304,1.2601323,1.1115955,0.7629176,1.0050398,1.3343256,1.7374243,1.6121464,1.6143956,1.1174614,1.1830648,-0.23211415,-0.20397422,0.9747224,0.2688106,1.093167
-1.8476927,1.5078471,0.83576655,0.6691612,0.48911187,1.9552575,0.080960475,-1.0002964,0.6927549,0.73797727,1.2032567,1.5813686,1.7150981,2.267649,0.6209917,1.2726241,1.4900497,1.2795669,1.1718955,1.5042024,1.8365512,2.2576377,1.9587665,1.3896797,0.62878907,0.78423434,-0.75679684,0.7409249,1.8924166,1.4034861,-0.873667,0.79906815,1.1834818,0.33098578,0.6131954,-0.09281586,0.30226296,-0.52230054,0.62394345,0.23335877,0.5150294,0.6887331,1.046602,0.8861531,-0.006033594,0.81895584,0.7804408,0.97407895,1.2340102,0.9324881,1.30847,1.1501704,1.0930359,0.93269074,0.8931946,-0.29408795,-0.0073215254,0.7623828,0.4590536,1.278807
-1.9731611,0.557324,0.7010708,1.1390061,0.48684824,-0.050157618,0.54295915,-1.1414975,1.5778787,0.8006709,1.4079326,1.8239263,1.9393386,1.3194276,-0.0059964773,1.0893185,1.5624392,1.420481,1.3970459,1.4799597,2.332816,2.3486848,1.9350946,1.80345,0.78159845,0.41113898,-0.61856896,1.526052,1.9497079,1.569301,-1.1805888,0.6697363,0.67746663,0.4566716,0.50717366,-0.30398512,0.41752315,-0.9276631,0.62137526,0.12818597,0.8906741,1.306969,1.0311397,0.45944062,-0.0451115,1.0330219,0.8120771,0.7953555,0.8361788,1.1107529,1.2031355,1.312364,1.2289388,1.1766062,1.062762,0.023907093,-0.49017382,1.0869422,0.6921699,0.9725573
-1.3589984,1.7069025,1.0150928,0.71788347,0.48911187,-0.6260457,0.49199694,-1.395971,1.0284495,1.1493076,0.82578677,1.0852948,0.61075616,1.2968329,-0.041568805,0.735921,1.5859061,1.5677228,1.9579557,1.6221123,1.5174414,2.0549626,2.145736,1.8489546,-0.09470608,-0.2742806,0.72801244,1.0311416,1.4184784,1.7103399,-0.94019,1.0100656,1.0423594,0.91738695,0.44149238,-0.59685904,0.124389336,-0.85560703,0.6428947,0.20519519,0.8753894,0.9657057,0.93468255,0.4696142,0.5500747,0.7272294,0.48659664,1.3393109,1.4226156,0.9961449,0.6169548,0.46584058,0.4925231,1.0267205,0.7806499,-0.39174312,0.7407443,1.0293659,0.64073163,1.4373624
-1.8204902,1.3806705,0.6756429,0.7365452,0.48186818,1.2829769,-0.006366526,-1.2513212,1.3776296,1.5529248,1.4971064,1.1809727,1.7425786,0.7211903,0.3427284,1.2024283,1.5001967,1.4584041,1.6577744,1.4083488,1.5094093,2.0773435,2.0048592,1.9258269,1.0149224,0.16512379,-0.35821047,1.4089803,1.6955786,1.5501604,-0.8637213,0.8003851,0.8447173,0.65224886,0.46417248,-0.4889056,0.37943077,-0.87112933,0.5853832,0.023128526,0.7889463,0.8835554,1.0173415,0.13947366,0.27948797,0.7221516,0.62232983,1.1324675,1.0954381,0.84777117,0.9984416,0.8082051,0.6781508,0.944954,0.7419492,-0.046692695,0.5179287,0.91814977,0.5841024,1.2267408
-1.955237,1.2000595,0.79127586,0.89285606,0.47054994,-0.5335343,-0.38123137,-1.8692712,1.54392,1.6638122,1.9146252,1.96403,1.6256927,0.08971971,0.4706844,1.4006975,1.6084915,1.6449512,1.5388207,1.5652273,1.9347196,2.387526,2.5895126,1.5526294,1.4279951,-0.36130637,-0.3796991,1.8494419,1.9196593,1.4732772,-1.5744406,1.3804094,0.7459235,0.6707113,0.5026804,-1.0445294,0.08740342,-1.4910061,1.0713488,-0.03383197,0.89055806,1.5360758,1.3749411,0.08637812,-0.3609431,1.5634636,0.9337561,0.89140594,0.94093543,1.4339978,1.3913279,1.6259981,1.5546466,1.462266,1.269865,-0.07887447,-0.512854,1.1970723,0.82347584,1.0019454
-1.7387776,1.0460771,1.0614954,1.0296687,0.47054994,-0.0084120035,-0.3314638,-1.7028121,1.2792505,1.8613588,1.0412908,1.3059542,2.1047652,1.402108,0.8289561,1.3111953,1.2029423,1.4557008,1.7067566,1.4498515,1.5689144,1.8809192,1.9563301,1.8162898,1.1174577,-0.4144586,0.04558754,1.6234603,1.3154768,1.6467814,-1.0991598,0.8868796,1.1867776,0.7802576,0.58596647,-0.24126124,0.68712515,-0.8367298,0.7270465,0.6630076,1.0073313,1.3174633,0.80816776,0.8573075,0.46657303,0.906118,1.0206847,1.3540487,1.3264948,1.1257995,0.8469227,0.9525282,0.8907444,1.1199117,0.78907263,0.18304081,0.10330647,0.75167644,0.824531,1.2674426
-1.8263947,1.6997228,1.2185056,0.8742859,0.48911187,2.748109,0.21468374,0.53958565,0.9319013,2.075056,1.8544792,1.3323357,1.7105771,2.0070295,0.26291752,0.80509377,1.176144,2.1883292,1.967173,1.302105,1.3222569,1.2532519,1.0664319,1.5471158,0.8289827,0.04669323,3.1361654,1.66842,1.5929397,1.8010422,-1.1731899,1.3930184,1.5115546,0.18713447,0.52431166,-0.64948756,0.123012066,-0.7625211,0.53408104,0.7527713,1.2230492,1.5533788,1.2358701,1.4288203,0.49428707,1.0194973,1.022539,1.9525418,2.0183878,1.1026047,0.9566768,1.051797,1.0938909,1.5018256,0.9403354,-0.39997965,1.8899789,1.1343219,1.0969241,1.8291966
0.47828883,1.9672612,0.93283105,0.2824598,0.492281,-0.82589775,0.42720047,0.4838819,1.0557554,3.0096424,1.9885396,2.2049978,0.4884342,0.5072192,0.58771485,1.0151441,0.9486172,2.408355,2.1489666,0.9516433,0.131248,0.9950857,1.2880741,2.3860703,1.2357435,-0.5995246,3.8133135,1.5953617,2.5524933,1.8148576,-1.4146327,1.4126925,1.0969578,-0.061055176,0.6188061,-0.8475415,-0.21742257,-1.2335116,0.24696185,-0.8474923,0.88544685,0.83732104,1.0683647,1.0533402,-0.10883476,0.9336912,0.5870141,1.7410253,1.8044156,0.92926,0.9653139,0.71978474,0.8160036,1.1305019,0.8506823,-0.22075628,3.4618938,0.943725,0.11673571,1.696764
-1.3886259,1.7885125,1.2229187,0.50231946,0.4850373,0.51715875,-0.21399032,0.36381143,1.2954513,2.4445531,1.462555,1.4206082,1.3063495,1.058531,1.2307352,1.1731393,0.5332092,2.1978626,2.100202,1.5316069,1.507667,2.5273178,2.3504238,2.3049452,0.95842373,-0.97997534,0.9721545,1.4971441,1.8797481,1.8228513,-0.73131853,0.7863353,1.1240009,0.52585775,0.21483567,-0.6626013,-0.37711003,-1.0616305,0.65342337,-0.073418215,0.46134228,0.3953711,0.87452203,-0.05911658,0.40696502,0.46849865,0.3421554,1.2815577,1.3573564,0.71128476,0.83746237,0.9547295,0.8919161,0.6317001,0.5811502,-0.668391,0.28345218,0.38856417,0.20904659,1.3040478
0.042557675,0.76578885,0.33491045,0.8570913,-2.8552053,-0.45709524,-0.361197,-0.29377687,0.43236592,1.5303199,0.4818202,-0.06415534,-1.3306705,-0.39060587,1.2145392,-0.88990617,0.73661345,0.11319753,-0.0034099135,0.58287424,0.28756693,-0.1244599,-1.1674945,-0.05198853,-1.5031894,-1.0942818,-0.5920695,-1.2061309,-0.13080063,0.13672343,-0.6281119,0.7569357,0.8448809,1.1597646,0.44133037,-0.537331,0.066185996,-0.7151727,0.746336,0.44204658,0.7604635,0.66588825,0.35035113,-0.16258362,0.8430757,0.2947456,0.3635394,1.1565568,0.9732643,0.6762648,0.49375784,0.50970024,0.42050433,0.62900144,0.5287752,-0.041144684,0.03142764,0.67756355,0.55524385,1.0039256
1.0245131,1.4073106,1.1233552,0.41272035,0.43750066,0.3839951,0.15437713,-0.28877842,1.7238568,1.6741978,0.5827535,0.33362043,-0.48105675,-0.5753412,1.3964982,-0.040694226,0.17586535,1.7116029,1.5426477,1.0237812,0.29035434,0.5957234,0.20841634,1.548023,-0.14522734,0.21699095,-0.09121134,0.60317725,0.20343846,1.4298766,-0.57941514,1.0726812,1.4089204,0.4929489,0.6793863,0.66265,1.0547761,0.13000876,0.78643054,1.5788846,1.3538166,0.8326115,0.6688345,1.2949318,0.8498383,0.6026845,1.3239635,1.590211,1.6571585,0.90196365,0.51707655,0.55546343,0.6100324,1.3530874,0.5132681,0.28213954,0.45956653,0.869076,1.4477949,1.6608235
2.5402417,0.9940188,1.4651076,0.45021898,0.48865914,2.095134,1.3253936,-1.0049876,1.1422395,2.0547125,1.3321798,1.9980738,-0.26713297,1.1106902,1.0958375,0.5790081,-0.118129194,1.142854,1.6457072,0.89780396,-0.09779615,0.47143662,0.8757093,0.6667954,-0.53258544,1.0320728,1.1686893,0.4879791,1.5807382,1.3426462,-0.018704142,0.56619895,1.0364656,0.049865074,0.56634825,0.7960167,0.41552982,0.7181765,0.15615346,0.7349321,0.3210595,0.32735026,0.3319445,1.6821488,0.4527919,0.13675289,0.74490494,1.0763042,1.4548168,0.3744215,0.18247074,-0.011254737,0.046967767,0.56617844,-0.06599421,0.07001756,1.128178,0.26606676,0.5066975,1.3184092
0.099891596,0.7329757,0.9168836,0.895351,0.4700972,-0.751789,0.16344418,-0.19772102,1.5051512,1.0823449,1.5394974,1.63619,0.83789134,1.4198549,0.53036785,1.1737053,1.497495,1.5310577,1.4016428,1.6200286,1.4687834,1.2856381,1.0271493,1.5771389,0.76810604,-0.32398316,0.043676287,0.9761321,0.121867694,1.6281304,-1.208572,0.94969594,1.1386019,0.37802014,0.52337474,-0.16891417,0.5154217,-0.53993386,0.7158426,0.31693694,0.6972456,1.1514622,0.8632027,1.3595285,-0.12162326,1.1677101,0.69676447,1.1619862,1.3757317,1.1332158,0.9855912,1.0356185,1.004309,1.1792953,1.0122179,0.00365063,0.03170108,0.966367,0.72968256,1.4500202
1.3556503,1.6186264,1.0656952,0.97861046,0.48594275,-0.22193149,0.5737727,1.6416366,0.61887723,0.5379063,1.4915589,0.5800034,0.4013509,2.5073116,0.606103,1.0930879,1.6707827,2.1309006,2.078979,1.3390175,1.658027,2.069588,2.0786436,1.5775436,0.41431102,0.28270534,1.829562,1.8349237,1.7825857,1.8234485,-0.4895624,0.42178145,1.0907845,0.100159034,0.5122499,0.16824712,0.06671846,-0.33550146,0.38056862,0.6511319,0.49098518,0.4365855,0.20536028,1.054194,0.4857849,0.21491598,0.81339616,1.0607538,1.3199779,0.45539948,0.16749087,0.033904467,0.0667117,0.5045534,0.15358242,-0.21503052,0.678508,0.19942357,0.40570056,1.3020277
-1.2462982,1.5380466,1.0761489,0.7549935,0.49137554,3.1020534,0.72132236,3.3835454,1.3645388,1.537314,1.6956811,1.0890156,1.1818497,2.061376,0.2159155,1.1874582,2.062627,1.8307701,1.89829,1.462005,0.97778034,2.283459,2.2941332,1.4962147,1.191076,0.6121818,1.1759068,1.0611782,1.7644111,1.72673,-1.0610489,1.0351632,1.3220443,0.29223624,0.48900682,0.48311597,0.9201185,-0.07414468,0.63412774,0.9746982,1.0394351,1.2220367,1.2888772,2.0031078,0.34636238,1.0705113,1.5314736,1.5735577,1.7417995,1.2088462,1.102342,1.2243003,1.1399112,1.3998775,1.0243554,0.23133543,0.47008273,1.1977634,1.1576935,1.6748357
-1.954499,1.3354303,0.8284753,0.7293689,0.48141545,0.90925133,0.6768769,-1.8672719,1.4030442,0.6711347,1.6634116,1.6817915,2.1343458,1.5198734,0.21453603,1.4407045,1.4036525,1.4407386,1.4499644,1.6988401,1.8927249,2.286759,2.0240965,1.8786265,1.5110207,0.36102772,-0.49843827,1.0644137,1.3344877,1.3968282,-0.7463715,0.8932966,0.88804173,0.47397533,0.5024344,-0.014527803,0.50268376,-0.27317014,0.765751,0.16550283,0.63573426,0.6515059,0.85153866,0.85471207,-0.21525571,1.1133451,1.123911,0.7185809,0.76298577,1.0329663,0.9360201,1.310106,1.2506354,1.0074543,0.7928106,0.08531709,0.007831628,0.71750087,0.5311595,0.85846925
-1.9386836,1.2434828,0.3730362,0.98181456,0.46828628,-0.6749311,-0.29548216,-0.84996253,1.4779633,0.10917213,1.4125706,0.52617186,1.8559302,0.50494283,-0.39352444,1.4088901,1.6367824,1.2933257,1.0353041,1.4284701,2.002585,2.5625224,2.53154,1.6765968,0.869766,0.08360426,-1.0415168,0.8617057,0.5496785,1.1554298,-0.9100332,1.0919418,0.7451077,1.1206155,0.43361425,-0.4762809,0.24128032,-0.76297116,1.3269421,0.56330734,0.87155414,0.55713683,0.61063135,0.52939665,0.15048024,1.205922,1.3333267,0.86583567,0.7670617,1.1984836,0.6451216,1.2086346,1.1292835,1.0738173,0.82323045,-0.25767523,-0.22852397,0.5622112,0.72776747,0.8164181
-1.8901832,1.308125,0.8433151,0.44044003,0.48232093,-1.183883,0.48184773,-0.6079258,1.5404035,0.35644102,1.5810463,1.7803557,1.016869,0.2805089,-0.3233456,1.346461,1.5461782,2.156893,1.8398935,1.496357,1.8736641,2.5708687,2.2913878,1.7354357,1.0519102,0.49037966,0.6906291,1.1651418,0.73958987,1.6440748,-1.517235,1.2978315,1.2404459,0.40966633,0.45858383,-0.4015242,0.40462202,-0.8894322,0.79420745,0.51223356,0.93474966,1.0887591,1.3990422,0.7267299,-0.120733395,1.1827258,1.1046878,1.3370875,1.4691201,1.3799042,1.5716864,1.8114192,1.7972772,1.276871,1.2220887,-0.0561874,0.2454221,0.9467534,0.86023486,1.54394
-0.5656768,0.86871797,1.7999449,0.65192276,0.48141545,-1.6149082,0.17880745,-1.0758861,1.54275,0.8487923,1.7668744,0.5157383,1.5787802,0.47751468,0.18464023,1.3392462,1.690107,1.9798871,1.7087573,1.2865515,1.4606445,1.9803833,2.3915334,0.7854731,0.5464627,0.28933877,2.8461707,0.78299123,0.7783062,1.6613002,-1.3143725,1.3580694,1.2115495,0.24792373,0.5659334,-0.7110379,-0.35842556,-0.8719609,0.5107981,0.32079482,0.9677089,0.9813077,0.7942314,0.44919673,0.16714534,1.1115595,0.8640433,1.3775738,1.512109,0.99699444,0.9486879,0.68853676,0.8388642,0.94039553,0.8842763,-0.5016311,1.9435313,0.7411263,0.68987525,1.4199178
-1.1280081,0.99890566,0.835275,0.28272104,0.48549002,-0.4122531,0.049147848,-0.8508903,1.5427108,-0.0635712,1.3559254,1.3427181,2.073772,1.3770144,-0.1259937,1.0971915,1.7280979,1.3678808,1.7664647,1.484011,2.0585792,1.9270211,1.6922402,1.6969615,1.7223665,0.65649956,1.1911123,0.10440992,1.1344007,1.5673556,-1.0347466,1.1478876,1.3260849,0.29511145,0.68946034,-0.34065807,0.23482528,-0.8690184,0.7804546,0.33729145,0.7187875,0.95269096,1.1171161,1.0417712,-0.039548356,1.1611725,1.2562281,1.2479668,1.4896094,1.0560031,1.1365229,1.3511207,1.2507708,1.0684109,0.89446795,-0.38557366,0.82974935,0.9357626,0.7550758,1.5889145
-1.1904826,1.3430861,0.8260719,-0.045629032,0.48820642,-0.52057374,0.35377422,-0.06372303,1.1387181,-0.02911665,1.2637538,2.3466504,2.7721448,1.2961389,0.20082381,1.1537874,0.79199445,1.4244107,1.7297792,1.496781,2.2330883,2.3953564,2.2970786,1.6918389,1.2480175,0.62921405,-0.57292897,0.59847397,1.3551556,1.6214398,-0.9016511,0.9951875,1.3250257,0.05340957,0.7421604,-0.036957018,0.66425043,-0.8759394,0.6766749,0.29214674,0.7667139,1.0219684,1.2120051,1.1452273,-0.03172939,1.1644987,1.1863776,1.3214443,1.4496236,1.1617173,1.3947496,1.4497197,1.3141252,1.2068226,1.1229901,0.08111092,0.47845784,0.8600055,0.7323603,1.5543599
-1.1158686,1.3892056,0.7161326,0.07741654,0.48413184,-0.23698492,0.66895753,-1.4823904,1.4150953,-0.6410716,0.8996318,1.5899351,1.8130147,1.7403473,-0.8510448,1.5098838,1.2847636,1.2223656,1.3887339,1.4568931,1.9755176,1.9771167,1.9634204,1.7389091,1.5163174,0.44495013,-1.1407305,0.48196313,1.2714512,1.1583622,-1.1213995,0.9824958,1.1166615,0.43752912,0.73293966,-0.39038548,0.75839067,-0.87474763,0.7995552,-0.2169262,0.7976211,1.0149158,1.1531284,0.8977755,-0.4359801,1.3657486,0.8899573,1.152411,1.2838601,1.3296217,1.4529389,1.5623875,1.5509486,1.090799,1.151405,0.40718877,0.3168511,0.86675316,0.3239016,1.3657712
-1.7284449,0.99650985,0.50326777,-0.36908674,0.48865914,0.13594608,0.3123606,-1.6963797,1.3090823,-0.76660174,0.6517987,1.1215501,1.7621912,1.6942528,-1.096029,1.2730873,1.546824,0.84786034,0.7255445,1.1788299,1.8808818,2.1244626,2.3062582,1.2506598,1.2506243,0.7782663,-0.4786529,0.9126514,0.20187075,0.8464197,-1.2646017,0.97636914,0.9155419,0.12757346,0.6096438,-0.82674354,0.11378281,-1.08839,0.541444,-0.7047898,0.57461524,0.9506032,1.2339073,0.27569428,-0.9013491,1.3244798,0.7518218,0.8522832,1.0228536,1.0821143,1.5338243,1.8038181,1.6566607,0.8156131,1.1466632,-0.16210553,0.46077704,0.9918177,0.11970793,1.1544062
-1.7812682,1.300108,0.8262412,0.53431165,0.49047005,1.8411907,0.9164736,-1.3088773,1.3216004,-1.0461165,1.0546076,1.711996,0.9464958,1.7856262,0.10758911,1.1869849,1.7347744,1.0588794,1.2620914,1.174833,1.1029432,1.8352274,1.410751,0.6956472,0.64323694,1.3305659,-0.8846471,1.0299953,0.77551997,1.0899847,-1.2910635,0.77973354,0.45974964,0.26417953,0.61581707,-0.7969731,0.21933132,-0.96397114,0.6892544,-0.68974674,0.5016221,0.7797366,0.74028486,0.27735105,-0.6105812,1.1388677,0.4752372,0.29644158,0.45101836,0.9786176,1.2120019,1.3159941,1.0632252,0.74804133,1.0776019,0.1597054,-0.18968439,0.86790633,0.14325158,0.60143507
-1.0501661,1.0893097,1.30869,0.47518125,0.48820642,2.099524,0.9051908,0.10633197,1.2918725,-0.18286943,1.3919055,1.070619,0.68305874,2.1784441,-0.7929129,0.9775955,2.454165,1.3278197,1.6544997,1.2933935,0.81821126,1.478998,1.5249647,1.2455062,1.5895053,0.92722654,-0.4688665,1.2509788,1.2907845,1.6566283,-0.94467306,0.89911723,0.85895807,0.33184466,0.6445349,0.020292891,0.09873611,-0.30706704,0.7011231,-0.28041488,0.58776724,1.0182192,0.5147723,0.98466027,-0.26414457,1.1529095,0.8100508,0.67481154,0.93813187,0.9273577,0.8789362,1.0048205,0.9395285,0.8430593,0.9563184,0.007328095,0.47085723,0.7726738,0.3980823,1.0097343
0.22055848,1.8245591,1.2246196,-0.30888385,0.49001732,-0.7288104,0.72332674,-0.512191,1.0076249,-1.1684176,1.152567,0.9311818,1.2376372,2.2089274,0.39941555,1.0312928,2.2771366,1.2349595,1.9496199,1.322389,0.68126535,1.5412406,1.000437,1.423773,0.55608064,1.0235842,0.3178574,0.4522913,0.49261323,1.6147066,-0.9379993,1.0002595,1.3709406,0.18401456,0.69759244,-0.4636918,0.50206876,-1.1419234,0.37548813,-0.16880703,0.68160534,0.9104482,0.9717382,1.1152599,0.3852316,0.9357324,0.67660797,1.4863652,1.690853,0.9967498,1.0468687,1.0892986,1.1368741,0.96734005,0.84660256,0.1718999,1.3005676,0.6071435,0.31900713,1.6125253
-1.208779,0.8195375,0.8753029,0.52470493,0.49001732,0.96511626,0.6905484,-0.20948243,1.2335988,0.37320918,1.4277128,0.6246146,1.2773001,1.8812463,0.43767416,0.9566558,1.6144722,1.3391753,1.6927471,1.3396839,1.117948,1.3474741,0.80922043,0.8609272,1.3568156,1.2435359,-0.4865023,0.28834373,0.9753282,1.598382,-1.2602682,1.3201668,1.2832559,0.42755887,0.56715196,-0.36618197,0.3504812,-1.1107918,0.55035263,0.19145125,0.9040252,1.2185408,1.0812659,1.1402597,0.32447395,1.2349778,0.83552945,1.5631542,1.7121818,1.2573353,1.1956748,0.97863466,1.0203333,1.1819569,1.0792497,-0.0020885095,0.9573058,0.82243365,0.6805872,1.6938096
-1.6973414,0.7054803,0.35039517,-0.4595001,0.4895646,0.13420892,0.3604738,-0.82128364,1.5211647,-0.8019143,1.3292043,2.2085252,1.3686167,1.2064865,-0.10150731,1.2393569,1.6975788,0.60466987,0.32424507,1.1087661,1.2488784,2.006562,1.6204635,1.5138619,1.1066406,1.3004491,-0.7370648,1.8034341,0.49466613,0.4013523,-1.129584,0.98844373,0.6241923,0.7181571,0.67390984,-0.72073984,0.299562,-0.9790192,0.79371053,-0.29720813,0.7402891,0.87861866,0.39054218,0.31968632,0.14633307,0.91111964,0.3554905,0.79412365,0.69604045,0.86280894,0.66545445,0.7044988,0.47525293,0.8846273,0.9738689,0.1651865,-0.02313118,0.6397237,0.40100384,0.77111816
-1.7571235,1.2462835,0.7231152,0.79953456,0.48865914,0.3894224,0.8992725,-0.9825717,1.3278826,0.1572497,1.4039997,1.1693382,1.49086,2.2457743,0.74365723,1.0786482,1.49132,1.306456,1.2818612,1.0227805,1.338159,1.1648002,0.9724241,1.6030684,0.6289201,1.3654041,-1.2130253,1.4263273,1.0988946,1.1694016,-1.289265,0.6405952,0.5767774,0.1558078,0.7640626,-0.9451184,-0.42896187,-1.1283576,0.44579804,-0.70409167,0.33414507,0.77307475,0.97925097,-0.095185176,-0.60779226,0.9382626,0.5348334,0.41952384,0.593502,0.72183394,0.8747142,0.5110343,0.42982653,0.7870974,0.78559494,-0.41163668,-0.22954208,0.6184002,0.05082267,0.6987487
-1.2590455,1.9389849,1.0683994,0.34374815,0.49454463,3.1165493,0.951987,-0.67681015,1.2886115,0.6109223,0.9673918,0.28124,1.2690501,2.0323727,0.5754729,0.92855245,2.3074253,1.7810205,1.6927054,1.42097,1.7521731,1.1530771,1.2132642,1.4186281,0.27961603,1.5087855,0.35792565,0.29653168,0.2545579,1.4141625,-0.50590086,0.5604206,1.1069003,0.3439054,0.4511798,-0.24979019,0.018583924,-0.5712463,0.17444494,0.16927072,0.39658526,0.23294893,0.3473466,0.07038982,0.6098261,0.34736958,0.34506476,1.1149311,1.1147642,0.48049974,0.41237316,0.32247388,0.31789976,0.2577544,0.16311157,-0.23967417,0.77547574,0.11430084,0.10396417,1.1238179
-1.7812682,1.4896854,0.8587915,1.2968047,0.49182826,0.34873956,0.8425,-1.2000998,2.0806165,0.5302006,1.3415527,1.5531628,1.3934554,2.1816275,0.21029685,1.206438,1.7784178,1.7232425,1.5804105,1.2434623,1.707418,1.1286465,0.47130966,1.7873777,0.57838845,1.1428533,0.29079515,1.0255338,1.4585063,1.3616155,-1.1276964,0.91605663,1.2594509,0.32046282,0.488788,-0.23845172,0.10285599,-0.84992856,0.39542145,-0.09130095,0.57550067,0.86297053,1.1927115,0.6607304,-0.046679422,1.0631881,0.60881746,1.2885427,1.4343678,1.004368,1.150721,1.1641614,1.1437998,0.9191525,0.9359818,-0.3415094,0.5454281,0.9567564,0.496288,1.5325211
-1.7757856,1.3151344,0.8221341,1.3643646,0.492281,0.4535365,-0.068410665,-1.7314969,1.5400692,-0.42575502,0.7720333,1.4027756,2.1664557,1.0319097,-0.29683203,1.1427746,0.9860091,1.2595592,0.9016656,0.9256168,1.2018775,2.069466,1.9378953,1.1304148,1.3774292,1.1344254,-0.82087106,0.7594772,0.61425644,0.91907394,-1.0452251,0.7715044,0.39778966,0.960169,0.51657957,-0.58440375,0.16620994,-0.7835093,0.96878546,0.22726998,0.5890095,0.7729171,0.3171604,-0.16519669,0.3038035,0.68633133,0.59922564,0.47597826,0.39092076,0.8290827,0.50839895,0.47137097,0.2004669,0.71499985,0.8147072,-0.11130587,-0.26419795,0.68125486,0.6738592,0.44867873
-0.9829554,0.6795269,0.72084653,1.6053314,0.49001732,-1.0377396,1.200146,-1.7172414,1.594558,-0.57848126,0.9310821,1.4308146,1.7477468,2.1083584,-0.46710548,0.9708349,1.6216738,0.82050496,1.0896882,1.2855715,1.5670983,2.1514683,1.909323,1.0586473,1.4955785,1.26854,-0.64516366,0.96408004,0.9906275,1.0019484,-1.4397899,1.1353186,0.80361754,0.49842852,0.5499995,-0.79250604,-0.16253456,-1.1159343,0.48333225,-0.46389174,0.5971067,0.9295395,1.2370422,0.20228246,-0.21694626,1.0260761,0.5262795,0.8400327,1.0320914,1.027357,1.076345,1.2337499,1.1977394,0.7608023,0.7878644,-0.2459846,0.15873244,0.59786564,0.15229875,1.0135916
0.073490515,1.1541733,0.96137476,-0.24884969,0.49001732,2.311161,0.757958,-1.3438205,1.2806284,1.2939694,1.0059586,1.2734416,2.505238,2.4272127,0.07808887,1.1598622,2.1226437,1.4312373,1.3810296,1.5475645,2.1121814,2.1694813,2.2431571,1.6514518,0.628592,0.7589741,-0.6260156,1.1432142,0.97186935,1.4960047,-1.1345421,0.9505382,1.0318693,0.40330198,0.50602716,-0.038387552,0.6496576,-0.45495468,0.5926784,0.521111,0.68517464,0.9577124,0.8418084,0.919855,0.11695501,0.9583336,1.0399256,1.0591625,1.156166,1.0836873,0.8690519,1.099426,1.033943,0.91112876,0.81042635,0.2926375,0.017532278,0.747258,0.80346805,1.2498832
-1.8316665,1.3220075,0.6985029,0.8322247,0.49047005,0.4999042,0.56040233,-1.7764366,0.9143941,1.0282017,1.7273194,1.3412064,1.9811668,2.2835345,0.59629774,0.70964926,1.5266029,1.0195484,0.58317494,1.5019925,1.9138353,2.517687,2.363259,1.1366026,0.75352436,0.5633171,-0.34024218,0.9397532,2.25936,0.9971441,-0.62826157,1.0084006,0.9296662,0.27085638,0.46739888,0.18001828,0.5539247,-0.2498544,0.453202,0.2998564,0.75839216,1.0672944,0.9031334,0.8704496,0.14086418,0.87101924,0.86667556,0.9583681,1.0285985,0.95644474,1.111367,1.0143934,0.933058,0.950578,0.8726911,0.039571837,0.2739173,0.80477834,0.81181437,0.9734436
-1.8899723,1.444039,0.1253065,0.3720367,0.49092278,0.11060932,0.22460103,-1.8225931,1.2711723,-0.3887461,1.1024034,1.6494693,2.3920496,1.7852318,-0.34381428,1.1748675,2.168741,0.19375627,0.022294698,1.2473645,2.1361039,2.1005955,1.9832208,1.279302,1.0359621,1.0633533,-0.5936241,1.4903631,1.1732887,-0.120488286,-1.1097416,0.99623334,0.79648614,0.43241253,0.4007051,-0.07547392,0.61321926,-0.36199418,0.6794949,0.17982358,0.7665731,0.71909046,0.9603314,0.5716504,0.014978619,1.0316355,0.6260098,0.88547283,0.909589,1.1289558,1.2309903,1.273336,1.2016882,0.8610512,0.953495,0.179517,-0.10403665,0.8825126,0.5811395,0.9732589
-1.8705722,1.1908882,-0.08646802,0.52514315,0.4877537,1.0299304,0.67378193,-1.8014706,1.594156,-0.5402803,0.98389876,1.4430794,2.1533685,1.8390117,-0.38901246,1.3310665,1.9217411,0.03675574,0.15500358,1.3455058,2.1388063,2.0450006,1.8242949,1.3847226,1.3911827,1.0362723,-1.09657,1.2489436,1.0379484,-0.1005764,-0.9820311,0.90801674,0.63844883,0.41092402,0.6157713,-0.2555455,0.30855376,-0.5383591,0.48371837,-0.68059224,0.46798852,0.83829063,0.4383311,0.5602351,-0.49566454,1.0820744,0.3937639,0.5451826,0.8085467,0.93901044,0.6840134,0.72501725,0.7952742,0.5752117,0.6819497,0.23706794,0.18738207,0.6360867,-0.08148604,0.88031656
-1.5657578,1.572024,0.71133584,0.66409695,0.49092278,0.024429386,0.049195506,-0.27405307,1.3449488,0.10539142,1.2654464,1.6658525,2.8054545,2.3003929,0.29471165,1.054593,1.8133756,0.82178324,0.727115,1.4046682,1.682676,1.9030298,1.6790411,0.23836121,0.6771567,0.5702679,-1.1646047,0.11597055,0.51980644,1.100177,-1.0710478,0.7609499,1.130917,0.30797487,0.6293422,-0.5366619,0.2937813,-1.0520053,0.3724152,-0.49903792,0.50214946,0.66035426,0.7764429,0.5023095,0.006753551,0.86273307,0.44442344,1.1329476,1.2877991,1.0255553,0.9813843,1.0559962,1.0119162,0.7673297,0.6203317,0.13660128,0.46416327,0.56727856,0.016079923,1.3389653
-0.98757344,1.2999828,1.0417768,0.58966523,0.48730096,3.1132226,0.43972173,0.21734463,1.1689278,0.6947494,1.4334351,1.3095436,1.3819243,1.9003998,0.28371406,1.4857411,1.6860948,1.649357,1.5795125,1.3909725,1.9580269,1.6979436,1.8644463,1.9504683,0.9457953,1.1213788,-0.3541055,1.1064651,1.6608337,1.4788693,-1.2659024,1.1437849,1.1318988,0.7223763,0.5798312,-0.5484159,0.2118831,-1.1523643,1.1239179,0.13266465,0.7242788,1.0189583,0.92521286,0.83967113,0.083744526,1.1650298,0.93125284,1.1625284,1.4724766,1.2220296,1.0865284,1.0728148,1.0182714,1.1565319,0.9474722,-0.37592688,0.63811404,0.9714401,0.56244034,1.4049867
-1.8612939,1.3240176,1.0137839,0.8005346,0.48639548,1.8951142,0.32637453,0.80390555,1.0126864,1.2454728,1.4394785,1.8473151,0.56421846,2.1424656,-0.71984047,1.220039,1.5051051,1.7688007,1.6946218,1.4620097,1.4912169,1.7193663,1.5267485,1.6557121,1.0613778,0.6263703,-0.044052277,0.57234067,1.5680934,1.7142168,-0.96163124,0.8921913,0.5376874,1.047821,0.61228156,-0.36908656,-0.07992116,-0.6111922,0.9690153,0.17145395,0.98742515,1.1397685,0.46906292,0.23990065,0.35451254,0.86095804,0.6137659,0.70754147,0.7864026,0.98754185,0.5795149,0.65334564,0.56267464,0.9422121,0.72828376,-0.49641842,-0.020326175,0.8378244,0.64828837,0.7891087
-1.2900435,1.3658936,1.0335742,1.5315558,0.48730096,-0.2555346,-0.16733862,-0.48004317,1.0298696,0.7398617,1.0939357,1.5970397,1.1874353,0.9548425,1.1591204,0.81623733,0.46066737,1.7020789,1.9407172,1.1529363,1.821857,1.2129501,0.5019769,1.1720183,0.21597034,0.3888135,1.6695645,1.2429669,0.44328773,1.7714726,-0.6608004,1.057126,0.9992465,0.7607071,0.49162412,-0.22580655,0.42563635,-0.6752455,0.5565983,0.11671353,0.6664786,0.5253112,0.6514604,0.7274758,0.7824431,0.61699843,0.66615605,1.2913945,1.3951358,0.7693606,0.5426983,0.84781384,0.86875224,0.8636519,0.55188596,0.055029355,0.5446006,0.6240504,0.48451382,1.340026
-0.89430946,1.5990417,0.5836054,1.188305,0.47960454,-0.1537604,0.14858049,-1.6538739,1.9121221,0.24039994,1.36206,1.3222023,1.1340218,-0.15312804,0.17858598,1.074947,0.8445177,1.1958225,1.1476771,1.4557611,1.2761247,0.6887006,0.76065886,1.5033146,0.82809585,0.69694185,-0.35091957,1.4643589,1.0776383,1.0363709,-0.7502012,0.65363616,0.6624383,0.57279015,0.52683914,-0.3128185,-0.10078024,-0.7730498,0.53653324,-0.13260514,0.42047426,0.49964917,0.8673856,0.21030614,0.35700098,0.37131307,0.37047434,0.6763688,0.78015125,0.54291874,0.59624606,0.56762767,0.5934875,0.5986071,0.24545155,-0.61608124,-0.14345908,0.4202448,0.107454844,0.9453493
-1.7598648,2.178324,0.8840182,1.3256125,0.48639548,-0.23597229,-0.22569834,-1.2879195,1.7875011,1.1614386,1.5032053,1.9556967,1.1674709,1.1249927,0.62694865,1.2385205,1.2636222,1.9320936,1.8536179,1.4981235,1.9536864,0.8346782,0.64710534,1.1653793,1.1882617,0.006887246,0.18299289,1.1222651,1.348781,1.7306132,-1.3600379,1.0447211,1.0769417,0.40212423,0.5745627,-0.93792516,-0.33066514,-1.4725646,0.5540844,-0.5955272,0.57088757,1.2037557,1.1885343,0.6609114,0.14208134,1.0760858,0.90737003,1.1176491,1.4045808,1.1240087,1.1060612,1.0170146,1.2041768,0.9872465,1.010077,-0.45402977,0.39488506,0.712058,0.18809998,1.3840674
-0.84525394,1.4605565,1.0874101,0.9360605,0.48639548,0.7449803,-0.15788583,-1.7567048,1.3586944,1.7475221,1.4852198,1.6265848,2.399499,2.3472617,0.46941423,0.8205918,2.5492036,1.79415,1.9148452,1.397433,1.6246872,1.7838415,1.6816231,1.2107645,0.97302395,0.25353968,0.3082298,1.71067,1.4755081,1.6782467,-0.9541647,1.0418227,1.3573298,0.25053,0.5683276,0.11923392,0.37959155,-0.27824748,0.41677776,-0.070214465,0.5666596,0.79264915,0.68725944,1.4417784,0.2868743,0.8121953,0.8371376,1.3564602,1.619915,0.84312904,0.74698186,0.7737758,0.9246464,0.8229324,0.6740951,-0.20515142,0.8567846,0.7564311,0.23486564,1.5242904
-1.8908159,1.6025435,0.95497835,1.0992465,0.48277366,-0.90035355,-0.6125461,-1.8165953,1.0528814,1.1461556,1.628624,1.591752,1.9351045,0.8686502,0.0607768,1.0354434,1.4574379,1.7048627,1.8092761,1.5352832,1.7277098,2.5126808,2.6698735,1.5196649,1.0732611,-0.9646636,0.008314488,1.3384439,1.0456192,1.6489375,-1.4325073,1.0977561,0.97377753,0.5817195,0.60513806,-0.5232721,0.33743846,-0.8486484,0.69254196,0.020653779,1.0796425,1.4551805,1.1796088,0.59082276,-0.15749577,1.2064505,0.7360516,1.1932507,1.3448987,1.3052896,1.2446718,1.4541706,1.4363734,1.3604827,1.0967178,0.08719325,0.1871402,1.2526733,0.7540211,1.3039508
0.89622146,1.2369403,1.14255,0.7958962,0.4877537,1.8926693,-0.33000645,0.3540335,1.2188663,1.5020716,1.907872,1.4246212,1.2700734,0.41609326,0.56154364,1.153294,1.2681518,2.2536943,2.0225556,1.5055119,1.0486606,1.6389763,1.1897101,1.6510264,0.15604244,-1.1657664,3.1720371,1.2408483,0.8078814,1.7592921,-1.0028017,0.771817,1.1407925,0.16213319,0.6225041,-0.06384521,0.3855675,-0.4250769,0.38437894,0.40745065,0.6785065,0.86368924,1.044453,1.4493653,-0.00921273,0.9969506,0.8103091,1.2604104,1.4844441,1.1506847,1.2106439,1.2368752,1.279563,1.0405377,0.9229469,0.120703146,1.048245,1.175331,0.7578923,1.5543259
-0.46996897,1.7126362,0.9744773,0.7285456,0.49182826,-0.706302,0.21381684,-0.59644634,1.1384532,1.6657414,1.6698196,1.5247703,-0.03390071,0.16002834,1.2120671,0.79977137,0.46216905,2.2742567,1.9949679,1.3690253,0.67106974,1.372713,2.171122,2.0542417,0.510173,-0.40335774,3.14052,0.43599004,1.3545169,1.862118,-0.64325297,0.7238722,1.1633785,0.23008749,0.5561266,-0.34899768,0.25984406,-0.9389108,0.14693817,0.035776637,0.57765174,0.45617735,0.480346,0.94491756,0.55418783,0.49212605,0.19616479,1.4231178,1.5224038,0.79964834,0.57817405,0.6998477,0.7577943,0.7392875,0.5727703,0.20133936,2.0358477,0.38973603,0.2920681,1.441141
1.6596841,0.65489215,0.9770151,0.7657615,0.46375898,3.015442,1.7211527,-0.4105077,0.6588284,2.0278609,1.4099474,0.86493164,1.4018985,1.4736991,1.3514373,0.47072166,1.6673951,1.1824256,1.2178079,0.9878204,0.31627735,0.058904346,0.17239356,1.9855872,0.021541253,0.24557313,1.2221787,-0.16803345,1.5947264,1.1465114,-0.8828658,1.092507,1.0384953,0.8276497,0.59860474,0.47111112,0.90820354,-0.02771698,0.9897922,1.4828495,1.0865588,0.7577742,1.081289,0.86954796,0.867204,0.7728886,1.2172579,1.3842051,1.3965746,1.1432582,0.7810013,0.8883459,0.8191186,1.2538908,0.77762467,0.14543945,0.14508903,0.77972007,1.3729831,1.4264112
0.6197306,1.316366,0.82827544,0.5495694,0.48096272,1.7676648,1.1649312,-1.8639688,1.4236879,0.4548824,1.7929206,1.0933654,1.897569,1.0536029,0.5876395,1.2227317,1.1909872,1.4696373,1.4806669,1.4743962,1.5901729,2.577442,2.0772104,1.6484073,1.4221951,-0.22234826,0.124850936,1.5404719,1.1806312,1.4866216,-1.3751723,1.0056129,1.2421215,0.7325831,0.42857528,0.10179052,0.7359877,-0.6330945,1.1172036,1.2959417,1.405166,1.4342916,1.5578018,1.0097135,-0.009595348,1.3447205,1.3073817,1.4157555,1.3979058,1.4943643,1.646637,1.8815905,1.7044526,1.669944,1.3203882,-0.035556685,-0.084624454,1.4629956,1.6283826,1.5688636
0.06379266,1.0846156,0.8449548,0.6424121,0.48232093,0.094092466,0.69862366,-1.8026006,1.3519378,0.3185381,1.397703,1.8553337,1.8643752,2.0788934,0.4016579,1.37235,1.2886779,1.8151631,1.9143543,1.5042925,1.6673717,1.9195942,1.6218928,1.8056993,0.9516681,-0.48188403,0.93686444,0.79955894,1.1689702,1.7767481,-1.2889781,0.75636786,1.1028508,0.23127553,0.53241175,-0.5528973,0.15944234,-1.2049099,0.8436395,0.018196112,0.8004522,1.1220644,1.3115187,0.71852326,-0.30968276,1.2863451,0.96456164,0.96987087,1.2298219,1.1205952,1.3036058,1.4002328,1.3461995,1.290234,1.1805236,-0.01424817,0.21057376,0.856974,0.65391266,1.293804
0.11327257,1.1341634,0.9061231,0.52128965,0.49047005,1.009391,-0.08899856,0.7802982,1.0243347,0.96983343,1.1205542,2.0397565,0.32928157,2.7134526,0.3184463,1.4598423,1.3711298,2.1932645,1.9769528,1.2745454,1.5632807,1.7818773,1.6820198,1.6410257,0.22620286,0.1717639,1.4855723,0.6479816,1.4036978,1.7962251,-0.8034356,1.108688,1.4827871,0.10289379,0.6041111,0.6420763,0.8634091,0.072194435,0.61500734,1.1886213,0.81734836,1.0103925,0.40100533,1.7102149,0.7412467,0.71918494,0.9033652,1.6826653,1.9060311,0.8254678,0.14411479,0.22262935,0.14552611,1.1152275,0.50724316,0.13902816,1.2196712,0.6721077,0.9673842,1.8585118
0.920352,1.3971652,0.8286396,0.7746049,0.4850373,-0.25167015,-0.16517916,-1.4217192,1.3203214,1.440587,1.5412996,1.5183744,1.0330395,0.56612056,0.09366109,1.2985158,2.309392,1.6500396,1.7589574,1.4050423,1.7024763,2.562049,2.1930807,1.5673944,1.748672,0.5087195,2.2645116,0.8885407,1.2866474,1.5471885,-1.1708287,1.2736442,1.4284569,0.9558096,0.57512146,-0.14020738,0.6608489,-0.40061954,1.3647591,1.3067213,1.1870192,1.1251383,1.0728269,0.96526426,0.12387544,1.3930993,1.6424205,1.4424624,1.5137876,1.4745976,1.2015332,1.528995,1.496215,1.2158649,1.1300493,-0.018624164,0.7608725,1.1560436,1.558391,1.5740801
-1.176752,1.4428153,0.35361594,-0.38642734,0.46194807,-1.9414568,-0.046479907,0.7696837,0.93309045,0.16180278,1.0214965,1.5645964,2.3486612,0.07503734,-0.1602461,1.3086935,0.75274974,0.8396722,1.3192272,1.4897231,1.8692505,2.522713,2.3341985,1.695851,1.2575591,0.19806594,-0.51214516,1.050207,1.0928559,1.2600163,-1.4113253,0.7585919,0.5831233,0.6869852,0.5184149,-0.8325977,0.09052547,-0.9680168,1.2147963,-0.014048395,0.6666901,0.77581036,1.3460658,0.2579286,-0.81384987,1.4620728,1.1722355,0.44760296,0.62003696,1.4300748,1.6777253,1.8483508,1.7969363,1.0645214,1.1855905,-0.22709577,-0.29100728,1.0076624,0.52419984,0.74953026
-1.9616686,1.1156385,0.1192594,0.43821654,0.46783355,-1.9365108,-0.061078843,-1.8750082,1.3173302,-0.9575377,0.58066225,1.70093,2.2041519,0.3734457,-0.8807545,1.444533,1.2408693,0.59803706,0.39677966,1.4959583,1.9586394,2.7523143,2.551071,1.7002313,1.2466656,0.48678303,-0.48677558,1.1908833,0.5145554,0.2306269,-1.0586854,0.45663753,-0.2975358,1.0257103,0.4975384,-0.8137184,-0.5115155,-1.0068156,1.3371571,-0.3552333,0.53200305,0.6990276,0.1804624,-0.19833645,-0.5179798,1.1175877,0.38642836,-0.3209538,-0.18375655,0.8980523,0.19630994,0.14266396,0.14045496,0.6299958,0.6230399,-0.5132517,-0.6137947,0.43116373,0.26759458,-0.20810395
-1.8890234,0.59018445,0.1912198,0.6020763,0.47281358,-1.8685851,-0.30034897,-1.0608639,1.4268265,-0.8737856,0.94264036,1.6351807,1.4033656,0.28937072,0.23977315,1.501348,1.4051269,0.6778753,0.688192,1.5230584,1.6619376,2.8942678,2.729773,1.3901988,1.4023713,0.32291546,-0.69401276,0.7311596,0.35439035,0.7494305,-1.4035757,0.647854,-0.2703499,0.8188582,0.38090438,-0.8004192,-0.34655216,-1.1387078,1.1906952,-0.25179705,0.63800186,1.0217484,1.0485666,-0.13425174,-0.8400447,1.1307598,0.9336179,-0.1916057,-0.09610889,1.0218885,1.0868286,0.9898304,0.9317292,0.91673505,0.9451187,-0.56235886,-0.56724375,0.7126107,0.47290465,-0.033708572
-1.932252,0.11046805,-0.5152119,0.63492024,0.48367912,-1.2352059,-0.17399289,-0.5460642,1.5285132,-0.13500051,1.0117513,1.6081728,1.2314423,0.79670024,-1.057301,1.3252462,1.392264,-0.12714818,-0.57759726,1.3276348,2.161044,2.619159,2.4251819,1.0489372,1.364203,0.72190076,-1.3841171,0.9439622,1.0528333,-0.050443143,-1.0416287,0.5839152,-0.019704998,0.98424846,0.49801636,-0.5043287,-0.11702294,-1.0217637,1.1420888,0.08609648,0.7337594,0.7450491,0.27847174,-0.0037604198,-0.3417187,1.020543,0.75659907,0.08737165,0.23280147,1.0708704,0.44272915,0.24430905,0.116768084,0.6585539,0.82389194,-0.38743117,-0.11469405,0.49668568,0.5598926,0.21723151
-1.9751644,0.69465333,-0.6132464,0.84301746,0.48549002,-1.2660718,0.090381056,-1.4127747,1.2368226,-0.6649716,1.4865205,1.4187628,1.9347514,1.1377937,0.19334176,1.5256329,2.0624602,-0.25573236,-0.1541103,1.5194051,2.104034,2.0945048,1.9645888,1.2427135,1.3722351,0.656141,-1.5912328,1.4855169,1.6408936,-0.22133124,-1.2032171,0.43040833,-0.073803395,0.66027665,0.55897593,-0.46793133,0.008777812,-1.1179192,1.0627016,-0.3249814,0.60809845,0.85966426,0.7104488,0.16102207,-0.9811232,1.3507879,0.66668683,-0.3228178,-0.19120249,1.2419833,1.0853617,1.1850832,1.0645287,0.67472357,1.0520492,-0.00027522258,-0.49319005,0.6484053,0.3087096,0.036454875
-1.898829,1.3767719,-0.612241,0.9856567,0.48820642,1.7501143,1.325254,-1.8292862,1.9076458,0.029839559,1.1247625,1.9601408,2.2525246,1.8164043,-0.70490676,1.3335284,2.4678016,0.0056586876,-0.4362309,1.155131,1.3241599,2.1791737,1.6327696,1.347202,1.8425778,1.0702938,-0.4244958,0.94685394,1.0629264,-0.4728427,-1.1979203,0.5837273,0.13771652,0.6499095,0.47318745,-0.44927508,0.02469135,-0.8584392,1.204906,-0.08844565,0.6802323,1.1170951,0.9148944,0.2557788,-0.7632887,1.2466878,0.93225604,-0.01996284,0.10307007,1.098591,0.99676096,0.9338594,0.8449488,0.97947073,1.1178162,-0.29042044,-0.31859115,0.93386567,0.6775871,0.23402002
-1.7386723,1.3003156,-0.5130004,0.7017798,0.4877537,-1.0293658,0.32651243,-1.2817099,1.5938593,-0.79806167,1.3482984,1.6420647,1.8182006,1.5153072,-0.23120946,1.3837466,2.2008977,-0.2222212,-0.2317591,1.1828313,1.3355509,1.5839611,1.8175414,0.6655856,1.4434721,0.98082006,-1.3053273,1.1999379,0.5385511,-0.4920184,-0.94830644,0.9594643,0.5159762,0.5842326,0.5481734,-0.6513923,-0.30382192,-0.8906609,0.7745619,-0.6320508,0.4067026,0.9505846,0.27644286,0.2712488,-0.31475857,0.9230047,0.37278914,0.4866582,0.67635083,0.7723073,0.5674577,0.61999094,0.542072,0.5915313,0.68389976,-0.45756432,0.18868405,0.54772377,0.05324949,0.6576162
-0.4450254,1.4763218,0.1193602,0.6466334,0.49001732,-1.7487811,0.33114293,-1.6905558,1.1392522,-0.58318734,1.2229525,1.6783636,2.1099,1.6191726,-0.1008632,1.5432535,1.6245537,0.17224613,0.3123218,1.221504,1.2369115,1.9250019,1.8047295,1.2386522,1.1961677,1.2513075,-1.097253,1.5232031,0.5401337,0.15469804,-1.3560671,1.4247031,1.2777903,0.22126952,0.659434,-0.74716955,0.2354103,-1.121675,0.45745167,-0.9148197,0.6017517,1.0040098,0.8192856,0.91028935,-0.16629033,1.2243359,0.4565397,1.333997,1.5565625,1.1193739,1.103177,1.1890218,1.1198606,0.9777919,1.0909462,0.13521096,0.92993534,0.72335535,-0.079455934,1.5354818
-0.76334435,1.0788615,0.6795341,0.45195338,0.48594275,-0.1541046,-0.18903811,-0.9130919,1.429597,-0.9040112,1.114151,2.0796354,2.2031162,1.3966492,-0.65583646,1.0990673,2.174819,0.7814888,0.92364204,1.3451838,1.6200614,1.9484217,1.7473565,1.4085071,1.0242928,1.3087509,-0.51012564,0.35858446,0.23662674,0.9282704,-1.1944684,1.0684432,1.0527105,0.19206974,0.59784365,-0.35629943,0.53572565,-0.9511879,0.7698176,-0.42470795,0.5101529,0.99070007,0.9197052,0.8991656,-0.26345617,1.266188,0.99110955,1.0106539,1.3109853,1.2290394,1.3231362,1.2731656,1.1554054,1.1497518,1.0642865,0.25000063,0.3765962,0.9011778,0.14349845,1.3389565
-1.7187449,0.5022486,0.81932604,0.47034952,0.4877537,0.82933825,0.5405611,-0.7080277,1.1307918,-0.45476687,0.98485714,1.125901,1.6058643,2.1595986,-0.77841526,1.2957807,2.0887692,1.593747,1.3685858,0.97552073,0.60274,0.9609897,0.5189619,1.0515714,1.1160078,1.091809,-0.4714289,0.31408447,0.56844866,1.1341293,-0.8434632,0.79775536,1.0476359,0.40346798,0.66456056,-0.36808416,0.21176809,-0.8921362,0.4618697,-0.3634563,0.39423695,0.74046284,0.29170257,0.8078591,0.17294315,0.75670713,0.439399,1.1070507,1.273965,0.7262677,0.5928194,0.54367125,0.38133416,0.5918851,0.45744824,-0.08992792,0.65738887,0.3707129,-0.028725747,1.2324153
-1.8289251,1.202295,0.30408415,0.1581014,0.49047005,2.0282917,-0.24322854,-0.6100199,1.1118227,-1.2550235,0.54327106,1.7425915,1.648276,2.072217,-0.69411904,0.84784085,2.465511,0.4773554,0.39868882,1.2887673,0.46644592,1.7477864,1.7418283,0.49174386,1.48188,0.8207238,-0.36158386,0.9603806,0.93281764,0.65908396,-1.2871512,0.8374359,0.91687864,0.42460856,0.6728596,-0.56886035,0.29583335,-1.0163249,0.39052588,-0.5756135,0.5417955,0.6491643,0.7677074,0.37300023,-0.3008786,0.9605867,0.2789085,0.9287383,1.0113678,0.8837209,0.87887526,0.92362434,0.88230956,0.8465396,0.78087753,0.22891957,0.38079,0.6382385,0.09785512,1.0652478
-1.7898085,1.1825653,0.24101679,0.6730469,0.49590284,0.9935646,0.7662067,-1.7415801,1.3146039,0.030245807,1.5838575,1.686439,0.9939362,2.276151,-0.67797464,1.2630488,1.7336134,0.88412195,0.2629128,1.2811583,1.9788063,0.77003735,0.7811475,1.3764216,1.1383243,1.5233516,-0.80272067,1.2679193,1.2269814,0.290108,-0.97802985,0.82461333,0.43620226,0.8730208,0.55296344,-0.17673546,0.091663785,-0.39226362,1.0815796,0.22010304,0.8489086,0.9998586,0.3430169,0.42940348,-0.067843154,0.9959795,0.7305112,0.42242977,0.36112744,0.9823896,0.47784618,0.4985076,0.28859055,0.8125583,0.8048007,-0.2523174,-0.3005359,0.5604317,0.6633789,0.44463533
-1.8299795,1.6685154,0.6432281,0.6884289,0.49318644,1.5970528,1.0660341,2.4814143,1.278034,0.222734,1.5602133,1.7326438,1.747589,2.2188349,0.023448335,1.122237,2.2176301,1.2099125,0.893745,1.0817738,1.202602,1.9400915,2.0861285,0.6508708,1.5148354,1.5633768,-0.3608692,1.7091343,1.18486,0.8293331,-1.0004565,0.8403137,1.1643567,0.41076687,0.40415853,-0.41958466,0.42231107,-0.7435904,0.38033035,0.07663908,0.7678821,0.9143597,1.3171358,0.50796556,-0.092861004,1.0228049,0.60594654,1.2748554,1.3360937,1.0618063,1.258034,1.1781464,1.1943583,1.1444354,1.172771,-0.11758867,0.43736798,1.0201967,0.8230181,1.4781951
0.27725446,0.71669453,-7.6199925e-05,0.41689947,0.49092278,0.8659401,1.1478593,-1.7403631,1.0450174,0.002697381,1.1656834,2.2125535,1.5602785,2.0506296,-0.98284286,0.73396504,1.5975776,0.37592864,0.19752735,1.1045278,0.7707697,1.5844575,1.1734772,1.3397892,0.80345845,1.6105378,-0.5919198,1.4466523,0.83735645,0.28944728,-1.0497727,0.6694581,0.1690141,0.66721797,0.5417628,-0.17758718,0.700649,-0.47768027,0.83292896,-0.31713432,0.7975538,0.94638574,0.57023984,0.27339414,-0.33325854,1.0994575,0.4053195,0.22716606,0.16283213,1.0813286,0.8326817,0.835423,0.68348575,0.83931774,0.903411,0.49307233,-0.6418541,0.98202854,0.49688992,0.26065454
-0.96259737,1.1854485,1.1192772,0.6649128,0.48911187,0.86357903,0.25153494,0.32227522,1.370545,-0.386073,1.3023988,2.0231888,1.6230928,1.2731477,-0.42384627,1.3320316,1.7426599,1.5747756,1.1839746,1.165408,1.485502,1.2665886,1.1403705,0.68468374,1.5683054,1.1904709,-0.41310468,1.2083915,0.77543133,0.73512185,-1.1411979,1.0164397,0.4300679,0.66218,0.54526407,-0.48632938,0.22463253,-0.5699779,0.7026943,-0.3220031,0.70023346,0.9092331,0.7517485,0.050044235,-0.25465834,0.9552933,0.49599314,0.6032592,0.54206944,0.93735164,1.076638,1.0207812,0.8494931,0.8044376,0.8928098,0.0040301513,-0.22874272,0.7302583,0.3552885,0.57239693
-0.54329556,0.5906005,0.8210259,1.8620907,0.48911187,1.2807096,0.46160197,-0.43667594,1.9720143,0.10373308,1.8608432,1.6745453,1.77443,1.7839885,0.54810435,0.8051246,1.9712492,1.1526923,0.8423984,1.2009889,1.3070381,1.1088399,0.8885264,1.1295612,1.5991883,1.1609144,-0.5449151,0.47650436,1.0341496,0.8740119,-1.0088989,0.83587515,0.573893,0.4672832,0.5787751,-0.8286921,-0.25369406,-1.0465109,0.7736181,-0.45702875,0.53461397,0.79081273,0.7297699,0.14453563,-0.5564651,1.1544288,0.64993495,0.49653453,0.6235562,0.91150165,0.91854256,0.86471754,0.8108933,0.8669754,0.9565036,-0.326038,0.19155094,0.6552222,0.23491502,0.7043606
-1.7657691,0.67473537,0.723327,1.450483,0.48865914,-1.7840629,-0.66312724,-1.7204576,1.6879659,-1.2119374,1.3415246,1.8919817,1.473279,1.1501204,0.050628364,1.3013829,1.4394737,1.3182348,0.9609411,1.2136441,1.0266198,1.9077896,1.6625179,1.8566564,0.4530059,0.9682728,-0.124264315,1.1010053,0.8095564,0.80075467,-0.9692368,1.0414511,0.8875643,0.52023816,0.5257822,-0.35782713,0.29812482,-0.6329817,0.587459,-0.13491419,0.6456856,0.8356154,0.47212246,0.4490338,0.015510326,0.9882076,0.35371917,0.9598634,1.0525334,0.9104644,0.67476714,0.520608,0.39541218,0.81916916,0.9056115,0.045808315,0.3536084,0.74658483,0.4547649,1.1027287
-1.6802609,1.3711123,0.8617538,0.8949726,0.49047005,2.6019466,0.3580514,0.54713595,1.6747262,0.4151147,1.1937611,1.4487307,1.8621877,1.3082135,0.68998086,1.0452169,2.0267339,1.3169553,1.1234701,1.3985873,1.8605206,2.3631947,1.8279518,1.2168908,0.94873536,1.0656123,-1.6139024,0.73116076,1.4169273,1.1052736,-0.8381076,1.0429688,1.3985665,0.2837136,0.5827372,0.039474748,0.41951704,-0.42414567,0.38670832,0.37990126,0.7638002,0.88571787,0.48055625,1.2358865,0.17595829,0.99085796,0.57223266,1.457346,1.5990142,0.9794779,0.66462034,0.61319417,0.6136616,0.9623188,0.7122616,0.178728,1.0219629,0.5965725,0.64455175,1.6267289
-1.865195,1.2857662,-0.56009346,1.4210626,0.4940919,1.7489209,0.23446126,0.3458026,1.326959,-0.1910716,1.1113362,1.8777161,2.2643926,1.9998397,-0.97501886,1.1750555,2.0548182,0.41409016,0.15233327,1.310112,2.036455,2.7864857,3.0177267,1.0122362,1.0653683,1.0097107,-0.6336117,1.5443382,1.0799147,0.18060474,-1.3415903,0.94906193,0.42025438,0.32427925,0.532992,-0.5571922,0.30105728,-0.9646525,0.7688412,-0.50348127,0.53135455,0.95837235,1.1990999,0.1110187,-0.77243817,1.3863032,0.57693756,0.20655811,0.41661227,1.2859257,1.4862796,1.4811026,1.3963635,0.9067135,1.1118941,0.03963127,-0.500524,1.0155616,0.41447756,0.5339276
-1.8479035,0.931449,0.6783507,1.2029874,0.49318644,-0.45319882,0.54021966,-1.7906921,1.7405097,-0.026200768,1.6413904,1.724222,3.0491176,1.7545905,-0.88763106,1.1924375,1.2849057,1.0117538,1.2328546,1.2940981,1.8625091,2.4625177,2.1674445,1.543344,1.4308497,0.9178287,-0.47134504,1.6885066,1.202887,1.1025308,-1.0307186,0.7335456,1.0528156,0.2694776,0.47816563,-0.24802256,0.8527992,-0.71231186,0.25357822,-0.17366767,0.69338924,0.6283687,1.1238046,0.62767243,-0.08376964,0.85524637,0.4872393,1.1917614,1.195234,1.0596074,1.2310737,1.3611077,1.2652932,0.75968903,0.8673983,0.30902967,0.2722457,0.8018779,0.30300787,1.321314
-1.7072524,1.8095318,0.774602,0.25599262,0.49092278,-0.97512275,0.55654955,-0.22252078,1.3077353,-0.027611012,1.110784,1.086555,2.2284274,1.6429884,-0.26838654,1.0657504,1.873872,1.0736775,1.0726017,1.2205462,1.3969536,2.082381,2.340129,1.5014457,1.2523429,0.9949793,-0.50432456,1.0735724,0.436387,1.0903416,-1.0478532,0.93739724,1.0473897,0.7027544,0.6155751,-0.3789715,0.19649929,-0.63804024,0.67242086,-0.034482595,0.9153761,0.9446602,1.1102896,0.62561107,-0.0378837,0.97871673,0.7005586,1.2046119,1.254269,1.1197898,1.1795602,0.9615135,0.9838612,1.0914514,0.90670484,0.099989876,0.3726374,0.79172444,0.4944006,1.2555287
-1.0388958,1.6375004,0.8301434,1.2376267,0.48865914,0.0073349182,1.7134854,-0.6299789,1.2310551,0.23615217,0.7482779,0.84997624,1.1123544,1.1429348,0.48226437,0.95164365,1.4110289,0.847671,1.0486757,1.0272058,1.5957727,1.3990746,1.8309755,0.7363793,0.4843862,0.6983321,-0.41665006,0.74054843,0.7280611,0.9070597,-0.2896192,0.50190055,0.7422216,0.5900169,0.23090751,-0.7119063,0.110556304,-0.6821281,0.22239879,0.13532521,0.33230639,0.21733248,0.06289671,-0.31789517,0.7952181,0.025683932,0.17891721,0.7710851,0.71825594,0.08769344,-0.038432922,0.042674914,0.19865541,0.5100877,0.05471556,-0.25165758,0.072333395,7.8427605e-05,0.0966294,0.70759636
-0.85894454,0.533427,0.5146066,0.98494107,0.48277366,-1.0332674,0.4140927,0.28771037,1.3606672,-0.11264615,1.1689072,1.6203985,1.7750076,1.2931514,-0.6087595,0.9691766,0.74120516,0.4177586,0.6784248,1.3457595,2.3293757,1.7568425,2.037402,1.6929463,1.6441178,0.6838401,-1.0963336,1.2370373,0.83646536,0.54547185,-1.1602693,0.7429599,0.5139841,0.47048995,0.62177765,-0.45755088,-0.21089783,-0.9707965,0.7131076,-0.44752592,0.43845946,0.5658707,1.0850283,0.04852938,-0.4328025,0.97408086,0.6562404,0.26111218,0.4790848,0.9458102,1.0627457,1.0935475,1.1268363,0.99262166,0.6393175,-0.38681138,-0.47455204,0.7759553,0.2794149,0.6185171
-1.5853688,1.8616639,0.8657364,1.8402992,0.48639548,-0.6587775,-0.22611932,-1.579641,2.0709271,0.42094466,1.656313,2.1319087,0.90133405,1.6911062,0.07180293,0.8075484,0.7214484,1.4899774,1.2626054,1.3135402,1.31274,0.93651366,0.85645354,1.5744255,1.2763556,0.099564455,-0.42680505,0.41157982,1.2574909,1.235497,-0.7730974,1.0499388,0.44327542,1.4625262,0.61378855,-0.9334965,-0.07130806,-1.186644,1.4008876,0.24350485,0.90837985,0.7329475,0.36280596,-0.61819744,0.42131186,0.8039626,0.47726554,0.54818875,0.48953235,0.8863965,0.2040775,0.33270606,0.17387903,0.83214426,0.6649861,-0.45612836,-0.56229776,0.6349425,0.61971056,0.4261568
-1.721908,1.6214812,0.7666482,1.1831809,0.48820642,0.42244136,1.2564323,-1.6882958,2.043107,0.6354146,1.1369721,1.5537782,0.43633956,1.1901675,0.37564868,1.0586538,0.14919393,1.2637861,1.2408769,1.1710654,1.8467304,2.0050066,1.9473257,1.4730123,1.5261813,0.5471002,-0.16917074,0.7472351,1.5239178,1.2498822,-1.2023159,0.9994464,0.5149821,0.94999605,0.5655139,-1.0540566,0.08036086,-1.5410147,1.0449206,-0.028744223,0.8518238,1.0159489,1.0763916,-0.3655371,0.29571384,0.92832035,0.75975704,0.80019695,0.6979395,1.0592189,1.0694487,1.247294,1.0832798,1.1016005,1.0418818,-0.1524971,-0.055509493,1.0256544,0.6531993,0.8793058
-0.407542,0.9448159,1.0112709,1.496956,0.49001732,1.6498985,0.24104483,-0.40086183,1.8830711,0.78095317,1.622216,1.800719,1.553173,2.4543536,0.033070643,0.64178693,1.288789,1.7589363,1.5293909,0.9434973,1.5334623,1.2132659,1.2749845,1.4672512,1.0070157,0.65709805,-1.1796583,0.64201146,1.0169122,1.5233601,0.020301599,1.3085334,1.9199778,0.20795068,0.73831165,0.51294667,0.5351002,0.10045831,0.15369989,0.52310485,0.68724084,0.42002988,0.45161754,1.6887158,1.2284663,0.00053290545,1.081961,2.1759064,2.3067727,0.31228924,0.054321848,0.082784005,0.22566739,0.5603486,-0.04716722,-0.04930471,1.7526634,0.029488176,0.27730864,2.160122
-2.0216615,1.7629652,0.7590185,0.9546881,0.48096272,0.10524667,0.1028199,-0.8464727,1.9293867,0.3037985,1.3652705,2.023028,1.957288,0.863549,-0.41530117,1.1098269,1.1741561,1.1770812,1.3754131,1.5244606,1.9407117,1.506718,1.3702321,1.6442142,1.3912596,-0.16624385,-0.5836801,1.2571267,1.4722258,1.4704869,-1.7363427,1.1811584,0.643333,0.77549183,0.6919544,-0.99666375,0.27644122,-1.6209334,0.8076395,-0.7206081,0.7983969,1.2455403,2.002326,0.009755822,-0.5558877,1.3516576,0.71437734,0.8555571,0.9572043,1.4070635,1.7869763,1.8201861,1.8330327,1.3506677,1.4311484,-0.12558727,-0.1459325,1.3450693,0.5479837,1.1193632
-2.0858717,1.2084563,0.64524704,1.0604523,0.48413184,-2.0131195,-0.46518922,-1.525193,1.8462437,0.22461233,1.636361,1.5829623,1.6966784,1.1294438,-0.24227601,1.2427691,1.6898847,1.4473106,1.0528609,1.4445678,1.6564032,2.0558977,1.8999149,1.9901291,1.3249284,0.27507406,-0.2674599,1.6513001,1.1840616,1.1927365,-1.5003442,0.8216445,0.5268826,0.4140062,0.60012203,-0.99788386,-0.23899412,-1.1137862,0.7878157,-0.7384222,0.6029283,1.1216196,0.9993639,-0.07516285,-0.6311416,1.2280376,0.40562183,0.38167316,0.66428065,1.0792179,1.1772163,1.0791798,0.9866989,0.88187355,1.0182296,-0.3327385,-0.24986443,0.88693386,0.1691965,0.73972183
-2.0256681,1.0747479,0.77247185,1.1265578,0.48005727,-1.0293779,-0.13543287,0.23487149,1.2752281,0.58555907,1.4737068,1.9920635,1.3535113,0.5950933,0.02224616,1.2022418,1.642852,1.0786589,1.4274974,1.4213353,1.8588845,2.4965582,2.5478528,1.973863,1.3401871,-0.20759836,0.24914166,1.1288836,1.2573078,1.4589696,-1.6799706,1.0768664,0.9996182,0.55125976,0.5697691,-0.8150043,0.0867043,-1.1481079,0.7910775,-0.4745595,0.82268703,1.1447668,1.4640714,0.5517035,-0.6659078,1.39138,0.936562,1.0111952,1.2042314,1.3337433,1.5130292,1.7777311,1.6484607,1.2152078,1.2835524,-0.37869704,0.20601392,1.3057995,0.47372767,1.2593621
-0.401092,1.9466221,1.2120157,0.56942207,0.48865914,-1.0057055,1.1674774,-1.3228621,1.1342953,0.88933504,1.610702,1.4574622,1.7332033,0.6816898,0.18191965,1.2628696,0.82763755,2.3046181,2.142573,1.4948349,1.70299,2.0581784,2.0452518,2.054206,0.7481011,0.5099996,2.6293836,1.3984741,0.87260824,1.8467373,-1.5588411,1.4814258,1.6117966,0.45853335,0.41925794,-0.045620687,0.6728167,-0.69727045,0.77647716,0.8221275,1.3740267,1.473482,1.122663,1.7872878,0.77458197,1.344909,1.1424818,2.2534497,2.35825,1.5785321,1.2684089,1.0102289,1.1479044,1.6621287,1.3300709,0.37546387,2.7558508,1.4535333,1.2747616,2.1111724
-0.27710903,0.89879215,0.8600795,0.7881313,0.48005727,-0.1989503,-0.16063401,-1.7308885,0.83838975,0.59052795,1.5663775,1.3543432,1.9298099,0.86847603,-0.30469924,1.0828367,0.49392575,1.734752,1.5504892,1.3816164,1.6766001,2.7936492,2.8519025,1.7462941,1.2878844,-1.0026568,0.3005755,1.277287,1.4377005,1.5850292,-1.5925299,1.2020602,1.3554614,0.88118786,0.6434192,-0.7731549,0.35848203,-1.391304,1.0465221,0.0964667,1.0937482,0.98662865,1.7092019,0.25020784,-0.10798232,1.2598636,0.9542153,1.4979761,1.5088987,1.4969531,1.7397063,1.9267973,1.8211521,1.5140713,1.3703793,-0.18749836,0.18898049,1.0103649,0.7097555,1.556784
3.4618487,-1.5367202,0.77360445,0.98025733,0.4216551,1.3665954,-0.13952358,-0.13366319,-0.4457203,-0.68331504,-0.6195006,0.43533564,-0.29697672,0.39815062,-0.070354715,-1.6990445,-1.1141641,1.0933399,0.6607957,-0.031519096,-0.4681755,-0.48622388,-0.21862605,-0.9321872,0.28112492,-0.06233673,0.21584277,0.428162,0.23529924,0.33053118,0.08522268,0.057421304,0.040862408,1.0333383,0.4460935,0.47165644,0.69220674,0.34164783,0.59679246,0.52018005,0.3955925,-0.07984926,0.112582214,0.2219317,0.1320276,-0.09969305,0.4136517,0.21555237,0.052144486,0.18363126,-0.13340119,-0.22501294,-0.301078,0.53079134,0.052443497,-0.057446934,-0.19020158,0.30141032,0.55112004,0.16861849
3.321785,-1.1820252,0.78960836,-0.5158093,-0.0075330427,-0.41400972,0.67412543,-0.2583989,-0.7313891,-0.1547065,0.09476353,0.9229514,0.428693,-0.45347303,1.0096331,-1.0618653,1.1916182,0.76919687,0.34935567,-1.3374312,-0.81910306,-0.37630665,0.04479311,-0.2742291,0.17936648,-0.5827176,0.24300341,0.30917677,-0.5803692,0.4158013,0.08393969,0.9160162,0.8247766,0.62545365,0.34666032,0.28896266,0.50352126,0.41195473,0.26995614,0.17535284,0.40172353,-0.114625536,0.43984753,0.93632776,0.3156462,0.13403286,0.5979901,1.0864259,1.1688516,0.1693655,0.16553597,0.04843488,0.16906345,0.61588,-0.048016965,-0.2542051,0.812314,0.12983437,0.20968865,1.1357181
0.044804584,-0.38942924,0.8085757,1.3305967,0.4850373,0.08792227,1.5912888,-0.34963784,2.0009582,1.1817341,1.3286135,0.87865007,0.55325085,2.0504265,1.7540613,-0.07337986,1.73046,2.0608065,1.8142867,1.0640594,0.60652333,1.4297069,0.17610762,1.4097393,0.63300675,0.3069683,0.71776354,0.60237837,1.1136506,1.8097337,-0.91065615,1.0647112,1.431307,0.44033918,0.5849955,0.32380176,0.6124328,-0.29682824,0.5627385,0.6543605,0.8493131,1.0084023,0.8365502,1.8905185,0.70394695,0.837701,1.0444694,1.7284662,1.9086291,1.0131555,0.70185417,0.6043914,0.7660339,1.1317556,0.68867016,0.14161475,1.2578279,0.79770154,0.75223297,1.7838877
0.41032556,1.5595798,1.0911012,0.93816805,0.48186818,1.6223315,1.4004732,0.26719972,1.4953154,-0.045946635,1.477842,1.0317242,1.8891413,1.5561974,1.0554097,1.0778745,1.4939255,1.9252354,1.9515743,1.4925275,1.754311,2.0906296,1.6059799,1.5431945,0.66058683,0.081170626,1.4663081,1.1683794,0.392189,1.8112097,-1.6064125,1.1737283,1.4342295,0.35237518,0.52891195,-0.39257938,0.17582095,-1.0334036,0.69070286,-0.16132252,0.7028235,1.1845243,1.7362554,1.4172353,-0.025372157,1.3719074,1.364591,1.5671371,1.8441868,1.4858619,1.6415354,1.8721213,1.901926,1.373576,1.2318596,-0.3013915,0.54147434,1.1477749,0.43687686,1.8487314
0.5058397,1.2830938,1.6279229,0.580586,0.48820642,2.4732323,1.5528177,0.6229297,1.0002879,0.5952984,1.6931822,1.5659133,1.6628956,2.22388,0.106727734,1.0985243,0.6130578,1.6800934,2.040103,1.5583283,1.8879831,2.1596522,1.7416801,1.260981,1.2724851,-0.33725974,2.5913022,0.3970105,1.4421344,1.8125349,-1.1018727,1.2893599,1.5562371,0.25490975,0.56499976,0.09897454,0.6079546,-0.32923657,0.70881325,0.7816167,0.9756327,0.89669406,1.1510454,2.0337894,0.3295118,1.1688753,1.3392575,1.6755728,1.894125,1.2331002,1.1545045,0.8960461,1.0262194,1.1780891,0.84218377,-0.07105809,0.81988394,0.99893326,0.8540091,1.935412
2.2500963,1.5199186,1.4619186,0.19888419,0.4940919,-0.6403577,0.8585233,-1.6472677,0.8835814,1.8350652,1.6938165,1.702798,1.4448986,1.9342852,0.23401055,0.8507896,1.1708469,1.9529213,1.7784482,1.5321628,1.6223612,1.6863663,1.2956736,1.3516227,1.0573287,-0.24695912,3.1408052,1.0932171,1.8326043,1.6863757,-0.5974142,1.6529713,1.4934518,-0.01687701,0.6989897,-0.13533647,0.31384888,-0.46708515,0.4528132,0.8869309,1.1528108,1.0546142,0.7366079,1.6193582,0.56332403,0.80772954,1.3556237,2.0079744,2.1149995,0.8670055,0.4304924,0.19040711,0.42145938,1.2432636,0.85107684,-0.12602986,2.5425296,0.8289104,0.9597129,1.9795617
1.539255,1.0888151,0.75029445,0.9177197,0.48186818,0.04728935,0.17182444,-1.868402,1.0251219,0.8210841,1.5453929,1.1715698,1.4959414,1.83075,-0.059289414,1.3041829,1.8688195,1.1093557,1.4627503,1.3855269,1.4643003,2.4556334,2.3659418,1.7352786,1.1648808,0.115911715,1.2807081,1.0212598,1.1575693,1.436105,-1.1585697,1.242796,1.2430685,0.42270875,0.6254465,-0.20263183,0.57394725,-0.67838824,0.91758174,0.28529835,0.8941747,1.1040266,1.0732974,1.0200285,-0.39610517,1.4351802,1.3883224,1.1685601,1.3390881,1.3652674,1.3463175,1.5667219,1.5288447,1.1845219,1.2227886,-0.12419768,0.6843741,0.93001676,0.7813562,1.4516181
-0.39791727,0.7960119,-0.20911637,-0.06411743,0.47824636,-1.0719786,-0.7650287,0.9700627,1.2178252,-0.8365198,0.94670606,2.0011425,2.2347124,0.96945184,-1.030231,1.2632592,0.9891885,0.39628944,0.87958324,1.6067897,1.7036946,2.564878,2.44479,1.6634389,1.3276376,0.032525286,-1.3950168,1.2939504,1.1835564,0.9569818,-1.8098121,1.052597,0.7377262,0.27336732,0.61168414,-1.029097,-0.033651307,-1.3837415,0.85641503,-0.6337663,0.6576749,1.026482,1.6375911,0.42810807,-1.2039678,1.6574048,1.2392824,0.5747956,0.8265722,1.3905994,1.960486,2.3220751,2.2642064,1.3549521,1.3966458,-0.3461676,-0.33751014,1.0834745,0.2822825,0.9980744
0.20624678,1.1046612,1.0819535,0.34969506,0.4786991,-0.34302634,0.034350634,0.029834908,1.177761,0.20230743,1.0811146,1.4924464,1.6815048,1.1933614,-1.12095,1.6142436,1.7086561,0.96387666,1.3077227,1.5192211,2.0707698,2.3091238,2.438364,1.040929,1.4048269,0.377975,-0.8655327,1.2149692,1.147927,1.2944661,-1.1073016,1.0641345,1.5466632,0.7283296,0.53610617,-0.56631446,0.23095593,-0.93036896,0.87976724,0.5340414,0.9374024,0.93284106,1.120282,0.6808888,-0.15454546,1.3743907,1.4373276,1.3279502,1.4569908,1.3234798,1.3545992,1.3837075,1.3844541,1.1124734,1.084813,-0.21266864,0.5185895,0.903737,0.9205482,1.6018007
0.41654605,1.2678236,0.9097496,0.038125463,0.49001732,0.9556842,1.5026747,-0.72510475,1.1605577,-0.011238346,0.78645873,0.8767976,1.2056344,2.6346226,0.30674765,1.4231988,1.125548,1.8984264,2.035973,1.4611205,1.662978,2.0738823,1.7465585,1.3088057,0.86473215,0.79479164,0.25843987,1.0462774,0.85293174,1.7991989,-1.2884504,1.398307,1.5820253,0.6584834,0.5813809,-0.13059285,0.483309,-0.75193596,0.79355216,0.47649762,0.95948553,1.3153687,1.3145964,1.8582135,0.34470192,1.3038949,1.5707082,1.6839806,1.9103757,1.3230652,1.2823962,1.7479894,1.8053733,1.3421048,1.2871898,-0.12764668,0.84562397,1.0177035,0.90207505,1.8517407
-1.7717791,1.0666262,0.8596782,0.5212657,0.48911187,0.102631465,0.11322559,-1.7238476,1.5862578,-0.18848497,1.2500135,-0.018568594,1.2081153,2.1159294,-0.09373446,1.2381411,1.4297924,1.782345,1.8761736,1.2965653,1.563146,1.9785893,1.7132407,1.6632047,0.8851571,0.7825301,2.785105,-0.21411712,-0.19261602,1.7040368,-1.1216419,1.1277269,1.2501225,0.37043062,0.55127585,-0.51634467,-0.07714926,-0.9272665,0.88963115,0.036669187,0.71045077,0.87496537,1.0302539,1.3072503,-0.21770522,1.3041022,1.1150514,1.1872964,1.5383703,1.2548511,1.1236405,1.2930338,1.2785578,0.8431774,0.9508049,-0.49114242,1.7189906,0.96810377,0.4850797,1.6672162
-1.9090562,1.3636374,0.42781007,0.3852101,0.48865914,-1.0177172,0.36654168,-0.47610185,1.5589023,-0.44412854,1.2087407,2.095532,1.7695897,1.5241902,-0.42932978,1.4309902,1.2031633,1.0330104,0.9488469,1.3550872,1.7043277,2.1950796,2.0918343,0.96532243,1.5070989,0.7373583,-1.1541859,1.0062377,1.2258812,0.8662657,-1.5763862,1.0115923,1.1818523,0.22726944,0.56924427,-0.85449356,0.15638003,-1.2922572,0.7110412,-0.15478934,0.77060807,1.1893982,1.6833845,0.34785438,-0.58496714,1.3307852,1.0584877,1.1415273,1.2330514,1.3043866,1.637786,1.6130254,1.519843,1.2990746,1.2894063,-0.42939883,0.25418678,1.0786685,0.6532935,1.3564945
-1.9296162,1.2027912,-0.051160887,1.3379333,0.48820642,1.1261553,0.42141494,0.771896,1.6494216,-0.90135634,0.97646165,1.4478915,2.4149792,1.7652144,-1.3260036,1.3453871,1.5263402,0.15959562,-0.0034405673,1.1634672,1.9195746,2.3452659,2.2072735,1.1123793,1.1528958,0.9334162,-1.5051287,1.5550039,0.30628803,0.02159942,-1.4863805,0.9059073,0.20014842,0.65382695,0.532707,-0.3553705,0.15970454,-0.69615084,1.2195967,-0.2142949,0.90296346,1.0563562,0.9799042,0.3861813,-1.0881317,1.3972253,0.89927477,-0.0135639245,0.09185963,1.2585062,1.1480688,1.1085936,1.0031381,1.0588104,1.1748316,-0.20785053,-0.7270378,1.0390755,0.6501898,0.26173645
-0.24650544,1.3766682,0.5436539,0.76469225,0.492281,2.5292659,-0.24379857,2.5075645,1.2097315,-1.0675904,0.9789876,1.0939964,2.079015,1.8801007,-0.17528722,1.4661229,1.6382452,0.60375243,0.68125147,1.0996183,1.1091853,1.999463,2.160544,1.4129288,1.5488715,1.0784125,-0.98647374,1.5638045,0.7195957,0.8955758,-1.2308091,0.8869555,0.7200448,0.4201207,0.64603364,-0.7902178,-0.16728702,-1.1633346,0.5718691,-0.51746774,0.6489062,1.0238076,1.0776322,0.17217442,-0.39419147,1.0298415,0.6300228,0.7571238,0.89695066,0.9148902,1.1546731,1.076512,0.9719021,0.9035937,0.9061673,-0.36460096,0.13014236,0.6715895,0.2820297,1.0195401
0.41693345,1.2838168,0.7967876,-0.053815417,0.49499735,1.9626882,0.3889085,0.19039908,1.3366361,-1.0560002,1.3708808,1.4249779,0.22668529,2.154859,1.0055039,1.1378961,1.6800953,1.4458961,1.5529542,1.1160601,1.0831312,-0.2347778,0.012375937,0.58881223,1.0628371,1.2583807,1.3198458,0.9271685,0.1453242,1.4258108,-0.7360826,1.3429546,1.573306,0.1772367,0.644027,-0.033914298,0.2809831,-0.7207874,0.4696243,-0.1679437,0.60528797,0.9041814,0.27890447,1.6540959,0.52911055,0.7141487,0.6826824,1.6094791,1.9481426,0.88585895,0.435707,0.25706968,0.42684135,0.79225636,0.5101652,-0.112953484,1.3874109,0.41974488,0.023337081,1.713052
-1.7582833,1.379738,0.26645002,0.7295359,0.49047005,-1.0162872,1.0841584,-1.7187191,1.4274882,-0.3953745,1.5044651,1.9666547,0.13169272,1.5728918,-0.5174323,1.2026298,1.8409748,0.7013918,0.46612012,1.2671316,0.95656717,1.3838097,0.6373025,1.2877674,1.0502049,0.7764294,-0.7893761,1.4268996,1.3374374,0.3382863,-1.6305927,1.0359071,0.606903,0.64198864,0.57757103,-1.312011,-0.25914738,-1.3708179,1.031623,-0.75967735,0.61735016,0.9908949,1.0241462,0.08757877,-0.64663446,1.2594504,0.86732256,0.4838787,0.6697431,1.1253575,1.0931877,1.1238332,1.0172874,0.99633265,1.1342082,-0.3534486,-0.15745667,0.78355545,0.20569141,0.74107504
-1.0097117,1.1780493,0.6716134,0.11351172,0.49273372,2.3042028,1.7053995,2.3880887,0.9520142,0.17662641,1.4336628,1.7801642,2.3915362,2.3577368,-0.70653087,0.78964597,1.4616089,0.9839656,1.1153092,1.2003214,1.2511421,1.4003055,0.9336193,0.9794576,0.7208716,1.3004714,-0.3649618,1.5092779,0.9995502,0.9180574,-1.3137119,1.0320807,0.78894097,0.56106645,0.5005758,-0.28657317,0.3764825,-0.8475152,0.92396915,0.22183311,0.853752,1.1835066,0.93761486,0.78333837,-0.15393479,1.2599363,1.1782559,0.7267623,0.80930287,1.200245,0.90650225,0.85339123,0.68491894,1.100544,1.1337072,-0.1579415,-0.17973351,1.300236,0.8062874,0.92606634
-1.2494001,0.98631334,0.7875852,0.7451214,0.49363917,-0.5153287,0.8312437,-0.07845189,1.2040238,-0.39942688,1.194263,1.1159089,1.7638173,1.8046309,-0.9188353,1.412833,2.5985239,0.6572031,0.964195,1.1944624,1.2974002,1.6140015,1.6488451,1.3506874,1.5323763,0.80473065,-0.0627938,1.2580006,0.9989047,0.75352037,-1.0765022,0.7985544,0.59842163,0.7798189,0.52130467,-0.71972734,0.19023848,-0.9460518,0.94396025,-0.0069209337,0.71749693,0.8540612,0.77959156,0.22458509,-0.20306674,1.0779884,0.7806576,0.6592458,0.6720896,1.0692451,0.8542996,0.79719704,0.66971636,0.99795616,1.001715,-0.13541068,-0.21014819,0.81783456,0.54235584,0.7739239
-1.7828498,0.99539506,0.036249824,-0.3781788,0.49137554,-1.7983514,-0.22326772,-1.7370601,1.5268457,-1.8533921,1.140557,1.8417027,1.9273628,1.3720621,-0.1929475,1.1912932,0.81668884,-0.05092366,0.37553504,1.191024,1.4424644,2.1915636,1.7831123,1.2217304,1.1857843,1.0310918,-1.3027024,0.6634393,0.11747707,0.44717243,-1.0134875,0.8381569,0.7440369,0.44120917,0.50462663,-0.39202982,0.40334877,-0.69811636,0.7210738,-0.2831721,0.49337724,0.65204877,0.6281188,0.42539862,-0.1855846,1.0729716,0.6399538,0.6675968,0.7251116,1.0717245,0.9808196,0.98008573,0.8008921,0.8526369,0.8308686,0.26983505,-0.094499215,0.70188695,0.23317152,0.8206387
-1.3634993,1.4351983,0.5560389,0.08108743,0.49092278,0.2937925,0.13681032,-1.8125969,1.0344625,-1.168242,1.298239,1.8508928,2.0445442,1.8869612,-0.034713615,1.0483998,0.8782161,1.1556164,0.9251048,1.2919564,1.5837222,1.4937437,1.1909636,1.5040762,1.5639703,1.336684,0.9871501,1.1267227,0.03351961,0.94427836,-1.4333718,0.8372671,1.0402446,0.18823308,0.5148122,-1.0470247,0.1825951,-1.1939359,0.493875,-0.5369368,0.6707813,1.0562415,1.3139235,0.34283844,-0.9038248,1.0702716,0.6953925,0.89048976,1.0885923,1.0790331,1.1832551,1.1453735,1.1703254,0.94829017,1.0792484,-0.10694442,0.65637463,0.9437987,0.38043255,1.2680812
-1.025265,1.2838181,0.77531856,-0.2905798,0.49182826,1.7641604,1.3341911,-1.3901873,1.4089929,0.48642325,0.7830592,1.3568693,1.0816745,1.840183,-0.69852865,0.85518724,1.5052743,1.0998923,1.3845422,1.2725023,1.4999031,1.8875582,1.7511599,0.47440603,0.6168136,1.3197474,1.148465,1.698774,1.0520554,1.3602128,-1.0694122,0.93891174,1.1032593,0.25609446,0.5260252,-0.19234172,0.70240253,-0.48643035,0.46116236,0.13113041,0.679819,1.1688308,1.0160898,0.76275337,-0.15010205,0.97512263,0.8119277,1.2207539,1.2104113,0.99680966,0.9979247,0.93192196,0.7107778,1.1273196,1.0047126,0.14934081,0.22191197,1.0024794,0.6385546,1.2870698
-0.65397626,1.0039331,0.7976623,0.4258597,0.49182826,0.098537885,1.0430131,0.004166298,1.0956776,0.60970026,1.3198363,1.484019,2.2563965,1.1749489,-0.43771148,1.2587396,0.8054244,1.6606604,1.4517704,1.2396404,1.5741924,2.076449,2.2010045,1.2250837,1.5869204,0.9056228,1.2780906,1.01526,0.83748263,1.0830581,-1.1673069,1.0197673,1.6879715,0.19014934,0.5809745,-0.21112488,0.5113719,-0.6505295,0.5175321,0.15849702,0.7465993,1.0917848,0.9868871,1.1226405,-0.1519332,1.1102248,0.81093043,1.571285,1.7673837,1.0322,1.1457733,1.1490602,0.9935288,1.1582792,0.9108264,-0.002107352,0.8304649,0.9588429,0.69118375,1.8287865
-0.8363088,2.305879,0.9208983,1.119952,0.49635556,1.2833749,0.20079274,-0.79664433,1.7093651,-0.3064416,1.0855306,1.7817281,1.0426627,2.1865754,0.14791684,0.6568448,2.6604953,1.3889278,1.4093785,1.2338653,1.6648151,1.0103621,1.3734909,1.354077,0.67269707,0.9986103,0.32389078,1.2741276,0.6339901,1.1597679,-1.1143706,1.3406847,1.8534654,0.08471569,0.57991,-0.104561314,0.37823325,-0.63959605,0.34690174,0.052856043,0.7133503,1.044868,1.0453031,1.3862796,0.06304248,1.0667846,0.7670103,1.9397658,2.0380104,0.9587621,1.2394227,1.1250176,1.117551,1.1083753,0.99518067,-0.057758722,0.9524119,0.8744632,0.5964794,2.0668573
-1.7488995,1.6389886,0.12576379,1.4378576,0.49047005,-0.14937438,0.7000586,-1.7098529,1.8949878,-0.48327386,1.1581606,1.9435569,2.25984,2.2672694,0.4849519,1.0722268,0.96576613,0.86921483,0.45346966,1.1490647,1.2648346,2.0476048,2.0571764,0.929247,1.4266342,0.96580327,-0.84468156,0.79875726,0.44886905,0.19965366,-0.80593044,1.268529,0.88734215,0.4504391,0.45731014,-0.5195799,-0.10704025,-0.96902794,0.74864036,-0.46570933,0.4670396,0.6897315,0.86462414,0.5794373,-0.6015389,1.0590252,0.7675993,0.6516733,0.95515484,0.9339449,1.0902597,1.2926441,1.2068471,0.78121746,0.9075898,-0.41074067,0.010528051,0.61847955,0.19069895,1.1009011
-1.5922221,1.1427265,0.5706667,1.7673918,0.4895646,1.3215144,-0.5991471,-1.5870296,1.7884448,-0.112755835,1.8554425,1.0945189,0.6933876,1.8742038,-0.06085469,1.3728209,2.7109878,1.1554712,0.9502287,1.0729282,0.8069679,0.89884776,0.8444135,1.2667657,0.8481613,1.2131631,-0.20393628,0.0866539,0.9090118,0.85718286,-0.78513926,1.0754509,1.3188058,0.53500646,0.5344173,0.3873691,0.7396736,-0.22859728,0.62106204,0.60473454,0.89248776,0.8068321,-0.063629664,1.4385567,0.4581821,0.7202027,0.8918989,1.3046542,1.3620845,0.8217224,0.040390376,0.10837229,0.04723765,0.80545115,0.51424795,0.18270074,0.919277,0.6488218,0.7389125,1.385221
-1.7695649,0.9093599,0.53666973,1.4566268,0.48911187,0.14631666,-0.05883795,-1.7284546,1.8470123,-0.83240825,1.4569156,0.7207927,1.0927181,1.2336129,-0.32301602,1.0814904,0.8836187,0.77436465,0.56184447,1.1408579,1.8863434,1.5742085,1.5848649,0.8721135,1.652542,0.7700321,-0.6595271,0.9811611,0.847733,0.20527185,-1.1544226,0.9526489,0.45323613,0.5528899,0.5688795,-0.3458215,0.3672533,-0.6215348,0.65176857,-0.5649739,0.5925021,0.91180074,0.6930692,0.32760417,-0.3674792,1.0895102,0.51449126,0.43670404,0.5514791,1.0041263,0.784072,0.6108726,0.5723395,0.7837897,0.77721846,0.1612812,-0.5352396,0.92264503,0.21556555,0.60788256
-1.7369852,1.3665131,0.8025707,1.6323296,0.48820642,0.36714768,-0.6538748,-1.7023774,1.6559489,0.3938213,1.7440605,1.3749803,0.93847704,2.192424,-0.82035565,1.0081278,1.7154472,0.94754654,0.5329254,1.1430502,1.4997406,1.9149138,2.1254976,1.232112,1.2213014,0.93891865,0.48649168,1.0335714,1.3756211,0.37543324,-1.150082,0.7044109,0.3971376,0.6206248,0.3986768,-0.61980695,0.21644297,-0.9183706,0.7460159,-0.021730632,0.5662673,0.96542144,0.80703616,-0.0019680895,-0.07061489,1.0118736,0.66675913,0.45955372,0.53157884,0.9987183,0.72819877,0.726686,0.68280506,1.0162109,0.91314965,-0.16707174,-0.31002936,0.9474587,0.5670427,0.6408742
-0.9359084,1.509489,0.74746245,1.2385314,0.49092278,2.2305644,0.64064807,-0.19335848,1.135526,-0.054141857,1.4539897,1.0577734,1.186,2.4672778,0.5035034,0.70076865,2.4902687,0.5101002,0.18289013,0.94402957,1.3448032,1.9141514,1.368042,1.0339544,1.411777,0.6605153,-0.44595915,0.90368414,1.5012492,0.51793724,-1.3524096,1.2870425,1.1737906,0.41588187,0.7324087,-0.41767246,0.012355841,-0.69772303,0.70473266,-0.2492738,0.64136416,1.3918751,1.2887939,0.72943056,0.07516827,1.1533006,0.9234268,1.3290399,1.6069285,1.1519885,1.1996498,1.1438725,1.2137728,1.234189,1.0926051,-0.5428168,0.9726295,1.1238546,0.48292404,1.5023569
-1.5648088,0.3925941,0.18001272,1.5930076,0.48730096,-0.2684026,-0.15781157,-1.5622562,1.4499196,0.14621446,1.5722743,1.6206863,0.7914991,2.0004005,0.21307564,1.3412126,1.8800373,0.7983008,0.20177431,1.2895838,1.5422534,2.114463,2.25485,1.4127339,1.7318302,0.31858647,-0.6235843,0.82701445,1.3461776,0.6006114,-0.7767418,0.5287055,0.59215164,1.0503196,0.58256227,-0.18155396,0.070938006,-0.7197495,0.8698637,0.53588647,0.54028815,0.4512303,0.26330146,-0.048586585,0.65656465,0.35964692,0.6739615,0.6592896,0.58644605,0.5986762,0.18175314,0.084332444,0.123162396,0.45337147,0.33815983,-0.34745023,-0.16995877,0.32912213,0.5684538,0.5980435
-0.724043,0.019501815,0.63813204,1.4189273,0.4877537,-0.73212487,-0.14120257,-0.3273041,1.9277563,-0.0007347908,1.0188671,1.1078945,1.3818215,1.7307727,0.32259142,1.0214888,1.6510959,1.0441302,1.0136476,1.2014681,1.4818553,1.9594929,1.9684935,1.3368193,0.24225979,0.39335996,-0.6785213,1.1127652,1.3568109,0.7938197,-0.7576182,0.4967215,0.3942305,0.8054949,0.30656976,-0.49095696,-0.014379233,-1.026874,0.50164646,-0.6697599,0.41098416,0.5029267,0.5020198,-0.11858148,0.04920999,0.5714102,0.7045812,0.46673658,0.5131401,0.77403426,0.64884365,0.7856404,0.77573127,0.59745854,0.45991254,-0.54784,-0.044269744,0.3158222,-0.20332006,0.5240288
-1.5597479,1.7810168,0.8802756,1.496669,0.4877537,-1.6329339,0.42973873,-1.5574754,1.9902841,-0.23011725,1.4419047,2.1320827,1.06903,0.99355924,0.55963075,0.89703256,1.1564497,0.9468506,1.2192528,1.3755758,1.1778685,0.38710633,0.22054426,1.0514673,-0.06806013,0.5406277,-1.083369,0.8410196,1.1956884,1.0245624,-0.9299943,0.89453995,0.2762066,1.0807791,0.41211373,-0.36198938,0.118349165,-0.4122602,0.99275315,0.24519104,0.77459395,0.57190657,0.24923988,0.036103077,0.73469406,0.43390062,0.65687245,0.38467383,0.24537833,0.6270358,0.20551775,0.22198299,0.15768835,0.551055,0.4338086,-0.6540685,-0.20289445,0.45138183,0.5338672,0.28153607
-0.6956622,1.322292,0.8073599,1.0258144,0.4877537,-0.5218261,0.33072376,-1.854668,1.6886632,0.3753437,1.3576128,1.6271379,2.3563263,1.4218358,0.105327584,1.1904615,0.8696439,1.2078083,1.4623603,1.2659192,1.7619451,1.9462776,1.8129815,1.3582022,0.971286,0.7401664,-0.4586989,1.5373855,0.86482096,1.5485631,-1.5208548,1.0752017,0.9677037,0.47754005,0.563806,-0.91417336,-0.09389302,-1.3884214,0.6203395,-0.32662752,0.85768294,1.2753305,1.78973,0.39904884,-0.12134001,1.2790638,1.1100988,1.2260526,1.3523715,1.3087513,1.742067,1.7089571,1.738263,1.2423904,1.1839902,-0.34366682,0.32622236,0.9465572,0.47355554,1.3289994
-1.7240167,1.9268749,0.9058713,0.83141506,0.47824636,-1.7533973,-0.6750786,-1.0646138,1.2720413,0.44174865,0.8863998,1.152935,2.544214,1.5655183,0.152232,0.8449516,1.6763548,1.3186628,1.7615271,1.4117184,1.8175797,2.4014847,2.2686381,1.8723544,1.3824219,0.055605397,-0.42226845,1.6042656,1.0418302,1.5752566,-1.4111004,1.0009452,1.0397758,0.41225755,0.41069925,-0.7958558,-0.03354545,-1.1444716,0.6741391,0.17988059,0.5766514,0.9663381,1.1312431,0.5025178,0.18589875,0.94010794,0.70382637,1.1961107,1.3172581,1.1218075,1.1474257,1.1953465,1.239408,0.9740679,0.88543934,-0.2837726,-0.0043914802,0.7875705,0.4687952,1.2877617
-1.9987819,1.8077208,0.7231388,0.5275448,0.48413184,-1.0360922,0.118359655,-1.9081261,1.3528423,-0.38813224,1.2862842,2.0129762,1.9188468,1.0364769,-0.38977835,1.2453139,1.4878783,1.3939539,1.6622458,1.3742281,1.8847735,2.4107997,2.2409306,1.5156175,1.5956504,0.6070818,0.11309506,1.2424537,1.0563337,1.5924556,-1.5350583,1.101916,1.0947851,0.47648785,0.4814245,-0.98034996,0.035882764,-1.5590148,0.90659547,0.1350748,0.79722524,1.3408949,1.6168603,0.3754763,-0.15656608,1.2946496,1.4821051,1.3450513,1.3730066,1.4301187,1.5767795,1.8909202,1.8843403,1.2426782,1.2884471,-0.323034,0.48858923,1.191709,0.6423638,1.4373531
-2.0460172,1.4849846,0.49754712,0.61987585,0.48549002,-1.9839928,-0.39057258,-1.0928075,1.6294597,-0.16759974,1.1099588,1.2205926,2.0664861,0.30936694,-0.12637673,1.2739878,1.4605061,0.7078326,0.8511711,1.4737811,1.924147,2.623723,2.54214,1.8618306,1.7319983,0.19848824,-0.96407795,1.6786776,1.2399141,0.7509703,-1.4479481,0.9326417,0.75331795,0.56492597,0.40341955,-0.85317546,0.09105005,-1.521251,0.7002562,-0.23935519,0.80101955,0.793723,1.1080282,-0.11116613,-0.090090126,1.0663757,0.79279256,0.94660574,0.9490601,1.1589708,1.2899423,1.4396349,1.3857825,0.99476904,1.0159062,0.07143216,-0.20720634,0.6913896,0.33939496,1.0287831
-2.0502346,1.1891575,0.3072031,0.8404693,0.4759827,-1.1163341,-0.124163,-1.108729,1.29606,0.1685218,1.4166305,1.2246193,2.3406649,0.78710806,-0.005107555,1.2947841,1.2103351,0.6377626,0.8599532,1.4731911,1.889423,2.4752371,2.0163856,1.6112007,0.80072755,-0.37772727,-0.86302024,1.6282704,1.6783491,0.7721545,-1.405103,0.9861802,0.79064375,0.5279157,0.5576855,-0.5764224,0.1344296,-0.9809269,1.0334167,-0.15239668,0.82448035,1.0327451,1.2037578,0.051271822,-0.45102185,1.4229081,1.1356276,0.77038586,0.80415404,1.398865,1.4692063,1.6259341,1.5011574,1.0928434,1.1888659,-0.23708823,-0.33097434,1.2115917,0.55867696,0.9164515
-0.55252177,1.0326227,0.8120379,0.91286147,0.48684824,1.4067887,0.36041206,-0.6739123,0.9386013,0.61058706,1.2772174,1.0746247,2.8591416,1.7816776,-0.17021263,1.1379102,1.6044387,1.660198,1.8484168,1.4219502,1.8203042,2.523163,2.4679701,1.7405586,0.24897668,0.50194144,-0.2626603,1.5531179,0.5211455,1.7760081,-1.4683799,0.9372358,1.0227672,0.5577315,0.4677841,-0.8433865,-0.16456875,-1.4526547,0.78867894,-0.28604212,0.64591444,0.7495247,1.4055732,0.59941065,-0.10554095,1.0639557,1.0428569,1.0429691,1.2851717,1.3248558,1.5020102,1.5716394,1.6642401,1.0445979,0.8765847,-0.42365268,0.46765748,0.63285154,0.27018473,1.283704
-0.8279811,1.1568334,0.8303848,0.68566036,0.48277366,-0.71177816,-0.24489778,-0.7759146,1.2813599,0.543009,1.2130975,0.6570543,2.3444228,0.24486685,-0.35143623,0.901807,1.5846164,1.6971581,1.629815,1.3244987,1.5379074,2.6094198,2.7308645,1.7368126,0.9228457,-0.7299731,-0.4013233,0.88790464,1.1218709,1.7080712,-1.0876937,1.0902928,1.1675953,0.8623305,0.5771419,-0.62674016,0.3437723,-1.2263745,0.79228926,-0.23435567,0.90794456,0.6929843,1.4081205,0.23719898,0.2508732,0.95253915,0.7122782,1.2501162,1.3926238,1.3957794,1.4699775,1.3102866,1.2994221,1.0544592,0.9595426,-0.35187724,0.053437725,0.95506865,0.5396798,1.3932638
4.7973704,-0.7526515,0.36874968,0.8779953,0.46285352,-0.41302052,0.25819454,-0.26370123,0.65753734,0.6894579,0.4549775,-0.13913792,-0.7989178,1.0768131,-0.3698812,-1.1345204,-0.6218103,0.5020335,0.44587293,0.040185496,-0.31079075,-0.30784485,0.09308593,0.19083919,-0.330606,0.6507233,-0.2859444,0.573141,1.2387972,0.5809295,0.07009263,0.3168461,0.45965093,0.2627077,0.13174626,-0.19877115,0.12649548,-0.17712077,-0.06992958,-0.41554248,0.0024405252,0.010682583,0.59824544,0.26409838,-0.04738331,-0.052015845,0.3007961,0.58743286,0.5983788,0.03820949,0.26079264,0.1875935,0.15460162,0.55788195,-0.20460244,-0.52494675,0.057893526,0.14186506,-0.16411915,0.65339214
0.052441265,0.68807465,1.483155,1.2210833,0.47190812,-0.4464221,0.56121314,0.07939071,1.0205325,0.5972394,1.516957,1.599246,1.3731337,1.6610193,0.7320154,0.3183038,0.2295164,1.9062527,2.0041127,1.1609033,1.5528709,1.5146588,0.83496237,1.7838045,0.4465914,-0.6209638,0.2607215,1.5310162,1.0705596,1.8107873,-1.2764423,1.1782541,1.2209761,0.4956466,0.530956,-0.49069953,0.22746384,-1.3245705,0.8307482,0.1936945,0.94296247,1.1061447,1.3747892,1.0530845,0.35766536,1.1601826,0.97812515,1.3745077,1.6481663,1.3254083,1.4122672,1.5705479,1.5630888,1.3119757,1.0204985,-0.15804245,0.67365795,1.0114845,0.7454328,1.6635772
0.5734777,1.5695447,0.87290883,0.49558023,0.48865914,-0.011827072,1.128049,-0.2605861,1.1420343,-0.07834062,1.2965512,0.47039005,1.2995352,1.7385265,1.1989237,0.9269222,1.3597243,2.0543547,1.9618471,1.4960433,1.2984821,2.339359,2.4770732,1.2407305,0.9687246,0.5800341,2.9433115,0.32128474,0.95307076,1.813641,-1.3340786,1.103029,1.0133517,0.22609842,0.5055685,-0.39824957,0.2592815,-0.8314584,0.70322645,0.15720865,0.5981599,1.1190915,0.9702095,1.4596796,0.20820636,1.1483122,1.1961267,1.3171104,1.5326878,1.149675,1.0396894,1.0614802,1.0614227,1.0965977,1.0579306,-0.002960045,1.4766135,0.95873404,0.50239617,1.4438827
0.77315235,1.5533191,0.7993626,0.71922976,0.48186818,0.35714266,0.99008775,0.12144747,1.0929176,0.9618677,1.523152,1.614688,0.81622887,1.9261045,0.0668507,1.2373229,1.5030373,1.6447895,1.5454961,1.6677905,2.081888,2.0064242,1.8268502,1.4591682,1.4204394,-0.18077609,0.36303768,1.9045473,1.1132514,1.4786363,-1.5739859,0.90537995,0.7328431,0.53119254,0.44987535,-0.71790034,0.003628783,-1.2766488,0.8539944,-0.12770258,0.6466565,0.93747383,1.2949555,0.30584416,-0.50866926,1.2542915,1.0867857,0.57834,0.80368614,1.2000868,1.4132817,1.6135951,1.5175338,1.0691631,1.0980769,-0.60591125,-0.41429675,0.8238704,0.48154643,0.8611673
1.6351141,1.1138039,0.755806,0.5630348,0.49001732,-0.5689703,0.59098667,-1.5736952,1.4243362,1.2854991,1.462019,1.6381419,1.5296851,1.5799361,-0.9647932,1.3276852,1.6711617,1.9578516,1.7643942,1.5224396,1.7132375,2.3309226,2.293269,1.5956681,0.9571771,-0.05548627,2.3580456,1.005668,1.390066,1.6700175,-1.287379,1.2701001,1.4290116,0.393969,0.5239449,-0.41478297,0.22230682,-0.9158407,0.7930418,0.9780206,1.160336,1.056704,1.3639269,0.75468665,0.15635158,1.1961094,1.5786952,1.7688498,1.8062042,1.2785208,1.4276711,1.4311075,1.3941914,1.2184952,1.2561138,-0.44105217,1.5961152,1.1271263,1.2047067,1.7659066
0.562966,1.0257517,-0.061252736,0.6927688,0.47824636,-0.07423004,0.06541252,-1.5827335,0.7739877,0.8121403,1.4691832,2.1075704,2.144358,0.6146957,0.060166772,1.2008498,2.3637123,1.3371972,0.595639,1.6327113,1.9571475,2.5533113,2.5126634,1.7554526,1.3646768,0.49654004,-0.63859785,1.1788481,1.0942781,0.352347,-1.1857498,0.8469682,0.4832068,0.7410405,0.4703573,-0.1753631,0.6697064,-0.18013339,1.0905521,0.0673072,0.8390015,0.99340403,1.1589091,0.698268,-0.5933293,1.2853055,1.2880132,0.30099836,0.377401,1.3697975,1.2606986,1.6565775,1.4993851,1.1153668,1.1385489,0.080942795,-0.5103304,1.0569054,0.6234011,0.5001725
-2.113496,1.3129106,-0.42309934,0.55912596,0.48005727,1.0045086,1.030077,-1.2887723,1.8207021,0.87193215,1.3707793,1.5950155,2.1442583,1.803216,0.33632717,1.4589665,2.0379198,0.48491964,-0.2107349,1.4328709,1.8633405,2.2297251,2.1550207,1.3345388,1.5032232,0.55092925,-0.33694452,0.8351763,1.684606,-0.18926477,-1.309659,0.8335899,0.17855006,0.5923764,0.59327316,-0.22886151,0.3296008,-0.5330327,1.1344063,0.047639415,0.72207093,0.6680818,1.0608389,0.43869486,-0.75000817,1.446756,1.0632435,-0.049343344,0.07260798,1.3526778,1.3101451,1.4185262,1.3499707,0.9577495,1.0366315,0.022107715,-0.49140108,0.92730147,0.6454519,0.3074011
-0.5089172,1.4963638,0.26987615,0.37633878,0.47281358,-0.91193074,1.5329199,-1.0017374,1.4535524,-1.23916,1.1716821,1.3878461,2.3705635,1.4725085,-0.28524047,1.4709605,1.4175687,0.53518635,0.9996886,1.535709,1.7628002,2.07423,1.9191087,1.498503,1.39715,0.5891843,-1.1668599,0.63982666,0.4221634,0.9149234,-1.4617537,0.97675765,0.89619285,0.47777885,0.55078036,-0.84312665,0.14748162,-1.3065032,0.7202978,-0.32475072,0.76310176,0.86309737,1.3345202,0.49662966,-0.5912302,1.3718098,0.9519233,0.949293,0.99147874,1.3124816,1.4688697,1.6825241,1.6094748,1.0241722,1.2595975,0.05971519,0.0694002,0.90550005,0.42944846,1.1908171
-0.16088723,1.1753166,0.7967863,0.39268368,0.47960454,0.19949386,1.5463839,-1.8680543,1.3996692,0.043798883,1.6756552,1.9812857,1.3674798,1.2617949,-0.79528856,1.2932824,0.4245848,1.0844293,1.5374346,1.5652277,2.007178,2.5968294,2.4497664,1.9604391,1.3730954,0.98821366,-0.51218426,1.3340737,0.3683624,1.4479989,-1.4021558,1.4215677,1.3055407,0.18085977,0.62314075,-0.27184573,0.034380734,-1.1030354,0.6685799,0.16298659,0.84125316,1.1788074,1.4751254,0.91189957,-0.23898636,1.4377428,1.0829862,1.4758023,1.6395301,1.4825408,1.3651153,1.1898757,1.2829981,1.3512819,1.21114,-0.041612994,1.0513301,0.8678559,0.6934258,1.7086709
-0.8912054,0.636523,0.7030982,0.10752111,0.48549002,-0.41338632,1.0452408,-1.4361047,1.3070096,-0.106943674,1.0214231,0.893464,2.2352428,1.4393387,-0.25120574,1.4356745,0.79109204,1.0051415,1.1166126,1.4259235,1.9522485,2.7112122,2.3739974,1.6258799,1.5315248,0.46227905,-0.38547263,1.4435177,0.4365873,1.177913,-1.3840562,1.0292307,0.9069646,0.48441234,0.61040586,-0.8869983,-0.09855392,-1.3879814,0.6525836,-0.43529087,0.6698408,1.0713418,1.6627036,0.31605724,-0.38899562,1.16414,0.87798995,1.038227,1.0892571,1.2008945,1.4983019,1.7982595,1.6828978,1.2207986,1.205846,-0.38896766,-0.12730801,0.7507723,0.45081758,1.2202693
-1.2124798,1.063712,0.8035072,-0.039390173,0.4877537,-0.31028152,1.1287653,-1.559442,1.1941712,-0.40303507,1.2950402,1.6116422,2.4174256,1.4434288,-0.048858926,1.5564731,1.5439861,1.1778617,1.4087266,1.5126239,2.0618086,2.8506594,2.696496,1.7045535,1.7876083,0.876261,-1.0134295,1.0493913,0.99507076,1.4269217,-1.5851823,0.8951721,0.6476283,0.35819754,0.5268204,-1.0200331,-0.14492509,-1.4651889,0.8365912,-0.44984043,0.59575737,0.88333297,1.4270526,0.16005701,-0.78709364,1.5604931,0.7284886,0.7286465,0.83961946,1.3324347,1.6161442,1.5449358,1.4911779,1.088653,1.3069596,-0.2194046,0.11354314,0.8890326,0.26024953,0.9497168
-0.82840824,1.0479028,1.0069832,0.16621795,0.4895646,-0.028225593,0.55508745,-1.5129796,1.4777043,-0.5370302,1.0449585,1.7125381,1.8112445,1.9456989,-0.12164311,1.2779499,2.012826,0.90413755,1.2293566,1.3160417,1.859591,1.858856,1.5488408,1.8468513,1.5589656,0.7074298,-0.43476626,1.0232618,0.49892136,1.278397,-1.5102422,0.97749865,0.9278315,0.14827234,0.5852254,-0.55954456,0.044974063,-0.99263966,0.5794124,-0.68913364,0.3398783,1.0336307,1.2366166,0.90534925,-0.8998204,1.2601714,0.7557522,0.6117943,1.0218834,1.0677956,1.2531928,1.4279124,1.4868469,1.0550457,0.9549863,-0.45381275,0.20266935,0.75666624,0.07513761,1.2144319
0.27819943,0.616128,0.87593484,0.11072402,0.49454463,1.6377861,0.16606471,-1.7429708,1.2479272,-0.40126917,1.3938508,1.1838448,1.4839967,2.1872773,0.6699509,1.2177564,2.4944103,1.1170866,1.4765677,1.3223119,1.7998703,1.0457628,1.0556054,1.9696364,1.4996239,1.2054789,1.3536801,1.2264667,0.5691135,1.6639899,-0.9767922,1.1298717,1.271912,0.30123037,0.5908294,0.049644947,0.666852,-0.6292442,0.6998648,0.3372122,0.7110739,0.8956462,1.0847374,1.9810864,-0.15977037,1.1193905,1.0693259,1.3221421,1.5808326,1.107656,1.0454179,1.2059864,1.108273,1.251772,0.9649218,0.35421187,1.1560866,0.98799694,0.71074116,1.635891
-1.1427091,0.48080975,0.003973197,0.18393873,0.48911187,1.1177009,0.23087554,0.023633651,1.3001099,-0.70401895,1.078733,1.793772,1.9501603,1.7182089,-0.3151491,1.3279446,1.9225506,0.37238923,0.69349796,1.2212386,1.1595057,2.4191573,2.3582268,1.3382728,1.3108138,1.1198678,-1.4561565,1.2925137,0.90262735,0.6405874,-1.5759271,1.0225648,1.067792,0.25037223,0.6660745,-0.6142795,-0.029095672,-1.074379,0.5012068,-0.6436762,0.41992354,0.87013626,1.285926,0.609234,-0.69650996,1.3941295,0.98880994,0.85139257,1.0928108,1.2757193,1.5170996,1.9050573,1.7371709,0.9763643,1.1758442,-0.29086736,0.10088316,0.9180612,0.19924779,1.1795663
-1.8462166,1.6239295,-0.11262198,-0.5505937,0.48865914,-0.8211478,0.80729365,-1.0137582,1.6616724,-0.45456004,0.49654934,2.1341064,1.8092141,1.8089906,-0.47951618,1.3819273,2.1031215,0.400705,0.3455743,1.206964,1.5302125,1.2685616,1.3954066,1.2978,0.9995364,0.9370726,-1.6464138,0.69029003,1.0238477,0.34588167,-1.0955768,0.8982177,0.5844246,0.6677577,0.5813536,-0.7452473,-0.1261552,-0.8628194,0.9064196,-0.504088,0.598759,0.885447,0.63704336,0.22477001,-0.2163985,1.0629812,0.72868747,0.49951553,0.54856825,1.0141393,0.809457,0.8377511,0.6895832,0.80650127,0.8885855,-0.30516356,-0.071464054,0.5825325,0.20218487,0.65306336
-0.5512327,1.1512463,0.6681217,0.48351258,0.49499735,-0.032082632,1.0782045,0.37948725,1.1491385,0.20639998,1.451728,1.8740597,1.2246338,1.9634345,-0.159174,1.0791774,1.8235031,0.76486075,0.56675774,1.1456233,1.6377691,1.9058042,1.7493187,0.77486736,1.3247089,1.0197253,0.078155935,1.4615883,1.7685483,0.7240435,-0.94478655,1.0404233,1.1696285,0.36049786,0.51037,-0.53591424,0.12574655,-0.7808039,0.61663777,-0.045945674,0.4954569,0.94016224,0.7011202,0.6695616,-0.20658801,0.9970865,0.63630605,1.1877611,1.374891,0.93478036,0.81403583,0.6707599,0.56879795,0.8445618,0.7154185,-0.12513967,0.5350511,0.7971063,0.4391732,1.3377539
-1.8853332,0.81285006,0.1689788,0.71722394,0.49092278,0.4619056,0.3709842,-1.8157262,0.93827826,-1.1814976,1.5514649,1.5976708,1.3203219,1.6238497,-1.2568415,1.1479578,1.3656429,-0.007654807,0.07838903,1.3738985,1.4726772,2.296821,1.8787026,1.2020991,1.016376,1.3481394,-0.2071864,1.6992172,0.012264838,0.2806243,-0.9701245,0.7283373,0.42795286,0.4074111,0.62181973,-0.76760656,-0.036738418,-1.0238398,0.7539136,-0.5074201,0.47251692,0.7610529,0.67981553,0.10390884,-0.4371034,1.0315143,0.44115937,0.36133596,0.3958445,0.91419053,0.93491334,0.9401552,0.7917062,0.783107,0.8700779,0.006363323,-0.1255809,0.6716983,0.07890706,0.6092152
-0.98415285,1.5376107,0.7477168,0.47548044,0.49454463,-1.220252,0.8803998,-1.4671999,1.2375531,-0.76384926,1.5698271,0.94475377,1.474627,2.1481242,-0.2673082,1.3423322,1.8089647,1.0111936,0.9265349,1.3634633,1.6802022,2.414216,2.5926929,1.5505266,1.6286764,1.0469588,2.1850634,1.946138,0.6933746,1.0614582,-0.89176875,0.9514081,0.8447981,0.08415531,0.5292219,-0.055464238,0.38766474,-0.24362417,0.344299,-0.4525521,0.5799876,0.69354326,1.0983523,0.8858855,-0.558388,0.9474849,0.37971222,0.91343826,1.1189916,0.8787517,1.013011,0.8336313,0.6887748,0.7154677,0.71672386,0.20951544,1.1678724,0.78178155,0.24151365,1.2609806
-1.8894452,1.4236195,0.6372547,-0.042743903,0.49092278,0.29644108,-0.13216446,-0.67990094,0.9819373,-1.0317291,1.0387872,1.4784199,1.6754689,1.8863382,-1.7332401,1.4664685,1.344094,0.7835655,0.7740555,1.364872,1.2848328,2.1144648,1.9208791,0.4880331,1.2404307,0.898366,2.2824295,1.293761,1.1415101,0.8775775,-1.1350884,0.8429281,0.7613668,0.48198265,0.4919176,-0.9216298,0.2443808,-0.91224676,0.80087626,-0.37860724,0.52840835,0.95497984,0.7999682,0.39837977,-0.46334964,1.0734121,0.60606694,0.72513753,0.8892432,1.0083048,0.9856364,1.3242538,1.0973413,0.89303315,1.1304473,-0.046743326,0.46199033,0.98851675,0.40652004,1.006044
-0.8751293,0.9909203,0.764564,0.14782318,0.492281,-0.42710805,0.6226551,-0.45490626,0.48155388,-0.543889,1.4102608,1.6022038,2.149725,1.864622,-0.49097776,1.2397392,1.2768149,0.65188867,0.7473718,1.2115688,2.0632367,2.3962827,2.4286876,1.122013,0.98801863,0.91076314,1.7023807,1.6533343,0.7338893,0.6614139,-1.3433387,0.9374804,0.9703565,0.5156929,0.5565763,-0.52380586,0.7209315,-0.747094,0.68385935,0.051665217,0.82376623,1.1788889,0.8174513,0.60593516,-0.26207423,1.119971,0.5417011,1.1239072,1.2598853,1.1465051,0.78309405,0.8106864,0.7234239,1.1446663,1.1063848,0.2151039,0.80641127,1.301111,0.6576907,1.3103625
-0.22991921,1.2433902,0.7960837,-0.06448149,0.49318644,-0.8783397,1.3578179,-1.8571019,1.2376572,-0.7800408,1.0924762,0.93871063,1.6042122,2.3252985,0.10239986,1.2128626,2.1386497,1.2431567,1.4315053,1.4238541,1.557522,1.8012372,1.8969867,1.1525164,1.645551,0.98847437,2.5416899,0.80201644,0.6212539,1.4174476,-0.741186,1.0483915,1.8137748,-0.049012735,0.61551565,0.14324713,0.8583782,-0.34373876,0.3431729,0.15838486,0.62570256,0.73501956,0.6337427,1.278283,0.13623193,0.89178264,0.70450795,1.6328435,1.8649926,0.92301,0.8854171,0.83221793,0.73726016,0.9587046,0.73314613,0.31213385,1.4902227,0.67539424,0.57287794,1.9542742
-1.8880745,1.6126046,0.77325237,0.57279265,0.492281,0.13927352,0.7445078,-0.3664704,1.5846238,-0.03631008,1.5404316,1.894015,2.3286994,1.876134,0.025851358,1.2405498,1.5962186,1.0052199,1.0856396,1.0859715,1.8948512,1.7363385,1.3715291,1.1182729,1.4300106,1.1854811,0.22491965,1.6360918,1.3954484,1.32275,-1.2282554,1.1975956,1.0803971,0.3173614,0.7025135,-0.5289507,0.27879137,-0.8877162,0.6180685,-0.2838286,0.5750476,0.8151075,0.98000455,0.5695798,-0.019343175,1.122609,0.96929556,1.095516,1.1803116,1.0969517,1.0580709,1.2845463,1.1408718,0.9750033,0.97544116,-0.07243169,-0.0141733885,0.79624975,0.3486875,1.2702616
-1.8025662,0.80694944,1.1118169,1.5835407,0.49273372,-0.8922636,1.1102172,-1.7521847,2.0420594,-0.2521553,1.3129761,1.4590337,1.5000967,2.2037914,1.1022122,1.5147575,1.7407857,1.3372784,1.0913721,1.2669452,2.0778162,2.4714656,2.207612,1.1940084,1.2775723,0.934807,-0.28798375,0.62697524,0.75805473,0.56280655,-1.2534808,0.9857204,0.63670546,0.72037536,0.60728693,-0.62487483,0.10376784,-0.84315413,0.85439295,-0.28188133,0.65776324,0.80745155,0.63268906,0.27186456,-0.25631335,1.0025406,0.75897384,0.6099987,0.6798511,0.9533716,0.8754694,1.0636809,0.9046392,0.94422203,0.8511056,-0.36803225,-0.39111117,0.54480666,0.3005421,0.739135
-1.7682996,1.3320804,0.6378815,1.8592551,0.49001732,-0.4845227,-0.23688704,-0.21077041,1.8783267,-0.57401556,1.7073185,1.1186885,1.6754231,1.152478,-0.63150924,1.0331296,1.0697204,1.1152405,1.1896192,1.2242038,1.5241959,1.4024334,1.0169216,1.1192998,1.1679103,0.7044282,-0.5194898,0.9946229,0.74768364,0.80186146,-1.2953173,1.1046082,0.6216858,0.5075654,0.5759413,-0.68294686,-0.069372706,-0.91219044,0.5346183,-1.0627884,0.3614201,0.7412207,0.88168645,0.18076539,-0.52110106,1.0208491,0.35481513,0.6611119,0.8317256,0.98205817,1.0471951,1.1889409,1.164587,0.8739525,0.79596853,-0.41409686,-0.1362415,0.67542636,-0.27638927,0.85850143
-1.6881685,1.1743393,0.70038015,1.7048842,0.48277366,-0.94714737,-0.17889294,-1.6616101,2.1051419,-0.904702,1.4890839,0.5977618,1.3638008,1.1531445,-0.8885809,0.709899,1.4437883,0.86142147,1.1385427,0.6587102,1.0407469,0.46230564,-0.58398473,1.2872542,1.4708102,0.6451942,-0.762343,-0.110450916,0.61440384,0.87783694,-0.7924058,0.5426291,0.5375393,0.867096,0.53683627,-0.826906,-0.07805324,-0.9379659,0.89734155,-0.20922369,0.46402857,0.45011774,0.38762617,-0.08647679,-0.23576775,0.786382,0.42913592,0.51519895,0.63071704,0.8680377,0.47529522,0.4906626,0.37816086,0.48620456,0.5616012,-0.27356863,0.09521504,0.34638485,0.04640023,0.76417434
-1.0640364,1.9611567,0.21116394,1.8894175,0.48639548,-0.78974456,-0.21472238,-0.38464066,1.8500487,-0.7954262,1.4395969,1.521727,0.95009834,0.93687415,-0.4922077,1.1779374,1.4134973,0.014387882,0.28675637,1.1195853,0.97179675,2.1294348,1.5401833,1.0238134,1.133054,0.9539599,-0.8242733,0.93962604,0.9035745,0.16291618,-1.1629295,0.9135992,0.28705817,0.6680228,0.49301612,-1.0985779,-0.33645844,-1.1727228,0.87354076,-0.62206507,0.5484842,0.89184874,0.81551,-0.36873296,-0.48911464,1.1076387,0.7661446,0.33657485,0.45130366,0.9110177,0.89012444,0.95890963,0.7913762,0.8513099,0.911042,-0.5602021,-0.22227612,0.69858307,0.10163276,0.49245957
-1.7231731,1.5423267,0.796189,1.7216028,0.4877537,-1.7448243,-0.20494507,-1.6889043,1.9209529,-0.24529955,1.1036885,1.6573431,1.7949805,1.0775753,-0.17277436,1.1206793,0.71636564,0.87150955,1.3731196,1.2850494,1.3915168,1.4064308,1.5412079,0.83601844,0.82327753,0.7139323,-0.57590497,0.37095883,1.0967921,1.0949842,-1.5228308,1.0969737,0.79994553,0.80270666,0.59216,-1.0509013,0.0062964223,-1.1737416,0.9097094,-0.45492864,0.87110114,1.27303,1.1624135,0.018993136,-0.17494409,1.1073961,0.5130831,1.0435436,1.1013542,1.1666942,1.11273,0.860098,0.875764,1.130578,1.1293348,-0.39531505,0.17161098,0.9092508,0.32363555,1.1175625
-1.3363298,0.15108289,0.38497713,1.9228988,0.48367912,1.5703118,0.81144,-1.3888432,1.3783196,1.0495661,1.221264,0.94021535,1.2912153,1.9274975,0.24240422,0.17738485,1.4136822,1.0040306,0.6056815,1.2605982,0.53292346,0.11484608,0.2392329,1.6634035,1.4345274,1.2838029,-0.37276325,0.56972253,1.3802766,0.71570325,-0.823351,0.7362069,0.2913474,1.210302,0.32989204,-0.84499884,-0.16712403,-1.107586,0.9588371,-0.06771459,0.6292658,0.45515537,0.38144735,-0.3622158,0.42143685,0.522791,0.48715806,0.4070768,0.3196088,0.6752648,0.1613112,0.28823256,0.23135056,0.56038594,0.36852434,-0.7813186,-0.3441613,0.60857505,0.35943213,0.32169357
-1.4914256,0.90503013,0.8718759,1.5833588,0.4850373,0.19996202,0.076489046,-1.5091457,1.8490782,0.95804465,1.5984467,1.7392209,0.06816975,1.8016856,-0.123802826,0.4584914,1.3073655,1.1821579,1.2017887,1.1968157,0.81491405,1.2518328,1.1586024,1.2987559,-0.5425629,1.0426489,-0.43360785,-0.3987205,0.8316144,1.0585278,-0.87256134,0.6361178,1.0052706,0.58947444,0.45124334,-0.49127883,0.34870878,-0.9221206,0.60399216,0.31545243,0.58080757,0.47613785,0.97818774,0.19388995,0.53345186,0.49482346,0.85957474,0.9564633,0.9254004,0.8610386,0.9011019,0.9556053,0.93192697,0.89964813,0.52928907,-0.06741975,-0.2024912,0.4879409,0.5285563,1.15902
-0.6917801,1.6557714,1.4289796,1.2056301,0.48820642,-0.25354347,-0.22933382,0.12779006,1.7389892,0.35899973,1.2682699,1.8480885,1.501784,1.6579053,0.11664278,0.82386464,1.7388228,1.1651783,1.681382,0.9882897,0.9361805,2.5012882,2.3788946,1.1181234,0.9260551,0.433757,-0.35160983,0.47454435,0.9684786,1.5288657,-1.5941706,1.3047738,1.1867235,0.59706926,0.61376476,-0.659711,0.15802124,-1.1658481,0.82491505,0.07664327,0.9768016,1.5964494,1.5283786,0.86047643,0.25672784,1.1534601,1.1651604,1.5390071,1.6907443,1.2518228,1.3475705,1.3513979,1.3479232,1.3907824,1.200746,-0.36889943,0.60310984,1.0685931,0.7664711,1.6185226
-0.4448296,1.2418598,0.94215685,0.5875172,0.48730096,-0.30846292,0.21869208,-1.0190903,1.3461758,0.26895446,1.1108491,1.5710148,1.1738465,1.687555,0.2432159,0.7808998,0.6151003,1.409494,1.629523,1.4378405,1.8180189,1.8585157,1.8114421,1.8676647,1.2120335,0.6079367,-0.61128026,1.3221879,1.4081314,1.5914819,-1.3851638,1.2173938,1.4470135,0.6531135,0.6248303,-0.23867613,0.5685911,-1.0068525,0.8085177,0.49838996,1.0396954,1.3380105,1.6055043,1.5370295,0.49595636,0.9730825,1.1878425,1.7206144,1.8736472,1.3269746,1.3793666,1.2969086,1.4007112,1.4454621,1.0165253,-0.17306036,0.42663345,1.037569,0.84097874,1.8232477
-1.9637773,1.1722107,0.41030732,1.1443692,0.48820642,-0.017526995,0.36012536,-1.8819621,1.5029137,-0.08635658,1.0658536,1.3804435,2.1357398,1.6195092,-0.15820803,1.2285967,0.5095004,0.9516196,1.0231682,1.5228068,1.6377847,1.80107,1.5430661,1.7593161,1.3899328,0.27055058,-0.1323657,1.4829324,1.2312951,1.169601,-1.3735911,0.91156983,0.5689932,0.6190019,0.4069029,-0.67418945,0.2135326,-1.1068697,0.532238,-0.50028247,0.41115302,0.75559103,1.3149151,-0.20536977,-0.13941905,0.8555705,0.80708027,0.6626736,0.78453285,0.96768177,1.2179725,1.1577889,1.1602798,0.8792516,0.7981037,-0.2855972,-0.17135122,0.8938897,0.06616455,0.91320866
-1.989609,1.7466956,0.8746644,0.62305826,0.4832264,-0.60860145,0.65980923,-1.1725252,1.3323482,-0.5261763,0.84907854,1.1032029,2.269414,1.4629605,-0.4342341,1.1916612,0.94019276,1.1556801,1.5391586,1.1680309,1.5484678,2.5231104,2.4472988,1.3435426,0.6822156,0.24790208,-0.6263116,1.0409046,0.79754966,1.3886033,-1.3661661,1.0852393,0.7467793,0.40100622,0.5729681,-0.4909659,0.2048679,-0.91651183,0.57269365,-0.56541955,0.65499914,1.1388307,1.2944428,0.63494635,-0.2008124,1.0727296,0.5419958,0.88748765,1.0757121,1.0874474,1.0880108,1.2967852,1.3125014,1.1747574,0.96011025,0.07774166,-0.034507915,0.77932185,0.18918483,1.1068499
-1.9457479,1.42142,0.999598,0.5944393,0.4786991,-0.12866901,-0.3711843,0.22347656,1.6641134,0.3326665,1.0000869,1.4279103,2.758834,0.2865652,-0.62332153,1.1424737,1.142682,1.1340938,1.7332885,1.3762791,2.0548172,2.6967328,2.4709969,1.338462,1.0878406,0.08546856,-0.7466132,1.5217375,1.1836482,1.5875778,-1.3448565,1.0994806,1.2232229,0.40437812,0.5531782,-0.464741,0.401795,-1.0771744,0.65761983,0.21139471,0.8760983,1.0878294,1.3555828,0.62776923,-0.09486708,1.2901162,1.0549598,1.3732358,1.4673077,1.3105785,1.4159756,1.7463441,1.6876228,1.259728,1.1018456,0.059212558,0.1959041,0.95306045,0.7561195,1.525044
0.029929642,1.0671368,1.0248911,0.6310914,0.48277366,-1.9271683,0.26234633,-1.3939883,1.4861907,0.24923734,1.1522279,1.2526851,2.2910259,0.2751406,0.7044276,1.0834504,0.49256262,1.6072183,1.4789475,1.3177538,1.7776135,2.6949122,2.469749,1.7903584,1.4177155,0.9488543,-0.33596346,1.1021297,1.1183993,1.5901942,-1.6703628,0.94699484,0.8632436,0.67295754,0.30835587,-0.97340655,0.08500732,-1.4820967,0.82081544,-0.18435825,0.80081725,0.9837061,1.5575315,0.051112644,-0.15819953,1.0671347,0.8163261,1.0131232,1.09026,1.2736332,1.5367559,1.76138,1.6930264,1.2589527,1.0312352,-0.33772266,-0.2600086,1.0398216,0.4954419,1.1128651
0.3334432,-0.22558089,-0.27714553,0.506958,0.44021702,-0.023041936,-0.07216873,-0.8882489,0.23515832,-1.4374344,0.18271695,1.4547153,0.8111406,0.9709233,1.4509717,0.45800835,-0.55466145,0.110315435,0.21760985,0.68122977,0.14765991,1.6484244,1.2909427,0.087329976,0.99426603,-0.26300636,-0.47372285,0.14380425,-0.94332254,0.20778057,-0.81669635,0.7035363,0.56808156,0.96724886,0.5339794,-0.7557347,0.41916475,-0.96492386,0.83957636,0.17159553,0.8203077,0.34809625,0.7900834,-0.2337518,0.5124312,0.6679907,0.4924898,0.7586406,0.6515081,0.80280983,0.7891118,1.0453745,0.919445,0.79690313,0.6700057,0.08216081,-0.3538763,0.6545238,0.5208409,0.7540372
-0.3960867,1.2886299,-0.033513952,0.7036207,0.47190812,0.3669046,0.8574045,-1.0785149,1.357377,-0.77598137,1.4421155,1.5853189,1.5167328,1.2150388,-0.33731496,1.3475547,1.2869207,0.48228395,0.13818416,1.4164206,1.8645312,2.7443392,2.8998113,1.4555234,1.1213,0.43707627,-0.40993938,1.5422378,0.84703195,0.53437245,-1.3028014,0.85302323,-0.020360518,0.99137,0.52369934,-0.42532003,-0.08932788,-0.77123284,1.3066548,0.09381228,0.7389713,0.7853512,0.9559534,-0.1712037,-0.43854636,1.2589881,0.9347446,-0.026142884,0.06615187,1.0310663,0.71662843,0.6427211,0.5244259,0.92593557,0.9175826,-0.7324628,-0.6470493,0.973411,0.5404664,0.19947594
2.2554102,0.47383866,1.3111643,0.4673564,0.48594275,-0.90567845,1.9182023,-0.70941,1.2608392,-0.024525546,1.3652309,1.6381044,0.99464357,2.735223,0.29706532,1.2673545,2.0604255,1.5381563,1.628236,1.2830362,1.4542235,2.5370667,2.2006457,1.7069799,1.7553781,0.2890258,0.0438119,1.2443485,1.166878,1.5958998,-1.036795,0.89182615,1.249446,0.24729812,0.52754766,0.34918487,0.8791656,-0.4897454,0.6964326,0.71608746,0.9994125,0.810165,0.815184,1.6047307,-0.008056348,1.1595993,1.0664473,1.260287,1.4660332,1.2749809,0.96553785,0.9668237,0.87014306,1.049569,0.8443211,0.17772691,0.49092942,0.8418448,0.83356506,1.557709
0.61123025,1.4887074,1.211378,0.52708006,0.48096272,2.3527732,0.57510847,-0.84648466,1.1782137,0.54603183,1.3927897,1.2855179,2.144089,1.6070877,0.14072363,0.93887234,1.4640359,1.6768907,1.6771252,1.5134106,1.6652962,2.4010808,2.3131273,1.1567414,1.2015216,0.36061493,0.6445894,1.3536605,1.0858237,1.68658,-1.2755501,1.1020393,1.2639304,0.504087,0.5936528,-0.76774436,0.1869097,-1.2152,1.0167449,0.47817975,1.059506,1.0604436,1.3047513,0.73680097,-0.09672917,1.388474,1.0949665,1.4063972,1.5206656,1.3786056,1.5227315,1.7595723,1.5836657,1.471177,1.3132412,-0.083599985,0.27944374,1.126849,1.0824457,1.5905741
-1.9732665,1.0471226,-0.03168165,0.26584828,0.47371906,-0.5046265,0.18086684,-1.5367253,1.2190417,0.29622868,1.1661193,1.3393286,2.0178835,0.8611885,-0.15064427,1.4968235,0.90640455,0.16338724,0.10986946,1.5797191,2.2294078,2.6646664,2.601602,0.8500545,1.5926592,0.30252302,-0.9958999,1.3314325,1.5837191,-0.12404791,-1.6939815,0.8208851,0.1340559,1.023242,0.5295178,-1.4169457,-0.44512647,-1.6074563,1.5327336,-0.29899773,0.85905135,1.0746379,1.3675926,-0.27356264,-1.0050453,1.5211103,1.2332133,0.053526197,0.08816561,1.3032843,1.1877602,1.3570129,1.2669955,1.3621143,1.2910048,-0.65356433,-0.8110291,0.9908844,0.6163591,0.22620237
-1.4241573,1.3827437,-0.5096395,0.49496993,0.4746245,-0.29900548,0.84902215,-1.4777106,1.3600513,-0.89765644,1.2802142,1.9198369,2.1034386,1.0846469,-1.0141718,1.3619311,1.5934917,0.5162891,0.23397681,1.5493776,2.0667708,2.9643707,2.6402566,1.5182586,1.4170629,0.74896634,-1.4689642,0.6662116,0.8728664,0.20062488,-1.3400059,0.685478,-0.04104798,0.8827123,0.5162708,-0.44469643,-0.052233078,-0.7068469,1.2127873,0.06006933,0.7716691,0.8348169,0.893487,-0.20539242,-0.4303979,1.0791491,0.7921701,-0.061489213,-0.073162794,0.98853797,0.7261717,0.8969569,0.77865183,1.0373006,0.92178285,-0.38949805,-0.29195127,0.9468343,0.8182279,0.038732436
0.20971893,1.1196282,1.1204208,0.6752184,0.48186818,0.57309926,1.1383227,-1.8495395,1.2890965,-0.600238,1.1548525,1.535277,1.6181821,1.1317173,-0.871253,1.390005,0.82180643,1.3275928,1.5899062,1.6110047,1.8378179,2.6200385,2.208483,1.3166163,1.3040211,0.7617256,-0.3946344,1.2378134,0.8523764,1.3584784,-1.4466845,0.94989365,1.3114091,0.3714888,0.5947823,-0.59589225,0.0060237907,-1.06141,0.6775313,0.2659006,0.6772236,1.20834,1.295284,0.89130676,-0.4531059,1.3998823,1.1684244,1.298652,1.4641069,1.3764857,1.331815,1.5017674,1.4894748,1.2815183,1.2116714,-0.21011044,0.67740875,0.7612884,0.7143137,1.5843567
0.9408595,1.5910772,0.8606717,0.60163385,0.4895646,1.8187451,2.0127792,0.48949227,1.2156808,1.2979897,1.681905,1.9456123,1.2724504,2.1310198,0.6771415,1.0193073,1.0413638,1.8094909,1.9181414,1.4411896,1.5841267,1.7110039,1.9266536,1.8473953,1.1430272,1.5634012,0.27553478,1.4249226,1.4325055,1.6821398,-0.72412634,1.217015,1.6477175,0.3657007,0.67888737,0.15435892,0.5095784,-0.41734734,0.86191815,0.83236897,0.81085086,0.9434897,0.9417187,1.6909937,0.3267792,0.9393806,1.2309816,1.6923711,1.7823677,1.076367,0.8526341,0.8009831,0.8411746,1.226083,0.8300952,0.072393,0.58784884,0.5606933,0.92430925,1.8211051
-1.4285972,1.1004444,0.8386133,0.47343552,0.48639548,1.8593649,1.3827744,-0.9097414,0.9842298,1.3500609,1.6047491,1.3595716,1.6227034,2.2592824,0.25133008,1.438901,2.404145,1.8656673,1.6478212,1.4299554,1.892358,2.3537211,2.292267,1.650251,1.3547326,1.1792115,0.35594943,1.6316012,1.7757704,1.4224062,-1.3855139,1.2766527,1.1189475,0.7482563,0.627089,-0.42867252,0.19353297,-0.8717236,1.0520107,0.53547287,0.8633875,1.1240667,0.85043776,1.0378855,0.1589287,1.3344274,1.0912622,1.2450475,1.5016141,1.3860254,0.9151971,1.0064937,1.0191559,1.1736091,1.0447407,-0.11129692,0.11938567,0.861345,0.788179,1.5820211
0.2395013,1.1232083,1.4047645,-0.24649072,0.49499735,3.3630192,1.9150583,-1.1772175,0.63699704,0.5178971,1.240286,0.5950135,1.2710322,2.6411161,0.025810119,1.0999908,2.0492,1.6125984,2.050904,1.3163671,1.3532844,1.4557041,1.0993638,1.4549198,1.7902687,1.2079735,0.33654013,1.2893097,1.2550839,1.7746164,-0.79278624,1.1951399,1.7933693,0.13865107,0.63914746,-0.2077995,0.32651743,-0.85230887,0.45942697,0.5595877,0.9381871,1.1513085,0.7393387,2.0596528,0.69788957,0.7354333,0.9220916,1.9430615,2.1469483,0.9152685,0.63655585,0.5812252,0.58309,1.1852599,0.6693849,0.09325204,1.3129138,0.81803036,0.8301695,2.1043913
-0.47600967,1.3581849,0.8223925,0.49087292,0.48413184,1.9785576,0.5430503,0.3986375,1.1400319,-0.514463,1.232328,0.89302087,2.095995,1.4588852,-0.7197318,1.2808452,1.4998275,1.2435794,1.6343637,1.3799347,1.7964095,2.1670043,2.217702,1.3550256,0.9735801,0.72228545,0.18690473,1.331394,0.68467754,1.5092916,-1.0180277,1.1167966,1.5780243,0.38419467,0.6703957,-0.22095573,0.6542706,-0.59136146,0.6380261,0.36226064,0.7724956,1.0973293,1.3774763,1.4689724,-0.0015567653,1.2252579,1.179551,1.7530657,1.8018886,1.3483866,1.4088486,1.50072,1.5602839,1.3097253,1.1894401,0.34053937,0.62011254,1.0262026,0.7970539,1.8158134
-1.2211121,0.55625343,0.3587436,0.5333069,0.48413184,-0.98098904,0.96396554,-1.8539726,1.453312,-1.3063445,0.98516244,1.48442,2.1435995,0.9942523,-0.0032070877,1.3212347,0.8723966,0.8112928,0.6083713,1.5326053,1.651758,2.335667,2.3980064,1.664334,1.4332945,0.52330285,-0.8102918,0.9204146,0.42235917,0.9312044,-1.3550544,1.2379386,0.9894243,0.47951773,0.6114959,-0.6677181,0.433435,-1.2775866,0.7394646,-0.2251273,0.7503533,0.976397,1.3797652,0.29190624,-0.6578583,1.536043,1.0391446,1.0259115,1.1361412,1.3513199,1.5478531,1.8160107,1.7677114,1.0551572,1.1832054,0.06458381,0.2524657,0.9341497,0.4004107,1.2284822
-1.8507503,0.9005681,0.31560436,0.12404891,0.48730096,-0.30524442,-0.27554762,-1.7890406,0.6240262,-0.97618544,0.9067211,2.3891358,1.5250878,1.8621039,-0.4728823,1.0021464,1.7379814,0.39189637,0.61321497,1.2762823,1.7940601,2.0409653,2.1028717,0.5504482,1.2578043,0.6808709,-1.2436187,0.9412599,0.712046,0.48031613,-1.0786773,0.9972755,0.7752551,0.36452922,0.61340994,-0.67171454,0.26532984,-1.0918063,0.68875885,-0.45221865,0.64119405,0.8504516,1.0652965,0.26701772,-0.5102324,1.247567,0.76273733,0.75789946,0.83038753,1.25565,1.1803993,1.3281602,1.1123754,0.66403174,0.9964593,-0.07614635,0.093480244,0.60547096,0.10709318,0.9711868
-1.870994,0.88515157,-0.7363446,0.39285618,0.48865914,-1.1524377,0.7684202,-0.92235035,1.4655275,-0.7544262,1.3022362,0.8432923,1.7808609,1.9224551,-1.114118,1.4130318,1.2461759,-0.010531525,-0.017543761,1.4180129,1.839024,1.811531,1.6466776,0.45199636,1.4417349,0.7262592,-0.78210723,0.48873773,0.669493,-0.1120413,-1.521904,0.9629059,0.4310194,0.49670556,0.5960842,-0.988818,-0.003459867,-1.1814742,0.9508291,-0.469705,0.5967898,0.9191011,1.2622596,-0.03595532,-0.72959024,1.5021164,0.76365626,0.36462292,0.4977355,1.289985,1.4103389,1.4409323,1.2848306,0.907068,1.1948712,-0.27771193,-0.36173293,1.0279044,0.3654381,0.5722502
-0.57147014,1.322254,0.6976526,-0.63852453,0.49363917,2.295329,1.4030707,1.9903754,0.93219024,-0.9903631,0.92721456,1.4850725,2.2912583,2.6044838,-0.5591618,1.3919451,1.660909,1.2566085,1.5791953,1.4289994,2.1679974,2.3946247,2.581331,1.1497296,0.7036752,1.0149611,0.30881652,1.1011646,0.6258309,1.4733547,-0.9169943,0.9456495,1.3238736,0.2067861,0.62895185,0.11756526,0.7790951,-0.52841675,0.49454287,0.031289816,0.7405391,1.2533438,1.1717936,1.2599342,0.029679066,1.0631661,1.1503094,1.4796431,1.4703305,1.2109938,1.443403,1.5896524,1.4112345,0.9655211,0.9656635,0.26254052,0.41704616,0.9635612,0.41411665,1.5765414
-1.9400543,0.8867505,0.7993321,-0.37563866,0.49318644,-0.16936426,0.3457998,-1.176344,0.9518144,-0.7495789,0.6189389,2.1264648,2.055045,1.5035596,0.3913695,1.3559442,1.9067928,1.4364076,1.4372208,1.4341756,1.6529413,1.6999311,1.289063,1.4796592,1.7635745,0.6403454,2.4249861,0.8127523,0.5886855,1.173381,-1.2198802,1.1459355,0.9844903,0.3904158,0.49374735,-0.6126025,0.13025627,-1.1042027,0.799322,-0.57916564,0.5757251,0.94665045,1.0973182,0.47570604,-0.8540187,1.3094474,0.9209291,0.851022,1.0904285,1.1794823,1.270495,1.2935653,1.1113818,0.72725827,1.08873,-0.21650118,1.0854634,0.7736722,0.166014,1.2265708
-1.8076271,0.8586136,-0.8200684,0.03808204,0.48865914,-0.20759173,-0.24804291,-1.1135129,0.7788419,-1.0612302,0.7478877,1.5288318,0.5264857,1.0393177,-1.833235,1.0149506,0.8875207,-0.36550283,-0.39543542,1.2164253,0.8648687,0.722004,0.25415656,0.87461275,1.7001262,0.84357184,-1.2705563,0.91098875,0.1912601,-0.2700635,-0.93698347,0.64257634,-0.03134758,0.9112376,0.50574887,-0.695799,-0.24456254,-0.844852,1.0804598,-0.24252062,0.6657015,0.7040375,0.15127915,-0.04534792,-0.23470524,0.9712625,0.7248882,-0.14670055,-0.14606595,0.7319211,0.16607225,0.08341579,-0.085828125,0.6532811,0.7512841,-0.6584911,-0.4578105,0.4795308,0.3287662,-0.12432599
-1.805413,1.6580324,-0.38780016,0.43738395,0.48911187,-0.25458848,0.3071837,-1.3301947,0.8014008,-1.5345776,1.3094461,2.443806,1.219361,1.6310713,-0.8559024,1.4035399,1.1304184,0.0015305663,-0.21867308,1.1287307,1.5389509,2.1985183,2.290893,1.1826575,1.1808906,1.3750126,-0.57188135,0.97848624,0.20931327,-0.30419293,-1.2540963,1.0380722,0.69645363,0.26740944,0.56068283,-0.81564647,0.2512142,-1.0753822,0.56355506,-0.5370946,0.49467394,0.9215609,0.7046797,-0.020687956,-0.31044835,1.1720644,0.26489758,0.8399616,0.93679035,0.94749284,1.1390518,1.0202688,0.8812029,0.78344893,0.92469347,0.07919702,0.041558634,0.8541845,0.15786234,0.98608184
-1.8449514,1.8426261,0.82845384,0.55433244,0.49137554,-0.33818087,0.010509799,-0.32666254,1.5679982,-0.73027015,0.9735874,1.642144,2.2258236,2.0598426,-1.8870491,1.3651683,0.8218471,0.7964212,0.8315519,0.9709593,1.4663433,1.5274104,1.4041718,1.1128008,0.74428695,0.8135076,-0.24300659,0.83606964,0.36142775,0.27426302,-1.4622035,0.65184855,0.075399764,0.6026254,0.6164318,-0.8222458,0.20822456,-1.3784674,0.9614237,-0.3143745,0.69904184,1.0626409,0.69333154,-0.45957908,-0.16066207,1.1095209,0.582197,0.12723047,0.11797878,0.827904,0.68414253,0.48121446,0.35133463,0.9441589,1.145416,-0.039431646,-0.5387198,1.1125797,0.45858938,0.25555855
-0.41089675,1.9853848,0.9200561,0.18170588,0.49137554,0.7791252,0.48800254,0.802069,1.3833888,-1.3045039,0.32693395,1.5201203,1.8404845,2.468234,-0.3921185,1.1420641,2.297532,1.1788182,1.3926433,1.153435,1.8192773,1.8188355,1.2779151,1.3514544,1.1712074,0.9308453,-0.22754839,0.54912484,0.72745234,0.9982466,-1.0684528,0.78522354,0.9625321,0.7248307,0.40876168,-0.5725939,0.093621895,-0.70069337,0.88156927,0.15639436,0.55390316,0.6772518,0.5913854,0.38928443,0.14679265,0.8640861,0.5102057,0.9768663,1.0442755,0.9858412,0.7668515,0.75050503,0.64647907,0.7378217,0.8207521,0.03552273,0.19762942,0.6010747,0.61141175,1.067875
-1.9334118,1.0294812,0.687499,0.3821722,0.49545008,-0.8997693,0.74258494,-1.8559718,1.2176635,-0.87668175,1.2292,1.481909,1.8780811,1.8804159,-0.7621451,0.83321625,1.6678486,1.0069292,1.022393,1.369828,1.705035,2.1771548,2.0889275,1.5070117,1.4447856,1.0990026,2.2737536,1.0371618,0.14018007,1.0932093,-1.2627424,1.162966,1.4101593,0.37233087,0.5519113,-0.7222756,0.24192885,-0.9129404,0.5910199,-0.52866393,0.71043605,0.57599944,1.2026831,0.52249163,-0.7424025,1.230575,0.5325592,1.3823478,1.5550282,1.1444185,1.3786303,1.5090712,1.3574874,0.7831267,1.1277148,-0.0005824175,1.3604633,0.7315159,0.2914472,1.6074498
-1.0815052,1.1866397,0.3310296,1.2627116,0.49454463,-0.2558027,1.169207,-1.7756542,1.94981,-0.5818252,1.5356028,0.84335756,1.361976,1.8634448,0.16334435,1.1589895,1.0124863,0.4640106,0.46121773,1.2382274,1.6653212,1.1064062,0.7589139,0.6292281,0.7571628,1.0499936,-1.4074147,0.89572155,0.73695683,0.25093892,-0.91324645,1.1595731,0.747572,0.5552655,0.57587045,-0.5710018,0.022368206,-0.7759538,0.49151888,-0.44260553,0.67732316,0.5710981,0.7598306,0.36090288,-0.14085017,1.0207195,0.48657513,0.90703875,0.9881745,0.97231007,1.011332,0.817691,0.6991585,0.7397487,0.8792205,-0.17108712,0.46174678,0.61484534,0.19516669,0.9482675
-1.671088,0.36245504,-0.1513377,1.4627699,0.48730096,-1.7144885,0.087901406,-0.8250753,2.05718,-1.0517335,1.2550492,1.5081472,1.3619523,1.2919611,0.111876346,1.36807,2.0461295,0.29529873,0.35463962,0.9453806,1.1457297,0.8050716,0.46928668,1.0422415,1.3421158,0.94167286,-0.4699011,0.20272824,0.14575186,0.25621533,-1.1614225,0.91824675,0.6074319,0.25056022,0.48873258,-0.5529523,0.1854732,-0.8572904,0.634501,-0.4199324,0.50997776,0.95936877,0.9586534,0.40056545,-0.34653372,1.257674,0.75344986,0.6168592,0.76918083,1.0976906,1.1253397,0.7815887,0.7433289,0.8064157,1.0306758,-0.11223352,0.2668519,0.8852366,0.17401008,0.86959076
-1.5891645,1.1038098,0.5993017,1.2082458,0.49047005,2.1756911,0.0359786,0.019234909,1.8123399,-0.34092662,0.75651175,1.7446055,0.9366266,1.9369417,0.26735967,1.2197564,1.4900528,0.9427724,0.91158533,0.9117587,0.61776376,-0.89401585,-0.8691668,1.2451903,1.3510361,0.91538775,0.055822868,0.46925884,0.60470235,0.7024827,-1.0562313,0.9244384,0.9391838,0.8574805,0.5104455,-0.34731308,0.14947382,-1.0146638,1.0515794,0.20486867,0.8010926,1.0519047,0.69105315,0.53973776,0.31180194,0.89062476,0.7433667,1.0659909,1.1093292,1.0391934,0.9062342,0.6317708,0.49648586,0.8821885,1.0031816,-0.34379327,0.5519474,1.0006192,0.67131597,1.2047362
-1.6997664,1.0212045,0.59236276,1.5628262,0.48730096,0.2677288,0.32485962,-1.1041902,1.8160169,-0.20962359,1.4317112,1.2019674,1.4479804,1.3009694,-0.72809994,0.9636635,1.1963401,0.63471603,0.72242296,1.1488447,1.0781599,0.784985,1.0640885,0.9114036,0.58293855,0.7251103,-0.5174192,0.42849967,0.67780703,0.56231725,-1.066695,1.145202,0.846973,0.7545605,0.50263387,-0.68438524,-0.11486078,-0.6933525,0.95820147,0.07732825,0.71447825,0.9539939,0.57147866,0.74983346,-0.057866342,0.9408442,0.61000955,0.80333567,1.0307356,0.8699534,0.4819542,0.5666763,0.49290058,1.0384616,0.8287194,-0.33602113,0.39995527,0.9611646,0.56946784,1.1458867
-1.6490519,1.2338251,0.5090928,1.5826899,0.48820642,-1.6981117,-0.025229974,-1.6346638,2.1805634,-1.3330969,1.0233945,1.8989098,0.94457906,1.2287499,-0.82971436,0.9274295,1.1016904,0.8722193,0.7845696,0.79778224,1.0803595,2.2933679,2.3842742,1.2171717,1.2877594,0.49621034,-0.8738841,0.7779882,0.25621432,0.7798972,-0.907956,0.715935,0.37674394,0.87153995,0.50887674,-0.74011475,-0.24103689,-0.8204099,0.8486064,-0.26507363,0.5782044,0.7325417,0.5579547,-0.04159075,-0.0958801,0.7683914,0.5454658,0.40488553,0.528756,0.8751517,0.49404386,0.48847595,0.4664055,0.67497486,0.5684583,-0.7077216,-0.12007501,0.44854018,0.011925025,0.52687186
-1.2694836,0.3960148,0.3483929,1.331485,0.48277366,-0.5327638,-0.68756074,-0.5881247,1.9409298,-0.9297916,0.7877004,1.8528317,0.30191255,0.37319475,-0.08003205,0.7136167,1.0022923,0.21636917,0.19740397,1.3498005,0.62516016,0.5349007,0.1102434,1.3448633,1.1606152,0.124035224,-0.50534564,0.12958659,-0.3179421,0.046510126,-0.8338049,0.56599635,0.11881808,0.72601116,0.5703692,-0.64668834,-0.20270765,-0.80017054,0.7188317,-0.37166825,0.5491013,0.7371771,0.25863364,-0.432499,-0.30928245,0.8558602,0.33271337,-0.016071692,0.16138005,0.8500403,0.31756294,0.20984761,0.18208924,0.50891924,0.58736056,-0.36909145,-0.3877606,0.64779764,0.19120802,0.2557664
-1.2254114,1.242123,0.9849872,1.8418493,0.48277366,-1.384093,0.66383886,0.7668989,1.3380558,-0.36020645,1.2565951,0.9395892,1.724618,2.5725672,0.60343885,0.8635278,1.4915037,1.5712147,1.9823452,0.96599483,1.2091643,0.3904153,-0.2025443,1.4555706,-0.9870215,0.32712618,-0.40030086,0.44332436,1.9771333,1.2278659,-1.0948364,0.7930679,0.7671497,0.71729213,0.36975032,-0.8319235,-0.2732983,-1.2538862,0.7015714,-0.48951247,0.51255965,0.768832,0.9940531,0.0068222973,0.30993754,0.8257868,0.9273422,0.82848656,0.92040855,0.8251798,0.7423327,0.88946337,0.95134425,0.7753071,0.50469583,-0.74357367,-0.10919357,0.32145536,0.0789409,0.95160604
-1.9073693,0.5598546,0.18511488,0.03175422,0.48911187,0.21023051,0.23784664,-1.8318939,1.4494308,-1.2200859,1.0761092,1.977854,1.95189,1.2749704,-0.31410295,1.2437813,1.3812944,0.072894335,0.054088186,1.3653353,1.9822417,0.6496965,0.5739227,1.2511461,1.0975798,0.93463254,-0.55284905,0.36681008,0.99425846,0.5173406,-0.87783897,0.87644976,0.14282486,1.3056208,0.52899754,-0.8437203,-0.6083773,-0.9783838,1.3041705,0.03833016,0.75150883,0.84906715,0.24831556,-0.1669144,0.17383504,0.8209519,0.6793736,0.25215596,0.27840307,0.8077787,0.15304628,0.2048989,0.06658287,0.7517148,0.6070879,-0.873934,-0.25718972,0.5688618,0.4399655,0.30580354
-1.8346187,1.7773608,1.1690228,0.44360936,0.49047005,1.1188722,0.6871379,0.8226789,1.5749979,-0.046747964,1.248824,1.2401326,1.5069602,1.7703046,0.6553925,1.0082787,1.500943,0.4237679,1.3441452,1.1760324,1.8927876,2.4638298,2.4619653,1.2592205,0.9701159,0.8189009,-1.1090795,1.6694721,1.2869778,1.5273776,-0.8363893,0.93740386,0.90148646,0.81897485,0.46166176,-0.0032628868,0.6554434,-0.55587345,0.7375419,0.1127057,0.8894352,1.0572034,0.87855035,0.79345447,0.49134946,0.88077956,0.92422396,1.1140349,1.133605,1.1867273,0.6368107,0.77871156,0.74591553,1.055766,0.7520784,0.008999532,0.10935921,0.70459604,0.40778503,1.1462892
-1.7166362,1.0864774,0.77272314,1.0419538,0.48865914,-0.188109,0.04427132,0.60523695,1.5541846,0.42693657,1.1979052,1.407521,1.1822574,1.8693255,-0.20696567,1.1202729,1.390602,1.4790013,1.3367409,1.5253748,2.0986862,2.0152595,2.0244052,1.5418309,0.5235756,0.48107216,-0.4592439,0.68615216,1.5399173,1.0653416,-1.0092919,0.95181596,0.7643439,0.9282381,0.58753574,-0.4279313,0.59443456,-0.48836604,0.46506435,-0.16483292,0.75103146,0.84761125,0.6847484,0.36630905,0.6250745,0.6181201,0.51807404,1.017313,0.97556293,0.8858277,0.78077495,0.81424165,0.79679525,0.9472113,0.7378543,0.21156925,-0.02846289,0.7183967,0.32921234,1.0219389
-1.7406754,1.5346403,1.0927824,0.929534,0.48730096,0.23813134,0.62788296,-1.7018559,1.907656,-0.19650342,1.2703261,1.132181,0.8978592,1.3927343,-0.14377992,0.91676766,2.0445213,1.5542234,1.7522397,1.4536449,1.3689908,1.5934173,2.1046224,1.0904578,1.127821,-0.17030266,-0.6037618,1.6524603,1.6185383,1.7279372,-1.2531524,0.9982883,0.81408197,0.99806213,0.21261254,-0.6903074,-0.04290261,-1.4068812,0.9096103,-0.38574517,0.65716934,0.73870003,1.2707813,0.019259855,0.18956244,0.88987,0.71687865,1.0261923,1.1099905,1.1618592,1.0985432,1.2918564,1.3358797,0.97547567,0.7754136,-0.55731857,0.108357534,0.46859154,0.13971753,1.1250336
-0.63481945,1.659165,1.572035,0.27062675,0.48549002,-0.55243176,0.3017969,-1.5185336,1.6618121,0.6925118,0.9510711,1.7679486,-0.1358698,1.7379848,0.4157563,0.9317014,1.5316694,1.3917146,2.0150156,1.3351663,1.4505433,1.6155875,1.47445,1.1174316,1.2324297,0.37095693,-0.46782455,0.15545282,1.047178,1.7423753,-0.66716254,1.2556816,1.7019769,0.087287284,0.45073372,0.3866665,0.52982354,-0.73139274,0.2929731,0.33144516,0.72829705,0.8341928,0.71671844,2.0447762,0.9457717,0.7829712,0.77157545,1.8601248,2.1787333,0.91283953,0.7623103,0.709495,0.8935396,1.1907253,0.5890249,0.28378534,1.6721941,0.6451088,0.5673775,2.0600493
0.11738766,1.3792298,1.2454593,0.62847203,0.49137554,-1.1447047,-0.40950164,-1.030891,1.0019183,-0.18837865,0.5341343,0.7605374,0.6786982,0.48808044,0.40946138,0.16753656,1.3465061,2.020815,2.1834729,1.217806,1.0062708,1.2191596,1.0322025,0.83556193,0.7590175,0.3584372,0.2095581,-0.23986663,-0.10671549,1.7436389,-0.011525687,0.3381097,1.0167125,-0.15923047,0.10435484,-0.20833236,-0.6081069,-0.54205734,-0.3386457,-0.48621377,-0.43020272,-0.24728116,-0.026204437,0.3576801,0.749219,-0.43423742,-0.2961886,0.7920424,1.0449985,-0.28239083,-0.161756,-0.020707365,0.11456143,-0.32082328,-0.33170807,-0.71551377,0.48150444,-0.5967628,-0.7767429,0.90917397
-0.82441056,1.7629322,-0.44282734,1.0487821,0.4877537,2.741233,1.3366603,-0.6588216,1.2539674,-0.24216841,1.3268641,1.6603116,1.2918694,1.7161957,-0.7364723,1.3231044,1.3369727,0.46522117,0.44332415,1.514106,1.9007853,1.6722795,1.4681661,1.1600579,1.2051828,0.2892817,-0.78265584,0.44290975,0.10201321,0.5963639,-1.438126,0.6502142,0.23931397,1.0855652,0.45710248,-0.89385945,-0.31591755,-1.4989111,1.2432759,-0.281675,0.6654879,0.56212777,1.1315469,-0.3376906,-0.58805704,0.9269628,0.9362919,0.12968592,0.21118245,1.0086328,0.9928353,0.92041266,0.874357,0.9356753,0.88311845,-0.73487884,-0.46337405,0.66074634,0.5173417,0.34394816
-2.1188731,0.7010181,-0.024675528,0.73291075,0.48865914,1.2579646,1.4551136,-1.6506073,1.0853316,0.26233464,1.5961053,1.5327876,2.1008162,1.6830666,0.20218693,1.3213326,2.3307498,0.3366357,-0.15517567,1.435749,1.8425884,2.4012146,2.328339,1.663951,1.6295259,0.7825265,-0.70038325,0.80543995,1.2562808,0.04128251,-1.0342805,0.7075374,-0.020351429,1.2988583,0.51530236,-0.17997766,0.16096833,-0.43211064,1.6018095,0.6738493,1.0395554,0.82115597,0.3660079,0.1917884,0.040817663,1.0720664,1.1274517,0.05672338,-0.031096056,0.9749644,0.3968144,0.5252781,0.36539695,0.96364075,0.9745893,-0.33581242,-0.33622932,0.9161326,1.0622264,0.048470214
-1.515116,1.3179617,0.3272999,0.63927835,0.47824636,1.7693018,0.8434128,0.2292883,1.0626341,-0.36065716,1.5452507,1.8584818,1.1159106,2.1253896,-0.7103191,1.3647906,1.6112516,0.843996,0.7141703,1.5619298,1.9828961,2.3304703,2.166395,1.8806114,0.6993265,0.45743406,-0.8533214,1.2554653,1.3946226,0.7952159,-1.2604039,1.0517349,0.53078324,0.73923945,0.4512083,-0.6249586,0.086389914,-0.6972393,1.2265111,-0.17182761,0.81067705,0.76191777,1.1877177,0.149075,-0.82733476,1.4200562,1.3129185,0.28197306,0.48931393,1.3260553,1.3121821,1.5574863,1.4685282,0.8668052,1.2020887,-0.3623327,0.04622245,0.69609517,0.44366682,0.5904052
-0.85347444,1.1969792,0.72952056,0.50435585,0.47734088,0.38808507,0.63107276,-2.0012217,1.2609385,0.54357356,1.7760068,2.0811675,1.8943251,0.50365454,-0.40242133,1.3839263,1.3199517,1.4516476,1.5605114,1.4453516,1.9175192,2.3522196,2.2277448,1.7311299,1.1645291,0.07954955,-0.5913122,0.97726756,1.015694,1.4306608,-1.454177,0.7929331,0.9719602,0.40708622,0.6157461,-0.37325194,0.43001205,-0.8696184,0.75418925,0.11276195,0.82731026,1.1242279,1.2803899,0.95244193,-0.5845758,1.269851,1.1389592,0.8417323,0.9978785,1.3339638,1.3207488,1.4146274,1.2998385,1.1188436,1.1112792,0.046024054,-0.37008336,1.0838643,0.8232266,1.1731164
-1.3973045,0.94317263,0.29458568,0.5882502,0.47281358,0.42637613,-0.32776332,-1.960715,1.3214747,-1.0243601,1.1292653,1.6015762,2.6290178,0.48470616,-1.1451696,1.3679787,0.8834067,0.879192,0.7614177,1.6018608,2.018989,2.777092,2.9130485,1.1820253,1.3517051,0.39596853,-1.3969508,1.2970456,0.9266632,0.8923612,-1.4957051,1.0930233,0.97518194,0.65375143,0.62246376,-0.36374775,0.05028364,-0.6159119,1.0947628,0.28939104,0.8455494,1.0023295,1.4687606,0.6839521,-0.4764044,1.3808786,1.4154196,0.9721732,1.1002663,1.4158465,1.5706878,1.5530317,1.5442712,1.1864929,1.1637082,-0.63089955,-0.173913,1.1008708,0.82096153,1.1694478
-2.0614107,0.75103927,-0.5709297,0.39920074,0.48141545,0.18536082,-0.2660896,-0.23083743,1.5347475,-0.4180111,1.3208538,1.8846997,1.9136894,1.0738151,-0.2514857,1.4485253,1.8884388,0.0012296475,-0.1514306,1.6090951,1.8049473,2.4966757,2.0905845,1.1670587,1.0102973,0.6225611,-1.2161661,1.584869,0.9492781,-0.15801145,-1.4385062,0.9480696,0.22859831,1.2576255,0.6159852,-0.49511445,-0.07724839,-1.2552142,1.5046949,0.19899984,0.89609283,1.0568291,0.9314133,-0.24061066,-0.53443664,1.3297838,1.2054257,0.13373768,0.24771664,1.3352977,0.9639416,1.1460057,1.059613,1.1435864,1.2152258,-0.51897144,-0.84641916,0.9483308,0.9796757,0.35553083
-1.9981494,0.09403319,0.5684872,0.7756892,0.4850373,0.24702016,1.3798188,-1.5305263,1.4203935,-0.17007978,1.4610353,1.5917063,2.2108767,1.4619858,-0.09225396,1.3838848,1.4896293,1.0458353,1.0001224,1.5315696,2.170882,2.2868204,2.0356526,1.8358283,1.408724,0.91220266,-0.72314847,1.6060358,1.229734,0.98596567,-1.7915435,1.0635617,0.8994985,0.41550684,0.59943223,-1.4128426,-0.50554055,-1.835561,0.9506998,-0.701511,0.8000541,1.3819568,1.9948769,-0.12997985,-0.94007736,1.6011915,1.0831387,0.9278404,1.1165752,1.5992981,1.8956256,2.1479268,2.1487377,1.4307091,1.4232422,-0.7041654,-0.2613003,1.0768279,0.4130552,1.2347034
0.7102848,1.8176785,1.2884953,0.16976255,0.49318644,3.0325398,1.8038052,1.3585666,1.2855775,0.5126927,1.4792776,1.2346665,1.1009649,2.043339,0.89960885,0.94711363,2.2656422,1.910762,1.9812003,1.3189815,0.9579735,1.6983774,1.137858,1.9967703,0.6871065,1.8868352,2.7955737,1.4498584,0.39888427,1.8042462,-0.82537466,1.2402687,1.394811,0.21503735,0.74639225,-0.12831403,0.027289743,-0.62377435,0.69610465,0.63974345,0.80333644,0.9569953,0.9590467,1.571487,0.4960276,1.0732374,1.2668065,1.6323385,1.8005832,1.0445092,0.9574817,0.9765527,1.1057829,1.0610054,0.83277935,-0.16871603,1.7048949,0.6667445,0.81661355,1.7306219
0.58746904,1.189982,1.3716655,0.25434032,0.49635556,2.9483888,1.5781975,2.561828,0.8060992,1.6119635,1.4032495,1.0942323,1.3744845,2.7420967,1.0773977,1.3662525,2.1999261,1.5826974,1.9139235,1.3680654,1.4089783,0.49595588,0.14554226,2.4908957,0.99263084,1.8894926,1.5845441,1.9718018,1.2996492,1.6976708,0.34439942,0.8683138,1.1240704,-0.35226417,0.57323784,0.9456318,0.38021392,0.2984602,0.22482564,0.80375195,0.6226793,0.98604363,0.35206923,2.120431,0.5809043,0.19234131,0.83952326,1.2515601,1.4980142,0.31059632,0.00052903965,-0.4694902,-0.32108068,1.4685819,0.3242202,0.19328131,0.7707709,0.5667844,0.73426104,1.3843901
0.982704,1.4614334,1.5702338,-0.2904747,0.49590284,0.18427327,0.39274526,0.5444418,0.8151839,-0.10545093,1.1458778,2.1132553,1.376136,2.611765,0.6936199,0.8566232,2.3343184,1.3134384,2.0196295,0.92579865,0.16517745,0.23307897,-0.13609932,2.4967144,0.7404189,1.5258933,2.2836523,0.8302572,0.78853405,1.7003511,0.05514825,1.1388326,1.5396546,-0.5788345,0.6916179,0.5610877,-0.31697544,-0.13808703,0.17557813,0.75531006,0.6124355,0.75307065,0.10195688,2.0322726,0.6349345,0.3367385,1.3055855,1.4523486,1.7889128,0.16207919,-0.1841967,-0.4307604,-0.21355072,0.88731873,0.17895249,-0.20201762,1.3537058,0.58520335,0.81428164,1.6152434
-1.9305651,0.2005753,0.82444805,0.10444091,0.48684824,-1.0313158,0.3717428,-1.8514518,1.1707412,-0.6644343,1.1621968,2.032107,2.5255659,1.3199617,-0.6382612,0.9933286,1.8322413,1.0741005,1.180305,1.3996886,1.7842627,2.1821103,2.5138922,1.7301381,1.3991069,0.9715993,-0.1714256,0.98042846,0.83823067,1.3635755,-1.3802575,1.0731711,1.3532993,0.06732513,0.67990816,-0.42490137,0.10391007,-1.0293787,0.5800016,-0.12317547,0.5538988,0.95743734,1.2965251,0.7179053,-0.5839833,1.0973454,0.9127275,1.1661183,1.3955904,1.138778,1.4531006,1.3596938,1.4005044,1.0865245,0.86369365,-0.3364524,0.09193569,0.72777814,0.46358353,1.4518758
-0.44367084,0.7004349,0.6113562,0.55130917,0.4832264,-0.9760974,-0.08798315,-1.2052761,1.509885,-0.75072205,1.4499469,1.9281126,2.244705,1.4744735,0.3082838,1.4085189,1.7717799,1.2059386,1.034069,1.4251202,1.6248363,2.7500193,2.3716066,1.197278,1.279349,0.638821,-0.4388479,1.1585351,0.9185264,1.0793351,-1.5676702,1.2756522,1.1494474,0.092979036,0.6627463,-0.68999225,0.3089321,-1.2747538,0.57438385,-0.13418493,0.78177285,1.2070355,1.7783754,0.6440591,-0.39114225,1.466627,1.2629399,1.2202117,1.4492353,1.404031,1.79982,1.9056481,1.8702406,1.3712709,1.4079103,-0.0829797,0.2792669,1.360997,0.6364488,1.5138391
-1.1746137,1.3618,0.680829,-0.09050308,0.492281,2.3567953,1.3027891,2.174924,1.0665636,-0.15739162,0.8195035,1.2778355,1.9944167,1.5764588,-0.46764,1.1407729,2.1790814,0.8543266,1.0039821,1.4953194,1.6816405,2.2085667,1.707479,1.2402278,0.6913361,1.1979231,1.8309814,0.27112997,1.1095272,0.9273484,-1.3287792,1.2617897,1.0236261,0.28924018,0.60498255,-0.22919312,0.37221783,-0.48353815,0.7074694,-0.38854307,0.51207983,0.9564168,1.1107075,0.9541669,-1.0396445,1.6458242,1.0384576,0.70272213,1.0477675,1.4167324,1.2857678,1.6944634,1.552168,0.87595475,1.1523905,-0.1549785,0.61750925,0.9148128,0.27005276,1.2175157
-1.8870201,1.1350327,0.4820584,-0.06201256,0.49318644,-1.06532,0.71883,-1.8163346,0.73473614,-0.62106603,1.2659421,1.4452813,1.5618064,1.8259674,0.30234534,1.3690938,1.489981,0.65894085,0.6381925,1.2494599,1.3770412,2.052324,1.7844285,1.3832386,1.5082829,1.2176056,-0.23174816,1.0807997,1.0344424,0.55317014,-1.1540374,0.87612504,0.76562834,0.27617747,0.5692688,-0.7124504,0.07178449,-1.2583653,0.4343594,-0.6504351,0.4964514,0.68578076,1.334918,0.090905,-0.8172136,1.0272468,0.5420965,0.64567494,0.7484574,1.0248666,1.4855963,1.5052545,1.5320207,0.6555702,1.0863993,0.10362445,0.026065402,0.59199,0.124812104,0.94822776
-1.9614577,1.3099476,-0.16977917,-0.14333844,0.49363917,-0.94683343,0.25580573,-0.34592465,1.1816555,-0.73926735,1.4717228,1.2223164,2.286364,1.4440279,-1.0223399,1.4216589,1.5370903,0.30425918,0.24060859,1.2256217,1.788538,2.4095428,2.1607413,0.56261015,1.3436239,1.1044632,-0.72324365,1.6102555,0.7912734,0.47666922,-1.5096593,0.85717374,1.1183091,0.057430267,0.6718407,-0.4473345,0.5849398,-1.0289159,0.5059715,-0.1862168,0.7587508,1.2278017,1.6708097,0.47196835,-0.37801993,1.161966,0.8545308,1.1494045,1.1921875,1.2180263,1.6458551,1.7974911,1.6541249,1.2356483,1.100999,0.043818362,-0.025630012,1.0188873,0.5354203,1.3134595
-1.8912376,1.2036643,-0.6370457,0.57020056,0.48820642,0.9095198,0.4520431,0.11686008,1.2115823,-1.5218893,1.0757619,1.7863787,1.8490428,1.2759012,-1.5894898,1.3303485,1.6679045,-0.5446713,-0.3441695,1.210313,1.4187596,2.6326776,2.2585046,0.8471705,1.1740454,0.9571259,-1.2011675,0.6199367,0.48444754,-0.114968404,-1.5082607,0.915508,0.57475054,0.4472331,0.5901301,-1.0944661,-0.14244571,-1.5053034,0.8856844,-0.5939428,0.61229944,1.0282134,1.3825743,-0.24988624,-0.73813653,1.3630109,0.8699009,0.5208297,0.6344377,1.2759684,1.4261693,1.4138604,1.3648908,0.9910227,1.0038091,-0.46013522,-0.42584413,0.801158,0.23455709,0.7877456
-1.9678893,0.63902277,0.46707678,0.34339324,0.49273372,0.38717997,0.89041835,-1.8830051,1.1833818,-1.1478382,1.0329871,1.0363528,1.900087,1.9859717,-0.25949347,1.0687487,1.8124942,0.744212,0.84721696,1.4183935,1.6296184,1.9198449,1.5139023,1.0090016,1.4924644,1.003444,0.4465229,0.40438777,0.7302916,0.74133915,-0.9782448,0.9806559,1.1970192,0.37849885,0.6475135,-0.39430633,0.5961784,-0.762035,0.66161597,-0.4454895,0.5184814,0.92585254,0.940163,0.6693707,-0.29879108,1.1617709,0.6857436,1.1761403,1.3758669,1.13374,1.3432093,1.2985721,1.0986981,0.9172502,1.2181883,0.22929949,0.6886389,0.9227535,0.3257773,1.4346114
-1.91844,0.9188911,-0.18619476,0.48060948,0.49454463,0.414792,0.89288324,-0.037881706,1.1094832,-0.36220983,1.6878017,1.6204398,1.9723773,2.1142933,0.005977995,1.1014256,2.3063312,0.45973036,-0.35793665,1.3939017,1.5197474,1.5325416,0.9417241,0.5542561,1.3799361,1.2436343,-0.16460131,0.71803904,0.8044382,-0.41273314,-1.1783804,0.97942877,0.752074,0.2813626,0.42069668,-0.2988719,0.33792457,-0.59161353,0.5875644,-0.50028783,0.53498864,0.9276363,1.1530772,0.6313045,-0.78602576,1.187541,0.8615822,0.5812633,0.7313373,1.1337957,1.4062997,1.5388305,1.4525586,0.8070043,1.0684841,-0.15233245,-0.16874462,1.0146488,0.26548088,0.861306
-1.9048388,1.3353219,0.29382735,0.12052922,0.492281,0.23018529,-0.03911916,0.20776962,1.4006839,-0.31938747,1.4660231,1.0831612,1.0549566,2.149443,-0.30560035,1.1193519,1.8491474,0.31807357,0.41574925,1.0118413,1.3689541,1.3202698,0.8805813,1.2276717,1.67352,1.0707133,-0.37390298,0.72054464,1.5774775,0.42218667,-1.3166782,0.5682227,0.15841886,0.8223668,0.6589454,-0.9717972,0.07340251,-1.1450881,0.7474138,-0.5163308,0.65088296,0.81018245,0.8387794,-0.5043586,-0.14899471,0.8985044,0.34479856,0.17286563,0.25572723,0.8335861,0.90576154,0.62751836,0.44056913,0.7355567,1.0175024,-0.30025488,-0.4983812,0.9726236,0.22620533,0.3656864
-1.9080019,0.12059198,0.6507683,0.66558135,0.49363917,1.6653132,0.5662427,-1.8382394,1.3472131,-1.3372271,1.7871901,1.6394207,0.93504655,2.6086233,-0.38431153,1.1887056,1.3055774,0.8298815,0.8356955,1.3061724,1.8064693,1.7616761,0.94230473,1.1291492,1.2533748,1.1174014,0.7663162,0.8011262,0.6906123,0.87004435,-1.1862686,0.6483355,0.9931002,0.5506511,0.57872313,-0.811303,-0.2281748,-1.2119389,0.6833943,-0.36800998,0.6667385,1.016403,0.8079906,-0.10161464,-0.37330648,1.0324894,0.8163099,0.7897181,0.9716787,1.0128134,0.9095988,0.84473556,0.8530239,0.8486482,0.79739267,-0.3589822,0.24169767,0.92319876,0.3747888,1.1050441
-1.9345716,1.4067235,0.6642012,0.09273734,0.49454463,0.4150753,0.4681564,-1.8564934,0.9668392,-0.6943593,1.01165,0.5483222,2.1393015,1.81353,0.06325031,1.0698516,1.6484855,1.507014,1.4618716,1.2672392,1.3065827,1.8459911,1.6899712,0.8592629,0.40152827,0.3970759,0.57460326,0.67372215,0.82683504,1.5260862,-1.3700725,0.8927788,1.3363945,0.33542275,0.6324962,-0.8180063,-0.23048455,-1.4772056,0.62562037,-0.49753344,0.5368853,0.9197577,1.2902528,0.18089816,-0.19975483,1.108163,0.86388403,1.2343144,1.2766424,1.0641897,1.2764548,1.3979874,1.404075,1.1067281,0.9372512,-0.38934708,0.0468691,0.5743098,0.30195582,1.3233342
-1.9049442,0.8536933,-0.07403009,0.83386075,0.49318644,0.9758168,0.9824924,-1.8308508,1.7526808,-0.57233304,1.4490098,1.3674997,1.7713515,2.2027605,-0.86418486,1.2361071,1.6520888,0.5439627,0.32711282,1.0967805,1.2407602,1.3905765,1.4758166,1.0959812,1.6402541,0.7723712,-0.50365835,0.9107799,0.7337344,0.35312763,-1.1234114,1.018335,0.93886685,0.7770976,0.70236665,-0.80005467,-0.27580777,-0.755714,0.69750494,-0.28473735,0.6303851,0.7502123,0.4441528,0.3755362,0.10339236,0.75862,0.53039896,0.98598605,1.0749279,0.7782501,0.4552262,0.6380703,0.5481274,0.9085308,0.62356824,-0.5404443,0.024839021,0.5102747,0.17620157,1.0755832
-1.8648787,1.742055,0.25919315,0.6691696,0.49047005,0.87860864,0.27059162,0.7064604,1.222382,-0.42315975,1.1391369,1.5803802,1.6950576,2.3640692,0.1520997,1.2961999,2.0677488,0.46789688,0.25038508,0.95078677,0.9620272,1.1538681,0.66441494,1.0677822,0.72644323,0.8620458,-0.5636424,1.4129486,1.3205247,-0.13537627,-1.1944588,0.8926778,0.4800781,0.34375456,0.51806736,-0.5668701,0.17106241,-0.82564175,0.67005295,-0.69736755,0.5044605,0.88226354,0.81941956,0.34811398,-0.6819846,1.1294265,0.4545343,0.35627103,0.5576761,1.0539589,1.1086009,1.0066062,0.966681,0.805012,1.1178731,0.06802899,-0.2390579,0.85610414,0.14316314,0.64535385
-1.9039953,0.8637438,0.35901502,1.121903,0.4940919,-0.62685657,0.91832215,0.014769069,1.5405431,-0.7966654,1.0568738,1.708669,1.120397,1.9776375,-0.4177175,1.0428017,2.138673,1.3007035,1.2338582,1.238908,1.6708645,1.7914681,1.5854616,1.1508085,0.91399556,1.2177244,1.8324207,0.49563557,0.59305954,1.1242799,-1.2697558,0.9450016,1.2452482,0.34121233,0.5074894,-0.27864736,0.52315444,-0.46070746,0.43627435,-0.13707274,0.6250661,1.0131896,0.95953506,0.96286994,-0.13077524,0.91238785,0.7108595,1.3611318,1.5062447,0.9384914,0.89936256,0.7264898,0.761743,0.96428466,0.8403908,0.03187307,0.86176157,1.088183,0.45715111,1.607167
-1.0088581,1.350753,0.09785365,1.2437311,0.4895646,-1.1411036,-0.14490382,0.047273666,1.7345574,-0.8935941,1.5242797,1.0136558,2.0743392,1.8898046,-0.4594417,1.0846603,1.9756445,0.48213825,0.5043921,1.1081506,1.6302006,1.8890079,1.9769998,1.2420382,0.9129958,0.9701419,-0.6931505,1.552148,1.0405681,0.1516282,-1.2595766,0.7118845,0.5195422,0.5187297,0.55065566,-0.92069936,-0.10344841,-1.0986725,0.6739617,-0.687271,0.42441988,0.6546811,0.59819657,0.07054246,-0.36438736,0.9252821,0.43474162,0.38839832,0.5934745,0.83901113,0.6879622,0.69860566,0.5816293,0.70136416,0.6992926,-0.16006224,-0.0057644174,0.63932455,-0.0041702027,0.6539309
-1.8272382,0.4833034,-0.72254586,1.751838,0.49092278,-0.7897247,0.54646724,-0.98366046,1.5924195,-1.1306303,1.2739758,1.5143396,2.3960896,1.6792699,-1.3651832,1.2082299,1.5458598,0.33411098,0.32533813,1.2465514,0.6941527,0.6893469,0.48012576,1.1171191,1.0104481,0.93274164,-0.6596355,0.8293288,1.0031832,0.65714586,-1.0214579,0.7495528,-0.12986217,0.8489369,0.5606145,-0.5807288,0.048152626,-0.86320114,0.8978228,-0.19031236,0.7489214,0.877259,0.5095913,-0.21087131,-0.24789013,0.9519186,0.17926872,0.17141111,0.09453222,0.8035268,0.6017503,0.38134328,0.2843783,0.76592654,0.93238366,-0.005534688,-0.31308278,0.9863827,0.44006065,0.20550808
-1.694811,0.55938286,0.6157409,1.261996,0.49137554,1.701423,0.82866424,1.2061054,1.8149598,-0.26582214,1.448054,1.5849036,0.5969426,1.862165,-0.61462903,0.8716548,1.704174,1.0594035,1.1061081,1.4426328,1.4745355,1.915126,1.5800401,1.8894676,0.9022921,0.47698632,-0.71483845,1.0748271,0.99240655,0.8119153,-1.243483,1.0572003,0.8517791,1.0719447,0.53308094,-0.45492044,-0.009546801,-0.847122,1.150846,0.3136888,0.8634136,0.91777354,1.1546276,0.22904527,0.37853262,1.0274103,1.1471086,0.8155016,0.90361595,1.2340136,0.9177999,1.0169587,0.9595412,1.0459316,0.93770546,-0.6259488,-0.08036566,0.74288857,0.8248475,0.99083996
0.37285978,0.712238,0.90694994,1.2719467,0.4895646,1.70812,0.89598304,1.3411939,1.7165323,-0.35311556,1.0914458,1.693813,2.1177328,1.6206398,-0.34440506,1.1989573,1.4722387,1.1535447,1.5792913,1.0048184,1.464076,1.289036,0.5536135,1.2765999,1.4816293,1.0299237,-0.8666754,1.2100768,0.48575348,1.2958093,-1.3743814,0.9262417,0.9574562,0.66859865,0.5578791,-0.53042674,0.29959455,-1.3047287,0.63304216,-0.36705413,0.8107228,1.0103033,1.4778557,0.20830405,0.062905714,1.0788809,0.7837559,1.084205,1.1595005,1.2927669,1.2771842,1.5316412,1.488234,1.0970858,1.0271571,-0.20089021,0.092262626,0.6496719,0.354165,1.2243453
-1.8780582,1.5193475,0.75557905,0.07851859,0.4895646,1.3103441,0.8683019,-0.4716388,0.957201,-1.5598977,1.0788869,2.0373902,1.6285464,1.4975375,-0.52041507,1.0649675,2.2065985,0.84859115,0.6442592,1.3202493,2.4035082,1.5935267,1.822977,1.4290205,1.1129487,1.0627663,1.0504211,0.95932144,0.4884265,1.0088958,-1.1302282,0.9164376,0.8945065,0.6194562,0.69641376,-0.7142168,0.015305618,-0.91973,0.62897134,-0.5601478,0.6709753,0.9328534,0.8922254,0.38259882,-0.1264471,1.1172894,0.78233576,0.9468513,1.0671202,1.0350769,0.89785284,1.1063706,1.0601737,0.99794906,0.7709573,-0.19854854,0.76600194,0.62114984,0.16080621,1.0474205
-1.4572644,1.6435454,0.47839326,0.6855588,0.48911187,-1.5591829,-0.73678184,-1.0123554,1.4169719,-0.20812023,1.0985659,1.2096877,1.8491043,1.8299991,0.47335827,0.8701379,1.5684488,0.92032325,0.93330884,1.2724425,1.7033907,1.9611679,1.7777915,1.1057128,0.96523494,0.4619619,-0.16151108,0.9018491,1.1494607,0.8809266,-0.9002638,0.94129497,0.9159827,0.8503323,0.32650095,-0.83831793,-0.06533555,-1.0753427,0.7319699,-0.2293019,0.6479055,0.74025846,0.8795723,-0.16509321,0.40829158,0.80135334,0.85985255,1.0722317,1.0939023,1.0101967,0.83066887,0.74911225,0.79287815,0.8741369,0.5392838,-0.8853861,0.16656187,0.47474566,0.147386,1.1184641
-0.76852113,1.4260921,0.45772463,0.22880663,0.48730096,-0.87018836,0.47545674,-0.6612769,1.2842625,-0.6077264,1.1189588,1.4947435,1.1433625,1.6725001,-0.3271492,0.8656843,0.67683583,0.5649485,0.39413098,1.3047757,1.6041305,1.9108967,1.5978307,1.6516645,1.4288783,0.8606729,-1.37763,1.3016282,1.254049,0.5584718,-1.4475697,1.1709145,0.4160371,0.78993076,0.49592638,-0.9698972,-0.23735768,-1.1192344,0.8325293,-0.7705221,0.6801368,1.0622557,1.2944908,-0.47234586,-0.25076643,0.99455094,0.7705211,0.5543887,0.7263475,0.9218948,0.9969696,0.98637074,1.0640521,1.0678518,0.860269,-0.9058064,-0.05772613,0.8059629,0.02899222,0.78421
-1.9935101,1.3261031,0.68667144,0.26177436,0.49001732,-0.13957861,0.93557036,-1.3487738,1.0219891,-0.14452279,1.0575305,1.6032056,2.1310482,1.8574146,0.4122413,1.3251959,1.8037895,1.0604972,1.3366464,1.5584747,2.2369854,2.438866,2.2639322,1.8899405,1.2502275,0.7335014,-1.0120684,1.3469001,1.2225777,1.3294504,-1.3248855,1.0047796,0.69394153,0.95483285,0.49377823,-0.4374628,0.67365116,-0.7926414,0.8157629,-0.31569788,0.9025109,1.2692676,1.3458897,0.28874835,-0.051219642,1.264737,0.91256994,0.8697629,0.8935897,1.333256,1.1730119,1.2504419,1.2224568,1.2711723,1.0693451,-0.170765,-0.11816511,1.288485,0.40634868,1.0561501
-1.060901,1.5420611,1.0400802,-0.43850556,0.48367912,-0.08765115,-0.24694097,-1.3552693,1.3966913,-0.48050344,0.7567544,1.8929435,2.578743,1.3459876,-0.7454554,1.1789521,1.258462,1.3050715,1.5122956,1.5676502,1.9678392,1.7520928,1.9647623,1.5894303,1.340775,0.6071217,-0.8296831,1.6030719,0.8676065,1.5366257,-0.90062964,1.0701652,0.8812593,0.6213053,0.45634818,0.19265528,0.5172406,-0.5829823,0.6098023,-0.024368746,0.68164575,0.95590734,0.8936783,0.6854494,0.038725823,1.0618188,0.90231764,0.9894894,1.2523149,1.118361,0.89707637,1.1716808,1.2916341,1.0087723,0.8532404,-0.1855901,0.19711927,0.8493427,0.29443696,1.1926064
-1.8692015,1.1036664,0.5106899,0.56413454,0.48277366,-0.06268056,0.32942003,-0.461434,1.6663364,-0.41822025,1.0688807,1.4447355,2.3752012,0.32752514,-0.9407647,1.1083443,1.0807208,0.7196456,0.82560885,1.2821249,2.0688055,1.318438,1.2839996,1.3704048,1.1181889,0.35104543,-0.56396425,1.2183046,1.1236897,1.0481025,-1.3482902,0.972666,0.21199603,1.0908632,0.4510383,-0.6620536,0.17756796,-1.0405486,1.1381513,-0.41537765,0.9673954,0.96181697,1.6099409,-0.17879575,-0.02879061,1.2277254,0.91317433,0.30005765,0.3288709,1.2979002,1.3229438,1.5518534,1.5467628,1.3634908,1.0188043,-0.45347613,-0.6665945,1.0479113,0.3787675,0.4617059
-1.7716736,1.7274959,0.53445375,0.802078,0.48096272,-0.770509,-0.12932982,-1.7242823,1.4421408,-0.036617544,1.0547035,1.1490383,1.1812911,0.8230806,0.17723471,1.0496551,0.17763253,1.0232581,1.0104767,1.384172,1.4297982,2.428148,2.393655,1.8148113,1.5387663,0.040408473,-0.58875734,0.7867977,0.8278639,0.9800801,-1.0145438,0.64063275,0.26847744,0.80249697,0.4670298,-0.5600168,0.4709627,-0.9377696,0.646647,-0.664281,0.6626711,0.49609008,0.97481334,-0.22188565,-0.26965073,1.0378112,0.43572354,0.27480993,0.26697892,1.0896448,1.1556152,1.1661757,1.1614219,1.0237519,0.9284007,-0.06832596,-0.41454223,0.93439746,0.16360404,0.45348898
-2.0945175,1.3388733,0.16810057,0.8644469,0.48594275,0.78337634,1.0400169,-0.9497446,1.8180941,-0.73647803,1.4410733,1.7074904,1.300467,1.607929,-0.073455416,1.397365,1.5512569,0.5826218,0.32768783,1.4510951,2.0353296,2.4086757,2.2560265,1.8306721,1.3042938,0.31344828,-0.6343265,1.8615723,0.92686284,0.27790537,-1.8127717,0.83213645,0.2922777,0.48055726,0.40356988,-1.237589,-0.2661287,-1.9065008,1.0816264,-0.53302884,0.7975912,1.043139,1.9920299,-0.42989492,-1.0803566,1.4632523,1.1046371,0.20057335,0.423036,1.3728983,1.9961418,1.9214377,1.7770239,1.1851964,1.25764,-0.62147504,-0.62770414,1.234723,0.5876455,0.61820734
-2.1143394,1.085993,0.72080463,0.35475707,0.48865914,2.0975718,1.8441124,-1.4812181,1.2599264,0.7681216,1.1599187,2.0136316,1.7651035,1.6852907,0.04265303,1.3519962,1.0220906,1.1661546,1.0895405,1.4723669,1.5927902,2.780571,2.6701913,1.7330184,1.3076667,0.39373285,0.20401126,1.189685,1.148986,1.0589929,-1.7085689,0.72821575,-0.03037769,0.67394656,0.46814162,-1.2264559,-0.23765972,-1.5327481,0.9850586,-0.95860255,0.6028373,0.96459645,1.9570711,-0.60292363,-1.1641924,1.3573517,0.8854188,-0.047497284,-0.023866922,1.2205898,1.6767082,1.7210948,1.6064912,1.3435209,1.1079333,-0.8985919,-0.7496394,0.97797287,0.16003112,0.19249825
-2.0596182,1.3981386,0.76301354,0.7937491,0.48684824,1.9384577,1.8960384,0.091877386,1.2920332,0.6350509,1.5267453,2.0513248,1.6903045,1.4524238,0.21975635,1.0773846,1.5787872,1.5951035,1.6764758,1.2181529,1.5347731,2.3708296,2.400959,1.960127,0.96864974,0.90793526,1.617454,1.110864,1.1335256,1.4657196,-1.5014688,1.0372413,0.85460216,0.7770132,0.444665,-0.73217183,0.084652856,-0.9983803,0.88550335,0.012014011,1.0578773,1.2138572,1.5424712,0.22832975,-0.6562433,1.4093108,0.912578,0.90160364,0.98625416,1.3704057,1.5631486,1.7048064,1.6932181,1.1532035,1.1735724,-0.17215411,0.33030534,1.2280743,0.7335478,1.1906167
-0.2555038,0.9353442,1.107788,0.6929102,0.47371906,-1.3462697,2.1246166,-0.13603488,1.4723197,0.47274095,1.4183605,1.631465,1.8914005,1.7245061,-0.43286225,1.1371158,1.6436732,1.7844989,1.765152,1.496428,1.6806276,1.8298415,1.6235319,2.004357,1.3732059,0.21415411,0.45029822,1.0772916,0.4097912,1.4745803,-1.5502698,0.9138025,0.2866612,0.9550598,0.5121456,-1.0696796,-0.07612663,-1.328662,1.3257401,0.061622493,0.91810596,1.3926994,1.5670024,-0.41400984,-0.6928089,1.4790413,1.1979672,0.30712786,0.3682398,1.330861,1.4365442,1.5224402,1.4477305,1.3176663,1.2472203,-0.36630008,-0.9379505,1.1386889,0.8420933,0.53906935
-1.216472,0.9049135,0.7803466,0.7584135,0.48458457,0.4447579,2.173073,0.34353667,1.1327102,-0.41146934,1.2970885,1.7664878,2.0131743,2.3424153,-0.34846532,1.223665,1.4523308,1.678587,1.5491906,1.4487625,1.9077514,2.32054,2.1840768,1.7156874,1.277644,0.63928854,-0.013302929,0.7816507,0.8679138,1.5293051,-1.3854507,0.97014225,0.8422623,0.5145619,0.58476716,-0.689471,0.075566866,-1.1891251,0.8753736,-0.20672359,0.6444833,1.2394218,1.4024717,0.508113,-0.16400443,1.1560813,1.0784577,0.9421437,1.0968066,1.3246237,1.4598291,1.4628382,1.5304122,1.2402687,1.1708747,-0.17965072,-0.0066432506,0.88540196,0.5730741,1.1422284
-2.028093,0.2952421,0.18840311,0.46970266,0.47824636,-1.0921837,1.0884342,-0.97476363,1.4062434,-0.8187699,1.3678956,1.7429031,2.0830884,1.1479697,-0.83981454,1.2812518,1.0104048,0.5854419,0.6595594,1.3258115,1.5426539,2.622265,2.6516633,1.6255904,1.4369446,0.43644753,-0.5834035,0.9641415,0.7704156,0.65824544,-1.3397381,0.8538292,0.023443129,0.84116006,0.5723674,-1.0222509,-0.7181286,-1.6175916,1.247647,-0.23416981,0.73306155,1.0991712,1.450456,-0.77855515,-0.57273537,1.327006,1.0961869,0.19436957,0.1782246,1.1154107,1.3059638,1.2166067,1.2582465,1.2727274,1.2064589,-0.8751267,-0.6379431,0.8703684,0.5758321,0.3492603
-0.5522599,0.6958094,0.5548161,0.6769232,0.48232093,0.1920285,1.5826169,-1.8517995,0.9596827,0.41758212,1.1409456,1.8626423,2.3936741,1.3346868,-0.051008206,1.3186852,1.0970879,0.9721453,0.8415408,1.3652194,1.9199528,2.550602,2.5486279,1.5646913,1.0016979,1.1114385,-0.6072802,1.1215523,0.89422417,0.83945245,-1.4947454,1.0233246,1.0339788,0.69925714,0.6145585,-0.68700904,-0.12117482,-1.2246946,0.89018226,0.09591281,0.96928275,1.3209925,1.7728347,-0.031319667,-0.05869402,1.0605967,1.2914952,1.0812421,1.0639218,1.2599791,1.4748503,1.5556116,1.4801385,1.3648067,1.162482,-0.29672906,-0.08725322,0.94405806,0.77754366,1.1733696
1.0791886,0.7894824,0.897054,0.36547813,0.49137554,2.9906828,2.2858307,2.19018,1.1743295,1.4326854,1.5544977,1.6544993,1.3858851,2.5194569,-0.06731693,1.1614218,1.7162462,1.8215055,1.8085324,1.5851475,1.8120799,2.871309,2.7552679,1.4953544,1.4370447,1.2842275,0.24788995,1.5421696,1.9552631,1.7028562,-1.1399409,1.1772912,1.4254414,0.38635725,0.71651274,0.2004928,0.20134631,-0.4489206,0.7864967,0.64540046,0.79387605,1.0227745,1.1505398,1.2245942,0.50847954,0.92780447,1.2122574,1.5448021,1.7800283,1.1323411,0.9694467,1.0746226,1.1218184,1.2275741,0.91845816,-0.36048648,0.7188271,0.8790393,0.93706167,1.7075753
1.7061319,1.6168574,0.854053,-0.15225786,0.49545008,1.5223304,1.840055,3.0554278,1.1084895,1.2029907,1.0883338,2.4179654,0.46658266,2.2606552,0.85112494,0.6562141,1.2212474,1.5966197,1.934749,1.0389907,0.5160252,1.029319,0.9365257,2.5442646,0.4450989,1.7201116,2.090784,1.6192014,1.1530597,1.6664548,0.55629504,1.0395069,1.1606266,-0.72220564,0.8440466,0.6439609,0.1380853,-0.03152767,0.26176775,0.657323,0.8462294,1.0275035,0.5131175,2.0470223,0.0593457,0.4764275,1.1070019,1.3189183,1.5785323,0.38966334,-0.04780086,-0.410961,-0.20138112,1.7796273,0.6588408,-0.03364542,1.7042749,0.737005,0.9654696,1.5060521
-0.015135078,1.4725959,0.46986315,0.6924542,0.49499735,2.070385,0.576505,-0.9535288,0.25053218,1.1601526,1.2397001,1.9677807,1.5249559,2.6273062,1.5801141,1.050968,1.7721227,1.3680339,1.8396033,0.855614,0.21517885,-1.0922391,-1.03855,2.810574,0.54795766,1.1896611,0.49050823,2.1489484,1.4633508,1.6412005,1.0737948,0.7498996,1.2828808,-0.824466,0.7913678,0.84995353,0.34748578,0.26078674,-0.051613055,0.7217598,0.58924145,0.44533253,-0.053186476,2.4217203,0.43774238,0.16454503,0.7106866,1.2757062,1.4756914,0.059982482,-0.2056062,-0.5859387,-0.5186974,1.2044817,0.3329107,0.42482063,1.0695664,0.4593976,0.70917517,1.3789314
-0.23332016,1.2251529,0.8824122,0.41676775,0.492281,-1.0618312,0.4110932,-1.0786637,1.2680142,-0.27370742,1.254534,1.6705277,2.418401,2.0816274,-0.028086426,1.1141154,1.6503704,1.7147931,2.0015006,1.6524299,1.8991451,2.320103,2.2758446,2.1197944,1.287347,0.56135404,2.2223594,1.0443666,0.41486782,1.7395504,-0.4742188,1.3082535,1.5049132,0.30624744,0.8143322,-0.32595715,0.37837645,-0.88899606,0.8156521,0.5650956,1.0856221,1.1189364,1.3602269,1.109946,0.33759487,0.9269597,1.1148484,1.6738648,1.7598864,1.1344714,1.3740983,1.1386082,1.1887859,1.6019287,0.99834687,0.114528984,0.57994115,1.0613871,0.96491194,1.8545669
0.86531556,1.2257835,0.8368229,0.16775799,0.49318644,0.7964445,1.4569564,1.0779458,0.939292,-0.38414264,1.3725629,1.6960016,1.7015467,1.7186536,0.09736167,1.4094111,1.5042741,1.9234006,1.7195933,1.5027252,1.6989539,2.6690154,2.5941942,1.6302322,1.3288658,0.83698416,2.2243137,1.28768,0.9530335,1.6593338,-0.79889846,1.1803452,1.4537891,0.4192214,0.5594223,0.44148886,0.63948053,-0.084840454,0.66379446,0.9224689,1.0598687,1.1340284,0.9962913,2.038483,0.3601667,0.9140775,0.98185045,1.7412323,1.7423878,1.1730001,1.0991124,0.90550965,0.81315964,1.2876294,0.9055676,0.15228176,1.4630275,0.8743741,1.092509,1.7933613
-1.9048388,0.75675726,-0.479178,-0.39173338,0.4877537,-0.30945063,0.2785509,-1.8289385,1.2211682,-0.86363566,0.71408725,1.7062434,1.9887464,1.5235224,-0.20616147,1.3279734,1.5885237,0.10019063,0.060406927,1.3974853,1.9595708,2.6180499,2.3489182,1.4781173,1.8348404,0.7702222,-0.9657477,1.3812401,0.636005,0.22069061,-1.3591042,1.1559532,0.9890129,0.36169672,0.6470124,-0.9315735,0.08346875,-1.3067678,0.6930652,-0.4172586,0.71451837,1.0189763,1.279263,0.11999635,-0.48311618,1.3158277,1.146325,0.93373394,0.95681053,1.2463602,1.4909892,1.7516335,1.663642,0.9969855,1.1284901,-0.2733668,-0.12386734,0.79521066,0.31108788,1.0920807
-1.8705722,1.2702127,-0.6508976,0.9814907,0.49182826,1.4400055,0.22868523,-1.304609,1.3155757,-1.0060652,1.3549871,1.188108,2.2398732,2.1236184,-0.021403162,1.5637834,1.4637915,-0.39738166,-0.334609,1.2236304,1.1098837,2.2794168,1.7654114,1.0545266,1.2598503,1.1540256,-0.61402345,0.57068396,0.90446633,-0.44849685,-0.9939065,0.5572943,0.23578395,1.0353972,0.4086445,-0.8990029,-0.6049743,-1.2442874,1.463721,0.1561166,0.6755547,0.8763335,0.37797844,-0.05627948,-0.40562832,1.0770862,0.98073447,0.053966817,0.06312059,0.9172986,0.47133094,0.680737,0.5060033,0.9749251,0.99693066,-0.4881361,-0.58287746,0.44485548,0.7182797,0.1553873
-1.8706776,1.1062932,-0.66138047,0.47828105,0.49092278,-0.3742984,-0.26493493,-1.8039914,1.6348403,-0.164901,1.2326008,2.2925897,1.8441443,1.225679,-1.19683,1.5334152,1.8293566,-0.37187034,-0.6653742,0.9911579,0.911872,2.281115,1.554055,1.1422776,1.5052377,0.59186834,-0.7275084,1.1583538,0.74308306,-0.35499945,-1.5966066,1.2047942,0.74405795,0.6114297,0.5783121,-1.3006204,-0.2542572,-1.3024862,1.0187119,-0.32242197,0.64707613,1.0834796,1.0618594,0.048045836,-0.46921602,1.3310772,0.828431,0.6972861,0.8539366,1.2604494,1.16354,1.440246,1.3358879,0.967982,1.1077327,-0.36900887,-0.32108843,0.6538898,0.45722407,0.8564118
-1.9366803,1.0015693,-0.087558225,0.54515,0.492281,0.6771153,0.05518297,-1.8582319,1.4997493,-1.1803266,1.3053578,2.0156136,2.1995761,1.7750082,-0.8662138,1.2166076,0.89276826,-0.018098226,-0.47548997,1.1848987,0.85314775,2.0869303,1.7076772,0.7373411,0.6699785,0.80635536,-0.4683495,1.1625527,0.8011769,-0.21968769,-1.3282905,0.81737566,0.8685963,0.36658198,0.61317724,-0.49547547,0.26464605,-1.0387001,0.536075,-0.5729223,0.6540296,1.1687381,0.9781418,0.16813418,-0.3745493,1.0199956,0.6340313,0.9222142,0.89968777,1.014495,1.1258569,0.89402884,0.79043126,0.9998371,0.94473,-0.17679052,0.044190332,0.9485439,0.16313548,1.0085824
-1.9444826,1.278733,0.13080138,-0.031705838,0.4940919,0.7167073,1.3351161,-1.8634473,1.2109789,-1.2246711,1.3186733,1.8269603,2.534123,1.9501657,-1.87911,1.4661648,2.4396172,-0.18851589,0.09507804,1.2831188,1.7299404,2.1906033,2.118781,0.63750184,1.5396624,1.2609646,-0.5969893,1.0029149,0.8726455,-0.22187659,-1.3225126,1.0318779,0.8364019,0.5877204,0.4549517,-0.43714052,0.40892386,-0.7841531,0.8890831,-0.16854748,0.7949372,0.97675645,1.0857823,0.4828713,-0.40385726,1.2070752,0.8063709,0.8425635,0.94681656,1.1108303,1.0786786,1.2117205,1.064648,1.0376843,1.0548295,0.04838413,0.039906874,0.9781704,0.528062,0.9913995
-0.99792403,0.7114515,-0.525614,1.1465257,0.49047005,0.9449657,0.6233517,0.54107857,1.622684,-0.9469537,1.1694255,1.4546674,2.2623854,1.577675,-0.87688917,1.5493237,2.0355105,-0.19835897,-0.504507,1.2065476,1.3704308,2.113298,2.1228795,0.8597749,1.4109595,0.96252537,-0.0016144133,1.3324907,0.015784733,-0.43911457,-1.1105679,0.8664907,0.944329,0.39439073,0.56386894,-0.5192592,0.59191346,-0.80891675,0.6244981,-0.124212876,0.77230376,1.0206163,0.76508915,0.695942,-0.03931526,1.0444177,0.42518175,1.106918,1.149494,1.0667548,1.1442919,1.3268425,1.1625142,0.99683577,1.0993998,0.39823672,0.23624665,1.0249078,0.55239457,1.1449635
-1.8207011,1.716307,0.4246775,0.5531668,0.49047005,0.9114527,-0.6565836,-1.1495742,1.1655825,-1.4048193,1.4412521,1.7744732,1.1804119,2.2004561,-1.9242327,1.1326733,1.5447195,0.5781541,0.7902465,1.1145898,1.1815796,1.7010915,1.4457116,1.0039968,1.2797248,0.6450536,-0.8158876,1.5810343,0.8693671,0.7988031,-1.0485386,0.7768266,0.77012396,-0.07161862,0.58394176,-0.3145248,0.45054287,-0.7043001,0.028761104,-0.79628354,0.35888284,0.75496644,0.7048996,0.51529354,-0.54789376,0.7244842,0.26879644,0.8084731,0.91356826,0.5957104,0.7559562,0.56752104,0.39596146,0.66671515,0.7992105,0.30182275,0.4395112,0.7242386,-0.066018,1.060712
-1.9148551,1.145578,-6.565465e-06,0.54039496,0.49092278,0.3153141,0.0446443,-1.3363998,1.5060561,-0.8011175,1.3211817,2.1707115,1.6235722,1.9120834,-0.46228227,1.2496619,1.9954705,-0.06061195,-0.091281965,0.98956436,1.0896571,1.7680279,1.4257803,1.2079873,0.9516815,1.0569261,-0.705283,1.1763247,0.9450725,0.01709169,-1.2958046,0.76984817,0.5582194,0.9769946,0.5153413,-0.7901987,-0.03174321,-1.1624463,1.1240052,0.14848429,0.7933929,0.9997896,0.9924985,0.07945034,0.065894455,0.8754864,0.6834508,0.55894464,0.56247485,0.919626,0.7432454,0.82615846,0.7048925,0.9670741,0.94361943,-0.49053907,-0.38438788,0.9052959,0.7726662,0.7016569
-1.0939332,0.8329553,0.9921101,0.492501,0.4940919,0.26347387,0.60602313,-1.1934384,1.0559247,-0.45474637,0.83853316,0.43386018,1.328284,1.8246721,0.3680557,0.5085394,0.35584772,1.3126915,0.8327346,0.8118259,1.3053846,1.5304766,1.2184204,1.5205084,0.49956313,1.0579003,-0.23863971,0.5662201,-0.16574539,0.9977495,-0.63550586,0.7099946,1.304388,0.68582934,0.6782158,-0.15329035,0.2735872,-0.53880495,0.2687373,-0.09408694,0.586213,0.296097,0.36687154,0.46515423,0.73044914,0.3189118,0.49228054,1.353663,1.4240199,0.59368765,0.31852198,0.1589708,0.18614818,0.61297554,0.17580083,-0.2928012,0.895269,0.33496544,0.1429912,1.4823618
-1.038059,1.4463983,0.7579283,0.38171008,0.49182826,0.040594354,0.6742621,-1.7928652,0.73610395,-0.89009255,0.8812872,0.8087596,2.074726,2.3335357,-0.37028855,0.88700724,1.3673937,1.2201067,1.3976481,1.459175,1.7701068,1.6885136,1.5312564,1.350434,1.8062553,0.71032345,1.4958103,1.1053283,0.3119456,1.578923,-1.3927537,1.1253473,1.369101,0.5081279,0.70411986,-0.66257864,0.14897242,-1.3864697,0.54791766,-0.61808705,0.69110173,0.8465523,0.97234625,0.7428484,0.04048813,1.03908,0.5459122,1.5165405,1.7176622,1.03975,1.0893891,0.82773745,0.8117053,1.0864154,1.0501754,-0.1385859,1.5388048,0.90122753,0.22837064,1.7611477
-1.0934131,1.3697616,0.69143844,0.1633112,0.49318644,-0.823418,0.5089223,-1.8172908,0.92703724,-1.4580394,0.9079773,0.78842884,0.7971268,1.6114653,-1.1299034,1.1682119,0.87649876,1.0231476,1.1492331,1.0892005,1.4770656,1.8059645,1.5651574,1.1666775,1.0488644,1.4685571,2.944968,1.1257133,0.8333474,1.151525,-1.2431169,0.9079445,0.99754655,0.39048922,0.46878886,-1.0278463,0.30343884,-0.86530566,0.5184995,-0.5050717,0.8573546,0.7046406,0.994563,0.1755231,-0.60868573,1.1004176,0.739267,1.2346841,1.300985,1.0544884,1.124177,1.0468907,0.9030477,0.99314225,1.0182784,0.06710457,1.4343883,0.8951531,0.4228614,1.3190747
-1.9372076,1.0319686,0.66836476,0.4595051,0.49273372,-1.213643,-0.061689734,-1.361565,1.4141245,-0.4931893,0.9247897,0.96798074,2.692342,1.3751011,-1.7190231,1.3353872,0.7107138,0.57800055,0.74936986,1.1265504,1.7324582,1.9107797,1.5630697,1.0171815,1.2123604,1.1551816,1.3093102,1.0891867,0.934153,0.68215096,-1.0203644,0.8045955,0.85813373,0.3717916,0.56700265,-0.5502662,0.35284382,-0.9299984,0.815605,0.07741528,0.80388856,1.1754696,1.2706938,0.30957848,-0.26499435,1.1887754,0.86758757,0.9383787,0.8440267,1.1856732,1.4023377,1.5721847,1.4228383,1.1654514,1.3485072,-0.09604692,-0.13660318,0.83811176,0.64466935,1.005915
-1.8386252,1.0647236,0.41803154,0.9547819,0.48911187,-0.8603788,-0.0071928226,0.582709,1.750213,-0.98402005,1.0846536,1.9243747,1.567283,0.6386989,-0.050183505,1.3833424,1.2561613,0.58607316,0.28218475,1.2891661,0.7138238,1.7834859,1.4812361,1.4886193,1.3030555,1.2727052,-0.9374732,0.35178706,0.77702075,0.34082532,-1.1886775,0.9008373,0.3116423,0.85418046,0.5764289,-0.86361766,0.043259904,-1.0949893,1.0166366,-0.17797747,0.66339064,0.9469803,0.388755,-0.037046153,-0.12080231,1.0091541,0.5455129,0.36620808,0.42053026,0.8717072,0.3763054,0.30864632,0.16171747,0.7903126,0.8099586,-0.23245879,-0.16520172,0.72095156,0.32521233,0.43848497
-1.896193,1.1031164,0.05739012,0.6827756,0.48911187,-0.28455448,-0.12625235,1.4840572,1.259678,-0.49798316,1.0636263,1.6772609,1.8919643,1.649572,-1.474199,1.2968981,1.682242,-0.022298114,0.21470691,1.1654402,1.453573,1.6841898,1.7818255,1.5225943,1.4903085,1.0947764,-0.99280375,0.59954315,1.19898,0.07641777,-1.3973244,0.675618,0.4415055,0.3717485,0.5669049,-0.6936427,-0.020280607,-1.1161064,0.54883814,-0.54301304,0.49781117,0.8729931,1.1891724,0.22936279,-0.6648314,1.160492,0.5258072,0.3278838,0.5405845,0.9362592,1.1226856,1.028213,0.8503808,1.0148703,0.91943437,-0.25453693,-0.42539388,1.2228724,0.29954398,0.72955465
-1.7517462,1.8370038,0.7611637,0.3877383,0.49092278,0.7326823,-0.20879084,-1.2631879,1.5108739,-0.8403723,1.1922985,1.8025643,1.4801798,2.3510184,0.49592543,1.1449275,1.2983006,1.1263134,1.3575803,1.061647,1.1790416,0.99405366,0.60823745,1.2180266,0.8850491,0.7928692,1.6761065,0.9802218,0.22466713,1.0078082,-1.5613985,0.91829294,0.51271254,0.1767658,0.62599427,-1.0459603,-0.37090766,-1.3788066,0.44389936,-1.2129285,0.2691343,0.7711284,1.3007014,0.0035827365,-0.94810736,1.1750107,0.6471588,0.3129618,0.7702435,1.0088449,1.2597855,1.1162578,1.1582183,0.71685255,0.69849783,-0.46257216,0.32000855,0.6997253,-0.11395802,0.7898524
-0.8128533,1.3568339,0.864538,0.8223407,0.48911187,-0.003979257,0.51007867,-1.685862,1.4382131,-1.0465889,1.424698,1.0945832,1.795963,2.0001168,0.34262714,1.1372739,1.5130657,1.0016459,1.3731453,1.3206728,2.0636506,1.1250023,1.027798,0.7201555,1.4402816,1.127013,-0.3666426,0.637171,0.83438563,1.087901,-1.0810761,0.76414394,0.7172359,0.49896833,0.54810184,-0.707388,-0.11857591,-1.1842797,0.55519223,-0.6197925,0.3791745,0.71002984,0.679356,0.10239316,-0.12797941,0.87683344,0.6431381,0.6610725,0.7970767,0.90525776,0.77257675,0.9242438,0.84198415,0.8168755,0.77436835,-0.32888204,-0.1015781,0.33543998,-0.053938914,0.8475553
-1.7131568,1.645535,0.8147706,1.2431132,0.49454463,2.1581922,0.66594434,-0.34619868,1.4632636,-0.5541677,1.2456245,0.5222766,0.84889823,2.35359,0.8497319,0.64956653,0.8903186,1.6112907,1.9189843,1.2407951,1.1990129,2.183859,2.2126236,1.6034868,1.1291515,1.5410483,-0.04559464,1.1417294,0.592349,1.6306989,-1.1803643,1.1261889,0.9709672,0.44523486,0.6293024,-0.5960284,0.22245297,-0.88013095,0.32785642,-0.71305174,0.44081682,0.8454752,0.7069458,0.6852599,-0.04203111,0.72216976,0.47917342,1.0680771,1.2824476,0.7716623,0.6732968,0.7246627,0.7378496,0.7221996,0.7261324,-0.14739212,0.541557,0.46234682,-0.10360687,1.1827339
-1.665289,0.056687433,0.34246203,0.5265127,0.49001732,0.49897283,0.5088133,0.921075,1.124455,-0.582996,1.3494985,1.8829013,1.0610172,1.7182789,-1.2120812,1.3032336,1.9557377,0.64379793,0.7405733,1.3105292,1.0664653,1.4448957,1.690236,1.7742009,0.52977693,1.0973881,-0.28015622,1.5840499,0.92671466,0.7189902,-0.9210279,0.8989434,0.50415397,0.7953921,0.58443093,-0.3679872,0.14507793,-0.5232915,0.992677,-0.32195652,0.6728166,0.8860781,0.19781996,0.4849328,-0.24821205,1.0319493,0.60128015,0.3040109,0.5648801,0.9691814,0.31138772,0.41236782,0.32439047,0.7813281,0.68352926,-0.30601847,-0.036689572,0.6256522,0.21619911,0.5152524
-1.7881216,1.7221119,0.65949506,-0.3782194,0.49001732,-0.75290483,0.16004108,-1.3163252,1.1592011,-1.3225793,0.22116259,2.2104175,2.016293,1.9116547,-0.122190304,0.8439622,1.531657,0.2593628,1.2501835,1.2254657,1.671757,1.3970044,0.8287903,1.6776172,1.017737,0.49810067,-1.6396117,1.1384045,0.52638996,1.1381116,-1.2951523,1.0657773,0.5074929,0.71725535,0.48554248,-0.63656276,-0.013642646,-1.079279,0.6983521,-0.60123676,0.5574439,0.6870552,0.7420915,0.083362594,0.048621498,0.8823131,0.8905379,0.51151156,0.62805766,0.8338312,0.7750553,0.74784875,0.64116895,0.7904919,0.7221217,-0.35674927,-0.10532703,0.6411478,0.022093385,0.70689934
-1.9555533,1.8691831,1.1024531,0.19756448,0.48865914,0.9728999,0.7481247,1.0651199,0.9017101,0.16761449,1.2393786,1.2708342,2.0595336,2.34092,0.6532333,1.3013649,1.7301708,1.4779752,1.592375,1.3558313,1.7795513,2.3167717,2.2707858,1.1789947,1.6492106,1.0564454,0.16389608,0.99995923,1.191311,1.5151384,-1.3871887,1.1134286,0.58023703,0.68519926,0.46725863,-0.32108733,0.20194307,-0.6318794,0.80270773,-0.31853506,0.79665613,0.92454696,1.0666002,0.61613286,-0.49681404,1.144989,0.9096452,0.5617823,0.8619738,1.1503493,1.0131421,1.2472746,1.1693391,1.042337,0.91578203,-0.2391342,-0.29343787,0.93509424,0.2846347,0.88304627
-0.6389902,1.5448316,1.0940691,0.3614359,0.48865914,-0.7887253,-0.008836701,-0.98121345,1.1704723,-0.19021599,1.1688647,1.3065875,2.7302468,1.8087163,-0.5405099,1.0270176,1.5357625,1.1859599,1.4495014,1.5571936,2.05302,1.5182856,1.8842076,1.5881284,0.88652575,1.0351257,-0.8269259,0.53466564,1.0628358,1.5662546,-1.0421844,1.0893675,1.1112067,0.66887534,0.5071982,-0.50051874,0.26129454,-1.1223885,0.7115176,-0.019743267,0.788061,1.1413928,1.1776079,0.7020382,0.07242054,1.2164962,1.099575,1.2578748,1.3522633,1.3348888,1.1577965,1.3569219,1.390593,1.1299407,1.0711278,-0.24565227,0.17753214,0.7561133,0.37999377,1.4360175
-0.031678658,1.7551427,0.76071274,0.61608166,0.48730096,2.267366,0.4474156,-1.096655,1.2491086,-0.7255954,1.1965625,1.360926,2.7146144,1.679259,1.1615405,1.0489453,1.3389102,1.221807,1.4530355,1.5990072,2.0332303,1.0952164,1.1082923,1.9756732,1.041289,0.8872249,-0.0875464,1.9108585,0.9078372,1.4655299,-0.93052804,0.90109587,0.69939244,0.8140831,0.31819826,-0.5864696,0.18222257,-0.9654063,0.6857437,-0.5704001,0.50371444,0.563939,1.145614,0.47429544,0.100319505,0.79396313,0.4871835,0.88583267,1.1191971,1.0202172,0.9400606,1.0806305,1.0337243,0.87458044,0.7516768,-0.29878372,0.5685387,0.5845199,0.08807763,1.0418669
-1.8248131,1.2767444,0.8722382,0.3903852,0.48684824,0.06978105,-0.13844235,-1.1572193,1.5301952,0.8280224,1.3213547,1.3237323,1.4607062,2.1040459,0.2070783,1.1841129,1.554191,1.3262475,1.5719051,1.5190191,1.8725067,2.3990192,2.3933299,1.7124897,1.0522144,0.60780585,-0.40724924,0.3702512,1.1157835,1.701155,-0.9870938,0.97740245,0.69972587,0.7951778,0.44341904,-0.622338,0.4759688,-0.9233772,0.63601226,0.1319158,0.90411574,0.6792561,1.0427958,-0.26847532,0.6278239,0.9005394,0.77155876,1.0138316,0.85036325,1.0508181,1.0078061,1.2095598,1.2086018,1.2182256,0.8766264,0.12297264,-0.33590016,0.82033134,0.63996583,0.97162956
-0.09215536,0.903531,0.112105966,0.68928546,0.48639548,0.6757863,0.1902939,-0.12553743,1.5611616,0.18594179,1.3467283,1.2913083,1.7710301,1.1718502,0.9380978,1.1760287,0.7872552,1.1147418,0.36124426,1.4180115,1.7206868,2.4006898,2.2587297,1.5963682,1.2810309,-0.15605369,-0.5564661,1.2026423,1.2053833,0.46332625,-1.8197806,0.778764,-0.1300684,1.1126045,0.5069565,-1.2844435,-0.24589944,-1.8494571,1.395861,-0.23438089,0.910982,1.0653712,1.7797478,-1.0671828,-0.88848925,1.3297861,0.73080933,-0.014091532,-0.0567461,1.1805023,1.6757942,1.5892682,1.408784,1.4581865,1.4698998,-0.7279835,-1.1090989,1.3700494,0.86775714,0.1940542
-1.5439785,1.2137954,1.1275973,0.74343306,0.48684824,1.5480528,2.2499294,-1.5332696,1.2960408,1.5346677,1.870198,1.5383524,1.4650848,1.6487424,0.4393831,0.98169136,1.841102,1.572332,1.5497241,1.3673992,1.4780266,1.4456869,1.1174387,1.7632693,1.7942272,0.32652166,2.2596297,1.7607005,1.312163,1.5252751,-1.1106188,0.7450616,0.88245153,0.36425704,0.5969544,0.11190945,0.28624982,-0.55796164,0.65908396,0.52876735,0.81473583,0.9822858,1.0535085,0.8319645,-0.28468314,1.0377802,0.93153185,0.9457518,1.1850657,1.091371,0.95151234,0.9677142,0.87384397,1.050104,0.8414848,-0.3394871,0.7846531,1.0580171,0.85239446,1.3212279
-0.5999569,1.2768711,0.8783743,0.50881654,0.4850373,2.0721169,2.332081,0.30621004,0.9133629,1.507744,1.1193669,1.0828127,-0.07556533,1.7666392,0.09300585,0.7577255,1.2400872,1.7418094,1.6315675,1.4726318,1.386822,1.530706,1.3023212,1.9033686,1.0822892,0.5604451,1.2802513,1.6350965,1.3539493,1.5450393,-1.1686013,0.9427814,0.69857705,0.87707436,0.5517043,-0.81666774,0.026787238,-0.89364177,0.98316497,0.21236958,0.7973252,1.068879,1.3477825,0.096577056,0.14798553,0.9323868,0.64027727,0.85955125,0.9068881,1.2108598,1.0553927,0.9235016,0.966271,1.1713063,1.0335116,-0.15056153,0.2084775,0.8716665,0.6347667,1.04666
-0.3915499,1.520392,0.7123498,0.6604197,0.48141545,0.2935526,2.1333656,1.7306787,1.1233704,0.43264592,1.4747069,1.941468,2.000984,1.7719485,-0.074742876,0.92947483,1.2243855,1.5706828,1.56125,1.5104573,1.5895694,2.3060567,2.2455924,1.7018183,1.0593219,0.008781669,-0.23488222,1.6474771,0.9967273,1.2770846,-1.2916412,0.73066276,0.650456,0.60126543,0.588066,-0.4126369,0.1067252,-1.0902433,0.7649538,0.021686135,0.7527712,0.98908633,1.5972842,0.115196764,-0.3518629,0.96602774,0.8791385,0.86691207,0.9384749,1.1377838,1.3214443,1.4030843,1.3569356,1.2502931,1.0182314,-0.31351873,0.39461434,0.8647686,0.6126492,1.0067575
0.6016716,1.0589173,0.8432467,0.32851988,0.49273372,1.1228303,2.482069,2.788842,1.210264,0.3114907,1.6251647,1.547592,1.1629227,1.930717,-0.24681644,0.8633661,0.80115885,1.8505254,1.9157304,1.459792,1.9096969,2.3260324,2.0137393,1.3897549,0.7312891,0.87624955,2.5501435,1.6118356,0.7908941,1.6060313,-0.19081241,0.945759,1.1655167,0.106400765,0.69411165,0.1377829,0.39488542,0.21214588,0.22189568,0.49364704,0.8257796,0.8220142,0.7785381,1.2267592,0.64856267,0.29185978,0.7874246,1.6034935,1.6653609,0.44012702,0.4089214,0.37806785,0.47428027,0.94813,0.57061577,-0.03587399,1.7173039,0.547102,0.6879593,1.5332057
-1.0157409,1.398168,1.1229143,0.07757351,0.48730096,2.194961,2.274922,0.03400509,0.62911755,0.45998657,1.5117505,0.9446641,1.9125044,2.9000726,0.10920958,1.0472363,2.3409085,1.6737788,1.5593054,1.4228767,1.5061783,2.0747912,1.9471047,1.5875674,1.0082884,0.56531864,2.1590564,0.52324027,1.4539963,1.5245881,-1.3189247,1.0628318,0.84661037,0.7115253,0.59974736,-0.6233032,-0.14826152,-1.0649849,0.8696114,-0.29267108,0.8527523,1.0183017,1.0241022,0.27534768,-0.07772829,0.82648396,0.66025215,0.88715017,1.0227293,0.89036626,0.8019939,0.7155439,0.80400616,1.0386186,0.9516831,-0.11340807,0.22393987,0.7067389,0.49342886,1.1434734
0.19679213,0.70868605,0.9153358,0.66998386,0.48232093,2.95067,1.5857223,0.7639676,1.1550791,0.6149931,1.1777319,1.4249104,1.1815931,1.1677471,-0.34879604,1.099457,1.7866372,1.3874823,1.2413919,1.294109,1.3950827,1.6857642,1.4033172,1.3683977,1.540852,0.9680255,0.5859544,1.4378042,0.9464282,1.347792,-0.90259695,0.7242291,1.0349677,0.43767387,0.5940096,0.009929284,0.092249066,-0.3821286,0.7040915,0.592426,0.75057745,0.9817448,0.8626043,0.8108527,0.025472222,0.84166116,0.8611273,1.0077217,1.2946469,1.0014098,0.8436242,0.86252713,0.882714,1.0334313,0.826342,0.055746228,0.40753874,1.0088195,0.93187815,1.3433867
3.871794,1.1240181,1.0201923,0.5616899,0.49590284,2.1333048,0.8751987,2.3321373,0.58312166,1.3536685,1.6947509,1.7087741,0.46250817,2.460417,1.0112456,0.8680177,2.2522826,1.7944312,2.131039,0.88910663,-0.5424663,0.5535653,0.7409857,2.1821008,0.78000575,1.4210407,0.35679412,2.047578,1.5674636,1.7540115,0.5755961,1.0266858,1.5494952,-0.34940174,0.8051524,1.2034835,0.6567773,0.5825018,0.1764854,1.5787708,0.8111734,0.9172895,-0.006350849,2.3043957,0.9268204,0.26626712,1.2828481,1.6643429,1.9557216,0.22474848,-0.10829123,-0.58522487,-0.4575146,1.0951511,0.19733739,0.30264333,1.6948615,0.57150537,1.3998533,1.7636642
0.09816381,1.1470277,1.0709709,0.43047276,0.49454463,2.2559443,0.8755379,0.6593977,1.2200472,0.4126826,1.5139422,0.8648614,2.1745744,1.8958706,0.36069804,0.9371361,1.5663583,1.4593831,1.9103054,1.1336753,1.1354074,-1.1328572,-1.1106458,2.7202263,0.12178405,1.3535919,1.9089359,1.4547148,-0.22208287,1.7237978,0.6548111,0.82621187,1.2445515,-0.46840218,0.73215544,0.9935157,0.20877,0.18178225,0.36729097,1.322693,0.79098403,0.86975634,0.30461803,1.9553734,0.5224668,0.25887686,1.0578072,1.2105014,1.5274533,0.38585916,-0.050096296,-0.41165927,-0.26231402,1.488795,0.36131823,-0.22436948,0.8653889,0.8500808,1.3108699,1.4570559
0.8565011,1.6268476,0.64109147,-0.090595394,0.49499735,3.1031814,0.73477244,-0.9928698,1.168791,0.8237297,1.2366531,1.4230536,1.890687,2.0495152,0.47402647,0.87132794,2.9243813,0.97071683,2.1087906,0.71505874,1.2824403,0.04253123,-0.61273116,2.7002747,1.0737813,1.1548887,-0.14130141,2.056053,0.84639555,1.7834489,0.31827784,0.832874,1.3388869,-0.40592858,0.83121544,0.615214,0.37075105,0.30701527,0.43300733,0.66665107,0.61014766,0.5664477,0.8216433,1.7630998,-0.2147889,0.5214727,0.65923446,1.089495,1.5061201,0.28097588,0.12083629,-0.0015660834,0.07918106,1.2958925,0.43094823,0.06335063,0.25408292,0.832068,0.9452538,1.3934116
0.8284494,0.81366694,1.4365145,-0.8414235,0.49590284,-0.47976223,1.7599902,0.45461142,0.21710648,-0.017278703,0.91330427,1.9122945,1.4810747,2.5765214,1.0072303,1.1685472,1.1099249,1.4110252,2.083383,0.9839586,0.5268072,-0.31000134,0.06908374,2.1938312,0.94412845,1.1335298,1.616356,0.087171175,-0.42569956,1.7475725,0.1935882,0.8599092,1.2531425,0.038407285,0.39688516,0.27591014,0.01953027,-0.10021438,0.6166504,1.0435294,1.1458635,1.0537068,0.7059468,1.1551242,0.04701279,0.7340635,0.8838084,1.3341477,1.4806671,0.6351418,0.37947953,0.30604383,0.47124538,1.5275786,0.8965996,-0.15258522,0.310201,0.7996879,1.2079521,1.4048717
-0.14234398,0.74739736,0.77036905,-0.08945451,0.4877537,1.566419,1.1924353,0.7716458,1.550497,-0.21512471,0.82919,1.5462596,2.135537,1.6193378,-0.63669217,1.384598,1.8845686,1.2075456,1.2298276,1.3508908,1.8424207,2.466325,2.1876643,1.7536811,1.2520648,0.5203174,0.26542002,1.5957102,0.47619447,1.2514142,-1.2103035,1.0331669,1.2288376,0.30478415,0.63911974,-0.32985312,0.5533173,-0.92144865,0.64408153,-0.20496145,0.58787847,1.0638688,0.985672,0.8373198,-0.4031185,1.219602,0.6313152,1.1367698,1.3406944,1.1288618,1.1861649,1.236975,1.1302172,0.98096466,0.99627215,0.12161243,0.4689687,1.1683041,0.4823436,1.4776511
-1.2489104,1.0009984,0.47689807,-0.05814917,0.48820642,-0.03904497,0.52989036,-1.8783982,1.5925443,-0.8052832,1.1102346,2.263086,1.8059617,1.178979,-0.2701143,1.4708487,0.8608871,0.8446393,0.8367162,1.435545,1.627085,2.768228,2.6590676,1.6292144,1.3026491,0.9046694,-1.9549971,1.8886654,1.1448643,0.5591103,-1.4835876,1.0182923,0.9080557,0.45987687,0.60932595,-0.8623004,0.32431313,-1.1268845,0.8480466,-0.29946995,0.7603085,0.97959936,1.550816,0.31939006,-0.69455665,1.3935486,0.68561405,0.9682671,1.10506,1.4159881,1.6093415,2.2660747,2.0979283,1.1679419,1.2843378,0.08802277,0.07927464,1.1172746,0.55749226,1.181838
-1.9449043,1.4661548,-0.7048439,0.48420736,0.48730096,-0.5099555,-0.33585104,-0.7557232,1.7598876,-1.2491076,0.9222996,2.0007172,1.5262686,1.0199728,-0.31597373,1.3577662,1.0472095,0.32587573,0.06456768,1.4723777,1.9404508,2.4507053,2.3571262,1.1980717,1.7124847,0.6514797,-0.34138682,0.8940729,0.78999907,0.15239592,-1.4441382,0.72306275,0.5843681,0.5545313,0.65971535,-1.0958254,-0.15897316,-1.2145652,0.9541412,-0.3152409,0.6737909,0.7567991,1.2674649,-0.21164939,-0.7028545,1.360923,0.8384279,0.47742403,0.53687316,1.098408,1.4809129,1.567648,1.4258336,1.1036118,1.1511701,-0.23628744,-0.2718049,0.822165,0.48317295,0.7181957
-1.927402,1.4179435,-0.48985648,0.6721567,0.492281,0.44896886,0.44902727,-1.8528426,1.2744013,-0.9674981,1.6048042,1.8803223,1.8526746,2.2938557,-1.0260538,1.3160874,1.2238777,0.32626134,0.08347196,1.2817655,1.4571979,2.8509262,2.4565363,0.6876327,1.3900396,1.0472116,-0.3516643,0.7142803,1.1818326,0.19273983,-1.3010323,1.1567298,0.8723253,0.2313157,0.6192277,-0.7363745,0.011188862,-0.93454486,0.5327577,-0.7511714,0.39225602,0.62428296,0.8978601,0.37121448,-0.66561294,1.2120959,0.67372245,0.77389914,1.0664057,0.98986596,1.1590163,1.2361683,1.1104865,0.6236649,0.77944046,-0.2606365,0.320488,0.77957064,-0.1124203,1.2187893
-2.0003636,1.250775,0.13791211,0.2837312,0.49318644,0.27274665,0.62703866,-1.1970688,1.5199158,-1.4668696,1.3971677,1.5292552,1.5962297,2.1185284,-1.0970808,1.3177379,1.7894052,-0.013764134,-0.27084976,1.3624781,1.800239,2.168527,2.3291068,1.0562569,1.6307758,0.8839095,-0.61477625,1.1760306,0.8181986,0.0016823557,-1.3798593,0.71839947,0.543927,0.8972751,0.6700275,-0.85419804,-0.34776065,-1.3095752,0.93557876,-0.34618038,0.61435914,0.8491472,1.126103,-0.21372592,-0.32819328,1.0254061,0.9280713,0.48765376,0.63940823,1.0355699,1.0925941,1.0163224,1.1184759,0.89726466,1.1046057,-0.5717238,-0.19188604,0.79956245,0.4294027,0.80016834
-1.9900308,0.6713132,0.49772188,0.3330302,0.49182826,0.8683425,-0.30429637,-1.9006507,1.2676097,-0.65457624,1.1331391,1.0951248,1.9006541,2.2787786,-0.419597,1.3366201,1.1501166,0.96363986,0.40051618,1.175299,2.0314524,2.341775,1.9526378,1.1832099,1.4473892,1.0218405,-1.5787745,1.2390782,0.46850058,0.44531757,-1.5231873,1.0626068,0.95799196,0.58555037,0.5637101,-1.0329963,-0.042701706,-1.1894249,0.830564,-0.3502304,0.8318491,0.8875298,1.3058476,0.2529596,-0.36047757,1.2540354,0.85724044,0.9612671,1.0288125,1.1095408,1.3360943,1.5676229,1.4231786,1.0862658,1.2217658,-0.086310156,0.10828498,1.0356995,0.5181366,1.0993974
-1.9132737,1.3908749,-0.38200155,0.8891346,0.48911187,-1.186146,0.37451947,-1.2500999,1.7589996,-1.290267,1.2006569,2.3484006,0.66733587,1.3153929,-1.1322733,1.1193966,1.990191,-0.11072549,-0.5693341,1.1146535,1.1235977,1.9525735,1.7703587,0.73442334,1.1803374,0.77566224,-0.35113946,0.4322981,0.4421143,-0.36141643,-1.29276,0.6961432,-0.21792828,0.5237591,0.45704627,-1.1965549,-0.2278556,-1.4657089,1.1093278,-0.73105365,0.4322518,0.8425837,1.0629172,-0.29721802,-0.8128606,1.1323541,0.30046672,-0.22031079,-0.1284348,0.9476548,1.1384093,1.1125597,0.9320171,0.82270694,1.093125,-0.21342306,-0.80542487,0.78602916,0.16613647,0.014168987
-0.9681077,0.61800563,-0.5114428,0.9020284,0.4940919,2.5162106,-0.0064502256,1.0996234,1.7200221,0.15612334,0.9762554,1.5313104,2.3584387,2.2118843,0.19211455,1.1862364,1.7314099,0.37814558,-0.069423124,1.1938088,1.2167476,0.4874134,0.5856116,0.4727248,1.0365345,1.012442,-0.32040632,1.3642997,1.3913124,0.15135828,-0.91360205,0.848626,0.7394771,0.5436444,0.4549206,-0.6861061,-0.07226587,-0.79632246,0.61544716,-0.31603217,0.7195766,0.824638,0.5580242,0.383428,-0.0271627,0.67257357,0.81935525,0.92352086,0.9208205,0.7890239,0.5449603,0.5844817,0.49295524,0.7499801,0.6248175,-0.1712223,-0.040854502,0.56704307,0.18713264,1.050763
-1.1196457,1.6536698,-0.5351097,1.193652,0.49318644,1.5852469,0.3671805,-1.2013004,1.3027902,-0.836113,1.7647605,0.7298187,1.4033986,1.7745275,-0.5284032,1.3407831,3.0049877,0.17827246,-0.06116453,0.88182354,0.67034316,1.5343803,1.106758,0.8500727,1.2609031,1.1653129,-0.23392904,1.2708148,0.54839814,-0.23873188,-1.1039072,0.8786185,0.35848933,0.69699895,0.5327748,-0.5697719,-0.11194473,-0.7300024,0.6406251,-0.6603934,0.6249011,0.6612232,0.51924783,0.2573057,-0.28385887,0.9981211,0.47501975,0.3009254,0.4345086,0.93074024,0.57081497,0.93526435,1.0041952,0.6050564,0.6262525,-0.11941403,-0.33897507,0.5929108,0.039014943,0.46845105
-0.052313153,0.4986953,0.43772042,0.45770854,0.48911187,-0.2846372,0.13280123,-1.599025,1.1624671,-1.0487924,1.3529625,1.283166,1.5534939,1.3846956,0.03769142,0.9562626,1.1652641,0.21372844,-0.047717325,1.1477169,0.74281496,1.1321814,1.6369518,0.97698677,0.4671127,1.3424232,0.37886646,-0.03396577,0.8354354,-0.049420204,-1.1061041,0.90705323,0.63376266,0.66619897,0.66062635,-0.66612065,-0.06161379,-1.0860826,0.5759907,-0.54689896,0.5474697,0.5640018,0.87076026,0.058574367,0.0877728,0.8695794,0.70178413,0.7691295,0.7920279,0.97706276,0.9809451,0.5620588,0.69680804,0.6616868,0.6659789,-0.14963299,0.2595444,0.50300825,-0.033665393,0.8020147
-1.0430336,1.3969777,0.12766412,1.0295855,0.48865914,0.71842384,0.0554181,-1.8299817,1.2233726,-1.628355,1.4730608,1.3060383,0.42684045,2.5431945,-0.43982327,0.8328404,1.6345404,0.41513973,0.2033708,1.2004333,1.0189874,0.13306306,0.15092197,0.76959777,1.3127686,1.0630778,-0.5660679,1.761787,0.26871547,-0.22322525,-1.5777102,0.7390708,0.2053638,0.5155654,0.6532023,-0.74045235,-0.25976136,-1.0887711,0.82372403,-0.7755039,0.461522,1.1213238,0.9801168,-0.15564907,-1.0197699,1.3085349,0.49486923,-0.021396883,0.19879712,1.0258267,0.9449417,1.0579377,0.89855945,0.97228587,1.0774057,-0.45412388,-0.63112897,0.9049814,0.30680603,0.3678245
-1.5192991,1.5624195,0.68493366,0.3524015,0.49318644,-0.26748854,0.7578159,-1.9161232,1.2313293,-0.49222657,1.4913024,1.2001057,1.7527679,2.6404278,-0.5278764,1.0001845,1.7608823,1.0690929,1.1900415,1.0830181,1.6119207,1.8382001,1.2594671,1.0710866,0.86866343,1.4704466,0.08891766,1.1114286,1.2568963,1.2497708,-1.5239432,0.73464924,0.4199742,0.61145836,0.39286238,-0.9844076,-0.13927868,-1.1171849,0.95725405,-0.36885697,0.7581935,1.1568235,0.99844253,-0.13694689,-0.67005885,1.2278372,0.652731,0.33824137,0.34504813,1.1432611,1.2655021,1.1835706,1.1026185,0.930813,1.2305006,-0.2285173,-0.48918396,1.0974967,0.4801843,0.5715023
-1.8756331,1.5758449,0.7181978,0.9155437,0.49726102,0.032106224,1.3941272,-1.3739673,1.6895105,0.42422572,1.5687039,1.1659955,2.1155016,1.9343314,0.17981677,1.3392097,1.6910319,1.5196304,1.4465945,0.98272663,1.3142537,1.9553611,1.6172552,0.92296237,0.88889414,1.2965825,2.624507,1.2412419,0.43243128,1.2895945,-0.8534599,0.7280895,1.2388632,-0.2869837,0.6108909,-0.3470846,-0.25204146,-0.4320927,0.21195912,-0.5922622,0.24488948,0.54676104,0.55652314,1.1973053,-0.2612573,0.61808115,0.17627041,1.1240019,1.4721575,0.49980545,0.52357984,0.28573447,0.318292,0.46130517,0.37400466,-0.19176759,0.94366074,0.6065674,-0.024411365,1.4756643
-1.859396,1.4539815,0.8357979,0.7058373,0.49273372,1.9857074,0.92753226,-1.1847484,0.9272265,-0.74087876,0.88515985,1.3778249,1.1897919,2.1909492,-0.77791697,1.0926456,2.1048164,0.9286018,1.445433,1.1869525,1.4133981,1.9434366,2.0220363,1.1644192,1.5140619,1.2775054,1.7191358,0.5192057,0.52423984,1.3257394,-1.4498883,0.93114173,0.70974123,-0.12740144,0.5299297,-0.71171075,-0.3006707,-1.164614,0.2341,-1.192824,0.19397978,0.8696664,1.4323746,0.29686695,-0.7391497,1.0569979,0.9010446,0.7316371,1.0637693,0.930976,1.3461717,1.37453,1.4444809,0.8465645,0.7910917,-0.8588117,0.8459028,0.7644527,-0.30727834,1.1273819
-1.0751647,0.85354817,0.6197425,1.5732328,0.49047005,0.5429771,0.93495816,0.2498206,1.5530099,-0.31712818,1.2330205,1.820573,1.785122,2.0841641,-0.025888652,0.90281606,1.4007716,0.7876539,0.05761774,1.0821896,1.114732,1.4524583,1.322964,1.2125239,1.1734483,0.86664736,-0.7518558,0.06993159,1.2828228,-0.012920053,-1.6479951,1.1065339,0.22051032,0.7224875,0.57344425,-0.84517014,-0.25484732,-1.1925131,1.0156175,-0.70611554,0.75289816,1.3545791,0.97151583,-0.13674745,-0.79251766,1.3641739,0.742689,0.16821076,0.42987958,1.1950397,0.87992525,0.8083448,0.84565026,1.1781052,1.1216203,-0.7422345,-0.33448482,0.996792,0.36678562,0.4545984
-0.8584737,0.35346332,-0.043092053,1.061668,0.49001732,1.6653718,1.1895275,-0.5652104,1.490283,-0.64203763,1.5579251,2.200527,1.6294147,1.1822965,-0.8092374,1.2270156,2.3922155,0.044876885,-0.4818066,0.8145459,0.6739123,0.35442907,0.42501187,0.81977075,0.8160743,1.5685222,-0.86645377,1.2562675,1.4229809,-0.20291229,-0.77147114,0.77547944,0.8652331,0.8724629,0.527121,0.2252793,0.08680765,-0.36554357,0.8865721,0.62045777,0.7600457,0.6373682,-0.18212476,1.0922308,0.24639738,0.6199919,0.55939025,0.86900485,0.917672,0.6735432,-0.22497928,-0.24415676,-0.345403,0.7618003,0.40159658,-0.2751984,0.30962023,0.27954048,0.8890591,0.87661695
-1.7890705,1.5756489,0.82107,0.34552848,0.4895646,1.2103118,0.6483695,-1.7418408,1.2489978,-0.8171116,1.0594823,1.6528124,1.9244595,2.088777,-0.3791508,1.0850099,0.99503523,0.6070438,1.2231313,1.1905553,1.485037,1.8886517,1.7904267,1.4949743,0.7156911,1.5822594,-0.1667135,1.7769822,1.016948,1.3999934,-1.0324664,1.2225606,1.1431314,0.7891179,0.670391,-0.40848613,0.29339465,-0.7150092,0.6984875,-0.55300814,0.8518796,0.84796035,0.81548125,0.8995661,0.09379973,1.0714791,0.7367589,1.2829653,1.395713,1.0705371,0.72999024,1.0149045,1.0086794,1.0692954,0.84331495,0.023445358,0.29530278,0.62449145,0.17679554,1.3657085
-1.7793704,1.6268365,0.5102202,0.48274875,0.48865914,-0.86097354,0.16628942,-1.2038131,1.6065044,-1.1914222,1.1824362,1.3489909,1.7026762,1.9209155,0.6255063,0.93238366,1.4701362,0.667167,0.99547535,1.0944004,1.2658514,1.9026232,1.4370617,1.0009685,1.2905684,0.8986229,-0.60974765,1.1193478,0.6808836,0.6623726,-1.2360381,0.9062143,0.27702063,0.5107674,0.59896874,-0.8815098,-0.52832216,-0.9788438,0.69722944,-0.94328797,0.401565,0.73032725,0.654992,0.028297398,-0.5761426,1.0618482,0.3824618,0.17448613,0.4153444,0.8397258,0.5951602,0.5207188,0.49025866,0.82509345,0.7424791,-0.43738288,-0.23832181,0.6012184,-0.004720305,0.46142584
-1.7094666,0.44378093,0.8748201,0.35840505,0.4895646,1.5681353,-0.19930242,-0.5761725,1.3519546,0.36223474,1.4768041,1.5471468,1.8108681,1.9061533,-0.28633195,1.2668022,2.2048473,0.4680233,1.0721313,1.3185755,1.185345,1.7688684,1.544749,1.157065,1.3494581,0.47723997,-0.78616554,0.53253937,1.2582603,1.1465997,-1.1241248,1.2179509,0.5257982,0.7531365,0.5322663,-1.0150999,-0.42338097,-1.1146832,0.9540947,-0.68552977,0.5448066,0.59812737,0.60623187,0.3231567,-0.42520893,1.2468219,0.63386405,0.49797955,0.7467977,1.0761054,0.7372724,0.7467374,0.7179403,0.84568113,0.87962306,-0.4469613,0.28198916,0.607055,0.06924756,0.73924917
-1.7495321,1.1389972,0.8649515,0.5921112,0.48684824,0.41341424,0.97213656,-1.7095052,0.91616017,-0.98404807,1.2989961,0.89013726,1.5482887,1.6743675,0.416167,1.1327287,0.82821774,0.99224746,1.3934242,1.4252768,0.78443,1.4185892,1.3764154,0.97313935,1.693921,0.72878015,-0.7029072,1.2181892,0.9472085,1.3741208,-0.93405664,0.8521393,0.8242056,0.28327224,0.695978,-0.5449882,0.031005278,-0.89813066,0.48221818,-0.71082276,0.45259026,0.6780348,0.4923158,0.44156182,-0.1773062,1.0185109,0.33558905,0.71897155,0.95143217,0.8535713,0.67771155,0.8492449,0.788773,0.6708689,0.6233164,-0.06414271,0.051345576,0.33527917,-0.1723141,0.97385985
-0.31175202,1.2767456,1.0743972,0.4677399,0.48865914,1.2439401,1.1579018,-0.55079657,1.0880063,-0.78985286,0.9238831,2.25367,1.358653,1.3484402,0.66958636,1.1420064,1.526151,1.3488332,1.4994646,1.4821334,2.1713212,1.3341208,1.2226528,1.3055539,1.0318662,1.1296582,0.6339304,0.95303833,0.8452482,1.5057714,-1.0048617,0.9120389,0.7414984,0.31307524,0.4102738,-0.5851229,-0.015118085,-1.0107265,0.49120864,-0.881202,0.40294525,0.84198487,0.61133057,0.7319351,-0.5979377,1.0124384,0.69100875,0.73611414,0.9990365,0.7682123,0.65673596,0.66150856,0.6295381,0.80990225,0.72300655,-0.3329969,0.9307251,0.5490508,-0.24534345,1.0570941
-0.8717548,1.1471046,0.76503026,0.2798472,0.4877537,-1.0345526,0.8246919,-0.22086032,1.1555436,-0.7238657,0.8606787,1.6063005,2.1298406,1.8720915,-0.2670945,1.2028456,1.5243618,0.83194906,1.4472368,1.3835711,1.7440217,1.9317554,2.1494038,1.2671125,1.043566,0.8564741,-1.0248448,1.2361604,1.3246338,1.5110513,-1.3525715,0.80170435,0.8653467,0.49951357,0.5723628,-0.59602433,0.21287411,-1.1532125,0.6389376,-0.2798016,0.7317106,1.0945262,1.3063145,0.29089427,-0.31226742,1.061284,0.7829064,0.9311712,1.0110706,1.1354532,1.1673408,1.1795762,1.2055194,1.2116383,0.98190707,-0.34863794,-0.03302776,0.9121649,0.33679065,1.1294514
0.0027396164,1.3101574,0.78146356,0.7078753,0.48820642,1.5035372,-0.34408954,-1.9114293,1.4211719,-0.79149383,1.1183752,1.5038122,1.748909,1.2465615,0.870885,1.0989766,1.8309195,1.4482332,1.6687119,1.2956558,1.6501706,2.0751283,1.4525616,1.3599517,1.0040908,0.5475958,1.0481907,1.102561,0.9005781,1.6672411,-1.406382,1.09219,1.0545467,0.7557716,0.52679026,-0.8103685,0.015740857,-1.4921097,0.8327753,-0.65928376,0.8312531,1.1596508,1.6450963,0.05148679,-0.4794577,1.248463,1.3024263,0.9738174,1.1376292,1.2175542,1.3458323,1.3321526,1.391745,1.32172,1.1566483,-0.58645403,0.12491517,0.9858413,0.30795547,1.258276
-1.5169411,1.0731289,0.51713157,0.1867858,0.48232093,-1.5946845,0.58830833,-1.5215759,0.32628393,-0.74454737,1.2785836,1.3727952,2.0721824,-0.46241316,0.31695902,0.74087185,0.057224255,0.96771634,0.850589,1.2869041,1.7924919,2.3339365,1.9246666,1.8518721,1.7406073,0.85195804,-0.6328922,1.6010003,-0.17495373,1.0120318,-0.91720945,0.7948212,0.6776488,1.2568113,0.6963993,-0.5327361,0.57587636,-0.8321159,0.979574,0.24374515,1.0089973,1.1097424,0.5157908,-0.24752879,0.42168894,0.7140821,0.7115614,0.8031268,0.58219886,0.8701344,0.529855,0.43597806,0.40759337,1.3594624,0.8203806,-0.17726128,-0.34196612,1.1567788,0.8218368,0.76602
-0.7737247,1.516275,0.13789739,0.95788646,0.47054994,0.123543404,-0.0071948697,-1.0782762,2.025808,0.029585857,1.3053895,1.0364338,1.5009248,1.1098058,0.43434486,1.1671793,1.1019717,0.48880506,-0.014001411,1.3972007,1.4915462,0.45487535,-0.21861972,1.5903463,0.82778025,-0.0039926665,-0.57981396,0.9613044,0.59752613,0.30848002,-1.477017,0.62592036,-0.06535216,1.0146784,0.4073423,-0.6969322,-0.26559895,-1.2975914,1.2577014,-0.31478205,0.67087746,0.5992974,1.3035102,-0.57825,-0.5954266,1.047821,0.5735768,-0.006407148,0.032419894,1.1622491,1.3083054,1.2209954,1.1727681,0.9612561,0.8884006,-0.58554864,-0.76963806,0.9569747,0.42625335,0.1717556
-1.8514884,1.5843552,-0.41649446,1.1380352,0.46013716,-1.039508,0.41615397,-0.64743036,1.7759337,0.610917,1.7026374,2.0952067,1.0299029,1.0180354,0.8963407,1.0598162,1.0873597,0.7561214,0.6059382,1.2461457,1.2495811,0.619463,0.8421225,1.9937942,0.8626853,0.24032009,-0.8498407,2.148411,0.7629183,0.6478424,-1.9530128,1.1793609,1.0546257,0.80494064,0.54987556,-0.81494504,-0.304886,-1.4635645,0.9721419,0.11192734,0.95805115,1.4802424,2.2479048,0.017480563,-0.3717478,1.2315896,0.9972672,1.3293625,1.4761953,1.3148199,1.8961635,2.0472631,2.0314956,1.706305,1.4037217,-0.8382918,0.086621046,1.3570716,0.9079532,1.587565
0.6862942,-0.5435129,1.3601105,0.6797275,0.47960454,1.4826838,0.9945479,0.72685736,0.662521,1.0980318,0.22317322,0.88436025,1.3640305,1.3808597,1.0082293,0.30140045,1.0052325,1.4069124,0.7551581,0.6749417,0.25928417,-0.5784849,-0.39354247,0.47404003,1.2912388,0.3118605,0.46779233,0.19242226,-0.0085472,0.7057625,0.63761514,0.061979152,1.1284065,-0.050644778,0.28823048,1.1275997,0.38598576,0.8828687,-0.21802337,1.0897353,0.34003657,0.21900338,0.037547313,1.1236305,0.80216146,-0.32254902,0.9794777,0.95178586,1.1284997,-0.12136773,-0.0046377527,-0.26740608,-0.2578749,0.1914575,-0.28917712,-0.14437053,0.2753513,0.26684913,0.7061411,1.1162088
1.5738975,1.2132055,0.84449095,0.18660475,0.47100267,0.7620749,1.7933843,0.8925055,0.9719047,0.7663296,0.6227659,0.6597218,1.288063,-0.24032936,0.27059913,0.25865772,0.28523993,1.1351812,0.9771185,1.4496268,0.932638,1.8370125,1.0004064,1.6559945,0.7215844,-0.6152204,0.37598306,0.8380588,0.5882283,1.3265017,-1.0466729,0.7368763,0.90292794,0.6589947,0.4973219,-0.20193425,-0.08280124,-0.39123967,0.6888722,-0.23113681,0.50043553,0.7703601,1.2711074,0.32837832,-0.14602803,0.7079361,0.6618202,0.9252651,1.0873406,0.9103566,0.88147366,0.8420286,0.9419925,0.8507159,0.68636924,-0.4354707,0.34567925,0.7421534,0.20268446,1.1292083
0.23501295,0.10068366,0.17938212,0.8449189,0.47281358,-1.7098722,0.5183627,-1.104451,0.93337965,-0.34546843,1.1722622,1.7893815,1.8766352,1.1128628,0.21706514,0.88056815,0.25834772,0.6131032,0.2889393,1.4808481,2.1688073,2.3130965,1.9003259,1.7631857,0.85705614,0.5743434,0.64278483,1.1200198,0.40764686,0.6449068,-1.4338969,0.878823,0.5818255,0.8902086,0.6438717,-0.7494188,0.13819778,-1.3314131,1.1494235,0.01743864,1.1446184,1.2831395,1.9978483,-0.1387035,-0.10776905,1.1959615,1.2540159,0.7395058,0.71396583,1.3369347,1.6567193,1.7621207,1.7491277,1.6029453,1.2436713,0.03035439,-0.2437442,1.3095381,0.908961,0.8961681
0.49609134,0.6087129,0.88709885,0.75237864,0.48186818,0.47193912,1.1865182,0.48889902,0.95790684,0.49088868,1.7323138,1.7839018,1.4712448,1.6090697,0.4236839,0.72235036,0.8578472,1.2381388,1.2778559,1.2358184,1.5603848,2.081606,2.0545092,1.0984538,1.1890105,-0.010336992,0.2469429,0.6273959,0.29734847,1.3154747,-1.3608397,1.030163,0.5848237,1.2893887,0.63333285,-0.30929518,0.051257975,-0.81138813,1.2197155,0.56782734,0.9938604,1.2998277,1.3974373,0.24327445,0.18766682,0.8883272,0.81006557,0.8601364,0.8795547,1.1761613,0.9841799,1.0430313,1.0031558,1.3671473,1.090216,-0.38681558,-0.4650061,0.90511924,1.1789854,0.9557641
4.6029987,-0.22090095,1.0010937,0.9095185,0.49273372,-0.96455896,1.4608996,1.2582759,0.4367214,0.43751332,1.1435463,1.7548603,-1.1379951,1.9121374,0.7650806,-0.0017858408,0.24916524,1.7906971,1.6466212,0.9129146,0.8146996,0.043055087,1.322144,0.20220171,-0.22071432,1.018174,0.42807573,0.83868897,0.98092216,1.2313362,0.5541593,0.6436118,1.0943463,0.094415344,0.45049864,1.5011679,0.917345,1.0138587,0.22317159,1.22957,0.48592332,0.5831478,-0.0206297,1.7546138,0.98407197,0.036066532,1.0407139,1.1047581,1.3142564,0.24752477,0.092723034,-0.21903093,-0.3123044,0.6066237,-0.11040795,0.24539205,0.5003843,0.39451033,0.933775,1.1556977
0.5700397,-0.15270594,0.6473289,0.6694134,0.4850373,1.9140023,0.43006504,0.03034632,0.016954888,0.12040173,0.47072664,0.3399571,-0.105588876,2.1027043,2.3881452,-0.99692583,1.425874,1.4630376,1.3473438,0.47069943,-0.8391349,-0.0034753853,0.31073454,-0.08894972,-0.40837693,1.0325099,0.12065579,1.0669532,-0.75192463,1.4633905,1.2041978,0.18121353,1.0808395,-0.70198375,0.4318784,1.2054588,0.088280275,0.6828913,-0.41194615,0.95236754,0.113304384,0.08174803,-0.031854898,1.2858634,0.52861947,-0.32603246,1.0475597,0.82518494,1.1201982,-0.359493,-0.2231906,-0.6853252,-0.5604284,0.46412346,-0.31488526,-0.057516545,0.20618376,0.021031918,0.6508442,1.0926318
1.1928276,1.1735202,1.274652,-0.11183141,0.49499735,-0.010132639,1.0593492,1.6673063,0.69288737,2.0718265,1.3817787,-0.18157144,1.1569556,2.66814,1.1742054,0.29964578,1.9603047,1.9946545,1.9169364,0.7594991,-0.3704036,-0.36841714,-0.85925645,2.1961281,1.3439989,1.2880666,0.8060897,2.469728,1.1115007,1.7305902,0.6895716,0.75791675,1.5469679,-0.42250094,0.64554924,1.0720689,-0.11906069,0.4518374,0.08169429,0.89649427,0.59332323,0.6071606,0.05473409,1.7060106,0.35621533,0.0031623188,1.0289977,1.5281115,1.6747746,-0.0131023675,-0.36910102,-0.77687275,-0.6510187,0.8611925,0.091573,-0.11120717,1.0120783,0.6078849,0.89875406,1.5854083
-0.37939924,1.5500892,1.2273129,-1.0869071,0.49499735,1.1611962,1.6253276,-0.7454167,-0.014786774,1.1882735,1.2382885,0.8255066,-0.27094293,2.2874477,1.166247,1.0521435,0.46608788,1.6186601,2.1335146,0.53125566,0.3378624,0.70523536,-0.19124794,1.4155071,0.9129804,1.3351378,3.348703,1.2379264,1.5842022,1.8244424,-0.09928853,1.5681249,1.4740143,-0.4952473,0.6365163,0.9848795,0.3546897,0.005382429,0.10917881,1.3095514,1.2575608,1.219719,0.44351634,2.3292117,0.6995344,0.62513137,1.3213751,1.7135252,2.035307,0.5258638,0.0081139505,-0.0718906,0.06290356,1.3657606,0.6591096,0.27118948,2.0067225,1.0077527,1.4878986,1.8620336
1.0409571,1.3115205,0.9721453,0.2151762,0.49635556,0.025607947,1.865185,-1.5639948,1.205672,0.5862237,1.544663,0.8674112,0.31785315,2.5615287,0.6906254,0.2547335,1.2786916,1.7020111,1.9442892,1.1346816,1.2076586,1.2322702,0.6779614,2.0096211,1.6128157,1.4488763,2.0446777,-0.4291556,1.3543948,1.7933714,-0.34700066,1.317165,1.5865065,-0.33408353,0.65526897,0.28208447,0.25218597,-0.31933036,0.41828138,0.4497109,0.8854527,0.8574392,0.7956659,2.0933394,0.15452377,0.8430337,0.879809,1.672872,2.0141792,0.7626205,0.8981925,0.57229173,0.7104624,1.3870281,0.73779327,0.12119751,1.5930004,0.9858089,0.7898763,1.8278807
-1.0775015,1.1271498,0.77504337,0.26565725,0.4895646,-1.0668305,0.89900905,-1.8761382,1.3603325,-0.44210637,1.095231,1.1569238,1.8939756,1.5032179,0.22075956,1.0208218,1.1078142,0.93991345,1.433851,1.409107,1.7661971,2.6411507,2.6546009,1.7522024,1.7296492,0.46040443,-0.757374,0.8521504,0.375753,1.5340526,-1.1689287,0.90717286,0.82643473,0.19207841,0.6250803,-0.5455374,0.47273424,-1.0510958,0.6584017,-0.24500544,0.6607513,1.0838692,1.3801954,0.45707232,-0.6283014,1.1253996,0.7756594,0.7589322,0.8919986,1.2255645,1.5492066,1.622029,1.588057,1.2489803,1.1512215,-0.009509832,-0.20469475,0.9901075,0.52406025,1.0427434
-1.1225951,0.32747722,0.77203286,0.18253206,0.49047005,0.8496284,0.07088158,-1.807816,1.3392762,-0.9874864,1.1051077,1.57552,1.4074591,2.215354,-0.6281371,1.2424846,1.1466835,1.3781072,1.2247074,1.5817693,1.961451,1.9607207,1.7370014,1.8679662,0.9741282,0.92830396,-0.6189238,1.3542107,0.7987998,1.4361609,-1.3659883,0.9339539,1.335818,0.061186913,0.6949986,-0.69049084,-0.11316044,-1.3162519,0.4210708,-0.27849588,0.4287974,0.8433139,1.1367667,0.5277302,-0.33595774,1.2475576,0.8761974,1.2638803,1.4660009,1.024445,1.4958864,1.3696877,1.3757491,0.85886496,0.934684,-0.35522383,0.72090316,0.6733405,0.17233627,1.4613618
-1.9316194,0.4462817,0.45919004,0.5510573,0.48367912,0.8516765,0.71163344,1.7997677,1.565937,-1.0362338,0.94209385,1.5436169,2.2908995,1.263826,-0.90565854,1.3585275,1.4017702,0.7905515,0.93709564,1.467096,2.2715185,2.4614625,2.3441808,1.4649246,1.6886512,0.99194705,-0.7660809,1.2104157,0.7467647,1.0655053,-1.2126434,0.9579925,0.7962979,0.34270403,0.64498603,-0.14554547,0.6984294,-0.7096062,0.58955395,-0.35731286,0.6923293,0.8693985,1.1669446,0.65637976,-0.61867374,1.3268464,0.8052501,0.8316031,0.9247982,1.17054,1.5418539,1.7373468,1.583886,1.0250088,1.0846933,0.036420956,0.03802689,1.00923,0.29412094,1.0385156
-1.8779527,1.3954674,-0.41494095,1.333415,0.48865914,2.0108786,0.5975378,-0.46666256,1.8194767,-0.18145293,1.3543037,1.4682249,1.8439137,2.0121744,-0.1251147,1.2413962,1.34295,0.057197247,-0.017463757,1.4572082,1.6712742,1.7711965,1.8597867,0.7719691,1.5704523,1.3887589,-0.030117419,1.0037098,0.92718446,-0.17021826,-1.4496366,0.444254,-0.18937121,0.7298221,0.47589278,-0.8939992,-0.09353603,-0.9765421,1.1019553,-0.40115586,0.66959125,0.9917206,1.0150268,-0.2257348,-0.8105239,1.1619257,0.51062816,-0.26286423,-0.3167824,0.9570741,0.9447472,1.156921,0.9574784,0.94247454,1.0437047,-0.2290272,-0.7276649,0.9041052,0.45736754,-0.14350303
-0.9699054,1.2111468,0.5791119,0.46740153,0.49635556,2.2068088,1.2062247,-1.7901706,1.6910949,0.4756012,1.3549877,1.6298586,1.3368224,2.2224088,-0.091267884,0.9868745,1.7982769,1.227121,0.8755772,0.9819269,1.283353,1.9490283,2.1210918,1.1885633,1.3045443,1.1525145,0.06397184,1.088974,-0.079526745,0.7683131,-1.1341153,0.84697646,0.8494173,0.55544317,0.81472087,-0.47004625,-0.076631546,-0.8309224,0.5537826,-0.26804927,0.54599726,1.0245516,0.672711,0.79512995,0.048573866,0.79976034,0.4895373,0.8251422,1.1152939,0.80009085,0.71748674,0.5620931,0.5592387,0.69523895,0.6854463,-0.0591287,0.48595187,0.6611807,0.35775995,1.0979321
-1.2554297,0.5987384,0.39507756,-0.38847142,0.49590284,0.17788593,1.0443316,-1.7468824,0.7165714,-0.670468,1.3119028,1.3442963,1.39121,2.5350356,0.2509697,1.1196898,2.2439346,1.332983,1.3885485,1.2070729,1.1624955,1.7133763,1.6035751,0.9797359,1.0233872,1.1020479,0.44561148,1.0008894,0.9719147,1.4809461,-0.88992226,0.8316451,1.4204692,-0.19025278,0.6062666,-0.101264745,0.2513625,-0.63778526,0.2862168,-0.14081863,0.31713203,0.60702467,0.62739474,1.2653084,-0.14331253,0.7351794,0.3974306,1.257969,1.5712003,0.7229105,0.93720603,0.673201,0.67709756,0.80559146,0.69394475,-0.023028046,0.58939475,0.6683235,0.3502236,1.5999702
-1.9139062,0.97917014,0.5296965,-0.3229431,0.49047005,1.2579931,0.05228379,-1.2302036,1.1818202,-1.4097389,0.55457073,0.7599859,2.6234057,1.6526958,-1.8524575,1.4550105,1.491966,0.55149746,0.48715985,1.3843049,1.7375935,2.6238432,2.4989734,1.3113768,1.3693948,1.0524468,-0.14770937,1.0776978,0.40424454,0.7876296,-1.5049946,0.69456685,0.79659754,0.2922672,0.5890487,-0.8883093,0.21745425,-1.1360152,0.7273046,-0.5507979,0.7508184,0.7837808,1.63053,0.14749756,-0.9182672,1.2704152,0.8424223,0.6417327,0.69456536,1.2163552,1.8259238,2.020887,1.9553002,1.2668052,1.3753676,-0.17412414,-0.42902642,1.0105416,0.37823182,0.9602991
-1.8736298,0.70932585,0.7686892,-0.29546908,0.49273372,-0.19408827,0.89023566,-1.0923866,1.563669,-1.4434884,0.85253465,1.3879439,1.8740002,2.615556,0.24672703,1.2499187,1.5056703,1.0034276,1.1005749,1.4876511,1.4366112,2.262805,2.118597,1.4659605,1.2564946,1.1944228,-0.3767959,0.88557446,1.0461973,1.2627168,-1.2618577,0.8858505,1.0457863,0.39484173,0.69346815,-0.5493395,0.20046693,-0.9681638,0.59289616,-0.31028372,0.4898562,0.7649308,0.94991225,0.80038387,-0.3539097,1.0434073,1.0615711,0.93829036,1.189895,1.0088814,1.1914986,1.1933751,1.1817701,0.88037735,0.8843585,-0.22389531,0.20875251,0.81431144,0.13941266,1.2498254
-1.8803778,1.1961612,0.030788168,0.47541118,0.49092278,1.3227595,1.0822636,-1.2150195,1.6473308,-0.1725081,1.6030271,1.3469424,1.2879273,1.8207763,-2.0903394,1.0390009,1.634444,-0.15177944,0.15659125,1.3419527,0.80891997,1.7716014,1.7830944,1.2492695,1.2261639,1.1977067,-0.4703252,0.90662265,0.5449162,-0.065700464,-1.4177758,0.98442113,0.18901354,0.44245622,0.5941148,-0.7815345,0.17155802,-0.9371166,0.86720175,-0.7688996,0.8095862,1.2473321,1.2330605,-0.25362113,-0.6713277,1.3011558,0.5430764,0.3045631,0.29743555,1.1215107,1.4378384,1.6492398,1.4409962,1.1244073,1.3047359,-0.04365912,-0.43384764,1.1584893,0.33152425,0.36912978
-1.8653004,1.4722934,0.1690284,1.2528228,0.4940919,2.0912054,0.60371476,0.6325515,1.799461,0.5554175,1.6378089,1.4601411,2.464844,1.8669446,-0.1367477,1.2179983,2.0620143,0.5558886,0.49860328,1.3347738,1.5449672,1.8458697,1.7552973,1.3794035,1.312374,1.2684401,-0.48418805,0.108970396,0.95487154,0.38612938,-1.1357728,0.7071706,0.6619265,0.20817614,0.54196554,0.14014558,0.2524213,0.047003366,0.47798213,-0.43923008,0.500428,0.85561466,0.69692993,0.6385283,-0.68652165,1.0898143,0.59919655,0.4802755,0.6645366,0.9607855,1.1040105,1.0958354,1.0085174,0.67130464,0.8949292,0.28959453,-0.045177825,0.8943158,0.27175516,0.8113123
-0.98276645,0.42097044,0.4589218,1.1500237,0.49092278,0.73812497,0.7166076,-1.7277592,1.4335562,-1.3699616,1.3671647,1.9130988,1.9034014,1.8492754,-0.08433485,1.3612994,2.185495,0.5931038,0.7820998,1.2923665,1.0013053,1.8059984,1.6763555,0.72344804,1.114137,1.2702459,-0.9155578,0.25068963,-0.32899135,0.46982798,-0.76032525,0.90652305,0.96235454,0.46362343,0.60209286,-0.07307487,0.6117916,-0.3312798,0.4791208,-0.09969967,0.59108317,0.9128292,0.33122858,0.87573946,0.019204294,0.85678077,0.4433459,1.030616,1.1079834,0.856053,0.62377566,0.7460518,0.65154237,0.82340676,0.6302772,0.041228108,0.33639875,0.59613866,0.27963233,1.2012205
-1.6748836,1.9650729,0.8681678,1.4666886,0.48911187,1.0499065,0.8052412,-1.64918,1.7446864,0.37321758,1.6645495,1.6952581,-0.075702004,2.446374,-0.38223618,1.0388805,2.1836152,1.9310993,1.9450722,0.8887304,0.1879018,0.5032053,0.044192042,1.3851724,1.2058024,1.5925654,-0.19660087,0.9049941,0.5846378,1.4170225,-0.8649395,0.6899201,0.8492328,0.32072213,0.60721076,-0.3814233,0.028517343,-0.5586413,0.58538705,-0.1614608,0.48560998,0.95817167,0.27797663,0.4543166,0.09837797,0.7676085,0.29475147,0.8769128,1.1032251,0.69684386,0.6088452,0.39118257,0.31199166,0.6404774,0.6469924,-0.20000066,0.4652757,0.5863069,0.29852927,1.0330015
-1.8430535,0.76145524,1.015802,1.0435549,0.48911187,1.0507662,1.7463262,-1.783999,1.2379448,0.08886013,1.851636,1.8094169,1.1857022,1.6800785,0.6207649,1.1257552,1.8710006,0.7861903,1.0805653,1.268942,1.4556103,1.78747,1.6925358,0.95278394,1.5782691,1.1695518,-0.6450766,1.079405,0.55710155,1.1384774,-1.5681647,1.0532298,0.7419632,0.35173625,0.5794735,-0.9032934,-0.19152048,-1.1556808,0.77180403,-0.7366393,0.4734411,0.95891446,0.8914888,0.390453,-0.77899855,1.2339356,0.6207431,0.5233086,0.87332565,1.0129448,1.0608985,0.8741966,0.7970449,0.8742825,1.0235511,-0.44134623,0.057240922,0.99133205,0.20058626,0.8869035
-1.7757856,1.193366,0.6914139,0.61800396,0.4877537,0.20895305,-0.040067315,-1.2874718,1.4929546,-1.3604088,1.6487083,1.103247,0.4412251,1.8054218,-0.2902632,1.1827933,1.7207276,0.7810732,0.70583653,1.0455629,1.0577791,1.3651062,0.8456391,1.7508059,1.1458242,1.0973592,-0.29803744,1.590388,0.6259702,0.72235566,-1.2548255,0.3561501,0.08548245,0.109255925,0.6915094,-0.48109633,-0.3988359,-0.78728837,0.31285545,-1.1861758,0.10555633,0.7392966,0.7295323,-0.0024648048,-1.077771,0.88672054,0.049784783,-0.24576846,-0.02770045,0.7596353,1.0167729,0.7460443,0.6997145,0.5124782,0.5992447,-0.34440205,-0.4764899,0.6674269,-0.08982353,0.22267747
-1.6942838,1.6972716,0.6507945,0.81776744,0.49137554,-0.41393238,-0.18683952,-1.6666517,1.8347548,-0.9719438,1.3272514,1.5541697,0.32896513,2.2821748,0.026391128,0.91212237,1.2773327,1.5003036,1.4205136,1.0317247,0.35458946,1.5178676,0.7166809,1.116344,1.0781734,1.1971961,-0.5310061,0.85091925,1.0370936,0.98897964,-1.2806786,0.735121,0.6522268,0.50324804,0.4802277,-0.6471022,0.053112302,-0.93869376,0.42428216,-0.91463864,0.41630155,0.7709754,0.9501463,0.45308286,-0.55697715,0.9067632,0.6116476,0.66025895,0.8828036,0.8348012,0.94922733,0.9706033,1.012746,0.8910022,0.6894049,-0.31027308,0.082700476,0.6533943,-0.09954298,0.9542748
-1.7401483,1.5423595,1.1693325,0.52299106,0.48911187,0.69668156,-0.18884227,-1.2651433,1.6642456,-0.07797751,0.84092116,1.2375548,1.8125093,2.1218362,-0.010496548,1.1445249,0.7853715,1.1590658,1.0569744,1.1364447,0.615314,2.0072885,1.8697773,1.3399291,1.6224821,0.92687,-0.3104601,1.8129164,0.7941755,1.2718033,-1.1676903,0.97386014,0.90290475,0.5253215,0.60316086,-0.49019164,0.2617926,-0.7130161,0.559158,-0.306607,0.6371218,0.89367527,0.8256121,0.59403074,-0.090996966,1.0123023,0.6065868,0.9976536,1.1366823,1.0570564,0.87460375,0.9162448,0.8715057,1.0205252,0.86932147,-0.06497589,0.5296331,0.7966029,0.28546077,1.1584494
-1.6826859,1.7053857,1.0875969,1.2787597,0.49363917,0.8263851,0.58365834,-1.6600455,1.5570242,-0.9726044,1.4036165,2.3662393,0.8106968,2.2674208,0.9508825,1.2204673,1.5735897,1.2839682,1.6122832,1.1476911,1.1726191,0.4161578,0.7134107,1.1581,1.1175959,1.0859753,-1.0232818,2.0831838,0.76267445,1.390975,-1.1785866,0.9593697,0.814892,0.9182161,0.6430046,-0.95180005,-0.16663548,-1.1859267,0.73983073,-0.5155521,0.5722718,0.7050552,0.67503417,0.25685522,0.05605427,0.7666168,0.28329545,0.86941254,1.0651667,0.8880297,0.5314119,0.73275816,0.68651485,0.66937345,0.63256806,-0.16063283,0.41584134,0.3857276,0.17631848,1.0431036
-1.1336621,1.6732239,0.6889775,0.47962207,0.4895646,0.7155457,0.10375205,-1.7687873,1.0850071,-0.639844,1.1680508,2.0258365,2.4436097,2.1166663,-0.34096208,1.2095343,1.5315825,0.6066692,1.1815666,1.0517526,1.6633364,2.356964,2.4786158,1.376942,1.2812879,1.1619344,-0.6043227,0.8507416,0.6485315,1.0028116,-1.1306643,0.76252204,0.7063671,0.44039208,0.64429283,-0.25974548,0.018748704,-0.53932786,0.48689845,-0.48000598,0.4743553,0.91785896,0.53184015,0.8785475,-0.3663943,1.0219682,0.45659238,0.6083496,0.90237755,0.97627604,0.6842687,0.7492168,0.7411018,0.7609639,0.6800624,-0.13949636,0.21343666,0.5361199,0.2139653,0.9839703
-1.7331896,1.0290629,0.8448407,0.0045301607,0.48865914,1.5808855,0.35549688,-1.692642,0.8327958,-1.3542826,0.9416802,1.4335314,1.666803,1.566368,0.08680126,0.9673199,0.5516103,1.326662,1.7100456,1.3129295,1.2977476,2.106465,2.1801875,1.0680639,0.5119257,0.49481466,-1.0208062,0.365413,-0.21399559,1.3606138,-1.4143575,1.2412976,0.9522192,0.19744715,0.6237419,-0.6906716,-0.055378325,-1.088375,0.56713796,-0.80730134,0.62908536,1.3046409,1.1446968,0.602603,-0.42930305,1.2759635,0.8322161,0.9910575,1.2269286,1.0929501,1.4649656,1.5227304,1.5846003,1.0511096,1.2581862,-0.35866186,0.6493082,0.8805891,0.18299258,1.2068262
-0.76098126,1.0001698,0.63068235,0.15213649,0.48865914,0.9908587,0.79058623,-1.3346827,0.64744717,-0.6273815,1.3241177,2.4471984,1.7176462,1.887827,-0.3416301,1.3145492,2.0254173,0.7479593,0.9811776,1.244298,1.4820803,2.1320417,1.9854842,1.3166238,1.6296941,0.93398654,-1.3746085,0.94825226,1.0496083,1.0794883,-1.173264,0.8592131,0.5876894,0.35859835,0.6260676,-0.30569443,0.3437111,-0.5193668,0.48975995,-0.53279185,0.6862974,0.9903701,0.9836999,0.6965035,-0.52729845,1.1529351,0.60215485,0.6044789,0.69995534,1.0024835,1.2343779,1.3740987,1.3796135,0.83078146,1.0200334,0.15095903,-0.17488158,0.977075,0.22018424,0.82727736
-1.1017026,1.2576473,0.6458604,0.23893212,0.49047005,1.7665392,0.7614612,1.4651153,0.70288193,-0.5629509,1.2437879,1.5530081,1.3417386,1.8377675,0.045623295,1.2306272,1.7660738,0.72335356,0.93867403,1.4800956,2.2281713,2.2613173,2.2695692,0.68621254,1.1729398,1.0217224,-0.5941581,1.1556164,1.1627471,1.0260451,-1.6210991,1.1606935,0.9515415,0.4472607,0.53620285,-0.18985954,0.42461193,-0.66172653,0.55275977,-0.4555316,0.6560249,1.1697733,1.5567243,0.8503548,-0.40425652,1.2999693,1.1488538,1.0147517,1.21682,1.2480336,1.244028,1.5418227,1.5198328,1.1025404,1.2336682,-0.30997348,0.119480714,1.1073623,0.33573505,1.2577143
-2.0406399,1.585363,-0.18408395,0.7260341,0.48911187,1.9641472,0.34383038,0.68171656,1.3630087,-0.10373948,0.85232913,2.041228,2.1636055,1.8669267,-0.4313803,1.1026967,1.4914289,0.49809426,0.87056565,1.5571969,1.7180241,1.5871751,1.4265856,1.2187176,1.3606776,0.7206113,-0.97900915,1.3811256,1.4216661,0.8657992,-1.4548755,1.0144882,0.4890664,0.49596336,0.6427752,-0.68623465,0.047470577,-0.76694244,0.67620754,-0.43643782,0.7640027,1.306312,1.6890913,0.3088226,-0.7361879,1.165874,0.89796436,0.55600584,0.6522014,1.1145949,1.4175795,1.5856969,1.6640754,1.3649433,1.1135772,-0.2919016,-0.4196817,1.0961934,0.48162055,0.8720332
-2.1051664,1.6401452,0.62522054,0.5090077,0.4895646,-1.1536258,-0.4173904,-1.9910514,1.0240788,-0.43113977,1.3015618,1.9021558,1.3512133,1.2381059,0.16473593,1.0035797,1.4492122,0.8592156,1.3494797,1.4926074,2.17559,1.3467814,1.2406112,1.5380148,1.4739461,0.6541072,-0.19225752,1.0622668,0.87404484,1.3433275,-1.6219862,0.9756249,0.14788942,0.9655738,0.41503185,-1.2103827,-0.09276811,-1.5155824,1.0416815,-0.70163894,0.821827,1.2288374,1.6364383,-0.68194926,-0.39109328,1.2712663,0.8591448,0.23132513,0.26642233,1.2496067,1.3369143,1.4280953,1.3391821,1.2415866,1.1563727,-0.71872187,-0.61589974,1.160304,0.32828447,0.4614888
-1.9749535,1.240217,-0.1576338,0.6535689,0.48594275,-0.9224011,-0.2188479,-1.8890898,1.2013768,-1.0444787,1.3716589,0.90872556,2.7808568,0.3341898,-0.5949758,1.0062095,1.217221,0.7442238,0.5578884,1.5441282,2.0784478,2.6193516,2.6269445,1.9639105,1.1479591,0.23207243,-1.1869085,1.3055767,1.1212949,0.7680304,-1.262751,0.58176863,0.27304196,0.48015937,0.37324005,-1.209355,-0.2308461,-1.378134,0.46804228,-0.85494435,0.49678394,0.82213134,1.5460223,-0.5624048,-0.641022,1.0815933,0.46496594,0.28239593,0.3451762,1.1357715,1.3445475,1.5474612,1.5673326,1.0068947,0.74492943,-0.53586215,-0.7042391,0.656907,0.056228735,0.51567125
-1.4748722,0.8816007,1.3622901,0.944372,0.39720768,0.16009597,0.038173974,-0.34244075,1.5295525,1.4633393,1.101178,1.9171549,1.4985852,0.37069714,1.3868365,0.76295096,-0.14537255,1.6462358,1.150486,1.1129776,0.9830441,0.8561676,0.7165518,0.941685,0.54871607,-0.63251585,-0.09926097,-0.18230252,0.9735237,1.1717417,-1.2692779,0.86643463,0.7441101,0.6673706,0.5711863,-0.43943262,-0.12814897,-1.1121246,0.8065608,-0.052599877,0.7864556,0.96667457,1.7060523,0.15833232,-0.29500052,1.0944682,1.0032468,0.8631585,0.97207916,1.1502692,1.4677552,1.7232485,1.6323212,1.1398755,0.82893604,-0.55377597,0.010340481,0.9284217,0.68632174,1.1327143
0.26684538,-0.6594081,1.0925022,0.68696886,0.3858894,0.45001307,-0.3238512,-0.10078887,1.2941544,0.9033816,0.40867066,-0.98776394,0.88820523,-0.31394377,2.5075696,-0.3129398,0.4298344,1.4861104,0.66494787,1.1536195,0.49675685,0.11002876,-0.6758419,0.68951446,0.9561889,-0.876173,1.2155219,-0.66679907,0.24247064,1.2901903,0.23450708,0.15459935,0.7904774,0.13874152,0.29222447,0.68167365,0.05960259,0.2540403,0.015424617,0.5594193,0.13146172,0.26668882,0.15374488,0.8995964,0.47992158,-0.18873027,0.4367206,0.6190405,0.9603761,-0.028400281,-0.047001876,-0.2579729,-0.28301102,0.26566145,-0.2933372,-0.5937302,0.33672675,0.23485908,0.30152985,0.9127019
2.7984178,0.102109596,0.58722436,-0.3802757,0.492281,-0.6189956,1.305907,2.273476,0.73512053,0.7097715,0.22677603,0.16952118,-0.71517575,0.22737542,1.4790297,-1.1833144,-0.7267089,1.1688608,1.4307463,0.7647333,-0.18541588,-0.25435984,-0.30103284,0.34657407,0.9764697,0.03434065,1.0996786,-0.37074608,0.03675452,0.7754628,0.57479984,-0.15741538,0.8101488,-0.81142664,-0.07784392,0.34063378,-0.23718843,0.29468012,-1.0007334,0.3109184,-0.19952177,-0.29027674,-0.011101814,0.66728735,0.26561356,-0.67130697,0.01177302,0.5013745,0.7383945,-0.74511975,-0.47183418,-0.6341439,-0.5976097,-0.315308,-0.39864084,-0.5686074,0.7518527,-0.13412969,0.03894709,0.7600734
2.3094397,1.7516601,1.2068132,0.21883589,0.48141545,-0.787161,0.027768157,0.030795295,0.38997585,0.276483,0.6096405,-1.3208467,-0.0863302,1.0672661,0.29074514,-0.4491466,-0.3122366,1.7973032,1.6887746,0.7005885,-0.7021144,-0.20408703,-0.39872676,0.6599332,-0.68664014,0.17986974,2.9120836,-0.6421811,-0.47030136,1.1800694,0.7124643,0.4586494,0.60568535,-0.74442446,0.20765398,0.5201978,0.15370634,0.3616286,-0.5430097,0.27615088,0.08788698,0.25221503,0.047011174,0.93330455,0.214701,-0.2742094,0.41693795,0.59765834,0.8183872,-0.37154007,-0.3868762,-0.6058599,-0.6024467,0.2921909,-0.2935321,-0.19239593,1.2025566,0.38977993,0.17101264,0.7459987
0.12753151,0.18056762,1.0351446,0.61746407,0.48820642,1.7768732,0.26399973,1.6383173,0.08265867,-0.07528773,1.0308853,1.0499601,-0.034705263,1.6451981,0.29282504,-1.1289163,0.8696588,1.4793642,1.3414668,0.54336756,0.7219281,-0.74827814,-0.27144623,1.3554718,-0.3195462,-0.26054326,2.7185051,-0.7780348,-0.090736054,1.0441365,0.7659761,0.4765389,1.117523,-0.2787481,0.37303227,1.2960645,0.33434945,0.75375366,-0.13426661,1.0925859,0.5206798,0.5296952,0.091365665,1.4358977,0.72507554,-0.109111264,1.088719,1.0205259,1.3227563,-0.052841328,-0.16442472,-0.3300266,-0.28623277,0.4552239,-0.13538729,-0.19433896,0.5870372,0.21301268,0.7918985,1.2133031
5.542747,0.12557352,1.1063005,-0.4138169,0.49182826,3.251216,0.5720935,2.888385,0.5771164,0.9667778,1.5997409,0.4097341,-0.9152038,1.0258039,-0.35585943,-0.1402641,-0.78357834,1.3650112,1.3104804,0.13202024,-0.35674286,-0.810474,0.48542398,1.766173,0.22379091,0.34094757,0.82979447,0.65009296,0.7626248,1.032556,1.1886188,0.7859646,1.0184287,-0.58727676,0.26267874,1.5540378,0.6602299,0.9696519,-0.16239709,0.80690056,0.53238684,0.58465934,0.055803657,1.7592554,0.465725,0.01655163,0.8084386,1.0769078,1.3316302,0.1167105,-0.12859869,-0.5127387,-0.5645622,0.6844956,0.11361928,0.1599396,0.8235431,0.72025883,0.64627963,1.1663704
5.1792793,1.0970192,1.4450805,-0.27137116,0.48005727,1.0576129,-1.3094949,1.7912005,0.4397312,0.16234219,-0.38531646,1.377053,-0.22557263,1.9045888,1.2714076,0.094490424,0.8918722,1.137618,1.4747471,0.020249965,-0.89664024,-1.1783928,-0.8255356,0.36545208,-0.77951366,-0.17175306,1.7392596,1.4600614,0.3180975,1.4496052,1.2392567,0.74083734,1.4841378,-0.8850883,0.54772425,1.8128988,0.63341206,1.2545435,-0.37436822,1.247578,0.49509814,0.5636694,-0.09897851,2.1610801,0.75908214,-0.23681802,1.0522764,1.4843261,1.7009534,-0.23137216,-0.34138662,-0.63165355,-0.65880674,0.73405224,-0.15065333,0.29468247,1.2667651,0.6133325,0.9179533,1.7221547
-0.24766234,1.6243312,1.8840251,-1.5805527,0.49454463,-1.3458437,1.5588578,0.60159373,1.2639501,0.25743264,1.0827363,0.21302602,-0.49790168,2.509841,1.6323905,0.45195293,0.08321627,1.7374372,2.0395257,0.3520654,0.5283774,-0.8143698,-0.707872,1.2645814,1.0651405,0.3923941,2.4360921,2.7821522,0.8044851,1.8195436,0.6492395,1.2024357,1.4944332,-0.47029117,0.6519482,1.3004506,0.4301421,0.59284675,0.12515102,1.4277056,1.1302009,1.1067841,0.17239584,2.229233,0.955035,0.4246828,1.2648646,1.8037221,1.9875239,0.62988627,0.11880041,-0.33921006,-0.21012755,1.1197454,0.4743531,0.18066728,1.8572146,1.0638981,1.5038577,1.8550317
-0.3568191,1.8192662,1.6864647,0.27750695,0.49590284,2.8769674,1.6954527,2.849607,1.1759775,0.23596407,1.6229981,1.4279974,0.9470881,2.7585576,0.6824747,0.7070707,0.8226369,2.2288754,2.1636817,1.1335539,1.5202281,0.8657423,0.8924024,0.9313392,0.46568787,0.73680776,1.5504838,1.7355679,0.32282203,1.8109965,-0.18405223,1.4542065,2.2494767,-0.19505978,0.6328512,1.3492497,0.681159,0.5187429,0.26117468,1.3760465,1.0493456,0.9240924,0.44796517,2.4960325,0.84629303,0.5265152,1.3896829,2.2760026,2.5790205,0.5699262,0.14347382,0.15924078,0.2904097,1.2334863,0.5490135,0.15122065,1.5341339,0.80564696,1.2717752,2.4225209
-1.9697871,0.048972234,0.54946756,0.62111515,0.48277366,0.80824715,1.6205758,-0.58547974,1.3598136,-0.17804553,1.44121,1.3481333,1.6926734,1.6911911,0.25533515,1.3244145,1.6258699,0.74542016,0.7103356,1.4837962,1.9883617,2.53633,2.6554122,1.6622617,1.668697,0.2216399,-0.48487166,0.7942901,1.1248492,1.0198326,-1.355792,0.8165115,0.4837507,0.33487582,0.7224481,-0.5070602,0.3695863,-1.1918838,0.84209234,-0.5262628,0.7785985,1.0181507,1.6568189,0.2917278,-1.2837378,1.5750422,0.96118957,0.22159827,0.48822096,1.4665332,1.7729788,2.0184433,1.9032825,1.2099332,1.396313,-0.07855457,-0.47098577,1.2851857,0.4998602,0.716795
0.38749385,1.2504084,0.81960076,0.37875462,0.492281,3.2583454,2.33178,1.539837,1.1040353,0.39136958,1.3513327,2.4823108,1.6735859,2.514464,0.086470775,1.2501234,1.6761554,1.4534605,1.5322884,1.3879689,1.6897328,2.6336732,2.5784717,1.3515701,1.227363,0.8691635,0.35696417,1.0630058,1.4269228,1.6112143,-1.2946843,1.056072,1.3645209,0.73789,0.71517885,-0.3405212,0.10329964,-0.8474795,0.8866225,0.3940333,0.824359,1.1061524,1.3444858,1.1335175,0.031548373,1.3070282,1.25298,1.5881822,1.713798,1.3419076,1.399607,1.5440041,1.520883,1.2556334,1.2021395,-0.21637057,1.0542697,1.2144518,0.8687243,1.7303545
-1.9673622,1.2203883,0.6689802,0.20025194,0.49182826,-0.75243485,1.1534066,-1.883266,1.1749754,-0.43666652,0.9878661,1.5720688,1.7513703,2.0491617,-0.37908995,1.3824457,1.103749,1.0023971,1.3753903,1.0666059,1.5832089,2.6085165,2.757843,1.2572173,1.4371383,0.5989577,-0.6015479,0.88293093,0.5775719,1.1639025,-1.45826,1.0271063,0.9886786,0.43625015,0.6396442,-0.619795,0.30424926,-1.2102392,0.642187,-0.10711381,0.8644579,1.0845836,1.5550579,0.3245878,-0.28776136,1.2708018,0.9496409,1.1768249,1.1708007,1.1847088,1.7052013,1.7892536,1.7334483,1.3005016,1.2428565,0.16698636,0.0733438,1.018018,0.6763672,1.3042489
-1.9475403,1.5553583,0.7415799,0.86193806,0.49318644,0.02045641,1.585743,-1.4456729,1.9076377,0.260484,1.2490486,1.1805352,2.6137362,2.052217,0.32629076,1.3322031,2.057487,1.1152965,1.5190284,1.1784086,1.6252884,2.177451,1.8908225,1.4367266,1.2736396,0.7311188,0.114725664,-0.050410546,1.1237917,1.449529,-1.12393,1.0083092,0.91118085,0.21346721,0.6206848,-0.47910511,0.5242226,-1.0462726,0.34342143,-0.443392,0.5548614,0.9992905,0.980799,0.94473916,-0.2597805,1.0736616,0.7451512,0.9440743,1.0762312,1.0231414,1.1680554,1.3154556,1.2491156,0.9586394,1.082522,0.29273987,0.23817354,0.76079863,0.19089206,1.1925683
-1.9048388,1.8608607,0.6547676,1.4187632,0.492281,0.03178835,0.2195383,-1.0721934,2.0497298,-1.5692474,0.9570757,1.6982661,2.370359,1.7541223,-0.9388582,1.3725905,1.0382242,0.8487623,1.3679177,1.1282359,1.3931557,2.271475,2.2685611,0.74589163,1.5850112,1.0416688,-0.52971995,0.23009536,-0.04300996,0.93237907,-1.5298024,0.76761144,0.86683774,0.43539485,0.6494407,-0.7910935,0.10644711,-1.2504109,0.73150635,-0.62853277,0.6664959,0.9229024,1.347047,0.46299362,-0.75968266,1.2450209,0.8075684,0.7356056,0.9190792,1.1136246,1.351183,1.5241632,1.3983314,1.0732713,1.1379712,-0.11083949,0.5614014,0.9908762,0.277928,1.0164828
-1.8802723,1.3501188,0.83928597,0.26967683,0.492281,0.27156475,0.35410058,-1.4010549,1.7604848,-1.1649238,0.6465603,1.6828885,1.7832701,2.0262122,-0.04655395,1.2758667,2.117824,1.4590182,0.8962576,1.3321575,1.9964007,1.8253087,1.9075601,1.2311925,1.6461713,1.3278464,-0.7445605,0.6303671,0.03180858,1.0592021,-1.0174674,1.0820271,1.7130473,0.16305804,0.6487405,-0.18657929,0.40464008,-0.5659741,0.6710804,0.29313368,0.6363808,0.95507026,1.2011646,1.0140898,0.016581217,1.0972552,0.9022797,1.6918306,1.7777315,1.1331058,1.5144818,1.4876575,1.4546026,1.1777418,0.9908349,-0.0787444,0.38700312,0.9898748,0.7353676,1.7929682
-1.9183346,1.3499764,0.09499268,-0.106266275,0.49137554,0.6655845,0.9363406,-0.1816774,1.1608282,-1.2467004,0.70333916,1.1177412,1.7936143,1.8555816,-1.4618813,1.2730774,1.5942641,0.7435093,0.31148317,1.3775238,1.9121875,1.9502499,2.0484529,1.4027048,1.1031541,0.9922937,-1.1673038,0.7211561,0.3642229,0.47808275,-1.3157942,0.9101102,0.8453549,0.39412025,0.6777345,-0.9462672,0.19705138,-1.2118098,0.6625482,-0.53262407,0.66232455,0.83140874,1.3376955,-0.100352466,-0.795733,1.3209454,0.84168524,0.75282836,0.849761,1.1211654,1.5980052,1.7906486,1.7213222,0.93351305,1.1823347,0.013773093,-0.026443876,0.91578484,0.34851283,0.9674962
-1.929089,1.0490111,-0.07830819,-0.26055852,0.492281,0.33081055,-0.14785334,-0.7303116,0.7268798,-0.97062576,1.3559874,2.0741596,2.2611816,1.480743,-0.8462868,1.1336458,1.6007727,0.1827756,-0.09982489,1.4530919,2.0271077,2.6530282,2.402673,0.6854454,0.9941437,1.2645609,-0.5276224,1.0966493,0.6134838,0.10410884,-1.7254498,1.0854166,0.58287966,0.42869172,0.73014504,-1.0354127,-0.0020877495,-1.1604958,0.7039012,-0.9145536,0.7228419,1.0109547,1.6598151,0.11355017,-0.902248,1.3825375,0.87970316,0.5369408,0.74340504,1.1729252,1.6488163,2.0469193,1.99593,1.1947681,1.2382565,-0.14239778,-0.27873614,1.1185632,0.22476363,0.8738873
-1.3349313,0.17900945,0.7670501,0.018213307,0.49137554,1.1793423,1.2303641,1.9941039,1.4431659,-0.60220057,0.8955257,1.7980565,1.431214,2.5066373,-0.1842266,1.4128505,2.051025,0.9777292,1.2154548,1.3439171,1.4899819,1.1577324,1.3139385,1.2782302,0.85071445,0.76865715,0.012154837,1.5397285,0.9990451,1.2953368,-0.8432046,0.8193546,1.0466859,0.38738853,0.6904835,-0.4656225,0.33524206,-0.75080615,0.59344023,-0.22792037,0.7269842,0.74591285,0.92380214,0.89165604,-0.13655695,1.1130391,0.75527894,1.1219143,1.3227954,1.1191338,0.9518504,0.78514636,0.7393665,0.87931615,0.751534,0.09374259,0.8205769,0.7417661,0.28255638,1.344659
-1.723384,1.3160177,0.79707474,0.9542293,0.49454463,2.5770383,1.266835,-0.28903076,1.6443096,-1.5233729,1.1834652,1.3102615,1.6717404,2.1753564,-0.57737654,1.0019634,1.1666733,0.8608778,1.4021363,1.2442359,0.9339298,0.98913294,0.62345564,0.5275441,1.5502203,1.5446446,0.39332777,1.0437409,0.2694644,1.3207804,-1.2376655,0.7806409,0.8485571,0.3049102,0.69239175,-0.87809443,-0.2509788,-1.0930957,0.52335566,-0.85147315,0.45942172,0.8437393,0.81495047,0.30654573,-0.1530678,1.018741,0.26741624,0.92002773,1.086954,0.99444413,1.0774767,0.8299299,0.85822976,0.71176946,0.7085842,-0.35766673,0.58495617,0.5976569,-0.07300978,1.15003
-1.2517773,0.83792794,0.68992126,1.5579041,0.492281,3.8473299,0.8740802,1.9795843,2.0383787,-0.10110871,1.2493539,2.2922297,2.4849336,2.0442255,-0.28686404,1.2353853,1.4960605,1.3289042,1.3726257,1.56688,1.7611052,2.2483459,2.0013173,1.2195944,0.70504004,0.83376455,-0.41053167,1.2022713,0.4904455,1.2449541,-1.3119872,0.8668118,0.8099928,0.16671056,0.5398971,-0.27233866,0.35576862,-0.65610766,0.2989257,-0.6927641,0.55077827,0.7335766,0.8110348,0.527005,-0.42946678,0.91647667,0.38928694,0.7236893,0.94779277,0.87593186,0.9637216,0.9588462,0.84945637,0.88140726,0.7898407,0.035019726,0.36899826,0.80739206,0.14090034,1.0538687
-1.7298156,0.8606818,-0.58334655,1.1551594,0.49001732,-0.049466863,0.06420497,-1.6925551,1.6706735,-1.4639868,1.5780704,1.3240328,1.7199717,1.2144346,-0.594378,1.1383765,1.1816633,0.24431796,0.069849476,1.1189871,1.7369666,1.0698524,1.0017146,1.1778215,1.770677,0.7795045,-0.48256528,0.37408793,0.61204433,0.1247674,-1.1791565,1.0284903,0.24554725,0.65106803,0.5179857,-0.5652112,-0.21782258,-0.6719881,0.98469967,-0.614532,0.6247367,0.9940281,0.588453,0.29932252,-0.4208813,0.9572734,0.41187388,0.14180717,0.25580493,0.7785645,0.54678,0.62657773,0.5155762,0.8780972,0.8124475,-0.6300381,-0.5549631,0.8971785,0.24945931,0.2905423
-0.3809079,1.3236032,0.2042755,1.6610813,0.48911187,0.6384111,-0.14637673,-0.026235413,2.1658692,-0.24325268,1.5159088,1.9742043,0.19930579,1.8735877,-0.7277623,1.2579836,1.1217892,0.61576235,0.4806541,0.89601773,0.07107687,-0.15848882,-0.2599095,0.7614322,1.1144907,1.2581655,-0.21064524,1.6717843,0.8963543,0.19763352,-0.7122924,0.62264705,0.24706805,0.95259523,0.48076218,-0.15181035,0.008629182,-0.8201755,1.1108938,0.12717038,0.58752245,0.7190914,0.062412776,0.38058132,-0.1544065,0.7304639,0.6185097,0.22059087,0.2994067,0.6978616,0.13882963,0.09998919,0.011158901,0.54167885,0.44079196,-0.40877658,-0.013472613,0.40502074,0.61280763,0.20298415
-0.36708418,1.854884,0.5315284,1.075405,0.49047005,0.26910204,0.5127849,-1.0918858,1.8826407,-0.5617781,1.5409611,2.2018912,0.27943113,1.6956908,-0.24933442,1.4440739,1.4028966,0.9395937,1.0528326,0.88400126,0.35789722,0.19073004,-0.7004651,0.74880815,0.72423685,1.3803687,-0.42692608,0.26014826,0.34194887,0.8583941,-1.1750834,0.5523622,0.2667471,0.5712527,0.5147018,-0.8833755,-0.3148,-0.8170695,0.53712654,-0.5611712,0.34891137,0.5762885,0.17051552,0.25216788,-0.10019485,0.68384963,0.343669,0.21077965,0.38517973,0.5811932,0.10226445,0.05379519,0.087568104,0.5195879,0.32318914,-0.37250274,-0.09603665,0.44079855,0.13136293,0.34935808
-1.648841,1.1180271,0.520266,0.9143066,0.49092278,-0.90162176,0.19890034,-1.6304915,1.1985089,-1.4111083,1.1144129,2.1044016,0.82987076,2.1713605,-0.33362582,0.81222594,1.5104258,0.89036834,1.0340719,1.094702,0.9549553,0.24617584,0.23679577,1.0105826,0.96419597,1.1636834,-0.10588501,1.0419745,0.08751446,1.0359178,-0.92399085,0.64559746,0.3269972,0.9235197,0.6254249,-0.5241594,-0.1886327,-0.916033,1.0321373,0.06512265,0.5879335,0.8625316,-0.21651624,0.29855162,0.10693821,0.5581078,0.42340803,0.33577377,0.40050128,0.6433527,-0.18340956,-0.41424137,-0.5831663,0.74094254,0.41707972,-0.4130122,0.057144374,0.5355728,0.5960405,0.3988452
-1.7043002,1.4099741,0.45836273,0.98230064,0.4877537,-0.9732244,-0.036676977,-0.49024326,1.4971925,-1.0569371,1.0758116,1.1508994,0.6892496,2.2227538,-1.0143547,1.0410379,0.8543953,0.3785286,0.4550164,0.8624494,0.48115847,1.7568849,1.6738485,1.6108099,0.48637828,0.91318864,-0.49236062,0.83320695,0.2547655,0.5135475,-1.0599436,0.88125926,0.41983795,1.0315814,0.40491515,-0.70180583,-0.31127575,-1.1637822,0.878269,-0.34153855,0.411327,0.6804658,0.5269773,-0.025309745,0.067379564,0.6202405,0.44515425,0.49127182,0.5355218,0.62681025,0.41047272,0.25135547,0.24947551,0.68365043,0.6021909,-0.8258227,-0.08170082,0.4474638,0.25197077,0.58862907
-0.4462718,1.454686,0.95612794,1.1585335,0.49001732,0.29106274,-0.07002414,-0.8308837,1.0750872,-0.4746289,1.5011563,1.6596854,0.65916204,1.8635259,-0.6639255,0.8287757,1.777917,1.3194213,1.4627588,1.2901618,1.7292562,1.6731727,1.687162,1.4114765,1.1229324,1.0422965,-0.5354964,1.4187192,1.1374424,1.2913064,-1.248816,1.0139592,0.6446568,0.7989489,0.6384579,-0.5354539,0.049042992,-0.91220987,0.8202938,-0.48606047,0.5915435,1.0634387,0.6713528,0.42382377,-0.06610922,0.8450949,0.53512764,0.6758352,0.8703487,1.0001538,0.69937783,0.5088605,0.5312419,0.8158754,0.8093846,-0.32692865,-0.21630207,0.46692762,0.044212423,0.8722873
-1.6667651,1.449988,0.29865685,0.5620576,0.49047005,0.76803595,0.39190233,-1.6430085,1.4802374,-0.2857447,0.87127185,1.8625137,2.1658852,1.6292105,-0.30975285,1.0822552,2.1974883,0.8705655,1.1885406,1.3152947,1.4095112,1.5437229,1.0821579,1.3751022,0.874838,1.1249828,-0.22696584,0.34722835,0.1589241,1.0812205,-0.8034236,1.0562602,0.63707757,0.5504402,0.5084719,-0.47144264,0.07417576,-0.5386786,0.52483594,-0.6943447,0.41475257,0.5992047,0.5450706,0.60902166,-0.097765975,0.9093678,0.42026627,0.68237436,0.8581918,0.9119698,0.5345804,0.8678377,0.8923345,0.7202104,0.6790021,0.084621824,0.05069422,0.30391142,-0.16780314,0.85708773
-1.7825334,0.3513585,-0.5989445,0.7225811,0.48911187,-0.54368025,0.8595191,-1.7380162,0.8431167,-1.0022517,0.8317782,1.8596742,1.6327767,1.8157655,-0.7991901,1.0870138,1.5176495,-0.25910032,-0.27816525,1.2280896,1.8366834,1.8519912,1.9858953,1.1561489,0.4484545,0.8505582,-0.76773113,0.15270595,0.57492965,-0.0055221664,-1.103815,0.9194779,0.51069796,0.8584878,0.6059306,-0.6432615,-0.10246865,-0.8857,0.7786644,-0.4001142,0.65814745,0.8589265,0.20329303,0.12447116,-0.21286176,0.8535565,0.38909346,0.62582505,0.7428644,0.88758117,0.7135989,0.6480174,0.6465225,0.5358846,0.61267835,-0.1921466,-0.015521154,0.5132243,0.10272973,0.7394523
-1.7604973,0.3516145,0.27382833,0.06093978,0.49001732,-0.20572801,0.58543277,-1.7160245,0.98998487,-0.46724162,0.8925703,1.8077095,1.3569312,1.6274389,0.015931178,0.9707815,2.296229,1.0735644,0.9257078,1.0513994,0.8419208,1.7015946,1.015925,0.8503738,0.836497,0.8467562,-0.6836937,1.3144953,0.5578493,0.97315526,-1.5740402,1.0077823,0.5928742,0.46073318,0.6940053,-0.7411795,0.028695442,-1.0711172,0.6398563,-1.1100543,0.5248986,1.0500091,1.0164895,0.41374004,-0.5139605,1.1632255,0.74539864,0.64993256,0.8676123,1.0554069,0.9639152,0.8048437,0.8377305,1.0458436,0.8909837,-0.20005094,0.4148473,0.86262625,-0.045766924,0.8856274
-1.8374654,1.0450213,0.8277187,0.2895866,0.49092278,0.22224025,1.1806878,-1.7709603,0.4804237,-0.212562,0.91721535,1.6103839,0.078622356,1.4338664,-0.21392086,1.5559734,0.73666,0.87269604,1.2155567,1.0071657,0.96318877,2.0735703,1.6783593,1.2002817,1.4664887,0.96201354,-0.6960324,0.9209616,0.37298006,1.244112,-1.5843041,0.82990474,0.23698166,0.6981779,0.60580283,-1.193806,-0.5498467,-1.4437648,0.81225616,-0.89030886,0.64613587,1.1559505,1.1048285,-0.3114102,-0.5349437,1.0094621,0.64552236,0.33266133,0.42928928,0.9176254,1.0572604,0.95545214,1.0196421,1.090032,0.93716735,-0.710332,-0.27345,0.7901612,0.14505461,0.4899957
-1.8452677,1.5527531,1.1761771,0.38594326,0.4895646,0.2198282,0.28118283,-1.3698496,1.3178823,-0.41296464,1.3916343,1.7759452,1.5429479,1.9399241,-0.8469456,1.1378171,1.7305655,1.1362946,1.2970414,1.064941,1.2760123,0.9458578,0.91684294,0.55557644,0.87940836,0.9096955,-0.80697984,1.2382756,1.0877774,1.1161153,-1.2912232,0.9364742,0.25242496,0.78841245,0.3279925,-0.8586149,-0.32464963,-1.1139129,0.7684802,-0.5939601,0.498746,0.9381141,0.8280286,-0.018565439,-0.11314249,0.7036951,0.7389145,0.23908414,0.37746683,0.7280437,0.61918706,0.6409488,0.70691824,0.7783341,0.6299385,-0.79229057,-0.32177916,0.6582701,0.07234781,0.3638998
-1.03438,1.2397789,0.082943276,0.35559046,0.4895646,1.1583848,0.61358106,-1.9087346,1.4744865,-0.27991238,1.2197472,1.3462542,1.4149438,1.7670695,-0.38227102,1.3140118,0.81148565,0.94716024,0.25300217,1.267166,1.617756,1.3958874,1.6346061,0.98026896,1.2194197,0.781549,0.24146552,1.721172,1.1148797,0.3909878,-1.4286135,0.92348206,-0.20959167,1.20135,0.62995666,-0.5049737,-0.44869542,-0.78878057,1.5299464,-0.26303867,0.8289526,1.0856949,0.7851426,-0.023263324,-0.34354246,1.1423662,0.7234644,-0.22102892,-0.1199164,1.0448248,0.73105407,0.8638429,0.8255206,1.207402,1.0511502,-0.8211081,-0.7870155,0.9835173,0.6730378,-0.043825116
-1.9771676,1.7305899,0.20168039,0.918602,0.49137554,1.5703167,0.16582693,-1.8917844,1.5710478,-0.18752605,1.2035482,1.2851198,2.3841133,2.0757024,-0.15802044,1.1152772,1.7508553,0.96925807,0.8415071,1.3445528,1.7220383,1.5897247,1.3628954,1.0950594,1.6183617,0.790119,-0.46397522,0.4650477,1.3175459,0.6735852,-1.5640097,0.9650699,0.37313807,0.92511004,0.40277517,-1.1426558,-0.14489076,-1.4196773,0.9362342,-0.7328262,0.8208566,1.2072718,1.3966112,-0.4834311,-0.18851742,1.0000825,0.7661442,0.5846231,0.60957205,1.1855016,1.2829895,1.196373,1.2598087,1.1613623,0.99713784,-0.69851655,-0.51743245,0.9708445,0.26039714,0.7005372
-1.4262664,1.5558468,0.89642906,0.17911306,0.49137554,-0.6786272,0.9608194,-1.4516891,0.6581642,-0.5723093,0.7044277,0.4083024,1.6830388,1.1667117,0.60028887,0.86265415,0.96012443,1.3444556,1.2395835,1.4461173,1.3891978,0.71303475,0.5263167,1.3550057,0.6183433,0.41883862,-0.5022182,0.91803443,0.36543593,1.3452383,-0.7157314,0.5526354,1.0912101,0.7183816,0.1789458,-0.41702643,-0.11705121,-0.51709294,0.38506228,0.22767518,0.5587747,0.1324561,0.427629,-0.10370883,0.7095335,0.23883782,0.27792418,1.2407566,1.231634,0.5641731,0.43245286,0.22576584,0.35135004,0.5107197,0.34415457,-0.7755829,0.47325504,0.2529361,0.2243024,1.1608666
-0.5736083,1.8067235,1.0780863,0.84015054,0.4759827,-0.9063056,-0.68306863,-0.7788987,1.0691454,-0.39351556,0.8415896,-0.5873454,0.3842941,-0.001497681,1.0608461,-0.5024007,0.13547742,1.5625412,1.4749389,0.9442739,0.45987865,-0.9331471,-0.44047529,0.11284007,-0.13321,-0.8758099,2.9192088,0.21581016,-0.2651249,1.4353288,-0.99836564,0.9723772,1.026383,0.68142205,0.47943652,-0.5598155,0.4141175,-1.0001547,0.8675056,-0.23935646,0.94673175,0.69024956,1.0310502,0.43391111,-0.17081349,1.1680359,0.47754014,1.1375244,1.2732184,1.1645718,1.1530509,1.3607898,1.24011,1.178098,1.1295079,0.19343221,0.709762,0.91483206,0.5136855,1.3595753
1.6137835,0.5292777,1.1528223,0.5612868,0.32522357,0.030664872,-0.08748787,0.605809,1.6130023,1.0869129,0.36219096,1.8116416,-0.1804589,0.51578003,1.3119682,-0.21463993,-0.39231336,1.3156732,1.250715,0.9125251,-0.034532186,0.063553244,-0.8286331,0.6668775,0.020096183,-0.4681062,-0.5254617,-0.61690944,0.33365032,1.2509888,-0.85740274,0.7407325,1.3170892,1.3102409,0.5899935,-0.67938876,-0.06814067,-0.83318543,0.96982074,0.7803614,0.77567756,0.7222627,1.2603993,0.1791713,0.86789185,0.51972127,0.86596096,1.5545315,1.4456716,0.9580554,0.73499775,0.76916045,0.79742527,1.2828115,0.6850654,-1.0608754,0.5294896,0.639579,0.8512256,1.59905
0.14799333,-0.95745474,1.8548219,0.95485634,-2.7352319,-0.37279272,-0.19590464,-0.21137309,-0.12571837,0.29662126,0.6190904,0.1667635,-0.4407885,0.8472432,2.033675,-0.89088356,0.40952954,1.3849937,1.3245841,0.3557845,-0.43735084,0.15012375,-0.5237388,0.037394248,-0.6467995,0.6049338,0.13234086,-0.106186494,0.5181176,1.1002587,0.09502787,0.43384963,1.0945253,-0.0049311575,0.17454812,0.68081284,0.2990742,0.21166506,-0.08473095,1.027779,0.40113604,0.4928874,0.32730636,1.117545,0.3463319,-0.08546275,0.81664604,1.0933658,1.267414,-0.042155597,0.05271618,-0.16188802,-0.19834745,0.64651155,0.049303822,-0.42426842,0.49535725,0.49807107,0.8396591,1.2473704
0.14451395,-0.13324106,0.82953966,-1.6155349,0.41214776,0.705123,-0.20111667,-0.22145624,-0.22008957,-0.6875148,-0.8589525,-0.55795735,0.3016334,-0.6883822,2.5330455,-0.026300702,-0.38383985,0.65928286,1.3774014,-1.118744,0.05788838,0.22911687,-0.45936102,0.39550778,-0.5982248,-1.0464606,2.034821,-0.9823385,-0.899586,1.2929245,0.20801577,0.69823706,1.0320479,0.022167865,0.14725335,0.22785038,0.105200626,0.046465404,-0.22382289,0.7193517,0.5432201,0.42438155,0.56213814,0.83006704,0.61926883,0.055930845,0.91376215,1.3675178,1.4827987,0.16796304,0.17401302,0.20134756,0.22194308,0.6228802,0.09858273,-0.76742804,1.1215316,0.59342027,0.6723586,1.4084551
2.639471,2.2502456,1.1813666,-2.0234833,0.47734088,2.0952392,-0.37530813,1.6186874,0.42170468,0.20939417,0.80302346,0.6629024,0.66676927,0.10298589,0.6656019,-0.5126594,0.11118038,1.7751753,1.9038601,0.31145927,0.012341069,-0.24702078,-0.6332276,0.8993811,-0.5240213,0.80010843,0.22706403,1.3849783,0.80451715,1.3575058,0.85571206,0.5995463,1.1025494,-0.376363,0.19703457,0.8228826,0.12803309,0.36474702,-0.21760902,1.2912164,0.43268916,0.37196276,0.1371934,1.0044144,0.8614177,-0.25855288,1.0513924,1.3461652,1.4368863,-0.20828028,-0.13572966,-0.31637886,-0.39137697,0.476154,-0.15439934,-0.5633419,1.0857177,0.4473256,0.7674283,1.3662685
5.3743377,1.7509482,0.44342682,0.87297297,0.49771374,4.374036,0.963363,2.8532817,0.7828933,-0.11388311,1.8178377,1.1606628,0.74680334,0.9161923,-0.3465132,-0.058990825,0.21045619,1.4702939,1.4400896,0.95421356,0.6754703,0.9444224,0.43592048,1.3872201,0.61918056,0.71912956,1.7342681,1.5055441,1.3814487,1.5042078,1.1667538,0.32619184,0.7308598,-0.56292814,-0.029280204,1.4650128,1.2289877,1.2428308,-0.673324,1.3038461,0.33633485,0.30549332,0.18915556,1.4065666,0.46807715,-0.3935843,0.7246077,1.0373664,0.9655997,-0.3483053,-0.11003488,-0.32232255,-0.40239975,0.4000651,-0.13581164,0.06737791,0.61510754,0.6423702,0.96795326,0.92477256
5.271735,0.7924595,0.38661677,-0.30288145,0.492281,3.79699,1.3938838,2.3626294,0.056737576,-0.021838613,1.3366375,1.7574759,0.38794714,1.0733202,0.013589756,-0.26517686,1.1666005,1.0026176,1.3996567,0.69976175,0.3760871,0.21888186,0.19525266,1.0660192,0.4878796,0.7754601,-0.092601515,0.22304259,0.7197141,1.6757756,1.068767,0.29953235,1.1018432,-0.5012727,0.23026253,1.1236387,0.28322616,0.8310519,-0.5220518,1.3060486,0.28524894,-0.102599405,-0.026980836,0.9706658,0.80861694,-0.39102146,0.88739365,1.1062891,1.2629894,-0.27591744,-0.19775273,-0.32475525,-0.35324696,0.13225363,-0.38753852,-0.2570477,0.752955,0.2080994,0.641475,1.233531
-1.1371619,1.1723359,1.6012697,0.2245173,0.4877537,-1.3185855,2.1268294,1.217686,0.3576599,0.7725925,1.3424319,1.5688162,0.9298518,2.4440565,0.69818133,0.85880417,1.8407208,1.9913809,1.8670658,0.79322135,1.513127,1.9258385,1.4033017,1.4976196,0.029445006,0.59379387,1.5111958,0.53890204,-0.019876352,1.7517167,0.0008639619,0.50814706,1.1295711,-0.46922228,0.38341612,0.35025042,-0.013433825,-0.016309261,-0.21232891,0.43722284,0.25039783,0.32756755,0.40611377,1.290429,0.40582606,0.25758183,0.46537,1.0381286,1.3634754,0.22848304,0.42837435,0.20895794,0.29439673,0.4263863,0.3332647,-0.05198839,1.1471153,0.48668557,0.38838527,1.3591404
-0.8989809,0.8685102,0.9028597,0.45274785,0.49092278,1.7992256,2.5359519,0.33626634,0.8862587,0.08135358,1.2564068,1.4356732,1.648683,2.2838418,0.11189662,0.9811714,1.7994041,1.7009394,1.8351681,1.2403153,1.2650698,1.7833635,1.3247945,1.6694977,1.4759306,0.7480212,1.2308493,1.7859591,0.6814012,1.6626542,-1.1222425,1.3734436,1.318332,0.24591246,0.48615766,-0.19925898,0.2784895,-0.8275355,0.803865,0.46950427,0.9197051,1.2499968,1.4187316,1.1981595,0.19295083,1.3514016,1.0630596,1.5034131,1.7840309,1.3858004,1.4673003,1.2470596,1.4054079,1.3241926,1.2678041,-0.32218814,1.4757018,1.1778036,0.9863494,1.7361063
-1.1402508,0.4645628,0.80579144,0.2243098,0.49318644,2.5119147,2.1196017,2.1372104,1.309057,0.6176822,1.2451677,1.7858858,1.2417581,1.9944048,0.23789668,0.9352113,0.9360226,1.3281235,1.3209788,1.2574266,1.3170512,2.6873362,2.5586114,1.0992538,0.4465656,0.47519183,1.8005989,1.2604719,1.3837352,1.2862519,-1.3109902,1.1130061,1.0810101,0.3434525,0.59754956,-0.67608905,0.039086126,-0.8642074,0.5376456,0.0049749874,0.97359174,1.2214842,1.5267441,0.6358811,-0.40785664,1.1218909,0.7658,1.2529781,1.2429147,1.2087287,1.4206287,1.4581277,1.5677356,1.1810876,1.104035,-0.1205774,0.96502686,0.85989296,0.7736849,1.2635955
-0.9736753,1.2813507,1.3484633,0.20379604,0.49454463,0.6834589,2.2544272,-0.782082,1.1014435,0.06388846,1.2626692,1.8070766,0.7531795,2.627005,0.21361601,1.1740394,1.6599474,1.5591526,1.7643404,1.5765227,1.3761915,2.0319223,1.7225732,1.8546771,1.0797276,0.89750814,2.682348,0.8111049,0.80953425,1.7208134,-1.5407022,1.0238484,1.2887055,0.15654671,0.6754073,-0.8971208,-0.13808823,-1.470274,0.5256548,-0.3555896,0.65041953,1.2086165,1.7043531,0.44903705,-0.39082146,1.2712934,0.76034206,1.3423809,1.619934,1.2161057,1.6485231,1.6899155,1.7476826,1.3979799,1.2518158,-0.18334998,0.84993714,0.925434,0.49181584,1.710069
-1.5525986,1.2219471,0.7864411,0.28573442,0.49092278,1.4799471,1.6238232,-1.9261193,1.6465305,0.16144188,1.2850301,1.8762748,1.9181408,1.9672381,-0.039975494,1.2792432,1.0578861,1.2747627,1.4274055,1.1192828,1.9002144,2.9374363,2.6637669,1.5416309,1.5066973,1.1080709,-0.57270616,0.88161516,0.5526775,1.4612238,-1.4434845,0.8986067,1.0303843,0.2484932,0.5324349,-0.33716878,0.3688028,-0.92061836,0.5600134,-0.24972941,0.59847814,0.90994686,1.3446368,0.9037086,-0.73703414,1.2632842,1.0860791,0.83423084,1.1670396,1.1135467,1.4047482,1.4798331,1.4280254,1.1833042,1.1585155,-0.0556128,0.2978305,1.1061958,0.565102,1.3334823
-1.1425935,0.96742046,0.2427454,1.3091582,0.48820642,1.2033142,0.1866701,-1.878572,1.8077853,-0.86924803,0.78405267,2.025998,1.6320417,1.6972779,0.13278158,1.4314317,1.586395,0.72303736,0.82673633,1.3105258,1.8501314,2.3324113,1.8616562,1.1130543,1.6221294,1.0219363,-0.6674122,0.56866,0.6360327,0.6841662,-1.3430055,0.9748658,0.6213108,0.26036543,0.55363035,-0.31986094,0.37180752,-0.92875206,0.5804115,-0.6339905,0.5769951,0.9598598,1.181231,0.38570195,-1.0224637,1.331693,0.65105087,0.41895777,0.63780695,1.1518275,1.468106,1.5476319,1.4349731,1.0015428,1.0759076,0.07937844,-0.14132783,1.0092392,0.31860515,0.8628576
-1.8817484,0.99046946,0.17933956,1.0994531,0.49182826,-0.98027366,0.093966275,-1.3027648,1.8120443,-1.2498544,0.9570593,1.8566484,0.8938336,1.4046727,0.3080025,1.333062,0.9445717,0.83552086,0.7426823,0.99899346,1.3710488,2.4164126,1.7685829,0.856542,1.8812573,0.675782,-0.88746333,0.5706396,0.5051919,0.6042669,-1.5082864,0.68579906,0.11497583,0.4196843,0.58644384,-0.63974464,0.1844495,-1.0534099,0.90424156,-0.83738214,0.54125744,0.9054181,1.2104083,0.14892393,-1.2335049,1.5096366,0.7110309,-0.15884933,0.029150452,1.2945817,1.4437382,1.7391549,1.5748956,0.8737024,1.2209748,0.03725297,-0.7645531,1.0789005,0.21973324,0.25992277
-1.8485361,0.9069744,0.7864112,0.54803264,0.49273372,-0.8199062,0.96566397,-1.7860851,1.621618,-0.8212872,1.0961547,1.5372661,1.2211876,1.8316712,-0.104205154,1.3842477,1.5377957,1.1124334,0.75140095,1.389592,2.1887016,2.4436424,2.424073,0.9444027,1.1668352,0.99070436,-0.7718466,0.36039624,0.55694944,0.57501876,-1.325023,1.1201986,0.8086264,0.40487477,0.55626845,-0.6836871,0.19434878,-0.81617963,0.59555435,-0.5555558,0.68175614,0.9923826,1.316346,0.5606932,-0.4670266,1.2638992,0.6231218,0.8709894,1.0462078,1.2122599,1.4188334,1.6654258,1.5293971,0.8947477,1.1671098,-0.06045206,0.44239935,0.9602349,0.33193776,1.070704
-1.9189671,1.8657116,-0.56388694,0.58707863,0.49047005,-0.4082162,0.6307685,-1.4572773,1.2980585,-1.5239933,0.88960856,1.1363308,2.2533596,1.8705587,-0.9498011,1.5067507,1.2835141,0.10344769,0.0034155976,1.2807945,2.1530075,1.9912256,1.9748769,0.6077055,1.0501943,1.0367229,-1.4979217,0.20280865,0.20228769,0.10428865,-1.2899526,0.6987291,0.43875417,0.11062715,0.53330284,-0.34630626,0.24227595,-0.9796492,0.42975318,-0.8038455,0.335115,0.8185339,0.97428733,0.30251947,-0.72956043,1.0037078,0.68259126,0.20913312,0.39172626,0.7874595,1.2252365,1.2527369,1.0627617,0.8604517,0.8981491,-0.052311376,-0.40571627,0.8126254,-0.026751213,0.6081522
-1.9186509,0.5557653,0.61038643,-0.18219222,0.49363917,2.2123077,1.2434313,-0.14351417,1.1652132,-0.9998126,0.8704005,0.5202805,1.4813788,2.0611415,0.05424435,1.497359,2.567329,0.8715696,1.1208494,0.9451167,1.8110582,2.213264,2.4034736,0.88256615,1.4218342,1.2273775,-0.015599307,0.7162364,0.56955534,1.155899,-1.2337447,0.6192547,0.45827585,0.8236371,0.59586483,-0.7920389,-0.14502192,-1.1677691,0.70425856,-0.7027458,0.6792378,0.6677617,1.1821911,0.21731618,-0.34557495,0.94950706,0.8481964,0.36346248,0.492825,0.84510875,0.893113,0.80936974,0.76337725,0.8888549,0.7596156,-0.50991684,-0.11451512,0.67978597,0.052596413,0.55837417
-1.7351928,0.50436026,0.8929545,0.408213,0.492281,1.3952299,1.0275404,-1.250728,1.5415077,-1.132954,1.0941347,1.4486616,0.20435628,2.1463826,0.20964964,1.0125617,1.9623187,1.8221358,1.5923866,1.3286719,0.92122597,1.5217175,0.86022073,0.3335292,0.028477933,1.5098915,0.5489871,0.70521384,0.5051898,1.5390844,-1.1214137,0.94846237,0.8801664,0.6674991,0.5809072,-0.66330034,-0.10935313,-1.0107232,0.7292883,-0.48812535,0.5636537,0.73498845,1.120979,0.48062584,-0.1899366,0.7887217,0.7459606,0.82567656,1.0432807,0.7608102,0.90313065,1.0381881,0.92669755,0.8118999,0.7928141,-0.5785464,0.0960967,0.7731302,0.25835404,1.0432533
-1.6152071,1.3133768,0.94578207,0.9734042,0.49454463,0.93159145,0.28244042,-0.22875375,1.5616163,-1.1074028,0.97109604,2.4074357,1.8793144,2.4266176,-0.052633204,1.0731766,2.2482078,1.3724661,1.9078097,1.1082247,1.2748986,1.7520779,2.069931,1.357112,0.17207162,1.2544374,0.25004956,0.21956527,0.3073331,1.6547996,-1.3638653,0.8250693,0.9565205,0.11512331,0.54229194,-0.70277053,0.010194929,-1.1265961,0.30919737,-1.0684377,0.2294394,0.8586583,1.1955882,0.66768223,-0.33890998,1.1062618,0.6099875,0.9070497,1.2118754,0.94544184,1.211037,1.2133912,1.2474855,0.73852295,0.8397711,-0.4421872,0.58286273,0.72793275,-0.2554846,1.2232207
-1.682475,1.669114,0.51859015,1.0564882,0.49047005,0.5026713,0.7795864,0.55833757,1.3628643,-1.1491209,1.194034,2.0976658,1.9519652,1.6222278,-1.1040378,0.961726,0.8198133,1.4299389,1.3513061,1.0478884,1.1890876,1.0630008,1.0802001,1.2659358,1.4887747,1.101626,-0.5624003,0.6498072,0.4304201,1.0161875,-1.2383158,0.8126434,0.49199092,0.23937404,0.6026198,-0.40244216,-0.11006876,-0.72767884,0.29119673,-1.1328766,0.32300436,0.5804133,0.7329401,0.16443792,-0.23145165,0.646518,0.060782574,0.5029959,0.63751036,0.662002,0.7832053,0.66348886,0.6438313,0.5999994,0.50660187,-0.25588793,-0.061855823,0.6416681,-0.34111875,0.6737268
-1.7819009,1.6351953,0.20502603,1.0551926,0.4877537,-0.16992399,0.05116211,-0.5129698,1.7192023,-1.2684512,1.4095966,1.7566564,1.8816514,1.1844727,-0.65240794,1.1056144,0.3231822,0.2788841,0.6740421,1.2700051,1.5125095,1.213994,1.2182325,1.3624847,1.2849936,1.4633918,-0.9594605,1.1884081,0.2526253,0.69869965,-1.0167644,0.6674978,0.32737133,0.45653057,0.69809175,-0.40489414,-0.20587727,-0.60950214,0.4939638,-0.7393705,0.28882664,0.644824,0.67892015,0.13509507,-0.56214404,0.74576235,0.56301785,0.10392669,0.3366282,0.69912684,0.6393893,0.8370057,0.7709987,0.8359955,0.54691005,-0.4624184,-0.47573602,0.4468905,-0.06295408,0.45905554
-1.8135315,1.1932322,0.30683884,0.9667397,0.4877537,0.33372656,-0.24020123,1.6793684,1.9448622,-1.2899916,1.3889098,1.6041541,0.96930975,1.2861207,-0.7135857,0.80415154,1.141085,0.6443733,0.71749806,1.2113972,1.0755516,2.285636,1.5486815,1.4114342,1.673172,1.2809868,-0.67827064,0.69139296,0.5515281,0.47199753,-1.362638,0.7867802,-0.13359702,0.8602443,0.4671703,-0.8259682,-0.6087221,-0.94039035,1.0127136,-0.6137956,0.48367336,0.8599563,0.43988997,-0.2098374,-0.3024297,0.6827492,0.26140386,-0.11853008,0.00055875094,0.5793054,0.27896905,0.21742356,0.15093675,0.706684,0.69317913,-0.7352875,-0.36501315,0.7769789,0.21538322,0.07636958
-0.23002179,1.7931491,0.59667766,1.2596146,0.49001732,1.0042386,-0.21516523,-0.2622048,1.1955909,-0.5352147,1.2386465,2.0123405,1.750758,2.2430234,0.021561226,0.98856986,1.2208151,1.1773028,1.3983601,1.2669963,0.9643425,1.5994217,0.8586171,1.1508235,1.1175538,0.920319,-0.40865466,-0.019055238,1.0035653,0.86535406,-1.0856811,0.935904,0.8242888,0.5377071,0.57691115,-0.0830286,0.02503939,-0.5028654,0.45373064,-0.3627522,0.5584548,0.64239687,1.2232591,0.80415833,-0.06155029,0.8485154,0.80957556,0.8785168,1.0918347,0.8823353,0.98732847,0.819168,0.9169434,0.91836953,0.5907451,-0.6074773,0.2528336,0.5787218,0.1468014,1.103994
-1.8014064,1.5956814,0.25946653,1.2447883,0.49092278,0.6762545,0.8953512,1.3754004,1.5381247,0.5237551,1.53751,1.5981479,1.5242257,2.3972573,-0.77404004,0.8184243,1.5718219,0.80945206,0.6626758,1.0104488,0.11531439,0.32107344,-0.37124807,0.69962543,0.8686838,1.4184625,-0.2661034,0.5945409,0.7902841,0.34708184,-1.5478195,0.9369405,0.023825545,1.060471,0.58714235,-0.93786603,-0.5046858,-1.0493339,1.217239,-0.6631995,0.70121235,1.0304886,0.92547494,-0.16908187,-0.42420194,0.95313424,0.6769106,0.102581754,0.12238919,0.85777247,0.7393438,0.7857358,0.6767877,0.952273,0.8584223,-0.87812984,-0.39947724,0.85768807,0.33921278,0.21843761
-1.8796396,1.438607,-0.45294487,0.33007088,0.49363917,2.1068306,0.717993,-1.0989921,1.3451116,-0.1312138,1.574891,1.8358746,1.161828,2.614455,0.08868139,0.9835568,2.0907485,0.38014805,0.47923997,0.97306,1.2594373,2.2680342,2.1588101,0.8922158,1.5139567,1.1136657,-0.5171458,0.75545096,0.8255388,0.33564693,-1.1494937,0.865122,0.74671805,0.43219528,0.64786637,0.07361189,0.24312165,-0.23373523,0.45854163,-0.3843032,0.65858746,1.1293406,0.52043927,0.7671953,-0.09296594,0.6326124,0.40488636,0.78220624,0.86893874,0.70935017,0.49481985,0.2238435,0.22591963,0.95386153,0.644,-0.089096434,0.0786553,0.8355102,0.22262342,0.96397567
-0.6264912,1.5754706,0.898069,0.751451,0.49363917,0.33106583,0.5303624,-1.1833582,1.7706059,0.26904345,1.5222487,0.85028523,1.6772009,2.1081414,-0.43733656,1.1002548,1.6715119,0.86842066,1.2879244,1.2647563,1.4758121,0.78281844,0.95510685,0.7039506,1.2479745,1.3042254,0.26631314,0.6433126,1.2837485,1.0652604,-1.3457645,1.2423055,0.8643782,1.1563314,0.5906473,-0.7480452,0.338347,-0.80546165,1.1315527,0.14072913,0.84650284,1.0027907,0.24778982,0.6907057,0.17904644,0.9374077,0.62130463,0.9888454,1.1253603,0.97604096,0.21203059,0.13917525,0.05223461,1.0951033,0.80015874,0.06573967,0.57008517,0.8747701,0.71350527,1.0169147
-1.6951272,0.31625372,0.5579082,0.44332093,0.4895646,0.95374024,0.89329267,-0.91127425,1.2004575,-0.9055141,1.1939069,1.7767289,1.4015408,1.4225557,-0.67127013,1.1768444,1.5148535,0.42831495,0.50286484,1.4923215,1.8557242,2.1821358,1.8850895,1.0540768,1.5249604,0.6631846,-0.85882914,0.6336927,0.35023674,0.5272144,-0.84230494,0.52717173,0.59335095,0.30061114,0.5351665,-0.1640857,-0.03298637,-0.381285,0.3597397,-0.48729867,0.3180585,0.59990495,0.6786197,0.77722484,-0.39722776,0.82430196,0.3974902,0.39162943,0.57593703,0.7498954,0.7118413,0.6222321,0.6162345,0.6948331,0.49495915,-0.05659534,-0.11271726,0.3550436,0.026506847,0.67178094
-1.2053176,1.7770029,0.8234516,0.21508105,0.48684824,2.6638985,0.52815694,-1.4541651,0.5463231,-0.6065353,1.1394641,1.4380741,1.5994841,1.6252446,0.050551277,0.9772518,2.0305228,1.1388463,1.5881892,1.2529182,1.5648412,2.1634405,1.9277173,1.4099114,1.7499642,0.72325754,0.166189,1.2882166,0.7107023,1.5042912,-1.2585813,0.9220491,0.9961311,0.7604383,0.49669278,-0.16362196,0.43906832,-0.4504394,0.7979228,0.07406942,0.94557583,1.202849,0.7010398,0.669469,-0.068765365,1.0485086,1.170522,1.1047071,1.2308888,1.2283008,0.8612969,0.8144035,0.7448884,1.1084573,0.9923566,0.0023746733,0.5103318,1.0029325,0.5477197,1.1847739
-1.8533862,0.9009711,0.7781761,0.12948479,0.48911187,1.1188741,1.0061996,-0.8421312,1.0675684,-0.638457,0.89962435,1.6510264,1.9171629,1.9850456,-0.513454,1.0219165,1.6627753,0.7728643,1.0311265,1.4554105,1.634224,1.6035516,1.3979563,1.2396358,1.5055145,0.8910157,-1.6702908,1.4251578,1.10278,1.0339174,-1.5733216,0.94321585,1.0544628,0.6474336,0.41217887,-1.2517037,-0.12205803,-1.5703715,0.8952173,-0.5000055,0.73570853,1.3479997,1.5430621,-0.043493915,-0.5794846,1.2488691,0.8595116,1.2137202,1.284519,1.3662999,1.3930721,1.5461344,1.5099398,1.2344946,1.1083267,-0.68746746,0.26225263,0.7849457,0.31331632,1.3314834
-1.9822285,0.8176414,1.0399218,-0.01382859,0.4940919,1.0557472,1.5862579,-1.4040673,0.6103031,-0.7331845,1.2748448,1.9859165,1.2729526,1.644557,0.39085624,0.9931901,0.5991766,0.743613,1.0726907,1.1090579,1.391736,1.4684829,1.2091564,1.4441924,1.479976,0.7391795,-1.2916361,1.2140574,1.5194926,0.92618823,-1.3474367,1.1384183,0.61793673,0.9308554,0.48599517,-0.8935229,-0.20714417,-1.3852139,1.0548638,-0.2814907,0.81819206,1.2285444,0.6239098,0.16331786,-0.0046990514,0.94829684,0.7389123,0.80495554,0.90050435,1.010261,0.4798785,0.5611866,0.53312725,1.1294475,0.86420757,-0.5328527,0.0640393,0.68315476,0.29144132,0.8877494
-2.015019,0.85169876,0.2533961,0.091396764,0.49137554,1.3467357,1.6735009,-1.9160362,1.1430207,0.3148048,1.5313917,2.0602252,1.2210401,1.8226532,-0.78821677,1.0259858,1.155674,0.38454783,0.35040534,1.4056783,2.0292103,1.5261998,1.7830585,1.6341668,1.2090946,0.89834404,-0.9013874,1.243219,0.82477236,0.06294657,-1.6545093,0.93798965,0.53744364,0.6179841,0.55408627,-1.2372493,-0.28215796,-1.3687518,0.74196625,-0.97271305,0.6926672,1.2699093,1.3767924,-0.25164956,-0.62177587,1.1825358,0.67687315,0.68847597,0.7396896,1.1624868,1.295441,0.96721333,1.0514892,1.1853323,1.0951297,-0.5580513,-0.2642379,0.85976964,0.050930552,0.8415165
-2.0171278,1.143319,0.048133593,1.0742778,0.49137554,1.828849,0.8844121,0.21212241,1.3609272,0.3309094,2.0401287,1.8330303,1.5658953,2.1065276,-0.17413558,1.0426224,1.2888657,0.023851367,-0.05050964,1.2154957,0.7068735,1.5644692,1.102191,1.1733099,1.3680186,1.2678231,-0.38309842,1.212605,1.356935,-0.16924462,-1.1987935,1.2655674,0.1626418,1.6208738,0.4901703,-0.62977445,-0.30048016,-1.0328246,1.639789,0.073265426,0.9345029,1.2558572,0.82512575,-0.11881099,0.07801178,0.9703903,0.5602485,0.3798845,0.382977,0.9601674,0.39403948,0.51306784,0.44304448,1.3092188,0.8804056,-1.044508,-0.49633962,0.997567,0.85918593,0.3274436
-1.9016757,1.3195406,0.8259906,0.46510887,0.49047005,1.1203539,0.36192012,-0.09762161,1.2891282,-0.635158,1.2362273,1.6380829,1.5987456,1.9453514,-1.3017899,1.364957,1.7002134,0.94779855,1.0107623,0.96392083,1.1420814,0.97792345,0.5901011,1.0864006,1.3652006,0.96417505,0.4213646,1.1725764,0.89197135,0.9221824,-1.2383531,1.1467067,0.64274186,1.0599687,0.55980086,-0.44369364,0.38999736,-1.124559,0.922035,-0.24207391,1.0051638,0.93785167,0.6993449,-0.015596062,0.24999663,0.8966139,0.55508834,0.71568424,0.7675798,1.0491059,0.54320353,0.79237956,0.70966935,1.1995479,0.92048836,-0.18366842,-0.364758,0.8828345,0.5838869,0.7914681
-1.4824636,1.7935038,-0.07847524,0.091663405,0.48820642,-0.029555734,1.3740053,-1.4963679,1.1434166,-1.0659162,1.1327355,0.8176675,0.47459337,1.4989781,0.23080947,0.8809669,1.8234015,0.47897497,0.28054398,1.0462905,1.3130447,1.479448,1.51222,0.9642422,0.43565214,0.7086202,-1.2774131,-0.5647298,-0.07109732,0.3982636,-0.79348636,0.93485606,1.0020832,0.6009119,0.4093563,-0.5735708,0.4537123,-0.72213024,0.537209,-0.14036685,0.7290558,0.43996674,0.73667425,0.51450884,0.5012952,0.73184794,0.30789137,1.1192503,1.1249576,0.879217,0.84845084,0.9320435,1.0418934,0.8068683,0.78960794,0.3617258,0.63758355,0.6376724,0.39478156,1.198768
-0.45520404,1.576794,0.38007993,-0.46238613,0.49182826,0.189453,0.27748236,-0.68693334,0.6861273,-0.80785495,-0.49093407,0.4297734,0.67618525,1.4016266,-0.102956735,0.43386784,1.3723162,-0.05359425,0.19933364,0.91457283,1.3996018,2.4116657,1.9018978,-0.43455714,1.0545171,0.6677214,-1.2093103,-0.66545486,-0.2532529,-0.32410535,-0.29751062,0.79396063,0.7595873,0.5264106,0.56783986,-0.7548337,0.22415516,-1.0379025,0.23955955,-0.43243498,0.5136468,0.33588344,0.6090206,-0.3030185,0.68599296,0.63396233,-0.060683526,0.897333,0.84197366,0.8272749,0.92760146,0.8547709,0.904191,0.68956494,0.7022331,0.21784675,0.14846343,0.64930147,0.1664957,0.9830618
2.0464678,-0.5928152,0.24137732,0.70116293,0.12511687,-0.7195651,-0.52618796,-0.062032107,1.210095,-0.024343634,-0.18688048,-1.4779619,-0.27952474,-0.77375394,2.1637335,-0.19565025,-0.70884615,0.8715142,0.27462745,0.6843735,-0.52108496,1.0284691,0.697303,0.21730533,-0.09432129,-0.2141366,-0.16059509,-1.1624677,-0.462467,0.46367112,-1.0315022,0.9006512,1.0279934,1.3336909,0.29404163,-0.69279295,0.020975372,-1.0157315,0.9788276,0.21321882,0.8326109,0.54881865,1.170078,-0.15544051,0.5601709,0.56457484,0.7653084,1.3366474,1.1988288,1.0317848,1.0346032,1.0220892,0.93378466,1.0513681,0.7116076,-0.5606741,-0.10142451,0.73572874,0.6012193,1.2697122
3.505208,-0.16541496,-0.20126706,0.9103453,0.46194807,-0.17044474,-0.9753183,0.008631112,0.056879573,0.63053757,0.07878786,-1.5279388,0.8802501,-0.5348768,1.874101,-1.3254706,-1.7265675,0.8599462,0.45598438,0.058625326,-0.99678123,-0.80773187,-0.8135275,-0.6581537,-0.5492785,-1.4013921,0.17084214,-0.32511693,-0.4423833,0.4015755,0.33362854,0.0348835,0.71650594,-0.23830128,0.12887788,0.16275477,-0.14137512,-0.2529643,-0.1920203,0.962079,0.20251119,-0.012593191,0.05660747,0.34071574,0.64008707,-0.36456108,0.6443158,0.8472564,0.79339415,-0.2681721,-0.29365876,-0.3647206,-0.32744306,0.37792018,-0.3430134,-0.8871657,-0.15852854,0.07180733,0.45567286,0.7786844
1.536372,-1.3320721,0.942135,0.06346008,-2.4726484,1.5199807,-0.9907091,1.4010407,-0.14638862,0.3570976,-0.7428634,-0.38121748,0.3683368,-0.2246277,0.7971221,-1.5924304,1.053667,0.7389048,0.5080945,-0.4430107,-1.0223111,-0.8329045,-0.844671,-0.59272194,-1.1513152,-0.58918333,-0.4706153,-0.9139187,-0.6288717,0.41770262,0.7477937,-0.36341724,0.71097267,-0.24343652,-0.12496577,0.5965479,0.43220934,0.45641604,-0.8809438,0.727217,-0.27620366,-0.51589864,-0.06552185,0.22145486,0.7643987,-0.67187846,0.2693916,0.73497057,0.609346,-0.6566679,-0.4782113,-0.24325658,-0.21325724,-0.22897081,-0.6125674,-0.3141278,0.28623345,-0.12830077,0.13491647,0.5610592
5.349488,0.77720344,0.2425954,0.23740636,0.46194807,3.6562588,-0.28483778,3.3810253,-0.16419956,0.062172994,0.60122985,0.5152289,-0.05657453,0.7786922,-1.750262,-1.3276448,-1.1848937,0.48862115,1.053119,0.37505037,-0.5021271,-0.2559463,0.5944485,-0.56193477,-0.3805301,0.28971282,-1.250184,2.0922978,0.30942068,0.8641974,0.95536065,0.49227673,0.98805034,0.07938851,-0.17427976,1.2630731,0.93650925,0.92387646,-0.10438268,1.6722699,0.41339847,0.37104273,0.28113437,1.0097995,0.69198054,-0.2340063,1.2515736,1.1627368,1.1760603,-0.15607575,0.08907005,-0.0746288,-0.2619898,0.8658669,-0.116128564,-0.6341877,0.42209247,0.77362627,1.0975269,1.1269116
5.926478,1.0088207,0.6173989,-1.7361314,0.4968083,1.7386782,2.026895,2.823396,-0.697792,0.2324129,0.6713848,0.7632125,0.18857005,1.7835464,0.82956713,-0.75541574,-0.06430136,0.9256388,1.3152764,0.7658766,-0.48344517,0.42344746,0.8433278,0.82876915,0.2058627,0.91689646,1.4845405,1.5213822,1.4565048,1.1034642,1.0299296,0.6821603,1.4318197,-0.41992486,0.13741308,1.3525223,1.2372845,0.9083197,-0.5438071,0.99332005,0.24759485,0.3872069,0.30557197,1.4003948,0.62577087,-0.32454428,0.91379374,1.4144528,1.6956078,-0.24529304,-0.020468816,-0.01944149,-0.12204109,0.7419087,-0.109441206,-0.34050182,0.7795349,0.7700654,0.5149887,1.6830218
5.3751383,1.2898339,1.2680504,-1.3076106,0.4940919,2.8732665,0.65611404,1.7134086,-0.16936454,-0.3358888,1.0327712,0.47530425,1.3279423,1.6283832,0.35765088,-0.42981625,-0.24965206,1.5363106,1.745635,0.025823947,-0.11698786,-1.0776325,-1.1790794,1.5375603,0.23773445,-0.029466622,-0.14529331,-0.2805224,0.27745444,1.3731376,0.64035815,0.5734872,1.1340884,-0.46106973,0.32191628,1.419942,0.46850607,0.8993047,-0.29269648,1.4776782,0.5984783,0.3567949,0.08109459,1.4127145,0.77263427,-0.20620494,1.000867,1.3256608,1.4723713,-0.10925549,-0.23026477,-0.35106352,-0.38876128,0.65099853,-0.07760345,-0.17822266,1.2115508,0.5110284,1.0379649,1.4646697
1.1879785,0.743055,1.5631158,-0.04021994,0.49273372,0.97156334,1.4415344,-0.47318766,-0.60244375,-0.014899484,0.14239322,1.6278222,-1.2719815,2.1493824,0.4636233,-0.036418676,0.29682457,1.1290905,1.6135603,0.2621848,-0.42897633,0.11790546,-0.1308745,1.2803931,0.039013572,1.152614,0.35936394,1.5438048,0.28522506,1.2856212,1.1309092,1.0981939,1.9864547,-0.7023885,0.7601191,1.040151,0.050304614,0.5787855,-0.3490345,1.0873039,0.5004563,0.44657782,-0.3688074,2.2546897,0.8352101,-0.006044667,0.68814576,1.8833159,2.1185968,-0.06085154,-0.42600194,-0.9172406,-0.9230134,0.6003121,-0.14253838,-0.046916828,1.2882775,0.64717174,0.76446927,1.9992651
-0.9178557,1.9132321,1.2489163,0.78278166,0.49092278,0.84233105,1.1836946,-0.51161,0.68231446,0.2953773,1.441994,2.0002112,-0.59701794,2.331975,1.6363262,1.0018522,1.6791513,1.7618313,2.0113149,1.0803847,0.7591909,1.5351187,1.2998315,0.61048126,-0.40652686,0.48622003,3.1940937,2.3426418,0.8701934,1.7496803,0.30494556,1.1007762,1.2845916,-0.44839615,0.4361285,0.28517476,0.023275614,0.035526473,-0.04811413,0.7878184,0.4730018,0.76470697,0.3273847,2.0310853,0.68516487,0.42645058,0.9043328,1.454151,1.8787453,0.43337202,0.06741007,-0.07267864,0.023170184,0.8233018,0.20310181,-0.45027497,2.0643492,0.76109123,0.6834472,1.6681727
-1.881432,1.811538,0.7620519,0.4538156,0.492281,0.365439,1.5581254,-1.8118145,1.2604988,-0.40760598,1.3338513,1.007388,1.4691243,1.8095782,-0.3050336,1.355109,1.610317,1.4346676,1.4666678,1.5630695,1.9172554,2.828735,2.685224,1.24732,1.0036854,0.42990685,1.4738032,1.3492423,0.66756773,1.2098228,-0.7288237,0.96868277,1.1343315,0.19186899,0.5795607,-0.39627567,0.17217925,-0.76608187,0.51405615,-0.1094634,0.65932184,0.9758501,0.9789051,1.3224858,-0.25796044,0.93523693,0.88301486,1.1150689,1.4278779,0.93468726,0.8488747,0.9250762,0.9571301,1.0767095,0.90179116,-0.19858667,1.0231181,0.81962013,0.3406332,1.5281447
0.69214386,1.1884662,1.5447031,0.14867754,0.4940919,2.8321457,1.630305,1.2174989,1.1389748,0.16589542,1.2520607,2.1465442,1.8611622,2.6347888,-0.6877532,1.0036092,1.7285726,1.7268392,1.4933306,1.516624,1.6757853,2.4068277,2.1233146,1.1673203,1.4166213,0.9151568,-0.6617962,0.9634035,0.98509765,1.4775884,-1.1855118,1.0629485,1.1782392,0.59624106,0.7105772,-0.20417963,0.046905957,-0.5851805,0.7712898,-0.14338486,0.8181059,1.3549244,0.8932612,0.94431204,-0.04256338,1.0657147,0.9340991,1.2035686,1.3661692,1.101795,0.9563013,0.963506,0.93073976,1.0379393,0.94774854,-0.15506841,0.56288093,0.8564677,0.56363946,1.367436
-2.0342083,1.1087974,0.65247196,0.37344941,0.49182826,0.686103,1.6393367,-0.59441924,1.1166232,-0.47446162,1.3163265,1.9343929,2.4004939,2.1652434,-0.52040076,1.298466,1.6739316,0.98864067,1.234146,1.4673193,2.0596921,2.140305,1.7917063,1.3229022,1.8344164,1.0436089,-0.4870707,1.6756973,0.23840772,1.390499,-1.4768621,1.0124053,1.0451795,0.4301623,0.6479695,-0.7261502,0.14036492,-1.0762476,0.8941855,-0.3037741,0.6717623,0.93828505,1.4876977,0.67409647,-0.7884694,1.4171933,0.99241763,0.72608554,1.0774403,1.3066356,1.4463232,1.5781313,1.4890743,1.1291826,1.1487204,-0.14891231,-0.06504881,0.96298605,0.6192749,1.227896
-1.9645153,1.5811989,0.7757878,0.29595494,0.49454463,0.3331806,1.501132,-0.37039837,1.594743,-0.8190317,1.1929796,1.9798247,1.6428236,2.0569205,0.052669834,1.4228138,1.3638923,1.2287524,1.3669431,1.2658927,2.0169497,2.4025578,2.3273876,1.2149658,1.3604647,1.3513705,-0.59412855,1.1416749,0.5965861,1.5774091,-1.1018395,0.995509,0.89661205,0.4650332,0.63461375,-0.21932212,0.3858138,-0.82284504,0.6596386,-0.20632794,0.6143893,0.8517617,0.9287427,0.9190399,-0.07337141,1.0724609,0.73595136,0.95114625,1.1115042,1.0422777,1.0557156,1.2096412,1.1241525,0.93126464,0.9434667,0.23454463,0.2687517,0.9647224,0.3779758,1.165541
-1.1863078,1.6640288,-0.60187995,0.1755891,0.49001732,0.575799,1.343238,-1.5849631,1.4278446,-1.301145,0.88283294,1.1208632,1.3807652,1.9640757,-0.59869623,1.3592329,0.9653305,-0.06776247,-0.22507064,1.3652174,1.661171,2.1753435,1.894116,1.1427852,1.8017793,0.97761184,-1.339148,1.2045839,0.12291614,-0.0297997,-1.6124922,0.78882945,-0.22308294,0.8441695,0.5557294,-0.96683216,-0.20570579,-1.144564,1.223618,-0.84291077,0.64484537,0.8014995,1.3525065,-0.28067675,-1.3517188,1.3981993,1.0285381,-0.45540792,-0.3484475,1.2476883,1.528587,1.6256707,1.3947576,0.93570435,1.1644293,-0.55097675,-0.8851497,1.0468515,0.2619594,-0.11572835
-1.9485946,1.223716,0.09964041,0.22849892,0.49001732,1.4761362,0.95899105,-0.8358681,1.2671564,-1.2244288,1.0074766,1.5023285,1.931138,1.9501933,-0.470296,1.441918,1.436045,0.6307149,0.64480555,1.165626,1.5798593,2.169901,2.5288267,0.6373077,1.3971956,0.81619745,-1.0403898,1.042333,0.7848449,0.65740937,-1.8248609,0.9900551,0.94012684,0.41297644,0.61792266,-1.0229317,0.17407668,-1.3983735,0.7864789,-0.7384186,0.7515613,0.93534154,1.3125496,0.29606935,-0.76889974,1.4499203,0.9942904,0.77264243,1.0293437,1.2587653,1.4092158,1.6383855,1.5296137,1.0867902,1.1336535,-0.25536603,0.1100504,1.159173,0.30829647,1.1566982
-2.0087984,1.3034924,0.34909362,0.31254753,0.49363917,2.1167827,0.79166627,2.190571,1.5923234,-1.6092427,1.1380849,1.502895,1.0580692,2.0500774,-0.49239248,0.9101457,2.4237359,0.94377255,1.2121538,1.3272969,1.8668361,2.7913492,2.992821,1.2053803,1.4511113,1.104694,0.10315144,1.5956893,0.012497684,1.2133118,-1.4884453,0.90577835,0.73179466,0.77780855,0.64354014,-0.37158534,0.22147718,-0.780411,0.795957,-0.25532866,0.90185726,1.2508628,1.354978,0.38164473,-0.56365,1.3014667,0.9893666,0.72660446,0.9385913,1.1735227,1.1173497,1.2234765,1.1970578,1.1416905,1.106406,-0.26985762,0.31710637,1.2111598,0.5570694,1.0112156
-1.958611,0.8895723,0.6621743,0.28940526,0.49363917,0.52025837,1.3230923,0.0474711,0.98222756,-1.1334571,1.2005005,2.0358188,1.7997053,1.8830311,-0.6291166,1.3760242,1.7028073,0.8162653,1.0840312,1.2101548,1.8519037,2.4135976,2.1416442,1.4159968,1.4135381,1.166143,0.37733728,1.0701474,0.80222446,1.2376332,-1.0559903,1.0478648,0.5867318,0.98968875,0.5419184,-0.6156521,-0.36473033,-0.96141595,0.93257964,-0.38398603,0.607808,1.1268556,0.77439934,-0.056318082,-0.0076225214,0.8847451,0.86354107,0.72450405,0.88114107,0.9600868,0.665554,0.742468,0.722745,0.7897903,0.79763395,-1.0715594,0.393776,0.6648239,0.17289168,0.83397144
-1.5174682,1.2127556,-0.3569626,0.357704,0.49182826,0.37622416,0.502739,-1.524879,1.5822084,-0.8017506,0.75588423,2.2472272,2.0063686,2.233799,-1.5260001,0.96993965,1.0841123,1.1442696,0.35942215,1.2937098,1.2924302,1.419417,1.2435162,0.7501666,0.41014537,0.9902518,-0.44414628,0.83092487,0.40085766,0.41254497,-0.7363599,0.6569418,0.5782576,0.5537931,0.45464617,-1.0036336,-0.5172287,-1.1611692,0.510094,-1.0238258,0.068085864,0.5189293,0.8659544,-0.22582293,-0.15344058,0.65634465,0.23602337,0.45674738,0.61839896,0.7749676,0.76993275,0.8203828,0.858839,0.4167948,0.47571704,-0.9311611,-0.012722572,0.38036656,-0.32580045,0.76426125
-1.5633327,0.7154958,0.87800753,-0.69534856,0.48865914,0.20866776,0.6046686,-0.88626564,1.3593564,-1.2581395,0.6447412,1.9195695,1.3807595,2.0565152,-0.11541607,0.7822749,0.9225855,1.1764785,1.6200514,1.0849552,1.4225425,1.3088,1.1078526,0.74826604,1.9378036,1.0687202,-1.4292201,1.002401,0.34995928,1.4331404,-1.0062684,0.9048432,1.1605141,0.6487187,0.54389924,-0.28448772,0.3063503,-0.90570253,0.5874943,-0.576315,0.58739746,0.68559617,0.9915813,0.6494909,0.5058651,0.75146043,0.8022719,1.3762707,1.4654944,1.0261661,0.8502716,0.94985753,0.9841072,0.8675298,0.52137846,-0.39884487,0.8634158,0.4426219,-0.036654014,1.4318613
-0.7489426,0.7367133,1.2605389,0.9856698,0.49047005,1.7091408,1.2154169,-0.78938967,0.6352128,-0.9134892,1.7682548,1.5728341,0.5226189,2.426128,0.12643963,0.036855973,0.44194153,1.2973169,1.411886,1.2348113,1.2924101,1.4032434,1.1780013,1.916511,1.0999444,1.3262502,0.063412905,1.4256356,-0.24387047,1.5183457,-0.5949285,0.7681642,1.0719779,0.36863872,0.47714263,-0.15725332,0.058083914,-0.77946293,0.41130525,-0.48705417,0.36474702,0.4141543,0.73802537,0.7871487,0.3113669,0.5135739,0.45132697,1.2361968,1.443366,0.78432053,0.7742514,0.6793848,0.65792704,0.5987542,0.3111835,-0.50749254,1.0942208,0.3610082,-0.1789837,1.3336841
-0.7210865,1.3018879,0.77102923,0.004952682,0.4895646,1.2221041,1.270144,-0.001651449,1.1368461,0.01293909,1.2379133,1.5202084,1.0551735,2.6853237,-0.21294188,1.2045935,1.4746403,1.3664246,1.6573005,1.4553095,1.7238407,2.1983812,1.9248226,1.8874313,1.6107386,0.9813694,-0.48084524,1.5140077,0.8113987,1.5474782,-1.1715035,0.9066452,0.8983405,0.33745503,0.6237007,-0.6320058,-0.13194641,-1.0739341,0.3564187,-0.5728772,0.41428488,1.0285139,1.1756656,0.73329806,-0.067665525,0.98861593,0.8221613,1.0495764,1.2425796,0.9710099,1.142523,1.1460747,1.2076312,0.93757296,0.87382877,-0.5283181,0.40801135,0.5806924,0.13919283,1.2540073
-1.2072897,1.7051228,0.7269363,0.2080573,0.49092278,2.998141,1.1120431,1.1112307,1.1384356,-0.47743154,1.1800214,1.4962121,1.9974045,2.2561836,0.23592483,1.1558692,0.82471424,1.0449845,1.5274748,1.0340178,1.5073268,2.037978,1.9614904,2.0214415,1.3071313,0.6659151,-0.8681092,1.0332413,0.751942,1.5227156,-1.2678028,1.0705333,1.2306908,0.6239955,0.5988144,-0.5441973,0.10941644,-1.0697569,0.7057395,-0.027504683,0.7133928,1.2021276,1.144168,0.8887656,0.19405492,1.0830219,0.98224807,1.3477638,1.5144961,1.161705,0.97039676,0.9781957,1.088262,1.0933697,0.9228392,-0.57862514,0.5160175,1.0006956,0.56700134,1.5622555
-1.6513715,1.7540457,0.090636745,0.10775068,0.49273372,3.1739593,1.1563958,-0.65008616,1.4051421,-0.5707028,0.84763944,2.7395184,1.8702116,2.2244213,-0.45914856,0.81218475,1.9826971,0.6797183,1.0904735,1.3986925,1.6900737,1.2048731,1.3211894,0.6563387,0.62450343,1.0914236,-0.7190296,1.5169672,1.0140947,1.01816,-0.7460483,0.83240324,0.76578313,0.70239055,0.47457916,-0.4550211,-0.09560046,-0.47092497,0.4450538,-0.5136119,0.32607222,0.49634767,0.4739291,0.71630406,0.47999185,0.39638373,0.6090216,0.7793517,0.95210177,0.7157921,0.30350432,0.31523404,0.41925544,0.53708005,0.25250173,-0.32040313,0.47302696,0.2140133,-0.13436754,0.9590451
-1.9205487,1.5931966,0.19501552,0.79659754,0.49273372,0.96616155,0.32893455,-1.8465841,1.2746862,-1.556208,1.1706828,1.773009,1.9989611,2.5349386,-0.11144339,1.1764504,2.2875602,0.33751795,0.6438876,1.180692,1.3716947,1.1149286,0.77897817,0.57355464,1.2956451,0.97993964,-0.1815349,0.7560467,0.42242762,0.5197866,-1.3220356,1.1918836,0.94142437,0.2941031,0.5472433,-0.3424054,-0.14850402,-1.0183978,0.60508704,-0.8567967,0.54391235,1.1587179,1.1489658,0.96107084,-0.56067187,1.1871258,1.0961311,0.7240451,1.0964462,0.95983434,1.145807,1.2396187,1.2323501,1.0889869,1.0297807,-0.49959898,0.45467255,0.9027844,0.10674362,1.2251167
-0.021475177,1.265274,0.044886913,-0.12174584,0.49273372,0.90561,0.4692792,-1.803383,0.92477137,-1.3891443,1.1883126,1.5962844,1.6381217,2.1839569,-1.5220215,1.1156301,2.1266112,0.45503336,1.0705776,1.3050267,1.8081158,1.5448616,0.96000904,1.2135177,1.2857764,0.8408611,0.5414125,0.9465454,0.662039,1.0795404,-1.5009665,1.0774817,0.6467494,0.37978888,0.6116403,-0.86569566,-0.14003247,-1.1418363,0.5731525,-1.076678,0.4836739,1.0550565,1.550024,0.11990756,-0.7936914,1.1586756,0.67789465,0.63019466,0.85199785,1.1072562,1.384184,1.2696042,1.2472343,1.0184964,1.05712,-0.5720691,0.054226846,0.83445805,-0.023391053,0.9600665
-1.8268164,1.114316,0.6572204,-0.097192675,0.4895646,-0.342262,1.5719562,-1.7688742,0.6001272,-0.886884,0.7208436,1.678497,2.05621,1.8347615,-0.07209363,1.3414648,0.8894249,1.0067403,1.1804905,1.3944602,1.6249195,1.1478814,0.7630172,0.52886945,0.93492067,0.92556745,-1.0389994,1.1262238,0.3843269,1.1700342,-1.3295697,0.80335003,0.7779516,0.35908085,0.6638099,-0.8258454,-0.28729898,-1.3124633,0.6000574,-0.89016706,0.44872922,0.7123038,1.3525218,-0.13066217,-1.0738288,1.1569197,0.7749567,0.39534953,0.7406193,0.99274004,1.3505622,1.2595859,1.2341464,0.88619214,1.0069056,-0.39782822,-0.22390309,0.74301803,0.057027873,0.96566224
-1.1367079,1.2593975,0.6767185,0.5769403,0.49001732,-0.955407,0.3758019,-1.6633487,0.5536267,-0.7182028,1.1936893,0.95560694,0.7615771,1.8344821,-0.78597605,0.85803163,1.4389129,1.2003471,0.9496239,1.3094634,1.7157798,1.7825514,1.7348698,1.5331459,0.54776376,0.8877305,1.1938825,0.8656949,1.0210512,1.2070042,-1.0020456,1.0897946,0.9608775,0.9596279,0.57504743,-0.49995124,0.095537655,-0.88525647,0.9318476,0.08826626,0.8369696,1.0135332,0.16039932,0.564772,0.2050912,0.90501714,0.59223294,0.9609453,1.150622,0.9843619,0.3084809,0.43266883,0.41215548,0.81452566,0.5897992,-0.2978863,0.75361866,0.6143539,0.44762078,1.1668679
-1.2895932,1.5674689,1.2448338,-0.39946586,0.48865914,1.4780937,1.475929,0.5424768,0.9065234,-1.2499975,0.8748812,0.6826382,2.429382,1.1945561,-0.80984443,1.0101941,1.5039558,0.9567054,1.4793718,1.2931539,2.208611,1.7357619,1.9414169,1.3761322,0.8581561,0.96768016,-1.0986218,0.83808684,0.9076476,1.5768127,-0.7255609,0.9555606,1.2055391,0.310865,0.48211342,-0.24965596,0.059406493,-0.6217373,0.5396957,-0.15254246,0.5982522,0.7073837,0.9337891,0.6179111,0.16488677,0.9475207,1.0049846,1.1809247,1.3814749,1.05029,1.0586975,0.97253543,1.1385145,0.9423928,0.6107694,-0.27357793,0.34776133,0.37604186,0.197683,1.3383214
-1.1424377,1.16922,0.49994984,0.14406192,0.49454463,-0.26940838,1.1440272,-1.8816143,0.43069923,-0.5755933,1.0141486,1.146288,1.8049663,2.0882673,-0.565647,1.2439927,1.6184188,0.69568527,0.6471305,1.338011,1.9782023,2.117284,2.2143192,1.511849,0.80908257,1.1327568,-0.8325906,1.4217691,1.2716628,0.87272173,-1.4610214,1.0915629,0.6934933,0.831364,0.45039082,-0.7931071,-0.08001832,-1.3438944,0.9066369,-0.40847552,0.7263251,1.094978,1.3618001,-0.31975168,-0.31450662,1.0013549,0.8612919,0.7591231,0.8748361,1.1940804,1.3767393,1.2251662,1.2792412,1.1048199,1.0337915,-0.7290053,-0.18946782,0.9237415,0.4323256,0.9396576
-0.5949913,1.3860196,-0.035271052,0.5671025,0.49137554,1.4338459,0.93010217,1.3694912,0.8477211,-0.33514306,1.2853584,1.8430587,1.57286,1.7293447,-0.7904754,1.3715792,1.5214572,0.25965595,0.38218057,1.407638,2.1579406,1.9633627,1.5768745,1.4880221,1.5124305,1.1889443,-0.7672165,1.40436,1.1843221,0.4326055,-1.7670296,1.1042825,0.48504758,0.6427974,0.43990332,-1.6543138,-0.6681378,-2.015661,0.9345027,-1.040673,0.63423026,1.4634728,1.9786972,-0.8723326,-1.1354241,1.4627588,0.73741424,0.4580251,0.552371,1.3891095,1.8259491,1.7186879,1.7975851,1.4552392,1.3116833,-1.0462601,-0.77349955,0.9583026,0.19241147,0.76325434
-2.103585,1.265585,0.7505752,0.046205744,0.49092278,1.1356087,1.3544123,-0.5526986,0.92117774,-0.16608852,0.861735,1.4992914,2.3410213,2.005364,-0.109584294,1.1521031,0.9480644,0.9262851,1.6785786,1.5175246,2.158781,1.9279783,1.550863,1.3473157,1.1473467,1.1342167,1.4799771,1.238921,0.83357906,1.5307378,-1.5451367,1.0116479,0.7162731,0.87815505,0.5282721,-0.91882855,-0.19684541,-1.3220601,0.86823535,-0.38160068,0.87628055,1.2286159,1.3128107,-0.17668486,-0.010002855,1.093662,0.7511794,1.0016065,1.001145,1.1107373,1.1340584,0.90793157,0.99454147,1.180731,1.0213541,-0.42644837,0.25611848,1.0042015,0.4557598,1.1014107
-0.36515382,1.4759609,1.0773411,0.32137802,0.49363917,-0.06529871,0.45249897,0.57856214,0.64123344,-0.30216464,1.1976253,2.0239975,2.126498,2.204421,-0.13581797,1.1345065,2.015094,1.1371766,1.7176417,1.371581,1.3440589,2.2867634,2.3985753,1.2993865,0.75302917,0.955014,0.83667505,0.930482,0.6658821,1.5677856,-1.6109705,1.1389208,0.8353108,0.50436854,0.5024973,-1.0586829,-0.10871009,-1.3684351,0.6180843,-0.8287057,0.7765206,1.0873736,1.6065841,0.096355654,-0.33983505,1.1403271,0.96988213,0.9402474,1.1077762,1.196012,1.4172547,1.4093313,1.5112019,1.1449454,0.975463,-0.67014515,0.1648505,0.99297726,0.078930855,1.1045526
-1.3475059,1.7780083,1.1107714,0.9686092,0.48820642,1.2398543,-0.15514222,-0.4328818,1.2731724,-1.0149099,0.79320514,1.2830652,2.1297584,0.08099224,-0.15817352,1.1096807,1.7254846,0.9953946,1.4102447,0.7900747,1.2268119,2.0190933,2.1621442,1.6366603,0.90771145,0.7590099,-0.70847225,0.62910765,-0.7350164,1.075527,-0.9294664,0.8116844,0.6526893,1.0301353,0.550977,-0.5687244,0.13210467,-1.070658,0.6946969,-0.117108166,0.6551061,0.7957771,0.66464615,-0.3554903,0.33002254,0.5212514,0.65423447,0.63575876,0.6445575,0.7977251,0.5086088,0.6848668,0.6641362,0.8489659,0.71191496,-0.2449132,-0.6206095,0.8772178,0.4776361,0.70895946
-0.8339289,0.3242175,0.46378636,0.93043417,0.48730096,1.3926934,0.94800466,-0.98908055,0.7205437,-1.1612587,0.89539814,1.7237737,0.2933932,0.9934837,-0.5126029,-0.026610186,1.8348701,-0.5724406,-0.73736143,0.73638815,0.9483116,0.6037183,0.74221176,0.6628346,0.74570096,0.49832603,-1.2840558,0.63350356,-0.3010815,-0.4286582,-0.5215358,0.399697,0.5338011,1.0466255,0.46923763,-0.5698497,-0.008111339,-0.626855,0.93021625,0.08067895,0.5659006,0.43933165,0.7616432,-0.05141665,0.12717928,0.47672603,0.74883604,0.37087387,0.34439495,0.7932336,0.48401594,0.62880987,0.57726884,0.8323731,0.3640896,-0.6026076,-0.20244882,0.21976998,0.37799534,0.49306777
-1.2234726,1.7755002,-0.19212432,-0.68834746,0.4895646,-1.9062849,0.806108,-1.8609265,0.90268964,-1.03388,0.57754886,1.1629845,1.6983266,1.4887278,0.26635182,1.1896961,1.5169826,-0.09336481,0.13434213,1.0586962,1.4463097,2.428915,2.2021353,1.5861,1.0032164,1.38351,-1.551751,0.74816746,0.7024784,0.030593859,-1.1405069,1.0798566,0.42519224,0.5752122,0.57026833,-0.7709415,0.0710371,-1.067879,0.62163144,-0.41396376,0.74144256,0.8054404,1.1618904,-0.46315774,-0.09079931,1.2515527,0.5496095,0.4346979,0.43294498,1.159276,1.284411,1.3192872,1.3134567,1.1074697,0.99096996,-0.3363426,-0.72508156,0.87011105,0.33109972,0.6011455
-1.2069602,1.4791763,0.80412066,-0.06595475,0.48911187,-1.3684856,0.25246742,-1.2797538,0.3811451,-0.4896891,0.2869115,1.950133,1.1137068,1.5652933,-0.9499819,1.016249,0.16761377,0.39368507,1.2428001,1.1042471,2.0175796,1.5540289,1.5965565,0.5647478,1.0039387,0.5280423,-1.5704417,1.084475,0.29003218,1.0806013,-0.645034,0.5986608,0.75452703,0.56660753,0.56633556,-0.6041193,0.1649586,-0.89476913,0.4110584,-0.98768353,0.33773398,0.33645457,0.9066626,-0.17212573,-0.016428262,0.7856723,0.3289107,0.67130435,0.7599616,1.0063627,1.073465,1.0154139,1.072206,0.8446373,0.6017366,-0.39064348,0.27745363,0.63032717,-0.2151199,0.9689637
1.2707775,-0.87232053,0.28413752,0.6887723,0.121947765,0.45238158,0.15122396,-0.63225824,0.9541264,-0.5249295,0.40059528,-1.9103292,0.61082065,0.22972874,1.1614712,-0.58474195,0.20241441,0.72291183,0.5219621,-0.08552619,0.41845495,-1.1888946,-0.42490864,0.11701003,0.25159705,-0.88262254,-0.046807796,0.1336001,-0.45532954,0.619778,-1.1937873,0.7570688,0.49880525,0.80352813,0.6006613,-0.5551678,0.32286364,-0.84628475,0.66982013,-0.30355445,0.6798529,0.5362824,1.0809671,0.10918442,-0.22502036,0.87462336,0.32526636,0.6122149,0.70559025,1.079926,1.198668,0.8961606,0.9203566,1.0230836,0.94099605,-0.17933358,-0.23324424,0.921384,0.40323502,0.8233092
2.666177,-0.8751575,1.7020388,0.95630485,0.09885853,-0.3186061,-0.26080298,-0.15391643,-0.47743613,-0.1439353,0.23502254,0.17409961,7.960357e-05,-0.30951366,1.9518679,-1.1859566,0.63266796,1.2337431,0.68541765,0.4744626,-0.120770335,-0.27172452,-0.21755385,-0.1669719,-0.16202153,-0.96312183,0.7436965,-0.53036976,-0.69674635,0.068065606,0.21145117,0.6804484,1.1029518,0.27468246,0.21644047,0.6772089,0.6522857,0.5133084,0.04464264,1.6160136,0.6296708,0.2623891,0.04348995,0.7933896,1.0988828,-0.072829664,0.9215203,1.4177257,1.3675514,0.22298157,0.14777915,-0.05074385,-0.14522073,0.5974052,-0.10408843,-0.30312568,0.72428083,0.47596815,1.0093569,1.2989812
4.062086,-0.23251116,1.5796909,-0.25875843,0.48730096,1.3522018,1.2457265,0.39660403,-1.1266043,-0.5193822,-0.028150728,0.68102103,-1.0843799,1.2359537,-0.027099347,-1.5059301,-0.37909678,0.0011704355,0.13267833,-0.6708939,-0.62899023,-0.174724,-0.8368552,-0.05438665,-0.583395,-0.15734723,-0.30751407,1.5509654,-0.4047357,0.71027035,1.1388056,0.3141804,0.65179706,-0.6346733,-0.17950971,1.1440554,1.1825491,0.7063628,-0.79949164,0.8289002,-0.09361468,0.03320281,0.37730467,1.1140065,0.3389068,-0.31775317,0.6597555,0.84670156,0.9032758,-0.3940169,0.0699048,0.02922375,-0.038889997,0.34136847,-0.24042954,-0.6042304,0.3987178,0.47996154,0.4187503,0.90162283
4.2088523,0.8889008,0.40164328,0.13412412,0.48367912,1.0391223,1.1514976,1.7077483,-1.3566753,-0.63069177,0.57860124,-0.67500335,1.2588177,0.5438326,-1.9260627,-1.0822242,-0.08506141,0.13578807,0.6947618,0.27375582,0.7174411,0.94708985,1.0883881,-0.7969865,0.1433839,-0.17264985,-0.4220022,2.2206857,1.0398195,0.72784436,0.46716613,0.07661269,0.4025505,-0.33428702,-0.25941527,0.5525271,0.6277862,0.30915904,-0.7278664,0.7970055,-0.19684348,-0.114117704,0.3567474,0.07572093,0.31228194,-0.40525758,0.629434,0.48635057,0.43984056,-0.6266225,0.07565566,0.15803501,0.034436833,0.103810295,-0.30491304,-0.8095969,0.03231745,0.23909532,0.30124933,0.42840642
4.396412,-0.7014411,0.779485,-0.432232,0.45832622,-0.482375,0.44850135,-0.32802486,-0.15665156,0.36020163,-0.041985244,-0.17079797,-0.3822196,0.6608222,0.50533336,-1.4201075,-0.43018225,0.69698215,0.97673976,-0.41615123,-0.9600665,-0.4128244,0.021955764,-0.3704687,-0.97458607,-0.2919225,1.3828001,-0.49633342,0.5463922,0.9405277,0.68435353,0.60301906,0.8534707,-0.4602941,0.08479209,1.2290661,1.0311803,0.92472523,-0.32469705,1.3732641,0.42123762,0.55774814,0.32740927,1.3458117,0.27959475,-0.18351062,1.0237331,1.1140765,1.1787544,-0.24691749,-0.06527514,-0.16997935,-0.24679762,0.7019675,-0.058204338,-0.08880094,0.65713435,0.72703886,1.0043259,1.1587172
1.7822958,-0.7894015,1.6921468,-0.03038433,0.16586259,-0.2789279,-0.030837556,1.2770292,-0.34467477,0.13746749,-1.5165857,-0.33267918,0.117966756,0.3548332,0.5467202,-1.4338301,-0.3559199,0.20375569,0.23753457,-0.24596314,-0.64242667,-0.92336667,-0.64857364,-0.24362624,-1.2484906,0.059963036,-0.456983,-0.7067746,-0.36238936,1.1221772,0.56571156,1.0468293,1.7318013,-0.022297323,0.61433166,0.9279821,0.1356262,0.2761067,0.11558919,1.5358615,0.7336184,0.52996725,-0.023527764,1.4235469,0.86090845,0.10106849,0.9959349,1.914902,1.9982487,0.197384,0.020740831,-0.50958484,-0.41815907,1.0023702,0.16071193,-0.2924363,1.0336604,0.6842967,1.0287094,1.8376745
0.7594894,1.1630515,0.44801405,0.3531162,0.48820642,0.46518168,1.715247,-0.04751907,0.19970487,0.9124941,0.87656987,-0.31093287,0.111707434,1.9509258,1.2204272,0.49263945,0.8417569,1.2298906,1.4424423,0.54739326,0.9553625,-0.51317835,-0.52994853,2.0799665,0.3387334,0.88264143,1.1924014,0.14833334,0.319436,1.2988576,0.0552472,0.84314495,1.4868513,0.21378544,0.33144093,0.7491569,0.20834082,0.41629308,0.365513,1.4398022,0.697452,0.7916143,0.3700785,1.7204654,0.7482721,0.23239312,0.9221746,1.7402785,1.7657328,0.44460404,0.3052525,0.06817855,0.107710704,1.1197779,0.43893784,-0.30824894,0.8140247,0.9473682,1.181559,1.6435918
0.29902437,0.59708947,0.86894256,0.64300346,0.4895646,0.5203616,1.6519477,1.4627478,0.98207664,0.6168643,1.7093302,1.9541274,2.1530867,1.7917804,0.2347218,1.0438566,0.5949843,1.6749244,1.7586503,1.4040726,1.5525683,2.5848784,2.5568726,2.020082,1.5000073,0.64646983,-0.13203633,1.1428902,0.7356436,1.6175123,-0.9584891,0.86068165,1.0095857,0.47368675,0.5196027,-0.16585782,-0.057646364,-0.7435365,0.63604033,0.039137363,0.60545295,0.9874997,1.1370528,1.1455969,0.20111056,0.70568866,0.96508765,1.0868195,1.2338707,0.97779065,1.0402502,0.7654843,0.8229711,1.0909374,0.83860177,-0.37928683,0.17911085,0.7406819,0.49280795,1.2433594
1.2484224,1.7902895,0.9348825,0.615837,0.49590284,2.2076826,2.2997942,0.7241816,0.79392534,0.80362576,1.5538226,1.5956118,1.2249024,2.4316359,0.550487,0.98543894,1.9320143,1.8205718,2.132096,1.4199923,0.6062732,1.7091225,1.8870186,2.1284618,1.2446839,0.9123358,2.6046796,1.503451,0.68798983,1.8145999,-0.6739159,1.4350988,1.5378286,0.23462743,0.6199246,0.3687015,0.5094265,-0.48877653,0.96556747,1.2328368,1.3130137,1.6797312,1.2558604,2.3506315,0.79098344,1.1094187,1.3059251,2.0232878,2.2437303,1.3220012,1.1393822,0.8121689,1.0399845,1.8267142,1.1380847,0.008824484,1.9237589,1.3457102,1.3830814,2.053992
-0.648318,1.5716751,1.1898516,0.084321015,0.49454463,3.00636,1.9362509,-1.2167026,0.660445,0.78231657,1.0766585,1.5428936,1.0445112,2.5107281,0.936134,1.1251906,0.85289687,1.6943395,2.0011725,1.3670145,1.3781132,1.1771792,0.78454036,1.8917499,1.0183123,1.3734406,2.2649474,1.1134405,0.75323397,1.7738669,-0.7065703,0.97764814,1.2151548,-0.09413881,0.6004051,-0.012309698,0.31786692,-0.8297286,0.41861504,0.003413517,0.58223104,1.1480888,0.7174033,1.5942596,0.120218486,0.81280416,1.0186567,1.3078759,1.6162059,0.90712374,0.80623364,0.42797807,0.49722305,1.1213144,0.6516863,-0.028511077,1.1055124,0.783676,0.39940134,1.6161643
-0.72491276,1.2901857,0.8981016,0.04712143,0.48911187,2.659731,1.2768782,1.7009814,0.665092,0.04721306,1.1008766,2.1875582,2.0236237,2.2170348,0.18674643,1.2991608,1.7802763,1.2034975,1.3712828,1.5607638,2.0008547,2.8786547,2.7549071,1.5379543,0.8906228,0.96591496,0.32770962,0.99009633,0.92947525,1.3129488,-1.4756377,0.94441456,0.90219665,0.39300612,0.62444633,-0.81223357,0.0841713,-1.2954853,0.77116257,-0.46334952,0.5929701,0.93322414,1.5335196,0.487023,-0.65075445,1.2031413,0.96773404,0.8523224,1.016349,1.1849722,1.541971,1.7102135,1.6574911,1.1709002,1.1541473,-0.307288,0.13607302,1.0208689,0.4667104,1.096772
-1.6041831,1.1544062,-0.5622352,0.64971244,0.49092278,2.2614846,1.430495,0.46837467,1.4780986,-1.066714,0.7817845,1.7663769,2.2393138,1.3694351,-1.1119802,1.3104055,1.0083338,0.14013669,0.35360685,1.5342731,2.1497505,2.4942083,2.2492507,0.9080469,1.857871,1.2266523,-1.3687121,0.8323637,0.9988335,0.2993177,-1.2821002,0.58648175,0.16894065,0.70379454,0.5741081,-0.5687385,-0.18532005,-1.0055364,1.0685763,-0.60062754,0.44172764,0.6028415,0.79744625,0.1133843,-0.89367753,1.1623467,0.8727511,-0.13805746,0.10151447,1.0831387,1.0344757,0.89095265,0.77960294,0.731884,0.8153707,-0.39425656,-0.43196845,0.77285725,0.16430557,0.22795546
-0.717211,1.3389914,0.88601476,-0.11744159,0.49137554,1.9169852,0.43508554,-1.9250762,1.3834732,-1.3272055,0.9012326,1.6499071,2.0516999,1.8415191,0.2731499,1.2171098,1.2596849,1.0660917,1.3750851,1.3524534,1.5798388,2.7299304,2.6697953,1.1193782,1.5617332,0.90618044,-0.69374394,0.3752105,-0.052317616,1.4189049,-1.4103388,1.0859954,0.80930996,0.37260926,0.60778314,-0.5235834,0.12483807,-0.76270133,0.57588553,-0.57876146,0.657206,0.8433341,1.3432233,0.50887626,-0.5702831,1.3677714,1.1298771,0.7903956,0.9785841,1.2891377,1.3863771,1.5116695,1.4201787,0.98316836,0.98115426,-0.4421244,0.03773343,0.8252721,0.26293135,0.996907
0.38501015,1.1381434,0.5483154,-0.67517686,0.49092278,1.6088175,1.1788796,0.4023177,0.8403452,-0.8336471,1.0102243,1.7526256,1.7065504,1.7302572,-0.6272137,1.0103562,0.8259731,0.5797431,1.1235293,1.3275055,1.4196898,2.145937,1.5428642,1.0663366,1.4380257,0.8333074,-1.098925,1.2061691,0.80803895,1.3569682,-1.1044763,1.0684249,0.9283304,0.3247493,0.6728664,-0.46406177,0.03524617,-0.9717383,0.6684041,-0.3837455,0.5561044,1.026413,1.1146063,0.5912544,-0.023999447,1.185337,1.0998138,0.9587572,1.1358182,1.036894,1.16712,1.195736,1.1836282,0.9425729,1.0071489,-0.24169967,0.3738767,0.94153845,0.32769686,1.2302746
-2.0120668,0.8256463,-0.707081,0.81944716,0.49092278,-1.3093164,0.2911575,0.29588696,1.4053911,-1.5252066,0.9539715,1.3456876,1.7061284,1.3893799,-1.3918015,1.22892,1.506556,0.46814173,-0.28181708,1.2443417,1.8561355,2.320175,1.7876859,0.92111456,1.0243613,0.8289292,-1.0922748,0.6691344,0.94470024,-0.19932105,-1.132665,0.33957157,-0.49199757,1.1584697,0.45049262,-0.83991116,-0.8787455,-1.1990408,1.3222172,-0.4057079,0.36992416,0.8326392,0.51749843,-0.7317696,-0.2759062,0.5735951,0.67858785,-0.5474182,-0.51897436,0.5206305,0.30910212,0.2479682,0.22171526,0.6143721,0.6406342,-1.1077349,-0.78684264,0.61068463,0.23095892,-0.34553388
-1.0116642,1.1271805,0.10117497,-0.82534176,0.49273372,0.7251063,0.88134867,-1.1485814,1.2535676,-0.63783073,1.0498363,1.0031427,2.6583643,2.0059838,-0.30224955,0.9560341,1.064875,0.09422433,0.546135,1.101751,1.8543274,1.9985199,1.8246188,1.3045005,1.8481407,0.9393284,-0.36282408,0.3520552,0.6405214,0.61112094,-0.80620337,0.7204089,0.38909817,0.81237894,0.23611389,-0.68988353,-0.22068441,-1.0106397,0.5193547,-0.6302352,0.45640123,0.56917924,0.90392715,-0.2691561,0.17040396,0.4801488,0.43938005,0.6059681,0.64449376,0.6061585,0.4940727,0.4469633,0.54759943,0.7264921,0.29443902,-0.8169188,0.03178716,0.35067075,-0.09303964,0.81841433
-1.6828967,0.69554216,0.6228314,0.85265076,0.48865914,-1.7221824,0.388746,-1.6596979,1.3204063,-1.5143483,1.1584295,1.2557535,2.2432365,1.5217793,-0.936529,1.0721688,0.9638395,1.0745527,1.0523509,1.3763034,2.060352,1.484117,1.810297,1.0656725,0.3940476,0.9216821,-1.3311315,0.5488291,0.36607715,1.0376705,-0.84317946,0.71764594,0.45269075,0.69526356,0.5724992,-0.79427314,-0.06654306,-1.0266336,0.7264437,-0.76884663,0.40265012,0.63941485,0.78446317,-0.52360797,-0.33625013,0.8759652,0.35422605,0.26209754,0.4086125,0.9427856,0.82275003,0.85360414,0.7859793,0.65410393,0.5550672,-0.5354139,-0.4300381,0.5143762,-0.100425854,0.5921706
0.13637586,0.8753657,-0.12167367,0.32739305,0.49318644,0.34361324,0.29323766,-0.60220295,1.1489135,-1.3983155,0.78426725,1.5994503,2.492608,2.415043,-0.96969193,0.8804774,0.3626643,-0.02028268,0.115492605,1.2723182,1.0036852,2.2862606,2.051594,1.3350043,0.6607281,0.68382186,-0.6822467,1.8282727,-0.57006776,0.3112804,-0.5611635,0.5551235,0.8210155,0.50370234,0.5169662,-0.3986327,-0.08284184,-0.78189456,0.25555155,-0.50323904,0.41607687,0.35033858,0.74580294,0.15310049,0.24523622,0.4804336,0.7484036,0.79088753,0.8636238,0.8432619,0.85310805,0.62018037,0.61852515,0.5820421,0.3718764,-0.43533075,-0.03974556,0.4385426,-0.18168521,0.91812366
-1.9424794,1.5411266,0.7723387,0.34695882,0.49273372,-0.29352242,0.2450164,-0.81442785,1.018036,-0.5197195,1.2336781,1.7756646,2.2825105,1.8844857,-0.21571954,1.2378598,0.63009936,0.9378186,1.4391272,1.454792,1.9452931,2.6495266,2.6798,1.2179102,1.7080189,0.94920075,-0.7714379,1.1103945,0.7851345,1.3826067,-1.0596776,1.288779,1.1304767,0.5418736,0.56046194,-0.028966984,0.7737512,-0.6719001,0.40698752,-0.008715868,0.90351593,1.1088929,0.8025776,1.0455753,0.395725,0.92908484,0.72096103,1.56631,1.6336455,1.1226696,0.78783387,0.8244578,0.7742309,1.0894556,0.8846797,0.11475904,1.0766791,0.9081328,0.42533273,1.6016524
-1.9226574,0.9823301,-0.5136052,0.34663597,0.49182826,1.6500336,0.6153327,-0.0005151228,1.3162159,-1.1411724,1.1572454,1.6970859,2.3095582,1.9452492,-0.08581874,1.2628808,1.0384926,0.3600781,0.33060443,1.3807063,1.4786323,1.7386897,1.6969553,1.2659789,1.1919614,1.221937,-1.2778476,1.0606353,0.515456,0.20773238,-1.3962224,0.8738885,0.6171968,0.8298736,0.35742497,-0.8178746,-0.2740053,-1.2977413,0.9003028,-0.118640006,0.68921345,1.0194179,0.8492344,-0.021536529,0.011971636,0.77036047,0.738112,0.785364,0.797192,0.89507544,0.6927555,0.8887604,0.78870606,1.093503,0.6790611,-0.59983724,-0.2205301,0.54003376,0.43214434,0.851256
-1.8956659,1.5939897,0.4744779,0.21527596,0.49318644,2.5692923,1.8453401,-0.46113268,0.942754,-0.39723063,1.348383,2.0098882,1.7429256,2.521424,-0.9833339,1.3031873,1.0026636,0.3819084,0.9305665,1.3165808,1.1398324,1.3499446,1.7438884,1.6123769,1.2327933,0.92639107,0.60949415,1.5291477,0.61583555,0.91696304,-0.89610994,0.77514714,0.7648161,0.5545738,0.53445923,-0.6255713,-0.08127705,-0.4457663,0.41224384,-0.3986684,0.69823134,0.83379465,0.5197116,0.54429156,0.12319684,0.5956262,0.54574937,1.0013672,1.0136579,0.71912354,0.45159766,0.28370863,0.18944715,0.77912116,0.40925306,-0.23341952,0.58646137,0.6608541,0.19509454,0.9679446
-1.8615048,1.2229252,0.30914703,0.38282144,0.49454463,1.9556645,1.4239396,-1.1313809,0.5526751,-0.21648861,1.4869311,1.638026,1.3176275,2.2406735,0.24784023,0.959486,1.8645729,0.6699653,0.5629285,1.1670619,0.48526046,-0.37973842,-0.294064,1.2233098,1.3047596,0.9085952,1.6138715,1.2408835,1.3537424,0.85491025,-1.2949018,1.2139392,0.80377537,0.5618122,0.5955674,-1.1212319,-0.431689,-1.3489648,0.80229944,-0.86037207,0.5956264,1.0077055,1.2578571,0.0695501,-0.51521075,1.2076222,0.9087514,0.82241875,1.0076392,1.1231456,1.2027406,1.3680317,1.3503832,1.0364971,1.0199934,-0.7504188,0.79790235,0.7157721,0.16005574,1.0598047
-1.8578146,0.87471765,0.2503212,0.43439704,0.49001732,0.48003832,1.5002183,-1.7933867,1.0483181,-0.9498842,1.423659,2.059384,1.2376747,2.2135277,-0.3936725,1.1817471,2.095991,0.14870681,-0.093575746,1.3127208,0.65958774,0.972661,1.3720825,1.216202,1.2605828,1.3336731,-0.3079064,1.77761,0.5577294,0.35305166,-1.2750818,0.8082299,0.598564,0.83190405,0.5541638,-0.6109258,-0.20093209,-0.93389165,0.8304912,-0.31131527,0.63338244,0.78922284,0.7216647,0.032942683,-0.362196,0.9611125,0.73880833,0.4390473,0.56205344,0.9525889,0.7097769,0.7551494,0.64797354,0.816983,0.6370032,-0.51538205,-0.031437285,0.7093012,0.41171768,0.64363045
-1.9087399,0.36137092,0.96730965,0.2137127,0.4895646,1.2540532,1.2782105,-1.4314929,1.1625443,-1.0033435,1.2544405,1.3597628,1.797987,1.8000275,0.6347487,1.3230981,1.8099155,1.2317796,1.4001918,1.4075168,2.4200752,2.1554427,2.0686579,1.5413722,1.6909281,0.93506444,-0.7666163,1.1203289,1.0541009,1.4686047,-1.7396128,1.1313139,1.4302619,0.6106425,0.60416317,-0.598365,0.29561114,-1.2364004,0.6913076,-0.1542396,0.93168986,1.3009485,1.6101619,1.031641,-0.085361265,1.0832771,0.9304411,1.5916176,1.8140762,1.3359438,1.4439443,1.7842818,1.8950044,1.2905604,1.1706339,-0.053010203,0.49324468,0.82443607,0.46777493,1.7569797
-1.6413552,1.3374709,0.06677613,-0.17109817,0.49137554,-1.7022883,0.91525525,-0.8497157,1.4314528,-0.8671298,0.29137424,0.5921299,0.8953069,-0.0071235234,-0.61659104,1.1136879,1.7165039,0.5731946,0.70479095,0.77861136,1.0677435,1.5132399,1.6171359,1.1018716,1.3900884,1.1785603,-0.8200803,0.7294724,0.50519764,0.94985646,-0.5575889,0.46713436,0.56982,0.76095,0.46734178,-0.60165226,-0.33938465,-0.67008936,0.5197833,-0.109296255,0.40483034,0.603286,0.6085588,-0.4197,0.269828,0.25635138,0.6893095,0.59448266,0.44548273,0.47743028,0.37933475,0.2451774,0.35060006,0.60233265,0.19698523,-0.75964004,-0.3455381,0.007795766,0.24183127,0.5077086
-1.3391814,1.0589912,-0.64922535,-0.6213153,0.49182826,-0.84021443,0.9562066,0.16911723,0.97653675,-1.3073722,0.9519895,1.804642,2.1891215,1.648727,-0.53408337,1.0663139,1.0663787,-0.46066308,-0.39200887,1.4677289,1.9188418,1.5649447,1.6448023,1.230705,1.1960921,1.0659493,-1.9188358,0.7871634,0.5025656,-0.27016497,-1.1386889,1.1842312,0.737195,1.0636446,0.35849804,-0.8684968,-0.2038016,-1.140635,0.7815818,0.078667186,0.75478107,1.1092308,0.8045321,-0.27662697,0.40277645,0.5930965,0.69869256,0.934789,0.97168106,0.86933583,0.44379634,0.3775454,0.37255535,0.92370546,0.8546178,-0.8946905,0.09980382,0.7705255,0.66057223,0.9439038
-1.582522,1.1576035,-0.23231319,0.38671693,0.49137554,-0.032975603,0.2815937,-1.5788587,1.240029,-0.9376944,0.85181046,1.6550064,1.6600176,1.122708,-0.875709,0.7985284,0.8699731,-0.13750923,0.11649642,1.1800264,1.4635143,1.2348726,1.3833714,1.7889742,1.1509445,0.6851774,-1.1486679,1.10051,0.2397849,-0.4906023,-0.9460911,0.4671081,0.010674751,0.7572462,0.0109123215,-0.7847636,-0.61053956,-0.8314809,0.7227327,-0.4723141,0.30371785,0.49602953,0.9221231,-0.78046066,0.08930258,0.4008742,0.19159885,0.11990593,0.07045433,0.6118904,0.7964251,0.80825865,0.77514625,0.6500275,0.5464141,-0.8525148,-0.68174726,0.5282958,0.118792124,0.1649316
-1.5110366,0.7061087,1.2231202,-0.34888837,0.49273372,1.5665505,0.7497311,0.2992999,0.6186341,-1.0999396,0.49982598,1.621902,1.9373889,1.6403688,-0.28221267,0.8370522,0.13747379,1.212222,1.6239597,0.76610404,1.801864,1.3842927,1.2946045,0.98505414,0.7591361,0.6926973,0.1625888,0.31076896,0.5145163,1.4449656,-0.80502236,0.67396,0.8688772,0.8008428,0.42936486,-0.39394304,0.12163166,-0.77027535,0.39492786,-0.26993278,0.5424658,0.53083485,0.5514741,-0.010202713,0.43340942,0.43459788,0.4094833,0.9324089,0.94678754,0.7391201,0.49453223,0.3559179,0.39402965,0.72229683,0.39226976,-0.3324855,-0.06931636,0.47911847,0.14181477,1.022969
-0.91901547,1.3219467,1.1442497,0.42920387,0.4940919,-1.1613014,1.4197178,-0.50896364,1.1179076,-0.5315988,0.86501616,1.0564512,1.5582237,2.3816726,0.59974504,1.0081098,1.942368,1.0785652,1.6632715,1.3993322,1.4328532,1.1946076,0.8815797,0.99200016,-1.0727391,1.1573628,1.9938347,-0.7968073,-0.5718971,1.6995165,0.2487677,0.021680983,0.9255112,0.13323608,-0.082114324,-0.1065778,-0.20347461,-0.12743866,-0.25402874,-0.027278397,-0.11977751,-0.2373659,0.0052646333,0.29413897,0.8675911,-0.44792566,-0.1356924,1.0023038,0.95033056,-0.3061193,-0.27248356,-0.112901405,-0.007581583,-0.16606411,-0.367405,-0.4947833,0.5644483,-0.34679672,-0.44713867,0.9278333
-1.0922462,1.1289734,-0.087196805,-0.35032284,0.49092278,3.425708,1.0049279,-0.52479106,1.0024352,-0.6258837,0.8309496,0.8651492,0.45507252,1.4089972,-0.3242488,0.8193658,0.8817987,-0.25140914,0.23991069,0.5230006,0.7989084,0.04848706,0.607152,0.6502596,0.91859174,1.0298111,-0.950528,0.4107065,0.71811825,0.08337108,-0.18715316,0.11043137,0.36828926,0.8042001,0.18835716,-0.25167748,-0.073734984,-0.43532768,0.32814252,0.36620578,0.19434138,-0.09804654,-0.06468208,-0.5555899,0.92598313,-0.22036576,0.42870563,0.33011067,0.11788407,0.1520457,-0.114928335,-0.11539448,-0.11422656,0.24895313,-0.046347603,-0.4557143,-0.38299122,0.073877625,0.19833912,0.2355173
-1.9983603,1.0530432,-0.66806626,0.25357163,0.49001732,2.1647055,0.01894311,-1.9073439,1.1559799,-0.33039522,1.3918439,2.0111516,1.6089871,1.807614,-0.32676116,1.077719,1.3519524,-0.3352128,-0.45409322,1.4915718,1.4901394,2.0049438,1.6916214,1.4156116,1.3714209,1.1841507,-0.7081277,1.0043786,0.6068466,-0.38581875,-1.1336923,0.94878954,0.5998768,0.9329975,0.39228427,-0.56123453,0.08481203,-0.78300726,0.8785442,0.003219312,0.8127861,0.962076,0.9261023,0.18690065,0.28863356,0.9271085,0.9553793,0.68923753,0.63827085,1.0530703,0.8450554,0.8407264,0.8203465,1.112712,0.86268556,-0.7042567,-0.42965585,0.7728063,0.54982483,0.68339145
-1.0934061,-0.7795245,-0.38997358,0.6584013,0.49092278,-0.38217846,0.015656367,-1.1898745,1.2683918,-1.5034915,1.5716437,-0.018580167,1.7394944,0.20814502,-0.22023274,0.7232601,1.4415275,0.14205478,-0.71222574,0.7298537,1.5258584,1.5107772,1.923813,1.1487062,0.21818659,0.095224276,-0.36460403,0.37606853,-0.36398914,-0.12466805,-0.22587797,-0.053360134,0.10936027,0.66713405,0.395392,-0.6845547,0.012297754,-0.61275953,0.32839283,-0.19694234,0.124281876,-0.21738032,0.23499556,-0.76714635,0.57110894,0.14127555,-0.2123135,0.042329215,-0.12573242,0.3763661,0.3271716,0.26197177,0.25328204,0.14823693,0.18798086,-0.21819802,-0.5501753,0.04598477,-0.0071769813,-0.05484379
0.33819923,0.045907147,-1.1775082,0.029158996,-2.5179214,-0.24870208,-1.0178155,-0.06368951,0.68465924,0.04095174,-0.7402243,-1.614463,-0.93994325,-0.20609646,-0.6062985,-0.45694646,-0.7093136,-0.5422534,0.19289061,-0.18548751,-0.08367826,-0.7047443,-0.8954148,-1.6749024,-0.85910356,-0.7368871,0.2645878,-1.3931575,0.0030159198,-0.48699376,-0.47643846,0.45455033,0.5297141,0.7896689,0.36216295,-0.47818655,-0.044786043,-0.41338554,0.48724696,-0.49673128,0.46179494,0.07260646,0.8255154,-0.47116864,0.25129485,0.21201532,0.29068112,0.5889636,0.46753767,0.5296483,0.60209614,0.3503519,0.3841587,0.8716602,0.30467603,-0.7307145,-0.48606324,0.3662732,-0.0016220445,0.6869008
0.92799675,0.6819086,0.22840649,-1.7990481,0.47100267,1.0598532,-0.43260643,0.8284787,-0.67764074,0.48205963,0.074059635,-1.089641,-0.23618127,0.37507623,1.4969779,-0.90626436,0.45425078,0.6028464,0.94184464,-0.57916385,-0.55172855,0.3613112,-0.73089314,-0.753551,-1.0512637,-1.1144766,1.8170905,-0.6750878,-0.5000295,0.7716959,0.98786527,0.22293729,0.45738614,-0.6448212,-0.13492993,0.59211737,0.47841012,0.5351767,-0.6307926,0.5992406,0.0108665805,-0.07636855,-0.11780227,0.9331039,0.19103992,-0.35377288,0.05811999,0.5808223,0.74423534,-0.45629296,-0.2629046,-0.3294403,-0.38986108,0.17358989,-0.33652067,-0.3020342,0.9078273,0.33829263,0.2985682,0.72338593
2.9873815,1.1807859,0.20303719,-0.54166937,0.48594275,1.7376208,0.8344723,-0.635909,-0.08782609,0.75810444,0.6841313,0.048931338,0.40441608,0.60673535,-0.43880716,-0.13404372,0.09483908,1.0719707,1.0463723,0.35333854,0.2036409,-0.32717177,-0.049603444,-0.4181119,0.08119126,0.11594796,2.4514737,0.09878409,0.035136998,0.51881534,1.0603691,0.69563866,0.852798,-0.43848208,0.19064677,1.1521152,1.1737303,0.7009536,-0.54110825,1.2783831,0.53084254,0.5162451,0.14398153,1.4176184,0.5610875,-0.3033902,0.903214,1.2755597,1.3307508,-0.3587964,-0.32894272,-0.28865257,-0.36505485,0.78999573,-0.12351996,-0.36441207,1.4125745,0.77022266,0.83564043,1.2776126
4.383913,1.1044596,0.24107684,-1.5012249,0.3736657,1.8701315,-0.35904834,-0.82392526,-0.044722024,0.039343845,-0.5430124,-0.021222105,1.0958834,-0.4255881,-1.4686216,0.1320871,0.36839247,-0.43234184,0.586818,-0.64088947,-0.27991888,-0.79090315,-1.4965783,0.7439517,-0.5144934,0.885509,-0.9924367,0.98352426,0.024622342,0.50328183,0.4203414,0.4503838,0.53399915,-0.23241124,0.44216955,1.0555071,1.8705276,0.70835054,-0.50509554,1.0894943,0.46624234,0.44649708,0.42954332,1.3008752,0.15943424,-0.063225485,0.90213704,0.7392349,0.6260219,-0.19920334,0.19336712,0.13836096,0.0338365,1.0106062,0.082139306,-0.007624127,0.64114684,0.730493,0.80754423,0.77845645
1.8338512,-0.98401153,0.6819572,0.728343,-2.6315567,4.1370254,-1.0508943,2.3213794,0.40851405,-0.14819558,-0.16113229,-0.7818246,0.73833805,-0.9930965,-0.06280761,-1.3292389,0.7339977,1.2262763,0.63783747,-0.3826851,-0.582753,-0.77783984,-0.98098207,0.26766288,-0.454623,-0.9826893,0.02518474,-0.7805009,-0.99691933,0.19618857,0.67854,0.7415944,1.5430794,-0.40684408,0.043626964,1.0369937,1.0797504,0.6336512,-0.5675147,1.3270073,0.194157,0.20351693,0.18768258,1.1733518,0.85858756,-0.2706235,0.67278916,1.6185162,1.6794251,-0.3237212,-0.20159511,0.11753007,0.017474838,0.52052325,-0.102614075,-0.28263548,0.7545183,0.4853153,0.6653894,1.6360391
2.1515517,-1.2485001,-0.18296115,0.105359785,0.3333727,-0.15615618,-0.96739316,0.02879744,-1.0353955,-0.76602334,-1.2840103,-1.2624637,-0.4705747,0.004753866,-0.40515962,-0.94932574,-0.5233817,-0.33169845,0.024056876,-0.68921804,-0.9701972,-0.78588015,-0.79175806,0.29728875,-0.8809514,-0.8397456,-0.7860758,-0.011968699,-1.3979548,0.5379984,0.48649588,0.67905414,0.7382457,-0.59340227,0.08528854,1.1383774,0.31226987,0.4683082,-0.43615267,0.9107886,0.2887382,0.39659962,0.29175928,1.3832794,0.36689585,0.009416939,1.1259108,0.9769536,1.1319066,0.004412463,0.17448448,0.06717506,0.04557902,0.7932379,0.12869266,-0.58053964,0.7629077,0.77554643,0.7234399,1.0516636
1.2333949,-1.1403114,1.5495403,0.6496062,0.4850373,2.3619704,2.0023735,2.0630069,0.14966191,-0.5871242,1.0241065,0.11834218,-0.4132609,0.9981778,1.7294635,-0.9929079,1.8718859,1.2361548,0.79269594,0.6599724,-1.1814339,-0.32841375,0.07720398,0.1395414,-0.5480483,0.16385324,0.89827734,-1.4371052,-0.28423762,1.3994163,0.21300349,1.0743835,1.3238634,0.35906148,0.53157276,0.769617,-0.19404724,0.064566515,0.4040302,1.1464103,0.6070192,0.7904379,-0.0272955,1.4320669,0.62582636,-0.04027172,1.2235959,1.5854101,1.6169862,0.16282858,-0.27491048,-0.46687007,-0.50527304,1.1958793,-0.060160175,-0.99162763,1.3404925,0.4414221,0.97353816,1.4131403
-0.6931694,1.6325183,1.0807755,0.7693545,0.49318644,1.0180167,1.3610957,-0.7267625,1.1152191,0.7284458,1.2123418,1.3795669,1.5187266,2.4116044,0.4577417,0.521208,1.2781056,2.1173534,1.8357738,1.2293816,0.796092,1.8534927,1.8504094,1.9854505,0.8017298,1.1882801,0.45981583,0.5378529,0.035336524,1.5470852,-0.69954664,1.0355358,1.7567682,0.34813797,0.7091016,-0.003022056,-0.07263466,-0.42592356,0.50156987,1.2143549,0.8447752,0.8275764,0.3395645,1.5364155,1.0352094,0.3233049,0.8728867,2.0043154,2.076457,0.58242416,0.11963699,0.07417922,0.18207067,1.0912626,0.3329767,-0.53079665,1.1040324,0.41273028,0.8860835,1.8782365
-1.5792063,1.1787614,0.7697039,0.51638293,0.48413184,-0.2483361,1.1075814,-1.9223816,0.8746411,0.43092754,1.1902694,1.5643278,2.3229423,1.3841895,-0.25875998,1.0925922,0.28707948,1.2333376,1.488304,1.4393666,1.7387381,2.2495642,2.0768464,1.5831232,1.4112378,0.971649,-0.38558,0.85068816,0.5791259,1.497685,-1.3344241,0.9488037,0.78964883,0.57492703,0.61886984,-0.84846395,0.07972873,-1.6090049,0.8642502,-0.4954049,0.77260363,1.1956918,1.2574899,0.1330235,-0.5945396,1.3812789,0.7198685,0.86432576,1.0378826,1.2496728,1.4153229,1.6048518,1.4858568,1.1864725,1.0666628,-0.008813297,0.031077724,0.83620924,0.3554332,1.2085631
-0.41829905,1.0720301,0.97332805,0.14428465,0.49137554,1.0482967,1.7922423,-0.6012142,0.98038703,-0.0406531,1.6774292,2.0511262,0.7933362,2.3537264,0.43382934,1.2059084,1.7191279,1.4060413,1.7323811,1.273876,1.4674082,2.4552221,2.3121376,1.9809253,1.0245702,1.188003,-0.06437379,1.1297499,-0.20473656,1.7045141,-1.2174636,1.0884346,1.2803748,0.9877197,0.68255,-0.55504465,-0.10652741,-1.2937382,1.0007606,0.31924605,0.9128259,1.1780212,0.9714364,0.39738512,0.4285065,0.9276613,1.0409297,1.3492552,1.3929286,1.2095295,0.8167111,0.93655753,0.941537,1.2024024,0.8746898,-0.37328577,0.29192445,0.42574215,0.6815003,1.3913181
0.4026152,0.9994519,0.2624521,0.5455711,0.49001732,1.9917095,2.1038115,-0.6309372,1.3202409,0.91365606,1.3296483,2.1388364,2.6720433,1.9413569,0.14819218,1.2973025,2.267657,0.21910073,-0.09800076,1.417159,1.8741523,2.593747,2.3673515,1.4039007,1.4846946,1.1734023,-0.7088418,1.1502488,1.7778555,0.3551467,-1.2840872,0.6492303,-0.11123028,0.5935946,0.5624051,-0.51503587,-0.06554576,-1.0477502,1.0712302,-0.61463004,0.48885837,0.7688086,0.8365766,0.15493324,-1.0166379,1.4078265,0.7582378,-0.4294696,-0.11948777,1.1734328,1.0510625,1.1395103,1.026806,0.8763706,0.978303,-0.17898715,-0.6301117,0.86193496,0.36023474,0.043349743
-1.4462174,1.3929144,0.57632655,0.09237296,0.49273372,-0.2387049,1.2369462,0.76067346,1.4737902,0.8514169,1.562724,1.4084127,2.143115,2.307395,-0.20395486,1.0943012,1.9278831,1.0094181,1.2854995,1.0901711,1.2745134,2.5126655,2.2837012,1.53862,1.3019826,1.1370088,-0.5512882,0.7805986,2.0027218,1.3613861,-1.3446616,0.8734073,0.9857575,0.41980863,0.62296724,-0.55271286,0.16868806,-1.1327842,0.6992046,-0.058041245,0.81611776,0.87954855,1.387774,0.4116698,-0.56319726,1.3329743,0.73344785,1.061236,1.1105162,1.3118106,1.6734104,1.5836707,1.5874022,0.9839269,1.1347742,-0.031128125,0.2843667,0.94350165,0.57691336,1.2707375
-0.25379124,0.9720239,1.3291546,0.122168094,0.49545008,1.8269819,0.9855583,-1.8371093,1.2368329,-0.39315692,1.0261148,1.2977108,1.7738807,2.195892,-0.4365187,1.3296287,2.2859714,1.5995758,1.8049446,1.2076632,1.2139328,1.7514483,1.2671456,1.3310162,1.473087,1.1522068,-0.19643143,0.93298316,0.6533959,1.6999404,-0.6048937,1.0559925,1.6939899,0.47778532,0.62352544,-0.061676785,0.37311575,-0.62316185,0.5555364,0.4087368,0.6457695,0.86764795,0.68538034,1.5054617,0.4474862,0.92503035,0.8934088,1.8145921,1.9054999,1.0888475,0.9664618,0.8145728,0.8407707,0.9225567,0.89359146,-0.107344545,0.88586026,0.5937724,0.6055831,1.8493711
-1.606122,1.3526539,0.7301195,0.5405958,0.49092278,0.8773091,0.8288022,-1.406056,1.6124947,-0.7558446,1.3413732,1.9573784,2.1257904,1.679815,-0.95197666,1.2792995,1.4615718,1.0279274,1.4301311,1.4886125,1.837419,2.8126624,2.6561418,1.2524596,1.1530082,0.9999509,0.71368325,0.92339355,0.5057573,1.2995526,-1.6011435,1.2344406,1.1737477,0.50421447,0.47615868,-0.4617247,0.4699752,-0.80755526,0.7989307,0.011649253,0.9088748,1.165326,1.3896558,0.7393362,-0.5354455,1.4409087,1.0104975,1.0833292,1.2994987,1.513376,1.5778253,1.6201507,1.6110585,1.2118114,1.2998332,-0.07077134,-0.06545062,1.2591271,0.79552907,1.3832785
-1.9737937,0.95188195,0.8008409,0.01403065,0.49454463,1.1577948,0.57708913,-1.8861344,1.3569705,-0.72677636,0.9035072,1.2984099,2.1684806,2.265284,-0.09072163,1.33405,1.6382493,1.5627395,1.468008,1.3390538,1.975942,1.5594988,1.4660575,1.1549773,1.1805968,0.9134575,-0.15851077,0.79908067,0.3318964,1.3035353,-0.97800946,1.05217,1.1748918,0.6574698,0.5519544,-0.019130675,0.39541635,-0.2575523,0.71162605,0.35248312,0.8357536,1.122729,0.71237916,0.8862688,0.24392629,0.9917063,1.0676771,1.35101,1.4415456,1.0904521,0.8852924,0.9884022,0.9473027,0.9832089,0.954131,-0.07026051,0.52673227,0.9923123,0.67261475,1.3692693
-2.0498128,1.2217714,0.75967276,0.11756452,0.49182826,-0.49802175,1.0086607,-0.47411674,0.9509143,-1.2212658,0.8238033,1.75621,2.4638283,2.343714,0.33534706,1.1236445,1.3011949,1.1309084,1.3411808,1.6075385,2.0001853,2.3329582,2.194933,1.493213,1.2675412,0.98468524,0.3399598,1.2195233,0.7732953,1.2539502,-1.8438821,1.2500093,0.9512295,0.6192517,0.7115553,-0.8842115,0.25508422,-1.4230666,1.0252364,-0.32067385,1.0374953,1.4773556,1.7110442,0.52595735,-0.9417907,1.6535187,1.162819,0.9570728,1.2861078,1.5103656,1.7622617,1.8979647,1.8467381,1.4944891,1.4893475,0.0025137272,-0.048465617,1.4016865,0.6515793,1.4349372
-2.1107547,0.65156764,0.7146296,-0.06351248,0.49137554,0.50075644,1.2336777,0.016570378,0.47408307,-0.64558244,1.3479054,1.7407526,1.3516723,2.322951,-1.2142935,1.1982125,1.4306564,1.2048062,1.4281399,1.1751263,1.7250248,1.7377495,1.7279677,1.3448257,1.2295473,0.9308436,0.95846844,0.7211533,0.839001,1.5035034,-0.8537436,1.0971498,1.0358061,0.6224916,0.56524056,-0.011638438,0.50922275,-0.16531643,0.7435427,0.14407761,0.8659596,1.09971,0.84390885,1.1252444,0.15840465,1.0614054,0.88106537,1.0922749,1.2543912,1.0867292,0.77375257,0.9450057,0.8897498,1.0863098,0.94025946,-0.031742405,0.17000866,0.8389011,0.6415335,1.3102694
-1.2840337,0.49851874,0.2327542,0.76698434,0.48684824,-1.424101,-0.51454145,0.050050553,1.6274006,-1.3805085,1.2438473,2.2759898,0.8441398,0.9106885,-0.7831338,0.64213395,1.0037742,0.4598466,-0.11593724,1.0247782,1.6252885,1.5767229,1.2346954,1.1774447,1.2145895,0.54593337,-0.5715517,0.0646803,-0.2971747,0.18287122,-0.82868,1.0244904,0.5657148,0.99626625,0.22850537,-0.7762542,0.012192692,-1.085416,0.6319614,0.10657691,0.5852349,0.6730645,0.7713829,-0.3555932,0.6634295,0.4399509,0.44215572,0.88474125,0.75924623,0.61274314,0.5600947,0.7177638,0.6643963,0.8400092,0.73871154,-0.37333524,-0.1758503,0.71684194,0.60811883,0.8140677
-1.6332365,1.3514806,0.08021018,0.91855663,0.49092278,0.5816626,0.36082473,-0.8531038,1.5867416,-1.2530038,0.77917385,0.8738982,1.6280895,1.6206689,-0.88741237,0.85667104,1.0219705,0.53458756,0.26921654,1.2148523,2.0817044,1.7440914,1.7629987,1.036615,0.1726127,0.8405493,-0.68866146,0.40812084,0.70725745,0.088238195,-0.7365687,0.7052664,0.64874923,0.7275289,0.43080163,-0.46209714,-0.03805154,-0.6422411,0.40871552,-0.30237338,0.5140781,0.85821235,0.5957213,-0.32359585,0.2941618,0.4894167,0.4402427,0.7485097,0.76226443,0.6157097,0.46579713,0.5344633,0.57096195,0.65665054,0.44802076,-0.6379662,-0.14671591,0.63958013,0.1428205,0.859659
0.026898256,1.303579,0.20486397,0.43714482,0.49273372,2.5151987,1.598204,2.0069206,0.99597067,-0.9743642,1.351483,1.6994604,0.69423914,2.2609003,-0.20851846,0.9578003,1.0924087,0.7008701,0.52744097,1.2103128,1.2909739,2.2705953,2.2479224,1.4314063,1.3219899,1.5693606,-0.7305176,1.4799653,0.6839006,0.23966642,-0.98023725,0.6657325,0.22871405,0.8399958,0.34723544,-0.49323457,0.004642809,-0.77671915,0.56858426,-0.31313953,0.32234797,0.50232047,0.8327271,-0.46634665,0.15115276,0.41293073,0.468274,0.34973702,0.2933415,0.5626188,0.719381,0.6942077,0.605628,0.6576756,0.5127458,-0.51178217,-0.62015027,0.6133684,0.15018852,0.43818453
-0.92262036,1.4047445,0.89996994,0.39765698,0.49273372,1.3899804,1.1721607,-0.12765203,1.5462058,-1.1836911,1.1018816,2.2189214,1.7738788,1.7397588,-0.1171297,0.84068483,1.6151376,0.7687256,1.2086384,1.2026829,1.3007667,1.8704778,1.737304,1.1723323,1.4053708,1.1475235,-0.271194,1.0921327,0.7890167,1.1786364,-1.2824167,0.87680906,0.6961696,1.1429677,0.27520865,-0.9335014,-0.5487672,-1.3645254,0.9068347,-0.10645654,0.6596422,1.0941681,0.44879422,-0.04165747,0.39555115,0.62556,0.6735705,0.8661996,0.88499457,0.7737595,0.3916979,0.44242123,0.4625687,0.80012155,0.51092255,-0.82934767,0.42070898,0.46666235,0.20818411,0.8411385
-0.8876064,0.9831747,0.89362794,0.31959444,0.49137554,0.32088205,1.0904465,-1.6610886,1.1063542,-0.79036564,1.1128465,1.410987,1.2289131,1.4173914,0.8552121,1.0751817,1.7555937,1.3757722,1.4766452,1.5498449,1.2822238,1.5541525,1.2716311,0.7251512,1.0134922,0.87379175,-0.73666173,0.43275744,0.3479461,1.3602927,-1.020861,0.99089277,1.3224052,0.5745708,0.617035,-0.618067,0.2154871,-1.0083193,0.47492254,-0.032207865,0.5927118,0.986883,0.7622395,0.9301953,0.60883164,0.85796905,0.8969144,1.4171776,1.6185067,1.1291196,0.8211638,0.80718446,0.87504566,0.96687627,0.66183513,-0.22057046,1.3215089,0.35916808,0.25328994,1.567866
-1.5892699,0.92046136,0.8822296,0.40635306,0.4895646,-0.867513,0.54271597,-0.9109597,1.3685904,-1.0270208,1.1643678,2.2681293,1.7935566,1.332885,-0.24816425,1.2023466,1.1537365,0.9428346,1.2736077,1.0247247,1.5660752,2.1609416,2.1778374,0.8951906,1.2595501,1.2080704,-0.8531401,0.93581104,0.86414725,0.9471706,-0.8579329,0.8372445,0.6938333,0.66966444,0.40181804,-0.7072752,-0.21194744,-1.2349257,0.5083637,-0.24348618,0.514429,1.0040771,0.91350824,-0.32048705,0.27685186,0.7762891,0.79877424,0.8739458,0.8705872,1.068028,1.1488835,1.0715265,1.2083883,0.8092802,0.6545121,-0.60847086,-0.01711807,0.59852314,0.3358334,0.9020712
-1.7858019,1.6441153,0.270832,0.65388066,0.492281,0.92120796,0.41141728,-0.75724983,1.6282904,-0.6318616,1.07788,1.7087201,2.3335981,0.77098686,-0.8325017,0.9802918,0.8319536,-0.038387675,0.31805524,1.213481,2.1807582,1.922183,2.101202,1.3470614,0.68710536,0.7407801,-1.5439311,0.9943827,0.3060447,0.076261245,-1.0707362,0.74550235,0.33993003,1.3089517,0.47768933,-0.3257951,0.570696,-0.64710903,0.96473235,0.17417143,0.9125393,1.3224782,0.5978469,-0.22338453,0.3398491,0.60398316,0.89342624,0.66344905,0.48091722,0.92243063,0.53936976,0.324889,0.345106,1.1565981,0.9428148,-0.20987247,-0.5074165,1.0552044,0.7692814,0.5400608
-1.6597009,0.95612943,-0.13961485,0.43203273,0.49363917,0.18891111,0.6476207,-1.1916113,0.8821776,-0.73332286,1.2112488,2.0391045,1.6121883,1.6174948,0.1505007,1.1381586,1.1634876,0.0016618271,-0.13742206,1.172654,1.2513034,2.1560152,2.163576,1.6127416,0.7781016,0.3245198,-1.3428874,0.82464164,0.26765823,0.029384343,-1.094647,1.0450145,0.5825335,0.8484416,0.44363618,-0.5603196,0.12573406,-0.84697866,0.8002013,-0.14599894,0.6965065,0.8755066,0.62183475,0.10690418,0.04123579,0.73146117,0.47739124,0.6101532,0.7784331,0.8966539,0.54191786,0.6594457,0.6021514,0.7381106,0.9053819,-0.5183266,0.007890139,0.70329744,0.43411073,0.7400537
-1.0439366,1.4728096,-0.43766043,0.6290276,0.49499735,-0.8673153,-0.19019231,1.9843739,1.287195,-0.8649701,1.4706795,1.6468451,1.9461168,0.9908403,-0.5473167,1.1250501,1.1330553,0.12881164,0.07233385,1.397535,1.5811522,1.3472615,1.5016441,0.83095115,1.6701134,0.5531124,-0.8813828,0.5905202,0.39428523,0.045073975,-0.80209154,0.9220905,0.45015082,0.87822086,0.25145608,-0.60796875,-0.21818364,-0.74673784,0.74270445,-0.111300595,0.5382242,0.77069974,0.671386,-0.25554734,0.20060025,0.49837938,0.410303,0.4708843,0.46011665,0.83472055,0.5417316,0.64284664,0.66873413,0.73745024,0.605483,-0.66511196,-0.13307375,0.55794,0.4482833,0.52605414
-1.616156,0.9591811,-0.5606671,0.44413453,0.492281,0.33466443,0.732057,-0.8238434,1.6453152,-1.2889796,1.2534262,1.2303145,1.7738605,1.0340481,0.934696,0.8952859,0.9945609,0.2707006,0.25297773,0.7137676,1.5108373,1.946597,2.1345818,1.2664433,1.0402242,0.88173014,-1.4449621,0.46742862,-0.57338035,0.29771438,-0.72012246,0.55184054,0.39614496,1.0199921,0.21339838,-0.61884826,-0.12691125,-0.7218833,0.5965088,-0.08589003,0.49726006,0.59197265,0.440238,-0.5449589,0.5949325,0.20698237,0.29406387,0.6009267,0.48024586,0.58930504,0.36972883,0.26979417,0.29764593,0.5573601,0.45653254,-0.6235808,-0.33991975,0.50838447,0.28411692,0.5034295
-1.8198577,1.58831,0.16201356,0.45540622,0.49182826,2.2567604,1.0328292,0.44886988,1.1356554,-1.3162401,1.3478906,2.010023,2.220567,1.2560933,-1.2353618,0.9175831,1.270118,0.09287771,0.13787217,1.3985978,2.204192,2.1140614,1.5441123,1.270107,0.8813193,1.0168802,-0.6614779,1.1746274,0.672092,0.027270412,-0.93210834,0.7229816,0.09057123,0.7828974,0.23759358,-0.5383132,0.087695226,-0.8136049,0.7181865,-0.5610635,0.4845464,0.7240786,0.82994014,-0.15448582,-0.033503808,0.6080238,0.23124753,0.14808652,0.16792466,0.82843155,0.8021724,0.7655777,0.7844362,0.7658582,0.636138,-0.6065719,-0.6845298,0.7309675,0.21985897,0.2022784
-1.1946243,0.61590093,-0.7977701,0.15555228,0.48911187,-0.13556245,0.22034305,-1.2688015,0.14454564,-1.3867751,0.98596966,1.1031293,1.6418782,-0.061646484,-0.44969365,0.8032728,1.1615688,-0.19312806,-0.5208244,0.99772245,1.2683831,2.3586063,2.3436592,0.7732893,1.8816032,0.18170953,-0.6891212,1.0858835,-0.7227481,-0.29356658,-0.7502521,0.32747722,-0.17048088,0.90507483,0.3778507,-0.9011629,0.22238973,-0.9849841,0.59161854,-0.5698852,0.64761525,0.5051324,0.7350143,-0.87678045,0.08809032,0.5657541,-0.06309329,-0.096426606,-0.26720017,0.73523074,0.7202105,0.51707536,0.4955543,0.8152645,0.60938275,-0.3169812,-0.79721683,0.9335994,0.3036046,-0.0045052795
4.109418,0.17050286,0.891085,0.7790721,0.11244043,1.320145,-0.16536567,1.1877764,-0.538504,0.43575132,0.8107698,0.44876602,-1.1338935,0.38037768,0.61277175,-0.87878585,0.3182271,0.82601696,0.57863337,-0.81220335,-0.6650218,0.6492208,1.2784204,-1.8099388,-0.47906992,-0.31287518,0.85314864,0.22019728,-0.8134437,0.67540944,0.7579798,-0.019918507,0.19848318,-0.4040101,-0.031423535,0.5478999,0.71001714,0.43184146,-0.54483926,0.4470649,-0.1999637,-0.5422748,-0.0018440997,0.38113248,0.40553018,-0.47584742,-0.099178724,0.2623004,0.1895371,-0.5166255,-0.20388922,-0.22573009,-0.28345165,-0.1248295,-0.46871576,-0.27123877,-0.1266844,0.0033032438,0.1640342,0.2305617
5.239626,1.7634956,-0.8212713,-0.3281525,0.46194807,1.0141875,0.9374148,1.8136355,-0.1501762,0.020014962,1.0200672,0.03535719,-0.6661298,0.102152936,-0.0450161,-1.2147605,0.024702149,0.385679,1.2479035,0.7253215,-0.076908745,-0.86386955,-0.68855536,-0.43980473,-0.039689537,-0.9491173,2.166732,1.1262044,1.2103572,1.1275748,-0.16812709,0.57434577,0.73061436,-0.07757853,0.4803871,0.70838124,1.1461833,0.44183144,-0.53321904,0.21469378,0.30280104,0.37347302,0.8974428,0.93642646,-0.2461353,0.2925005,0.27054143,0.79607046,0.9484469,0.3266051,0.5567483,0.71965504,0.5485071,0.8644323,0.21992193,-0.023195866,1.1217468,0.5894306,0.47757,1.0281336
5.325845,0.89102155,0.9072361,0.91622156,0.47688815,1.1472567,-1.2804935,1.673422,-1.1894177,-0.07990097,0.77323294,0.3943188,1.9243199,0.13386399,0.77927315,-0.41398585,-1.9274975,0.03610777,0.5569078,-0.47440755,-0.0121835815,-0.89562553,-1.217991,-0.5283322,-0.10111133,-1.2508806,-0.42179838,-0.29157332,0.02936589,0.4222147,0.53300744,0.44369358,0.59862,-0.34165984,-0.023425225,0.8421434,0.98817915,0.82346,-0.6693316,0.85477036,0.28308725,0.1988875,0.35036555,0.87796396,0.44600162,-0.20346804,0.5469924,0.7712922,0.78428054,-0.31611937,-0.05923316,-0.11558044,-0.15580916,0.49156502,-0.18590695,-0.56948864,0.5070216,0.6398503,0.68630916,0.72511506
1.6394516,-0.23988001,0.9612239,-0.028911931,0.49318644,-0.17341237,-0.9750886,0.0077618742,-0.24541485,-0.20873316,-1.2724552,0.58525527,-0.48612237,-0.35396004,0.3119988,-0.7527187,-1.5153004,-0.051433954,0.4705636,-0.7981099,-0.8733807,-0.80832964,-0.81790465,-0.40949875,-1.466296,-0.6354047,-0.19206345,-0.59570813,-0.6168315,0.10113703,0.49349296,0.9456778,1.2745278,-0.22075638,0.3712294,1.0674994,0.57702076,0.46841586,-0.30830345,0.9134974,0.49272928,0.6922601,0.4427495,1.5246066,0.4094263,-0.03167583,0.95452714,1.4473774,1.4495304,-0.08043004,0.14191543,-0.11384287,-0.24006674,1.0703874,-0.013939134,-0.56453246,1.1265748,0.62765783,0.81817824,1.3919111
1.4888208,-0.7692608,1.3789326,0.08286428,0.29217428,1.1644092,1.375826,0.44028723,-1.0559801,-0.18771812,-1.2562929,-0.33275226,0.76820576,0.015927708,-0.15357511,-0.93795884,-0.85868526,0.31980467,0.7127505,-0.35471544,-0.090725414,-0.79886496,-0.80442464,-0.8113525,-1.4542634,-0.83050734,-0.80175817,0.5019686,0.045086596,0.63059646,0.4342655,0.5505733,1.007068,-0.10134192,0.24538003,0.608127,0.35798863,0.25107262,-0.288936,0.84371394,0.35605273,0.17100713,-0.061106157,1.2091475,0.89023805,-0.05961976,0.41375268,1.1671813,1.244989,0.10512378,0.045086566,-0.21942791,-0.18345349,0.49953702,-0.08847534,-0.40421382,0.90506953,0.42166132,0.47868112,1.2356223
-0.24517621,-0.20166829,1.4855934,0.5031603,0.45696804,3.0782156,2.2466419,1.4018828,0.8520447,0.5390684,-0.019416407,0.1153671,-0.89665556,2.6664586,1.1802937,-0.14954436,0.3135324,1.3716875,1.5882764,0.41922927,-0.203202,-0.8443943,-1.1378083,-1.1752937,-0.56769955,0.9164958,-0.51785827,-0.33458546,0.14890318,1.442312,-0.39586222,0.75311905,1.3031015,0.83857787,0.3342951,0.03752461,-0.28173494,-0.20800056,0.7500947,0.8870907,0.64831394,0.74490935,0.48449847,1.0534767,0.8735567,0.26182473,1.0774734,1.4741765,1.5844333,0.6628749,0.4528617,0.20287737,0.38385114,1.0234126,0.3594247,-0.743305,0.70929676,0.45325303,0.7167168,1.405076
-0.4308087,0.8332101,0.96285117,0.27131104,0.48594275,1.0343597,0.8479198,-0.23322107,0.9605973,0.6122609,1.9144853,0.81130004,1.1563876,1.9323367,0.9323729,0.7738526,1.1364673,1.6609819,1.4343547,1.3772665,0.99030983,1.1872603,1.1025267,1.5857171,1.1884065,1.1807841,0.4848508,-0.26169655,1.5288409,1.409661,-0.6752708,0.526074,0.932596,1.0205758,0.48024887,0.11677224,0.31935883,0.014167945,0.871328,1.3113554,0.71100694,0.6048306,0.3561875,0.42229575,0.8151556,0.21240358,0.6726392,0.9585212,0.8706111,0.6756959,0.14684634,0.09159756,0.094467215,0.81014353,0.4252872,-0.19203044,-0.16491488,0.55990857,1.0719887,0.9369233
-1.726758,1.3545587,0.88256997,0.46715513,0.49273372,2.3576267,2.6012084,1.2407173,1.1148548,0.18792266,1.3776699,1.2137603,0.2363366,2.0153499,-0.016331498,1.1709503,1.8834127,1.671405,2.012253,1.3448796,1.233156,2.1487212,2.038815,1.0134845,0.17852034,1.355889,-0.19511703,1.6087435,0.56848776,1.733366,-1.1231042,1.2976733,1.1501713,0.6994376,0.62581897,-0.0029937215,0.32463074,-0.55790144,1.0311106,0.9693753,1.0450758,1.2023966,0.9999846,1.5425894,0.5243468,0.9675043,1.3655231,1.4210823,1.6221449,1.1737084,1.1216551,1.0659013,1.1273662,1.2340239,1.0107685,-0.067958064,0.41872343,1.0104349,1.1677788,1.6247298
1.8303145,0.73195034,0.873134,0.47812912,0.49363917,1.7688029,2.334006,2.4016776,0.8714468,0.90477926,1.1676503,2.0695362,1.9548163,2.3368375,0.6738894,1.0342716,2.2732954,1.6401837,1.9231006,1.4355301,1.5275797,2.0319905,1.6287581,1.5072131,1.1702129,1.5411634,0.39855018,0.89705145,0.62735003,1.7287003,-1.0223075,1.2109268,1.9548781,0.35733467,0.71909404,0.27512315,0.58285826,-0.70251966,0.63891613,0.6650379,1.1169292,1.2040977,0.93866664,1.9700001,0.64066595,1.0482042,1.268605,2.0069797,2.18285,1.0977174,0.84386027,1.0041984,0.949513,1.33049,0.8786805,0.16861822,1.141492,0.8002589,0.93460417,2.1076093
-0.74992955,1.0884186,0.4665156,0.36091983,0.48911187,0.8067058,1.7891622,-0.3670064,1.1356124,-0.36031327,1.2206672,1.9095427,1.9989802,2.086037,-0.08960562,1.2439716,1.50134,1.2969664,1.3408123,1.3522339,1.8985796,2.500112,2.4105515,1.6133696,1.4909159,1.3752255,-0.27295622,1.40077,0.94975793,1.2357306,-1.5450063,0.8684838,0.73768646,0.46118614,0.66067815,-0.48827213,-0.13627121,-1.1904978,0.6371231,-0.20455405,0.7106721,0.99053574,1.5598282,0.19472796,-0.8361164,1.301998,1.0129654,0.7478825,0.90813726,1.156433,1.5879991,1.6312773,1.7104185,1.256242,1.1173903,-0.30601743,-0.15082678,0.88189584,0.5021342,1.0778131
-0.9527795,0.97758013,0.36907887,0.36357868,0.49137554,2.390362,1.7909238,0.17320344,1.3324976,0.42913324,1.1242087,1.4991269,1.861987,1.7581985,0.39584374,1.3196653,1.2066061,0.7604714,1.1436992,1.3934449,1.8236855,2.6672497,2.5374947,1.6609923,1.0877386,1.1479349,-1.3504063,1.6477696,1.0502002,1.2383952,-1.1459239,1.1000531,1.3347698,0.7124656,0.42541075,-0.33424315,0.46250388,-0.9430003,0.65378267,0.34315494,1.0306319,1.0911862,1.2562577,0.7147565,-0.027916003,1.0626683,0.93933487,1.467951,1.498997,1.2598057,1.3861053,1.6210364,1.5648938,1.1975878,1.1411616,0.080836356,0.18522969,0.6868077,0.8887564,1.5082039
-2.0333648,1.2992872,0.7315364,-0.0235225,0.49047005,-1.3269757,1.1676844,-1.9332471,1.3641876,-0.44978103,0.9780158,1.4917896,1.7508023,1.7239289,0.53428084,1.2471415,1.9556102,1.090412,1.0799255,1.3293821,1.5491266,2.6776128,2.6604111,1.3284396,1.6744508,1.0001639,-0.7059132,0.7572374,1.0931741,0.7650096,-1.2502538,1.18197,1.3714348,0.50851804,0.6410584,-0.0534907,0.706,-0.56796706,0.87668985,0.5308692,1.1023283,1.3544796,1.4783885,1.03285,-0.29679117,1.4565959,1.4214703,1.3996079,1.4956309,1.537627,1.7112377,1.8312339,1.7136245,1.342374,1.3915993,0.18818907,0.09592508,1.3293828,1.1098841,1.5820473
-1.2430563,0.6689641,-0.5274245,0.17953978,0.48820642,-1.3405182,0.9595776,-1.9368979,1.3750861,-1.699011,1.0979168,1.3048925,1.78539,1.2614443,-0.33386216,1.340334,1.6538037,0.38804743,0.44140834,1.5180644,1.9653045,2.301677,2.4532042,1.5803386,1.5419446,1.0998673,-0.9369432,1.2600454,0.8757888,0.71577805,-1.268934,0.9489462,1.0425915,0.35983485,0.5235405,-0.7246454,0.21071786,-1.2222048,0.7412064,0.11013103,0.9083577,1.0847534,1.455215,0.4640022,-0.52090055,1.3232559,1.0959164,1.0029176,1.0590122,1.3701017,1.6276884,1.7834462,1.698572,1.16415,1.179173,-0.053579815,-0.31036493,0.927717,0.74562633,1.2151836
-2.0616217,1.6875873,0.552168,-0.40859172,0.48684824,-1.9967426,-0.0155189615,-0.9086475,1.2015821,-1.4095025,0.70912915,1.5278407,2.7506306,1.1780766,-1.638689,1.4949229,1.1049168,0.64094293,0.9043124,1.4050684,2.2527435,2.3986688,2.2214332,1.526697,0.8934567,0.7823384,-1.814202,1.3474932,-0.017193051,0.6438812,-1.7425686,1.1570307,0.7884453,0.3129731,0.6590075,-1.0306014,0.16223076,-1.2229464,0.89053196,-0.42380694,0.86310107,1.1586039,2.0326726,0.044651285,-1.2873292,1.7174073,1.0941063,0.7300805,0.9080176,1.5541344,2.1522686,2.3467836,2.2685378,1.3166064,1.5988525,-0.26030385,0.008906738,1.3129354,0.7407454,1.0954449
-2.010169,0.6160141,0.7009898,-0.10668798,0.49137554,-0.12645076,1.6454545,-1.0858626,1.2503017,-0.7452495,0.98105526,1.3641487,2.4871314,2.0305307,-0.30574125,1.1103017,1.3017831,0.9290828,1.1928926,1.3151417,2.167792,2.163038,2.1634855,1.646524,1.6345383,1.0329144,0.40050066,1.4050972,1.021058,1.1348124,-1.4091136,1.0985392,1.0302953,0.3975675,0.5783546,-0.80044496,0.4838501,-1.2109826,0.8410312,-0.011780178,0.9185881,1.3664374,1.4915982,0.93816924,-0.6085286,1.4922521,1.2407665,1.0190742,1.0933391,1.4939618,1.5756631,1.736643,1.6276468,1.3937716,1.3522378,-0.14291017,-0.19443968,1.2507026,0.6280795,1.2816525
-2.010169,1.5270274,0.65466326,0.1311293,0.49137554,1.8331606,1.2087702,-1.914037,1.1260794,-0.9424454,1.1682901,1.5209523,1.9942863,2.0553472,-0.4172898,1.2790436,1.4089278,1.097115,1.365249,1.5040859,2.3366802,2.3085768,2.4621463,1.6927088,1.1520069,0.85545516,-0.23954995,0.8559673,0.3696827,1.3338964,-1.0018661,1.0771075,1.187693,0.55977935,0.53576297,-0.36474386,0.327471,-0.9868247,0.6368799,-0.06859754,0.7456626,0.94787335,1.3979899,0.6852737,0.10927409,1.1041533,0.99287564,1.2973462,1.315734,1.1827651,1.3273472,1.4450492,1.4260606,1.0352998,0.91357553,-0.119810574,-0.087492056,0.6071888,0.41408467,1.4449155
-1.2432301,0.981928,0.6222657,0.6228098,0.49182826,-0.28045148,0.8059535,-0.8121995,0.86490047,-0.91601354,0.62862206,0.18735677,1.8921653,1.6837821,-0.056967154,0.98160946,1.4144439,0.90847933,1.1510742,1.2809955,1.647269,1.546324,1.1782838,0.87718844,0.5350091,0.52320814,0.35879332,-0.08528331,0.078896925,1.3913279,-1.138966,0.39362726,0.66292983,0.8349412,0.51051164,-0.7852598,-0.43888798,-1.1256953,0.5873908,-1.2340465,0.26701772,0.3816329,1.7626474,-0.5689451,-0.6692228,0.7507375,0.56413853,0.37050286,0.5126683,0.9224026,1.383926,1.3931158,1.4225571,0.9038021,0.6082238,-1.2355137,-0.65965587,0.43924513,-0.3177219,0.84402215
-0.9282938,0.032518286,-0.16294865,0.42234632,0.49092278,0.9344342,-0.40580726,0.029332675,1.6372833,-1.0077513,-0.35439578,1.3021059,2.2552197,1.3484038,-0.085386135,1.078042,0.83094275,0.39469287,0.042868793,0.9142614,1.4993818,1.2453213,1.0221336,0.9313581,1.4443027,0.6203901,-0.8840772,0.6101708,-0.33257192,-0.20599979,-0.44952026,0.77050745,0.77390105,0.3820283,0.2717169,-0.39676765,-0.13885343,-0.57907254,0.27858794,-0.8635208,0.007079946,0.35205996,0.3826822,0.08205798,0.026953263,0.24467163,0.13355108,0.6676521,0.9004654,0.44708645,0.3400191,0.29656523,0.41124168,0.20140521,0.10253927,-0.7098966,0.4261952,0.086995445,-0.3816485,0.90101033
-1.4136142,1.6454874,-0.28158718,0.3248837,0.49092278,-0.3888108,0.5362127,-0.50505763,1.1175804,-1.5300844,0.6627805,1.3187592,0.9112516,0.43355742,-0.8935768,1.318966,0.49526453,0.06048013,0.2197943,1.3034791,1.2700471,2.4113874,2.4814892,1.1243763,0.9916388,0.7903342,-0.49374223,0.86493254,0.17979477,0.19836806,-0.95930636,0.70847785,0.7531124,0.626409,0.32266313,-0.77422845,-0.10062867,-0.99372804,0.6388901,-0.40072027,0.40361297,0.60932595,1.2542375,-0.5510067,-0.12568901,0.6469463,1.0077652,0.75491405,0.67803067,0.7916589,0.9940457,0.9569115,1.0305048,1.0273087,0.63555765,-0.826742,-0.15069932,0.56585914,0.07780286,0.91656977
-1.2239354,2.0764349,-0.41644093,-0.052195232,0.48820642,-1.3832138,-0.038636945,-1.2948786,0.9437612,-1.8334237,-0.16176455,2.1513357,0.775233,0.39778274,-0.05632822,1.2653913,1.1257771,0.5276586,0.2573984,1.2303226,1.6306027,1.6217769,1.6855127,1.3622981,0.9093922,0.76552635,-1.0831016,0.3862071,0.039613996,0.029625732,-0.6105365,0.635954,0.79356647,0.7636693,0.37080908,-0.70355755,-0.26611772,-0.85841596,0.47431007,-0.32312712,0.41326073,0.3961744,0.94643176,-0.51641965,0.22702253,0.41181806,0.7272326,0.6613215,0.65078837,0.55818546,0.7273824,0.68890464,0.7299305,0.6807551,0.28805938,-0.79472667,-0.090028234,0.31510955,0.22484164,0.7874128
-1.6451508,1.0120373,0.19889769,0.38330662,0.49001732,-0.7181391,0.663774,-1.625276,1.150018,-1.2073382,1.0890316,1.1619037,1.741173,1.8291936,-0.3695919,0.8411523,1.0012267,0.1996502,0.63599813,1.1326817,1.7979369,1.1941311,0.75145435,1.0053804,1.4238046,0.8760117,-0.73900145,1.1497265,0.4608182,0.8140503,-0.8406939,1.1353801,0.9412093,0.76057196,0.50503534,-0.42568496,0.07839973,-0.8069406,0.5270092,-0.6195044,0.49802235,0.7924829,0.7252292,0.115494385,0.19130506,0.74366295,0.56440824,0.9215842,1.1169637,0.9381992,0.59749895,0.55416554,0.6885391,0.7747785,0.660694,-0.50753987,0.116569996,0.47325173,-0.026892316,1.1440243
-1.9495435,1.3176564,0.5863521,0.14119364,0.49318644,0.79075843,-0.69273347,-0.82898706,1.0772499,-1.3169693,0.7691714,1.7541224,1.9018428,1.2015381,-0.78773636,0.92335194,1.2866716,0.67782205,0.9021081,1.0237937,1.6290747,2.256256,2.2983344,0.9337913,1.1317887,1.0025897,-1.5222821,0.5128464,0.37749726,0.7405701,-1.4343492,0.92546576,0.5020595,0.5351818,0.57804626,-1.0695671,-0.21234065,-1.4869345,0.77041584,-0.8033446,0.76982963,1.1087523,1.7914339,-0.5979539,-0.8672572,1.372295,1.2125883,0.41135454,0.5271097,1.3730823,1.6372443,1.6666503,1.6927162,1.1794554,1.3350121,-0.81290567,-0.61842304,1.013687,0.23782338,0.76308036
-1.9043117,0.23254044,-0.23307166,0.32223296,0.49137554,-0.29258385,-0.09001074,-0.50972855,1.4812014,-0.975698,1.0769976,1.6639937,2.0909288,0.92155206,-1.4254899,0.84689486,1.7209343,-0.110170625,-0.26379883,1.2211521,1.7350744,1.8073199,1.8922497,1.0858905,1.1674871,0.8903205,-1.4757978,1.2053332,0.5012453,0.16983421,-1.5173775,1.1542802,0.5206818,0.6722293,0.58455133,-1.0949401,-0.10914826,-1.502453,0.92339844,-0.41573685,0.96378475,1.5121566,0.92741525,-0.24565881,-0.36918598,1.3377674,0.6353413,0.76328444,0.80990386,1.2037734,1.1722806,1.1787297,1.1335444,1.194446,1.2428337,-0.25837356,-0.6462574,0.9185175,0.39568928,0.962684
-1.0027243,0.71947086,0.38188925,0.8133939,0.49363917,2.0955317,-0.41765356,-1.8445848,1.639241,-1.6815732,1.2584656,1.2740036,1.7211949,1.886296,-1.443108,1.0916718,1.4196903,0.7590151,0.62426096,1.2214206,1.3210196,2.488598,2.3127959,0.9474888,1.2618879,0.9312694,-0.5081742,0.33505157,-0.1874073,0.29356235,-1.4345734,0.83595335,0.00170886,0.7223701,0.555077,-1.0957721,-0.49370366,-1.3889483,0.9496719,-0.835625,0.6288718,1.0652205,1.4866735,-0.71861076,-0.87963855,1.2247858,0.88175714,-0.015293117,0.005350383,1.123533,1.3734827,1.5717615,1.5136333,1.0556554,1.1190281,-0.7627765,-0.80262387,0.788297,0.20728107,0.17869851
-1.0845484,1.3928612,0.7290587,0.68082905,0.49047005,-0.8982396,0.6560712,-1.8467579,1.159177,-0.27492118,1.3858443,1.3589247,1.4832761,1.6059707,-1.0784692,0.70522827,1.5118605,0.71756434,1.055205,1.2516977,1.851418,2.1334174,2.0409267,0.9699932,0.8720498,0.8059372,-0.36782342,1.5073793,0.7340991,1.1888007,-1.9284526,0.9834955,0.3824024,0.4639882,0.52870536,-1.0053971,-0.16423613,-1.5715305,0.778177,-0.950143,0.85674417,1.4048197,1.599631,-0.2220492,-1.0474119,1.4875404,0.7646678,0.32440716,0.57981294,1.3148762,1.5905198,1.4902376,1.4205273,1.3942024,1.2728932,-0.5453854,-0.34264937,1.3490784,0.45676368,0.7546517
-1.3791367,1.4982244,0.95943826,0.16456866,0.49092278,0.4518486,0.6821409,-1.4186581,0.6354471,-1.4269674,1.302762,2.0039935,2.3938487,1.4648107,-0.74529564,0.9428022,0.7663172,1.391557,1.3381026,1.425581,1.8141425,1.8273265,1.5908394,0.688732,1.281027,1.0635091,-1.3686033,0.9904653,0.9317574,1.2829356,-0.77275115,0.5312917,0.91854703,0.4290932,0.08655355,-0.73090935,-0.47249892,-0.84029585,0.2183273,-0.5982551,-0.009962684,0.1767666,0.77052677,0.007792468,0.45080978,0.18378925,0.19428192,1.0626705,1.1719662,0.49692547,0.744398,0.58977056,0.6510341,0.49259144,0.08915219,-1.0410962,0.21360868,0.13577746,-0.43745807,1.11743
5.8719487,-1.0483897,0.33600464,0.8239588,0.10610221,-0.854537,0.9388154,0.016439145,-0.47425154,0.60575765,0.9800794,0.20426676,-0.102949806,0.9445549,-1.2902191,-0.68260556,-0.41957545,0.4149426,-0.0069237254,-0.7718232,0.7355474,-0.663005,-1.1547745,-1.1155455,0.7099847,-0.09893208,-0.10060243,-0.82383704,0.9094704,0.20536111,0.3965533,-0.022647945,0.20006312,-0.40387905,-0.062285244,0.46555632,0.85336316,0.24821797,-0.4647831,0.2541524,-0.2843182,-0.3585237,0.33986908,0.07147435,0.056094445,-0.24580325,0.20604993,0.048152678,0.12363754,-0.30652103,0.24105564,0.149204,0.1506377,0.1176585,-0.09704439,-0.30847153,-0.44419754,0.08355266,0.13468862,0.25087538
5.0256853,0.42041665,0.74302363,0.2351027,0.37004384,3.1765518,0.46098492,0.580384,-0.1714358,0.5494611,1.6359581,-0.14583719,0.75927234,1.215298,-1.6390392,-0.23884034,0.91189414,0.11188058,0.02232064,0.56666726,-0.31133768,-0.3809799,-0.1999972,-0.20330097,-0.9039824,0.8698972,-0.59400004,1.6214839,0.6610489,-0.048897285,-0.03002581,0.04175496,-0.034843992,0.23466358,0.22056521,0.5774482,0.70080173,0.3534789,0.078554064,0.80410933,0.13090646,0.19979209,0.65261364,-0.034860253,0.15350991,-0.018210625,0.7910996,-0.10132732,-0.15696178,-0.07835504,0.36802462,0.26748183,0.1686462,0.8980179,0.17487237,-0.941465,-0.6572542,0.6482375,0.7917036,-0.012476378
4.6781588,0.9046941,-0.67148864,-1.2398046,0.47190812,0.5627534,0.20313662,-0.5427267,-1.6025008,0.3081336,0.9107747,-0.109252624,0.12573352,0.22025281,0.6843108,-0.99864906,0.6666943,0.25649992,0.9883033,-0.8928433,-0.0013921752,0.013646831,0.12347097,-1.0956266,0.23466985,-0.27204758,1.5466243,-0.33880123,0.68071985,0.2095771,0.93319595,0.37406087,0.3580036,-0.2854201,-0.17039219,0.5329501,0.22873098,0.40193924,-0.47034875,0.8042694,0.19343051,0.22827911,0.41639844,0.6805411,0.33266556,-0.5104587,0.6423487,0.5692504,0.7248079,-0.517587,-0.22861727,-0.33289194,-0.44566816,0.5307451,-0.46535373,-1.0107951,0.43973368,0.32968682,0.43608552,0.69231224
1.7909565,-0.59839016,0.4062374,0.58317506,0.49092278,-0.38697138,-0.27590632,-0.23153941,-0.28120917,0.04732131,-0.3728168,-1.0171976,-1.2287484,0.17277601,0.8417147,-0.47568962,-0.89351594,0.51773864,0.30334336,-0.43780988,-0.34663755,-0.5920114,-1.0954074,-1.2305973,-0.6724293,1.0710052,2.1257346,0.0067868847,-1.5907526,0.63916296,0.6619499,0.24408847,0.512965,-0.18410975,0.38360626,0.7325533,0.32585725,0.55272,-0.4192187,1.1317713,0.3485804,0.07146166,-0.22520246,1.1809928,0.77577937,-0.5377948,0.51606095,0.7011312,0.9280785,-0.2612654,-0.40659937,-0.42673674,-0.47479108,0.26242796,-0.50127554,-0.6989633,1.2934008,0.037259378,0.5362607,0.8911875
1.3843273,-1.605133,0.88966125,-0.07116335,0.3872476,-0.3447652,0.60279804,-0.1774728,0.29960424,-0.085827135,-0.09153968,-0.57452446,0.098262124,0.85075235,2.3461158,-1.5176227,-1.0867145,0.8121601,1.0350633,0.33273473,0.16557923,-0.79971784,-1.0288206,-0.3905076,-1.0752041,1.0361651,-0.05209013,-1.555547,0.25457197,1.0241631,-0.8804702,0.99365854,1.3275354,0.7198592,0.5356975,0.35214856,0.013744185,-0.389019,0.55524415,1.0161886,1.0257938,1.1521235,0.7145992,1.5911582,0.89111483,0.45581228,1.1368805,1.8267533,1.9320688,0.9763176,0.7527603,0.44987738,0.56893075,1.1432979,0.6521509,-0.5354815,1.286299,0.86600715,0.8495883,1.7014229
0.715137,-1.7103609,1.1018318,0.57561344,0.45153528,0.892201,0.66062933,0.4983682,0.50221,-0.792364,-0.30610344,-1.8194853,0.11205795,0.40783468,1.4137368,-0.79533386,-1.610662,1.5752553,0.94918555,0.50152934,0.84550154,0.49615353,0.92103714,-0.16181539,-0.62195987,-0.06747484,0.39520192,-0.08508879,-0.4009105,0.8862883,-0.8977561,0.8520501,1.3125762,0.7588371,0.42181617,-0.04400626,0.6051027,-0.84658235,0.43633333,0.5789191,0.88908446,0.94090897,0.9699132,1.0456746,0.581356,0.6173031,0.69465154,1.7502196,1.7770582,1.0580907,1.055777,0.85477364,0.8830798,1.1605574,0.75126153,-0.11542706,0.9543185,0.8883888,0.7196333,1.701445
-0.23916638,1.0349207,1.4723665,1.2298388,0.4338788,-0.6599928,2.4009676,0.22002944,0.4917263,-0.54225135,-0.10139584,-0.32619536,0.5613472,0.6421629,0.3439007,0.24756643,0.9926698,1.1394216,1.4665666,0.5381802,0.05011972,-0.06640203,0.66426927,0.5838659,-0.35105768,0.6650401,0.21315104,0.64265954,-0.39953026,0.81713724,-0.42921063,0.63286716,1.46976,0.4480208,0.5028036,0.44783702,0.61658937,0.19506605,0.33473572,0.91088486,0.7290425,0.632495,0.36763188,1.4054906,1.0008141,0.1828039,0.6138065,1.6012098,1.6379883,0.6436524,0.2649444,-0.09279652,0.05230492,0.65940714,0.30627975,-0.267678,0.728395,0.53296006,0.78710234,1.5606927
0.502012,0.0248817,0.9918172,0.42710713,0.47960454,1.9577324,1.9427265,1.4535705,0.45168656,0.30114472,0.8751583,0.6506774,1.3604586,2.3094783,0.6354343,0.68633574,1.7038162,0.85904217,1.2496717,1.3357269,1.160328,1.6551602,1.6253585,1.1389178,1.0942715,1.780134,-0.26364097,1.4788641,0.94015753,1.4475805,-1.2510309,0.91571033,0.8048512,0.7050694,0.44541824,-0.6812361,-0.22830579,-1.4201394,0.7705882,-0.59177464,0.69538486,0.9818789,1.5173291,-0.092233784,-0.07514195,1.1016922,0.9740935,0.814979,0.9560832,1.214567,1.3972977,1.2826961,1.4454409,1.0810385,0.9824545,-0.43150496,-0.06489835,0.8146705,0.2538796,1.0020642
2.5395448,1.0664209,0.799614,-0.1701067,0.49273372,1.4913154,2.2920094,0.89416116,1.0479897,0.6101922,1.6463573,1.3614984,1.6022534,2.335383,0.2164634,1.2390172,1.2782841,1.0149214,1.5144016,1.4317969,1.9987322,2.1028142,2.3077464,1.5016445,1.7608533,1.490925,1.9658514,2.1433594,1.2805698,1.4570493,-1.0020987,0.57734615,0.995732,0.6396237,0.43125743,-0.5115266,-0.045526765,-0.5290453,0.5439019,0.14290214,0.82999045,0.6692967,1.3261404,0.40051082,-0.091310605,0.75579196,0.96872324,1.2236978,1.1921664,0.9632579,1.2122598,1.3052005,1.3436354,0.87871605,0.73496044,-0.32495007,0.99907196,0.75761795,0.5343755,1.2123729
-1.3790087,1.3319931,-0.5027905,0.6247213,0.49363917,0.8167525,1.0966064,-0.564011,1.4091122,-0.94351673,1.6633837,1.6141285,2.2283595,1.8472471,-0.5036607,1.1929693,1.1365585,0.5512108,0.24809036,1.5061656,1.8716629,2.8234973,2.622416,1.410503,1.6158799,0.9458795,-0.3787965,1.580926,0.9310339,0.32670286,-1.6039695,1.0568076,0.452628,0.44897306,0.63821644,-0.5374035,0.05125189,-1.0953742,0.7655535,-0.77569443,0.6850163,0.7957884,1.6916206,0.08749232,-1.0238811,1.4589455,1.0314379,0.26768032,0.53433514,1.2602377,1.6311077,1.5749599,1.5358272,1.1586888,1.0291426,-0.24308817,-0.43301192,1.045246,0.37251782,0.7249789
-2.0446465,0.42930046,-0.54512334,0.28531536,0.48865914,1.659977,0.10059445,-1.9357679,1.1436205,-1.7122589,1.0653666,1.6316851,2.0903468,1.1981132,-1.2799964,1.5516013,1.5468107,0.054605886,-0.35368165,1.5809057,2.1895938,2.9511657,2.7769675,1.3691224,1.5559645,0.9527228,-1.2743816,1.4056426,0.16232118,0.015233403,-1.6771679,1.0086248,0.6802028,0.6118869,0.56751686,-1.0286664,0.21590754,-1.1944942,1.0585468,-0.12406156,1.0343308,1.2972662,1.6182445,-0.17002311,-0.8009581,1.4586327,1.0640135,0.6971575,0.7135873,1.3389606,1.7342349,2.1075711,1.9200755,1.3390554,1.3581939,-0.099019475,-0.67364275,1.2017959,0.7639637,0.8380047
-1.2807469,1.265242,0.13007392,0.17517678,0.49001732,-0.5605488,1.0562072,1.1837393,1.4011053,-1.3807465,0.6471028,1.8516409,2.3065453,1.0302105,-0.9828033,1.3866339,0.7717534,0.20194198,0.411607,1.5478032,1.7456475,2.5426302,2.526604,1.2545179,0.86520857,0.47177762,-0.94037527,1.0341976,0.7705457,0.5083775,-1.4749813,0.97477496,0.708582,0.50786614,0.60780495,-0.95661,0.20819932,-1.34447,0.9037295,-0.21693124,0.91464657,1.2308335,1.5686053,0.09071217,-0.8739139,1.5639931,1.254003,0.7418037,0.80667573,1.4017557,1.7677257,1.9858085,1.9529592,1.1762867,1.4302952,-0.16233933,-0.34629604,1.1286125,0.63966215,0.9731957
-0.9989145,1.2501818,-0.58535206,0.17731066,0.49273372,2.2567706,1.6982161,2.3722932,1.1993996,-1.4026166,0.6761698,1.7163609,2.4588237,1.6812397,-0.7570274,1.3212007,1.250377,-0.050907936,-0.41112736,1.3978343,1.83879,2.9718492,2.845485,1.3210455,1.5427693,1.1848643,-1.0333099,1.2029943,0.69003624,-0.08221975,-1.3494679,0.80099964,0.27856317,0.5645727,0.6533272,-0.5993663,0.22778326,-0.4430024,0.95246917,-0.63464785,0.63219297,0.93140733,1.0548213,0.14309534,-0.9208599,1.3657144,0.69490415,0.09513903,0.29531008,1.2111315,1.294,1.3281336,1.2612534,0.98609203,1.0145713,-0.14856063,-0.6086979,1.1732976,0.23131588,0.4219143
1.0938612,1.5072997,1.0454845,-0.7561046,0.49363917,0.14638123,1.8293979,-0.42220044,0.8733797,-0.25193435,1.1127346,1.5972846,1.3041376,2.1403828,0.13602337,1.3243879,2.1642559,1.210199,1.3069216,1.3224819,1.6742563,2.4392567,2.2070649,1.224008,1.4228652,1.1406842,1.4916157,1.2892857,0.23410234,1.5111433,-1.1938511,0.94844043,1.2681856,0.20684773,0.5713871,0.13828935,0.7998285,-0.07283565,0.61126196,0.42176217,0.8745228,1.0968798,1.3950838,1.334453,-0.5437302,1.2051933,1.3254334,1.061451,1.3689072,1.3131351,1.5322006,1.6620356,1.6576297,1.2169752,1.1154472,0.30474886,0.487247,1.2328676,0.9901276,1.5585545
-0.65262884,0.4838209,0.8700261,-0.22407144,0.49454463,3.2318428,0.8237442,-0.03335423,1.2755198,-0.35360217,0.75410676,1.7800825,1.5723184,2.5145235,1.1984195,0.8497248,0.18468064,1.669313,1.6840127,1.2644027,1.8695457,1.2530538,1.4303191,1.4381323,0.74103737,0.48982033,-0.17576665,0.8894554,0.12917623,1.6784708,-0.614638,1.1245534,1.179659,0.67487484,0.2810586,0.31752446,0.5802689,-0.17553942,0.49115232,0.47517413,0.83300567,0.9612591,1.0880549,1.7113247,0.46517617,0.753214,0.8960414,1.5793835,1.6775948,1.1796043,1.0523704,0.9335347,0.9768614,1.0934049,0.75664407,-0.21586677,0.92897904,0.9294254,0.67165667,1.5987363
-1.7846421,0.8313156,-0.52408147,0.10442171,0.48911187,-0.7442375,0.66653174,-1.7383639,0.99861693,-1.2052747,1.2430657,0.5294112,2.0129464,1.9724468,-0.84677416,1.0282935,1.138032,-0.15583067,-0.7049997,1.1665515,1.6650553,2.5634456,2.4843683,1.0777934,1.0245749,0.97481805,-0.4633852,0.41815227,0.57469773,-0.31388527,-1.0176969,0.7810565,-0.02063103,1.1983283,0.4539088,-0.4697633,-0.19784227,-0.88192576,1.1903052,-0.16206786,0.6110299,0.70378613,0.43504575,-0.27811146,0.122915566,0.59595627,0.39498115,-0.018761355,0.06941553,0.6918728,0.2645113,0.5354158,0.47396153,0.7681946,0.51987064,-0.7393438,-0.7883141,0.74602205,0.4375222,0.057345364
-2.0235593,0.8380824,0.12351154,1.0280077,0.49137554,-0.4276133,0.032247905,-1.3756847,1.291188,-0.9335843,1.0694556,0.95364714,1.9039881,1.6433429,-0.8332808,1.1323899,1.7938136,0.6355826,0.64048755,1.4613062,1.9643618,1.710969,1.493257,1.221166,1.2739067,0.9188893,-1.4556139,1.1257017,0.40375555,0.81085587,-1.505379,0.9258437,0.22613274,0.84048903,0.51299584,-0.7095046,-0.120830946,-1.4561843,0.9669209,-0.491087,0.6514564,1.1398007,1.4456991,-0.24813691,-0.22215152,1.1694553,0.7687414,0.3765499,0.49842763,1.235878,1.3023682,1.4079468,1.3939787,1.2337911,1.0730859,-0.7278705,-0.3917752,1.1995584,0.4631413,0.661549
-0.94975,1.3421586,0.7082412,0.60537684,0.49137554,0.37287214,1.342532,-0.81723624,1.1193892,-0.74857044,1.2347023,1.5582078,1.3700688,1.6720086,-0.91239756,0.6585042,1.133061,1.6033669,1.5593756,1.0034884,1.264002,1.4971275,1.0851237,1.2405953,1.0557047,0.99072844,1.028492,0.34683022,0.8179613,1.427837,-1.8665555,0.937024,0.724493,0.4500839,0.5083082,-0.8680644,-0.40609285,-1.6119632,0.811255,-0.5312664,0.66162115,1.1412092,0.7980934,0.09783324,-0.38120073,1.1178302,0.7189718,0.8529064,1.0006586,1.0012131,0.9353877,0.75859946,0.8338238,1.0136523,0.9986982,-0.5457775,1.1015618,1.0193819,0.34581628,1.0442566
-1.9057877,1.3971908,0.72592735,-0.06300726,0.49137554,0.33665338,1.4328413,-1.4253554,1.5991566,-1.50535,1.0670791,1.8811103,1.7142262,1.8930327,-0.08758683,1.0198466,1.2212621,0.8834531,1.3998116,1.1084125,1.6596608,1.7539448,1.221798,1.0404605,0.8484718,0.98129976,-0.84033734,1.1916063,0.5495526,1.4237751,-1.5657694,0.96102357,0.7501696,0.6124272,0.7385832,-0.61595684,-0.054694578,-1.2277421,0.84430593,-0.07686779,0.7411195,1.4734303,1.0433314,0.16542187,-0.32056648,1.2585298,1.185941,0.8095957,0.9517355,1.2343414,1.1505666,1.0512354,1.0006088,1.1515515,1.0730915,-0.35548228,0.12883008,1.1324271,0.6024287,1.084777
-0.62442327,1.5604004,0.83531356,-0.5652518,0.492281,1.5824364,1.7044199,2.2529006,0.65571034,-0.9403647,0.8050483,1.9351784,1.4674518,1.6211305,-0.44338158,1.0802842,1.557032,0.5740744,1.1096517,1.3788805,1.5015899,2.4685647,2.2607434,0.41509354,0.9256108,1.5553071,-0.7867383,0.73534715,0.7338636,0.97273386,-1.1016103,1.2347498,0.8157533,0.7807205,0.45295513,-1.0671685,-0.30465788,-1.4182047,0.6644334,-0.5721632,0.73118407,1.0481837,1.2534539,-0.07982367,-0.043934092,0.97967744,0.7537566,0.9461831,1.0592558,1.07256,1.1917095,1.2100877,1.3089994,0.96600974,0.86138386,-0.6278039,0.43938258,0.6709744,0.21913701,1.1334765
-0.81850266,1.3957609,1.5570996,0.2507603,0.49182826,1.5500913,0.8365354,-1.6981182,0.8474913,-0.2899293,1.1436195,1.5832698,0.34173605,2.0572143,-1.395823,1.0501399,0.9875208,1.2095687,1.6761166,1.2370608,1.4813731,2.2930043,1.9782794,1.0320873,1.3729253,0.8900481,0.9773095,1.1789237,-0.4962221,1.4308679,-1.046057,0.8302671,0.7269521,0.82028764,0.53883356,-0.5135319,0.27644792,-1.053881,0.7233432,-0.20728327,0.74925333,0.9746999,0.8403279,0.18351674,-0.086397536,0.88782,0.7805999,0.81435704,0.95403814,0.9586335,0.9294193,1.0931977,0.9931715,0.8951106,0.96263754,-0.09746065,0.08114312,0.97987694,0.37992147,1.0441436
-1.038685,1.9344761,0.78308004,-0.13096753,0.48367912,-1.2528582,-0.46335375,-0.2449945,0.7674671,-0.9326502,0.4397585,0.7720112,1.8082002,1.1042353,-0.7373218,0.78220147,-0.039659757,0.613383,0.902463,0.64574873,0.8338359,1.9582202,2.3003523,0.6565492,0.3141765,0.8977845,-0.80325264,0.30426258,0.03935845,1.1197864,-0.6973305,0.5675524,1.0184819,0.46657562,0.3094269,-0.8174207,-0.31990767,-0.95524853,0.1187091,-0.33725128,0.25892887,0.39925578,0.6597243,-0.39645246,0.34061852,0.36762235,0.51721966,0.9495747,1.0527481,0.5721068,0.7000532,0.6105631,0.712349,0.47548044,0.21195447,-0.738166,-0.01668609,0.3436833,-0.04571356,1.058528
-0.9826222,0.98969305,0.9582412,0.2666567,0.49454463,1.9566847,0.8365533,-1.5697317,0.5177202,-0.3667446,0.9405367,1.4980096,1.2397993,2.220766,-0.22937499,0.83873016,2.0768347,0.96751004,1.6949095,0.9928976,0.78356385,0.8797062,0.17943431,1.1498674,0.82720584,0.8623942,-0.29252255,1.1003109,0.09209218,1.6333425,-0.67644435,1.0099508,1.4483869,0.5165488,0.6465699,-0.1436044,0.42820153,-0.5012516,0.6773184,-0.3970964,0.45831844,0.6795013,0.46316034,1.1909748,0.45271483,0.77844405,0.84629184,1.47567,1.6339333,0.94214135,0.4820251,0.52628577,0.5842145,0.8786516,0.5086941,0.024792703,1.0009927,0.48326486,-0.117062636,1.58572
-1.4461545,1.1433767,0.6758336,-0.09640888,0.4940919,0.48556212,0.55925584,-1.1315153,0.6195442,-0.5595106,1.0041003,2.1206303,2.0447786,2.4048948,0.02182158,0.9481017,1.9110105,0.84821874,1.3795438,1.140125,1.2900279,2.5396254,2.5634315,1.1924852,1.3472937,0.7984292,-1.1913906,0.93958956,0.8509594,1.4638613,-0.9537521,0.6205367,0.58963233,0.8642708,0.33285028,-0.7257081,-0.18362036,-1.0256778,0.8150962,-0.0037254877,0.91887593,1.0116247,0.9114851,0.009101744,-0.13189217,0.9868335,0.8017203,0.7635793,0.7607314,1.0219084,0.865333,0.99799675,1.0136174,0.85059655,0.8190102,-0.28456756,-0.10976539,0.5480864,0.42780742,0.88112587
-1.5721893,1.6928968,1.522937,0.09612967,0.49318644,2.1649797,1.2299207,0.0011847016,0.49725607,0.87403023,1.5748814,0.122428134,1.349353,2.7882476,0.26067302,0.48614374,1.0226334,1.0778373,1.5068821,1.185173,0.5237657,2.0294433,2.608453,1.6956248,1.5553646,1.1773088,1.8469836,1.2364464,1.3275714,1.7114096,-0.7959952,0.9740344,0.8037987,0.38988176,0.6891149,-0.21105093,0.32653075,-0.4202787,0.30047536,-0.2534911,0.65205675,0.755293,0.51988226,1.2785699,0.27999112,0.7598121,0.38099557,1.1446077,1.2446636,0.92591745,0.36438796,0.1962719,0.24228674,0.7065806,0.6135734,0.041764818,1.3141127,0.6755817,0.018886289,1.1853338
5.792911,1.6684163,0.3255506,0.4351419,0.48096272,3.2770338,-0.65340006,-0.7426515,0.522377,-0.22765774,-0.24061714,0.80881137,1.2652495,0.5974974,-2.076973,-1.2621262,1.0597483,0.24854203,0.6437022,0.57537144,-0.3219217,-1.5496941,-1.695385,0.87199897,-0.81177616,-0.6610734,-0.036996424,0.43916538,0.049776707,-0.053583495,0.18938816,0.16149044,-0.034729134,-0.3800306,-0.016267255,-0.08796111,0.6124833,-0.25306687,-0.4159665,-0.07215242,-0.1968493,-0.062481478,0.69823253,-0.18774655,-0.0745643,-0.2910449,0.1554303,-0.012845914,-0.0022610018,-0.31870657,0.37590587,0.20119157,0.15105662,0.44940645,-0.16547225,-0.9394122,-0.5831304,0.21318091,0.059322514,0.11896989
5.8717737,0.6537338,0.52934843,-0.8820254,0.47281358,2.882124,0.13517854,-1.3143495,0.7708894,0.40421227,0.8509964,0.58233446,-0.2737641,0.61950886,-2.7845244,-0.6719802,0.20466031,0.05529721,0.921398,0.38234925,-1.0987449,-0.62835175,-0.5624263,0.535185,-0.88827896,1.5147061,0.9437348,1.7670832,1.1568868,0.4060259,0.11908702,-0.0782009,0.19228439,-0.20857394,0.058206387,0.6269899,0.85537875,0.35925838,-0.42710185,0.8960943,0.074499294,0.06562541,0.7837586,-0.14638132,0.28709397,-0.1634781,0.8743034,0.2592508,0.084978,-0.26443738,0.334827,0.25055972,0.16116491,0.5922493,0.095662564,-0.89954555,-0.58087003,0.6611492,0.783655,0.17965147
6.577531,0.8377404,1.2248417,0.46560967,0.47326633,2.0482368,0.5403018,-0.93084157,0.339569,-0.28759733,0.35018143,-1.199539,-0.6418631,0.44475138,-0.49090973,-0.44443625,-0.3997556,0.7864458,1.2017034,0.7153682,-0.38273033,-0.64092463,-0.12362836,0.26192972,0.4387837,1.0248363,0.08319231,-0.4449386,0.737729,0.6733288,0.12778674,0.1767617,0.8599567,0.2815464,0.16948828,0.56079924,0.8318531,0.20019491,-0.1090917,1.0880449,0.37196365,0.18590769,0.49526802,0.3266565,0.43605748,-0.11541865,0.9554255,0.794994,0.8150579,-0.0062128967,0.1461784,0.17645434,0.13122958,0.7149916,0.0107183885,-0.7127932,0.22076753,0.6003859,0.8309399,0.85495436
1.4587166,-0.043215547,0.92299396,0.38278896,0.48911187,-0.30673563,1.2792255,2.074027,-0.6690776,0.14677325,-0.12681144,0.1966108,-1.0566275,0.80200696,1.2287989,-0.9720347,-0.83163095,0.25443384,0.89159614,-0.68417597,-0.67946285,-0.39736915,0.2710686,-1.5754817,-0.14830114,-0.053530913,-0.32462916,-0.59573066,-0.5953686,0.57588345,0.87658066,0.3240077,0.97348017,0.28456348,0.31194854,1.0042359,0.6467837,0.5434439,-0.107655585,1.0263662,0.29443416,0.29161358,-0.19803089,0.86658764,0.97452724,-0.5828061,0.7205923,1.126305,1.1040499,-0.07670486,0.14902769,-0.014509379,-0.12836331,0.37654752,-0.1438141,-0.16652799,0.5822602,0.4036668,0.6373542,1.0427049
0.13818781,-1.6775818,0.42090565,-0.08921863,0.47054994,-0.38686147,0.56833696,1.1314678,1.177998,0.8736331,-0.51786655,-0.6146579,-0.6133223,0.81332237,1.460568,-0.6863615,0.43685207,0.36696592,-0.18965754,0.44943902,0.04373082,-1.0294039,-0.46145266,-0.9780979,-1.7526704,0.15526734,-0.83721566,-1.6146642,0.007890161,-0.5014965,-0.69859946,0.517068,0.41859615,0.9550942,0.37491202,-0.55946094,-0.19686422,-0.5705009,0.57418275,0.11399899,0.53832066,0.32407215,0.7626628,-0.3046236,0.26624998,0.25623962,0.19123845,0.6069591,0.53779715,0.5185086,0.55106163,0.37557912,0.3792939,0.70781565,0.2951924,-0.81203204,-0.32890242,0.52970076,0.44384664,0.6119552
-0.8794771,1.56585,1.1697778,1.2070832,0.48186818,0.34741056,0.5402466,0.06380639,0.94198865,0.30961758,1.3276138,1.3421066,-0.39354157,1.7411642,0.18127128,-0.15145114,-0.45056885,1.2497716,1.1689188,1.1227572,1.4155389,-1.1791252,-0.61018205,0.77278745,0.56974345,1.0655304,-0.22382037,0.68849677,-0.27608186,0.5940399,-0.59767383,0.58683395,0.6253217,1.0205067,0.53700703,0.37767634,0.8558742,0.23735093,0.666269,1.3213426,1.0824535,0.5315062,0.24305134,0.2877775,0.844168,0.32086846,0.53575563,0.9308445,0.7728659,0.62940145,0.21872288,-0.10154446,-0.16008328,0.93584824,0.44656482,-0.11480333,0.18996689,0.83536303,1.2771177,0.77032095
-0.49565423,1.6223855,0.83571607,0.42678344,0.49590284,2.4362457,2.3585768,0.54168606,0.84649986,0.4200177,1.7028937,1.2534007,2.457916,2.8220437,0.18630068,1.1681244,2.7328029,1.4629205,1.379544,1.3536438,1.3545545,1.7845901,1.4380188,1.8464739,1.2388002,1.8066286,0.25381687,1.7459332,1.3206973,1.3718294,-1.4984096,1.1693677,0.7643033,0.6582762,0.6440085,-0.28784102,0.21512884,-0.673303,0.77872956,0.2040123,1.030283,1.3470986,1.5951188,0.77406186,-0.06589943,1.1993952,1.5882527,1.0584702,1.1153905,1.2285652,1.4626119,1.5939474,1.6301999,1.3322972,1.1418895,-0.041384403,0.066822454,1.0111643,0.8181143,1.2325
-0.37450212,1.3029579,0.5159153,0.42323694,0.4940919,3.7498205,2.241172,1.8877789,0.93110913,-0.39574203,1.0555218,2.0290895,2.2006829,1.7282217,-0.03834148,1.4998084,1.7563009,1.4476037,0.7100128,1.5022007,1.8459624,2.4944062,1.9568568,1.4268711,1.1087844,1.5973104,-0.6168625,1.9705747,0.937096,0.58809197,-1.4402875,1.1202625,1.0771388,0.42148685,0.6300169,-0.5372301,-0.034347873,-0.742761,0.9358689,-0.03677932,0.6079717,0.9056209,1.4212838,0.7257398,-0.45231324,1.3128848,1.3532658,0.8157037,1.0641321,1.3053663,1.6560051,1.7459927,1.66287,0.9108934,1.1190357,-0.33920825,-0.22122148,1.049588,0.57767725,1.1644515
-1.3719904,1.1246943,0.79042006,0.30168572,0.49273372,0.7427037,1.5906863,-1.589196,0.91637933,-0.55783516,0.91355777,2.061983,1.5634354,1.9269493,0.31705263,1.1683863,1.5872476,1.6153609,1.2274165,1.5480477,2.0779757,2.7020564,2.526854,1.5863359,1.5180918,1.309862,0.4767878,1.0773847,0.65127367,1.1990987,-1.8014829,0.8357615,0.9844627,0.28986317,0.56407267,-0.7257203,0.102734596,-1.1115714,0.8385692,-0.38451672,0.64356214,1.2265834,2.0429416,0.5255621,-1.062563,1.5706422,1.4019134,0.83121157,1.0184461,1.4806961,2.1807244,2.5113215,2.5759099,1.406367,1.4106799,-0.53984505,-0.43577155,1.2331188,0.47322702,1.158038
-0.3268887,1.1940752,0.6731109,-0.31043693,0.49318644,0.47619054,1.6336279,-1.9765352,1.1536144,-0.57389534,0.5147439,2.3218424,1.6468561,1.8378363,-0.51753414,1.4257853,0.7965136,1.0881999,1.4881833,1.444411,1.8469543,2.4409318,2.1973202,1.4414678,1.5282342,0.7387799,1.0885818,1.47092,0.8465255,1.2828172,-1.2247521,0.9316032,1.1573443,0.3681614,0.68451715,-0.46890375,0.2915273,-0.9755698,0.5752693,-0.40305948,0.7377046,1.0763935,1.4304872,0.71081734,-0.3993025,1.2754241,0.94679105,1.2258519,1.3951082,1.2333252,1.4938905,1.5870928,1.6261753,1.1179891,1.0769533,-0.38625374,0.73352915,1.0234323,0.36228985,1.4142994
-2.0812325,1.2361393,-0.17730874,-0.3411635,0.4940919,0.6335812,0.95362395,0.46891472,1.1176834,-1.1088439,0.8543625,1.8615443,2.0487378,2.2280376,-0.42342463,1.3220226,1.5660664,0.079404086,0.6840246,1.6746738,2.2357724,1.921087,1.9753772,1.4997891,1.1485913,0.83829355,-0.46824777,1.131966,0.80875653,0.7571105,-1.3162204,0.7073093,0.78939635,0.34748667,0.5774813,-0.62128395,-0.07846496,-1.0494113,0.8820131,-0.0786378,0.6063875,0.95089626,1.2437391,0.48339593,-0.6653732,1.1517538,1.2024789,0.6030083,0.9039188,1.1241086,1.3534253,1.329066,1.3470359,1.1277333,1.0846459,-0.50265616,-0.12916842,0.90968657,0.4502356,1.0956035
-0.8329956,0.23161437,-0.0010571929,0.4403684,0.4940919,3.9098597,0.944141,3.0280576,0.96281785,-0.29836604,1.0085956,1.7693058,1.7551122,1.7559322,-0.5205066,1.1761426,1.2668235,0.5780122,0.3092551,1.4183751,1.7472502,2.645787,2.8079555,1.3519045,1.3699623,0.75590783,-1.2744023,1.8237858,1.1359242,0.47152266,-1.3771251,0.97579765,0.7407151,0.7341135,0.5508601,-0.12238222,0.5196269,-0.50818944,1.0843318,0.25361103,1.000636,1.0986539,1.1337224,0.6842227,-0.5934284,1.3097528,0.9596503,0.64652246,0.82670814,1.3133713,1.2660593,1.6457862,1.4869335,1.1562642,1.0890652,-0.09633061,-0.020663574,1.126149,0.98579276,0.8537006
-2.004897,1.5632527,0.7562826,0.41811326,0.492281,2.4329972,1.3901395,-1.185983,1.0960056,0.12282685,1.2025045,2.2751105,1.9821072,2.1713305,0.13785765,1.1701839,0.679387,1.1426638,1.602814,1.5873241,2.3136072,2.797285,2.8586757,1.6696483,1.311797,0.82152903,-0.9004323,1.5211058,1.4698862,1.4417917,-1.1635091,0.9790648,1.2982268,0.4943124,0.5807185,-0.21310005,0.72788984,-0.69899845,0.72764117,0.45576447,1.0167185,1.4258024,1.2853726,1.0578812,-0.09936217,1.0040605,1.038868,1.483463,1.5376164,1.2277062,1.3091819,1.5797378,1.4884993,1.411182,1.1639448,0.1665228,0.123734176,1.081195,1.0256513,1.5514673
-0.56043905,1.8750559,1.483933,-0.295933,0.49545008,0.5442116,-0.03915491,-0.25654888,1.6173253,-0.645728,0.08744033,1.3477932,1.7614561,2.3499439,-0.33212414,1.0518275,1.0084757,1.7499468,1.8057235,1.1896707,1.872245,1.9456375,1.5561292,1.4658005,0.63203096,0.71390307,0.1417841,1.0107132,0.23803401,1.6151235,-0.89546496,1.0127699,1.1223224,0.5874592,0.52905166,-0.19266827,0.55771184,-0.55702525,0.45023194,0.19394477,0.9162413,1.06353,1.2785203,0.7934771,0.09546742,0.94614595,0.580575,1.5262266,1.6170907,1.2085468,1.1076026,1.25776,1.2313548,0.9610411,0.80713016,0.117638975,1.029794,1.0791752,0.62234366,1.5332768
-2.0158625,1.2403425,-0.166075,0.4135667,0.49182826,1.8186517,1.1498781,-1.0358499,1.1148055,-1.5489963,1.3439169,1.6793885,2.588459,2.214384,-1.3204206,1.2720857,1.7594029,0.112409,-0.22894216,1.4103394,2.018753,2.0254352,2.1848762,1.274357,0.7099417,1.1070558,-0.9159741,0.5126568,0.63613236,-0.093785636,-1.4121522,0.790327,-0.08676136,0.9262708,0.50908047,-0.51974356,0.31382492,-1.0374348,1.1635795,-0.09238676,0.89677846,1.098447,0.9684988,-0.12738293,-0.27785978,1.117226,0.7788736,-0.020266503,0.07682758,1.0753081,1.0289075,1.1738222,1.0611773,1.1448529,1.0698297,-0.23753938,-0.6883607,1.3761485,0.7414078,0.20989046
-1.9714742,1.5572331,0.5524481,0.2821611,0.49182826,2.31101,0.6232498,0.17886089,1.109415,-0.9324292,1.0741181,1.9588017,2.3445468,1.4219806,-0.69311446,0.9891385,1.5815167,1.0394545,1.2216188,1.4626856,1.5904578,2.6330645,2.1510987,1.3046436,1.7691348,0.8142232,-1.2319005,0.89646554,0.830729,0.99460626,-1.3280233,0.7903513,0.54207134,0.36238745,0.6402834,-0.54178184,-0.23334125,-1.0239894,0.77722615,-0.42557293,0.4816055,0.85921603,0.92230266,0.27076983,-0.48368964,1.0045761,0.523577,0.37007672,0.6509107,0.9088041,0.96889603,1.1078408,1.0220405,0.8750043,0.8411128,-0.37831807,-0.22336102,0.94910717,0.36939505,0.8172705
-1.0736655,1.0670776,0.61869025,-0.56604266,0.49182826,1.2718114,0.99665886,-1.7704388,0.609608,-1.1098069,0.46146455,1.4216771,1.4232934,1.9095117,-0.14865415,1.1078119,1.3234733,0.9068217,0.83267623,1.2717198,2.031995,2.6369607,2.5852277,0.625548,1.0941075,0.959129,-0.24648887,0.7164758,0.7476209,0.95487136,-1.2139363,0.85147214,0.188651,0.7721106,0.555902,-0.39723155,0.55090934,-0.7768412,1.1156832,0.09532137,0.7861929,1.0648489,0.7553415,0.15251338,0.02089787,1.0867667,0.77848667,0.2866158,0.32819834,1.071218,0.71597856,1.0921028,0.9194264,1.087026,0.9398814,-0.039780762,-0.49081236,1.0727475,0.7343918,0.4747692
-1.8525428,1.4368792,0.8479319,0.19812322,0.49001732,1.3030652,0.7917189,-1.3497399,1.0043365,-0.64613664,1.0101105,1.2644362,0.88957125,1.9337752,-1.4747239,1.4698719,1.0417721,1.4294913,1.8357425,0.99076664,1.1068265,2.0294106,1.676694,1.2855735,0.67246956,1.1881543,2.2051222,1.2146759,0.7759184,1.7468089,-0.7940477,0.8278406,1.326202,0.06998658,0.5383782,-0.25301132,0.20643425,-0.6960816,0.4159931,0.39713752,0.64483327,0.9976641,0.5473475,1.2530594,0.35408399,0.7074594,0.5991781,1.3933623,1.6437237,0.81721675,0.5524926,0.39122802,0.43698856,0.74273115,0.5211953,-0.061065003,1.6210018,0.48446,0.46478868,1.6559942
-1.0647129,0.8073029,0.716991,0.3700419,0.49545008,3.3457108,1.1106591,1.8102207,0.71410084,-0.5918143,1.3963654,1.007149,1.7513767,2.3973038,-0.040808253,1.0422945,2.2494009,1.182633,1.3357593,1.059176,0.8168224,1.6346247,1.5758021,1.4636773,1.0479091,1.2979984,-0.32720858,1.3931762,0.8729651,1.3303566,-0.85720193,0.84947443,0.8257016,0.9953431,0.48135138,-0.14695519,0.49750093,-0.60763097,0.69721216,0.2087914,0.8915292,1.1824728,0.5158038,0.4296748,0.55348897,0.5454682,0.30415064,1.1468995,1.1214694,0.87893987,0.4760343,0.3705159,0.26738712,0.95383996,0.71720886,0.021014815,0.31645,0.92256427,0.5903097,1.1220571
-1.7924443,1.6028062,0.28576767,0.111222796,0.49273372,0.6324817,0.47769594,-1.7421886,1.2243099,-1.238723,1.0075231,1.2985433,2.1603436,2.3520977,0.375313,1.2867327,2.1293623,0.55586797,0.20119493,1.1187412,1.13041,1.5826387,1.7880969,1.0862153,1.2262563,0.8320249,9.800562e-05,0.7396855,1.0392247,0.17482038,-1.0370595,0.5167715,-0.057675898,1.3016202,0.3631286,-0.117817,-0.17029521,-0.7013582,1.0474297,0.3157214,0.65710247,0.91214514,0.06994746,-0.06874456,0.24127823,0.32367682,0.64280945,-0.063553594,-0.20273516,0.45966184,-0.032261796,-0.07130336,-0.10356524,0.76847535,0.5523903,-0.68165344,-0.569209,0.7584931,0.8242387,-0.13051742
-1.5975993,0.83806896,-0.5736292,0.1468664,0.49092278,-0.28572965,0.5742501,1.6099349,0.6142676,-0.7584949,0.81756926,2.2284453,2.0192776,1.6959504,-0.17548095,0.98591185,1.2736673,0.47548097,-0.19730814,0.9554607,1.7877278,1.7856039,1.6581256,0.7255392,0.7701049,0.7169459,-0.3678493,1.1817124,0.40871394,-0.19565287,-1.1653979,0.46169123,0.1265942,0.9377843,0.25498426,-0.64360505,-0.13105068,-0.9263044,0.680026,-0.1752593,0.49035785,0.85175425,0.9301992,-0.59334004,-0.2581995,0.58881307,0.5071717,0.04125165,0.056698505,0.8344371,0.87960553,0.98824495,0.92892313,0.8043707,0.65311784,-0.7172925,-0.6348586,1.0320714,0.61569166,0.18573567
-0.52228886,1.4549295,0.8584116,1.5574521,0.48911187,-1.6183156,-0.24183777,0.16300048,1.2268441,0.675283,0.9057764,1.5282267,0.32490528,1.5683167,-0.3729607,0.9245225,2.1140742,0.7149774,0.98535275,1.204521,1.4028789,2.4093835,2.3584766,1.45697,1.484944,0.45509967,-0.66908634,1.1523938,0.8313746,0.93909633,-1.1816907,0.9200946,0.52944016,0.41024408,0.5280833,-1.0270725,-0.257034,-1.079523,0.630133,-1.0098287,0.54143524,1.014047,1.4974086,-0.27589136,-0.35290885,1.0825261,0.897113,0.58787864,0.6358488,1.1777258,1.3299495,1.4764845,1.5165892,1.0583655,0.89309067,-0.62396014,-0.38933444,0.7724733,-0.015682999,0.775038
-1.5371847,1.6127164,0.86471665,1.1035349,0.49318644,0.5344928,0.4994574,-0.5796902,1.4706342,0.9006529,0.75378114,2.3514726,2.5673573,2.2112935,1.2900809,0.5859753,1.4567481,1.0800407,1.2645723,1.3560574,1.2646374,1.6922803,0.98156244,0.669343,0.6133322,0.7755518,0.639227,0.8366285,1.2836276,1.335088,-0.6303312,0.78605354,0.77682376,0.33825865,0.5469855,-0.3981271,-0.0972395,-0.74146354,0.26553226,-0.30495793,0.38632712,0.49104628,0.7160343,0.35295337,0.4444266,0.5700208,0.54455173,0.82529676,0.88176537,0.6239031,0.69685656,0.4940477,0.5972343,0.6103625,0.3133537,-0.308551,0.21379524,0.3402068,-0.05980896,0.8915275
0.98829824,-0.2714405,1.4790766,-0.42882872,0.49273372,-0.75572616,0.4310532,0.48031962,0.9488259,-0.4651143,-0.6362313,0.48446274,0.19760242,2.4175212,1.5280932,-0.11614302,0.7331479,1.4641143,1.6501409,0.9885228,0.29557976,-0.048967242,-0.1062009,0.43883094,-0.40571317,0.51783925,1.3207138,0.14242226,-0.7931339,1.1423261,-0.13326225,0.23492303,0.5168582,0.20997208,0.14447878,-0.29454964,-0.44557118,-0.3372849,-0.010451636,-0.16152616,-0.124093056,-0.29617855,0.23925556,-0.01954475,0.7551461,-0.116848014,-0.008659568,0.5015006,0.5357725,0.14678231,0.10331514,0.3126887,0.33619794,-0.029397303,-0.25543776,-0.45642248,0.046549186,-0.32721362,-0.35881674,0.40542215
2.42294,-0.9997759,0.761866,-1.5481805,0.49635556,-0.3082744,0.61890763,-0.14287712,-1.6118687,-0.4113261,-1.1924624,-1.4372073,0.53849447,1.1530436,-0.46965557,-0.28380942,0.16797516,0.3677373,0.4622917,-0.94240594,-0.7670515,-0.9585353,-0.9953917,-1.5557876,-0.56637335,-0.30692714,2.189265,-0.79758,-0.20307863,1.0592333,0.5585843,-0.3487923,-0.08820978,-0.17046058,-0.39236385,0.45886612,0.31912827,0.40325737,-0.39381772,0.08589345,-0.36056957,-0.29671755,-0.015848348,0.16166437,0.35610545,-0.64414364,-0.27731055,-0.08616956,-0.13126191,-0.49560416,-0.21396333,-0.24570066,-0.35909334,-0.2685433,-0.5607704,-0.42815313,-0.41060117,0.016635591,-0.0044346573,-0.097573206
1.1104417,-1.0154041,-0.09022057,-0.22124982,0.4895646,-0.025910456,-0.89503324,0.16561554,-1.4973757,-0.38661635,-1.1498638,-1.1182735,-0.26329976,-0.5376166,0.6024035,-1.1382345,-0.16224913,0.7607056,-0.30246034,-1.5446562,-0.7127777,-0.6520135,-0.094151154,-1.3985835,-1.2618353,-0.87121,0.40244412,-0.317223,-1.2927537,-0.27258965,0.64733255,-0.50851595,-0.12616667,-0.5484981,-0.85451126,0.114107214,-0.36474037,0.061682213,-0.6872577,-0.34848654,-0.8575068,-0.6984207,-0.15256643,-0.01764306,0.11273019,-0.7304397,-0.48243034,-0.26591986,-0.1844828,-0.7013024,-0.42519355,-0.28560534,-0.35157487,-0.7195801,-0.74139196,-0.59761274,-0.24922907,-0.5147308,-0.55205655,-0.24168329
0.38817573,-0.1203444,-1.1292429,1.052087,-2.461783,0.86431724,-0.99559057,1.2101935,0.7516787,0.37319037,0.45673525,0.7585151,0.017305838,-0.23988855,1.9097469,-1.5969331,-0.25066936,0.54591197,-0.09049179,-0.34986618,-0.3527865,-0.24119106,-0.84567815,-1.1016338,-0.8757865,-0.7665679,0.11751364,-0.20231277,-0.73454756,-0.15012836,-0.14021555,0.23026285,0.015145195,0.2816488,0.0004751701,-0.672587,-0.22959897,-0.6382004,-0.0597273,-0.36569852,-0.1890535,-0.025475446,0.25308567,-0.40953365,0.5310599,-0.29015997,-0.35323566,0.2260488,0.06548988,-0.0059409738,0.27462164,0.18319139,0.08862604,-0.13462202,-0.00061392784,-0.2599658,-0.7568497,0.06503882,-0.18321341,0.1153529
1.3556138,0.5263025,0.71217257,-0.24606802,0.47915182,-0.53678143,1.3635356,-0.38261303,-0.060178608,-0.46734673,-0.3945102,-0.95179856,1.7024558,1.864599,1.8135586,0.109769344,0.69990045,0.9147133,1.5931507,0.478341,0.0050974726,0.63048065,0.46710497,-0.39157197,-1.4953936,1.076708,-0.3566649,0.34175026,0.7406927,1.1514565,0.39882365,0.41548547,1.2376592,0.33862266,0.14453651,-0.05151052,-0.7124421,-0.21915768,0.22912551,1.2963904,0.24302493,-0.112711184,-0.4694028,0.1819092,1.3584095,-0.43154812,0.42596805,1.3199444,1.2687163,-0.3091757,-0.3218002,-0.6019511,-0.5490159,-0.113165975,-0.5137656,-1.1072041,0.43857035,-0.16582136,0.5635977,1.0826372
-1.9600871,0.6986579,0.40465805,0.7620565,0.49273372,2.9894555,1.6227926,0.5743234,1.102666,-0.22519155,1.121227,1.2816005,1.7266854,1.8825697,-0.32683063,1.1511004,1.1622475,0.83470273,0.5714302,1.3554317,1.8638219,2.370362,2.1430202,1.2944504,1.1393924,1.5781842,-0.1663314,1.3012555,1.3762804,0.59104896,-1.524364,1.1531711,0.88900626,0.8647919,0.56145865,-0.72936124,0.019004643,-1.270914,0.9673866,-0.35602555,0.9860317,1.182525,1.8587706,0.019651681,-0.48905832,1.2760147,0.95872915,0.9590632,0.9732547,1.310375,1.6811342,1.7536002,1.7878224,1.2423666,1.3820103,-0.42527813,-0.36046636,1.2047209,0.69077,1.2021363
-2.0465443,1.5216295,0.74800956,0.37279916,0.49273372,2.5537143,1.6079625,0.8542416,1.1203456,-0.77153045,1.2849417,1.5452317,1.4481688,1.4814585,-0.10852357,1.1546592,1.0103759,1.2247204,0.9853046,1.3742331,1.8812916,2.9054096,2.8957474,1.8478403,1.8230889,1.4535457,-0.9433987,1.4397348,0.69699806,0.9301281,-1.3375877,0.70408505,0.86672723,0.38639626,0.7093454,-0.2711132,0.12824199,-0.8227583,0.62718785,-0.5856706,0.50180894,0.6762361,1.6039954,0.40474463,-0.47037914,1.064612,0.9393307,0.76146203,0.834487,1.152208,1.6253612,1.6150564,1.4985986,1.0502963,0.95328164,-0.29278734,-0.4746637,0.8776951,0.13899766,1.0068257
-0.21636966,0.69031656,0.8043609,0.5325442,0.49273372,0.9217734,0.41101345,-0.6442949,1.2630363,-0.55181265,1.4365466,2.1123967,1.6968478,2.2942338,0.35544598,1.2591553,0.93301356,1.4560897,1.5984594,1.3071285,1.8727478,2.5591633,2.358061,1.9552019,1.4418627,0.83861035,-0.50069445,1.5910412,1.0274317,1.378279,-1.5712062,0.8297495,0.93347645,0.2944133,0.7192477,-0.56974065,-0.09798967,-0.9978641,0.71387565,-0.7236211,0.4660584,0.9897879,1.6279666,0.71893954,-0.7008177,1.441893,1.1722459,0.67544043,0.99072397,1.246203,1.7033018,1.7739186,1.6670709,1.1621367,1.1779165,-0.5604763,-0.018724635,0.95334715,0.19716078,1.1404213
-2.0528705,1.5748197,1.224701,-0.48553643,0.49454463,0.60925305,1.3867595,-1.944808,1.0322363,-0.8322675,0.58705086,1.9590118,1.951038,2.3337502,-0.89450336,0.804123,1.0535887,1.6512326,2.00052,1.366138,1.6859307,2.2258596,2.063606,1.4446036,1.6088415,1.024102,1.778812,1.6922169,1.170712,1.7250453,-1.6342274,1.0499672,1.3101274,0.33010098,0.6249063,-0.78057647,-0.13927194,-1.4620041,0.6787254,-0.36042246,0.7201437,1.1810349,1.7385777,0.53913134,-0.4285857,1.3241246,1.1539608,1.4514734,1.6344416,1.1878046,1.5751364,1.7022548,1.8971035,1.5562085,1.2909883,-0.6876251,1.4182373,0.8682947,0.48665342,1.6500593
-1.5734591,0.713465,0.7526135,-0.23090775,0.49545008,2.551337,0.251936,-1.1792746,0.887773,-0.6435339,0.75750875,1.3780446,1.9052467,1.6016557,-0.54265505,1.0402265,0.89442575,1.3081487,1.3241518,1.3482172,1.5957999,2.318207,2.1435401,1.7601894,1.3261076,0.66021556,0.8215807,1.3304899,0.8805128,1.276269,-1.2457451,0.95140165,1.0679461,0.5556571,0.60237527,-0.16170095,0.1405971,-0.47224236,0.7132147,0.13173297,0.928997,1.0471451,1.5791354,0.6947001,-0.2055239,0.9874858,0.92063904,1.1064376,1.173533,1.054667,1.2178566,1.3818227,1.3490613,1.3438281,0.90240836,-0.33683574,-0.024274174,0.9144155,0.68833876,1.1893063
0.12766178,0.8232212,0.7231512,0.19698463,0.4968083,1.3266643,0.9526759,1.4197646,1.0288111,-1.4209152,0.97759676,1.6776012,1.6587273,2.2072377,-0.91818714,1.3057066,0.92910683,1.3919185,1.334525,1.3288621,1.6968601,2.7254744,2.61934,1.4028766,1.3696675,0.5080033,0.09867855,0.5285879,0.5843699,1.4784218,-1.5333903,1.3886176,1.2339226,0.5419107,0.511226,0.17036675,0.8931315,-0.28619197,0.9103509,0.6270486,1.2175859,1.6393985,1.6909769,1.3118362,-0.24341072,1.3413576,1.4113384,1.3905212,1.4662375,1.4969919,1.720614,2.1285813,2.1664848,1.7342452,1.3870765,0.021359151,-0.14899218,1.624253,1.2825723,1.5415707
-1.286001,0.8283458,-0.5336805,0.21454655,0.492281,1.7793778,1.0996855,-0.932064,1.094276,-1.2151654,0.8633769,1.8383029,1.9885995,1.2781599,-1.4564357,0.99481165,0.8049003,0.10050578,-0.08178096,1.4557192,1.7314645,3.0991144,3.0038133,1.7287362,1.4262745,0.37288693,-1.2605884,1.3831501,0.3843133,0.27697182,-1.5458839,0.97552204,0.47230145,0.47296795,0.68720883,-0.34350693,0.29528332,-0.5297499,0.69432473,-0.45487896,0.7750235,1.2378601,1.4571187,0.543879,-0.29256988,1.1250546,0.79844636,0.5501149,0.66179186,1.1119705,1.130417,1.5878748,1.4953686,1.3214818,0.94034314,-0.15291211,-0.49738914,1.0950253,0.5129587,0.74327415
-0.7546772,1.6086344,0.037986938,-0.0028155902,0.49137554,0.48575392,0.09653048,2.2382774,1.433914,-0.58555806,0.8384674,1.3718476,2.4346085,1.6403997,-0.7774772,0.94096035,1.3423312,0.18961796,0.84335274,1.5837768,1.9457263,2.8735647,2.622676,2.0127385,1.0638874,0.5019747,-1.2787564,0.74121815,0.7584237,0.8754165,-1.4305515,1.0222079,0.8037015,0.6304316,0.5991696,-0.47941667,0.08015512,-0.921846,0.51765555,-0.6406131,0.6121216,1.0062637,1.4943197,0.064115465,-0.23774537,0.9991896,0.4802168,0.95954573,1.1250283,1.1009215,1.1925007,1.3376848,1.331417,1.1490818,0.83937407,-0.43612704,-0.0007904172,1.0752741,0.21803884,1.1568824
-1.5738763,0.9172507,0.20756637,-0.34763724,0.48730096,2.519902,0.32078856,2.0703173,0.5837055,-1.1635232,0.44808877,1.1903177,1.7896764,1.0294498,-0.8899105,1.1000732,0.12909839,0.16525765,0.14936867,1.3267301,2.1197598,1.9493873,1.7357242,1.7098682,1.0740613,0.49264625,-1.4761119,0.44956586,0.4093244,0.35407886,-0.82016665,0.6289539,0.32515696,0.80931467,0.42849892,-0.10134456,0.39309248,-0.31239772,0.6741082,0.054145917,0.51335824,0.40843374,0.6499812,0.19845483,0.25108045,0.5559531,0.39857262,0.39599672,0.5020065,0.747995,0.58232105,0.43115267,0.4101559,0.6519199,0.54961014,-0.14865561,-0.2632786,0.7739454,0.40881634,0.59237623
-2.0098526,0.5494389,-0.5605453,0.54975325,0.49182826,0.31857777,1.3256329,-1.190914,1.3952565,-1.3077942,1.4570214,2.179124,2.5883784,1.6598862,-0.3067255,1.2920741,1.1562822,0.10008647,-0.25981033,1.4113747,2.0835154,2.3378925,2.3441172,1.7458391,1.4775885,0.7300509,-0.41179553,0.97079414,0.6375706,0.18812983,-1.6154507,0.82709384,0.06780945,1.0382435,0.45137525,-0.7580419,-0.113421716,-1.1403751,1.1888816,-0.59610516,0.75261515,1.0788796,1.4764084,-0.53573316,-0.59750414,1.1025311,0.7452537,0.11495063,0.18183699,1.0435163,1.201603,1.3289948,1.2341837,1.2491583,1.1878179,-0.53119004,-0.5626951,1.2073605,0.5206562,0.4289036
-1.0522643,1.0355086,0.76777494,-0.081135154,0.49137554,-0.5277938,0.50656754,-0.7603066,0.9588339,-0.2901471,0.59456754,1.9554083,1.6103446,1.9892278,-1.4099885,1.4056455,1.5954343,0.7154344,1.3967549,1.2239926,1.8294145,2.735917,2.6590707,1.3554565,1.5585791,0.99787754,-1.364149,0.24043629,0.49300674,1.312747,-0.73923326,1.0472811,1.0680877,0.59460676,0.56491053,-0.04461824,0.6623978,-0.37552103,0.60157484,0.25823033,0.97467536,1.0743285,0.6958778,0.8419084,0.0700544,1.0704651,0.7039805,1.2910783,1.2781038,1.2168399,0.9147964,0.9574395,0.8628013,1.089442,1.0319285,0.44826338,0.09936386,0.9623915,0.7490548,1.2893091
-1.1930785,0.91260743,0.6778882,0.27712902,0.49047005,-0.2543607,1.0549927,-1.907257,1.1401293,-1.1598278,1.1767879,1.9085342,1.9138232,1.6637162,-0.5157855,1.2815219,1.6988393,0.73148304,1.0640068,1.3756196,1.7452295,2.8453255,2.4985547,1.6840048,1.4334276,0.7936778,0.6386621,0.7795301,1.2492754,1.102329,-1.4351823,0.72493184,0.89357024,0.18146825,0.56925035,-0.4371339,0.28429618,-0.93489903,0.45978162,-0.07437221,0.6653309,1.1437285,1.3354224,0.44102994,-0.51584786,1.150538,0.8756199,0.8938904,0.9638038,1.1386095,1.4783556,1.6990197,1.6704285,1.3772652,1.1972029,0.05437213,-0.14431778,1.003982,0.66879654,1.0979507
-1.9433228,1.1187595,0.92517424,-0.4175329,0.49273372,0.2392313,-0.7312098,-0.62435967,0.9548293,-1.2496747,1.1594112,1.8827803,1.6636046,1.9069638,-1.084253,1.200959,1.19672,0.7799967,1.3186427,1.3617584,2.059147,1.6665673,1.6168809,1.5379572,1.4222,0.8988737,1.2644103,0.5116282,0.82181007,1.1649884,-1.565839,1.214142,1.1962905,0.58457166,0.55418575,-0.83242863,0.040722452,-1.4128155,0.8288559,-0.12702931,0.8457398,1.3914478,1.2405169,0.51815486,0.011928445,1.1842681,0.9571199,1.270249,1.476663,1.2793621,1.1555536,1.2148942,1.1803048,1.2554741,1.1275012,-0.35365495,0.8858408,1.2657303,0.6129238,1.5206362
-1.7322407,0.58357626,0.7845013,0.13066672,0.49047005,-0.47846866,0.2712267,-1.0661144,1.1617169,-1.3638191,1.1543847,2.117902,1.7724485,1.5981779,-1.8261623,1.3228801,1.2182918,0.67426115,0.6415888,1.291883,1.6949413,2.4987674,2.495792,0.9876792,1.2010673,1.2454904,-1.1031024,0.62333894,1.0082175,0.7500075,-1.207603,0.81669205,0.59852177,0.54591423,0.45281506,-0.5883725,0.4498387,-0.9543694,0.68885374,-0.26329368,0.6193032,1.0224973,1.3156625,0.0063185086,-0.17855139,1.096538,0.80381495,0.6124037,0.7474627,1.223584,1.3154539,1.471873,1.3783498,0.97963977,0.8757714,-0.1359185,-0.31223413,1.0647691,0.32775706,0.88586676
-1.6420932,1.5022295,0.84645593,0.95474464,0.49001732,-0.6505545,-0.010054151,-0.98230577,0.9478007,-0.2624942,1.3775138,2.1730669,2.3457522,1.4688312,-0.4301882,1.0048712,1.3563689,1.1094468,1.3081042,0.98925465,1.9508153,2.3036764,2.3407671,1.1379496,1.0868307,0.716785,-1.3681308,1.5456171,0.70207053,1.4110287,-0.9425385,1.0334992,0.4667127,0.69780564,0.392291,-0.22285551,0.22997749,-0.36447492,0.4584861,-0.18569806,0.6652994,0.9850677,1.2910857,0.11720217,0.008612266,0.8093129,0.64361167,0.806646,0.7546997,1.0005368,1.1127629,0.9350221,0.9934645,0.88153964,0.90184987,-0.41960108,-0.4155347,1.0389279,0.34450862,0.89503103
-1.9439554,1.2886845,0.71923494,0.5411991,0.4895646,1.9270163,-0.048629858,-1.8606657,0.88820755,0.13072434,1.5293769,2.204752,1.9264723,2.0675693,0.34319857,0.92917407,1.8057919,1.0230553,1.3799146,1.3214434,1.0750003,2.354596,2.4120238,1.4085196,1.4205321,0.8305593,-0.97425836,0.7228147,1.3026139,1.3354831,-1.4734851,0.89795434,0.8357032,0.97541606,0.43311167,-1.2878711,-0.35535428,-1.8978477,1.0202054,-0.31874976,0.8644122,1.264049,1.4915484,-0.11593697,-0.0063508395,1.101629,0.53312635,1.0928192,1.0787697,1.2727494,1.3332598,1.4385419,1.3819296,1.1285125,1.1105592,-0.77564436,0.43715948,0.76863235,0.41105917,1.2027062
-1.0220596,1.1940826,-0.50175905,1.3063325,0.49047005,0.86156857,0.84642345,-0.6637242,1.6401526,-0.16125709,0.9171242,2.0957987,2.119281,2.026322,0.62679666,1.0196277,1.2987494,0.25386363,0.16418718,0.8931683,1.6312901,2.5320754,2.3342228,1.0872685,1.2538202,1.0191933,-0.31315792,0.57439846,1.1134952,-0.042259414,-1.003118,0.8195016,0.3490442,0.9573338,0.5374167,-0.5770004,-0.4154513,-0.9610251,0.9229253,-0.4096518,0.50821584,0.9265726,0.7621323,-0.30284715,0.049739026,0.7882876,0.3201434,0.5008791,0.5497474,0.77911544,0.5649282,0.62318206,0.535641,0.86980015,0.7689865,-0.7065198,-0.30144066,0.7326401,0.31539232,0.6053937
-1.6266996,1.6936018,0.4442295,1.5224274,0.49047005,0.57271665,0.8679919,-1.615019,1.5055741,-0.082417496,1.1873118,1.4936138,1.0963899,1.8222922,-0.13147259,0.80165267,2.183694,0.7570077,1.056129,1.1210988,1.4035004,1.9398199,1.694859,1.4757459,1.1751647,1.1195253,-0.54680455,0.29058406,0.3769859,1.0980461,-0.9487111,0.9489356,0.5949655,0.5601911,0.48875064,-0.6112203,0.033251148,-0.9307477,0.49535975,-0.7291267,0.41452166,0.5701175,0.9509381,-0.10950104,0.1945191,0.8513202,0.49531418,0.7416457,0.87692946,0.8736241,0.84556586,0.87702984,0.95603836,0.70168173,0.5869108,-0.25338152,0.028563563,0.55807805,-0.17577405,0.8914093
-1.0207609,0.5599586,1.0614856,0.9087301,0.49092278,0.08594419,0.9556654,-0.0898206,1.4396762,-1.8319848,1.2042043,2.2784405,1.3794748,1.7331812,0.060274307,0.032518864,1.3658025,0.7878344,0.90201247,0.93955743,1.1435122,1.9643587,2.398894,0.94921213,1.1090921,1.1068426,-0.84241766,0.56024045,-0.3075544,1.3343085,-0.8515659,0.7936699,0.6804755,0.81102186,0.4943936,-0.7610395,-0.25465792,-1.2329808,0.503658,-0.5397376,0.4736776,0.31402293,1.220755,-0.13439414,0.3010156,0.61554563,0.40291083,0.96205294,1.0026357,0.84697276,1.0315944,0.92162585,1.060927,0.9302333,0.49672,-0.75780725,-0.016840614,0.52808154,0.054767046,1.061447
0.3253782,-0.60638094,1.203319,0.33933464,0.48367912,2.3760269,-0.40536922,0.17035784,0.7907945,-0.89763975,0.65773696,2.1441867,0.7030717,2.0248046,1.5040989,-0.15014455,-0.15613006,0.8811519,1.0299964,1.3396568,1.6943269,1.1655877,0.8518112,1.5622624,0.3334413,0.2037077,-0.22852889,-0.38218334,0.14376426,1.0813013,-1.0408634,1.147319,0.8548909,0.8439763,0.3517238,-0.75472677,-0.111240886,-1.0246556,0.6146122,-0.76507455,0.70096916,0.41258493,1.1569725,0.29279968,0.22537538,0.92447776,0.3071211,1.166563,1.2577755,1.0348997,1.0630708,0.9780687,1.1140028,0.8290581,0.667685,-0.600324,0.56780314,0.51157343,-0.10240244,1.2410883
-0.21246456,1.0848463,1.1245884,0.36233863,0.49001732,0.8152294,1.1138196,-1.4658898,1.0859747,0.51136196,1.2500916,0.80563056,1.9764374,2.118738,-0.051406134,1.0516993,1.0434327,1.3796068,1.6690285,1.6127506,1.6768304,2.424223,2.512863,1.8081728,1.4236821,0.61106664,-0.029464971,0.8517987,1.2278908,1.6077104,-1.1770974,0.91298896,0.700106,0.81953555,0.43603522,-0.14559695,0.3479032,-0.4249723,0.75562227,0.10947994,0.8984895,0.823116,1.2784514,0.76919,0.06408484,0.96615356,0.9583286,1.0449423,1.0717762,1.1777195,1.0624226,1.0722588,1.1035357,1.1168634,0.93626225,-0.14568767,0.039981775,1.167401,0.6228832,1.0569667
0.46062994,1.2806861,0.6840673,0.23987031,0.4968083,3.7418456,1.9469672,0.82029474,1.0413319,1.4762928,1.539609,1.9153428,1.8017192,2.943443,0.6537384,0.67820644,1.5603637,2.0665112,2.0543058,1.0814694,1.6387933,2.6621487,2.1388943,1.592806,1.5391382,0.71921957,2.3877602,1.0624774,2.1692147,1.8207612,-0.051370867,0.69715977,1.538646,0.0673521,0.71141243,0.6225363,0.58064556,0.6202225,0.3090803,1.0197823,0.6485146,0.40369505,0.4331584,1.3943,0.37924054,0.3866801,0.82881355,1.5734699,1.4831457,0.5153904,0.5138827,0.3074166,0.38769034,0.9378911,0.46275625,-0.021869346,0.052752484,0.6441227,1.0792756,1.4712085
2.3047073,1.7127517,0.75726604,0.30478433,0.49590284,3.575396,1.544345,-0.61052305,0.6039696,-1.1452981,1.345482,1.8643333,1.6634374,2.4093773,0.56761044,1.25832,1.3573965,1.7587904,1.9366099,1.592212,1.9218506,2.6566386,2.5479825,1.5984559,1.0955195,0.8266503,2.5323422,2.2879367,0.118726745,1.8222921,-0.87241745,1.2468803,1.7682897,0.5475535,0.6383648,0.43488732,0.75389045,-0.06676839,0.66237235,0.54271334,0.80321413,0.7835708,0.8931719,1.5966967,0.23194772,0.8473544,0.85871047,1.8425493,2.0327458,0.9806806,0.90811914,0.7700991,0.79337364,1.1752166,0.81771696,-0.011030955,0.95338136,0.9754544,0.7798347,1.9902385
0.005919336,1.0233954,-0.48228723,0.007966774,0.492281,0.3144478,0.9664819,-0.31430376,1.0364075,-1.2042531,1.0127565,1.4871775,2.3920922,1.6748781,-0.47190773,1.155905,1.2740239,0.35391676,0.11445221,1.2789958,2.0894294,2.9194345,2.9479249,1.8857479,1.2582809,0.37868387,-0.63645947,1.4545871,0.7349101,0.14402156,-1.1563003,1.0699518,0.59867865,0.64265966,0.44878924,-0.20524518,0.39651906,-0.8089901,0.55867445,-0.19937325,0.75503784,0.9576502,1.696274,0.17113447,-0.14633743,0.93648636,0.8442233,0.7863921,0.94603133,1.1730756,1.5257081,1.5102906,1.496182,1.1536533,0.86983114,-0.45071283,-0.30537283,1.2550019,0.57184225,1.0728244
-0.9329602,1.3022535,-0.28341025,0.6040539,0.49137554,-0.66516525,0.2746961,-0.9302847,1.5064224,-1.0234761,1.0426052,0.9258713,1.8156474,1.6918639,-0.6297329,1.2042418,0.20793384,0.7680128,0.5463396,1.1266054,1.7686945,2.5234044,2.2535396,1.8344065,0.7213946,0.2486668,-0.51389474,0.8303094,0.3887931,0.50002545,-1.1078476,0.68730295,0.24873228,0.90304214,0.43323642,-0.76613337,0.17156595,-1.2319008,0.9126932,-0.8546548,0.6414941,0.50075793,1.2599946,-0.5997553,-0.34414908,0.9385567,0.3229959,0.29642093,0.31773996,1.0380882,1.1811777,1.2150793,1.1549736,0.98510224,0.90134025,-0.32534584,-0.5100162,0.90807223,0.13570471,0.63170606
-1.3922106,-0.66692746,0.37895006,-0.17320856,0.49047005,0.0035084449,0.43033347,-1.425612,1.3504088,-1.012616,0.8358047,1.6884545,1.8039515,2.0115602,0.35725814,0.9164432,0.71334904,0.14431947,0.00032628232,1.034876,1.4197146,2.3651922,2.583899,0.83015054,1.3196204,0.98158914,-0.7890339,0.26559377,0.59558535,0.60851544,-0.96025956,0.5669905,0.41638824,0.55870414,0.17418472,-0.8439005,-0.3259671,-0.84468293,0.7863843,-0.4683522,0.4060251,0.70383364,0.8135186,0.060702175,0.38853022,0.4458202,0.28140837,0.45879507,0.45355195,0.5995812,0.6770661,0.4468458,0.52830225,0.67537093,0.48485133,-0.36152217,-0.1690526,0.4349863,0.06882132,0.53565174
-1.9004105,0.7856849,0.41508734,-0.63265765,0.492281,-1.1824442,-0.15089977,-1.108267,1.110851,-1.3356855,0.9198296,1.1016682,2.0224745,1.4117773,-0.7226825,0.96651745,0.5499338,0.64828575,0.5833224,1.5136325,1.940032,2.3589742,2.1306257,1.776725,1.4431838,0.9931065,-1.6303979,1.1076677,0.3586933,0.8294562,-1.2237682,1.0063418,0.5230637,0.6055874,0.5913881,-0.85411465,-0.117567025,-1.4114417,0.52611464,-0.83688056,0.6207274,0.70108235,1.5084339,-0.4372809,-0.3319799,1.0915537,0.59946567,0.6171399,0.6696122,1.0505731,1.4016855,1.4832983,1.4873774,1.0781553,0.9264598,-0.567099,-0.2512594,0.85591966,0.11345219,0.87240535
-1.9485946,1.0465679,0.74426615,-0.039262224,0.49001732,0.099821076,-0.30766487,-1.0921435,1.3606213,-0.9838433,0.99189556,1.85225,1.9990404,1.7651865,-0.8125747,1.1417767,1.4394614,1.2535548,1.3390354,1.4522134,2.0810869,2.2066362,2.1253364,0.87965596,1.5418628,0.8803926,-0.6482413,0.14398175,-0.11091562,1.1890037,-1.2371712,0.8355411,0.78442174,0.50424415,0.4875974,-0.5561284,0.13446383,-1.095625,0.5568822,-0.34725994,0.55074465,0.8846343,1.2133645,0.0927847,-0.25381675,1.0456418,0.8353293,0.73165727,0.908529,1.1345685,1.17904,1.3008225,1.3765339,0.81667084,0.8302124,-0.021892384,-0.09219689,0.68696547,0.22175466,0.9913528
-1.9204433,1.6213049,0.8450336,-0.48330015,0.49137554,0.105755754,0.43477795,-1.8443241,1.0861157,-1.0742215,0.6476924,1.4808322,1.7458062,0.8308037,-1.593305,1.1316733,1.4669117,1.0728369,1.7446523,1.4285613,2.0923924,2.0650089,1.8988103,1.5093633,0.999496,0.9317318,0.43826082,0.78532183,0.3198478,1.5812707,-1.7254392,1.1905924,1.1470315,0.38352385,0.6153011,-0.5611474,0.20157877,-1.4187413,0.63019335,-0.18545146,0.7578331,1.321652,1.5246714,0.6147464,-0.32351196,1.4385846,1.2177217,1.2025946,1.4192436,1.3161165,1.6709833,1.8116533,1.7425884,1.2325596,1.3923767,-0.15075418,0.90988445,1.123341,0.5638398,1.412582
-1.9541826,1.4956793,0.6717726,-0.25870997,0.49047005,-1.9163969,-0.2931969,-1.8705751,1.2337694,-0.7156621,0.9384979,1.1910642,2.0718193,1.5734094,-0.22634272,1.3255377,0.916871,0.7309423,1.3428619,1.420053,1.8984967,1.497196,1.2077799,1.1029326,1.0020812,0.98373014,-1.0029818,0.15784769,0.17013615,1.2908742,-1.4417429,0.9245797,0.65496194,0.4277198,0.4784891,-1.0194832,0.17083639,-1.3217481,0.6908297,-0.2777707,0.69759727,1.0122375,1.4475611,0.055802032,-0.50901234,1.287427,0.6963393,0.6620152,0.7910236,1.2681521,1.5879859,1.760893,1.6626737,0.93881196,1.1866267,0.16629604,0.023261953,0.94953424,0.49737063,0.99688137
-1.0845288,0.46888608,1.0406152,0.7755061,0.49273372,0.9849009,1.6965294,-1.3142134,0.7411685,-0.8170474,1.4303234,1.588583,1.5553038,2.121507,-0.46658507,1.2448049,1.487562,1.3014848,1.6058098,1.2767025,1.7173396,2.5425298,2.36672,1.5158998,1.136847,1.1942652,-0.6748171,1.0775839,1.1157929,1.4858547,-1.1907552,0.9128169,0.7958398,0.73238283,0.2132078,-0.34628817,0.4744927,-0.96620363,0.6929149,0.088714994,0.6635307,1.0934302,1.0809021,0.5514724,0.087906316,0.9242537,0.64352494,1.0708305,1.2656033,1.0991528,1.2017102,1.1238816,1.0728244,1.0574954,0.89593494,-0.08816765,0.09909724,0.9952287,0.49942315,1.2311248
-1.0760804,0.6203924,1.0274913,0.020777054,0.49318644,-0.89459246,1.2447793,-1.064582,0.9398479,-1.3438748,1.0687476,1.412726,1.050707,2.4246187,-0.3959041,1.257103,0.5829587,1.384015,1.7311227,1.0477495,1.7624539,2.890294,2.6989381,1.5790458,1.5767994,0.94394207,-1.305274,1.6290064,0.90273875,1.6054142,-1.5440998,0.9566418,0.8142433,0.52267766,0.6768227,-0.43932143,0.43052003,-1.1539428,0.9147129,-0.029268121,0.9407691,1.4183546,1.8521295,0.6592405,-0.32415873,1.4397004,1.2769821,0.91956866,1.1146442,1.3716277,1.9517921,2.0025716,1.9125592,1.5100715,1.4268816,-0.22837429,-0.12847716,1.466267,0.86380196,1.2000252
0.2106811,0.98833805,0.8433036,-0.66056865,0.49273372,1.4867569,0.5482224,0.70469433,1.4112746,-1.2366601,0.67105263,1.1515082,1.5226629,1.2103082,-0.4939641,0.91252023,1.0397007,0.9282169,1.2648216,1.3735802,2.0302746,2.5684564,2.4148269,1.7210084,0.7991581,1.406666,-1.2687122,0.30067682,0.8942142,1.072084,-1.5087423,0.7201471,0.2500194,0.36362395,0.45017314,-1.0804676,-0.21379471,-1.5242361,0.78068364,-0.64969856,0.5873896,1.2663301,1.5009623,-0.4928258,-0.7379079,1.1690662,0.8035826,0.17001629,0.23837693,1.0482498,1.3640088,1.4038254,1.3215106,1.1488215,1.08618,-0.36982092,-0.73929256,0.98898065,0.3378544,0.46867797
-1.6699282,1.4276744,0.8897519,0.33999038,0.49092278,0.25204784,0.80823034,-0.7901257,1.1199623,-0.17102024,1.2266551,1.4351761,1.8362943,1.8587949,-0.44396725,1.1262537,0.38033125,0.87701434,1.7040321,1.1069577,1.7740964,1.942622,2.004083,1.1126117,0.9799348,1.0158124,-1.0983682,0.57906425,0.7635191,1.4542015,-1.0568299,0.7790602,0.60900825,0.40181494,0.17976776,-0.34532535,-0.12081059,-0.7140286,0.23054661,-0.58976287,0.37580004,0.8048908,0.912808,0.25957307,-0.056019768,0.77390873,0.583603,0.72435623,0.89281386,0.7675467,0.7840857,0.54966384,0.6547123,0.6887412,0.5239992,-0.8373388,0.021052394,0.6401778,-0.07338489,0.9114552
-1.8456894,1.2464112,-0.14429694,1.2165548,0.49047005,3.4926426,0.6476121,-1.1868862,1.5422821,-0.4484605,1.8248854,1.3680075,1.6077651,2.0538986,-0.5734598,1.0220234,1.3427658,0.35852948,0.28162593,1.2195073,1.1986665,1.7559898,1.4480665,1.2047731,1.4191555,0.76702124,-0.6387743,0.81993437,1.1587336,0.17030962,-1.125847,0.9557381,0.29377505,1.1013095,0.4519586,-0.3553616,0.043353368,-0.36657077,0.8781105,-0.10187612,0.70376796,0.9887773,0.63348705,0.009392707,0.42098388,0.5240232,0.54340214,0.49219587,0.5166573,0.76166886,0.34040302,0.337325,0.20769195,0.8458482,0.564956,-0.5477616,-0.3508454,0.85522187,0.4928896,0.45634446
-1.1576164,2.1296554,1.0663482,-0.4030399,0.49092278,-1.3418869,-0.47319645,-1.2444627,2.00946,-0.6732254,1.0624002,0.45776385,-0.19615228,2.2055893,-0.34942704,0.29614887,0.2887244,0.94376904,1.6892678,0.92602915,0.6128043,2.434548,2.604441,1.6908072,0.8165206,0.63548106,-1.1530949,0.1749908,0.11465285,1.6350071,-0.730454,0.49548292,0.4729902,0.6857488,0.10632047,-0.75147694,-0.13759917,-1.0692402,0.44529527,-0.19658832,0.33302057,0.52178204,0.8540201,-0.14025596,0.39698732,0.37740046,0.4775434,0.6779126,0.6582128,0.70717776,0.830716,0.64912534,0.6965071,0.61899257,0.46416548,-0.43907514,-0.108909406,0.45952797,0.1571332,0.7388171
-0.3202464,-0.31309798,1.833915,0.4469992,0.48865914,0.83726704,1.2024442,-0.5813209,0.45197293,-0.63876855,-0.4950611,0.6098257,0.31197485,1.5118921,0.42283407,0.6297963,0.3780993,1.7848965,1.7459549,0.082067125,1.013976,1.6617703,1.5566708,0.25714034,0.24710399,0.97576004,-0.69994706,-0.80818033,-0.21564983,1.6329428,0.15324408,0.1416051,0.8750623,-0.26754805,-0.30360264,0.043829925,-0.2959341,-0.20447087,-0.4605688,-0.33539036,-0.43765214,-0.46682566,-0.11894933,0.34745616,0.8954212,-0.5212348,-0.27623248,0.8273076,0.9296027,-0.30135414,-0.32510382,-0.1783023,-0.036009774,-0.5635581,-0.5181801,-0.54180175,0.5021809,-0.6595095,-0.62666845,0.7979359
1.912762,2.2031288,1.3295188,0.42676067,0.49545008,2.1381593,1.6842448,1.2930582,0.9584133,-0.42509985,1.176834,1.0536555,2.143061,2.276363,-0.2231029,1.0621176,0.791249,1.7590823,2.102647,1.5005255,1.7716893,2.1760063,1.8557739,1.1396971,1.3668561,1.1419634,2.9379776,0.81932765,0.25007683,1.8365302,-0.9924253,1.3795751,1.5658336,0.21589404,0.58859384,-0.15025687,-0.021287099,-0.9521622,0.58261824,0.81304914,0.771439,1.0387133,1.3191185,1.2241675,0.7311626,0.8355081,1.1699919,1.8849835,2.1517892,1.0653011,0.8268319,0.8106143,1.0978993,1.2621717,0.78987503,-0.67730695,1.9046187,0.7840702,0.9788865,1.9717087
1.0449218,1.1977007,1.1429594,0.46386573,0.492281,0.32220954,1.20596,-0.9750867,1.1792877,-0.92667353,1.6205175,1.3350089,2.3096912,2.1543555,-0.3644295,1.1538333,1.017177,1.3896704,1.6125271,1.4668347,1.4157759,2.198467,1.902966,1.9045265,0.86417514,0.3977431,0.554843,0.050390292,-0.029286884,1.4483402,-1.3531858,0.9428526,1.024922,0.7529473,0.37137294,-0.20875683,0.32927892,-0.83616984,0.78665364,0.08344132,0.5821792,0.91051906,1.4194212,0.871686,-0.06804314,0.9315516,0.92187643,1.0925575,1.3671054,1.2569892,1.2173641,1.2738658,1.3218392,1.1023207,0.8200904,-0.30965292,0.08553646,1.1523994,0.55101085,1.390542
-1.7310809,1.1771239,0.8433393,-0.327855,0.48820642,0.844218,-0.20740713,-1.6917727,0.9751185,-1.4793748,0.77879095,1.5315715,1.3730887,0.17959046,-0.6699152,1.3194072,0.71164405,-0.051518347,0.30089843,1.409708,2.1183546,2.6571808,2.5030859,1.5709049,1.2364315,0.9869847,-1.6079748,1.4487684,-0.041746654,0.6578042,-1.1448934,1.0599749,0.20861742,0.8638349,0.58785474,-0.55202216,-0.030091811,-0.9349952,0.95089555,-0.69758457,0.6774671,0.93363154,1.0862585,0.14780778,-0.2170673,1.1161908,0.9010583,0.30160987,0.35451254,1.0505266,1.047649,1.0031722,0.9546971,1.0909858,0.8804168,-0.6211681,-0.14992866,0.81918335,0.2712724,0.45987806
-1.8723646,0.7445528,0.63784647,0.040907364,0.4895646,0.88709426,0.07299684,-1.217959,0.68172115,-1.2843735,1.0321339,2.0781095,0.8401601,1.3286629,-0.94552225,0.9740812,1.5375322,0.5535134,0.64128035,1.4635468,2.1441557,2.160778,1.6027523,1.4257795,0.8486503,0.8862498,-1.0951916,0.8785887,0.59223306,0.93681896,-1.2807714,0.6089421,-0.06609684,0.58835435,0.47653073,-0.5384602,0.17791456,-0.95290124,0.6219677,-1.1382715,0.3720196,0.9674322,1.1669323,-0.267518,-0.8017077,1.1322386,0.62811124,-0.11259531,0.05679511,0.97527486,1.2368011,1.2107084,1.1733006,0.88744897,1.0240557,-0.18627726,-0.58001393,1.0422205,-0.0715273,0.25633276
-1.7891759,1.7302265,0.807214,0.2317593,0.49363917,1.5338193,1.3108985,0.88297534,1.0723857,0.48757175,1.1674176,1.2779931,1.5995636,2.6447525,-0.86411756,1.6171398,2.5431938,0.83047074,1.3509425,1.2135097,1.5342349,1.892334,1.5027674,0.87489027,1.239844,1.0430125,-0.70649487,1.3299282,1.575624,1.2026986,-1.1202171,0.8659868,0.9412047,1.0129616,0.5206962,-0.64428145,0.38492045,-1.2014382,1.0260699,0.40797368,0.75670546,1.2295307,0.5123021,0.49672815,0.6122494,0.8675155,0.838122,1.1259184,1.1932049,1.071317,0.5351083,0.4333524,0.22132213,0.93899816,0.6957322,-0.09175713,0.4715122,0.74696136,0.5885135,1.1841072
-1.2187957,1.2664478,0.5059927,0.5831256,0.492281,0.73764217,0.5327608,-1.807816,1.2126445,-0.6228575,1.4295893,1.4980243,1.6512028,1.5969392,-0.6858057,1.1261119,1.8058673,0.8706536,0.90063095,1.3534067,1.6558436,2.4408748,2.5699992,1.3601487,1.3989649,0.6038644,-0.29612938,1.3020295,0.58626986,0.73477143,-1.2234175,0.7294216,0.6423661,0.11184234,0.5724911,-0.4712311,0.32334125,-0.90722704,0.4457024,-0.5895672,0.31548864,0.8394469,0.9455799,0.2534873,-0.5694623,1.1896303,0.41265678,0.49973345,0.7609149,1.0609019,1.234895,1.2602792,1.1527152,0.7157461,1.0043013,0.11462787,-0.11323161,0.993966,0.15825893,0.8825853
0.22921237,0.9940621,0.90611017,0.11013565,0.49545008,3.7766707,1.1687077,4.504861,1.1331782,0.9099579,1.2045906,2.36731,1.7935295,2.8223088,0.25820804,1.0170959,2.3237655,1.1449866,1.720566,1.2085431,1.9351101,2.1960611,2.0721645,0.8237692,1.6645929,1.3525453,-0.72002625,1.0493692,1.6667116,1.5711391,-1.196442,1.0133933,1.3120809,0.12626943,0.62085825,-0.33517066,0.014565139,-0.7668158,0.43764386,-0.2930035,0.5044097,0.8342271,1.3538724,1.3094763,-0.17133896,1.1115851,0.78897053,1.1880218,1.6023805,1.0295563,1.3446815,1.070273,1.148146,1.0307841,0.85569316,-0.25284895,0.8758824,0.7412604,0.3257497,1.5344441
-1.4402893,0.9673713,1.3808473,0.5541405,0.49545008,1.5504029,0.1036346,0.85902715,0.971073,-0.24947171,1.2476871,1.9635416,0.78141916,2.5263584,0.8255312,0.5200111,1.1938355,1.7543246,1.9856255,0.88758236,0.9134958,2.4530096,2.4991388,0.80158246,0.74251693,1.4765075,0.08761484,0.76122814,0.19806735,1.6562313,-0.87628865,1.2651911,1.1683426,0.4589505,0.42618853,-0.034743853,0.54062533,-0.48499766,0.42380092,0.80738276,0.9344819,1.3082489,0.8822046,1.2849803,0.9416111,0.745883,0.85581833,1.6401734,1.7418967,0.9849841,0.7013366,0.21308509,0.4139426,1.0125542,0.73796767,-0.12488763,1.1417319,0.854125,0.7583602,1.554365
-0.22373995,0.84187055,1.4739577,0.37722057,0.49545008,3.1925592,1.7848256,0.87565047,0.8059084,-0.11910496,0.7013159,1.7584435,2.0147252,2.6759756,0.42051852,0.14725375,0.72756344,1.3297924,2.0164163,1.4356534,1.7520605,0.70693725,0.449995,1.6472038,0.62351227,1.3185234,-1.0917026,1.1225704,-0.20790075,1.5415702,-0.24293405,0.8184656,1.2805752,-0.35819942,0.31830454,-0.15814137,-0.05193103,-0.31543294,-0.27080175,-0.12601207,0.09001193,0.23630333,-0.016037647,1.1771238,0.67742795,-0.014112805,0.060974948,1.2807013,1.5639077,-0.0024184245,-0.03040284,-0.023317607,0.024976142,0.10069402,-0.0090610515,-0.27125478,1.3256326,-0.097064026,-0.10524947,1.3713771
-0.5875475,1.3746449,0.99901456,-0.08188405,0.49092278,-0.6086419,1.6700798,-0.6612949,1.1281242,0.44437158,0.49056482,1.0751283,1.3838042,1.5859249,0.12874523,1.1348916,1.7569197,1.2865906,1.7318755,1.2302389,1.6383023,1.5133474,1.9295648,1.0949435,1.0734702,1.0609523,-0.49563414,1.0662572,0.46342748,1.4949133,-0.9890554,0.6781306,0.99457055,0.66415733,0.3200894,-0.5144455,0.03780234,-0.90791214,0.4751945,-0.1913732,0.38056833,0.75987923,0.80539036,0.50013417,0.5254188,0.57689106,0.7283343,1.1314238,1.2594734,0.8848923,0.69023526,0.7622096,0.8101155,0.840538,0.46568584,-0.58951,0.32864535,0.5027311,0.17003663,1.2141068
-0.5834138,1.731109,1.0808363,-0.54704434,0.49318644,-0.91301024,0.8223479,-0.78811264,0.38549805,-0.51456654,-0.6879304,1.2658836,0.47168446,1.1637177,0.5769863,0.10836001,0.415054,1.6425754,1.9459679,0.64118433,0.6105842,1.3924911,0.8977575,0.70316696,-0.45680323,0.28178236,-0.97358274,-0.30973575,-0.70721155,1.5368884,-0.5203946,0.590197,0.99633396,0.47850257,0.27824813,-0.5586471,-0.108271085,-0.836488,0.15491608,-0.17228463,0.28581512,0.16465876,0.34024048,0.09970373,0.6383669,0.21090622,0.21715835,1.1845288,1.2112979,0.4354116,0.457299,0.44133964,0.5367865,0.26203582,0.1330273,-0.12083612,0.5723092,0.08769614,-0.13870305,1.1205148
-1.4878408,0.23305868,0.8111559,0.57435405,0.49047005,-0.74239093,0.5425045,-1.5002795,1.1114873,-1.1043987,0.72514987,0.49622327,0.7232154,1.018712,-1.2224803,0.571672,1.9046901,1.2282403,1.4117924,1.0996275,0.5991632,1.9111663,1.6125455,1.7559699,1.0808052,1.0693692,-1.6278316,-0.08793169,0.50108624,1.3602854,-1.2824433,1.0273987,0.85122544,0.7034663,0.56752676,-1.0760963,-0.17291752,-1.3337947,0.71979487,-0.3290989,0.6096669,1.012483,0.6038451,0.02823205,0.1945058,0.9023218,0.66150707,1.0577915,1.165128,0.94105256,0.8176152,1.0766714,1.0338988,0.805399,0.90902245,-0.26236665,0.3643956,0.6620849,0.27072534,1.1569705
-1.7368798,1.9288052,0.24395895,0.6972036,0.4895646,-1.7620804,0.82944113,-1.7012475,2.0145655,-1.4784796,1.2502185,2.5240903,1.4318647,0.948594,-1.90377,1.0099193,0.5568112,0.90166265,1.0342454,0.89116424,0.88554245,2.3089278,2.5113866,0.93577147,1.4397697,0.862513,-1.1561451,1.8978227,0.08188428,0.89042515,-1.2729675,1.0793073,0.41761842,1.0699409,0.5377051,-0.86303693,-0.073871635,-0.9167643,1.1327281,-0.023278505,0.78339094,1.1522956,0.64267296,0.052224908,0.36103213,0.8469494,0.4872442,0.6603766,0.6542835,0.9087248,0.46386805,0.72562706,0.5978985,1.0817399,0.88383627,-0.44062537,-0.25610167,0.82658297,0.6021461,0.6454027
-0.8249416,1.5348291,0.12676772,1.9226621,0.49001732,1.3540249,-0.038157504,1.2477223,1.8788244,-0.93329215,1.1363804,1.4478666,1.1663218,1.4001573,-0.76471716,0.99115354,0.35370904,0.7307988,0.5030577,0.90513295,0.9543175,2.4484518,2.221285,1.7944567,1.5145564,0.9786479,-1.0082957,1.3099813,0.6279792,0.38411155,-0.95479655,0.9608133,0.3549162,0.9532608,0.46234828,-0.029393835,0.18582702,-0.2575111,0.7709409,-0.21955816,0.7890551,0.92158407,0.5962097,0.37349483,-0.027377786,0.87447375,0.52792096,0.31191322,0.3824081,0.88656175,0.48293427,0.57000554,0.61111236,0.8787548,0.6269173,-0.23052712,-0.30460507,1.0359904,0.47598633,0.35311598
-1.0906647,1.822136,-0.3363764,1.1943618,0.492281,-1.296713,0.42588615,-0.25728852,1.2776475,-1.3940891,0.6368464,1.6540359,1.0586958,0.97362214,-0.9613604,0.61268854,1.916439,0.031267513,0.064794965,0.53272957,0.21306196,1.9748963,2.2422614,1.8534341,0.36380437,1.0282142,-0.5440776,0.7474861,-0.18740918,0.20865045,-0.3878163,0.23109737,0.0042317207,1.1359526,0.6078373,-0.42742628,-0.1406089,-0.5904823,0.63917243,0.006161483,0.372472,0.23776081,-0.22172579,-0.45195672,0.6348309,0.11602057,0.014478205,-0.03551641,-0.22514346,0.28491274,-0.48795703,-0.36492923,-0.33271798,0.30682203,0.017400937,-0.306124,-0.57597494,0.18746953,0.22751941,-0.24343155
-1.002626,0.5681377,1.0708991,0.7185684,0.48413184,-1.2308757,-0.4226996,-1.1184232,0.8798385,-0.862056,0.45104805,0.7561774,1.5344216,0.49607,0.06868275,1.1513506,0.49278468,0.85705864,0.9512726,1.3199135,1.2870774,2.6163118,2.7918751,1.4927044,0.2601447,-0.23171504,-0.19195792,-0.019951949,-0.3246639,0.8407999,-0.8929167,0.8287086,0.9100862,0.79054725,0.5400247,-0.5035041,0.19254205,-0.7087499,0.38657728,-0.56920946,0.5920118,0.340049,1.4897343,-0.12591472,0.24415433,0.5561295,0.74040127,1.0208322,1.042349,1.0725777,1.1583452,1.4854484,1.492884,0.78694147,0.57869726,-0.18227175,-0.1462946,0.4932716,0.027459111,1.071972
-0.88673747,1.0704181,0.57938486,0.51591563,0.49001732,-0.18114802,0.14912046,-1.4049339,1.2602316,-0.6833645,1.4771167,1.5980998,1.9654574,1.5898904,-0.52585006,1.0611764,1.1679715,1.3720725,1.2739525,1.6261853,1.72135,2.3396306,2.2801006,1.9546115,1.3348523,0.23872384,-0.66536176,1.4141836,0.85665995,1.2261891,-1.6146649,1.0607327,0.6398613,0.53900725,0.49887282,-0.64297,-0.01124749,-1.1408376,0.774261,-0.4876737,0.57914037,1.0509522,1.6830264,0.15929446,-0.5643874,1.0840743,0.7773175,0.69436085,0.9139548,1.215449,1.6425576,1.8420144,1.833534,1.0967168,1.2318158,-0.40239403,-0.3233477,1.1275179,0.4671363,0.9914838
-0.10289155,1.2104081,0.7402098,0.77239805,0.49182826,-0.7168137,1.1173369,-0.016048973,1.3164454,-0.9985448,0.8786513,1.7299939,1.734685,1.555921,-0.55051756,0.9234224,1.0135893,1.0621206,1.1026416,1.376093,1.7681911,2.5125442,2.4095128,1.7958046,1.6159745,0.7679985,-0.9168129,-0.12763411,0.64589494,1.0526147,-1.4911927,0.974331,0.6909712,0.65567887,0.49906898,-0.9465333,-0.21965188,-1.5909256,0.70336837,-0.6640019,0.668032,1.1430438,1.6335145,-0.47971928,-0.4885339,1.2670105,0.65356743,0.7884682,0.9288408,1.1972684,1.5151732,1.6770766,1.7330239,1.2413733,1.297085,-0.28412706,-0.024353117,1.0892426,0.38816696,1.0998377
-0.7404628,1.0861896,1.1936917,0.76220113,0.49318644,1.5823202,0.5408904,1.6805301,1.4777403,-0.99096274,1.5175958,1.4207661,2.0193117,1.7966357,-0.055614635,1.2237611,1.7672029,1.8782336,1.244925,1.2956425,1.7920233,2.3118582,2.6027746,1.6456226,1.1985414,0.8846975,-0.5180029,2.0721903,0.7916186,1.1538252,-1.4185767,1.1438084,0.9777996,0.784842,0.38308692,-1.1970725,-0.44619882,-1.2830875,1.0057168,-0.5488706,0.76888233,1.1435596,1.4252464,-0.28824767,-0.3945994,1.072751,0.96828574,1.0061405,1.127292,1.1790565,1.2413573,1.1817117,1.3309914,0.9446664,0.9647173,-0.90189594,0.06443134,0.6587879,0.19681521,1.1722765
-1.9999417,1.3502034,0.6918138,0.33988902,0.49318644,0.33392337,1.0905613,-1.9077785,1.1518219,-1.3285127,1.2670574,2.0805535,2.1510487,1.8788278,0.0436207,1.0400163,0.83287674,1.2059742,1.3652648,1.1309917,1.651666,2.362275,2.1982944,0.81064105,0.9258705,0.71621215,-0.8061432,1.0203539,-0.18783231,1.3291959,-1.7597822,1.1361914,0.9692152,0.4074879,0.5463463,-0.70801574,0.20827478,-1.2746958,0.5846191,-1.0473845,0.7810246,1.3576537,1.6612465,0.20550588,-0.82129747,1.2144233,0.9312927,1.0121636,1.2552174,1.2934322,1.5326803,1.5228975,1.5793515,1.2981682,1.1644334,-0.41663152,0.83004737,1.3638939,0.14862223,1.2726396
-0.7091915,1.580919,1.1445411,-0.30724394,0.4940919,1.2799878,0.83104956,1.0656775,1.2990985,-0.37426922,1.2705362,2.0624218,2.2232544,2.3096666,-0.06248189,1.2811476,1.4727579,1.0421028,1.517575,1.1561077,1.4879763,1.7926012,1.6432164,1.6081789,1.1499112,1.1415769,0.8548207,2.0146623,-0.08079571,1.5596514,-1.0775144,1.0026281,1.0213923,0.39374295,0.47296846,-0.111686274,0.45624352,-0.7501352,0.5427179,-0.46445334,0.71357095,0.77262145,0.7957989,0.80308574,-0.2872799,1.0641267,0.9212415,1.0034771,1.2164378,1.0881107,0.88335735,0.98917884,0.96109945,0.7079128,0.83096296,0.14184205,1.0002481,0.606405,0.0246478,1.2494594
-2.0133321,1.2103918,0.9723029,-0.080589965,0.48911187,1.6007663,0.6945405,1.4487892,1.1449966,-0.6369555,0.7816456,1.3136947,2.6633728,1.8542057,-0.53788465,1.2886186,1.3292313,1.2303855,1.4625458,1.466684,2.0820467,2.5570111,2.4432635,1.1705714,1.2842009,0.85003066,-0.7610584,0.9833116,0.60444665,1.4126388,-1.1044292,1.0210116,0.95228505,0.46513364,0.59146655,-0.06524001,0.3909269,-0.5864511,0.64272875,-0.21826917,0.53153,0.906616,0.9972416,0.660016,-0.15776214,1.0586462,0.8092008,0.8917428,1.1653383,1.1451737,0.97364604,1.2846563,1.2820898,0.92916846,0.819133,-0.07861341,0.12626676,0.8145066,0.25421464,1.2402474
-0.79296046,1.3775849,-0.47190192,-0.0072166766,0.49047005,-1.198336,0.5332522,-0.54510576,1.0054959,-0.8884706,0.7455724,1.6521349,1.8982525,1.5135792,-0.15501148,1.1949456,1.0551624,-0.22517304,-0.42083308,1.4230571,2.2827642,2.1145902,2.0963352,1.454254,1.170986,0.79112476,-1.3674457,0.27882817,0.9195455,0.101174824,-0.92088515,1.2570872,1.0959406,0.31914565,0.7059641,-0.20281313,0.31448084,-0.483295,0.5737661,-0.5269146,0.67578864,1.1859903,1.2073673,1.0072026,-0.5218166,1.1966187,0.9699542,0.955771,1.222107,1.0987821,1.3731676,1.7336836,1.705529,1.2046317,1.1096841,-0.21604359,0.16831365,1.0021209,0.2364439,1.2809399
-1.8311393,0.7201808,-0.0060028285,0.35144734,0.48911187,-0.28118694,0.41006547,-1.7740896,1.1290851,-1.1983109,1.2520738,2.3723435,2.187,2.1096017,-0.81639814,1.3665583,1.3056034,-0.18728629,-0.6035516,1.0737953,1.5675564,2.8459938,2.785525,1.0122808,0.7964114,1.1520352,-1.1335977,1.1887813,0.35703525,-0.0077550127,-1.1727982,0.4598421,0.21687055,0.42705148,0.4398319,-0.34809646,0.026034007,-0.7276577,0.48772967,-0.87443143,0.33739996,0.7429377,0.69189286,0.145783,-0.57286686,1.0142837,0.60157084,0.05267834,0.19063674,0.86144626,0.89448607,0.9138177,0.9359661,0.713278,0.6706742,-0.20611663,-0.12645838,0.6841995,-0.059467938,0.27313206
-1.8269218,0.87233853,-0.011638477,0.7161204,0.49137554,2.560337,0.4778653,-0.8677136,1.1931384,-0.59824383,1.1443307,2.0287547,2.4298923,2.1472802,-0.7082115,1.2302247,1.765547,0.53909206,0.54767376,1.0505667,1.8303943,2.6441424,2.57261,1.5846542,0.6927933,0.916796,-0.29821402,0.7159063,0.8218192,0.49733698,-1.4750216,0.9963716,0.7205068,0.522919,0.44122177,-0.3239756,0.5178487,-0.90887374,0.86825085,-0.035559192,0.7042453,1.3187641,1.0709205,0.37353688,-0.36905688,1.2205981,1.1508013,0.6340218,0.9054717,1.2015642,1.2376608,1.5308164,1.4193051,1.1607273,1.161709,-0.37360185,-0.08884279,1.1875223,0.67855203,1.0181293
-1.8084706,1.1986502,1.141543,0.063661605,0.49318644,0.57120293,0.023600314,-1.7553141,0.81577206,-0.17865354,0.6387632,2.056541,1.2594932,2.1531472,-1.0862149,1.1375313,2.277075,1.4213989,1.3551399,0.85401624,1.1075953,2.2894416,2.262708,1.3921849,1.0743786,1.0152602,1.7471313,1.2879972,0.99223113,1.1412485,-0.95177776,0.7538988,0.71984273,0.81432027,0.5153412,-0.4623384,0.15283248,-0.8771781,0.8901011,0.06742545,0.45476413,0.65841633,0.5458431,0.37880814,0.24558458,0.6993301,0.9450179,0.7962954,0.96431386,0.91274554,0.6700292,0.6998486,0.6237136,0.6386366,0.57681614,-0.35902786,0.19815636,0.72625864,0.39499322,0.87825555
0.28324115,1.6732553,0.19765568,-0.36733013,0.49182826,2.0909207,0.4903581,-0.18801679,0.7209759,-0.75477165,1.0389761,1.9019573,2.3619227,1.9005933,-1.7109551,1.2197477,1.1491041,0.31643558,0.8130857,1.3993757,2.1597173,2.500585,2.8118885,1.4813758,1.2239797,1.0913662,-1.5114284,0.5502797,0.69043374,0.7302576,-1.469594,0.9178964,0.4602643,0.36979157,0.43181247,-1.0835475,-0.23396644,-1.5339131,0.5973357,-0.86322224,0.5006815,0.940358,1.5211804,-0.40761527,-0.6666712,1.2806481,0.9099014,0.39251953,0.58385444,1.2129037,1.374977,1.5684483,1.5827248,1.0214983,1.0780158,-0.44629854,-0.3775094,0.7498209,0.05447663,0.76161
-1.7443657,0.57966363,0.86809975,0.34824896,0.49047005,-0.7121317,0.9432171,-1.2817534,0.8013855,-0.7244653,0.775578,1.1391648,1.6823993,1.5109364,0.3196609,1.1085395,0.41071922,0.8230665,1.2574763,1.1215675,1.8469325,1.7453439,1.4771714,1.4964119,0.788646,0.90901285,-1.0203333,-0.058651365,0.025537714,1.4385589,-1.3841153,0.89479285,0.25309116,0.55128974,0.28271723,-1.2063974,-0.46498686,-1.4333125,0.58924156,-1.3157654,0.38917986,0.9436332,1.4919415,-0.3329777,-0.66192025,1.202383,0.67857546,0.1857455,0.46945062,1.1251435,1.2945832,1.5149156,1.5998416,0.8282505,0.9191696,-0.82136744,-0.23159939,0.67788905,-0.25647488,0.59133804
-1.5643871,1.1132106,0.3668457,0.50670666,0.49182826,1.9931536,0.40625337,-0.69673336,1.2234672,-1.4179155,1.5012063,1.8349422,1.3540832,1.3916904,-0.4189028,0.72564715,0.4187326,0.64895856,0.51342255,1.2017692,1.6924995,2.0996206,2.5251627,0.99045044,1.410943,1.7108057,-0.52881104,0.63216406,-0.21071953,0.5180004,-1.3350625,0.6170369,0.14236242,0.62875307,0.36475974,-0.7176752,0.20516542,-0.94416934,0.59071064,-0.71410143,0.4985915,0.81263876,1.1548004,-0.25028747,-0.14502583,0.9860383,0.6400247,0.2524299,0.33985054,1.0592458,1.2744201,1.2024771,1.2329853,0.8851993,0.94495606,-0.19613406,-0.49163955,0.9844154,0.12965946,0.46615726
1.3197476,0.48338285,0.7995268,0.64975834,0.49001732,1.6476105,-0.035748452,2.1957815,1.4158121,-0.9454532,0.79512984,1.4437643,1.3616285,1.4283452,-0.8256656,1.1902684,1.6216685,0.6033665,0.7418808,1.0166408,1.7909571,1.9537636,1.7802527,-0.10441233,-0.5228504,0.5259583,-1.181569,-0.06071615,0.097593285,1.0240346,-0.87780786,0.81806535,1.1497779,0.52272755,0.52269477,-0.2456393,0.24160391,-0.76339495,0.35163507,-0.3826171,0.51077694,0.57590455,0.59098226,0.22575471,0.486947,0.67760116,0.63484806,1.1051105,1.2035484,0.8458288,0.7381817,0.41764823,0.64543325,0.74709374,0.5286017,-0.35481822,0.1429545,0.43687403,0.038213104,1.2232251
-1.4166718,1.0082525,1.275218,0.8500602,0.48820642,-0.45864078,-0.20953882,-1.4469084,1.4822285,-0.54265666,1.1308507,1.4262561,1.41839,1.4167242,-0.1668356,0.5860646,1.76784,1.3494369,1.6887393,1.2903012,2.0808942,1.0979772,1.0793732,1.3273236,0.4947104,0.6532341,-0.27023757,0.7638103,0.17741147,1.6140565,-1.2627748,0.7343658,0.9548259,0.68391526,0.39106733,-1.0466677,0.036353923,-1.4865917,0.503556,-0.3555363,0.6800878,0.7726673,1.0149652,0.04939195,0.32521474,0.7201364,0.6664511,1.1754599,1.2059152,0.9781631,1.0196463,0.9135682,0.9940751,0.89329016,0.70302826,-0.37698627,0.49837857,0.72718805,0.10892342,1.2087276
-1.4265827,1.7883314,1.0212262,1.2266964,0.48911187,-1.535332,0.09912677,-0.96769017,1.6943532,-1.1225512,0.99753207,1.8629721,1.4474065,1.0552716,1.1258202,0.8503389,1.6477119,1.6568166,1.7191299,1.0447822,1.3749232,2.1674883,1.7533733,0.6029124,0.6095924,0.60014683,-1.0799623,-0.2988511,0.37890905,1.5629288,-1.2689545,0.8562838,0.96944356,0.52461106,0.42467058,-1.1744795,-0.23135683,-1.2306165,0.57198614,-0.4097681,0.6329334,0.63854367,1.0138308,0.39395753,0.15541965,0.71706885,0.5096602,1.0192804,1.1520957,0.815919,0.7924486,0.8352025,0.84328896,0.8258064,0.5523826,-0.44125533,0.054059252,0.5112628,0.09716212,1.1329039
-1.6427258,0.9429202,0.9335545,1.8100483,0.48639548,-0.5945227,0.9351189,-1.6164967,1.4070151,-1.006001,1.0562472,1.4856311,0.7358863,1.6962444,0.40574306,1.0999128,0.7339762,1.3239286,1.4836345,0.934991,1.2596598,1.5435507,1.5286274,0.5347771,0.80849296,0.9687264,-0.42443913,0.49435842,0.38220635,1.738299,-1.1201535,1.227658,1.2049794,0.6088277,0.5090526,-0.45586643,0.18956539,-0.977952,0.551392,-0.067284785,0.8301681,1.015489,0.92843723,0.8839452,0.48208898,1.0619624,0.7691196,1.4692721,1.541163,1.178171,0.92357844,0.9358976,1.0415692,1.023466,0.9527888,-0.03807678,0.93269444,0.6880315,0.41104114,1.4646553
-1.2913088,0.703098,0.9845278,1.5413493,0.4877537,1.8671852,-0.50641245,0.5655404,1.7663194,-0.28317863,1.6637646,1.4786437,1.4147482,1.4583697,0.85980046,0.45805272,0.44330522,1.4501435,0.91058266,0.6036145,0.80451655,1.7951509,1.5115763,1.5298,0.91523653,0.9137858,-1.0231326,0.9817427,0.9005786,0.99542946,-0.9823551,0.8219353,0.9815093,0.56526977,0.47878134,-0.58179563,0.20715106,-0.6767238,0.31388998,-0.6177528,0.5420239,0.5722891,1.0526991,0.5638108,0.5762932,0.7534719,0.4475335,1.1589856,1.19114,1.0453601,0.81973076,1.0983516,1.1085215,0.8213724,0.50474745,-0.182181,0.40773362,0.37672845,-0.08994131,1.1349182
-1.0444528,0.80294627,-0.4199403,1.467251,0.48865914,-1.0281929,-0.05822839,-1.7070713,1.5387183,-1.1637806,1.4234828,2.18476,0.9192007,0.46648812,-1.0193616,0.53282803,-0.03284305,0.13378091,0.13819823,0.94957787,0.8026587,2.0473108,1.9540429,1.4342122,1.2622212,0.81217086,-0.90416116,1.5556419,0.40836212,0.4947827,-1.0804946,0.6475957,-0.383497,1.0322543,0.22927655,-0.936448,-0.27086017,-1.163319,0.9020137,-0.63874507,0.5754375,0.70483536,0.63955927,-0.64219177,0.01420421,0.7316666,0.63505507,-0.20332006,-0.19494824,0.67519045,0.4297915,0.49305,0.5405107,0.7643076,0.5801159,-0.7037145,-0.6691736,0.7294368,0.25154757,-0.1967066
-1.1853459,1.6789445,-0.1501251,1.7334737,0.48549002,-1.3535376,0.21004322,-1.2643683,1.9522479,-1.2426864,0.711205,3.1625593,0.8876364,1.1203531,0.06324271,0.6148414,0.26040944,0.20104088,0.05281525,0.8355623,0.48215732,2.457287,2.5495462,0.97312665,0.10508635,0.7618305,-0.16461425,0.4500637,0.22722283,-0.17493485,-0.72463524,0.4291659,0.09304331,0.6227648,0.51507384,-0.47055012,0.4366326,-0.98545265,0.43034708,-0.6212851,0.5468266,0.66401404,0.958939,-0.50012255,-0.051094476,0.9291281,0.0129934065,0.25577402,0.100858375,0.97213084,1.1430622,1.1353614,1.0498908,0.9597437,0.83183646,0.06886719,-0.6690776,1.0921897,0.21129213,0.4035338
-0.6766189,0.13646197,-0.08603972,0.16783358,0.47688815,0.014273029,1.0495876,-0.86573565,0.4155456,-0.26671982,-0.08399699,0.2980972,0.6847854,1.3730448,-0.3282955,0.8431141,-0.468818,0.47355905,0.64239913,1.0638075,1.0124378,1.3875825,1.5542312,1.0637493,-0.22973242,0.19043261,-0.5421629,0.38263363,0.1595075,1.0375636,0.071521245,0.09587041,0.28755534,0.6856953,0.26082522,0.10354044,0.33582175,0.14914201,0.2167221,0.3734862,0.17015587,-0.22012627,-0.21620604,0.25259566,0.7014235,-0.066277996,0.21608081,0.3055074,0.17559138,-3.704359e-05,-0.3937814,-0.4827728,-0.36741307,0.15153305,-0.16230302,-0.12457749,-0.13378343,0.20696948,0.2299728,0.17793511
-2.0973642,1.317305,0.62776256,0.64753944,0.49001732,0.0074434294,1.267654,-1.9792298,1.2322642,-1.2004187,1.2250296,1.9713862,2.226456,1.6370788,-0.85900253,0.98877496,0.015750924,0.95408624,0.5778163,1.3408422,1.7247334,2.744353,2.4986207,1.5337844,1.0027037,0.3437381,-1.3619808,0.36461598,0.6186155,0.6628777,-1.6559151,1.1089872,0.34690416,0.8774456,0.57993495,-0.64999586,0.59820354,-1.148863,0.94998455,-0.10458849,0.97310513,1.0341641,1.3910528,-0.28772128,-0.5486598,1.386989,0.43276292,0.45602226,0.47365788,1.3242943,1.3259943,1.2093003,1.1867734,1.5542903,1.288991,-0.12949377,-0.46972772,1.4510643,0.8368818,0.69404346
0.05144544,0.50902796,0.68929243,0.6571894,0.49001732,1.9626381,0.52602506,1.5967016,1.5023801,-1.2425374,0.82191175,1.6063089,2.4089687,1.6131704,-0.5163523,1.1751708,0.92288417,1.1611917,0.98857355,1.2139426,1.5091896,2.0794158,1.8302454,1.3396354,1.4718106,0.80817944,-0.8762886,1.4545882,0.016776735,0.68551064,-1.3466399,0.9839783,0.70086664,0.700318,0.53880215,-0.048724912,0.693521,-0.3964287,0.58636546,-0.7559063,0.5628503,0.88512343,1.2255771,0.25547093,-0.64611983,1.1861584,0.1565127,0.595391,0.9540048,1.2992047,1.2565933,1.3726302,1.4643221,0.8830122,0.9182934,0.050283268,-0.13560617,1.2112342,0.17305993,0.96851563
-1.9776949,1.9180069,0.09693371,0.75926614,0.49318644,0.7950047,0.8026206,-1.2171817,1.5700278,-1.0132804,0.6041319,1.7177485,1.3394581,1.9008949,-0.639512,0.8340344,0.68828154,0.73453647,0.7209702,1.1132367,1.0514423,2.2317936,2.229476,1.3194717,1.8472822,0.82224065,0.21000636,0.7231425,0.9797245,0.57015294,-1.4201974,1.0172184,0.3298795,0.8403956,0.5473891,-0.46123168,0.21747226,-1.0124986,1.0367237,-0.31221387,0.80353963,1.2546943,1.0202397,0.008232558,-0.33766136,1.1775062,0.9186912,0.25254148,0.47375977,1.1427674,1.068153,1.0147232,1.0388588,1.0686468,1.2051883,-0.22504155,-0.47703904,1.2930908,0.57972145,0.53572476
-1.9578729,1.2093134,0.7966146,0.8651818,0.49545008,1.594626,1.0913643,-1.4679315,1.2840962,-1.2231978,0.94848996,1.4072931,1.7248062,2.1103601,-1.8246131,1.1204417,1.9684802,1.0103076,1.140835,1.2292439,1.6651732,2.7277513,2.60805,0.915179,1.4927958,0.9357432,-0.28251788,0.89455765,0.7404335,1.1638476,-1.4301727,1.0630075,0.89670616,0.15776804,0.62364453,-0.6036403,0.31684196,-0.91550267,0.32821995,-0.5414243,0.71476907,0.8650871,1.4121703,0.30554628,-0.37081504,1.1398295,0.82123065,0.9104175,1.0593234,1.1230811,1.2308556,1.2515903,1.2032058,1.0598356,0.95545155,0.08922581,-0.10614177,0.91813177,0.32031167,1.1133823
-1.9807525,1.8648944,-0.08680907,0.18308695,0.49273372,0.0015331574,0.78794503,-1.509301,1.647151,-1.0845914,0.7329469,2.0978465,2.004916,2.184534,-0.694295,0.9584507,1.8269824,0.6047449,0.79423904,1.2705529,1.4366516,1.1245899,1.1256824,1.2084979,1.4469494,0.81674826,-0.8947131,0.7039974,0.39026436,0.6742821,-1.8322326,0.80811524,0.22102053,0.6340691,0.55836105,-0.80984867,-0.1677481,-1.3009305,0.9785838,-0.7811512,0.5595196,1.0061884,1.1514919,-0.092028566,-0.97657734,1.2055137,0.73331696,-0.07014221,0.22199313,1.0153482,1.1953866,1.2351233,1.1054667,1.0398484,1.0529404,-0.51522654,-0.6839895,1.1543612,0.2651869,0.40729773
-1.2464691,1.3097032,0.7680191,0.30600703,0.49137554,0.69099003,0.22744945,-0.20940281,1.5196913,-0.7264632,1.6077803,1.1117549,1.8410326,2.200825,-0.19912009,1.1594622,2.1916606,1.3511163,1.3066622,1.2706313,1.6231095,2.1244566,1.9832786,1.5762972,1.2248305,1.051651,-0.08148166,1.6234546,0.6057951,1.3182352,-1.2317859,1.1705006,1.2268957,0.4599784,0.58503056,-0.5814252,0.37174287,-1.0559828,0.65319633,-0.3013099,0.7681071,1.0063065,1.2641611,0.50802666,0.038978033,1.370007,1.1833729,1.1525795,1.2644095,1.3512017,1.2527448,1.3301147,1.3909675,1.0112915,1.0100017,0.03219813,0.076857105,0.75417703,0.3482982,1.3930129
-0.2112698,0.8138537,-0.04971025,0.7211894,0.49092278,2.6778128,0.974848,1.6205528,0.99852556,-0.79486966,1.185805,2.1138732,2.132819,2.1120625,-1.2538749,1.0106881,1.2272618,0.10673014,-0.0075069163,0.9108767,1.4407829,1.36572,0.7647169,0.8913814,0.87964684,1.1792768,-0.60964733,0.5868872,1.262972,0.12366959,-1.4294138,1.0151544,0.7013821,0.9333953,0.592454,-0.97712606,-0.18444973,-1.3279327,0.9995105,-0.66164666,0.6297637,1.0244949,0.85124475,0.032475736,-0.29655,0.9750995,0.7698711,0.6518585,0.74793184,0.9638178,0.7991906,0.9087437,0.83594793,1.2203931,0.91209906,-0.7450888,-0.01878199,0.78497833,0.3011892,0.80263156
-1.8113173,1.6889062,0.27588624,0.30553123,0.49182826,0.4152095,1.2479889,-1.7583565,0.90139073,-1.29932,1.312405,1.6811644,0.22149237,1.8579957,-0.22965813,0.6799579,1.3286623,0.9089764,1.161384,1.1477697,1.2895786,1.7641274,1.3687475,1.5725586,1.0262419,0.9700905,1.106411,1.3395945,0.5094352,0.9666772,-1.3114406,0.9222608,0.7849549,0.510499,0.49145585,-0.700925,-0.22386655,-1.0997288,0.6557415,-0.7214736,0.4683247,0.79522985,0.7486165,0.3647272,-0.50067455,1.0225992,0.98853976,0.50394124,0.83556336,0.81632227,0.6837316,0.722454,0.64802086,0.76499134,0.6693553,-0.60652584,0.41608214,0.6198426,0.092249736,0.83679587
-1.8636135,1.225186,-0.5527988,-0.0525302,0.4895646,2.3149743,1.2017128,-1.3955637,0.9653017,-1.146642,0.61931074,1.5945605,1.5664109,2.3536513,-0.9002188,1.0090895,1.4086452,-0.5598124,-0.32441577,1.4437958,2.2515562,1.9273329,1.7251508,1.2122525,1.311111,0.49896204,-0.8999144,1.0498937,0.76111215,-0.1888087,-1.3571519,0.8795719,0.68455124,0.34044698,0.42436075,-0.74468315,0.09037218,-1.1871412,0.6319725,-0.72517127,0.44980234,0.8189233,0.84901375,0.5451375,-0.51080745,1.1463617,0.5586102,0.6887879,0.90707827,1.0578297,1.126452,1.0827177,0.975143,0.73934805,0.89562106,-0.16592951,0.24063897,0.6988218,0.02091054,0.9353123
-1.8128989,0.6679764,0.832499,-0.7006373,0.492281,-0.75827485,0.7738973,-1.7577479,0.9692951,-1.4659297,0.8571623,1.5266451,2.1085865,1.1516184,-0.7439496,1.1220417,1.8642043,0.814192,0.82159317,1.2096865,1.7201877,2.0270944,2.2121472,1.7131209,1.2654372,1.0815059,1.5161213,0.8812365,0.5345988,1.2224513,-1.2005584,0.9680822,0.96733344,0.45774004,0.5532078,-0.6793622,0.37157232,-1.0104967,0.6258195,-0.773971,0.37404332,0.5569328,0.5558929,0.6970362,-0.36194152,1.1247921,0.3299883,0.935185,1.1786693,1.0542591,0.8999575,1.1052061,0.97146535,0.7666016,0.79420036,0.07038043,0.9317698,0.549634,-0.11979655,1.1442695
-1.6867979,1.2728058,0.90382993,0.29569358,0.48911187,-0.38743696,-0.010549361,-1.6606541,0.46675527,-0.8720002,1.2681845,0.69554275,1.7543277,1.5482872,-0.8782162,0.5378136,1.571496,1.268165,1.3086885,1.041828,1.1968484,1.4904613,1.288245,1.1388874,1.0770746,1.2324221,1.1054564,1.2351105,0.7167847,1.2989845,-1.4937755,0.8952238,0.9084171,0.6716373,0.5768232,-1.1292695,-0.2972556,-1.0798839,0.5948336,-0.8608938,0.6191101,0.7785583,0.46437782,0.24513802,-0.2935399,0.8158203,0.5220748,0.9071664,1.1156527,0.77090347,0.49142933,0.28504446,0.3198627,0.7348068,0.658061,-0.42223066,1.2231497,0.6540093,-0.055810083,1.0230644
-1.6791011,1.7992945,0.5455926,0.35679728,0.49001732,0.9760923,0.89244926,-1.6502231,0.9136785,-1.0180044,1.2316178,1.3193419,1.1877265,1.8144728,-0.9860313,1.0137788,0.5021503,0.68746305,1.09117,1.093104,2.0493646,1.273772,1.3229436,0.5406947,1.0423697,1.4492898,-0.5308659,0.81924313,0.6044111,0.78269595,-1.4557433,1.094197,0.74054426,0.70612,0.48077065,-1.0961313,-0.19842279,-1.1953313,0.6824839,-0.6669824,0.61899865,0.8666738,0.7685948,-0.06740486,0.07948797,0.8523929,0.61652094,0.8500091,0.9035441,0.90092576,0.7215497,0.89661056,0.78151256,1.0929936,0.7252681,-0.48279643,-0.007946229,0.577503,0.1298228,0.83348405
-1.4009619,1.8422594,-0.46626782,0.56925046,0.492281,1.5323368,1.6921542,-0.58943045,1.1773136,-0.19134623,0.9104292,1.8951495,2.2195714,1.9442956,-0.0010109658,0.37638158,1.879248,0.6774288,1.1369432,1.0339656,1.1769184,2.2650023,2.409045,1.14684,0.6930444,1.4521682,-0.7985209,0.7696239,0.6710002,0.8379318,-0.7099483,0.38587093,0.6526715,0.7119878,0.45027453,-0.38098657,-0.074559726,-0.72438127,0.34897316,-0.3576657,0.34339318,0.19929829,0.7371294,-0.0010416694,0.17307308,0.41481912,0.4658485,0.663653,0.74070007,0.86960775,0.546107,0.41986015,0.50280017,0.6555209,0.222043,-0.5902929,0.1430178,0.354916,-0.0138489185,0.84713054
0.46434584,1.715909,0.9871904,0.64559704,0.49318644,-1.4769686,0.95176655,-1.3914509,1.1368722,-0.66053194,0.8148787,1.1680087,0.07546663,2.0000267,0.3222641,0.20137043,1.5073695,1.3905216,1.8975699,1.1271788,1.463139,1.5764465,1.3780937,1.2248037,0.69815725,0.17050242,1.2199484,0.26854193,0.5240711,1.7479465,-0.9045015,0.77640826,1.2250092,0.42123914,0.45518708,-0.34272653,0.17499071,-0.70737207,0.40811995,0.01829463,0.56257594,0.634617,0.72686607,1.0666424,0.49941832,0.6770312,0.62784594,1.5205106,1.6186873,0.9714847,0.78872347,0.67518795,0.7151198,0.7368843,0.6410618,-0.061887294,1.585085,0.59196335,0.25897753,1.4884845
-0.38747764,1.2650205,0.7586561,1.1243957,0.48911187,0.42618024,0.84453046,-1.6861227,1.2702113,-0.1170272,1.7815101,1.7221867,1.4578556,2.1501608,0.55880034,1.0243446,0.81306654,0.9398561,1.0076628,0.99822557,1.020285,1.4551594,1.1758859,1.1491212,0.96414137,1.3804018,-0.14108132,1.0831002,1.326975,0.8476866,-1.3158396,1.3805369,0.719041,1.0746715,0.64290565,-0.6344928,-0.059359893,-0.9399795,1.0477794,-0.24532631,0.84383637,1.1349987,0.7752195,0.6511631,0.3154917,0.96820927,0.78909385,0.8535096,1.135582,1.0783904,0.71701145,0.81590384,0.8403359,1.0571026,0.829599,-0.639454,-0.1882695,0.7157059,0.34637865,0.95881224
-1.7942368,1.3354292,0.7303678,0.53506905,0.48911187,-1.0750687,-0.10704125,-1.7454916,1.1427402,-0.5617888,1.4495952,1.3419657,2.0898662,1.2521875,0.8646975,1.001764,0.97507995,1.2458148,1.3734201,1.0038537,1.4917709,2.8741047,2.6112137,1.3958939,1.2666111,0.803344,-0.8240498,0.6089237,0.764938,0.97620076,-1.4154415,0.7370397,0.067337,0.4653646,0.4034595,-0.7451151,0.05602272,-1.1204323,0.59028715,-0.89918745,0.51696783,0.8817515,1.0416509,0.042136814,-0.5823011,1.0114458,0.8296759,0.100238256,0.29858384,1.107123,1.064573,1.0564593,1.122175,0.84587955,0.7760389,-0.23169321,-0.41508788,0.67915076,-0.04296331,0.3498231
-1.8357785,0.7007753,0.93475366,0.5335538,0.49001732,-0.9194177,0.1443171,0.07878358,1.5242295,-0.31808692,1.4531705,2.0043101,1.9933598,1.8753903,-0.053203225,0.81388664,1.6451775,1.3526796,1.4685012,1.3135841,1.8237445,2.71911,2.4048612,1.7086834,1.3092417,1.0145735,-0.45372057,1.0806642,0.21067663,1.6036258,-1.3920536,0.9937582,0.84077257,0.7657099,0.6652093,-0.81944907,-0.0057422146,-0.9602588,0.68969774,-0.57050705,0.8629885,0.95032716,1.1631564,0.64506394,-0.10978107,1.0565588,0.96650016,1.0933735,1.1717005,1.1146623,1.0422441,1.0434865,1.0369035,1.166824,0.91349196,-0.27514017,0.29187426,0.73620677,0.23056924,1.1887002
-1.2160277,1.1396223,1.395286,2.0204067,0.49273372,1.5552733,-0.0005839753,-0.53270614,1.9541061,-0.24832837,1.3991838,2.0649962,0.44708267,2.1560059,1.2356964,0.3788278,1.9174381,1.8610779,1.8727481,0.9136516,0.73755443,1.6411645,1.7793758,1.095993,0.84919566,0.7448912,0.25866657,1.2397647,0.63022274,1.6595149,-0.7260448,0.84346825,1.2097937,0.41244736,0.43922776,-0.20527528,0.52059716,-0.66239244,0.32652795,-0.101941325,0.57933635,0.5823256,0.45187134,0.86853415,1.077079,0.49314722,0.6035256,1.4181744,1.4494529,0.84956765,0.6436419,0.52828974,0.51671183,0.8017484,0.40422693,0.0017096978,0.77799547,0.20217963,0.058174476,1.348247
-1.5158867,1.5931385,0.38733885,1.7203513,0.48911187,0.09299901,0.05768365,-1.5246183,1.8450525,0.11587454,1.117834,1.4176719,1.8668401,2.0912488,0.50216424,0.40756553,1.8371458,1.0608116,0.8235384,1.0409912,0.2310535,1.7032622,1.0836563,0.70034426,1.1125631,1.183712,-0.17550315,1.4157921,0.8211826,0.3171189,-0.5518496,0.4158783,0.23799178,0.6400161,0.35077184,-0.21721591,0.4300368,-0.48270845,0.50077534,-0.17947046,0.5225428,0.5071439,0.76987386,0.12417942,0.13666844,0.6911558,0.42868304,0.17291082,-0.008909127,0.9016893,0.898577,0.90377516,0.88610435,0.7744227,0.66131365,0.102676064,-0.39715686,0.8574088,0.46490753,0.17925748
0.08030364,-1.0526712,0.5421953,0.888183,0.44248068,-0.4246712,-0.33506423,-0.2610066,0.24229427,-1.3054537,0.18059504,-0.7670258,-0.44056422,-0.34829262,0.59913874,-0.6489048,-0.9353886,0.29249105,0.23159778,-0.5799365,0.5614897,0.29532468,0.44037622,-0.7441288,-0.32911602,-1.4237874,-0.5504855,-1.2143934,-1.2965469,0.23608343,0.18303558,0.3784095,0.6571323,0.6876818,0.43077868,-0.17899522,0.50278306,-0.045128744,0.21551394,0.41513047,0.58435917,0.10615103,0.35925326,0.113309264,0.8141122,0.1007311,0.64500755,0.76753104,0.5503693,0.5655174,0.49320558,0.42990318,0.41583005,0.5962862,0.26472872,0.13188356,-0.26798713,0.39482367,0.4774329,0.6046107
0.3523989,0.9101951,1.2226468,0.6978794,0.492281,4.2221174,1.2990217,0.66856974,1.4073712,-0.6250237,0.95610577,0.93329567,0.15147637,1.8231258,0.78654015,-0.30263594,1.7906595,0.8673616,1.140096,1.2218684,1.4542409,1.2124426,1.4544708,1.1295768,0.9527709,0.6902687,0.22867085,1.604347,-0.051326808,1.1882731,0.05016104,0.3998328,0.57856256,0.1727109,0.27029872,0.075645454,0.012384449,-0.019199762,0.006897237,-0.61281806,-0.12993272,-0.2794079,0.00382186,0.32142305,0.3362424,0.15579443,-0.14298168,0.58855826,0.575453,0.3784216,0.24549083,0.06780858,0.13892362,0.30813217,-0.17923541,-0.3519649,0.12126256,-0.09836763,-0.6050747,0.5233599
-0.6955707,1.4169457,0.6791278,0.99251527,0.4940919,0.9403558,0.6301027,-1.9386364,1.9482893,-0.33967757,1.4467735,2.0983899,1.1355096,2.3767178,-0.55809844,1.1146884,1.785776,1.1049639,1.126033,1.2031232,1.7048779,2.1465273,1.736095,1.3417534,0.8656567,0.8638214,-0.93481594,1.0051447,1.0904496,1.2963197,-0.77237207,0.9450886,0.8111516,0.86370873,0.5968855,-0.15669344,0.042546533,-0.7939605,0.71527386,-0.15798965,0.58625335,0.80133593,0.96031564,0.28844947,0.20506378,0.87215173,0.71877897,0.9724152,1.0636988,1.0625968,0.96949106,1.0249411,1.0180541,1.0047867,0.60821235,-0.46312428,0.20317876,0.7422479,0.41153362,1.1475694
-1.9030464,1.5495539,0.76372933,0.45301217,0.49726102,1.4115214,0.7861416,-1.8278085,1.5460017,-1.1305724,1.37449,1.8953406,2.1083322,2.060188,-0.30751565,0.70642215,1.2512817,1.2514342,1.5515559,1.3328569,1.960222,2.3989103,2.1700351,1.5816158,1.4189483,0.81459767,-0.5839686,1.1388898,0.11792346,1.3285283,-1.4600775,0.9150529,0.7302133,0.44327003,0.57314444,-0.8879013,-0.09110799,-1.0882404,0.5462391,-0.43165052,0.67748463,0.9959763,1.1022037,0.24541193,0.006198829,0.86178845,0.28798175,1.0144342,1.1060736,1.0853862,1.0311419,0.9973619,1.0304289,1.0185814,0.7874627,-0.18577412,0.006765252,0.7704998,0.27818722,1.0966816
-1.2982918,1.2070072,1.2403384,0.21696004,0.49545008,1.9333457,1.361336,-1.7823473,1.6623279,-0.3349202,0.4076404,0.9791517,0.64410794,2.2950704,0.13840055,1.2392589,1.9247102,1.6738025,1.9622272,1.2419044,1.5738943,1.79297,1.777393,0.97989327,0.92040926,1.1776123,1.6075073,0.8661875,0.5030476,1.6562521,-1.5958073,1.2950633,1.613761,0.3619961,0.65831274,-0.8200558,-0.42245743,-1.628922,0.8483331,-0.5162047,0.9232231,1.1796759,1.361105,1.0618255,-0.081793234,1.2758447,1.2434357,1.724622,2.0105846,1.4087908,1.3475832,0.9045132,1.026576,1.5345154,1.0122936,-0.6598578,1.5244193,0.92047006,0.37824664,1.9047345
-1.1190497,1.0543143,0.5859223,0.533743,0.4940919,-1.0575533,0.5030164,-1.872835,1.7214861,-1.4634794,1.2279876,1.9105535,1.2678977,2.0413365,0.49773505,0.9270067,0.9213475,1.0547571,0.53519505,1.3455622,1.4792217,2.5183516,2.7177906,1.0339291,1.0809125,0.4919837,-0.6768821,1.2997615,0.81861186,0.74072355,-2.1653204,0.89387774,1.0459133,0.5159825,0.67584974,-1.1792446,-0.23522279,-1.595739,0.8343637,-0.5267345,0.87436986,1.1839815,2.1058156,0.086344816,-1.0553808,1.210905,1.0909735,0.87109447,1.0438651,1.2338223,1.8627868,1.9233495,1.9444429,1.4888258,1.3465507,-0.63309723,-0.66638476,1.071126,0.56151646,1.2127249
-1.8971419,1.4672762,-0.15324841,1.1340255,0.49499735,-0.50703835,-0.13417475,-1.8235493,1.7794901,-1.6449214,1.01893,1.5725957,2.1648452,1.3742548,0.07128366,1.346079,1.3835007,0.23587102,0.38585928,1.215054,1.6792109,2.3014338,2.1027167,1.03167,0.9528981,1.0124547,-0.73906595,0.9860121,0.54562545,0.15478137,-1.4028994,0.7774042,0.29777166,0.5191203,0.5577245,-1.0326738,-0.38754863,-1.4585414,0.5891263,-1.0741359,0.57497984,0.8703594,1.3727474,-0.3694637,-0.6184636,1.0121154,0.8540279,0.22386153,0.3185145,0.9466096,1.1573285,1.2002339,1.1908703,1.0807542,0.85714656,-0.7552343,-0.54685926,0.7378096,0.05779966,0.37247297
-1.8819592,0.62207246,-0.53574103,-0.0051544355,0.49182826,0.9310108,0.44422537,0.6159403,1.195978,-1.1008092,1.2029442,1.4403521,1.0969582,2.0502682,-0.14954911,1.0273651,1.0877302,-0.19228598,-0.2942743,1.3404554,1.445901,1.778839,1.9870332,1.0017143,1.0904946,0.7144409,-1.1868566,0.83948785,0.09191768,-0.05063123,-1.4750574,0.9866494,0.7689694,0.84433055,0.5579492,-0.7020239,0.11308206,-1.107078,0.946502,-0.36151022,0.7619258,1.1286851,0.9362944,0.25002387,-0.33986735,1.1421082,0.70565766,0.7760666,0.936818,1.1253077,0.8991228,1.0467151,0.8943717,1.2416592,1.0114977,-0.4192791,0.01711162,0.9841996,0.48425028,0.98324597
-1.092116,1.1001041,0.10082594,0.062126014,0.49182826,1.8611729,1.0542037,0.2510712,0.8564596,-0.9192783,0.84999967,1.3199359,1.7361145,2.0373344,-0.5775818,1.3034679,1.9877491,0.7106422,0.720656,1.413769,1.8204151,1.946681,1.8633442,0.7641153,1.2061409,1.1232553,-0.5454856,1.2221185,1.0308789,0.3815255,-1.6381762,1.0419165,0.74554795,0.8037756,0.6343835,-0.32874286,0.28829026,-0.5930328,1.0696992,-0.23478565,0.85756564,1.1568561,0.9707418,0.66662675,-0.373573,1.3106177,0.7904571,0.6381291,0.8419641,1.2314963,0.93148875,1.235394,1.1935991,1.2746633,1.1348909,-0.049991045,-0.041020628,0.8610148,0.56929326,0.73784214
-1.8608721,1.6948948,-0.5218791,0.051751412,0.492281,-0.32838348,1.0794266,-1.7944298,1.1262057,-1.362888,0.8228667,0.98959506,0.9274266,1.6612967,-1.1280105,1.1421093,1.4116049,0.3192328,0.3583151,1.2301967,1.5334935,1.8222711,2.2385738,1.1471516,1.235634,1.1401453,-0.9497612,1.022568,0.7358602,0.0729947,-1.4725822,0.9249174,0.30622706,0.97113353,0.7255935,-1.016478,-0.3035243,-1.0404947,1.0233364,-0.6465081,0.64877814,0.82254654,0.49109247,-0.14795679,-0.39143437,1.0103408,0.3956712,0.2969265,0.4297455,0.8820461,0.6213595,0.5264311,0.39760873,0.9637442,0.7553134,-0.57367444,-0.45361546,0.67276734,0.17876564,0.45054454
-1.8378872,1.4453009,0.7092159,0.002788848,0.49454463,0.90607494,0.80170035,-1.2620776,0.9907026,-1.4580055,1.3905478,1.6640385,1.8172833,1.7029067,-0.5799962,0.8386833,1.1115324,0.55871105,1.1842364,1.2023709,1.3591568,1.6630397,1.2916769,1.3497844,1.714055,1.0657483,-0.5928228,0.9347685,0.48479354,1.1060473,-1.404965,0.9333821,1.251459,0.67533743,0.7270161,-0.5627722,0.18116766,-0.9961786,0.82627875,-0.049544193,0.8118116,1.2137774,1.5028479,1.1131049,-0.12800518,1.2048908,1.2725133,1.3870273,1.5501592,1.229788,1.2782677,1.4759854,1.5109223,1.4523289,1.1318026,-0.3997649,0.64866835,0.9174014,0.6147498,1.588907
-1.9346771,1.7828516,0.78296715,0.24692553,0.49047005,-0.098972775,-0.16530663,-0.06018204,1.45752,-1.1267499,0.95323753,1.2504046,2.01625,1.8462154,-1.3717552,0.9255743,1.1046965,1.0686318,1.5083358,1.4998456,1.7852674,1.6892644,1.363454,0.76760405,0.64230376,0.69192547,-1.2817553,1.4457314,-0.004176593,1.4996642,-1.4670382,1.0898279,1.0701269,0.69529265,0.5867179,-0.38632858,0.5716653,-0.6336213,0.8589645,-0.11208862,0.86379266,0.9546155,1.3096216,0.96091634,-0.6330544,1.5220414,1.088659,1.0822178,1.2414316,1.4098071,1.4194787,1.7260557,1.5518647,1.2887717,1.4293967,0.28904292,0.62484056,1.4017763,0.668764,1.3950719
-1.8362002,1.9652601,-0.44978538,1.1343789,0.492281,0.6569274,0.7365406,-1.2377303,1.5169696,0.37612534,1.526069,1.95926,1.8871291,2.2635076,0.42014793,0.92680174,0.3903801,0.8769354,1.1314642,0.8112186,0.7608639,1.485158,1.7354884,1.0859538,0.9639123,1.3376656,-0.5662458,1.117655,1.4153461,1.0584368,-1.1028669,0.88754636,0.72963524,0.70793474,0.5121582,-0.34278518,0.111515746,-0.6902454,0.559779,-0.44841895,0.6357235,0.8087654,0.60534304,0.27984026,-0.10675586,0.6870612,0.44539988,0.7840231,0.91010785,0.83600885,0.58554435,0.582118,0.546807,0.80447984,0.5669785,-0.20589453,0.09781012,0.67972153,0.14120694,0.89816827
-1.4696004,1.1588047,0.9655582,1.2059417,0.48865914,-0.72941524,-0.10880592,-1.0060325,1.5553867,-0.42076567,0.4912646,0.9936254,1.0925122,1.7854726,0.4187115,0.7444539,0.8072948,1.3992401,1.7276348,1.1598327,1.281812,2.625249,2.6398842,1.0588266,0.62355155,0.98085964,-0.7257905,0.85308224,0.38313425,1.6356637,-0.5044736,0.7672569,1.3449441,0.8160212,0.45637876,-0.31262144,0.22073469,-0.4232004,0.35007834,0.11011525,0.6397662,0.52684176,0.6168911,0.42743766,0.8464614,0.29234326,0.29911453,1.4574147,1.4062425,0.90380377,0.61944604,0.8137438,0.8015074,0.7243333,0.48483065,0.0628257,0.5275233,0.27714437,0.25723785,1.4276302
-0.6581441,1.5271605,0.27466244,0.58478177,0.4895646,0.3078344,-0.26623914,1.4297827,1.3746133,-0.62541056,1.3980811,1.6406566,1.00406,1.7765135,0.1568245,0.9739523,0.91178256,0.33608347,0.43976504,1.1438603,1.3755134,1.7834604,1.7717044,1.2769897,1.1257622,0.94782794,-1.1519204,0.62160295,0.19637853,0.5340617,-1.1824256,0.8262188,0.048725042,0.9858335,0.49846298,-0.8034274,-0.16768321,-1.2084467,0.8263745,-0.47333106,0.66692203,0.9836252,0.87619865,-0.81138027,-0.0701532,0.8131594,0.3988275,0.22735167,0.16879924,0.9453842,0.8345373,0.84665155,0.8033268,0.8131704,0.9498568,-0.3534411,-0.6892105,1.0220041,0.48357323,0.28791967
-1.6872196,1.5701464,0.777483,0.6373067,0.49092278,2.3040705,0.8328919,-1.6594371,0.93149984,-0.7849673,0.91352975,0.9848309,2.0065825,1.8252903,-0.4436148,0.88086665,1.3181311,0.9095096,1.2491665,1.1208204,1.9611206,2.2515337,2.1081908,1.7781212,0.39180878,0.7630189,-0.3946315,-0.58273464,0.77896845,1.2535084,-1.0409312,0.8060903,0.6658732,0.79407465,0.34310645,-0.74599886,0.13525507,-1.1126282,0.57283926,-0.13547505,0.55803317,0.72201574,0.8253537,-0.017996393,0.37722594,0.66219866,0.69461244,1.0134764,1.0518625,0.78471625,0.7523763,0.7857664,0.7202166,0.7762726,0.62008065,-0.48066616,0.18051133,0.76932216,0.3146425,1.118996
-1.8746842,1.6351521,0.80914736,0.1448668,0.4895646,-0.96416825,0.24701661,-1.8099022,1.0903916,-1.2036586,1.310752,1.9810305,2.1640227,1.2674674,-0.51508236,1.2076577,1.4817866,0.9961055,1.1530405,1.1869519,1.213129,1.3951967,1.1760579,1.398451,1.4419794,0.6572149,0.3671567,0.007923001,0.350868,1.0773584,-1.4944576,0.6944163,0.16096339,0.6302634,0.51221514,-0.75448793,-0.25061178,-1.2510285,0.8565934,-0.9765614,0.58865154,0.8316076,0.97383636,-0.052369326,-0.6821616,1.0225325,0.55422044,-0.036544304,0.20155919,0.8861456,0.901362,0.85831475,0.87910473,1.0128617,0.8521289,-0.5341003,-0.47764426,0.7522049,0.047352657,0.36951154
-1.3401896,1.3301601,0.8145303,0.554763,0.49047005,1.9681616,-0.122403905,-1.7879974,1.2398123,-0.655744,1.1588938,2.053289,1.8479962,1.611033,-0.42076826,1.1136271,1.6319698,1.1318297,1.2947674,1.0883191,0.8196613,2.0910146,2.2554414,1.1754395,0.65783304,1.0070246,-0.78725606,0.5160452,0.7402085,1.4954839,-1.316069,1.0496945,0.6486586,0.76555043,0.44424415,-0.97890586,-0.13554212,-0.8688091,0.7870361,-0.60062194,0.6309893,0.9001485,0.9766813,0.3181341,-0.19040784,0.93391377,0.8627154,0.746612,0.8029608,1.0228766,1.0214366,1.0076109,1.0392184,1.0934241,1.0147283,-0.32806334,-0.1518186,0.67903304,0.08903641,0.82001585
-1.6731967,1.5551338,0.43351445,0.72360545,0.49001732,0.97103,0.24329455,1.5672325,1.2950846,-0.2922427,0.9328345,1.4873836,0.8278096,1.1569489,0.23619422,1.15345,1.7356329,1.1345533,1.3164977,0.8666891,0.9286845,2.0474715,1.712521,1.2064934,0.9017895,0.9364678,-0.7259858,1.4553565,0.39224985,0.91480696,-0.94110006,1.0414065,0.6047963,0.7323608,0.29668725,-0.40476373,0.11430228,-0.6105255,0.57479477,-0.44047242,0.71027815,0.39521086,0.5298042,0.41397652,0.55746543,0.6422129,0.6735647,0.8574921,0.8195622,0.8922561,0.6359773,0.5238425,0.6120678,0.7672678,0.5068356,-0.13569441,0.09197394,0.557519,0.026040507,0.7632168
-1.8755277,1.1700426,0.7122123,0.9498797,0.48865914,-0.19209728,-0.1083728,0.15479214,1.5121077,-0.15158346,0.90169084,1.773117,1.8284221,1.7162303,0.17831868,0.9983934,2.1218193,0.9008627,1.1968781,1.3270442,1.7176342,0.89993525,0.9735069,1.2735615,1.114476,0.99086744,-1.0202161,0.7022482,1.2705126,1.191714,-0.8491841,0.4034092,0.16029146,0.7315421,0.4063968,-0.22668199,0.44002315,-0.39593443,0.3757052,-0.15949364,0.7566337,0.93850887,0.3022625,0.29360345,0.33389026,0.689983,0.31449884,0.55659103,0.36127597,0.8440054,0.5805833,0.45519376,0.40790743,0.84636426,0.8208737,0.2872664,-0.062201098,0.81932855,0.42477748,0.38944533
-0.49790546,-0.472839,1.2340201,1.0941886,0.4895646,-0.8623408,-0.38610673,-0.71692204,1.6417863,-0.64996856,0.57184196,0.86389595,-0.27273566,0.3266755,-0.5994326,-0.102724284,-0.14418532,0.35878357,0.700396,0.48432425,0.8744381,0.8068703,0.6353343,-0.26907715,0.98987204,0.7296504,-0.5462081,0.5144103,0.91693014,0.5974392,-0.87123585,0.073567346,0.15802068,0.4734993,0.53602237,-0.4879188,0.36635378,-0.84371644,0.29071146,-0.8140505,0.3383029,0.42622635,0.7350849,-0.24590844,-0.38285038,0.78377825,-0.31045318,-0.07688026,0.04255227,1.04442,1.3083805,0.9682782,0.91049623,0.82043433,0.73019844,0.12393631,-0.52536976,0.7997165,0.047211237,0.28554425
0.10676799,-0.34215614,0.824289,0.7768651,0.48639548,-0.40609607,-1.1043028,2.8078105,0.66127163,-0.31582916,-0.19296333,-1.4785839,-0.5463586,1.5740378,0.4606913,-0.20840311,-1.2605519,1.141247,1.2249082,0.06603989,0.18351388,0.13984026,1.106997,-0.5836905,-1.0729294,-1.1092957,0.118584976,0.84961754,-0.022315793,0.7570502,0.4736466,-0.17838672,0.46474105,-0.09521153,-0.22068533,0.07487583,0.11111801,0.124076374,-0.39608136,0.2004323,-0.22850183,-0.34411067,-0.18146162,0.28955847,0.5241168,-0.39228612,0.0071537327,0.3218763,0.24182257,-0.34036535,-0.13695747,-0.22284187,-0.1885491,0.053589776,-0.29393598,-0.2841115,-0.09415571,-0.23396333,-0.15983003,0.26896292
-1.8731027,1.5376474,0.81884146,0.34034342,0.492281,0.23728667,-0.2887501,-1.2770911,1.4377294,-0.7122334,0.77406704,0.7602696,2.5740914,1.7686954,-0.3609248,0.9942614,1.1796547,1.084881,1.077914,1.1095129,1.401035,1.7742926,1.6744235,1.0818592,1.2253745,0.8710447,-0.5966739,0.41506168,1.0594726,1.2910945,-1.0996786,1.0814303,1.1082937,0.6256316,0.60921323,-0.4094643,0.5951631,-0.7163935,0.61277336,-0.2895438,0.821734,0.92819005,1.014293,0.9152329,0.16972329,1.1329641,0.6479467,1.3418992,1.4277647,1.2447797,1.1417272,1.0273964,0.99705654,1.2035934,1.0817312,0.26612803,0.6748995,1.0875129,0.457051,1.4454819
-1.8815376,0.9876799,0.8608009,0.46170995,0.49363917,2.5849671,0.9655424,-1.8065991,1.1626014,-0.49532092,1.472277,1.3822788,1.9332744,2.2504234,-1.1942351,0.8664201,2.193182,1.501301,1.6812128,1.2403755,1.7606932,2.3542368,2.23819,0.8175968,0.8457532,1.0370173,-0.17274061,0.3452194,0.24915385,1.517756,-1.0671905,0.74306285,1.3089207,0.25181413,0.6744275,-0.09092716,0.35264426,-0.47116166,0.44909367,-0.33154356,0.44018114,0.64458424,0.9883146,1.0670111,-0.38052687,0.903566,0.5321491,1.1838001,1.4713126,1.0122949,1.1790141,1.3684355,1.4036129,0.8563742,0.8348539,0.057971574,0.25409392,0.92604023,0.365917,1.4835079
-1.0454053,0.80532855,0.8277117,1.0975784,0.49318644,0.0125228865,0.13698189,-1.3100784,1.6729577,-1.4844207,1.1868917,1.3718808,1.4018087,1.7893418,-0.3024514,0.67856115,-0.014539771,1.745939,1.3017312,1.2344501,1.4505438,2.2702794,2.1066206,1.3257647,1.0434703,0.582126,-0.3049056,0.5456311,0.001241629,1.4042873,-1.7172753,0.9424115,1.1214931,0.35321736,0.59360707,-0.6685604,-0.041052625,-1.285424,0.8953259,0.078138225,0.82650137,1.2897992,1.8044826,0.29271957,-0.46246457,1.3275654,1.2634121,1.1914488,1.2268014,1.4123654,1.9881455,2.1061528,2.1691566,1.6962485,1.4967052,-0.70657927,-0.5784744,1.2920854,0.9237375,1.3747458
-0.09170197,1.3465317,0.7593527,0.90490484,0.49499735,2.2041757,-0.19960897,0.23992231,1.6776699,-1.4608493,1.3926991,1.5254719,1.5188419,1.5680269,-0.11964495,1.0433996,1.3576057,1.462508,0.8578294,1.0765619,1.9165453,2.1747663,2.0044012,1.1990626,1.1347328,1.330306,0.64038014,0.3254387,0.64643824,0.8603256,-1.5300481,1.0530868,1.1596813,0.36924607,0.6325087,-0.16970523,0.39783993,-0.83715683,0.5532543,0.0892555,0.7340465,0.9711744,1.2580868,0.5407765,-0.47447842,1.2950028,0.8112234,1.0121973,1.2855316,1.2732944,1.4046646,1.2316384,1.2436715,1.3080058,1.0864074,0.18480454,0.12881981,1.1109699,0.8230359,1.332341
-1.9689437,1.1264336,0.35891247,0.36428335,0.492281,1.4563466,0.77394617,-0.22750147,1.040311,-0.656339,1.2669194,1.9426379,2.1983418,2.4918222,-1.4994622,1.1890893,1.8900108,0.51014817,0.17140414,1.1963682,1.520271,1.7065309,1.5347953,1.0727242,0.65674114,0.98445904,-0.20237124,1.6657757,0.5867941,0.25899288,-1.4107493,1.1395859,0.8698027,0.718284,0.5989031,-0.458673,0.17174229,-0.8975973,0.86226976,0.10250593,0.8823497,1.064918,1.0157565,0.2633162,0.14554767,1.067615,0.5445943,1.041196,1.0743356,1.0576863,0.8468756,0.90771806,0.87383026,1.1397425,0.9770047,-0.38486615,0.016203867,1.1793904,0.74811924,1.0859438
-1.8365165,0.80716974,-0.2597124,0.36196098,0.4895646,1.5649599,0.005774007,-0.19730118,1.257604,-1.2902211,0.923751,1.3838274,1.3426075,1.4092492,-1.0559686,1.2579323,1.3409029,-0.458261,-0.6249748,1.2390379,1.7545221,2.0887623,2.0089736,1.3995752,1.0761737,1.0991856,-0.8444717,1.0374758,0.011802559,-0.32472152,-1.4670354,0.52263707,0.009898848,0.5669046,0.66406953,-0.57122105,0.47161967,-1.0632782,0.58427817,-0.8748968,0.6276612,0.9871936,1.103406,-0.27520934,-0.9395243,1.386016,0.17929138,-0.13659507,-0.0147515815,1.2017158,1.2030874,1.0097287,0.993012,1.0639142,1.1187328,0.0961055,-0.9333126,1.2706635,0.28805074,0.19872916
-1.5814676,1.2237996,0.90077746,0.11142238,0.4940919,1.3282121,1.0536354,-1.113345,0.9187368,-1.1319023,1.1630399,1.9996731,0.39049086,1.7130008,-0.35790244,1.0952992,1.9796352,1.0673106,1.218054,1.046347,1.9601953,1.9482234,1.5738969,0.41880974,1.0047966,0.9872769,-0.25377223,0.4746187,-0.07648543,0.7766092,-0.7884887,0.7077663,0.3454715,0.74658865,0.62814057,-0.19244869,0.0054241717,-0.6638301,0.54726,-0.66474533,0.5150802,0.45035404,0.38010252,0.23811686,0.11878793,0.6925016,0.5612073,0.24692625,0.3606412,0.7048397,0.60257155,0.7223331,0.80147827,0.5240718,0.3915704,-0.16153567,-0.21954477,0.6565203,-0.03313651,0.43678012
-1.3980097,1.2719716,0.9005759,-0.37637955,0.4940919,-0.33379066,1.4105383,-1.431262,0.77582306,-1.0016671,1.1192008,1.2005806,0.8146036,2.5303028,-0.8344458,0.96783113,1.2907501,1.4298869,2.053405,1.2542747,0.88955736,1.2562271,0.863078,1.1485165,0.29899526,1.09623,-1.0519888,0.85171986,0.9762054,1.7388934,-0.51274145,0.9978125,1.5795265,0.06387261,0.5626878,-0.19232993,0.09729006,-0.6771001,0.2108223,-0.19210793,0.2810715,0.2990809,0.8593431,1.2474641,0.82165635,0.34362194,0.5371365,1.5575833,1.8286074,0.5785707,0.6237729,0.1404446,0.5017649,0.7019652,0.22714524,-0.26227632,1.1890005,0.022985045,-0.043017685,1.6606803
-0.8737046,1.0839744,1.3619787,0.28476724,0.49047005,1.4167594,0.20694843,-1.061902,1.3383783,-0.7436008,0.8595934,0.88568604,2.687232,1.5474463,-0.8975041,1.3971831,1.5925237,1.0471185,1.1609256,1.3400507,2.0055084,1.857883,1.5154097,1.4302547,0.9096118,0.9937379,-0.4332697,1.0688891,1.0782577,1.6112137,-1.3973399,0.8527777,0.8635716,0.58211315,0.5076707,-0.78672194,0.2951049,-0.92974746,0.7354035,-0.6326029,0.6997506,0.8034656,1.4566524,0.7812618,-0.39572287,1.1395432,0.74325645,0.85377526,1.0822669,1.2234285,1.4926909,1.3494796,1.3352714,1.1656318,1.1090964,-0.19147693,0.029571906,1.0428092,0.25920376,1.1779509
-1.8741571,1.4238231,0.9612411,0.485995,0.4895646,-1.8536371,0.80234057,-1.8074684,1.0829777,-0.86781996,0.8219145,1.5930074,1.9042901,2.2636855,-0.46716297,1.1342865,1.6945491,1.2422961,1.4782107,1.1988716,1.6684679,1.895459,1.733363,1.4043918,0.68672335,0.38876167,-1.1887378,0.93086207,0.20807911,1.5352726,-1.3666772,1.2750973,1.375382,0.6966957,0.5249658,-0.27400643,0.15766245,-1.0553365,0.82423884,-0.021006053,0.8620673,1.0827944,1.5448989,1.0906627,0.21813749,1.1153792,1.0649763,1.4822731,1.7423767,1.4453636,1.5643501,1.59678,1.4734081,1.5093955,1.0687414,-0.5988834,0.56142396,1.0596063,0.5747848,1.7373457
-1.5419292,1.757557,-0.40037835,1.2396505,0.4895646,2.8188186,0.7698964,-1.5446107,1.6120912,-0.98144686,1.4375683,0.8014986,1.947081,1.6972739,0.015016582,1.1220894,1.89099,0.124726295,0.38499844,0.5865629,0.8024781,1.7142725,1.8527999,1.2888888,0.8160107,0.96526384,-0.2816848,0.624958,0.5086989,0.4591153,-1.3048918,0.40286726,-0.077374235,1.1050453,0.5125528,-0.524382,0.30509365,-1.1470098,0.8997645,-0.34653124,0.8719448,0.750428,0.7792186,-0.5476356,-0.43731445,0.8817132,0.30967218,-0.1934062,-0.1760492,1.076721,0.95745015,0.8881706,0.8035957,0.859656,0.95272416,-0.002395261,-0.7374439,1.1621944,0.6663854,0.08647664
-1.1617284,-0.374293,0.9684869,1.70159,0.48413184,-0.42685345,0.3134278,-0.72768295,1.7507118,-0.59935504,1.0317405,1.4951056,0.9918752,1.6317421,0.7935613,0.5392775,1.0885658,0.98039895,0.8703698,0.9920556,0.80718493,1.4981617,1.1246053,0.5804371,0.50817007,0.4149512,-0.36646965,-0.086755276,0.8472421,1.0583131,-0.44863513,0.41965917,0.101566404,0.607271,0.17850274,-0.2410874,0.43078545,-0.40871745,0.36358514,-0.5907912,0.4042266,0.381991,0.84911966,-0.077992685,0.07058568,0.72810555,0.08766113,0.14530784,0.09505123,0.93669367,1.0926063,0.88446623,0.7850435,0.722158,0.5475195,-0.0989276,-0.39304343,0.82301784,0.13324463,0.31226894
-1.629968,1.6216553,-0.13475181,0.7583947,0.49047005,0.09407942,-0.0019992976,-0.9655223,1.6314676,-1.665746,1.4224738,1.2504258,2.1366014,1.920577,-0.66062987,1.1613699,1.874925,0.051999245,-0.32551837,1.1018826,1.3368434,1.9268335,1.9310758,1.0573237,0.84002715,0.7641436,-1.3286641,0.22966616,0.07881393,0.1454189,-0.85618913,0.43696356,-0.030846126,0.6446636,0.7750873,-0.26464483,0.566143,-0.62572825,0.54765177,-0.16402528,0.72543323,0.8730237,0.5981168,-0.20143718,-0.019849988,0.7443535,0.35077816,0.026440915,-0.16124642,0.7534139,0.8269006,0.6462596,0.5973834,0.9417854,0.92998564,0.21427868,-0.62590903,1.2322006,0.5540156,0.06642519
-1.9703144,0.9587373,0.7205715,-0.0722899,0.49047005,3.5304046,-0.32407042,-0.86080766,0.76235735,-1.1843107,0.93568695,2.2471924,1.4016817,1.3975121,-0.6760756,1.3832539,0.7890776,1.1229646,1.5201045,1.3671758,1.7259861,2.268058,2.1265082,1.3746283,1.2412982,1.0627904,1.1168022,0.7462574,0.8100542,1.4865255,-0.96928024,1.0353163,0.8744882,0.705099,0.4067995,-0.360536,0.40284213,-0.52721965,0.69891894,-0.0712877,0.9316284,0.86153024,1.3275218,0.56345683,-0.20138764,1.2273301,0.99863535,0.98096853,1.0056233,1.32714,1.2255669,1.5701004,1.5546674,1.1193346,1.1693199,-0.103557706,0.2348564,0.85916096,0.49828762,1.1108232
-1.7766291,1.9119891,-0.4535376,-0.54127383,0.492281,2.1630535,-0.06879482,-1.7261077,1.3973684,-1.2682933,0.5864116,1.7017665,1.6699605,0.6067669,-0.7592999,1.1624604,1.0417873,-0.10518463,0.6120461,1.3473852,1.4662156,2.1622634,2.051102,1.4692773,0.71639603,1.0225178,-1.4456722,0.86971474,0.5106852,0.41789588,-1.0765414,0.76487875,0.14148776,0.9075699,0.38982165,-0.96857125,-0.21556136,-1.1758657,0.8512126,-0.7452891,0.7414591,0.6426404,1.3219006,-0.5070681,-0.30747363,1.059669,0.64715123,0.26877525,0.16655278,1.2023901,1.370579,1.4554398,1.4685951,1.0740626,1.021092,-0.6126197,-0.36184597,0.91852045,0.24925283,0.39003614
-1.1749078,0.9641619,0.47213864,0.86344105,0.48911187,-1.3527682,0.74634624,-1.2571536,1.4589827,-1.3947885,1.496116,1.0413148,1.2000697,1.2459481,-0.7477276,0.42431572,1.0928224,0.91968703,0.5459462,1.2977763,1.8674107,1.9444797,2.0048983,1.2334325,0.7964781,1.3930296,-0.7949958,0.020836323,-0.75027287,0.51864135,0.101518385,0.11169304,0.5426757,0.9252869,0.40141493,0.22631118,0.9522061,0.038535863,0.44434366,0.7352882,0.701737,0.48994774,-0.13257723,0.0124408,0.94847775,0.037228983,0.5107781,0.6281828,0.38772264,0.55282885,0.15106122,-0.16741766,-0.23289457,0.73879594,0.13665527,0.14259148,-0.27962986,0.6549223,0.7766661,0.50594807
-1.0809646,1.1629537,0.83897173,1.1332675,0.49273372,-1.2897886,0.12012963,0.2957244,1.58392,-0.78145826,0.90281975,1.1371324,1.6836246,1.2601024,-0.68903285,0.50119615,0.30225804,0.53735447,0.9355358,1.1830053,1.4672649,2.1302454,2.1923606,1.1558254,0.832535,0.9796016,-1.1558849,-0.38843092,1.1299706,0.83074147,-0.5408047,0.3781898,-0.025365505,0.87341535,0.45315838,-0.5945705,0.018598866,-0.497632,0.72247744,-0.48987415,0.5707562,0.3666875,0.89237505,-0.49970692,-0.14656232,0.6560593,0.13219006,-0.050920647,-0.15153147,0.89076734,0.97580624,0.9091404,0.7958886,0.64490235,0.4264413,-0.5329886,-0.6642748,0.9208968,0.24492809,0.041461486
-1.2079091,0.50496393,0.97418296,0.51421887,0.49182826,-0.47209343,-0.48934746,-1.2821877,1.2322916,-1.267308,0.42569926,1.1178495,1.4621183,1.9142174,-0.7451228,0.9871691,1.535495,1.4070526,1.0587901,1.2594221,0.9563291,2.0763097,2.1849217,0.8149885,0.48655227,0.63431835,-1.2868742,0.7262734,0.46196312,0.9933484,-1.2663175,0.48566604,0.16228159,0.7009521,0.39830393,-1.1714135,-0.32480466,-1.4507382,0.8500052,-1.0004761,0.63503224,0.50267535,1.7865325,-0.85027045,-0.8227252,1.1135744,0.41387528,0.08687954,0.11013855,1.348041,1.7357886,1.2941394,1.4224117,0.9988089,0.80947465,-1.2220067,-0.74555975,0.85150397,-0.015480745,0.40231347
-0.75400865,1.4651971,0.057230387,0.4842114,0.49363917,-0.062233157,-0.36952013,-0.9254523,1.6939195,-1.3503964,-0.6066833,1.1702347,1.2213185,1.8962634,-0.22787777,0.47017065,-0.09114483,-0.05976306,0.10430214,0.46960473,1.3367077,2.7138062,2.9353936,-0.037376016,0.15867773,0.84707767,-1.4653097,0.6589679,-0.4457246,0.22446409,-0.75997174,0.56092626,0.6468067,0.58777964,0.5215109,-0.8751906,-0.16046387,-1.282318,0.3622672,-1.0362715,0.39006925,0.44214997,1.1153234,-0.74369276,-0.51736933,0.93201905,0.0042010667,0.46494,0.4936483,1.0858432,1.2886555,1.0630602,1.1503251,0.88278383,0.88302714,-0.229418,0.09279337,0.8345396,-0.079942614,0.6750645
0.5958551,0.7729734,1.2828915,0.1713876,0.49273372,1.1085844,-0.326431,0.83861464,1.0565346,-1.3022405,0.84546375,0.57935184,-0.12220231,1.8300612,-1.4059865,0.255145,0.69402003,1.2204541,1.062798,1.4198463,-0.18412061,0.8435457,0.41596442,0.4812217,0.027251324,0.7815956,-0.026060756,0.5262249,-0.6260938,0.91132426,-0.098916404,0.7219126,0.76980996,0.27904683,0.23328745,-0.002498921,0.27524054,-0.09277669,0.19294219,-0.3439256,0.3944012,0.15638763,0.6541122,0.5390661,0.31668252,0.42411613,0.19975145,0.8367755,0.89016837,0.61826414,0.4907523,0.3351825,0.3318307,0.7110213,0.35244393,0.03955987,0.21820855,0.355973,-0.020398479,0.9256633
-0.33849514,1.1016407,0.22112413,-0.6201626,0.49137554,0.2915766,1.4359516,-0.3603193,1.0341281,-1.2778978,1.0428213,1.610838,1.0966374,2.1072333,-0.857624,0.7546903,0.83885384,0.61378723,0.6491921,1.136305,1.3593351,1.0444093,1.6991769,0.86972326,0.8114694,1.1254493,-0.5680204,0.23865151,0.15796474,0.8605308,-0.91368425,0.4980213,0.053078994,0.90367305,0.4362505,-0.7783874,0.26577932,-0.98482275,0.699599,-0.40158904,0.71123743,0.62477905,0.8554957,-0.54202116,-0.21424106,0.911653,0.06749938,0.15949309,0.036761086,0.87822676,0.84383357,0.95676637,0.8778326,0.7800487,0.7320796,-0.09861084,-0.4966269,1.007766,0.422908,0.26610216
-1.0720987,0.35066366,0.9017857,0.4330026,0.49001732,1.1917851,1.9650869,-0.6054268,0.7515154,0.057140943,1.5879399,0.66500604,1.4819922,2.0072565,-0.3235703,0.93083805,1.6997391,0.9498161,1.4371716,0.80717283,1.175081,1.7440321,1.4114387,0.8635898,-0.07088068,1.4760121,1.6385298,1.1613221,0.8578923,1.5101348,-0.97340333,0.7158289,0.8875111,0.6534541,0.49352384,-0.020829765,0.7127866,-0.5073363,0.40173408,-0.16835093,0.6802143,0.68246865,0.87213063,0.6131361,-0.3210085,0.8498302,0.03482785,0.9434564,1.1274986,1.06892,1.0077748,1.0739392,1.02203,0.84810805,0.9658912,0.4720772,0.59868294,1.2305573,0.52023184,1.2980688
