epoch,train_loss,train_pcc,is_best,val_loss,val_pcc,val_mae,val_r2
1,0.462251,0.733408,True,1.057387,0.714575,0.815424,-0.380526
2,0.405614,0.770971,False,1.11411,0.699802,0.841923,-0.417056
3,0.389624,0.781272,False,1.059093,0.717648,0.815769,-0.355838
