true_tls,pred_tls,true_tgfb,pred_tgfb,true_emt,pred_emt,true_hypoxia,pred_hypoxia,true_mhc,pred_mhc,true_icp,pred_icp,true_ifng,pred_ifng,true_toxic,pred_toxic,true_Glycolysis,pred_Glycolysis,true_Inflammatory_Response,pred_Inflammatory_Response,true_IL6_JAK_STAT3,pred_IL6_JAK_STAT3,true_P53_Pathway,pred_P53_Pathway,true_DNA_Damage_Response,pred_DNA_Damage_Response,true_Complement,pred_Complement,true_Coagulation,pred_Coagulation,true_Oxidative_Phosphorylation,pred_Oxidative_Phosphorylation,true_Reactive_Oxygen_Species,pred_Reactive_Oxygen_Species,true_Wound_Healing,pred_Wound_Healing,true_Fibrosis,pred_Fibrosis,true_MYC_Targets,pred_MYC_Targets,true_E2F_Targets,pred_E2F_Targets,true_G2M_Checkpoint,pred_G2M_Checkpoint,true_Mitotic_Spindle,pred_Mitotic_Spindle,true_Unfolded_Protein_Response,pred_Unfolded_Protein_Response,true_mTOR_Signaling,pred_mTOR_Signaling,true_Interferon_Alpha,pred_Interferon_Alpha,true_Angiogenesis,pred_Angiogenesis,true_Apoptosis,pred_Apoptosis,true_TNF_Signaling,pred_TNF_Signaling,true_ECM_Organization,pred_ECM_Organization
0.069882035,0.3210712,-0.46049556,-0.2711389,-0.60009,-0.44750586,-0.6890679,-0.6503076,-1.1416304,-1.0458068,-0.063651435,0.06708913,-0.65057737,-0.3901032,0.038325854,-0.0117311785,-0.92180896,-0.8067736,-0.6062203,-0.2878273,-0.07545669,-0.9831375,0.6454906,-0.5735372,-0.37145823,-0.05683676,-0.57121336,-0.25522396,1.4936028,-0.027460404,-0.89474195,-0.82964075,-0.41147,-0.27885196,0.6089374,0.054404646,0.88028,-0.009933862,-0.3064596,-0.80204904,-0.57589525,-0.5076902,-0.4571024,-0.3854371,0.18052869,-0.37419337,-0.4335761,-0.57535994,-0.7843834,-0.32478723,-1.090525,-0.90392166,1.4730481,-0.20824313,-0.60658514,-0.44492543,-0.72842115,-0.44199896,0.22525626,-0.19575216
-0.5968747,-0.780644,0.07172523,0.055147048,0.33981305,-0.8064776,-0.9421037,0.8611513,-1.3846872,-0.3168887,2.3149211,-0.54543686,-0.81553537,-0.28810814,-0.5471029,-0.8289226,-0.5349344,1.4879751,-1.0436151,-0.7385563,0.14240487,-0.49383086,0.51844984,-0.12548885,0.5231727,1.1164793,-0.98654836,-0.83119684,-1.2061664,-0.14578405,0.50513035,1.5932703,2.6697128,1.3509612,-1.2885535,-0.96667767,-1.0957102,-1.1344141,0.113985725,1.0068605,-0.58236617,0.8015957,0.8155375,0.70509064,2.2195587,1.1242921,0.4311465,0.08578225,-0.28987727,0.06372718,-0.53589725,-1.131367,-1.1850754,-0.50389045,-1.3361033,-0.16631709,-0.42200813,-0.270368,-1.0374925,-1.1154963
0.0018358193,0.19722594,0.30717683,-0.14522937,-0.63154215,-0.5473964,1.175318,-0.43025675,-1.1592177,-1.1674086,-0.1061524,0.07623662,-0.66437674,-0.54162866,-0.016697323,0.09171138,0.616634,-0.6304379,-0.25158775,-0.47122762,-0.11215222,-0.7566514,0.66623193,-0.55798113,-0.08924322,-0.03510106,-0.60619473,-0.49572256,-0.41022745,-0.13357508,0.2985207,-0.5776337,-0.46879876,-0.105628766,-0.7875375,-0.41833842,-0.73526853,-0.49173507,-0.2563476,-0.6778519,0.2634497,-0.2628881,-0.5037259,-0.30633336,-0.5307324,-0.3154563,-0.88665897,-0.597565,-0.82746875,-0.46295762,-1.1284261,-0.87779546,-0.5439609,-0.23844166,0.5928618,-0.4218941,-0.18577524,-0.4354417,-0.89678735,-0.6617383
0.19491395,0.46495408,-0.33014628,-0.25480875,0.9041261,-0.4587007,-0.6389048,-0.7854653,-1.0955516,-1.193622,0.029185869,0.045560524,0.7369035,-0.63794655,0.14859498,0.18796402,-0.8314706,-0.98722064,-0.5249653,-0.39934406,-1.0711025,-1.0457419,-0.6888645,-0.6688005,-0.21298566,-0.08302221,-0.49025074,-0.2627356,-0.1691835,-0.024708346,-0.81921744,-0.8094034,0.040800158,-0.40597674,0.33406675,-0.08167876,0.120656356,-0.16380164,-0.79010916,-1.0360142,-0.6761298,-0.5230025,2.8530874,-0.39033502,3.0024352,-0.4450667,-0.09609407,-0.64574313,-0.07897232,-0.4924724,-0.26110348,-1.0156248,-0.34628564,-0.16960154,-0.4678063,-0.4462079,-0.6569307,-0.50068426,-0.28910083,-0.35470253
-0.012831386,0.40852386,-0.5491188,-0.16766252,-0.64585906,0.08211859,-0.4630574,-0.6032668,0.8552345,-0.5241057,-0.10662727,0.030251956,0.32147422,-0.4231916,-0.03429583,0.16260286,-0.8520503,-0.6363044,-0.18778566,-0.058189962,0.53453,-0.6452776,-0.8270853,-0.50721043,-0.47730416,-0.21440843,-0.62013257,0.12407283,-0.4405555,-0.09801161,-0.034533173,-0.686226,-0.93107957,-0.17799625,0.9704383,0.28082,0.8846046,0.39387465,-1.0179361,-0.61013794,-0.8452906,-0.515913,-0.52447593,-0.35931343,0.6880721,-0.4282219,-0.67308813,-0.46067828,0.41373697,-0.35376728,-1.146168,-0.75723267,-0.56765383,-0.2211602,0.7122228,-0.33801672,-0.76851046,-0.30826268,0.2970918,0.19012605
-0.52858806,-0.5341341,-1.0790752,0.27089727,-0.9328741,-0.73564065,-0.9132372,0.4212672,-1.3424777,-0.7620672,-0.4680042,-0.4246194,-0.7919812,-0.6359576,-0.47425848,-0.6220235,-0.7385258,1.1452298,-0.49821043,-0.912555,1.0950546,-0.7158539,-0.76636785,-0.1541238,0.07447061,0.6016834,-0.26171255,-0.8200676,0.64213073,0.2520922,-0.22799745,1.0658636,-0.14730106,1.0315319,-1.2237544,-1.0487136,-1.0499666,-0.98282045,0.42831725,0.89402336,0.18667278,0.61119443,-0.9521142,0.6624145,0.29854318,0.91737777,-0.09528497,-0.2703962,0.0039319224,-0.03625491,-0.28851625,-1.3490093,-1.098536,-0.61593354,-0.76500136,-0.3333489,-0.34492928,-0.31805044,-0.49614787,-1.051953
-0.68824416,-0.43450996,0.86411726,0.14585303,-1.0229467,-0.6978614,0.929246,0.82925117,-1.410013,-0.83504546,-0.6002558,-0.40108642,-0.8409135,-0.36544588,-0.6337589,-0.5863304,1.3197539,1.0649157,-0.16133718,-0.7223022,-0.3882357,-0.23354624,-0.865961,-0.31700408,5.2466965,0.5784772,-1.0446229,-0.79602367,-1.3348879,0.31963146,1.2984372,0.90402776,-0.77178836,0.868429,0.62806666,-0.91831934,-0.22885269,-0.8236104,1.648101,0.8173,2.6212523,0.37979013,1.2159945,0.41022465,1.7920669,0.5408886,-1.0110415,-0.23741369,-0.72129834,-0.046461187,-1.3752985,-1.1489867,-1.2754297,-0.64474034,0.1290967,-0.29065153,-0.44815278,-0.38849485,-0.7331551,-0.92543757
2.9351742,0.026391646,-0.37971824,-0.121050544,0.66787744,-0.33037415,-0.6575772,-0.061935503,-1.1141942,-1.1155113,0.004255135,-0.065382585,-0.62694395,-0.40914413,0.10894265,-0.0055783475,-0.86715853,-0.24220309,-0.5530352,-0.32251963,-1.098675,-0.5149432,-0.71968615,-0.53247535,-0.27450195,-0.3206191,0.15668257,-0.03561938,-0.22875297,0.33383334,-0.84645027,-0.28372198,0.8034696,-0.063235454,0.6115629,0.08081596,0.88068265,0.052542936,-0.973783,-0.30100736,-0.71318144,-0.31348023,-0.3863132,-0.18433367,0.4073956,-0.41897488,-0.77451664,-0.6525881,-0.71814513,-0.31375238,-1.0431828,-0.8460852,-0.39598057,-0.19651628,-0.51840276,-0.63459593,-0.67902774,-0.3475355,0.9757171,-0.080070965
-0.90608823,-0.47588593,-0.53677166,0.27813074,0.14985323,-0.6463001,0.8529356,0.85099196,-1.4912664,-1.337396,-0.7467535,-0.34178743,-0.89111465,-0.45367625,-0.81642693,-0.5888193,2.4473872,1.0174766,-0.7521438,-0.8297119,-0.6166717,-0.7776454,0.5878736,-0.6602735,1.2483125,0.36195678,-1.1733432,-0.8360836,1.4435331,0.51135284,2.6012573,1.1601166,1.3959706,1.2442074,-1.537289,-1.0277236,-1.2765528,-1.0871953,1.6928324,1.0833743,2.1033082,0.57442564,3.1380267,0.5654527,1.1756907,0.54771346,0.69931054,-0.7433012,-0.109926835,-0.19348714,-1.3418082,-1.3961463,-0.53752214,-0.8471256,-1.6788168,-0.636156,0.09098955,-0.5154851,-0.5003916,-1.1464994
-1.2032795,-0.9241034,0.5988478,-0.04410519,-0.043499622,-0.0022173617,0.7535439,1.58318,0.90236855,0.38228926,2.590617,-0.45431623,1.403655,-0.059065066,-1.0766175,-0.66136354,1.9014466,1.6507304,0.43162227,-0.7665598,-0.10593391,0.77027184,-0.1655481,-1.0287554,2.3041148,0.8643156,-0.5962135,-0.5249526,-2.0001295,0.019721933,2.5950701,1.701986,2.4870417,2.0834382,-1.7899764,-0.7763645,-1.4567736,-1.1578981,2.6074781,1.9313579,2.6420827,0.53860044,1.7822301,1.1633494,0.75387657,1.1535006,2.0117993,0.520949,2.6839921,0.20925194,0.3842552,-0.9778437,-0.73630065,-0.3944955,1.753532,-0.55445474,2.0353248,-0.44109976,-0.848779,-0.90423846
-0.28742072,-0.13783231,0.43721414,-0.09141677,0.5085792,-0.24867411,0.96187335,0.98722774,0.8875952,0.06304768,-0.3039362,-0.043292325,0.5763424,0.17534381,-0.28089768,-0.14542271,0.932853,0.49872005,-0.83721316,-0.41057634,-0.78196657,0.21188776,-1.0070901,-0.66546965,-0.14301516,-0.009812798,-0.7867038,-0.31782374,0.97583336,0.2661857,-0.4737335,0.46049085,1.9553604,0.5063117,0.93393093,-0.3293708,0.05958485,-0.43859878,0.5108125,0.6655898,-1.0776612,-0.049858358,-0.7665595,0.10111201,-0.80742556,-0.06302947,-0.7615181,0.09096907,-0.35858038,-0.0016614269,-0.1456509,-0.3570316,-0.85216975,-0.21787527,0.48501337,-0.31643397,-0.91703266,-0.29321507,0.62808675,-0.40261087
-0.049138732,0.0027917586,-0.58549535,-0.12765227,-0.6675036,-0.48466876,1.1566981,0.32283497,-1.1834882,-1.1582714,-0.13868107,-0.040532697,-0.6775416,-0.40321362,-0.06303263,-0.11044018,1.3346906,0.14646262,-0.6779439,-0.6166739,-0.15488496,-0.7593118,-0.8500427,-0.6358449,1.4057928,0.004888583,-0.63796484,-0.54413605,-0.49083886,0.056211572,-0.9652411,0.08299224,-0.9672362,0.20182422,-0.83862126,-0.6673504,-0.7711528,-0.65805864,0.5475982,0.15367848,0.3050943,-0.21491715,-0.55521667,-0.037184276,0.38546097,-0.021191277,0.3058451,-0.6698939,-0.40776712,-0.44173953,-0.88453054,-0.95767295,-0.6039964,-0.4448835,-0.7379294,-0.36072403,-0.78841835,-0.5071966,-0.81313956,-0.81055015
6.8357906,-0.067110874,0.85529613,-0.07272591,0.40515798,-0.51700526,1.0067443,0.38811648,0.73845464,-1.2451937,-0.4314391,-0.08429197,-0.7815921,-0.43804944,-0.44463062,-0.20262632,-0.043331485,0.25685883,-0.47801825,-0.6353391,-0.6470951,-0.777115,0.2274632,-0.6426356,-1.0693539,0.08385065,-0.9075671,-0.63909006,0.7040546,0.13319588,0.09179304,0.21186155,-0.19250123,0.303405,-1.1870834,-0.7419334,-0.5192284,-0.75118375,1.1571822,0.29393432,-0.370002,-0.14331037,4.1647763,0.016145974,0.9487155,0.052193396,-0.12480569,-0.70335954,2.6094444,-0.40403265,-1.0823902,-1.0515862,0.5166517,-0.54567945,-0.7565242,-0.40442926,0.3261571,-0.5224143,-1.1250204,-0.90110683
-0.6161104,-0.5332096,0.13883303,0.093758635,-0.9881126,-0.61924386,0.9195359,2.030334,0.91467965,0.51061535,-0.5264133,-0.24426065,0.4617756,0.49131227,-0.5736121,-0.42252192,2.8786628,1.5901151,-1.0554817,-0.03997826,2.174088,0.79995644,-0.83339995,-0.16938989,2.1265209,-0.11250779,1.5309246,-0.26417673,-1.2476575,1.3474214,1.8257357,0.8806228,4.1196537,1.3483588,-0.97689754,-0.18233581,-0.5640441,-0.6187793,2.5129495,1.3776839,-0.30649933,-0.10159698,-0.6263294,-0.074044935,-1.1223608,-0.26867008,-0.44614834,0.23978195,0.6009581,0.18196192,-0.30115598,-0.15000223,1.2551547,-0.100938834,-0.41809925,0.39546445,-1.0970243,0.14898562,0.23024641,-0.8498557
-0.39105293,-0.26561192,2.8261795,0.068441264,-0.85599107,-0.4864309,1.0403506,0.9643352,-1.3013233,-0.65293056,-0.39273712,-0.19658303,-0.7656514,-0.15700671,-0.36087063,-0.31395411,0.016164199,0.8601287,-0.8990242,-0.4887008,-0.8381444,-0.10573126,-0.6905059,-0.34226993,0.8481079,0.19366968,-0.8524988,-0.5753944,-0.9350907,0.4658753,0.9909226,0.4592113,1.8244755,0.51653534,-1.1137413,-0.6513335,-0.46654183,-0.5743189,0.3327035,0.6695301,2.080877,0.068087846,-0.84580237,-0.03556596,-0.892908,0.13247874,-0.95172125,-0.18760742,-0.107771315,0.0095644705,-1.2081586,-0.9860756,-0.96149856,-0.42769867,2.8751473,-0.2509648,-0.9781245,-0.35939336,-1.0839576,-0.7332224
-0.26409745,-0.20088318,-0.8055378,0.07501917,-0.78463185,-0.5989574,-0.81371856,0.86257005,-1.2608725,-1.1757864,-0.29657573,-0.151764,-0.7313116,-0.33979663,-0.25550237,-0.30337882,-1.1690145,0.8405466,-0.8181028,-0.62439036,-1.0926132,-0.69848526,-0.9869925,-0.47503418,-0.3943785,0.14066125,-0.7724927,-0.6651258,1.1085117,0.4453114,-1.0940827,0.43993816,1.0749658,0.5461372,-1.011632,-0.7374165,-0.8979913,-0.7661423,0.72542834,0.65400743,1.158311,0.022559451,-0.7415399,0.12558195,0.4425018,0.24632682,0.14364028,-0.61789703,0.23038203,-0.2062873,-1.3055259,-1.2143217,-0.8322918,-0.5214822,-0.5469587,-0.3521219,-0.5623422,-0.45496976,-0.9073838,-0.92476547
-0.41942555,0.13001108,-0.16170782,-0.34180593,-0.87831193,-0.5290647,0.88656455,0.34154302,-1.3210211,-1.5131311,-0.3865638,-0.091736406,-0.7623205,-0.5171012,-0.3989636,-0.043023452,1.0395415,-0.034547087,-0.9237581,-0.583473,-0.2036822,-0.515063,0.2646725,-0.5769478,-1.0147123,-0.24023497,-0.8671882,-0.53223354,0.7821424,-0.012575503,0.3286237,-0.25684685,-0.93109316,-0.25083658,-0.8527017,-0.5005765,-0.7575224,-0.4832731,1.4498241,-0.046236686,-0.89745855,-0.5357049,-0.88593614,-0.30805606,-0.2554612,-0.34122574,-0.81320393,-0.5498196,0.40675697,-0.30961755,-0.5294924,-1.1295446,-0.988906,-0.4509503,-1.1574669,-0.35773873,-0.98455524,-0.5693393,-1.098097,-0.51242995
-0.3355099,-0.16212612,-0.13996989,0.119021565,0.5597251,0.61965346,1.7382704,0.4494672,0.7606147,0.5048077,-0.33622745,-0.17752552,0.5608238,0.21957305,-0.31453535,-0.21173488,0.35201496,0.37371898,0.68056464,-0.42262772,0.010307016,0.1899525,-1.0391033,-0.7561755,-0.18625629,-0.33475417,0.78494847,0.3984048,-0.8613945,-0.2500401,1.7914648,0.364906,-0.017892055,0.9816383,-0.8048507,0.13476364,-0.72861445,-0.18448637,0.99074304,0.41452178,2.2914343,-0.14399977,2.1222737,-0.37227046,2.4416132,-0.17409647,0.75601125,0.45791402,1.3666279,-0.3662434,-0.47712934,-0.4937858,-0.9043745,0.21024568,-0.48639026,-0.12765147,0.9033653,-0.44028616,-0.5224103,0.3763175
-1.1330693,-0.9830417,1.2914293,0.08707965,0.17114821,-0.80564463,1.918653,1.9450353,0.8165424,-1.8506874,-0.90227383,-0.5175135,-0.94290197,-0.8493736,-1.0133519,-0.7943776,0.8285297,2.1841633,-1.3810735,-1.343583,1.2201864,0.43134993,-1.0646571,-0.54648215,-1.3082335,0.687419,0.7946906,-1.2289861,0.014794853,-0.3849021,1.4770254,1.886056,3.2013252,1.5828327,-0.9837183,-1.2081026,-0.9130731,-1.1799772,2.5448825,2.3467865,1.7591949,0.9719189,0.5538282,0.54526633,-0.75499773,0.8623483,-0.049644772,0.18332878,1.423775,0.6690751,-1.6587075,-1.6582516,-0.47198576,-0.712464,0.4327941,-0.12476809,-1.3768289,-0.6506453,-1.1714442,-0.94593906
-0.84645766,-0.84092003,-0.21448652,0.03822983,-1.1122303,-0.3814338,0.87162584,1.5749633,0.6156951,0.10549922,-0.6964172,-0.42740154,-0.8749361,-0.099481404,-0.7794478,-0.5699596,0.8312086,1.8478981,-0.80357814,-0.6777302,-0.7009253,0.53695756,-0.14133362,-0.12773998,0.46482387,0.2442247,0.14322467,-0.068632744,-1.551531,-0.025817052,1.9682655,1.6497267,0.08568464,1.8518729,-1.5057902,-0.607554,-1.249151,-0.8606998,2.286941,2.0121975,3.9335477,0.36407506,3.0236762,0.1620968,2.3669736,0.23156507,1.8617674,0.6017252,2.7032957,0.09794714,-0.6240866,-0.23990044,-0.49282423,-0.07451498,0.007710767,0.674163,-0.6402502,-0.14896247,-0.75500375,-1.022096
-0.35570738,-0.22210689,0.30220145,0.0138655,0.4727881,-0.23690279,0.92942286,0.9010109,-1.2963989,-0.30571285,-0.3604459,-0.15929064,-0.755976,0.122508615,-0.3408217,-0.12686314,2.2163615,0.7854107,-0.8858709,-0.47089908,1.6606225,-0.13918623,0.23531194,-0.614174,0.8722962,0.254433,-0.83685285,-0.19981709,0.98101693,0.1942436,1.1817592,0.5477469,-0.09113608,0.79125315,-1.0942725,-0.48753437,-0.9535942,-0.46490872,1.4258348,0.99399835,0.8451251,-0.1695229,-0.22257371,0.091858946,-0.2373322,0.11161944,1.0592952,0.028193807,0.93283826,-0.1526787,-0.60433203,-0.69967544,-0.9292721,-0.24913438,-0.5941184,-0.24964695,-0.29563016,-0.48578823,-1.0688324,-0.4316799
-0.15180917,-0.15227905,2.7676775,-0.022393942,-0.72274214,-0.5453962,1.0395678,0.9891271,-1.2123314,-1.4513141,-0.20801225,-0.16386315,-0.70093715,-0.43358523,-0.1528073,-0.19083345,-0.105464175,0.7361856,-0.7439487,-0.8082324,-0.942867,-0.25273606,-0.5557452,-0.7713476,-0.6425329,-0.1555014,-0.7034182,-0.5852697,-0.61718935,-0.121679865,1.6672605,0.12635785,0.9293227,0.17732367,-0.92068076,-0.71772474,-0.117954105,-0.7633846,-0.33056778,0.79714394,0.114091225,-0.020995896,-0.6393269,-0.15857625,-0.668944,0.08119016,-0.3849423,-0.5788056,0.7530146,-0.07992307,-0.8811262,-1.1284895,-0.7048921,-0.4887834,-0.04318206,-0.4403384,-0.8414376,-0.49796414,-0.717975,-0.68549716
-0.5384463,-0.35094264,-1.0888826,-0.11819259,-0.93738335,-0.4560289,2.659567,0.87341267,-1.3561958,-1.3433285,-0.5045693,-0.2840526,-0.8054634,-0.67136955,-0.4969806,-0.24759918,1.5351824,0.7441216,-0.5599116,-0.73968047,1.1312745,-0.4873481,-0.7745734,-0.61828065,-0.03921541,0.20780346,-0.9506788,-0.6098384,0.61376977,-0.15595745,2.246408,0.52030444,1.8680221,0.47006854,-0.47161174,-0.6193989,-1.0609362,-0.79086727,1.2182956,0.83314186,0.42006418,0.11119967,1.7661686,0.0786266,0.2853211,0.5828338,-1.0567249,-0.51824,-0.11618612,-0.08851084,-1.3048009,-1.3961458,1.227691,-0.4581665,1.9356221,-0.30287638,-0.423301,-0.56018037,-1.0154996,-0.8619765
-0.6863206,-0.56955135,-1.2595314,0.10123086,0.2675323,-0.60255355,0.930763,0.42582732,-1.4152892,-0.86494726,-0.60073066,-0.5201598,-0.83583784,-0.7422216,-0.6268531,-0.5373447,2.361851,0.8777244,-0.69452393,-0.7485563,0.0019134777,-0.5504781,0.4733335,-0.61688876,2.6220963,0.6244589,-1.0379956,-0.7699156,0.5416004,0.011405699,1.8731306,1.0803078,0.5692946,0.8741266,-1.3613726,-1.2337778,-1.149581,-1.1999085,0.9712168,0.94755894,-0.34721744,0.43649042,1.9326243,0.6161027,1.5349231,1.3777773,1.4863111,-0.76901644,-0.36807716,0.19983666,-1.405655,-1.4888836,-0.20810063,-0.9714724,-0.44231835,-0.28436598,-0.558804,-0.6298257,-1.077006,-1.1729128
-0.900558,-0.61631423,1.8885909,0.16931592,0.12843178,-0.9072225,0.849751,0.48784667,-1.5035776,-1.2116817,-0.7358315,-0.6457436,-0.88564247,-0.92514133,-0.8184318,-0.79134953,0.8162626,0.88060117,-1.2342904,-0.8953617,0.20426247,-0.5860767,-1.0027605,-0.7993277,0.4019366,1.0444074,-1.1686289,-1.063613,-1.609915,0.25773335,2.0200965,1.4177207,1.5293665,1.2428409,-1.0255462,-1.6220659,-0.5665913,-1.4136636,1.3716093,1.0938989,-1.589723,0.63920295,0.6917854,1.1528316,2.433032,1.6626649,2.342847,-0.48449156,0.9481987,0.24103488,-0.76645166,-1.822062,-0.5524081,-1.3370166,0.64943665,-0.48638695,-0.59224236,-0.6113568,-1.1685556,-1.3722101
0.30840445,0.25984192,-0.20835617,-0.18537766,-0.46593925,-0.55439544,-0.5959079,-0.39211184,-1.0529903,-1.3890448,0.111101136,0.07651138,-0.5887974,-0.5571794,0.2483941,0.1678169,-0.7480035,-0.64966697,-0.4502393,-0.41205522,-1.0033978,-1.0754231,-0.6139552,-0.6885383,-0.06624741,-0.28422067,-0.41967314,-0.4815855,-0.021198325,0.05758867,-0.7490533,-0.6423535,-0.583468,-0.36885953,-0.5455435,-0.5771822,-0.55895585,-0.5625892,-0.9291286,-0.70255756,-0.58259875,-0.58665895,-0.24900442,-0.18479635,-0.25367934,-0.16478257,-0.45641494,-0.7198126,-0.58653903,-0.65117025,-0.94033456,-0.9824804,-0.22450803,-0.39301524,-0.34245104,-0.38959205,-0.5943338,-0.67481744,-0.7553007,-0.767848
0.2583917,0.27182874,-0.2630993,-0.2309689,-0.49400944,-0.43447584,-0.6158924,-0.54365885,-1.0723363,-1.3189162,0.07714785,0.1862628,-0.6010106,-0.55358124,0.20294985,0.2168995,-0.78592855,-0.7366283,-0.4837421,-0.39826465,-1.0338912,-0.9894601,-0.6476366,-0.6606664,-0.13345306,-0.09733941,-0.4507601,-0.42361262,-0.087682985,-0.068183206,-0.779445,-0.77979535,-0.63856393,-0.5381363,-0.58744496,-0.36755487,-0.5893332,-0.41825214,-0.94339645,-0.86175406,-0.62436855,-0.53900176,0.2270074,-0.33698952,0.24309877,-0.27502966,-0.6857158,-0.7088932,-0.6282317,-0.60910344,-0.9733099,-1.0019054,-0.2782187,-0.21765459,-0.39852017,-0.4078664,-0.62149334,-0.53543586,-0.77975976,-0.6145926
0.2939777,0.36696753,-0.22137326,-0.2821599,-0.47315407,-0.51191014,-0.60085356,-0.6361899,-1.0579147,-1.2940106,0.09851705,0.15699857,-0.5933972,-0.5742706,0.23703304,0.3007011,-0.75748473,-0.81025696,1.1077024,-0.2436553,-1.0114592,-1.1462814,-0.6226933,-0.74738574,-0.082722865,-0.016934702,-0.4290334,-0.45639032,-0.038980257,-0.007974722,-0.757429,-0.8838681,-0.5958828,-0.47831106,-0.5557719,-0.578698,-0.5669499,-0.6685316,-0.93279195,-1.0819538,-0.5930759,-0.69311833,-0.2606176,-0.31606358,-0.2665467,-0.36682788,-0.653612,-0.70724505,-0.59794146,-0.69955945,-0.9482705,-1.0103033,-0.24006906,-0.3004895,-0.35628763,-0.41796124,0.47581634,-0.4234891,-0.7618929,-0.85986906
0.28796655,0.30821726,-0.22797097,-0.21538691,-0.47664875,-0.4887827,-0.60337687,-0.5078528,-1.0596734,-1.3166676,0.09756731,0.093220696,-0.5937144,-0.54975754,0.2314639,0.2850092,0.13985549,-0.6551724,0.17633608,-0.25398403,-0.24549553,-1.032063,-0.6273007,-0.69826156,-0.09007163,-0.05184173,-0.43183464,-0.46159706,-0.046290603,-0.030937165,-0.7607314,-0.75857085,-0.2243503,-0.37366328,-0.5609442,-0.57460576,-0.5704584,-0.6227442,-0.93460435,-0.86135346,-0.5986267,-0.6342437,-0.26522872,-0.28779614,-0.27113575,-0.2871989,-0.6589872,-0.7323403,-0.6025546,-0.6550676,-0.95246655,-1.0174419,-0.24528953,-0.31039304,-0.36403197,-0.3628133,0.32026422,-0.41676056,-0.76451135,-0.8031633
-0.8906997,-0.791497,3.2368412,-0.08143892,-1.1368058,-0.51997155,1.8646874,2.0620487,0.8731736,0.7781273,-0.75197715,-0.5118127,-0.894049,-0.045218516,-0.8113033,-0.6744169,1.8066595,1.1860944,0.6961997,0.21173294,-0.5578611,1.1969874,2.3864028,0.8285696,-1.600243,-0.8478748,-1.1692438,-0.8331511,0.10579173,-0.17272258,1.1818476,0.7916445,1.2397976,0.6936288,-1.3211474,-0.5631469,-0.43493456,-0.8083174,1.4578279,0.867603,-0.7284226,-0.505083,-0.10274121,-0.8334266,-0.6826577,-0.7312322,1.0369225,0.3997881,-1.565664,0.2898364,0.57380843,1.1303705,-1.4966975,-0.09381897,-1.2275077,-0.12993926,0.98380613,0.9174452,-1.05116,-0.805044
-1.1436489,-1.1003634,1.222123,0.1009325,0.40028092,-0.57908773,2.047285,2.6772537,0.90236855,1.6478769,-0.9359897,-0.49924868,1.2958722,0.7046227,-1.036074,-0.6566572,1.5151981,1.6497456,1.9692643,2.9336467,2.0166197,2.1934912,1.5563368,1.4601148,-1.0184277,-1.1304262,-0.18743482,-0.77378494,0.2252305,1.46974,0.8819889,1.0677121,-0.22662726,1.6193718,1.4556502,-0.19233178,0.5467886,-0.5723157,1.7262132,0.9995169,-0.23615132,-1.0037364,-1.5134748,-1.4811397,-1.6058315,-1.1110215,1.8823969,1.2603154,-1.249971,0.15904093,0.24155945,1.5812738,-0.3460077,0.70424837,0.29192325,0.39059108,0.66621864,3.338505,-0.17231272,-0.69882065
-1.3941936,-0.91720814,0.4236154,0.20208116,-0.26579556,-0.20485394,2.028584,3.1459002,0.90553427,1.4179804,-1.084387,-0.36933678,0.3595629,1.0292815,-1.2615132,-0.5011799,0.7165761,1.865898,0.88450664,2.0808928,2.3133838,2.0098693,-0.76248544,1.49072,-2.2679138,-0.9795747,-1.0082462,-0.63520265,0.3588857,1.7811282,5.29378,0.63672024,0.92691875,1.546429,0.15201157,0.077598594,-1.2145412,-0.7668072,1.1300849,1.3328915,-1.182821,-0.6092373,0.09196031,-1.0788883,-1.8496814,-0.7100799,2.9256618,1.3234066,1.292358,-0.061166335,0.70283866,1.7246355,1.5731483,0.7715723,0.103889726,0.58803,2.255467,2.8986292,-0.82499015,-0.7649239
0.2966226,0.30843446,-0.21727198,-0.23997602,-0.47180128,-0.45813408,-0.5994405,-0.6318825,-1.0558043,-1.2187703,0.10041653,0.14400265,-0.5925248,-0.5020138,0.2385924,0.26690194,-0.7543421,-0.7410243,-0.45748314,-0.27103418,-1.0095899,-1.0713282,-0.6207868,-0.655885,-0.0770335,0.01614203,-0.42677873,-0.4157663,-0.03473235,-0.023979923,-0.755371,-0.8052826,-0.59243923,-0.48063585,-0.55338913,-0.47267237,-0.56521785,-0.5166171,-0.9317122,-0.8927709,-0.5907168,-0.65073436,-0.25745815,-0.26473382,-0.26312742,-0.26439226,-0.65140307,-0.6146134,-0.5948079,-0.6048702,-0.9456252,-0.98373806,-0.23575214,-0.25901175,-0.35349965,-0.38874665,-0.6013803,-0.47892326,-0.7604143,-0.67297345
0.21390918,0.10892213,-0.30375543,-0.08807007,-0.5180213,-0.2510985,-0.6311331,-0.012272135,-1.0864062,-0.44420776,0.043432,-0.14024623,0.6178617,-0.658002,0.16641624,0.14828636,-0.81383973,-0.2501495,0.32045454,0.017112885,-0.5220762,-0.5307568,-0.67504245,-0.3270893,-0.18228678,-0.1021923,-0.47720104,-0.5196921,-0.14310333,-0.15487777,-0.8049549,-0.23963532,-0.6805202,-0.1258123,-0.6215589,-0.29454783,-0.61375934,-0.31960726,-0.9545793,-0.31588098,-0.65940803,-0.50146586,-0.32944277,-0.39612982,-0.33979166,-0.24069452,-0.71840864,-0.24416761,-0.6618296,-0.34444374,-0.12690899,-0.49231642,-0.32239193,0.11092167,-0.08329856,-0.07904826,-0.6460532,0.016594306,-0.79965967,-0.409469
0.16822444,0.28528246,-0.3456598,-0.27362537,-0.5425968,-0.43003476,1.2133588,-0.48116893,-1.1008278,-1.1269968,0.004730006,0.10333029,-0.62678534,-0.44961342,0.12587285,0.25974882,0.7134607,-0.6267641,1.0330654,-0.10463526,-1.082961,-1.0226103,-0.70236886,-0.70829916,-0.23432079,-0.0694197,-0.50555503,-0.46387783,-0.20158613,0.06471605,-0.2557008,-0.78211504,0.019374961,-0.43374375,-0.6573582,-0.5017908,-0.6404061,-0.5854504,-0.22096558,-0.901751,-0.69416994,-0.66541666,-0.36710024,-0.3534212,-0.38082322,-0.32415313,-0.7533841,-0.6612588,-0.6969071,-0.648539,-0.14690796,-0.86261743,-0.36947662,-0.26837805,-0.49217522,-0.3365979,1.5061654,-0.34354982,-0.8209458,-0.7614595
-0.8589608,-0.32797936,-0.07010678,0.31771898,-1.1189941,0.123590596,2.143561,2.011377,0.60443926,1.3151059,-0.7061521,-0.32352954,-0.879298,0.22500528,-0.78078437,-0.33569574,1.1211047,1.3940606,-0.36260328,2.3588438,1.0221428,0.2821908,0.042073004,0.5877261,0.91426325,-0.5656302,-0.4793134,-0.32149413,0.7881526,1.9478922,1.5163634,0.15372305,3.2166665,1.2249188,-0.29344827,0.1916699,-0.94003886,-0.3997354,1.4983164,1.3469374,1.181008,-0.7655667,-1.2631084,-0.594176,-0.15579139,-0.6030664,1.2906606,0.55437255,-0.31370506,-0.33596393,0.6472863,0.74410397,0.9759441,0.45910728,-0.6518677,0.03622495,-1.2311116,2.0721006,-0.84512216,-0.55770254
0.22881684,0.3749769,-0.2857455,-0.2578962,-0.5084391,-0.37638894,1.2578366,-0.46634668,-1.0804265,-1.1105415,0.05269199,0.10632202,-0.6090999,-0.5521693,0.17866838,0.24263476,0.21095207,-0.63164914,-0.5008986,-0.25303596,-1.0488458,-1.0121638,-0.66479504,-0.72496456,-0.16201842,-0.052884888,-0.4690023,-0.42699075,-0.121863805,0.042633194,-0.7953827,-0.79620904,-0.24795042,-0.564738,-0.60778546,-0.47095603,-0.6042553,-0.5159713,-0.19634284,-0.8837705,1.2112874,-0.6602699,0.62065816,-0.32507092,-0.32575455,-0.3763303,-0.7053757,-0.6741925,-0.6480771,-0.647223,-0.109189354,-0.84124994,-0.3068309,-0.1876731,-0.42670962,-0.36445704,-0.6382543,-0.39902622,-0.79198927,-0.70667267
0.29469904,0.28284943,-0.22208653,-0.30216002,-0.47315407,-0.41396424,-0.60075265,0.32831764,-1.0582665,-0.9503978,0.100891404,0.05807629,-0.5921283,-0.7297148,0.23658751,0.16028373,-0.7575913,-0.24017261,-0.4592941,-0.064353034,-1.011284,-0.6938634,-0.6225344,-0.63349265,-0.08367109,-0.11671403,-0.42780358,-0.58566654,-0.03730085,0.12849268,-0.7572854,-0.7924251,0.5736414,-0.40804785,-0.55594623,-0.5824819,-0.566639,-0.7083173,-0.93290764,-0.61796427,-0.59286773,-0.6885218,-0.26044682,-0.39514714,-0.2665467,-0.41386893,-0.6540538,-0.52179086,-0.5972451,-0.5614337,-0.94854414,-0.6285847,-0.23866355,-0.24258994,-0.35649413,-0.4303364,-0.60185915,-0.056982778,-0.7616465,-0.85166943
0.13095532,0.15363723,0.77245754,-0.123923495,-0.56807417,-0.5430722,-0.6665601,-0.2541546,-1.1208774,-0.64222217,-0.013789968,0.004173961,0.71532196,-0.2503456,0.08844818,-0.031272173,-0.88228595,-0.36894783,0.99311996,-0.061037917,-1.1117018,-0.5064753,-0.7326344,-0.42783755,0.41885,-0.09718995,-0.52967304,-0.32934913,0.9485963,0.07277212,0.5734401,-0.3795437,0.10172409,-0.24659337,-0.6960052,-0.3507466,-0.66594255,-0.40700614,-0.9801071,-0.4368831,0.22937372,-0.41252133,-0.40663627,-0.2623318,0.82127935,-0.31807268,-0.79307204,-0.34046456,-0.7321588,-0.389411,0.25677168,-0.37205794,-0.414453,-0.19855882,-0.5422554,-0.24778451,0.394486,-0.080889724,-0.84069175,-0.5649094
0.1497101,0.18107297,-0.37847,-0.22424695,-0.5553355,-0.41092825,-0.6558614,-0.39467895,-1.110325,-0.6472601,-0.0014433182,0.03342043,-0.628768,-0.38274455,0.10871988,0.13727765,0.50057626,-0.4885861,-0.55394065,0.015785601,-0.0052011684,-0.6817106,1.4503804,-0.44633755,-0.26608643,-0.099520236,-0.5178532,-0.35230884,-0.22687598,0.08890319,-0.8454931,-0.6089899,-0.33065107,-0.35312966,-0.6768851,-0.40459773,-0.6526192,-0.40943396,-0.9730118,-0.7593571,-0.7138753,-0.42147478,-0.066397086,-0.28662068,-0.40169895,-0.30353522,-0.7724549,-0.44692937,-0.71518576,-0.45204586,0.40527463,-0.48917204,-0.38935456,-0.2104641,-0.51798975,-0.35835367,-0.68073803,-0.18855643,-0.8293247,-0.5662047
0.19274993,0.2863158,-0.32461846,-0.20708843,-0.5299709,-0.47789037,-0.6394095,-0.6024514,-1.0930893,-1.1379479,0.0253869,0.14208989,-0.61885464,-0.49381074,0.14503072,0.2650898,-0.8294465,-0.716719,-0.5254895,-0.14380875,-1.0710441,-1.0502901,-0.6896589,-0.63968307,-0.20883717,0.009600788,-0.4925737,-0.4176412,-0.17165321,0.045463078,-0.8186431,-0.8007719,0.04076694,-0.41390094,-0.63910985,-0.5085841,-0.6273936,-0.57758576,-0.9605178,-0.9518857,-0.6770318,-0.5854421,-0.34874114,-0.27686122,-0.3599475,-0.33254844,-0.7359332,-0.62698996,-0.6794989,-0.62677383,-0.02955192,-0.91291964,-0.3453821,-0.22541934,-0.46821937,-0.3830779,-0.6587094,-0.34150586,-0.8098869,-0.7636114
0.27522293,0.3632458,-0.24170133,-0.23973094,-0.4843145,-0.50543344,1.267489,-0.5409282,-1.0642462,-1.2269492,0.08450835,0.14120038,0.7629679,-0.59086794,0.21765241,0.3320004,0.23862882,-0.7457695,-0.47263804,-0.10275916,-1.023201,-1.0827553,-0.6358799,-0.74974304,-0.108562075,-0.03638122,-0.4415365,-0.41601413,-0.06515921,0.12580991,-0.76925063,-0.8804235,-0.6186279,-0.4048392,-0.5726836,-0.57669115,-0.5784524,-0.6602579,-0.187576,-1.0230414,-0.60972834,-0.676432,-0.2776958,-0.30380657,-0.28490293,-0.32780787,-0.67113656,-0.742041,-0.61282545,-0.6694622,-0.20650864,-0.971734,-0.25924426,-0.25884217,-0.37910765,-0.3332804,-0.61348915,-0.32278338,-0.7712884,-0.85210204
0.2761847,0.3310657,-0.24205796,-0.27315322,-0.4843145,-0.50990003,-0.6082216,-0.4401267,-1.0649496,-1.1551592,0.08640784,0.16538234,-0.5972039,-0.6242485,0.22099389,0.35753417,-0.77170664,-0.7250845,-0.4716849,0.04764928,-1.0229089,-0.9847234,-0.6351649,-0.660678,-0.10796943,-0.014950803,-0.4397601,-0.47291178,-0.06387496,0.016063757,-0.768772,-0.94244343,-0.61772174,-0.34010142,-0.57169557,-0.51956874,-0.5785412,-0.65942043,-0.93811345,-1.0071634,-0.6090345,-0.6391262,-0.27624416,-0.33693832,-0.28427306,-0.35922715,-0.6701057,-0.68371314,-0.61343473,-0.6590553,-0.960813,-0.9433298,-0.25974625,-0.21097273,-0.37786856,-0.26014528,-0.6125998,-0.06413592,-0.7711652,-0.8437327
0.29133278,0.32003602,-0.22636612,-0.24736169,-0.4750705,-0.5314977,-0.6020647,-0.6586572,-1.0596734,-1.2463206,0.09804218,0.15419012,-0.59347653,-0.566242,0.23235495,0.30792445,-0.76046765,-0.78469664,0.283389,-0.17311233,-1.0136791,-1.0795128,-0.6249175,-0.6825322,-0.089004874,-0.014570867,-0.43060482,-0.45122963,-0.043623313,0.04170974,-0.7594391,-0.87022305,-0.60122925,-0.40401444,-0.5592588,-0.5944551,-0.5689484,-0.6165683,-0.93402594,-1.0368875,-0.5961288,-0.67103916,-0.26411864,-0.2877014,-0.27077582,-0.28435948,-0.6578091,-0.6751351,-0.6005527,-0.6830023,-0.95109826,-1.0091517,-0.2426793,-0.28482974,-0.361244,-0.3590431,0.47365975,-0.41336066,-0.7634948,-0.81865436
0.0895986,0.25402397,-0.4357096,-0.17121238,-0.5873513,-0.45422402,-0.6786719,-0.46895936,-1.1286157,-1.2569826,-0.045606334,0.06412727,0.70212954,-0.5749688,0.05971138,0.17444462,-0.9059358,-0.5600344,-0.5885396,-0.48960024,-1.1308625,-0.92178404,-0.7560684,-0.5109206,0.38625225,-0.057955578,-0.5530395,-0.49245298,0.9044026,-0.1535675,-0.88091016,-0.60226244,-0.813004,-0.3853583,-0.7218086,-0.51116985,-0.68686026,-0.5274314,-0.9876267,-0.60482156,1.4651845,-0.23334903,-0.4322536,-0.25340852,-0.45073885,-0.30337232,1.1848736,-0.6456492,-0.7597508,-0.53652567,-0.33103764,-1.0634339,-0.45531327,-0.20149502,-0.5788087,-0.26628438,0.07875981,-0.5821249,-0.8571415,-0.69167215
0.17543782,0.2835561,-0.3501177,-0.19024634,-0.540004,-0.44277236,1.2131615,-0.61610234,-1.1015313,-0.8585671,0.017314091,0.08355705,-0.6216304,-0.42119518,0.13121924,0.28999975,0.15885632,-0.6524106,-0.5371178,0.0876008,-1.0826105,-0.88078374,0.7269749,-0.5648372,-0.2368099,0.03908131,-0.50131905,-0.36278024,-0.19427578,0.04680968,-0.31955227,-0.7022827,-0.7249231,-0.30392903,-0.3546492,-0.46724862,-0.6368088,-0.5269011,-0.22133775,-0.8872767,-0.692019,-0.46322763,-0.36436772,-0.33155036,-0.377134,-0.34690538,-0.7517642,-0.45041755,-0.6943829,-0.50436383,-0.1454177,-0.7442515,-0.3628506,-0.24738297,-0.48856118,-0.28258583,-0.6665084,-0.18670242,-0.81715685,-0.6941286
0.27594426,0.28967068,-0.23956154,-0.23984163,-0.4839763,-0.51889986,-0.6082216,-0.58068955,-1.0638944,-1.1798136,0.086645275,0.13716038,-0.5975211,-0.45015553,0.218989,0.27621835,-0.7697891,-0.72006595,0.27393377,-0.09947312,0.08401868,-1.044974,-0.63500607,-0.6835796,-0.104887694,-0.03723026,-0.43962345,-0.43724316,-0.06397375,0.049063914,-0.76834124,-0.7992932,-0.23702973,-0.40110216,-0.5718118,-0.523496,-0.5781415,-0.582114,-0.93765074,-0.95621216,-0.6092426,-0.64116067,-0.2768419,-0.3227335,-0.28274336,-0.3296783,-0.6690749,-0.64141583,-0.6123032,-0.667225,-0.9598552,-0.92121536,-0.25783876,-0.27629244,-0.37786856,-0.33945897,0.46413642,-0.34463838,-0.77073395,-0.7881904
0.29157323,0.3464365,-0.2251179,-0.24289213,-0.47529596,-0.54224455,-0.601661,-0.65752274,-1.05897,-1.259046,0.09780475,0.14329663,-0.5935558,-0.5437876,0.23346879,0.33101726,-0.75908273,-0.80839425,0.373532,-0.14468539,-1.0128028,-1.0850165,-0.6244409,-0.6992508,-0.08627872,0.015672188,-0.4299216,-0.4547208,-0.042833008,0.011850116,-0.75896055,-0.818816,-0.22094351,-0.37229154,-0.55902636,-0.62051487,-0.5688596,-0.6690111,-0.9335632,-1.0223513,-0.5961288,-0.6490702,-0.26360628,-0.27954355,-0.26906618,-0.28838658,-0.6564837,-0.68162525,-0.60011744,-0.69352,-0.9501861,-1.0905261,-0.24147458,-0.30605856,-0.3605212,-0.35724223,-0.60370624,-0.40399978,-0.76303273,-0.8722047
0.22256523,0.34665978,-0.29430467,-0.2415529,-0.5129484,-0.45962352,-0.6279033,-0.4484416,-1.083944,-1.0019103,0.044381745,0.1250554,-0.61266875,-0.55808437,0.17309922,0.29840612,-0.22339608,-0.5862106,1.9056615,-0.10331451,0.61100656,-0.86273974,-0.668608,-0.6167001,-0.17221187,-0.069628276,-0.1668276,-0.40188923,0.9407696,0.02796608,-0.80069524,-0.75103146,-0.6713677,-0.42318392,0.005810604,-0.5655498,-0.6095403,-0.5493277,-0.95222706,-0.8356982,-0.6516369,-0.6108596,-0.0099826595,-0.25577918,-0.3341228,-0.36790165,-0.7112663,-0.6147743,-0.6559108,-0.6393858,-0.9931954,-0.83221906,-0.315264,-0.2355489,-0.43528003,-0.38247606,1.53778,-0.25614014,-0.45755196,-0.713916
-0.97173,-0.6320154,-0.326557,0.53473014,-0.013150672,-0.09130608,0.59041995,1.8056221,0.9132727,1.2106386,-0.7840309,0.13805832,2.3627954,2.4059088,-0.8812518,-0.9916071,2.4346762,2.0067394,2.5737019,2.508491,1.0622028,1.7019193,2.8281994,0.69464684,-1.7301502,-0.037281964,1.1929796,0.5584395,3.0254767,2.905661,1.3991181,1.4272866,1.6881206,1.0273279,-0.9287965,1.0759104,-1.3187435,-0.07997127,0.3222425,2.2160597,0.7398224,0.61496615,0.2238971,0.6693188,1.5829682,1.1261775,1.6492041,1.0341237,1.990422,0.7910687,2.2479272,2.5095606,-1.5837389,-0.2840604,4.17748,1.1131874,2.3962522,2.3040276,-0.57632977,0.18228705
-0.9878399,-0.89857274,-0.37422746,1.1085571,-0.043395594,-0.45466635,1.4486876,0.9759644,0.90729296,1.4624038,-0.796615,-0.62459004,2.4554367,1.8598233,-0.9077609,-1.3720931,-0.70215786,1.5260122,0.8742261,1.4308887,2.3558145,1.2548323,-0.77853924,1.2177227,-1.7732946,0.13434033,2.312043,0.6670527,1.6598501,1.6594704,1.3129199,1.7990272,0.45226493,1.0704325,-0.015718628,0.031174563,0.3971299,-0.370504,2.0095532,2.1213772,1.0015815,1.5586275,0.43880543,1.3051956,-0.026654916,1.115105,1.695633,0.75309414,-0.36596766,1.4310516,0.9519565,2.5558379,-0.6578141,-1.3424745,1.9082763,0.42334247,1.3901471,1.0427333,0.7874515,-0.027461415
3.4543078,-0.25737292,-0.6611015,0.23775212,-0.70256317,-0.26119423,-0.7603257,1.1117796,-1.211628,0.40558043,-0.19210407,-0.066179715,-0.69514775,0.50990653,-0.131199,-0.34129298,-0.4783097,0.5359303,1.1827387,1.4191682,-0.33079195,0.6586205,-0.53973377,0.31530303,-0.6163381,-0.16678645,-0.6858592,0.15648738,-0.57945216,1.4423251,-0.58173704,-0.14302666,0.110678904,0.3806172,-0.8952842,0.5149878,-0.8115226,0.06379594,-1.0490168,0.40018114,0.018375784,-0.08411069,-0.62190706,-0.4551845,-0.6534672,-0.21100701,0.70033395,-0.002615651,-0.9326143,0.119339556,0.33542615,0.9647468,0.7830104,-0.08646411,-0.36338618,-0.34335738,1.212105,0.88734674,-0.5112937,-0.10517874
0.2783487,0.39158955,-0.24045312,-0.22594309,-0.48307446,-0.48460236,-0.60690945,-0.5560134,-1.0638944,-1.1670191,0.08901963,0.15372382,-0.5964109,-0.57694834,0.22210772,0.36568516,0.26476496,-0.7051902,-0.46973097,-0.044546925,-1.0212148,-1.0447801,-0.63349676,-0.70524913,-0.10310976,0.011066884,-0.43818867,-0.44531408,-0.059231896,0.13092344,-0.7674319,-0.90204966,-0.61436886,-0.46147776,-0.5701846,-0.590024,-0.57689804,-0.6823777,-0.16933179,-0.95580983,-0.60709167,-0.6137576,-0.2751341,-0.30106854,-0.28130367,-0.30813977,-0.6671604,-0.79344136,-0.61117166,-0.7129786,-0.9584869,-0.96616733,-0.25603166,-0.26260754,-0.37528712,-0.31951728,-0.6108211,-0.30065116,-0.76947093,-0.8223993
0.30191243,0.31772467,-0.21477556,-0.22884616,-0.4693212,-0.37894922,-0.59802747,-0.5735612,-1.0551008,-1.1035751,0.10658986,0.13046849,-0.5902249,-0.5062882,0.24349326,0.23937862,-0.75221145,-0.654444,-0.45386124,-0.11427559,-1.0069612,-0.9580979,0.24408616,-0.644826,-0.07359617,-0.029321123,-0.42356756,-0.39055416,-0.02880504,0.007520004,-0.75269073,-0.806373,-0.58963007,-0.38979247,-0.55013466,-0.4386174,-0.56246436,-0.48531088,-0.93074816,-0.89542615,-0.5874557,-0.5979553,-0.2538717,-0.33681256,-0.25898826,-0.3823462,-0.648016,-0.58542794,-0.23867786,-0.6414307,-0.9442113,-0.93561435,-0.23123442,-0.19087735,0.75862896,-0.39112827,-0.5977544,-0.3465337,-0.75819635,-0.62532777
-0.049138732,0.059621543,-0.585852,-0.16018564,0.53108907,-0.45946842,-0.73559743,-0.015744573,0.903072,-0.2305968,-0.14153029,-0.020541297,2.799101,0.14507282,-0.06681965,0.0016999673,-0.44959018,-0.20778826,0.04322534,0.6577713,-1.215391,-0.06248116,-0.85043985,-0.27753899,-0.52471554,-0.1899376,-0.6433624,-0.024136163,0.7537818,0.32167262,0.48925394,-0.43764442,-0.22379842,-0.30521882,0.03440573,-0.20889482,-0.09399438,-0.39795107,-1.0288876,-0.2218738,-0.87984437,-0.47252244,-0.02620893,-0.39108104,-0.02476401,-0.2701055,0.584728,-0.34031683,1.0048522,-0.12601487,1.0890539,0.42423317,-0.6023901,-0.109677605,0.12893245,-0.32291046,0.25856256,0.07242537,-0.48143446,-0.34147748
2.6250312,-0.54116637,1.6078919,-0.2557822,1.7030289,0.14068216,0.683224,0.95713085,0.8777463,0.8896986,-0.64275676,-0.38488397,2.5516841,1.0208138,-0.7166278,-0.71043307,1.2041777,0.7176011,0.7829142,1.5565124,0.8310299,1.5160507,0.38102716,0.07690648,-0.9069027,0.034488343,3.0011153,1.4219218,-1.4665729,0.47410265,2.5082383,1.5166215,1.5049727,0.7060998,-0.5605886,0.43180615,-0.042120036,0.3374551,1.2093203,1.9023037,0.6783796,0.3048793,1.5805575,0.9078564,0.0015926559,1.3272257,0.16406734,0.7674916,1.6405891,1.4048918,1.9041243,2.1954334,-0.31674242,-0.095484935,-1.0838354,1.2741863,-0.16948085,1.3323253,0.1633308,0.8223061
0.22857639,0.3930813,-0.2900251,-0.3189604,-0.51035553,-0.42076296,1.4112178,-0.3035717,-1.08113,-1.1574844,0.049605325,0.163379,-0.610924,-0.6388513,0.17822284,0.4394004,-0.8028137,-0.6340881,1.9559106,0.12717552,0.37992203,-0.991812,-0.6655894,-0.75089747,-0.16486311,-0.0014197491,-0.4707787,-0.4466378,2.1198382,0.21405119,-0.7969142,-0.904254,1.3602021,-0.36216813,0.17797673,-0.5816044,-0.6060318,-0.7906453,-0.95087737,-0.9893417,-0.6474738,-0.648666,-0.31851274,-0.29489872,-0.32755417,-0.26317713,-0.31355372,-0.8116784,-0.6510365,-0.6968743,-0.8655836,-0.9676185,1.0518863,-0.2647789,-0.06884206,-0.27875474,-0.6398277,-0.1597409,-0.7927594,-0.8841242
0.24300314,0.31230795,-0.27879116,-0.2952103,-0.5024643,-0.409083,-0.6219483,-0.18413003,-1.0783161,-1.1151391,0.068837605,0.0964618,-0.6041036,-0.6004244,2.6098928,0.27702358,-0.79493046,-0.5009829,-0.49217737,-0.0142411925,-0.7295977,-0.92511845,-0.65740734,-0.54635566,-0.14992851,-0.09244254,-0.4597104,-0.46676868,-0.10783584,0.14893265,-0.7887779,-0.8320996,-0.6543315,-0.37591252,-0.5994749,-0.5145387,-0.59719396,-0.6416781,-0.946867,-0.7578628,-0.63630277,-0.691552,-0.30664337,-0.27946848,-0.31450686,-0.2966332,-0.69595075,-0.6112156,-0.6411138,-0.6746075,-0.9820668,-0.85384256,-0.2941813,-0.2884399,-0.4142154,-0.33118823,-0.62895024,-0.18700781,-0.78604394,-0.7141847
0.272578,0.3427153,-0.24705082,-0.25843394,-0.48713282,-0.4241951,-0.6098365,-0.13993008,-1.0653014,-0.98963493,0.08498322,0.14947112,-0.59775907,-0.53800344,0.21787517,0.38975963,-0.77452976,-0.50104,0.35952067,0.14472887,-1.0245446,-0.8702874,-0.63810414,-0.5259316,-0.11211793,-0.093946725,-0.44194642,-0.45236382,-0.069308326,0.20913292,-0.7714044,-0.8376764,-0.6232495,-0.2399403,-0.57593805,-0.56908697,-0.5812059,-0.71603894,-0.9391546,-0.7797151,-0.61354446,-0.70667154,-0.28008676,-0.30932456,-0.28679255,-0.25849596,0.62860906,-0.6400935,-0.61613303,-0.64799523,-0.96364075,-0.8690703,-0.26346081,-0.27507254,-0.38365102,-0.28007203,-0.6141733,-0.02079358,-0.7726438,-0.79910564
-0.4054797,-0.43333125,1.6801147,0.34752232,-0.8701952,-0.4926849,-0.8799297,0.99130726,0.878098,0.30093557,-0.38561404,-0.08064177,-0.7646204,1.0713222,-0.38626596,-0.371263,-0.70417225,0.5319858,-0.49251747,0.8800189,0.49476454,0.78481454,-0.7149005,0.08726485,-1.0025039,0.02771851,0.7149318,0.22475414,0.78211313,1.1111823,0.906756,0.35326904,0.7165637,0.23808439,-0.60006005,0.4521525,0.113162726,-0.009058191,0.7786924,0.9427901,0.9613274,0.43754965,-0.5088639,0.04401592,1.8307942,0.23677902,-0.9666006,0.7357968,-0.45807454,0.4660451,0.33132744,1.4284337,-0.9861954,-0.06364424,1.1218058,0.0144405775,0.27788535,0.78660715,-0.44318712,0.07193404
-0.80197513,-0.57422584,0.8383831,0.26353323,1.2798984,1.2936667,-1.0396037,-0.19114096,0.8467926,0.53319186,-0.65415365,0.17617723,1.2893327,0.8962916,-0.73979545,-0.078935534,0.99291414,0.13927491,-1.1818677,-0.26268753,2.069054,0.77416813,-0.37639928,0.5970355,-0.45283505,0.39872894,1.6259321,2.0839233,1.4942834,0.40861467,0.05532558,0.5015033,-0.7045795,0.183913,0.18603411,2.2154567,1.1393054,2.6891818,2.2019773,0.97412866,1.155404,0.42394716,-0.77449006,-0.15001363,-3.7005002e-06,-0.10483326,0.28730044,0.6464733,-0.73330075,0.47411293,1.4658915,1.7135125,-1.4209003,1.7348,0.5963217,0.3115233,0.82161826,-0.11517056,2.6902242,2.8782952
-0.38119465,-0.14718941,1.7316699,0.09042634,-0.8509181,-0.6111314,-0.8616611,0.41190478,0.90764475,0.4014728,-0.36780638,-0.12390129,-0.7583552,0.19025393,-0.35931128,-0.3913139,0.03762252,0.14870274,1.3874594,0.5956051,0.4561054,0.3430008,-0.0013692342,-0.10876547,-0.9523663,-0.36141577,-0.8445734,-0.097689286,1.9998311,0.45955494,0.578041,0.042712428,-0.5668465,0.14071505,-1.1115329,-0.13817954,-0.26659998,-0.4097983,-0.0048697665,0.3336383,-0.53993005,0.15045491,-0.8502427,-0.17974044,-0.8957874,-0.17638922,0.61812997,0.22091697,-0.48377836,-0.15357396,0.8497713,0.74808335,-0.953467,-0.29161072,-0.6713534,-0.0871827,0.13134056,0.3835373,-0.11215821,-0.5099266
0.032612905,0.3310506,-0.49705043,-0.22070089,-0.6206072,-0.4594194,1.1431899,-0.09736035,0.86684215,-0.95749223,-0.09356832,0.09334318,0.71571916,-0.49570277,0.0049109696,0.22880639,0.048573345,-0.4259903,0.9495455,-0.021033559,-0.09748377,-0.8871648,2.1476197,-0.5539428,0.55307823,-0.0982701,-0.5918469,-0.43418625,1.4510461,0.29215616,-0.26739445,-0.82423437,0.31912446,-0.23729101,-0.7709745,-0.31858873,-0.72158986,-0.48398054,-0.10227099,-0.6849065,-0.80893284,-0.5889352,0.14656542,-0.4026735,-0.508417,-0.29158586,-0.6330586,-0.6552743,-0.8092771,-0.5888511,0.83290243,-0.6224831,-0.513642,-0.20139739,-0.6438613,-0.33107907,0.34245592,-0.09509519,-0.88415736,-0.64938354
0.2636815,0.3601044,0.52784026,-0.21846673,-0.49119115,-0.54764235,-0.61347,-0.5647331,-1.0691706,-1.1249529,0.08070938,0.08044708,-0.59982103,-0.43919703,0.20896454,0.20828418,-0.78038895,-0.72931707,-0.4790717,-0.33690882,-1.0306783,-0.9812399,-0.6436647,-0.690789,-0.123259604,-0.1370176,-0.44789052,-0.41980797,-0.08076779,0.097580746,-0.2649448,-0.7966451,-0.6323113,-0.49272484,-0.5825051,-0.49410868,-0.58542496,-0.5150516,-0.9415455,-0.91056496,-0.6198585,-0.6571863,1.3426743,-0.29150364,-0.29507086,-0.3298065,-0.6797516,-0.65764016,-0.6233574,-0.6499105,-0.49658868,-0.76045346,-0.27169308,-0.25067815,-0.39284098,-0.4970552,-0.61868846,-0.59593767,-0.7763096,-0.69849324
0.042711638,0.30261922,0.32949248,-0.22558767,0.58923227,-0.44273376,-0.6975461,-0.24366225,0.91292095,-0.8062793,-0.07172424,-0.033877123,-0.6550185,-0.03693924,0.010925649,0.14301161,-0.36053488,-0.46177173,-0.62661743,0.028552055,-1.1632252,-0.58523595,-0.78943205,-0.62874335,-0.41531378,-0.15358493,-0.5863811,-0.23670897,-0.37239143,0.3875745,-0.6654384,-0.6764162,-0.86936855,-0.35500655,0.20001185,-0.31295443,0.024308035,-0.47741652,-0.8266236,-0.6264742,-0.8007454,-0.44179016,-0.48408595,-0.31658846,-0.50904685,-0.33458322,-0.86191845,-0.61725396,-0.80614364,-0.42004788,-0.26286852,-0.26121747,0.46620464,-0.15664642,-0.6362202,-0.4293041,-0.73943543,-0.3156391,0.28804344,-0.5394165
-0.7180595,-0.78725016,-1.298226,-0.3382818,-1.0391802,-0.71692365,-0.9951938,-0.14773533,-1.4356905,0.38188118,-0.60666656,-0.3432958,0.5439748,1.6303607,-0.6511346,-0.6493984,-0.5571323,-0.15672973,3.0519466,0.49585718,2.582519,0.56587183,1.8735878,0.08793286,-0.8716796,-0.18712625,0.9045702,0.19965717,1.378658,2.046143,-0.5481346,0.406954,0.4403964,0.41853082,2.4585335,-0.14226082,2.1490426,-0.38196126,1.3217214,0.28955323,0.9120799,0.449939,0.23080449,-0.46117923,1.5204933,-0.14304306,0.3620578,0.40413573,2.7090206,0.42555165,1.0772128,1.6403432,-0.39412093,-0.72339046,0.66791475,0.96538556,1.3394169,0.7093505,1.4378163,-7.674843e-05
0.65153927,0.60574174,-0.2334199,-0.21405032,-0.9571114,0.1399134,-0.93746084,-0.43660665,0.9164384,0.14280254,-0.4929349,-0.10721614,1.7234088,-0.16101189,3.0896409,-0.03330867,-0.47847542,-0.6209504,-0.40694287,-0.5277112,-0.18827766,-0.44598258,-0.8011543,-0.5578697,-1.203291,-0.24387346,2.2495084,0.36128443,1.0456548,-0.09631463,-0.3189001,-0.31187898,0.87553054,-0.42621928,1.2388237,0.28646547,0.93167573,0.20193595,0.14387292,-0.47477373,0.8904399,-0.18580388,-1.0100948,-0.38343903,-1.0715213,-0.5850086,1.8960705,-0.39365587,-0.6276132,-0.17156775,1.9414105,-0.15616791,-0.49837536,0.16156274,0.19127306,-0.42681324,-1.0695227,-0.37670803,1.9149213,0.12523063
-0.8481408,-0.46936783,-1.4588891,0.18327516,-1.1201215,-0.49075633,-1.0484856,0.27426386,0.9090517,0.82684153,-0.68359566,-0.4845009,-0.8670054,-0.17122985,-0.7741014,-0.64660686,0.6171644,0.08763026,0.72146887,0.63884544,0.29987878,0.46539387,1.1738554,0.603382,1.0745555,-0.24465595,-0.056373805,-0.095192276,-1.5522225,1.0611422,1.3685555,0.29593194,-0.32005188,-0.35648668,-1.5098584,-0.21637107,-1.2497283,-0.20391633,-0.10958109,0.26212966,2.6308637,0.748152,-1.2673779,0.08381788,-1.3434454,0.12647268,-1.2516134,0.14402123,0.33924684,0.22273937,0.34931898,0.8910149,-1.4587488,-0.5908878,2.306033,0.24218024,0.1209622,0.35664764,-0.39371365,0.014767813
0.26560506,0.33495137,-0.25293526,-0.21649753,-0.4902893,-0.46431568,-0.61225885,-0.5609747,-1.0674119,-1.201911,0.07928477,0.09929661,-0.59974176,-0.47695196,0.2105239,0.26158157,-0.77895075,-0.71482784,0.7197343,-0.18266359,-0.7179426,-1.0104389,-0.6421554,-0.6984535,-0.12077051,-0.05489207,-0.4466607,-0.45813233,-0.07731019,0.08306109,-0.77523327,-0.81799966,-0.62932086,-0.39546445,-0.5813428,-0.5344363,-0.5844035,-0.5593816,-0.94127554,-0.9409087,-0.6181239,-0.61033267,-0.28606415,-0.3096475,-0.2937211,-0.29344773,-0.475647,-0.6508306,-0.6209203,-0.5998814,0.1952618,-0.8655863,-0.26928365,-0.2548313,-0.38943344,-0.411646,0.4572795,-0.42911756,-0.7755087,-0.75667024
2.0198715,0.31478545,1.7714128,-0.11522763,0.35994923,-0.36838317,1.2446078,0.4090518,0.91292095,-0.7233529,-0.37208024,0.09561622,1.8081295,-0.11537291,4.5065427,0.18754537,0.98768556,0.05124624,0.15678428,0.6549501,-0.29920766,-0.3660063,0.42763427,-0.22304761,0.1742515,-0.17569406,-0.49399376,-0.27050123,0.8833315,0.96888,1.2294166,-0.49376723,1.7041979,-0.13963062,-0.25965986,-0.23976311,-0.2536255,-0.6697081,0.59965086,-0.18582158,1.1189749,-0.43969467,0.4281589,-0.26808122,1.379818,-0.18895376,0.019309651,-0.3485847,0.3764625,-0.40997076,0.6943154,-0.21125004,-0.9452348,-0.037515275,-0.6123706,-0.13290878,0.057292365,0.31864905,-0.73520035,-0.7404308
-0.30521372,0.08494401,-0.8469072,-0.4528493,-0.8061636,-0.27800372,2.261969,1.7977893,0.91467965,-0.42485774,-0.3298167,0.101791084,1.5348134,0.33977106,-0.28824896,0.28254876,1.5658134,0.9553601,3.5564513,1.8933545,1.5004555,0.4281129,0.783391,0.3064601,-0.09106762,-0.28173468,-0.79831874,-0.31772,2.6317413,1.9888076,-1.1175824,-0.44944933,1.4738566,0.64175415,0.36355782,-0.049061533,-0.9191755,-0.96168953,-0.17981079,0.17130034,0.5228721,-0.31358957,-0.13492994,-0.32630157,-0.0055069425,-0.23944063,0.41278636,-0.01958113,-0.026230033,-0.15997627,1.4028224,0.5095556,0.45919147,0.039727777,1.0837654,-0.19946598,3.8200645,1.5489788,-0.5804649,-1.0126245
0.26271972,0.38223657,-0.25257865,-0.19861573,-0.49051476,-0.4697786,-0.61235976,-0.5853548,-1.0684671,-1.3064492,0.07524837,0.11054561,-0.6014072,-0.51057714,0.21030113,0.29756433,-0.77884424,-0.7152066,0.35492048,-0.14572972,-1.0298605,-0.9668534,-0.6434264,-0.74905336,-0.12005934,-0.047233146,-0.44850543,-0.40962017,-0.079878695,0.21476234,-0.77619046,-0.8454371,-0.627146,-0.40118527,-0.5804129,-0.53342897,-0.58555824,-0.62473685,-0.9410827,-0.9335438,-0.6181239,-0.6475226,-0.28691804,-0.36621386,-0.29462093,-0.3642499,-0.6779844,-0.7245038,-0.6235315,-0.6009688,-0.9668334,-0.9330964,-0.273199,-0.25167388,-0.39025953,-0.4227412,-0.6200567,-0.39516032,-0.77649444,-0.8141508
-1.2821457,-0.98508465,-1.8843521,-0.6281125,-1.3465996,-1.0821773,0.70829326,2.3683116,0.8904092,-0.37710166,-1.0062706,-0.0052751205,-0.9789865,-0.03450071,-1.1577042,-0.24153513,2.3909774,1.4654201,-0.598781,1.109088,0.6629229,1.6063983,1.5993195,1.0142576,1.4097192,0.008781027,-0.27220532,-0.75060964,1.525263,0.91364306,1.9628335,2.0066211,0.5431728,0.48808816,-0.25700277,-0.5169714,-0.7898114,-1.3376082,2.4553123,1.9680841,1.1871256,2.4097595,0.6149723,2.64593,0.12249168,1.7292806,1.5950061,1.658576,2.1106055,1.2367824,0.37273055,0.6058067,-1.9138336,-0.07902738,0.8795092,1.5873469,-0.18414046,2.3448904,-0.6368242,-1.3247161
-0.048898283,0.11958467,0.2423964,-0.17172205,1.1979554,0.011225095,2.3012857,0.04091965,-1.1912267,-0.2401224,-0.13298261,0.03478315,1.8345999,0.41412634,3.1493595,0.27472934,-0.030140275,-0.32108155,0.022890594,0.22290161,0.44378147,-0.15175518,0.18736693,-0.27991164,0.32993707,-0.19610815,-0.64117604,-0.17073318,-0.49785283,0.6165735,-0.39771703,-0.48636782,0.16874957,-0.18939263,1.8079768,0.43788815,1.2304444,0.21407166,0.75010866,-0.24357527,0.32684708,-0.279883,-0.22148675,-0.28767842,-0.59254974,-0.3863492,-0.7033841,-0.38612306,-0.88326204,0.010205913,1.2803473,0.46000764,2.870645,0.39867526,-0.29787746,-0.41944838,-0.458659,-0.12457486,1.5812055,0.28011912
0.121577926,-0.061247624,-0.40896213,0.06016721,1.2594784,-0.6135285,-0.66767037,-0.04401284,0.8875952,0.039596774,-0.022337647,-0.08631947,-0.6356677,0.06449813,0.082210734,-0.17847122,-0.40696087,-0.12196757,-0.18193305,0.29938492,-0.41786942,-0.10654965,0.68631035,0.046406467,-0.312194,-0.30762333,0.1278277,-0.22603929,-0.2688611,0.6699028,-0.86391956,-0.24293242,-0.78355306,-0.3090751,1.5220678,-0.1757441,2.513305,-0.17043702,-0.5066426,0.024690052,0.014940589,-0.28373897,0.5207851,-0.3811363,-0.4329225,-0.37033778,0.23576377,-0.40324414,-0.7400795,-0.10166348,-0.80174536,0.5494825,0.49034625,-0.306329,-0.5480378,-0.09237963,0.5206915,-0.045962512,1.503839,-0.19239518
-0.5987983,-0.5503825,-1.1728696,-0.24380603,1.5468115,-0.36622313,1.6522411,0.948248,-1.3952396,0.69997275,-0.5299749,-0.49191466,-0.8090322,0.718019,-0.54843956,-0.7182095,1.4323794,0.6754711,1.1631379,0.32492244,0.19301327,1.0112593,1.8507077,0.9996467,-1.2363605,-0.04185897,0.6900223,0.0034643505,-1.2080433,1.3751885,0.1141063,0.58943653,0.1958039,0.5290317,0.110853694,-0.126066,-0.19135527,0.027917016,1.1336554,0.9561064,-0.3030067,0.62288946,0.6740052,0.30066854,0.10809971,0.28568178,-0.36495754,0.86258477,0.3603005,0.30488575,0.34544262,1.0813289,-1.194914,-0.18168947,-1.3409564,0.66346765,0.95722,0.5666208,0.8621372,0.4268685
-1.2504069,-0.53774387,-0.3612283,-0.062756196,1.2051477,0.28151786,-0.3965042,0.48293865,0.9164384,1.0595714,-0.98775065,0.03423899,2.387226,0.96642524,0.088792436,-0.4617876,0.23042558,0.43549532,1.6030976,0.89463705,2.1444118,1.1072916,0.8832261,1.123037,-2.0941513,-0.55767626,1.0551678,2.1144388,2.5680199,0.9681668,2.1039445,0.85366786,1.8911527,0.09929604,0.7242066,1.4683243,0.9230831,1.6089398,1.3690265,1.4650236,0.93741775,0.39447513,-1.0846843,0.2337029,0.82035583,0.25829175,1.8397518,0.24318835,3.0992098,0.809631,2.342538,1.7586019,-1.248511,1.3396007,2.1710222,1.1178389,1.1348151,0.80265296,0.9856882,2.108689
0.27642515,0.3434118,-0.24080975,-0.20024806,-0.4831872,-0.49537978,-0.6079188,-0.53811985,-1.0638944,-1.3153442,0.088069886,0.11769837,-0.5967281,-0.527252,0.22099389,0.34176606,-0.7704815,-0.73092574,-0.47054115,0.04091054,-1.0219742,-0.96932185,0.87184805,-0.7112095,-0.105361804,-0.021810867,-0.43969178,-0.4800862,-0.0625907,0.29049182,-0.7680541,-0.8354689,-0.61636245,-0.24421704,-0.57082385,-0.59508747,-0.57743096,-0.76531696,-0.93772787,-0.91877025,-0.60854876,-0.6247871,-0.27598798,-0.33758327,-0.28256342,-0.33618826,-0.6687803,-0.7192887,-0.6123902,-0.6124763,-0.95967275,-0.9041112,-0.25803953,-0.28765467,-0.3770425,-0.3521527,-0.61157364,-0.20059721,-0.7699638,-0.90320975
-1.0123653,-0.80573857,2.1803586,0.18800496,0.06810392,-0.4470906,1.9584929,2.3790104,0.9160866,0.4849063,-0.8274816,-0.21887249,1.3418226,2.3109074,-0.9117707,-0.28662914,0.96146435,1.9344373,0.87171173,3.1029308,1.2794157,1.6922547,3.2607908,1.8697203,-1.7539744,0.030718524,-0.47138807,0.9732943,3.1207097,3.6107402,2.0334456,1.4564613,2.1438208,1.6013124,0.5399329,0.5756194,-0.8513373,-0.8564239,1.4843642,2.4297726,1.1884674,0.85188943,0.69471776,1.6122665,0.92690045,1.2591932,2.499584,1.9521478,0.40635,0.66964227,1.5665989,1.9818347,-0.3471774,0.3626177,1.8235071,1.555181,0.3419711,3.0636396,-1.121642,-0.60674804
-0.6230833,-0.50658864,0.029631816,-0.46392956,0.20048225,-0.2308157,2.8623059,2.329168,0.9087,0.2633809,-0.55229384,0.13903004,2.6435213,1.5941755,-0.57049334,0.27690375,2.9872985,1.6139302,4.864078,4.26814,1.9332895,1.5411016,1.933332,0.89138275,-0.68607783,-0.16938001,-0.3354851,0.27881315,3.5366375,2.9707847,-0.20601836,0.08573185,2.8782835,1.6113932,0.6695647,0.7678712,-0.6990126,-0.6979946,1.2772573,0.9133683,1.414649,2.6454218e-06,-0.12697993,0.116089605,-1.112193,-0.23153977,0.64515215,0.7877725,0.5166154,0.16517237,0.9828626,1.2050571,0.23570278,0.7681059,1.3239199,0.5077396,4.0714636,3.5966287,-0.41384223,-0.5199841
0.30167198,0.3489632,-0.21566714,-0.23229058,-0.46977213,-0.48219585,-0.59863305,-0.41993722,-1.0554525,-1.3276864,0.10801447,0.108538136,-0.59014565,-0.5740857,0.24282496,0.23077437,-0.75290394,-0.6936663,-0.4540995,-0.27049646,-0.69996107,-0.95766914,-0.6184037,-0.7015176,-0.074425876,-0.1406351,-0.42343092,-0.46810907,-0.029990502,0.17806594,-0.75293005,-0.8917589,-0.5911706,-0.36219734,-0.5511226,-0.5099785,-0.5629973,-0.59295714,-0.9307867,-0.90388,-0.5880108,-0.6132187,-0.25429866,-0.35478768,-0.2591682,-0.27113476,-0.64882594,-0.7295523,-0.5922838,-0.6267977,-0.9446218,-0.86251277,-0.23163599,-0.2615336,-0.3498856,-0.45603496,-0.5976176,-0.37732145,-0.7585044,-0.7908192
0.2944586,0.2997329,-0.2227998,-0.13940923,-0.47383046,-0.51978755,-0.60085356,-0.2810177,-1.0568595,-0.73008555,0.09946679,0.10061873,-0.59300065,-0.24617234,0.23658751,0.081525736,-0.756739,-0.43351474,-0.45943707,-0.001976349,-1.0114008,-0.644633,-0.62261385,-0.47063723,-0.0820117,-0.04732794,-0.42848682,-0.44558284,-0.039474197,0.24797186,-0.7573333,-0.6557698,-0.5971514,-0.44576043,0.42176098,-0.421251,0.18483295,-0.4749823,-0.93267626,-0.6107841,-0.59453297,-0.60839874,-0.26078838,-0.23418191,-0.2655569,-0.28767273,-0.6541275,-0.64208895,-0.59759325,-0.53879446,-0.9481793,-0.45135534,-0.23886433,-0.23333777,-0.35762998,-0.3990375,-0.60240644,-0.36858684,-0.23799364,-0.6443975
0.2814745,0.20475389,-0.2392049,-0.062921375,-0.48160896,-0.5645259,-0.60640484,0.0038364863,0.91221744,-0.34788305,0.090919115,0.077297166,-0.5955385,-0.0010563284,0.22455814,0.05812353,-0.7681911,-0.26595104,-0.08169246,0.48592204,-1.0202801,-0.30160737,-0.63222575,-0.26319867,-0.10310976,0.009639598,-0.43641227,-0.40864742,-0.057453703,0.4473142,-0.76633114,-0.5987683,-0.6135533,-0.2715809,-0.5685573,-0.3509745,-0.5756101,-0.5547201,-0.9369952,-0.41530895,-0.0022614906,-0.69213957,-0.27334088,-0.34862638,-0.279684,-0.36462906,-0.6665714,-0.6432548,-0.60960495,-0.35069352,-0.6566703,0.033008635,-0.2540238,-0.10084424,-0.37301543,-0.34545663,-0.044027682,-0.1904659,-0.67157584,-0.68568
-0.3395975,0.32712197,-0.104573645,-0.3687856,0.44938147,1.126749,0.4603237,-0.32354465,0.7634287,0.56182706,-0.34904897,-0.15066221,1.7529328,0.1101833,-0.3290151,0.09391883,-0.30526486,-0.35651714,0.3106244,0.017997582,1.1918463,0.01993856,-1.0456171,-0.265964,-0.91005164,-0.17401421,1.1455573,0.9774327,-0.8846098,-0.05703463,1.3022004,-0.0055099567,0.63496363,0.17231694,1.5819359,1.1991413,1.1153413,0.9136527,0.575753,-0.19804777,-1.1265777,-0.34163857,-0.82129514,-0.4123468,-0.863844,-0.2967293,0.0025771498,-0.30344033,-0.628697,-0.115295306,0.14220347,0.42183176,0.95428115,0.15581936,0.32045332,-0.053213224,-0.36943144,-0.38280112,1.5096617,0.95496404
-0.65626484,-0.91467935,0.00027488344,-0.27447057,0.17003553,0.22742093,-0.97389716,-0.014846171,0.8629729,0.72066295,-0.56938916,-0.81237376,0.57424825,0.07515437,-0.5963342,-0.64755136,-0.50377333,0.3060378,-1.0793102,-0.5973011,0.54370576,0.4973811,-1.2554903,0.34051037,-0.14268634,0.24281621,-0.35642865,0.5732776,-1.3018924,0.21724258,0.21209069,0.9172383,0.9661717,0.3048966,0.35852215,0.24240124,0.1633749,0.12717475,0.7775052,0.93236357,-0.3630419,0.8325574,-0.09028258,0.82758135,-0.5061443,0.9894147,-0.4214245,0.77434665,-0.70692664,1.0198319,1.6300974,1.1777053,-0.17084548,-0.16858055,-0.37660804,0.57392615,-1.1219263,-0.028584588,0.7225484,0.75571156
0.28532165,0.20533258,-0.23510362,-0.17754129,-0.47946703,-0.47467414,0.7421678,-0.10440561,-1.0621357,-0.6242798,0.09376834,0.0064388053,0.76616716,-0.50320476,0.22723134,0.13991311,-0.76472884,-0.360234,0.2806906,-0.047997247,-0.21457656,-0.49984556,-0.6295249,-0.39924675,-0.097538926,-0.032687694,-0.4340893,-0.5386271,-0.052711856,0.033872966,-0.7637466,-0.6221923,-0.6085693,-0.21776661,0.2227569,-0.5417646,-0.5733007,-0.64077246,-0.93583834,-0.5797362,-0.602651,-0.32964605,-0.27060837,-0.24463488,-0.27653465,-0.23384543,-0.6627425,-0.6014877,-0.60621035,-0.42698383,-0.20016228,-0.8083686,1.1103859,-0.124303475,-0.36847207,-0.35704404,0.47225088,-0.11022907,-0.76654446,-0.77274466
0.70857143,0.6353956,-1.217627,-0.06878921,0.20172377,1.6800362,0.33464986,-0.6000918,0.87211835,1.0116891,-0.54469585,0.13349326,0.39301652,0.2039763,-0.5811861,0.38817677,-1.0438325,-0.22134128,0.23603527,0.16524029,2.2051902,0.35470065,0.10145613,-0.09704925,-1.2874464,-0.5493985,-0.27934548,1.5908568,-1.2734413,-0.1966763,1.9017211,-0.01476469,-0.21680383,0.19647968,1.0084236,1.784938,0.47677648,1.7791529,-0.5094188,-0.13693392,-1.0510389,-0.5600664,-0.66934526,-0.62946546,-1.1377476,-0.55134207,0.8443257,0.22478496,-0.2592481,-0.021674994,1.4538976,0.58273244,0.06813428,0.7814073,-0.33646238,0.1552776,-0.045441277,-0.11846841,1.7484552,1.8251381
-0.96451664,-0.94742215,-0.30548123,-0.09371265,0.16316521,1.1152887,1.9372121,0.31459352,0.9150314,1.0646183,-0.7940032,-0.66277677,1.2291299,0.292043,-0.8767965,-0.5472256,1.2029074,-0.11003505,-0.9582735,0.073932,0.7256683,1.1289319,1.5177282,1.085557,0.15207726,-0.07735638,1.7482741,1.4566008,1.3397695,1.0084081,0.33068195,0.8168085,-1.4752318,0.78757155,0.72222817,1.928809,-0.06669338,1.5983483,2.0177069,0.58873105,0.86109143,0.33997422,0.2518593,-0.044478137,0.98043597,0.55725473,-0.8695122,0.51731026,1.3882238,0.32148448,0.9528953,1.4577307,2.1101046,0.8300247,2.6822164,0.30808485,-1.2963766,-0.031208858,0.7525686,2.1595676
-0.45861825,-0.9061986,-1.0250453,-0.6821713,-0.8991673,-0.59692645,-0.89335364,0.1655671,0.91010696,1.0744221,-0.43618783,-0.4548301,1.4630519,0.884286,-0.43081912,-0.49575135,-0.82889503,0.18618977,-0.5525849,0.8440143,0.81022274,1.0004835,-0.7328719,0.56987035,-1.0547749,0.21618177,0.3104306,0.11599697,0.62508637,1.5395623,0.12622696,0.7903616,-1.414256,0.26739168,1.1099758,-0.031304333,1.1132938,-0.7062866,-0.021947093,0.8003264,1.9634476,0.9797654,-0.53261983,0.2433313,0.24084312,0.6670376,0.23883983,1.0449817,-1.2107975,0.9164237,0.8946655,2.023299,-1.0356895,-0.530188,0.5626921,-0.33566597,-0.43006504,0.5512551,0.8288841,-0.27503946
0.26488373,0.39573282,-0.24812073,-0.20226996,-0.48848557,-0.47781608,-0.61124957,-0.38753104,-1.0670601,-1.0374693,0.07857247,0.16277356,-0.60029685,-0.4237592,0.21096943,0.32868284,-0.7766603,-0.60385674,0.72344106,0.14954272,-1.0272901,-0.99227023,-0.64112276,-0.66607237,-0.11602937,-0.04699927,-0.4454992,-0.5098075,-0.07563079,0.26973274,-0.77374953,-0.8086086,-0.6246087,-0.29073793,-0.57814646,-0.49896365,-0.5830712,-0.72843105,-0.94023436,-0.91254586,-0.6154179,-0.6471743,-0.28410015,-0.3559035,-0.29165155,-0.32135424,-0.6759227,-0.7976152,-0.61952764,-0.72276604,-0.9657844,-0.8095058,-0.26817933,-0.32418567,-0.3871618,-0.30910012,0.45893428,-0.1977857,-0.7750466,-0.8586698
0.25286144,0.07049693,-0.26916206,-0.07463858,0.7053319,-0.1716191,-0.61760825,1.7247977,0.9196041,0.43349832,0.07501093,0.01962479,-0.60204166,0.8338534,0.20094496,0.002087744,-0.7896039,0.63647485,1.0744643,1.5039061,-1.0369873,0.40060687,-0.6508935,0.6029887,-0.13783862,-0.14426447,-0.45444953,-0.16044386,-0.09459818,2.243538,-0.783226,-0.76729333,0.6652873,0.8825854,-0.5922686,-0.13193402,-0.5922643,-0.86595565,-0.27365303,0.5367639,-0.6288092,-0.38905177,-0.2970796,-0.40367344,-0.30532873,-0.08891411,-0.68954474,0.036241777,-0.63293195,-0.0761285,-0.09772166,0.991722,-0.28454348,0.079327576,-0.4051287,-0.29160026,0.4498147,1.2655959,-0.44231343,-0.9463678
0.30431688,0.33197662,-0.21263576,-0.21756853,-0.4681939,-0.48069775,-0.597321,-0.49122572,-1.0543972,-0.98664826,0.10777704,0.12529223,-0.589987,-0.4193483,0.24460708,0.18224536,-0.75072,-0.6489035,-0.4530987,-0.2254076,-1.0060265,-0.9194709,-0.6168149,-0.65768856,-0.071225606,-0.047190372,-0.42267936,-0.46261758,-0.026829269,-0.0068682996,-0.7517814,-0.7285902,-0.5873646,-0.6100337,-0.54868174,-0.4972908,-0.5614873,-0.49255916,-0.9302469,-0.8304563,-0.5859292,-0.6805196,-0.25267625,-0.13855927,-0.25745857,-0.23014726,-0.6466906,-0.6985564,-0.59028184,-0.64813584,-0.9426606,-0.75094867,-0.22932693,-0.24844557,-0.3469944,-0.29035226,-0.59686506,-0.53077376,-0.75736463,-0.6515985
-0.8995962,-0.20056954,-0.23076265,0.017442558,-1.1449225,1.0221843,0.818531,-0.060638055,0.8548828,0.60371447,-0.7398679,-0.46728107,0.3706404,0.053772487,-0.81419927,-0.46890146,0.75540465,-0.17112517,-0.3833185,-0.60044587,2.0524561,0.71096015,3.6182714,0.52465665,2.4179554,0.2922283,0.20192832,-0.02617682,-0.54280025,-0.3349268,0.5363815,0.5012015,1.3702918,-0.3415724,0.7005455,1.1613559,-0.19364128,0.9868461,0.9700488,0.17136307,0.8679064,0.42923906,1.2621893,0.6368087,2.4119089,0.74501973,0.69039553,0.8463342,-0.006606254,0.118340544,0.768686,1.2033751,-0.53543884,0.40587062,1.8673854,0.8906566,-1.2537559,0.15890259,0.3333514,1.3188912
-0.34344462,0.3059238,-0.9107445,-0.15193501,0.36681023,1.5589633,-0.85126513,-0.3227009,0.91749364,0.9058837,1.9642314,-0.07570889,0.639816,0.21001068,2.4653637,0.35954365,0.68175393,-0.38201416,0.55762905,0.18853213,-0.7109538,0.7671329,-1.0486357,0.08776063,1.6058923,-0.31030852,0.9111593,0.9254059,-0.88431346,-0.21523349,-1.1481656,-0.04290504,-1.2882966,-0.08921511,-0.08144537,1.6435032,0.9850775,1.4063277,-0.3823933,-0.22182879,-1.1253288,-0.2000136,0.73826826,-0.39074406,-0.8660035,-0.5831317,-0.8930687,0.48725235,-1.1278474,-0.19729637,1.5972519,0.8968237,0.051034804,0.90777206,-1.0655673,-0.20386107,0.31787875,0.10053523,0.4468764,1.5922037
0.26560506,0.26428837,-0.25275695,-0.19667216,-0.48938745,-0.46330577,-0.61155236,-0.47878656,-1.0674119,-1.0275333,0.08023451,0.09073916,-0.5995038,-0.5589075,0.2105239,0.25144887,-0.7782583,-0.62353414,-0.4775467,-0.2152624,-1.0278159,-0.8998918,-0.6419171,-0.6808444,-0.11922964,-0.076907456,-0.44604582,-0.5069155,-0.07563079,0.036973,-0.7743239,-0.76689464,-0.627871,-0.49688485,-0.57971555,-0.5367459,-0.5840926,-0.57450795,-0.9410056,-0.863684,-0.61743003,-0.505932,-0.28486866,-0.27088735,-0.29210144,-0.23215863,-0.67768985,-0.76277965,-0.62022394,-0.57869285,-0.96678776,-0.96616894,-0.26858088,-0.19917798,-0.38922694,-0.30736253,-0.6183464,-0.43485162,-0.7754779,-0.71084356
-0.65530306,0.54653335,-1.2477624,0.25985533,1.9659034,1.7343386,-0.9732916,-0.39246058,0.9185489,0.72450805,-0.56582767,0.024117336,1.6645088,-0.031124823,0.50835115,0.29140076,-1.4630935,-0.11276228,-0.4078778,-0.38296568,0.30287305,0.7503898,-0.21989754,0.048013072,-1.323716,-0.1765221,1.3624163,1.4935992,-1.2982373,-0.7158363,0.14845856,-0.044355165,-0.40154493,-0.25054297,1.373011,1.6122313,1.3744243,1.9081423,-0.19947211,-0.107333876,-0.48253903,-0.27726883,0.5218196,0.10512901,0.13787685,0.035368428,0.8636541,0.7296292,0.11763562,0.1592653,1.4706968,0.950791,2.6741786,1.2809452,0.88166267,0.50237083,-0.5329525,0.1552396,2.2676423,2.1143672
0.25598723,0.43482378,-0.26541743,-0.23359482,0.7076705,-0.4136515,-0.61700267,-0.30169767,-1.0719846,-1.0954478,0.07406119,0.14276832,0.75542235,-0.6315105,0.20250432,0.30293918,-0.78672755,-0.6255131,0.2621623,-0.21139371,-1.0352348,-1.0130801,-0.6485104,-0.74990624,-0.1340457,-0.056256868,-0.45212653,-0.44442132,-0.09252362,0.29726452,-0.7812637,-0.914832,0.5246344,-0.4723844,-0.5897696,-0.5048405,-0.59084314,-0.66981167,-0.9432422,-0.92769194,-0.626797,-0.6717777,-0.29383472,-0.21341981,-0.30127957,-0.24003842,-0.68674666,-0.80384815,-0.6294503,-0.7056583,-0.22119373,-0.88398796,-0.2810297,-0.20304596,-0.40058532,-0.28653708,-0.6229984,-0.4156414,-0.44099042,-0.80313843
-1.1001282,-0.4725594,2.2800698,0.25289425,0.17119324,0.4041227,2.5487015,1.8552778,0.90975523,0.528779,5.245483,-0.10718191,2.5096061,2.5905416,-0.99062985,0.15566155,2.7708828,1.1540046,1.611376,0.76124084,2.524229,1.7531949,1.1753851,1.1654521,-0.0948771,0.7415249,-1.3027468,0.007838188,2.8966758,2.3308938,0.293638,1.0291871,0.8439212,1.0319656,1.2041327,0.59147936,0.33784094,-0.7841312,2.1591656,2.22887,1.9269621,1.0016687,0.8040048,1.8179038,0.878832,1.8114556,2.4150941,1.7367692,-1.1979941,0.8335369,2.2409408,2.1279743,1.9065728,0.13937046,3.982688,0.90706605,1.6089561,1.7825513,-0.23698595,-0.43239444
0.20861937,0.3867126,-0.3165942,-0.24047554,-0.5205014,-0.4824373,-0.6334545,-0.41898942,-1.0913306,-1.1191466,0.04129508,0.15114197,0.7412655,-0.5489271,0.16062434,0.23590021,-0.8224687,-0.74712306,-0.047738604,-0.21094856,-1.0613469,-0.91644186,0.260722,-0.77084506,-0.19556198,0.00016738474,-0.47938737,-0.44735062,-0.14824034,0.051996145,-0.5726088,-0.76281077,-0.688857,-0.50606483,-0.6261501,-0.5927445,-0.61757874,-0.69412297,-0.9568159,-0.99824864,-0.663016,-0.7126291,-0.3338831,-0.22594914,-0.34654027,-0.2924113,-0.72496194,-0.7008301,-0.66722614,-0.7482945,-0.2534312,-0.89845705,-0.331327,-0.2224635,-0.450872,-0.23443331,-0.6472162,-0.43554786,-0.8024321,-0.8358757
-0.16431236,0.28824624,-0.7078204,-0.38876885,-0.72713864,-0.48867732,2.3001752,-0.35828117,0.7993068,-1.0534085,-0.21204866,0.0760172,-0.70149225,-0.58346283,-0.17129686,0.1987011,0.37662876,-0.5927795,0.086675525,-0.37295085,1.1765134,-0.9219442,1.5046036,-0.73415357,1.1218725,-0.14021869,-0.7086108,-0.54601824,-0.6364531,-0.00057999685,-0.47431996,-0.64774793,-0.22454475,-0.5389604,-0.16040236,-0.6238445,-0.83728117,-0.5887866,0.14532608,-0.8214514,0.2766881,-0.35271606,0.32465094,-0.12689586,-0.35551235,-0.2732858,-0.7735193,-0.65200096,-0.9686493,-0.6453344,-0.36723906,-0.9617472,0.59928757,-0.3210919,-0.8617358,-0.32408696,-0.8480735,-0.5960418,-0.85930985,-0.83103985
0.46207988,-0.08086355,1.2002971,-0.11705848,-1.0869783,0.11923199,1.8499506,-0.5224645,0.9079965,1.0340533,-0.65747774,-0.44244584,0.5231421,-0.3640176,-0.7368995,-0.40740046,1.804633,-0.2910366,-1.1781505,-0.7190523,-0.048867065,0.01583131,0.39586347,-0.32357973,-0.7286491,-0.5502173,2.138962,0.7444345,-1.4879112,-0.6015939,3.076309,0.10503007,0.26998338,-0.45024547,1.1071012,0.0083773155,1.2394787,0.18831594,0.7929626,-0.06877398,-1.5031998,0.1533595,0.086896814,-0.11939215,-0.11270635,-0.109744996,-0.19977213,-0.1801228,0.15563652,0.2847864,1.4533044,0.20470642,-0.123201594,0.122285284,3.1094017,-0.32119337,-1.2029259,-0.2318867,0.20059232,0.24500117
-0.30473283,0.37615308,-0.87757766,-0.20587076,0.3863881,0.7450955,-0.8343086,-0.6933505,-1.2883087,0.71125007,-0.30559826,-0.23406222,0.56919545,-0.26294574,-0.2911449,0.04979273,-1.2041698,-0.6702208,-0.45013312,-0.4051909,-0.45032147,-0.21706411,0.9337703,-0.5423907,-0.8734264,-0.37345353,-0.40111363,0.7639693,-0.8295846,-0.055229604,-0.016474621,-0.31274396,0.29795685,-0.1308595,1.3871348,0.5056713,2.0139668,0.7499395,-1.1014608,-0.5325826,-1.0929259,-0.54046077,-0.17827079,-0.69536555,-0.1931264,-0.39587936,-0.26796114,-0.29491773,0.14498872,-0.5993789,1.1574665,0.18785615,0.038498845,0.38778576,2.2594097,-0.39168808,-0.34379494,-0.4885049,1.4290758,0.8317722
0.632675,-0.0839865,0.9306837,-0.19873787,0.22389863,0.14884236,-0.9467465,-0.47292832,0.90729296,0.68705714,-0.5420841,-0.26702285,-0.8173594,-0.101040564,-0.547994,-0.36511594,-0.46311787,-0.51334584,0.832527,-0.58600664,0.2971082,-0.027536545,-0.28768098,-0.039308127,-0.11799834,-0.1580523,-0.9909893,0.18311185,0.01600117,-0.37037247,1.1946694,-0.20769328,0.606002,-0.726331,0.8928428,-0.10756235,1.0002382,-0.065628886,-0.20390677,-0.38257852,-0.31335336,0.5119222,-1.0385299,0.17969868,0.11174659,0.049573764,0.9011923,-0.18326548,-0.65016633,0.028788812,0.7829151,0.39628834,-0.1836486,-0.18791293,0.31218946,-0.22619595,-0.07295068,-0.39523795,1.3230075,0.045908257
0.26800954,0.24742752,-0.24919063,-0.27089512,-0.48859832,-0.46455345,-0.6108458,-0.33689076,-1.0660049,-0.94716555,0.0780976,0.08171524,-0.60029685,-0.42254648,0.2125288,0.12750424,-0.77543527,-0.51269776,-0.47711778,-0.3561917,-1.0272317,-0.781635,-0.6399312,-0.65296453,-0.11508114,-0.09372181,-0.44618246,-0.51505923,-0.07513685,-0.033612784,-0.77327096,-0.5593595,-0.62424624,-0.5224903,-0.5783208,-0.40958375,-0.58289355,-0.55200815,-0.940003,-0.73667955,-0.6157648,-0.53502315,-0.28392935,-0.31072032,-0.2903918,-0.30783314,-0.6754073,-0.64594305,-0.6190054,-0.5657611,-0.96400565,-0.83084834,-0.2664726,-0.2058054,-0.3863357,-0.36900082,-0.6178675,-0.47708473,-0.7741225,-0.69175076
0.009530091,-0.38876036,-0.53182214,0.05842643,-0.6351496,-0.72145593,-0.71621853,0.3273175,0.9118657,0.4188976,-0.09712985,-0.10339066,0.5511648,0.9844096,-0.017588386,-0.2757791,-0.9711329,0.10409583,0.107163854,0.8656775,-1.1855402,0.6662031,-0.8146931,0.04949705,0.62140125,-0.2741691,-0.23898357,-0.15786499,3.5756955,0.76200694,-0.9326957,-0.119510226,-0.91214037,-0.0458202,-0.18089199,0.09579366,-0.73846614,-0.4788848,-1.0139258,0.5672878,0.19356021,0.21473837,-0.516193,-0.15723483,0.4220763,0.14562485,-0.3216752,-0.13734992,-0.83556354,0.066994675,1.186113,1.108544,-0.54566765,-0.16623747,1.8015159,-0.06825426,-0.7594801,0.6181088,-0.7860654,-0.54005545
-0.58677596,-0.1423486,-0.24755757,0.03912476,-0.96951187,0.5588982,1.9806666,0.021722475,0.8759875,0.8029138,-0.5264133,-0.45338374,1.415265,0.47638664,0.55500036,-0.4699281,0.9285887,0.5706354,0.42704618,-0.010536969,1.6754454,0.17190138,0.10797402,-0.009399997,-0.24306153,-0.09593664,0.08577626,0.5364698,-1.2008318,0.00986224,-1.2938541,0.026044723,1.0892707,-0.15766628,1.2602967,0.45256406,0.33529118,0.48154864,1.220907,0.57628137,-0.32034013,0.27585134,-0.0818051,-0.05291959,-0.493606,0.20164883,0.7180312,0.3540651,0.62368804,0.2238861,0.24582808,0.85023326,0.13737209,0.21762772,-0.8312569,0.059113055,1.2534075,-0.34151396,0.3188242,0.7619819
-0.18763563,-0.54610795,0.13529839,0.278819,-0.73784816,-0.6652304,2.2343884,1.3155942,-1.2264013,0.07138678,-0.23626709,-0.61195207,-0.70974016,-0.27391225,3.541798,-0.30558908,1.1362976,0.8681367,-0.76439345,-0.28854737,0.17273048,0.48016396,-0.9342461,0.4509496,0.060505856,0.48280904,-0.7237101,-0.9463311,-0.65947086,-0.41100162,-0.4797239,0.6829523,-0.18385519,0.6857582,-0.16629171,-0.27765775,-0.84727365,-0.4744977,1.500819,0.9150964,-0.9796895,1.0508237,-0.66093075,0.27465716,0.7592343,0.107977614,-0.6793027,0.13398616,0.10895364,0.20434673,-1.249062,-0.80243236,0.5882585,0.37053052,-0.8777408,0.13028304,-0.86244,-0.019562148,-0.98679906,-0.53426343
-0.9599482,0.09995257,1.0325339,-0.24233666,-1.1738945,0.3293686,0.8278463,-0.24136898,0.90764475,0.671577,-0.78972936,-0.2240703,0.34868407,0.269379,-0.87055904,-0.10244766,0.2779272,-0.31199282,-0.42788246,-0.11815916,1.1061121,-0.3014302,-0.5402129,-0.18019477,1.0867615,-0.09314819,-0.0474881,0.479527,-0.0004311607,-0.15624923,0.92729956,-0.10159948,0.84215236,-0.22714308,0.36422703,0.19715282,0.586881,0.09497168,-0.068591245,-0.27209863,2.2001066,0.013960294,1.9654663,-0.29333687,1.7138956,-0.24214506,0.8175471,-0.15521103,0.6550215,-0.06726855,2.2743626,0.6701922,0.93987274,-0.11868087,-1.1786101,-0.24846469,-0.5154287,-0.3202053,0.455081,0.009687002
-0.6706916,-0.5008837,-0.21903479,-0.05073954,0.15677783,0.22074533,0.2977223,-0.03274507,0.8657869,0.75232124,-0.57128865,-0.5766181,-0.82759,-0.092364445,-0.6259621,-0.48787105,-0.018467233,0.19654727,0.1539503,-0.058020856,-0.2267234,0.09332915,-0.305722,0.09090735,0.093052246,0.03164981,1.4858567,0.33091092,0.39276004,-0.038529728,-0.8720794,0.56713605,-1.184302,-0.22570947,0.6991782,-0.12831631,0.4730595,-0.21785712,-0.22454573,0.72971445,0.6207035,0.82196105,1.3262826,0.37301233,-1.1821085,0.62673956,-0.08834311,0.21707465,1.8906431,1.0600251,-0.24850154,0.9120277,2.2871754,-0.3931133,1.5114435,0.1281628,-0.5451287,-0.23481317,0.8971734,0.1938234
-0.72431105,0.37019935,0.563014,0.39745632,-1.0486495,1.3436863,0.72640634,-0.44781053,0.8622694,0.9885606,-0.6175886,-0.1743549,0.54061514,0.06401461,-0.66650546,-0.13842687,0.24444406,0.09403177,0.34620464,-0.17953646,-1.6242477,0.16753627,1.6796398,0.23524897,2.3622937,-0.08115815,1.8892276,1.9763263,0.8097216,-0.47031417,-0.4982499,0.06440426,-0.119865894,-0.20017652,2.8032136,1.5181968,2.087841,1.6569438,0.65926737,0.17834017,0.86125165,0.272415,0.35060254,-0.13309054,-0.021324364,0.042844485,0.5042091,0.65055436,1.7271565,0.28449085,2.0186892,1.210651,-1.3208078,0.7594053,-1.4934686,-0.096551776,-0.46794474,-0.15144545,0.93449646,1.8849052
-0.3261325,-0.1577713,-0.8804307,-0.17281137,0.95183754,-0.23689465,-0.84197944,0.30712834,-1.285143,0.41392577,2.5278132,-0.17880677,0.39585775,0.24558987,-0.3022832,-0.12684718,-0.9524168,0.036045678,0.24934332,0.39058197,-0.8102244,0.06733671,-1.0334632,-0.20422588,-0.8714114,0.36457077,0.48175314,0.064457856,-0.848552,0.2414745,-0.24616581,-0.08034388,-1.2637391,-0.33938584,0.19403557,0.60970825,0.6382548,0.0750378,-0.7289652,0.12551732,-0.18338245,0.4859271,-0.79277456,-0.090538085,-0.8349599,0.105330355,-0.6329444,0.14257379,-1.1019963,0.13615215,0.9429928,0.96543825,-0.8943351,-0.046867505,-1.041095,-0.38102266,1.2870611,0.0056841625,0.37853038,0.2259914
0.29109234,0.30912787,-0.22476128,-0.22869866,-0.47484505,-0.4504369,1.2770773,-0.5534804,-1.05897,-1.005572,0.09780475,0.13532221,0.40073794,-0.4243006,0.23413709,0.319555,0.2527042,-0.6976505,0.17780651,-0.10271502,-0.24387228,-0.9866004,-0.6246792,-0.70753765,-0.08627872,-0.010162806,-0.42978495,-0.50374913,-0.04243785,0.09575447,-0.75905627,-0.7684781,-0.5995981,-0.37025914,-0.55803835,-0.53664374,-0.56877077,-0.6305414,-0.18139333,-0.93660367,-0.5953656,-0.5628002,-0.262667,-0.22798494,-0.26870626,-0.27397195,-0.6562628,-0.68327844,-0.60029155,-0.7141001,-0.949958,-0.94194674,-0.24227773,-0.28641704,-0.35969514,-0.28490296,0.3215546,-0.36610627,-0.7630943,-0.8204775
0.2855621,0.3374594,-0.2315373,-0.25651237,-0.47890338,-0.48883817,-0.604689,-0.269888,-1.060377,-1.2056408,0.092343725,0.11263586,-0.59514195,-0.58994985,4.0697823,0.281478,-0.76398313,-0.5942022,-0.4654895,-0.35332248,-1.0170673,-1.0062723,-0.6286511,-0.68682027,-0.093746014,-0.04761949,-0.4343626,-0.49178395,-0.051625185,0.09758417,-0.76307654,-0.8863568,-0.6068475,-0.3876896,-0.43747157,-0.41172633,-0.47142664,-0.58142483,-0.93541414,-0.9727785,-0.6016796,-0.5640738,-0.26855898,-0.26223066,-0.27419513,-0.3229253,-0.46155676,-0.78772813,-0.6049047,-0.6665459,-0.9538804,-0.93409353,-0.24870293,-0.17003222,-0.36723298,-0.40487608,-0.60760576,-0.470941,-0.76598996,-0.74492896
-0.76109934,-0.56578237,2.2248156,0.3007976,0.2545202,-0.40850365,1.9128373,0.273575,-1.4360422,-0.11160329,-0.64441884,-0.3229827,-0.8515406,-0.3503927,-0.68076247,-0.2692513,-0.2020362,0.4734413,-1.1309702,-0.8135347,1.2675393,0.32248333,1.4018245,0.6458772,1.3237216,-0.1419425,-0.40490952,-0.6980894,-1.3923827,-0.9124581,0.21919687,0.5706236,-0.7119445,0.5584558,-0.6399196,-0.74659944,-0.6753216,-0.50044817,0.91102165,0.75965714,-0.25922397,1.1302091,-1.1526977,0.21758682,1.1888689,0.6495602,-0.9013865,-0.09037116,1.9511052,0.2894375,0.050741933,-0.5097173,0.84843993,0.15172294,-0.5782023,0.267367,0.82318544,-0.5114154,-1.1217369,-0.3940923
0.1355238,-0.26431206,-0.39255702,-0.2660401,1.2657236,-0.38373592,-0.662321,-0.09578768,-1.1173599,0.2949913,-0.007616643,-0.23798795,0.59403586,0.62664384,0.09735882,-0.2237933,-0.87328404,-0.12077768,1.0837169,0.57812816,-0.7892487,0.6150672,-0.7291392,-0.12307588,-0.2884883,-0.025274016,1.4660467,-0.17715669,-0.25028884,0.49550065,-0.32250762,0.13777256,0.39567587,0.031495705,1.6596358,0.31908894,1.5754601,-0.027582575,-0.97644377,0.20073083,-0.7258789,0.08586178,-0.3997196,-0.19415306,-0.41564608,-0.1248381,-0.7834998,0.12423088,-0.73015684,-0.06363974,-0.1830756,0.9343843,0.70754397,-0.004031658,-0.53399473,0.007484545,0.37156042,0.21720321,2.4621944,0.12899701
0.22208434,0.26299226,-0.2998325,-0.24061775,-0.5143012,-0.49758887,-0.6301238,-0.4666271,-1.0849992,-0.8849317,0.04936789,0.07271159,-0.6111619,-0.44839317,0.1713171,0.15541692,-0.8103242,-0.65050554,-0.50685567,-0.31123465,-1.0558558,-0.8286931,-0.6725799,-0.51098907,-0.17659742,-0.033393536,0.18696211,-0.36637834,-0.13707724,0.07077148,-0.8016525,-0.7055277,-0.6750831,-0.41157788,0.35697117,-0.3461002,0.6901999,-0.3728239,-0.9530754,-0.8000892,-0.654898,-0.46461186,-0.32483166,-0.21574415,-0.3342128,-0.27477244,-0.7137698,-0.46196842,-0.658522,-0.5201612,-0.5336217,-0.6710103,0.59291685,-0.21206172,-0.438068,-0.3323357,-0.64215374,-0.4806181,0.6125505,-0.5549509
0.22545059,0.04541903,-0.2914516,-0.22936343,-0.5110319,-0.66980034,-0.6273986,0.43106252,-1.0832405,-0.99989575,0.054354038,-0.0049283425,-0.6087034,-0.417742,0.17666349,0.08037496,-0.8090991,-0.15140072,-0.5026619,-0.21564469,-1.0517666,-0.21239442,-0.66844916,-0.32729173,-0.17055248,-0.09078731,0.1931271,-1.0454477,-0.12611172,-0.06056922,-0.79815865,-0.102621,-0.67163956,-0.19859128,-0.61109805,-0.41285098,-0.60692,-0.8375361,-0.9516101,-0.08438254,0.3179044,0.20623949,-0.31740263,0.087197706,-0.32890388,-0.13340849,-0.71053,-0.37286866,-0.65216804,-0.28643566,-0.99296737,-0.7998126,-0.31285453,-0.08230639,-0.43104646,-0.23824212,-0.6386647,-0.27932078,-0.7947001,-0.9811562
-0.34993666,0.7122274,-0.9323208,-0.23786433,2.0948877,0.46094775,-0.85419214,-0.5232867,0.74900705,0.60651046,-0.34952384,-0.13586904,-0.75097966,0.3511323,-0.33993065,0.24275352,-0.6833313,-0.6724864,-0.5571097,0.05150982,0.3606981,0.13730775,-0.6834512,-0.42795125,2.8841875,-0.34391916,0.24448457,0.67539126,-0.90249056,-0.026747372,-0.52251655,-0.16813453,-0.17252737,0.09507656,1.6831008,0.6634116,1.7288014,0.5908987,-0.30678213,-0.52693504,-1.1364998,-0.4677315,-0.83623856,-0.46375847,-0.88193023,-0.38593617,-0.5437413,-0.29520738,0.0044650496,-0.47472334,1.1108057,0.109627746,-0.9333883,0.23103924,-0.6050796,-0.43622193,-0.95814824,-0.1936846,1.1571426,0.59039515
-0.75604993,0.7774003,0.35855073,-0.008220648,0.25359192,1.0994766,0.6979348,-0.3116654,0.903072,1.1323947,-0.6218624,-0.09599795,1.5645082,0.63744736,1.1609851,0.14776482,0.4347121,-0.33261874,0.88897854,0.029618954,0.4496554,0.404647,0.9099026,0.09705564,-1.4853889,-0.3820215,2.0669854,1.4309437,-0.7496061,-0.42237744,-0.8568036,-0.106546424,0.090791136,0.11431161,1.4755472,1.3395215,2.0129173,1.2634557,1.7259463,-0.19575423,-0.5642079,-0.22636174,-0.77906334,-0.39231408,-1.2691207,-0.5728365,1.141476,0.29312766,-1.4756635,-0.32804105,1.0310907,0.9617543,-0.6918156,0.6055901,0.057155926,-0.32266435,0.5499733,-0.18820007,1.9867346,1.1379961
-0.9546583,-0.27373004,2.9379914,-0.4213966,0.14181958,0.23705618,-1.0870416,-0.47538722,0.8953336,0.8526879,-0.787355,-0.24868432,-0.90523124,0.600289,-0.86565816,-0.14832175,-0.31304023,-0.30438817,1.4572301,0.11079461,1.0989418,0.3467416,0.30016646,0.074404806,-0.6121918,-0.059737563,1.0503962,0.76402044,0.18117397,-0.19899349,2.406204,0.56756324,0.54864186,-0.43055013,0.4009311,0.64943457,1.9354044,0.32416278,0.91486794,0.18386364,1.3947792,0.5906591,-0.6788613,0.0044949884,0.5627522,0.13770893,-0.08534111,0.335082,0.3619414,0.28988725,0.514705,1.5483905,0.41116893,0.047428563,-0.16662729,-0.53408086,0.2809865,-0.09575584,0.96073544,0.75295687
0.29517993,0.25872,-0.2238697,-0.25721955,-0.4739432,-0.50161874,-0.60115635,-0.4288486,-1.0579147,-1.1432003,0.10160372,0.111878514,-0.5922076,-0.3981757,0.23681028,0.23191383,-0.7576978,-0.6540533,-0.45934176,-0.05591018,-1.011693,-0.9676731,-0.62277275,-0.6928948,-0.08402668,-0.0367954,-0.4281452,-0.5254277,-0.03878268,0.07864814,-0.7572854,-0.7219661,-0.59869194,-0.28211695,-0.5574572,-0.47156468,-0.5673052,-0.5802431,-0.9329462,-0.9277877,-0.59453297,-0.5870857,-0.26095918,-0.27273658,-0.2660968,-0.3190995,-0.65523195,-0.6412918,-0.5980285,-0.6835961,-0.9491371,-0.9413208,-0.23856317,-0.30715075,-0.35804302,-0.37136972,-0.6015855,-0.3283194,-0.7617389,-0.7528575
2.509197,0.408279,-0.4011162,-0.13507186,-0.56570685,0.37501824,-0.6645415,-0.38002574,0.9143279,0.0700067,-0.016164323,0.35801005,0.35544217,0.6587976,0.090675846,0.55565536,-0.8800488,-0.66040593,1.8047079,2.0936441,-0.2257365,0.47880343,-0.7318401,-0.43789738,-0.30117086,-0.15857583,-0.531996,-0.20043693,-0.25631496,0.560243,-0.8579848,-0.19974099,0.40694314,0.4316463,-0.6933319,0.4419679,-0.6648767,0.26983976,-0.9797601,-0.66836894,-0.7299032,-0.655222,-0.08197438,-0.3401687,-0.42347446,-0.3195059,-0.79034764,-0.6253519,-0.732681,-0.7043432,-1.0531256,-0.3582815,-0.41395104,0.79533005,-0.5385381,-0.1185914,0.9333679,0.83201206,-0.40182793,0.46113443
0.19683751,0.37225285,-0.32854143,-0.17600852,-0.5295199,-0.01566497,-0.6389048,-0.6176752,0.8928714,-1.0099361,0.02752382,0.108801864,-0.61948913,-0.1938493,0.14681286,0.36443776,-0.8294465,-0.7605322,1.1227907,0.48514926,-0.756773,-0.7482111,-0.688229,-0.6866538,-0.21239303,-0.11316244,1.4113015,-0.4369352,0.025026072,0.2227258,-0.81830806,-0.59375066,-0.7039903,0.045287475,-0.640679,0.12046578,-0.6267274,-0.02023178,-0.9605178,-0.8378554,-0.43019593,-0.6380211,-0.35002202,-0.3210775,-0.3614772,-0.33531964,-0.34110227,-0.6880203,-0.6788026,-0.6867476,-1.0112566,-0.9094925,-0.3441774,-0.02738454,-0.46842587,-0.27450958,0.41467825,-0.2814783,-0.80893195,-0.06769602
0.04631833,0.44264406,-0.49330577,-0.17032103,0.6230256,0.5794195,-0.6974452,-0.72380906,-1.1535898,0.26443678,-0.07219911,-0.06406977,-0.6533531,-0.30303216,0.018054157,0.03477236,-0.94146395,-0.6908212,0.1127395,-0.3224311,-0.1568296,-0.51335,-0.788876,-0.6960061,0.45317385,-0.080198824,0.6659766,0.26607886,-0.3710084,0.06681598,-0.9096746,-0.43531483,0.5435788,-0.06378857,0.19769831,0.3582618,0.3778123,0.5047693,-0.18536147,-0.562351,-0.80157804,-0.60240424,-0.48109725,-0.5045532,-0.50085855,-0.27976254,-0.6316839,-0.54733074,0.46156082,-0.5011851,-1.1070355,-0.14205559,2.4015007,0.2759034,0.6267746,-0.5088408,-0.73847765,-0.5548298,1.7337229,0.587708
0.09176262,0.40654722,-0.44070244,-0.17820655,0.64270043,-0.22595851,-0.67917657,-0.4841142,-1.1328367,-0.7265704,-0.043231975,-0.0024469583,0.70166874,-0.48883158,0.05748372,0.1057743,-0.015909277,-0.77558035,-0.5921615,-0.30081537,-1.1322645,-0.7196891,0.6788243,-0.6867354,-0.3446708,0.018836915,0.48187366,-0.16369343,0.122039825,-0.06842103,-0.30644098,-0.6652102,-0.8162663,-0.4683784,0.24144344,-0.31339863,0.054206382,-0.29282072,-0.98886067,-0.5705483,-0.76195914,-0.3711366,-0.4366939,-0.2556352,-0.45451808,-0.2141077,-0.8193588,-0.6543947,-0.76358056,-0.38034856,0.14209959,-0.7757327,1.7159331,-0.2171837,-0.58108044,-0.36315715,-0.7139862,-0.5083095,-0.002044031,-0.43229526
-0.48458642,0.3306964,-1.0662364,-0.21310459,0.2745953,-0.012026528,-0.9081906,-0.38642645,0.8636764,0.6222875,-0.43571296,-0.2646891,-0.7834954,-0.30126873,-0.45643723,-0.18151297,-0.37306726,-0.56982976,-0.9737502,-0.5712763,0.68393457,0.22857124,0.30907154,-0.5569096,1.269955,-0.014764483,-0.25655004,0.41259935,-1.0805074,-0.078384474,1.6683998,-0.20338607,1.993675,-0.17515081,-1.2060292,0.06469916,-1.0323353,-0.15381962,-0.26644662,-0.26690802,-0.11880483,0.016810294,0.50027806,-0.43152037,1.1627506,-0.32129544,0.13623634,-0.084339075,1.9718024,-0.030173633,-0.07860737,0.049999572,-1.0746423,0.031795904,1.396023,-0.02941395,-0.3190411,-0.5654007,-0.5548113,0.019651467
-0.69088906,-0.31709707,-0.3323556,0.36181664,0.27696073,-0.23137978,-0.98288006,-0.07697772,0.9136244,0.6655763,-0.5995435,-0.32827646,0.4383422,-0.4905738,1.217118,-0.7454644,0.033793602,0.4240451,0.058487386,-0.45731777,1.2014267,0.08771684,0.06663339,0.20761886,-1.3541778,-0.24898344,1.2847382,-0.15560202,-0.11757846,0.3566795,1.4407706,0.45883167,0.060089383,0.08352537,0.503375,-0.6022547,0.28997672,-0.6059494,1.6588174,0.526614,0.7268799,0.20224534,-0.7175491,-0.11330278,0.014846927,-0.0057863155,-1.1669956,-0.1480049,-0.14847475,0.21280542,1.686702,0.3310196,0.76694673,0.045323797,-0.9762299,-0.23532021,0.514633,-0.21305007,0.27686203,-0.31613618
-0.5567202,-0.3932245,3.2724154,0.18684751,2.1512828,1.0749676,0.81826836,-0.04373562,0.91397613,1.0598369,-0.4993457,-0.2917564,-0.8019739,-0.10924632,-0.51948,-0.41068912,0.066859566,-0.131679,-0.6122086,-0.34081054,0.119310044,0.6921574,0.22220649,0.4071235,-1.1901344,-0.31368345,2.531671,1.4728632,-1.1641812,0.48350468,-0.07984341,0.63452256,0.86251503,0.42491516,2.1515298,1.6310995,3.439091,1.6153015,-0.46830776,0.11241408,0.32287073,0.22295004,0.7974136,-0.29323018,1.5719812,0.24370389,0.81671935,0.46810642,0.0013247242,0.37076768,-0.059536267,1.3149015,0.47163704,0.51104605,0.50915205,0.083649695,0.28770792,-0.42798454,2.374115,1.8761702
0.24156047,0.37140867,-0.2793261,-0.18920101,-0.5031407,-0.38099572,-0.6215446,-0.5581326,-1.0790195,-1.164042,0.063139156,0.14765008,-0.6064828,-0.49529374,0.18802454,0.36622992,-0.7966349,-0.6903224,-0.029469782,-0.07863016,-1.0435883,-1.0817116,-0.6585989,-0.73969877,1.701591,-0.0037335511,-0.46257994,-0.4471777,-0.11040434,0.03652615,-0.7903573,-0.8052135,-0.65469396,-0.40842536,-0.6009278,-0.506887,-0.59919244,-0.5015021,-0.9479467,-0.9826271,-0.63873124,-0.62645674,-0.30937588,-0.26396114,-0.3177462,-0.32812294,-0.3656179,-0.72798204,-0.6425935,-0.66966754,-0.98325264,-1.0075154,-0.2973939,-0.2530957,-0.41679683,-0.3905231,0.15814398,-0.38649005,-0.78736854,-0.7280316
0.20477223,0.48071122,-0.31944728,-0.18947808,-0.52365786,0.017270481,-0.6358769,-0.6889553,0.8999063,-1.2015709,0.034172017,0.16436043,-0.6152859,-0.3866062,0.15594625,0.3229101,-0.8244928,-0.8074151,0.76631343,0.23352554,-1.0657282,-1.0027862,-0.68290675,-0.8582533,-0.20136988,-0.077072844,-0.4857414,-0.36055058,-0.15811919,-0.050075553,-0.81280404,-0.8640597,-0.6941129,-0.0774067,0.642579,0.050264575,1.3668582,0.08204401,-0.95847404,-0.9452628,-0.6685668,-0.71375054,-0.33960432,-0.3475372,-0.35193917,-0.3697111,-0.5200468,-0.87847114,-0.30893838,-0.594541,-1.0066501,-1.0093093,-0.33614588,-0.139021,-0.45820332,-0.39672935,-0.6517998,-0.50850785,1.3167435,-0.0535314
-0.6680467,-0.003157869,-1.2231548,-0.41301057,1.8344902,0.022593273,-0.97117203,-0.44747442,0.9037755,0.58309364,-0.5909958,-0.24557437,0.44796222,-0.42218375,-0.6034627,-0.15560459,-1.452547,-0.4363169,0.47193968,-0.43911663,0.6885437,-0.46246475,1.8916907,-0.36178374,-1.2913578,-0.061008338,0.043136485,0.2006645,0.911069,-0.058903065,0.039054647,-0.23178707,-0.8574871,-0.23933218,0.6666635,0.34608153,-0.13268785,-0.024171367,-0.48728654,-0.17775312,1.6046033,0.25547922,0.1496177,-0.25607115,1.581459,-0.19214165,0.9478807,-0.12988211,0.07440151,-0.17140462,1.6247584,0.28527397,-1.2544475,-0.0383048,1.7535079,-0.04202426,-0.014652116,-0.44957784,0.98211527,0.1614911
-0.177056,0.6618708,-0.004448491,-0.37174982,2.211162,0.6776057,-0.7851549,-0.57223386,-1.2418782,0.40286797,-0.21418558,0.07680648,1.6801239,0.5199364,-0.17441559,0.3754315,-1.1102625,-0.50337774,-0.763488,0.32885757,0.07165614,-0.11034877,-0.93678814,-0.4905573,-0.7067753,-0.37952313,0.010448347,0.62638736,1.1337546,-0.49941352,-0.51512206,-0.2477136,-1.1164844,-0.02724853,1.7282091,0.70715344,1.7045211,0.72812605,0.23097467,-0.54490376,-0.3698415,-0.38252935,-0.66904294,-0.41937575,-0.707816,-0.29863885,-0.7809674,-0.099725485,-0.50258595,-0.17070907,1.7827368,0.37212935,0.36681917,0.009663051,-0.8819744,-0.08650495,0.24282898,0.16686699,1.6488627,0.82745457
0.24348404,0.25987092,-0.27361998,-0.24201423,-0.5007734,-0.36395675,-0.61952597,-0.5406592,-1.075502,-0.7923966,2.346599,-0.007749876,0.56662416,-0.39167657,0.19069773,0.304182,-0.32067356,-0.59895957,0.34022698,0.0064447294,-1.0406091,-0.8691976,-0.6559775,-0.5268164,-0.14601707,-0.015518257,-0.46025696,-0.4082836,-0.10457582,0.015236922,-0.7878685,-0.57945174,0.5200753,-0.18844615,-0.5968016,-0.34739444,-0.59674984,-0.40501866,-0.94690555,-0.7903226,0.1171392,-0.44488582,0.63135344,-0.30809575,-0.31360704,-0.28729668,-0.6944781,-0.3940415,0.0075184163,-0.5283758,-0.97882855,-0.75705093,-0.29167145,-0.28999147,-0.41184047,-0.2749349,-0.6307974,-0.31979457,-0.7854586,-0.51090646
0.059061967,0.5758669,-0.47957543,-0.26568297,0.6266216,0.30453926,0.07700907,-0.6386918,-1.1486653,-0.42636636,-0.065076046,0.18823436,-0.65026015,-0.024286069,0.027633091,0.3850408,1.0806859,-0.79200363,1.7949564,1.5321901,1.9129894,-0.43499145,0.24915847,-0.56720775,-0.3945713,-0.2210678,0.08859706,-0.14938286,0.74679434,0.07411897,-0.90259117,-0.75841486,1.1568309,0.0911629,1.2502198,0.738609,1.8564118,0.7372082,-0.24605061,-0.7901103,-0.7921417,-0.6848558,-0.13476153,-0.3436525,-0.49078062,-0.39870638,0.6698277,-0.51003104,-0.7943931,-0.4921015,-0.7925176,-0.7687464,1.0188198,-0.054400727,-0.19053937,-0.10868487,0.5128513,0.6425546,1.7907274,0.63890487
0.24757162,0.53470397,-0.27201512,-0.26352087,-0.4995333,0.04455539,-0.61952597,-0.61398536,-1.0758538,-0.87836576,0.067887865,0.084183015,-0.6037071,-0.32095024,0.19515306,0.27008334,-0.79279983,-0.7386824,0.43690872,0.63194895,-1.0394992,-0.8980895,-0.654071,-0.559852,-0.14376503,-0.05024124,-0.45807064,-0.2815048,-0.10092065,-0.028940864,-0.78581053,-0.830149,-0.6472633,0.02545139,-0.59447694,0.37044385,-0.5952399,0.44371143,-0.9457101,-0.7059525,-0.6320009,-0.6022199,-0.30083677,-0.34375143,-0.31027773,-0.32771713,-0.69293183,-0.49875954,-0.6365877,-0.45836166,-0.97837245,-0.8738932,-0.28976396,-0.2537781,1.3289157,-0.27549955,0.55280083,-0.051906563,-0.7845037,0.32558462
0.2771465,0.31613773,-0.2424146,-0.21447651,-0.48375085,-0.4884062,-0.6078179,-0.71674216,-1.0649496,-1.2792579,0.08973194,0.15660253,-0.59664875,-0.44910505,0.22099389,0.3664475,-0.770375,-0.7717046,-0.47116068,-0.06302909,-0.15691468,-1.0626891,-0.6345294,-0.7223325,-0.10737679,0.06403625,-0.43839362,-0.4886279,-0.06249192,0.10384022,-0.76829344,-0.7899792,-0.61681557,-0.31884325,0.4089755,-0.61288863,0.17556155,-0.6346594,-0.93799776,-0.96813625,-0.36811423,-0.6798661,-0.2769273,-0.2723259,-0.2831933,-0.30643353,-0.6692221,-0.69776005,-0.61282545,-0.6505895,-0.96017444,-1.002812,-0.25793916,-0.2743916,-0.3770425,-0.43448395,-0.61102635,-0.3064102,-0.2456796,-0.8043231
-0.2737153,-0.3597813,-0.8121355,-0.14215921,-0.78632283,-0.46885437,1.0807365,0.60003966,0.78066427,-0.41453424,-0.29325163,-0.42135084,-0.7297255,-0.3629832,-0.26396748,-0.103492886,0.22184731,0.4562047,0.026002117,-0.26358905,0.36852622,0.010656971,2.0202565,-0.009305894,0.29401156,0.29122484,-0.7795299,-0.6010846,3.1959317,-0.18806945,-0.20644493,0.22230491,-1.2042935,0.3040777,-0.39503515,-0.39755088,-0.89856863,-0.44828594,1.2978318,0.5301573,0.011833978,0.49556595,-0.14205533,0.12511784,-0.15690303,0.1725071,-1.1146989,-0.046411924,-1.0482049,-0.16910988,-0.6480142,-0.7348318,-0.83650833,-0.033276033,-0.48631716,-0.17934835,-0.9095074,-0.28347763,-1.0279543,-0.4352936
-0.102277294,0.39382553,0.20946124,-0.21030453,-0.69478464,-0.3885317,-0.75517815,-0.57491237,0.8299087,-0.28224137,-0.17405897,-0.06426366,-0.69031,-0.5363019,-0.10758581,0.09882591,-0.16722204,-0.722788,-0.7143061,-0.3627143,-1.2460597,-0.90912217,-0.52924013,-0.72660404,-0.582676,0.09431063,-0.67103314,-0.3240857,1.2504945,0.12947883,-0.9972122,-0.48644543,-0.60690814,-0.55657166,0.074553356,-0.4961142,-0.06800937,-0.5235143,-1.0408032,-0.65579724,-0.9177286,-0.13555665,0.04147423,-0.20800659,-0.6296221,-0.22775821,0.441864,-0.57477057,1.0007668,-0.48957592,0.4941345,-0.6123091,-0.6600161,-0.27110517,-0.34534946,-0.48289612,-0.8170145,-0.44105917,0.08737136,-0.7237047
-0.22298118,0.31185436,-0.76862633,-0.21908462,0.49951944,0.37324524,-0.7980741,-0.44238958,0.905886,-0.15330663,-0.26404706,0.17837013,0.4279326,0.28005016,-0.21473621,0.56631404,-1.135244,-0.479562,-0.39387152,0.94236076,0.0648693,-0.14093928,-0.9633996,-0.6720111,-0.74221534,-0.12028824,4.51533,0.10892363,-0.71271783,0.067784,0.42534032,-0.5699943,0.40224978,0.06113544,2.2185187,0.3720537,1.3617574,0.3631475,-1.0761644,-0.5687099,0.64934236,-0.2579776,-0.70806664,-0.41586494,0.48409894,-0.37012848,1.3341509,-0.73166764,1.4739538,-0.4481412,0.4575191,0.00772259,1.3275157,0.18156552,0.87041456,-0.31966567,-0.30116507,0.20946729,1.3855877,0.53030753
-0.7461917,0.16280414,-0.40326348,-0.49972004,-1.0635302,-0.24580197,0.2736722,-0.28027055,0.90025806,-0.5827853,-0.6289855,0.08623312,0.3115963,0.10550701,-0.6861089,0.5612665,-0.773953,-0.47353798,-0.44379857,0.20079644,0.10269677,-0.4985428,0.5777753,-0.45135522,3.2584858,-0.008978197,-0.7008618,-0.21248594,0.2916663,-0.011983832,-0.54311484,-0.35323367,-0.7792092,-0.161874,0.6471261,-0.19668822,-0.14573698,-0.48197475,-0.3149241,-0.63425064,1.2532747,-0.41145352,-0.7639805,-0.30084145,0.7375553,-0.059552066,-0.080650665,-0.36122486,-0.2705345,-0.5426479,1.8779209,0.035154045,1.3692583,0.010590667,-1.0827467,-0.29964766,0.48180467,-0.08636057,-0.12740144,-0.4137699
-0.07438556,-0.022924965,0.07781635,-0.47008,2.2653017,0.6882664,1.0762032,-0.04353388,0.83096397,-0.009776164,-0.146279,0.73118854,2.507747,0.9902396,-0.08709135,1.3585423,0.31785464,-0.53570586,3.771193,4.5578957,1.4543515,0.741588,-0.8706169,-0.6969091,-0.5710602,-0.21372919,0.58269924,-0.44102526,-0.52610636,0.89642656,-0.9842419,-0.59942573,0.1893333,0.8071802,1.7064201,0.7178371,2.280532,0.316899,0.3089697,-1.0724021,-0.90350467,-0.6523769,0.6900007,-0.7765769,0.72594917,-0.48939952,0.48641407,-0.26487246,-0.9062409,-0.52646375,-1.1894054,-0.26467666,2.5814908,0.7205416,-0.77159154,-0.059005726,2.2595403,2.8964686,2.39099,0.5360429
-0.14195089,0.4445015,2.0145173,-0.31915307,0.53087586,0.7361764,-0.77132726,-0.343511,0.81619066,0.23925182,-0.1975651,0.53116643,-0.6969718,0.8409831,-0.15347558,1.0330755,-0.4877888,-0.5917399,2.0973735,3.122648,1.665676,0.42398006,-0.916055,-0.5424168,-0.6623271,-0.39774176,1.8580047,-0.23024438,-0.61452204,0.66108954,-0.23853892,-0.5046753,0.12810919,0.28817567,1.0723876,0.7950709,1.7561707,0.4374535,-1.0569221,-0.8673227,-0.9587352,-0.7811258,-0.6447065,-0.6831775,-0.6791119,-0.5605553,1.2329683,-0.073120125,-0.2636145,-0.3777865,-0.18307745,-0.2489124,1.9136629,0.7038159,-0.8463504,-0.033371676,0.21297938,1.808242,1.427801,0.62089103
0.12831041,0.9484918,-0.40771392,0.01313741,0.65529734,1.4141296,-0.6655508,-0.5523245,0.880912,0.880361,-0.017114066,0.04108319,0.6132694,1.7859634,0.08644329,0.5016461,0.011090435,-0.510698,-0.104673594,0.26030466,-0.019644324,0.20249349,-0.7349381,-0.241015,0.79483527,-0.3360977,-0.53233767,1.5415922,-0.26066166,-0.23310642,0.38608107,-0.28032458,-0.7811064,0.106851555,0.28635493,1.274083,0.08896438,1.2676362,-0.9804928,-0.33599707,-0.7343439,-0.5630577,-0.40996653,-0.46831325,-0.4251841,-0.7387686,-0.5866176,-0.3652618,1.1390246,-0.3044176,1.0683571,1.1047468,-0.41656128,0.6287456,-0.54452705,-0.18000214,-0.6932574,-0.10863618,0.2762105,1.121647
3.6956136,0.3303999,1.4670397,-0.048948567,-0.5883659,-0.21068901,-0.68129617,-0.2661176,-1.1377612,-0.10852933,3.7974787,-0.08928994,-0.6417743,0.4191327,0.054587767,0.04287508,-0.9105167,-0.55043375,0.3542686,0.6783737,-0.81487864,-0.046885252,-0.76011974,-0.20491754,-0.35486427,-0.098027825,0.47401348,0.107813105,-0.3100559,0.5492566,0.29708517,-0.5247173,0.7641332,-0.0312114,-0.72610915,0.3553348,0.38088813,0.2090529,-0.99036455,-0.45419917,0.061779547,-0.504975,-0.4407073,-0.36985403,-0.46009693,-0.49683154,2.2599273,-0.19879106,0.3007635,-0.14030166,0.71088713,0.10668837,-0.46023256,0.056496836,1.6901579,-0.22091259,-0.7133021,-0.052331597,-0.4588053,0.03887575
-0.053707205,0.043229498,1.3786395,-0.028597392,-0.6691946,-0.5467562,-0.7371114,-0.2942625,-1.1887645,-0.26837787,-0.13986824,-0.16590475,-0.67730373,-0.57763344,-0.06704242,-0.09297232,-1.0151834,-0.23041905,0.04655031,-0.37408003,-0.36768994,-0.8188889,-0.8535379,-0.311282,-0.53265697,-0.21668375,-0.64418226,-0.56399226,-0.49844557,0.30085552,-0.96921355,-0.27055368,-0.28830117,-0.2013453,-0.5171378,-0.7296209,-0.008012757,-0.70869666,-1.0287335,-0.18096551,-0.88227284,-0.14187561,-0.56145024,-0.25100332,-0.5893104,-0.112203464,-0.93827534,-0.5804015,-0.8837843,-0.23976457,0.1853229,-0.83994555,-0.61333305,-0.31362763,-0.7419565,-0.53102905,-0.7927283,-0.28775236,-0.41357228,-0.7004036
2.414418,0.4131715,0.97965366,-0.027760595,2.1110744,0.93355477,-0.058779087,-0.35481107,0.9160866,0.7112639,-0.33290336,-0.0060161552,-0.74487305,0.17991881,3.0191057,0.115787596,-0.16981456,-0.299623,-0.6690902,-0.09796209,1.7500061,0.023800042,0.23830368,-0.07049508,0.18673268,-0.34023336,3.086092,0.7002736,-0.876114,-0.14136848,-0.57872087,-0.09241285,0.28518718,-0.045678273,1.9415443,1.0333842,2.2207837,0.75573725,-0.56580496,-0.24673644,-0.30539632,-0.20270555,-0.8197581,-0.3350104,-0.86879295,-0.5205032,-0.21194565,0.20858431,0.78847927,-0.14460282,-0.69925565,0.51670253,0.6129539,0.31804353,-0.16012162,-0.34517512,-0.94610775,-0.3493743,2.0519056,0.7169875
-0.4009112,-0.1993649,-0.982606,0.1782418,0.41023776,0.54019326,0.8950533,-0.28980938,0.89251965,1.0148271,3.3328831,-0.35876885,1.672668,0.13754332,-0.38047403,-0.31908602,0.6936887,-0.34046468,-0.25643313,-0.2967353,-0.40289658,0.11365511,-1.0877984,0.45722973,2.3661542,-0.55339307,-0.45913735,0.542599,-0.9590964,0.5694169,0.8051837,0.31425315,-0.22709812,-0.1683219,0.9766633,0.8211607,1.467919,0.5916477,0.95299566,-0.09316748,-0.16627423,0.48667398,1.0026566,-0.22433513,0.39231327,0.16246922,-0.13342299,0.35686138,-1.1727606,0.042768463,1.4878755,1.0600079,0.6782294,0.061677918,0.2442943,-0.4769177,-0.398563,-0.5032078,0.9834543,0.6090456
-0.37277904,0.34262303,1.7627085,-0.5415532,3.3718688,1.213693,-0.85661453,-0.6304565,-1.30871,0.1751754,-0.37421715,0.08858124,0.63156873,0.39680573,-0.35017788,0.2062082,0.30322576,-0.764289,-0.23486517,0.9695713,-0.369549,-0.06211431,0.31293103,-0.62624425,-0.94039494,-0.21191534,0.9500119,0.6522036,-0.9146415,0.4893785,-0.59218955,-0.07829404,0.31780273,0.45192122,2.158807,1.4719466,2.5043344,1.4068922,-0.3893975,-0.6829382,-1.1401078,-0.644103,-0.83734864,-0.8290402,-0.89074844,-0.726478,-1.1948847,-0.5838211,1.1324605,-0.13436885,1.4741492,0.098680146,-0.9516599,0.6274268,-1.0879742,-0.3152099,-0.38218603,0.16871151,2.1021008,1.5747718
-0.45813736,-0.16242568,-1.004004,0.2460316,0.9880984,-0.31430346,2.195951,0.6467879,-1.335091,0.08031119,-0.42621553,-0.3108736,0.51987517,-0.56258476,1.4228425,-0.021463508,1.2114886,0.13891129,0.76224697,0.45947722,-0.0012842148,-0.17742005,3.9803455,-0.014412282,1.4081193,0.22206363,-0.21726269,-0.47429594,0.25837833,0.40964505,-0.9467024,0.1199448,1.3231186,0.47361907,1.8633411,0.06666443,2.2409403,-0.05452726,1.5305551,0.45004314,3.7179167,0.30318105,0.03648199,0.35145307,0.5484579,0.35412198,0.94870293,0.13102444,-0.5291323,-0.09139234,-0.3404807,-0.6688218,1.8061961,0.37380853,0.071887,0.31588867,0.025155306,0.4187804,1.698189,0.052336402
1.1046084,0.21123047,-0.49722874,-0.19915006,1.1979407,-0.39491534,-0.703703,-0.5069831,0.86156595,-0.5451667,-0.083358586,0.05714309,0.560538,-0.2130557,0.0055792676,0.20633385,-0.9507322,-0.61887205,-0.16224544,-0.043837257,0.13178705,-0.61495006,-0.7957076,-0.4552909,0.66327494,-0.10817467,-0.59382826,-0.23335205,-0.38592547,0.09235983,-0.9158486,-0.59049475,0.30752933,-0.2822078,0.6132219,-0.13590121,0.124610014,-0.18008198,-0.8458468,-0.718285,0.25485367,-0.34659153,-0.15540543,-0.2313338,-0.51354593,-0.30469283,-0.86891353,-0.35220465,-0.8108439,-0.44652715,-0.16139449,-0.29458854,-0.5175574,-0.1316567,0.2593561,-0.32504588,-0.74655026,-0.391086,0.062403318,-0.30859712
-8.774861e-05,0.5024603,-0.54180783,-0.021103851,-0.64112437,0.79965,-0.71601665,-0.63395834,0.8520688,0.38226858,-0.09784216,0.38886753,1.8074609,1.5488973,4.684435,0.80318373,-0.9781107,-0.82109225,2.8493288,3.1205919,0.42379606,0.7325655,-0.8210481,-0.44331893,-0.4699554,-0.11698763,-0.6086543,0.37313804,3.5865717,1.4826021,-0.9381997,-0.3388762,0.6572341,0.16642033,-0.18076263,0.90584195,-0.20195505,0.8043341,-0.6589509,-0.4949657,-0.014319101,-0.85757965,-0.5150829,-0.68151057,-0.5414402,-0.59913784,0.29468188,-0.025929296,-0.8418305,-0.5633669,0.87824893,0.2785465,-0.093370326,1.2468169,0.94341093,-0.3371411,0.33226836,1.9285259,-0.018688755,0.9517863
0.22160345,0.3013301,-0.3021506,-0.23700003,-0.5140757,-0.011422748,-0.6299219,-0.44437006,-1.0874615,-0.46749562,0.056490958,0.18916549,-0.6084655,0.35995072,0.17532688,0.324822,-0.22801387,-0.69374615,0.3247019,1.0901546,-0.057194415,-0.3750432,-0.67202383,-0.75648654,-0.17956063,-0.059297387,-0.4720085,-0.13172942,-0.13500267,0.34044704,-0.5657115,-0.3974381,-0.6781641,0.23917973,0.66420263,0.14748852,0.91995025,0.07977973,-0.47708267,-0.65250665,-0.65378785,-0.68504924,-0.32278228,-0.33887342,-0.33493266,-0.26074648,-0.37701774,-0.5876074,-0.6600017,-0.4093538,-0.5250322,-0.44079417,-0.32058486,0.20886438,0.8282947,-0.09276606,-0.64003295,0.26229957,0.69036686,0.18711416
2.6257596,0.29931116,0.029427694,-0.16780923,-0.7178947,0.24605034,1.041638,-0.3782375,-1.2169042,-0.14547497,5.8590374,0.045693833,1.1729252,0.32356846,0.84175146,0.3337275,-0.09765055,-0.5968748,0.36725813,1.096009,1.9335138,0.0138540715,-0.39746547,-0.4613351,-0.12618682,-0.08054,1.0043814,0.09125065,-0.6174857,0.39322713,0.85360485,-0.45234483,-1.0682756,0.13167442,0.3213644,0.46355233,0.66753036,0.30174273,0.9196689,-0.5344088,-0.004172915,-0.35629654,0.5959343,-0.39435315,0.56108713,-0.4409005,-0.40197298,-0.5684954,-0.25871867,-0.402874,0.57482123,-0.05791173,-0.6983665,0.32118762,-0.43000355,-0.22147523,-0.26568133,0.29517972,-0.054165762,0.5180902
0.1172499,0.2698208,-0.41698638,0.005666594,-0.5724707,-0.048270732,-0.67170763,-0.25374603,0.878098,-0.5371591,-0.023762261,-0.03295965,-0.6359056,-0.5651021,0.07820095,0.32621095,0.5958378,-0.57332706,0.73334974,0.7816752,-0.025169136,-0.53392327,0.35226908,-0.49409378,-0.31895012,-0.0015151314,-0.5407414,-0.18057664,-0.2758751,0.3643382,-0.28964046,-0.4569821,0.12684703,0.10417514,0.27943608,0.33439562,0.563322,0.3193272,-0.2260383,-0.5497977,-0.74239254,-0.3844645,-0.09257658,-0.13011794,-0.43634182,-0.22271188,-0.8022761,-0.18175921,-0.74425745,-0.54411596,-0.59324217,-1.0263224,-0.42991364,0.31832308,-0.55516267,0.06545138,-0.12782076,0.23598537,0.43681204,0.3545219
-0.31074396,0.078478634,0.3436171,-0.3889737,-0.81089836,-0.6918332,0.95326495,0.18281803,0.76448387,-0.20917013,-0.31414595,0.079435304,0.39881548,-0.26590896,-0.29359534,0.0694061,-0.24461116,-0.26231697,1.6426123,2.14968,0.33567733,-0.3409191,0.0497284,-0.6557365,-0.8635885,-0.18518011,-0.12956712,-0.63418275,1.3974181,1.0336189,-0.5583137,-0.15800747,0.7306331,0.5729507,-0.82855517,-0.31883585,-0.92379427,-0.542719,0.06636496,-0.36581647,2.6331584,-0.85125226,-0.22770977,-0.57218254,0.40700474,-0.5284703,1.5007368,-0.57511604,-1.0865899,-0.5674992,-0.50511134,-0.83550197,-0.05104397,0.064194985,0.22153854,-0.11317827,1.6483943,1.4038997,-0.49547252,-0.41003823
-0.038078215,0.07926616,-0.5828206,-0.26429433,2.25444,-0.16334763,-0.7309545,0.19949496,-1.1841917,-0.26068693,-0.13725646,0.19437426,3.7640898,0.35099542,2.3478575,0.41631743,1.227807,-0.34331316,3.3718987,2.8891742,0.84386635,0.1394231,-0.84424376,-0.4906124,-0.5236488,-0.19528183,0.6748707,-0.5456815,2.3692374,1.0509118,-0.9632309,-0.7372538,0.19025391,0.29276773,2.040401,-0.005261719,1.990093,-0.34952965,0.45693666,-0.56235164,-0.8738773,-0.7505688,-0.55811995,-0.70375705,-0.586251,-0.67292815,-0.10729838,-0.52157336,-0.21581033,-0.4460838,-0.40264434,-0.29770678,0.22757372,0.20431113,0.97572786,-0.130403,2.43047,1.9608895,1.8921402,-0.44791177
-0.05947791,0.13203588,-0.6042186,-0.2515886,0.5729239,-0.1706535,-0.7395337,0.22167353,0.9181971,-0.06361617,-0.14770362,0.22760396,1.7841926,0.33674455,-0.07728965,0.58268994,-0.53411406,-0.4952255,5.387862,3.5577142,1.472408,0.067617595,0.94434583,-0.32638067,-0.5451025,-0.017722577,0.013559851,-0.61725545,-0.51237476,1.6046171,-0.4646262,-0.82986575,0.62797624,0.4508357,-0.4559582,-0.09288257,1.0576684,-0.2978846,-1.0314327,-0.53041905,-0.89066845,-0.87474996,-0.5722949,-0.7987163,-0.59974825,-0.64102477,0.7453641,-0.491295,-0.23276639,-0.67192227,0.281553,-0.62455714,-0.6173488,0.4637567,-0.75238556,-0.12948643,2.9585142,2.4141736,0.7660914,-0.32304424
0.07012248,0.2732576,-0.47155118,-0.20401113,0.6332062,0.8156357,1.3381175,-0.23345746,-1.1486653,0.24598733,-0.048692994,0.74243987,0.5132043,1.5812061,0.039216917,1.0061821,-0.92963904,-0.7230838,4.4262867,5.167238,1.9192568,0.9576976,-0.7740212,-0.45389536,-0.38651136,-0.13415326,-0.5668407,-0.41120893,1.5369146,2.1512966,-0.124094926,-0.7984656,0.33599362,0.56622946,1.294565,0.8759981,0.2924907,0.4928589,-0.5234634,-0.81946594,-0.7824971,-0.87903106,-0.46017647,-0.7628567,-0.4826823,-0.5826628,-0.4050683,-0.47258806,-0.7874298,-0.65914714,-0.4071452,-0.1858768,1.2897155,1.1835109,-0.22823569,0.042909823,1.8102772,3.4371884,0.98376083,0.68731236
0.26656684,0.25358793,-0.25489676,-0.05166397,-0.48950016,0.1406802,-0.6117542,-0.42888936,-1.0677637,-0.19815001,0.082134,0.14653537,-0.59894866,0.7518892,0.21208327,0.59468204,-0.77820504,-0.5072612,-0.47835687,0.9712576,-1.0292763,-0.13621114,-0.64223486,-0.66621995,-0.12088904,-0.18062155,-0.44604582,0.2663289,-0.07661867,0.24897434,-0.77475464,-0.473771,-0.62868655,0.33401412,-0.580936,0.37545434,-0.583915,0.40811333,-0.94065857,-0.4817469,-0.6181239,-0.4907169,-0.2852956,-0.26213977,-0.29282132,-0.12074397,-0.67783713,-0.31641683,-0.6206592,-0.5077963,-0.9664229,-0.531692,-0.26918325,0.40156955,-0.3890204,0.09373528,-0.6172518,0.18164736,-0.526703,0.386591
-0.122715205,-0.10605465,-0.6598533,-0.14945163,-0.70583236,-0.3000047,-0.762748,-0.110684395,0.8270948,0.06872223,-0.20540047,0.04881036,1.8110539,0.95300657,-0.13231282,0.35007468,-0.4899863,-0.30705404,1.2142266,0.43672216,0.7667908,0.13067059,-0.8975461,-0.28589612,-0.6175234,-0.20129296,-0.30834094,0.45866406,1.2954355,0.30167663,0.48651394,-0.5624365,0.16118105,0.01796312,-0.14804874,0.21151741,-0.18032959,0.0052449396,0.8171604,-0.097824804,-0.93861353,0.021679252,0.015285441,-0.25634998,-0.65805626,0.1199179,1.2820616,-0.015285147,1.4181082,-0.10530535,0.8120901,0.11534957,-0.680898,-0.2436701,0.77719206,-0.14131905,0.68839204,0.081292935,-0.62272525,-0.111243
0.250457,0.20861152,-0.269697,-0.05936706,-0.4981805,-0.3281986,-0.61791104,-0.5048834,-1.0751504,-0.7005438,0.07002478,-0.018993214,-0.60275537,-0.1976747,0.19871731,0.15765889,-0.7899767,-0.5782638,0.43627575,-0.17830881,-0.34613964,-0.689307,-0.6519262,-0.501077,-0.13937949,-0.07406749,-0.45506442,-0.29650947,-0.095684856,-0.045112234,-0.78380036,-0.6765314,-0.64409167,-0.3679742,-0.5922686,-0.16079931,-0.5928861,-0.19025034,-0.94490033,-0.6737739,-0.62957245,-0.38017666,-0.29904357,-0.22981878,-0.30721834,-0.29343203,-0.48570314,-0.37319177,-0.6341505,-0.37112036,-0.9766849,-0.4464401,-0.2860494,-0.0918912,-0.4053352,-0.4489371,-0.6254612,-0.3659048,-0.09753074,-0.3388292
-0.082079835,0.2526446,-0.6325709,-0.11217862,-0.6838497,-0.24551779,-0.74589247,-0.47953162,-1.2028342,-0.687159,-0.16147488,0.025561161,0.46860024,-0.35077563,-0.099566236,0.21009499,-0.65113467,-0.5963876,-0.70892084,-0.30699274,-0.68091327,-0.78210187,0.5911296,-0.45433342,-0.58160925,-0.12604296,0.0070879944,-0.17226581,2.3226402,-0.07493071,-0.98893225,-0.7179286,-1.0051147,-0.28483444,2.2279317,-0.10818194,0.19067499,-0.11274282,-0.7381021,-0.70210755,0.29298416,-0.45372117,0.64771605,-0.27058262,-0.6260228,-0.34629104,0.50308037,-0.38249537,-0.9079817,-0.36577594,-1.1915946,-0.49489355,-0.64194524,-0.10834694,-0.36968789,-0.46585935,-0.80730003,-0.5292867,-0.15156247,-0.35544112
0.033334244,0.31341073,0.32505485,-0.09159632,-0.6174507,-0.26981908,-0.70188624,-0.4729487,0.86086243,-0.1527535,-0.08217141,-0.117872305,-0.6562081,-0.81755036,0.009143522,-0.07553183,-0.9505724,-0.4335108,-0.6283331,-0.17718968,-1.1660291,-0.8230206,-0.45418987,-0.3776298,-0.41803995,-0.14536653,0.809182,-0.26793122,-0.37989938,0.0712469,-0.11838152,-0.50997454,-0.87725234,-0.2381531,0.19415058,-0.50454247,0.019438751,-0.37251773,-1.0053265,-0.4419352,-0.8058799,-0.35545364,-0.48493984,-0.17677753,-0.5094968,-0.25625226,-0.63328093,-0.36268765,-0.80884194,-0.31637883,-0.5162179,-0.9773963,0.15008418,-0.26767704,-0.21240932,-0.37689012,-0.74463475,-0.24737632,-0.370485,-0.51076317
0.15115277,0.24621801,-0.38738585,-0.11895851,0.6654536,-0.2632604,-0.6580818,-0.47225523,-1.1141942,-0.72131896,0.012090509,-0.04853562,-0.6240096,-0.66754675,0.110056475,0.06674497,0.15475132,-0.6832832,-0.31192565,-0.3228969,-0.88466334,-0.9091601,-0.7200039,-0.5703521,0.82164854,-0.02557445,0.5213103,-0.31007102,-0.23142025,-0.05790356,-0.5413974,-0.5580046,-0.76089853,-0.34104928,-0.29697877,-0.22499737,0.19638097,-0.20462407,-0.21470873,-0.5682844,-0.7153324,-0.28874937,-0.388448,-0.22048604,-0.40223882,-0.2680007,-0.55935687,-0.43485498,-0.7187544,-0.3092178,-0.5735095,-0.8612203,-0.39417347,-0.3717475,-0.1489748,-0.45186454,-0.67622286,-0.5066707,0.15447494,-0.48271412
-0.3124271,-0.31779635,1.9393787,-0.2593118,0.50606376,-0.014579119,-0.8347123,-0.31730443,0.91010696,1.1009468,-0.325068,-0.27836713,-0.74376273,0.19722618,-0.3002783,-0.1810842,-0.257786,-0.15967299,-0.8557994,-0.041298848,0.33773875,-0.043139227,1.0373737,0.32301652,-0.86216617,0.02055725,0.40980303,0.31771606,-0.8386732,0.18596095,1.8936768,0.036799043,-0.7889583,-0.22521293,1.0761458,0.026950259,0.08797623,-0.1659562,-0.17772,-0.13250087,1.0006032,0.5182346,-0.7891881,0.04294426,-0.83450997,-0.15427276,-0.87274444,0.123327486,0.591621,0.26333383,1.0684642,0.7291679,-0.8851993,-0.4245801,0.22760116,-0.31862587,-0.9368037,-0.4070912,1.0756291,0.042092517
0.74703145,0.5493095,0.30831152,-0.4958462,2.1808615,0.7525644,0.4143158,-0.709947,0.9104587,0.53994256,-0.4174304,0.03406066,1.6703968,0.4252191,2.9547493,0.23880403,-0.45502636,-0.5122201,-0.5433051,0.45324293,1.8507411,-0.021334235,-0.5869619,-0.510546,-1.0567899,-0.22987305,0.44924262,0.84722364,-1.0233089,-0.0065100873,-0.27802768,-0.20901872,0.1802991,0.25271943,2.8158622,1.1281412,1.773098,0.9174209,-0.41885388,-0.57605946,-1.2128233,-0.39397305,-0.52793014,-0.62884176,0.2482058,-0.7054312,2.1710956,-0.17091316,-0.5373426,-0.1325212,1.9213401,0.007969333,3.3058167,0.053046376,-0.3482315,-0.4217305,1.2613988,-0.27815393,2.8239632,0.9663341
0.81634253,0.21599571,0.38185686,-0.23676406,1.7362969,1.2763703,-0.8555043,-0.6290579,0.9160866,1.0465258,1.9549842,0.50675106,1.4592218,2.3361442,4.0176835,1.3045764,-0.10133969,-0.5008653,-0.38688108,2.2817192,1.0435736,0.8886193,0.40774417,-0.08247133,0.95525897,-0.5196599,1.4687799,0.90949166,0.4145869,0.74084806,-0.3337692,-0.49217695,-0.19275814,0.64278394,1.3723888,1.5663748,0.8122507,1.5441188,-1.1155744,-0.48175797,-1.1350427,-0.53703314,-0.83179826,-0.81558233,-0.8802206,-0.5653503,-0.9032698,0.37014186,-0.46478617,-0.17687874,1.7280719,0.9678603,2.170999,0.8629704,-0.6485024,-0.24033818,-0.9584219,1.0898854,1.366346,1.7331606
0.2040509,0.37635612,-0.31463274,-0.087908536,-0.52433425,-0.42252833,-0.6349685,-0.3864034,-1.089572,-0.6642418,0.034172017,0.07910781,-0.61536515,-0.18001617,0.15861945,0.1770067,0.7505772,-0.60253084,-0.5171019,-0.07111062,-0.49397388,-0.6829188,-0.6811591,-0.50105196,-0.19532493,-0.052557737,-0.4842383,-0.23104395,0.2587575,0.34133142,-0.8115597,-0.55938923,-0.6935692,-0.2500919,0.46589547,-0.23484689,0.22561592,-0.45138794,-0.19461331,-0.6164073,-0.6678036,-0.33215302,-0.33729875,-0.25725475,-0.34815994,-0.28292385,-0.72724456,-0.52861226,1.2582593,-0.47963974,-1.0051906,-0.5693828,-0.3327325,-0.16833644,-0.45613816,-0.25535315,-0.651663,-0.32005584,0.046917878,-0.57435304
-0.07967537,0.18911996,0.26479694,-0.060988873,-0.6801295,-0.52698827,-0.74468124,-0.40851066,0.9181971,-0.43616372,-0.17026,0.0010428992,0.5657657,-0.18498704,-0.09154667,0.12345278,-1.028713,-0.509443,2.3240108,-0.12734608,1.1244574,-0.56096053,-0.86704224,-0.56748146,-0.5543477,-0.12787968,-0.66215116,-0.30587417,1.2878516,0.35776946,0.5396458,-0.62867427,0.55682313,-0.3945644,-0.47434595,-0.31493187,-0.4892379,-0.3420329,1.1302723,-0.70106786,0.23312673,-0.13796018,-0.5821149,-0.22374041,0.05346695,-0.36130306,0.4168428,-0.35328507,0.21728486,-0.45345017,0.7404666,-0.17259593,-0.6312031,-0.300213,-0.7651895,-0.3652922,1.4688267,-0.36874697,-0.9383123,-0.53195494
3.62228,0.22700429,1.7458367,-0.19316025,3.255426,0.1759317,-0.85540336,-0.8391287,0.9150314,0.9594561,-0.34073874,-0.1701856,-0.748997,-0.3445296,3.4923558,-0.11976487,-1.2408164,-0.6505354,-0.16469622,-0.64499855,-1.0578935,-0.100852095,-0.19745207,-0.21121132,0.17567973,-0.45634788,2.483501,0.9799241,-0.8981438,-0.11027564,-1.155584,-0.31882188,-0.093748644,-0.2729694,1.169166,0.25723428,2.006928,0.3249339,-1.1131835,-0.5092651,0.787757,-0.2082369,-0.8291511,-0.52976096,-0.8787809,-0.6996215,-0.90362924,0.17026223,-1.1361164,-0.18899857,-0.13226478,0.19758597,1.7094475,0.31040746,1.7689909,-0.3396122,0.33330327,-0.51420414,0.80400825,0.48386073
0.18962415,0.25449473,-0.33674398,-0.14172305,-0.5333528,-0.20015343,-0.6414281,-0.54386866,0.8963888,-0.6934862,0.030135611,0.031007105,0.37398964,-0.49447563,0.14480795,0.16147093,-0.835359,-0.78441525,-0.5277294,-0.27880043,-1.07525,-0.8439626,-0.69323355,-0.6392581,-0.21926768,0.03772826,-0.49407682,-0.31343016,-0.17876598,0.12467809,-0.8219455,-0.52535594,-0.71133035,-0.35869431,-0.26893097,-0.0842232,-0.33961782,-0.1480434,-0.96152043,-0.66634035,0.07021147,-0.2228209,0.58330315,-0.21662235,-0.3648965,-0.31427824,0.46916947,-0.46733496,-0.68489546,-0.31297538,-1.0155438,-0.7008938,0.7452837,-0.31208003,1.0614454,-0.55287474,-0.659462,-0.47865638,-0.8118892,-0.38056332
0.15932794,0.2633599,-0.3565371,-0.14639552,-0.5473316,-0.32745287,-0.65152127,-0.49288717,-1.1043453,-0.60694796,0.0011684729,0.06920736,-0.627737,-0.351443,0.117407754,0.13797192,-0.8531497,-0.54558134,-0.5461726,-0.3082045,-0.009829509,-0.7473584,-0.7099948,-0.52868426,-0.24925537,-0.096973136,1.471828,-0.3301844,-0.21610804,0.04702555,-0.83721316,-0.54781383,-0.73724717,-0.4699293,-0.66555256,-0.21597141,-0.64586866,-0.29507607,-0.9695798,-0.6841373,-0.7030512,-0.29470837,-0.37649325,-0.19499227,-0.38991135,-0.28564456,-0.54544276,-0.42153075,-0.70421857,-0.41296998,-0.19931364,-0.42702314,0.064666405,-0.22811356,-0.5033271,-0.38643098,-0.676907,-0.40371186,-0.010296164,-0.425204
-0.27780288,0.3084733,-0.10257163,-0.11025796,0.39213586,-0.10156511,-0.8265369,-0.40057766,0.91538316,-0.29955298,-0.29087725,0.09897041,-0.73075646,-0.17687869,-0.27399194,0.33129802,-1.1841419,-0.64777744,-0.0323544,0.12504363,0.059079815,-0.31073886,-0.29972568,-0.62987727,0.26735064,-0.05635272,0.30613142,-0.00042541558,-0.7998493,0.22144002,-0.84791315,-0.45011237,0.8226128,-0.12982039,0.3695081,0.27737162,0.70108396,0.11231811,-0.7210703,-0.66108537,-1.0777305,-0.35336736,-0.76408315,-0.31195217,-0.80229664,-0.30872515,1.3828684,-0.35673958,0.60232794,-0.48180312,0.46127108,-0.54534084,0.19846216,-0.1350633,-1.00227,-0.39217538,-0.912928,-0.26396137,1.0393423,-0.08447176
-0.557682,-0.25759655,0.9982089,-0.28438303,0.33113113,-0.28660256,-0.9365524,-0.52117676,0.86402816,0.56017715,-0.4929349,-0.30739918,-0.79951537,-0.78659976,-0.5230442,-0.2715899,-0.45215273,-0.2858046,-0.25996554,-0.2682927,-0.0845103,-0.42326385,0.99992937,-0.3895927,1.6121138,-0.31928608,-0.30009934,-0.44860426,0.5626756,0.6251404,0.19514698,-0.16240512,-0.5832119,-0.8236459,-0.26570296,-0.4515427,0.665303,-0.6654742,-0.23079403,-0.26933712,1.4453409,0.72538954,-0.10058191,0.29126993,-1.073141,0.21386047,0.9091772,-0.03490141,1.0426712,0.15930395,-0.26789954,0.07089749,-1.1414042,-0.64981353,-0.42081037,-0.5162675,-0.3776797,-0.6989794,0.7842722,-0.5891557
-0.5528731,0.05014482,1.7172699,-0.14813848,0.23375043,0.47730085,-0.92999184,-0.74417573,0.9118657,1.0215975,-0.5062313,0.091290094,1.6904541,0.6060366,0.5620336,0.18400465,0.6177002,-0.5589665,-0.2296588,0.809516,1.3667058,0.7527858,-1.1827258,-0.047909014,-1.180178,-0.28295574,0.7593811,1.1096019,0.576934,0.86575884,-0.24960051,-0.59458196,1.17604,0.021727992,1.0722001,1.0090468,1.3319613,0.8483586,0.9407131,-0.27121633,-0.053180322,-0.078265116,0.20591246,-0.73113066,-1.0609034,-0.5846875,1.752243,0.14181449,1.3643034,-0.522416,2.1900823,0.875902,-0.55004066,0.22641084,0.17560914,-0.3536881,0.34894246,0.03906833,1.022938,1.259853
-0.025094131,0.2962587,-0.58299893,-0.076872826,0.5884818,0.33577365,-0.72903687,-0.5110173,0.90694124,-0.4052111,-0.11517495,0.5399322,-0.66929376,0.58217597,-0.050780505,0.777465,-1.0031987,-0.83112246,2.7532303,2.6449049,-0.88090533,0.27845713,0.5627692,-0.837118,-0.5172483,-0.004378991,1.3315035,-0.069039114,1.8632525,1.0873697,-0.95734406,-0.5607912,2.0467036,0.48382673,2.372676,0.6057413,2.2254193,0.43091428,-0.27819303,-0.8404283,0.086849906,-0.83121127,-0.5492393,-0.37066644,-0.5768929,-0.28344172,0.59284043,-0.54771763,-0.8687262,-0.6270652,-0.78790563,-0.86869234,1.5435708,0.42768452,-0.17928581,-0.19760038,0.9498748,1.3581117,1.9409992,0.5467517
0.18553656,0.6272906,-0.3390621,-0.26984563,0.6709003,0.12818807,-0.64213467,-0.6313955,-1.0983655,-0.24070187,0.026099207,0.08672314,1.5334644,0.32015964,0.14280306,0.28430244,-0.8373831,-0.8264418,-0.52844423,0.15263195,-1.075951,-0.53811765,-0.6941868,-0.73755527,-0.22329764,-0.058531325,-0.49414513,0.19529614,-0.17817326,-0.11634157,-0.8229506,-0.5176386,-0.71386766,-0.04490014,-0.5087508,0.30083868,-0.52332485,0.34488606,-0.9626001,-0.7125015,-0.6816806,-0.53116375,-0.3522422,-0.35731977,-0.3657963,-0.4281021,-0.74256015,-0.5557066,-0.6854177,-0.40843773,-0.5274931,-0.35814017,1.2725216,0.011673061,0.41236895,-0.41790396,-0.66007763,-0.21238256,0.21819651,0.16456221
0.18337254,0.28945825,-0.3381705,-0.12832788,1.301185,-0.24983996,-0.6436486,-0.34712362,0.89181614,-0.43039772,0.022300238,0.061089005,0.60878986,0.1999595,0.1399071,0.3698762,-0.8370635,-0.6742583,-0.5307318,0.24645488,-1.0763016,-0.5167746,-0.69498116,-0.67304397,-0.22211236,-0.0053130575,-0.49633145,0.068231285,0.23292191,0.079012364,-0.8236206,-0.55062675,-0.7139583,-0.03809578,0.5825644,-0.09318717,0.20987748,-0.07509518,-0.9628315,-0.6020672,-0.6827214,-0.537594,-0.039004806,-0.31360325,-0.36714604,-0.2248557,-0.533606,-0.39943624,-0.6870715,-0.48922253,0.5703104,-0.4765194,0.76325005,0.07575071,-0.47637674,-0.23150523,-0.66185635,-0.19040489,-0.29704565,-0.11702859
-0.33815482,-0.28899062,1.7916682,-0.3073459,0.37478897,-0.007871762,-0.84490645,-0.01983623,0.77222234,0.81188214,-0.34216335,-0.12177969,1.6752353,1.6274563,-0.31498086,-0.06523264,-0.2407161,-0.082104005,2.9294384,0.78685856,0.71179783,0.7105068,2.5627515,-0.30583948,0.8975061,-0.29217643,1.114678,0.53773373,0.26652348,0.5727742,0.61042935,0.1569196,0.31420445,0.34811756,-0.23609944,0.74750763,-0.096678704,0.5068029,0.5695538,0.19509786,-1.1151985,0.25217655,-0.14706749,-0.13843144,-0.15997832,0.013733885,0.5295436,0.5546637,-0.44485298,0.0542792,0.9171956,0.87978786,-0.9166225,0.47105214,-0.17774338,-0.010434944,1.9543856,0.51956403,-0.60579073,0.8215674
-0.90969497,-0.83607525,0.6194804,-0.6515498,-1.1530391,-0.44944268,0.624936,0.28685826,0.8900574,0.71044046,2.0562565,-0.077602886,2.783628,2.8813896,1.0156312,-0.24742219,1.8117862,0.21828061,3.7158241,0.63539153,1.3733222,1.0430735,3.4662933,0.009956025,0.32917255,-0.30590275,-0.5115941,0.27552512,4.0619617,0.61391586,0.12135904,0.3110284,1.2744775,0.2997863,1.5408152,0.30985227,-0.55867785,-0.61549824,1.6523687,0.55262786,3.1064475,0.80408144,2.7368279,0.19078586,0.9900609,0.83682954,1.2495146,0.68484557,-0.8027591,0.36851284,2.1280794,1.6203756,-1.518985,-0.37569314,1.1269697,-0.024711648,2.6430664,0.73403496,-0.67141503,-0.23697895
-0.23259902,-0.53658783,-0.06263573,-0.5396186,0.486922,-0.8640343,-0.80877286,-0.3189905,0.7838299,0.55006087,-0.27093267,-0.36727732,0.5315244,1.2468877,-0.23032983,-0.44010004,-1.1481344,-0.48952362,-0.80475885,-0.19485447,0.2640001,0.1107759,0.8350019,-0.2610417,-0.76734334,-0.2765027,1.1826439,0.19879419,-0.74107015,0.5002927,0.22597992,-0.02480666,0.39723456,-0.057810873,-0.55573666,-0.6411001,-0.5385084,-0.7863614,0.36581862,-0.18697444,1.8083136,0.6942838,1.4109111,-0.22092204,2.3048098,0.12407087,1.8884324,0.54003537,-0.3228838,0.20380065,1.9563539,1.2032937,-0.8008685,-0.74330556,0.36820453,-0.2538455,1.3467889,-0.0554607,-0.5382455,-0.61116195
-0.16623592,-0.1030689,0.5596563,0.08621003,-0.7346917,-0.6342901,-0.007899999,-0.17916067,0.9013133,0.48243472,-0.22771941,-0.03901428,0.6096566,0.5032937,-0.17263345,-0.20247851,-0.04339141,-0.18257953,0.75189835,0.42684126,0.5519542,0.02673734,0.9438416,-0.06373991,-0.6752467,-0.0658229,-0.05626765,0.060217112,1.134253,0.23056097,-0.33845574,-0.2500803,0.103933945,-0.08760917,-0.9423579,-0.23549122,-0.8432767,-0.12875485,-0.89183486,-0.06577396,1.8267277,-0.010401154,0.30594862,-0.31116804,0.8366157,-0.36740544,-0.78614753,-0.11513494,1.5034858,-0.13310142,1.0397989,0.70855707,-0.72868544,0.07025668,-0.87330073,-0.08146605,0.18522055,0.09485364,-0.8586941,-0.2324894
0.24132003,0.24777614,-0.2814659,-0.22159584,-0.5031407,-0.24767834,-0.6221502,-0.47591373,-1.0779643,-0.6203226,0.06527607,0.03353371,-0.60553116,-0.44061458,0.18802454,0.17707439,-0.7973806,-0.64311194,-0.49479848,-0.2180475,-1.0444062,-0.74263287,-0.65891665,-0.58136475,-0.15372142,0.05493677,-0.46319485,-0.2529474,-0.11040434,-0.011935892,-0.790118,-0.47440273,-0.65659696,-0.31818703,-0.46998352,-0.09697647,-0.49419507,-0.11513633,-0.9482166,-0.63018435,-0.6388006,-0.43064666,-0.308095,-0.2957871,0.93550605,-0.37241074,-0.6990433,-0.38944942,-0.6417231,-0.47645023,-0.11055994,-0.68353903,-0.29628956,-0.10314448,-0.41772616,-0.4079174,-0.6314131,-0.42432028,-0.6885218,-0.28242618
-0.13329484,0.42767853,0.03402092,-0.23933196,2.1958692,0.017741708,-0.7652713,-0.45539603,0.90412724,-0.023827385,-0.19970201,0.05954006,0.5095901,-0.07634991,-0.13520879,0.26644498,-1.0678098,-0.6068357,0.42354286,0.0863569,0.10005979,-0.3053638,0.4931911,-0.62658775,-0.6292577,-0.08523502,0.27271223,0.20313817,-0.6023711,-0.08249592,0.2948698,-0.38555053,0.5189787,-0.04129125,2.002987,0.52403426,1.4275771,0.36750802,0.22613385,-0.65879273,0.9101938,-0.4226192,-0.63061696,-0.39029226,-0.66192544,-0.36190397,-0.74692994,-0.2603752,-0.94810766,-0.45296437,-0.3387404,-0.40400746,0.8189266,-0.020862984,-0.8276607,-0.27462736,1.1529338,-0.2527084,1.678816,0.26355928
-0.60288584,0.0877264,-1.1919495,0.02180326,0.7601234,1.2463477,-0.95058197,-0.6550853,0.9167901,1.4929956,-0.52570105,0.41898227,3.6121671,2.9136868,1.8390263,0.71101224,-0.3523336,-0.64371574,-0.6419629,2.2015855,2.3198125,1.4663228,-0.8202859,-0.17771922,-0.14008945,-0.5105093,1.8250619,1.8183696,1.9015821,0.7889495,-1.305245,0.2295433,1.9514862,0.9344101,1.4876919,1.9156549,1.5432287,1.8670532,0.085391656,-0.008001914,-0.7231549,-0.03179114,-1.0393839,-0.48626596,-1.1054443,0.35528982,1.0395706,0.81400645,0.36046433,0.010042865,1.5777509,1.8168607,0.57132494,1.5339069,0.21091662,0.500948,-0.503262,1.5275884,1.4049159,2.3250654
-0.16767861,-0.29066166,1.2813897,-0.30092797,2.159478,0.23796089,-0.78414553,0.06759122,0.9157349,0.74837893,-0.2163225,0.3146106,1.4703261,2.193335,0.8346433,0.69270784,0.027880793,-0.2138453,1.0059487,1.7745405,-0.6057608,1.0149164,-0.5676604,-0.37356132,1.1390808,-0.33491907,-0.33024418,0.3673127,-0.17071155,0.80277747,-1.0404785,-0.12691833,1.5539701,0.56107223,1.2957847,1.1025581,1.1953336,0.72739,-0.2296633,0.18316168,-0.7081474,0.13821323,0.6022828,-0.4389666,0.6336726,-0.029991634,-0.4304769,0.68018913,0.1488114,0.08609548,1.2820299,1.7383415,-0.7354118,0.5195766,-0.41379765,0.48076102,-0.27442512,0.68112916,1.648438,0.78557384
0.2766656,0.32925537,-0.24312787,-0.20755303,-0.4846527,-0.30018464,-0.6083225,-0.42186898,-1.0649496,-0.67425334,0.087595016,0.13464162,-0.5970453,-0.21786018,0.22077113,0.21718253,-0.7707479,-0.6104505,0.1665217,0.65716463,-0.25419816,-0.59287244,-0.6350855,-0.7091792,-0.10749532,-0.0456829,-0.43907687,-0.21338238,-0.06446769,0.3398271,-0.76881987,-0.7078649,-0.61772174,-0.04856897,0.40349355,-0.0028818354,0.17228357,-0.041203536,-0.26957428,-0.7455668,-0.61035275,-0.70295966,-0.27820817,-0.339325,-0.28373316,-0.50008667,-0.6692958,-0.5255767,-0.6133477,-0.6800159,-0.9606762,-0.73915476,-0.25813994,-0.09307034,-0.37859136,-0.31018156,0.31231967,0.019860014,0.009630973,-0.1649375
0.2908519,0.30349666,-0.22618781,-0.19006918,-0.47597235,-0.39731422,-0.6026704,-0.6088268,-1.0582665,-1.0874305,0.09780475,0.08581629,-0.59331787,-0.5630436,0.23235495,0.22988711,-0.7605209,-0.7005942,-0.46239182,-0.1774555,-1.0141464,-0.9518861,-0.62563246,-0.60283107,-0.08781959,-0.046043526,-0.4308098,-0.36097103,-0.04451241,-0.012784338,-0.75963056,-0.75169677,-0.6025885,-0.42833915,-0.5604792,-0.4778852,-0.5693925,-0.45086366,-0.9341031,-0.926304,-0.597239,-0.56160414,-0.26386246,-0.2922206,-0.26960608,-0.32913738,-0.65825087,-0.65401393,-0.60029155,-0.6537158,-0.950551,-0.8477924,-0.24237812,-0.23330402,-0.36227658,-0.33366576,-0.60425353,-0.4577967,-0.7633408,-0.6384593
2.8511355,0.4553624,0.35610336,-0.059376,1.2192345,0.24273743,-0.68775576,-0.4632921,-1.1437409,-0.3515601,-0.049642738,0.025413396,0.34258622,0.24397811,0.04077628,0.3701703,-0.9250582,-0.5216561,-0.6051242,-0.15058905,-1.145525,-0.5780241,0.6456165,-0.43617725,-0.3758438,-0.1266676,0.114106126,0.24347481,-0.33346877,-0.25158307,-0.8937369,-0.46733654,0.72116876,-0.31124976,1.9711907,0.14570515,0.649322,0.19809824,-0.62101376,-0.67531174,0.180563,-0.5436014,-0.4551384,-0.28881943,-0.47755334,-0.3465225,-0.6085582,-0.58118856,-0.12889661,-0.5148234,-0.21339399,-0.2746629,2.0698912,-0.26457444,-0.6052428,-0.35110417,-0.7236323,-0.2258891,0.66723806,0.0798412
-0.7743238,-0.984035,0.74321705,0.13134985,0.2092719,0.007959995,-0.2261257,1.0866196,0.8977958,1.1930797,-0.6425193,-0.35832122,1.7305094,3.2394078,-0.69791543,-0.36577216,0.39788994,0.7616866,1.9129097,1.6587719,0.75350577,1.3984653,0.47118616,0.5456745,-1.0085577,-0.22372395,-0.35781738,-0.19233108,0.044856057,1.6411878,1.7083681,0.89758486,0.44260877,0.78521645,-0.58593243,0.73825556,-0.70246196,-0.08365639,0.91999364,1.6330211,0.83528924,1.2986008,1.412823,0.40307042,2.4653227,0.68668854,1.0833725,1.3425891,-0.79835206,0.83984923,1.4412228,2.0960963,-1.3846582,0.21439014,-0.092477135,1.1296947,2.246073,1.7424985,-0.37979594,0.3387315
-0.8498239,-0.18198957,-0.3725599,0.1409546,0.59719104,-0.35403654,0.07021247,-0.5487541,0.9167901,0.74530065,-0.7104259,-0.37161878,-0.8754912,-0.3459185,-0.7745469,-0.61314714,-1.6001991,-0.3705587,-1.2064587,-0.5512934,-1.3803257,-0.30148864,1.4429553,0.32556495,-1.5617212,0.13293342,0.9112982,-0.024773544,0.15045105,-0.14419903,-0.6868003,-0.03659098,1.7049435,-0.63683075,1.2427568,0.074986555,0.8416785,-0.0117976675,-0.63303405,-0.2814457,0.6091619,0.64697427,-1.2603759,-0.06513167,-1.3362468,0.029891498,0.6550846,0.46403968,-0.7688044,-0.07372245,1.4461819,0.6826958,-1.4538295,-0.079487264,0.12397363,0.13300179,-0.452446,-0.49292654,1.8282539,-0.04701142
-0.59711516,0.53470254,0.48639002,0.077582896,1.8589114,0.7962788,-0.15379396,-0.65153325,0.91221744,1.0933303,2.312377,0.009141929,-0.8081598,0.25679624,-0.55467695,0.017625963,-0.02624377,-0.37471747,-0.18099155,-0.092610724,0.59327954,-0.08461352,0.71489316,-0.040173497,0.02879032,-0.23786694,1.3321669,0.9639329,-1.2267144,-0.252357,0.04794784,-0.13675925,0.73113334,0.033059284,1.0482643,0.8176828,1.6927854,1.000138,-0.7912029,-0.5089434,-1.3376471,-0.5437979,-0.64710844,-0.6227526,-1.1089536,-0.6429524,-0.8061715,0.26982307,-0.820024,-0.47096318,0.19735749,0.6363545,-0.22310077,0.64379,-0.8451526,-0.18636823,0.42721197,0.055690788,1.7313868,1.1090927
-0.52041286,0.5300811,-1.0917356,0.046151705,0.3772364,0.32774413,-0.9147512,-0.5019112,0.9160866,0.029706111,2.3880816,0.038839664,-0.78777796,-0.43105927,-0.47960487,0.05126328,-1.3566157,-0.59620315,-0.98556906,-0.28154585,1.073351,-0.41053528,-0.44275704,-0.26353177,-1.1337149,-0.013235392,3.0490627,0.41313347,0.09003292,-0.3828503,0.24550453,-0.4803392,-0.33857495,-0.40067545,0.22016181,0.3201408,-0.33535033,0.37830648,0.27968258,-0.6206971,-1.261601,-0.38721424,-0.5718914,-0.36479446,-1.0224813,-0.43821657,-0.6304664,-0.3631001,-0.033274107,-0.34194955,0.71538395,-0.47988594,0.9555666,-0.005055993,-0.75988084,-0.20333706,-1.0427737,-0.24198303,0.07945378,0.2833156
6.057803,0.50930166,-0.7322498,-0.17262615,0.5275435,0.25297013,-0.782026,-0.49854955,0.9108105,-0.07450287,-0.21679737,0.041361947,-0.70331633,-0.29810432,-0.1782026,0.20711984,-0.70088005,-0.60357654,-0.04659686,-0.19718653,-0.37815818,-0.4491125,0.45777625,-0.48933393,0.17062247,-0.079538114,0.33976233,0.23863254,1.1434047,-0.23900884,-0.5923226,-0.40187952,-1.1084194,-0.29379705,0.3083514,0.3862281,0.9165301,0.3192124,-0.12221228,-0.63400453,-0.98038334,-0.50475186,-0.66955525,-0.4035168,-0.707906,-0.37487,-0.7782896,-0.32505116,-0.32012948,-0.46504974,-0.04890371,-0.5220699,1.6908858,-0.13569647,-0.46484277,-0.44294345,0.18491195,-0.28968996,1.2147655,0.2341601
2.7858305,0.32075807,-0.5327137,-0.17144161,1.1757848,0.2541725,-0.7132915,-0.6441503,-1.1687149,-0.6859584,-0.10235343,0.10708087,0.49426487,-0.36161909,-0.019147748,0.2720152,-0.9737429,-0.82289785,-0.402106,0.10162055,-0.1024509,-0.7216803,0.59438956,-0.53341746,0.4060907,-0.07443547,1.3215821,-0.06959442,-0.4208966,-0.07587354,-0.41071108,-0.51483506,-0.47656637,-0.17501636,0.8295255,0.4296167,0.51257247,0.39914462,-0.32719767,-0.76003057,-0.83203804,-0.4902792,-0.17557634,-0.35978627,-0.5414402,-0.38433692,0.6436759,-0.6296503,0.42267427,-0.37698904,-1.1350394,-0.6699554,-0.5558074,-0.22662814,-0.678969,-0.52981865,0.35104626,-0.14467856,0.40100038,0.34103146
0.22064167,0.17978488,-0.3078567,-0.030151665,-0.5155412,0.71099335,-0.63153684,-0.40188357,-1.0902754,-0.5646151,0.050792504,0.27264595,-0.61068606,0.6811812,0.16775285,0.7693709,0.21264149,-0.7270406,0.79631966,2.349847,-0.19564186,-0.002882217,-0.67400974,-0.5703338,-0.18892439,-0.10218158,-0.47638118,-0.15324694,3.1548083,1.1610782,-0.804572,-0.72198975,-0.6806108,0.50438726,1.6583728,0.75870025,0.3777005,0.57078314,-0.19105244,-0.66260403,-0.65788156,-1.023676,-0.33072364,-0.36539024,-0.34177125,-0.33793592,-0.71745145,-0.337524,-0.66322225,-0.7747312,-0.9994894,-0.44835928,-0.32209074,0.6213644,-0.44209507,-0.53155494,0.22237542,1.1728672,0.13085325,0.6160942
0.23675156,0.38880315,-0.2869937,-0.23985459,-0.50607175,-0.024464032,-0.62406784,-0.70391047,-1.0807782,-1.0654547,0.058865312,0.15383215,0.6241898,-0.42021504,0.18512858,0.27072892,-0.8011625,-0.88227534,-0.02789875,0.40058893,-1.0472101,-0.8405849,-0.6621736,-0.5630941,-0.16083314,-0.04787951,-0.4654495,-0.2528097,-0.11771469,-0.02028494,-0.7937554,-0.7948776,-0.66058415,-0.054811366,0.26482317,0.06392059,-0.6020792,0.13566174,-0.9493735,-0.94169486,-0.6418536,-0.7505211,-0.31219378,-0.30601373,-0.32179534,-0.26924238,-0.7024304,-0.79786736,-0.6466844,-0.6063704,-0.986126,-0.94981056,-0.30241358,-0.29784974,-0.42144346,-0.39115503,-0.6338759,-0.29552355,-0.7897713,-0.06504184
-0.4975705,-0.37524578,1.6160449,0.23961598,0.40182155,-0.4372478,0.980538,1.0698334,0.73986167,-0.89337593,-0.45494524,-0.301722,-0.7852402,-0.7458567,-0.45933318,-0.2966756,0.15665863,0.5782113,-0.96988994,-0.8174945,0.59632385,0.05189065,-1.140624,-0.033423465,0.025976822,0.49244782,0.35725778,-0.86732906,-1.0623304,-0.5706986,-0.2293493,0.36675513,-0.95053375,0.57985705,-0.26274344,-0.7130057,0.36858055,-0.7653067,1.3053449,1.1866359,1.1879542,0.952062,2.1582491,0.24998467,0.6384174,0.45542905,0.7960901,-0.3242634,0.6764891,0.42178032,0.7801681,-0.7711679,-1.076349,-0.4265809,0.81191313,-0.5496554,0.7410317,-0.6463028,-0.63528085,-0.83699423
-0.5497473,0.17795104,2.411253,0.30767232,0.24771403,0.5476575,-0.9272667,-0.7330485,-1.3692104,0.7685747,-0.50053287,-0.20063706,-0.8019739,0.038425595,-0.50054485,-0.20611511,-0.41180614,-0.339933,0.47476044,-0.5247715,0.17222258,0.050821867,-0.752413,0.2347746,-1.1619247,-0.1113092,-0.28502953,0.8058666,1.8857939,-0.5223788,0.5024529,-0.37196538,-1.5007963,-0.4600482,-0.2503857,0.4357858,0.9004185,0.6579664,-0.0017937528,-0.43337032,0.9409352,0.26010215,1.8136135,-0.53293616,0.2541724,-0.67600894,-0.081642106,0.14545472,0.9922606,-0.17494804,1.4006987,0.6847541,-1.1303608,0.3367549,3.1336386,-0.12792185,1.0519913,-0.44144714,1.6264745,0.72272116
1.7518669,0.2959352,-1.2188753,0.26447585,0.32207194,0.24999483,-0.9596658,-0.3791019,0.90940344,0.42371064,-0.5287877,-0.03146422,-0.81553537,0.004102162,0.5426207,-0.17833771,-0.8609664,-0.11529432,2.4827693,-0.16227138,0.16854502,-0.098688684,1.0225165,0.025273632,0.67320335,0.10994607,2.4532683,0.45253608,-1.2540789,-0.3721646,-0.26777452,-0.28336006,-0.7564915,-0.25346702,0.10128927,0.5015913,0.67651516,0.5035716,-0.6833795,-0.45330957,1.1100773,-0.1904064,-0.6624744,-0.47357565,-1.1276698,-0.54300416,0.10703942,0.059934944,1.8664836,-0.2597558,1.1778027,0.27183053,-1.2180046,0.45785376,0.25224268,-0.26242906,2.7749178,0.01334818,1.3230064,0.58915764
2.5787387,0.31618923,2.5821168,-0.11118948,0.5123144,0.32589296,-0.7906052,-0.6857957,0.91749364,-0.4550847,-0.23531735,0.10187834,1.727045,-0.35459018,-0.18689047,0.23337267,-0.60938156,-0.8049208,-0.77273345,0.036347367,-0.6158512,-0.6761037,0.11387915,-0.4316214,2.1457086,-0.03757985,1.5165265,0.059916772,2.3364713,-0.112712555,-0.56913114,-0.42916885,-1.1229184,-0.15713876,0.9766661,0.579683,1.8318341,0.51638615,-1.0674493,-0.75797325,-0.995648,-0.37907776,-0.68296164,-0.3766233,-0.7190637,-0.39495534,-0.80089676,-0.6290499,-0.38028812,-0.26900023,-0.39289042,-0.5398079,0.16424334,-0.14936312,-0.89260995,-0.5906824,-0.07846137,-0.03226327,0.7836299,0.50228167
2.5976424,0.3024429,-0.7324281,-0.14419633,0.82354957,0.31804305,-0.784953,-0.66488785,0.8151354,-0.53909194,-0.22843172,0.10130956,0.61368406,-0.35220563,-0.17864813,0.2561469,-1.1079189,-0.8140601,-0.7676818,0.042345587,-0.24438015,-0.6912276,-0.93813854,-0.4762065,0.394536,-0.05921522,2.1600466,0.0024645207,-0.6613478,-0.10587409,-0.53552717,-0.46858993,-0.65579104,-0.18850441,-0.5565245,0.5046524,-0.54735327,0.4712659,-1.0647501,-0.7463368,-0.98530966,-0.4177335,-0.6711777,-0.37876862,-0.7084459,-0.37119657,-1.0414345,-0.6204761,-0.98666686,-0.3060715,-0.37983665,-0.57013136,2.2821507,-0.19410414,-0.88063204,-0.56966686,-0.85929304,-0.08855104,0.48504144,0.40971348
0.20621492,0.19381887,-0.3130279,-0.12705052,0.68326783,0.35413745,-0.63466567,-0.5698444,-1.0913306,-0.95915896,0.033222273,0.018404223,-0.61568236,-0.38954493,0.15795115,0.27209437,-0.8226285,-0.6347512,-0.5176738,-0.10923299,-0.855383,-0.802392,-0.68123853,-0.5052589,-0.19722138,-0.21992739,-0.48437497,-0.17859218,-0.154464,-0.058066797,-0.8115118,-0.5933344,-0.69030696,-0.23596478,-0.6277773,0.32612184,-0.052164715,0.26952428,-0.95797276,-0.7740751,-0.6650976,-0.5286289,0.9217735,-0.2644006,-0.35103935,-0.36120522,-0.5192061,-0.721179,0.6082871,-0.56631273,-1.0045065,-0.6812404,-0.33373642,-0.17057747,-0.09198751,-0.42362735,-0.65193665,-0.36285698,-0.07583166,0.19580458
-0.3374335,0.024760395,1.1280184,-0.2156021,0.44940668,-0.014793581,-0.8465214,-0.40222162,0.89463013,-0.02112604,-0.34097618,-0.018619131,0.55740136,-0.32873118,-0.3174313,0.055112302,0.59749454,-0.45698705,-0.0752576,-0.13510855,0.97861063,-0.5366226,0.6374652,-0.40395045,1.1016695,-0.18081622,2.325984,-0.01877208,2.0623705,-0.11714859,0.44823518,-0.21078074,-0.52992564,-0.44104758,-0.07670732,0.14207983,0.3670165,0.014722894,0.0976194,-0.4538481,0.47999904,0.00017328141,0.60274446,-0.21186619,1.8074121,-0.1207608,0.32444337,-0.34528285,-0.49559024,-0.17297056,-0.2671424,-0.103127725,-0.9125064,-0.18307552,-0.58528274,-0.4374383,1.074065,-0.33124477,0.61406684,-0.024231156
2.3675942,-0.52487874,-0.94301975,-0.65973556,0.34020594,0.30503005,-0.07929917,-0.45766976,0.74654484,0.90827715,-0.36828125,-0.27905017,1.6015614,1.2489004,-0.35931128,0.14023818,0.14799953,-0.37054586,1.0132606,0.99860954,1.2996455,1.1588905,-1.0644438,-0.14134163,0.14416373,0.031114694,1.0556852,0.6779154,-0.92550826,0.6064006,-0.11407293,0.28590214,-0.88597524,0.22327916,0.7360124,0.91396135,0.4644867,0.40920386,0.02383544,0.44982576,-0.8553513,0.2772519,-0.2431559,-0.20561339,0.92748946,0.1271867,0.27185866,1.3124067,3.1247053,-0.040826254,2.414408,1.9223924,0.15368468,0.036854357,-1.0996424,0.018318925,1.9798363,0.28234643,1.5791919,0.73778325
0.2819554,0.31218827,-0.23849164,-0.16353936,-0.4807071,-0.3290097,-0.60579926,-0.46251866,-1.0631909,-1.0676143,0.09305603,0.0926658,-0.5952213,-0.6095882,0.22544922,0.24921928,-0.76680624,-0.6830038,0.27657613,-0.2772651,-1.0198128,-0.8549636,-0.63135195,-0.6150401,-0.10121331,-0.016289055,-0.43545574,-0.44068155,-0.056070667,-0.10057496,-0.76556534,-0.7500775,-0.61119723,-0.47838247,-0.56751126,-0.29204765,-0.5747663,-0.24526215,-0.936571,-0.8042796,-0.60396934,-0.605017,-0.27257234,-0.38264933,-0.27896416,-0.3646053,-0.66465694,-0.6593941,0.03440208,-0.641554,-0.9566626,-0.8238156,-0.25281906,-0.21919914,-0.37084702,-0.38887832,0.46818173,-0.56984013,-0.35965535,-0.51410794
-0.98182875,-1.0964149,-1.603682,-0.015794434,0.07728743,0.6264235,0.4782804,1.4668767,0.8372954,0.90698177,-0.78023195,-0.5201087,2.7834454,3.1591427,-0.8926129,-0.5154495,-1.5064203,1.5676429,2.6570988,0.82023513,3.5263462,1.4577518,2.4219062,1.10754,0.033956617,-0.42067036,-0.55490154,-0.09639705,-0.42274287,1.4639453,0.4667824,1.1062827,-0.13150628,0.30090767,0.27634087,0.27184004,-1.1203438,-0.7485977,1.4346255,1.8369429,0.57867235,1.3653581,0.27273417,1.0340544,-0.2135491,1.0316085,-0.47082707,1.8673843,1.1368558,1.0115297,1.814548,2.3029964,-0.32766595,-0.02791999,1.0657029,0.769294,2.2362921,1.1442257,-0.24820599,-0.20647638
0.7886689,0.33037996,3.4035718,-0.16026501,0.40225786,0.19323072,0.88947284,-0.5121612,0.9108105,0.30330238,-0.393212,-0.095511094,-0.7663652,-0.78928703,-0.3860432,-0.096343644,-0.32871458,-0.33448574,-0.9218518,-0.6953823,0.4827454,-0.5625803,-0.38441405,-0.42788824,-0.2362987,-0.24308904,1.1879989,0.58604306,-0.9811262,-0.075908065,0.17678972,-0.23730487,-0.15684582,-0.20027082,0.12131273,0.5037023,1.2123842,0.47847292,0.9901348,-0.5112701,-1.1886773,-0.20539944,0.65546733,-0.33352435,0.9398247,-0.32198,-0.94084704,-0.1463737,0.47900492,-0.10835049,0.6194827,-0.48314053,-0.40772632,0.37141213,0.5205017,-0.3028939,-0.9882495,-0.3834355,1.2225854,0.6736885
0.08190434,0.40108532,-0.45710754,-0.42772523,0.63286626,0.29620683,1.1620018,-0.5464657,-1.1391681,-0.57199436,-0.04798069,0.032132972,0.51736236,-0.61452097,0.043895002,0.1389508,0.0788954,-0.6534741,-0.6001202,-0.15892223,-0.8205456,-0.76730055,-0.7683017,-0.66468096,-0.36399096,-0.17956331,2.37182,-0.025573505,-0.3238863,-0.06191603,-0.88885504,-0.46673995,-0.40315667,-0.0834925,1.3126463,0.7056138,1.2008708,0.45929405,0.103217445,-0.746019,-0.77354646,-0.5183382,-0.44984415,-0.28393236,-0.46936503,-0.24686518,0.5706959,-0.613818,-0.77533114,-0.36215803,-0.08784741,-0.7222228,-0.4670593,-0.082242765,0.81547827,-0.26363185,-0.71843296,-0.47927746,1.4620892,0.47831547
-0.57811993,0.14994925,-1.1566428,-0.7320636,1.9619751,1.471616,-0.9421037,-0.8107546,0.91714185,0.79732853,2.8204787,0.13004279,0.4764202,0.45535904,-0.53306866,0.5849008,-0.84449065,-0.536453,0.5070352,0.42856765,0.19721933,0.33787328,0.14583182,-0.42091608,1.2280252,-0.59281,3.2049997,0.5966756,-0.64281213,0.26678416,-0.5468602,0.1882855,-1.0702057,0.29631808,1.1249074,1.4492141,1.3248996,1.5165042,-0.32751852,-0.52968925,1.2132921,-0.2789366,2.5342913,-0.6964043,-1.0805194,-0.36679748,-1.0601559,0.27310854,-0.63423777,-0.07894654,2.0499792,0.67769617,-0.19151199,0.82943195,0.30036402,-0.17722891,-1.0745169,-0.069329694,1.6797206,1.9106033
2.3431625,0.57717633,-0.08052693,0.10398962,1.993089,2.41302,-0.8739748,-0.6655041,0.9167901,1.1424624,5.1018085,1.0360762,0.5347169,1.7422597,6.4430847,1.6188084,-0.7927133,-0.80915356,0.098829925,2.0078049,0.6584289,1.0601531,-1.0917702,0.2330611,0.11435512,-0.7309856,0.91213673,1.3364148,-0.96611035,0.43031484,-1.1844441,-0.15879074,0.9144927,0.6424958,2.0291393,2.0802894,2.412971,2.3250914,-0.40437916,-0.6462461,-1.1750778,-0.8320812,-0.87252975,-1.0207795,-0.9237717,-0.3516899,1.0422779,0.52261114,1.0131085,-0.12282791,1.6514047,1.370641,3.4321747,1.5000727,1.4529489,0.30606556,1.5969943,1.7033137,2.218241,2.533765
0.30311465,0.31749335,0.4119978,-0.23120788,-0.46875754,-0.48904622,-0.59782565,-0.60895973,-1.0543972,-1.0337605,0.10801447,0.12763208,-0.589987,-0.49732026,0.24460708,0.22151442,-0.7510396,-0.73038036,-0.45314637,-0.25644538,-0.69878894,-0.95033807,-0.61713266,-0.5968937,-0.07181825,-0.028280875,-0.42226943,-0.3968617,-0.027224423,0.008433793,-0.7518771,-0.7310651,-0.58845204,-0.47157505,-0.32007042,-0.4834705,-0.3820224,-0.4728273,-0.9303626,-0.86319256,-0.5866231,-0.5399516,-0.25276163,-0.2743748,-0.25763854,-0.31088683,-0.44860467,-0.61806715,-0.59028184,-0.6266661,-0.9432079,-0.8964673,-0.22942732,-0.2474868,-0.34761393,-0.35871938,-0.5967967,-0.4277623,-0.75748783,-0.6838136
-0.37157682,-0.10562668,-0.046286363,0.24320608,0.6438499,0.27001944,-0.8613583,-0.3828755,-1.305896,0.39962903,3.4814243,-0.26307708,0.37918365,0.17278536,-0.3526283,0.019502746,-1.2455571,-0.06664707,-0.8960218,-0.65619665,-1.4107356,0.115603074,1.1106232,0.41393536,-0.9389726,0.15148383,-0.8438218,-0.065499395,-0.9194822,-0.20361166,-0.24058782,0.10113085,-0.8513951,-0.19021583,-0.17248277,0.1517588,-0.031781603,0.20679872,-0.39262566,-0.24367842,0.9154292,0.26883173,-0.44268066,-0.47918022,-0.8900286,-0.5991352,1.4910148,-0.15076178,0.59378546,0.27990693,0.37310418,0.21838666,2.1750166,0.10010234,-1.0967511,-0.007753554,-0.96827316,-0.2950027,0.32626536,0.14325549
-0.6976216,-0.3096317,0.81848305,0.12880233,0.26506174,-0.2781559,0.91986024,-0.42222834,0.86402816,0.6789731,-0.59265786,-0.31671557,-0.83441037,0.25568244,-0.6375459,-0.3887311,1.9424813,-0.18656616,-0.32757598,-0.58992916,0.7322142,-0.42801264,-1.2815458,0.19388178,-1.3700607,0.123175785,0.13738541,0.078105405,-1.3406175,0.12839508,1.9741969,0.0315709,0.76355386,-0.5805121,0.20852113,-0.03352807,0.06474621,0.09658817,0.15153354,-0.049383312,1.2628571,0.54962695,1.271534,-0.5427475,0.9238583,-0.25524625,-0.389332,0.16007735,-0.16959298,0.3177797,1.0412952,0.82773644,-0.32450223,-0.11165319,-0.22380555,-0.014501724,-1.1407396,-0.4489369,0.23642649,0.2759461
-1.323743,-1.2160467,2.6727357,0.015550978,-1.3880848,-0.72606784,0.0028348246,-0.21173596,0.904479,0.9809512,-1.0387993,-0.6765676,-0.99199283,0.6866417,-1.1924558,-1.0625162,0.08105503,0.07226578,-0.17940086,-0.26484954,0.17719565,0.4650799,2.3706167,1.1643236,1.2478669,0.49587318,-0.106375694,-0.70282364,-0.5660032,0.7648718,-0.812803,0.8158753,1.6651595,-0.0023345742,-0.8247928,-0.8896056,0.23792808,-1.0814209,-0.1029687,0.58686084,1.114697,1.2888011,1.3021562,0.47183743,2.440499,0.26426178,0.3178147,0.8350804,0.06950605,1.1964916,1.9345653,1.3487005,0.21144542,-0.78234696,-0.31364125,0.6389848,0.76413435,0.057593636,-1.138527,-0.79261726
-0.7300818,-0.068833016,0.49296027,-0.037752613,1.4743948,-0.37916347,0.7141731,-0.227181,0.90412724,0.36954513,-0.60073066,-0.26571298,0.26722553,-0.19731721,1.6959478,-0.32274285,-0.13086398,-0.101099715,-1.1347828,-0.28678048,0.18975566,-0.49559283,1.3005506,0.23815769,-1.4357255,0.008250583,0.25309622,-0.47071984,-1.3910985,0.5219666,-1.1012144,-0.14936846,-1.7272513,-0.51652116,-0.85019016,-0.17662366,0.29615408,-0.257302,1.169031,-0.009991927,-0.857874,0.6294624,0.41941226,-0.29219478,1.3296796,-0.32446304,1.2405156,-0.2349601,-1.4421527,-0.08310271,0.71929836,-0.18269117,2.5213308,-0.20241089,-0.9233224,-0.050160084,0.25827378,-0.3609222,1.2511344,0.08010511
-0.9868781,-0.63318455,-1.5954795,-0.15406267,-1.1919316,-0.55312616,0.58914995,-0.029703688,0.8362402,0.3486312,-0.79590267,-0.5690223,-0.9065795,-0.009106317,-0.88481605,-0.67017525,-0.78528726,0.0009907456,-1.2984842,-0.30486262,0.112467624,0.037037134,0.215269,0.41148612,-0.64492404,0.36221468,-0.07116354,-0.6253052,0.9054913,0.69875205,0.8721871,0.40487918,-1.4716846,-0.54355556,-1.6140599,-0.6913589,-1.3244725,-0.7856159,-0.17092732,0.003952952,1.2717346,0.9184336,-0.26641026,0.36119407,0.12315429,0.25018212,0.21147384,0.08449209,-0.84793735,0.3689471,1.0292795,0.18579155,0.048777428,-0.6495822,1.2488074,0.14729796,-1.2974027,-0.46433774,-0.50672936,-0.49623507
2.3349614,0.24053854,-0.99045193,-0.28108132,1.5527512,-0.38104677,-0.8800307,-0.44004604,0.8911126,0.042971045,-0.4167181,-0.12739784,0.5293978,-0.58649695,-0.39940915,-0.10143264,-1.2860389,-0.66353524,-0.13663472,-0.18901026,-0.87096393,-0.6336783,0.2692223,-0.3496511,0.09645688,0.12563516,2.5848048,-0.28230047,1.4160807,0.18415356,-0.37202585,-0.2757601,-1.3684031,-0.6690108,0.94815713,-0.21829486,0.6219712,-0.28114402,0.5397852,-0.58347684,-0.24655293,0.13942449,-0.51397985,-0.108321995,-0.94716686,-0.23390092,-1.2431877,-0.371681,-0.46518162,-0.27996466,0.99906826,-0.41767988,-0.08004649,-0.2739019,-0.24456981,-0.43096,-0.9997426,-0.34574944,0.39363387,-0.31326613
-0.026536807,0.39470387,-0.5703385,-0.36172026,1.9291562,0.20968026,-0.7255042,-0.4413326,-1.178212,-0.2978896,-0.12538467,0.005426531,-0.67080057,-0.44185704,-0.04899838,0.21145597,-0.11248417,-0.5664827,-0.66988987,-0.22217496,-1.2062197,-0.6103607,-0.48919967,-0.5943806,1.699507,0.059133243,1.0718497,0.050956026,0.7386085,-0.120028995,-0.95447236,-0.3482693,0.17789093,-0.19033356,0.7631019,0.47086093,1.0165279,0.2758562,-1.022795,-0.5440042,-0.861943,-0.32315186,-0.5422372,-0.21741197,-0.56888455,-0.18181504,0.12113828,-0.48404846,-0.86402595,-0.3064169,-1.1525077,-0.5681971,-0.5831145,-0.11891753,0.25296357,-0.29301158,-0.11631702,-0.4067546,2.0366864,0.32211784
-0.7618207,0.07484014,-1.3501161,-0.26751086,-1.0642066,-0.20863841,-0.21425143,-0.41295642,0.8548828,0.11196931,-0.65082955,-0.097869106,-0.8563783,-0.78490436,-0.6952423,-0.014230103,-0.4013998,-0.4074744,-0.375216,-0.11193402,1.016572,-0.6035653,0.55929077,-0.48352537,-0.7126268,-0.0010489821,1.4840752,-0.35971642,0.4764626,0.3526117,0.4229166,-0.041304577,-0.16463242,-0.64105576,-1.1938568,-0.1591019,-1.0114295,-0.20766793,0.004873767,-0.37558216,1.551196,0.34188095,-0.0044811824,-0.04803032,-1.2557135,-0.039727055,1.128386,-0.18121468,-0.323131,0.066403866,1.1945491,-0.24878906,-0.3858246,-0.31354272,-0.48202878,-0.41277483,-1.1826761,-0.45474967,-0.59390956,-0.18059856
-0.332865,-0.1899867,-0.9021853,-0.39086434,0.45560783,1.9529328,-0.056692533,-0.33669254,0.9185489,1.1223928,-0.33409053,0.65206134,1.6434133,2.4517984,3.3566034,1.9508555,-0.47936407,-0.0016857544,-0.87085897,1.6956335,0.4727567,0.7800269,-1.0418836,0.14164406,-0.9024658,-0.2634967,-0.15319872,0.7314992,0.9025439,0.5637946,-0.85257804,0.99048716,-0.13842891,0.75561893,0.35024816,2.0316403,1.1700951,1.4108646,-1.1081705,0.4678805,-0.25492597,-0.23240913,-0.81275606,-0.48246253,-0.85718536,0.4512226,3.1947882,1.4505483,-1.1171414,0.27913845,0.9407738,1.9582875,0.19639172,0.65451026,-1.0555512,0.5376053,-0.94631296,1.4718821,1.9992596,1.6703649
2.6337512,1.1726246,1.8340786,-0.282446,2.1512325,1.0673189,-0.047376007,-0.56929594,0.9189006,0.58198345,-0.31414595,0.07439389,2.7597082,1.8459077,2.9002159,0.9767567,0.16543359,-0.29506347,1.3341345,-0.19129804,1.50436,0.12759912,-1.0207533,-0.54767483,-0.85375065,0.010455061,1.5390514,1.2156698,0.36786073,-0.7553862,-0.19219024,-0.47217694,-0.030544039,-0.062415868,2.229942,0.9796909,2.7532609,0.8267531,-0.5570451,-0.38153484,-1.0877914,-0.54672366,-0.78133214,-0.34474528,0.46482885,-0.4132333,-0.883778,-0.40521282,-1.0892012,-0.5768259,-0.97325635,0.694091,0.7822567,0.2755286,-1.0156935,-0.4090856,-0.26468173,-0.0758572,3.0027804,0.91396904
-0.350658,-0.57620454,-0.9027203,-0.008906846,0.4809666,-0.62120694,1.0352716,-0.746346,0.7711671,0.45287442,-0.36020845,-0.4601858,2.7970893,0.6026681,-0.32923788,-0.29508778,-0.057327744,-0.48899448,-0.15695664,-0.44086125,-0.47051966,-0.20275743,-1.0449816,0.06727227,-0.9086293,-0.14882632,1.4991933,0.03735587,0.996016,0.78480095,0.036185555,-0.15739875,0.40393126,-0.39287868,-0.33841673,-0.33806115,-0.9473766,-0.5598549,0.35023555,-0.07230925,-0.11296446,0.90279645,-0.820612,-0.3268206,-0.86735326,0.093977064,0.12174725,0.17407793,0.60194576,0.0737538,1.6212379,0.8257302,-0.9202367,-0.5175514,0.18697375,0.3637432,1.0825976,-0.5496434,-0.8207537,-0.27678588
-1.3314372,-1.0601026,-1.9836743,-0.017340813,-1.3938341,-0.45992312,-1.2392466,-0.5158471,0.8759875,0.86222535,-1.041886,-0.66433054,-0.9968305,0.13343446,-1.2109454,-1.002485,-0.22224282,0.1693178,-1.5369592,-0.059349786,0.0514731,0.5228649,1.4441766,1.2299149,-0.06919986,0.036190826,0.09124815,-0.2734978,-0.33998054,0.39327142,-0.6065705,0.11784113,0.47651997,-0.21370804,-0.8761012,-0.8622685,-1.2386541,-0.8072633,-0.0961358,0.67513996,2.6549795,1.0516045,-0.82548,-0.12423553,0.44074526,-0.16439028,-0.8019163,0.5584455,0.24570203,0.67039216,1.5203611,1.1896954,-1.9723632,-0.73893833,-1.5472413,0.5116914,0.24711384,0.2930201,-1.1048019,-0.39077526
-0.6476088,-0.2948032,-0.3248319,-0.011511208,-1.0087426,-0.24883266,0.3102013,-0.43185154,0.8650834,0.36091667,-0.55656767,-0.3368278,1.4852087,-0.023650948,-0.5958887,-0.3164461,0.3646645,-0.21798618,-1.0773562,-0.42225203,0.25714633,-0.2330055,-1.2528689,0.13793464,-0.22875896,0.1633927,0.042108525,-0.3010873,0.58022213,0.37139538,0.06996219,-0.26574218,-1.6410733,-0.58913696,0.657294,-0.16113111,-0.4961124,-0.21317166,0.02214759,-0.32847807,1.4602613,0.7525808,-0.6943733,0.053714298,-1.1562839,0.0710432,0.32980466,0.059352495,1.6350683,-0.2056168,0.46125883,0.27069297,0.04841019,-0.1947049,-0.99310285,-0.033452846,-1.1172743,-0.5917205,-0.22410563,-0.11558671
0.10378492,0.1124831,0.22991312,-0.36481354,2.3824263,0.29105377,-0.6780663,-0.48849308,0.9143279,-0.31168455,-0.031597633,-0.046318013,0.5803442,-0.21140549,0.06305287,0.19913207,-0.9041781,-0.6096414,0.8655726,-0.23194854,-0.27349398,-0.54344934,-0.75360584,-0.592882,-0.34360406,-0.059512466,1.3694762,0.063727066,-0.30353585,0.023791488,-0.87751204,-0.44417155,-0.813004,-0.08355216,2.28208,0.6264172,2.1524162,0.45565474,-0.6150964,-0.6153026,-0.7578654,-0.1929445,-0.43584,-0.2715561,-0.45478803,-0.056734193,-0.8163399,-0.30985954,-0.76192683,-0.36807537,-1.0761582,-0.243147,0.521887,-0.102627695,-0.5762273,-0.26154372,1.3832604,-0.49161637,1.2722685,0.4052882
-0.4384208,-0.11606617,-1.0134548,-0.16138838,-0.8892469,-0.28679463,0.41469795,-0.3694746,0.7289575,0.09026602,-0.4086453,-0.07742808,-0.77207524,-0.34032002,-0.4089881,-0.029290035,-1.2973311,-0.28721583,-0.22419786,-0.14605072,0.3253708,-0.22882044,0.6079761,-0.14798942,0.46051073,-0.116989866,-0.45099387,-0.43511367,2.0382438,0.3961395,-0.63958883,-0.1596931,0.62759745,-0.51692736,0.55414844,0.21745992,-1.0035568,-0.09410094,-1.1379015,-0.26380065,-0.27307227,0.2066521,-0.29413348,-0.16763447,-0.31400394,-0.17059869,-0.029596211,0.071164235,0.015285659,-0.30623987,0.8914815,0.03402891,1.2320291,-0.18345582,2.737436,-0.3580271,0.12426117,-0.46994874,-0.9692774,-0.21942356
-0.5935085,0.09509187,-1.1742961,-0.3887346,0.31704655,0.570212,-0.9481596,-0.7548921,0.90483075,0.7514369,-0.53828514,-0.08798073,0.35855117,0.64138186,-0.5535632,-0.00091157295,-0.45251518,-0.21992835,0.08892804,-0.046946634,0.17326728,0.14072292,0.1902028,0.0023937686,-1.2379014,-0.005033659,-0.2619793,0.72728616,0.65580124,0.514418,1.1475013,-0.012255765,-1.0286723,0.019752057,0.086810574,1.0429842,0.5445382,0.5841891,0.13521749,-0.3910305,1.769361,0.21110457,1.3802184,-0.77574,1.6548141,-0.4358723,-0.39253697,0.3416397,-0.2975617,0.18936169,0.61368185,1.0452448,-0.34690654,-0.11532036,-0.8868478,-0.21622373,-0.45460993,-0.36105722,1.3113583,0.8298285
-1.0241473,-0.736319,-1.6131328,0.028585725,-1.2068121,-0.034621075,1.4793527,-0.25610465,0.8875952,1.1511371,-0.8203586,-0.40624756,2.1852689,0.980218,-0.9211269,-0.2487577,1.9392797,0.78651786,-0.6220798,0.49711028,2.049418,0.5739891,0.99985284,1.1624043,1.7179198,0.4201102,1.1291052,0.14022058,1.5516347,1.0547644,0.6696779,0.4046443,-0.21953881,-0.27912745,-1.4033922,0.6384936,-0.68544585,-0.14046071,2.6547987,1.0876256,0.844433,1.2090828,-0.33084565,0.3727479,-0.3759713,1.0420254,-0.21460128,1.4045836,-0.29711562,0.5684665,2.2551863,1.9754229,-0.6591617,-0.47619727,4.1509743,0.9095645,-1.3201154,-0.07406852,-0.38811642,0.51855034
3.548078,1.4010559,-0.7884194,-0.36256334,2.284023,1.8411231,0.017689519,-0.44989803,-1.260169,0.8986494,4.7393594,0.26327917,3.620996,2.3289318,0.7794238,0.8862099,-0.5811543,-0.31957608,0.61246324,1.1637356,1.6225792,0.81196886,0.93538594,-0.34266537,-0.77575886,-0.17491297,2.1226637,1.7093294,-0.7395883,-0.7155348,-0.81858176,-0.23535216,0.041691422,0.4415848,2.4556766,1.5039353,2.1356473,1.3605193,-0.7212736,-0.25174484,-1.0322139,-0.901255,0.8459705,-0.70979166,-0.76855356,-0.8045699,-0.8393496,-0.2303233,1.4843054,-0.64573205,-0.38717553,1.0123581,0.8169909,0.6484879,0.16392772,-0.22818431,0.01360868,0.8027047,1.859963,1.3885729
0.03958584,0.71701795,0.3293237,-0.26484224,1.2044435,1.1661605,-0.69885826,-0.62668544,0.91397613,0.2676227,-0.07789757,0.26697385,3.920199,1.4738455,0.01359884,0.9396512,0.07408911,-0.5922896,0.5561497,1.5100098,0.20925802,0.7284232,-0.79110026,-0.76686,0.558637,-0.020279294,0.09175628,0.79713255,1.4522389,-0.014948942,-0.9112061,-0.30225292,0.32492134,0.43121514,1.1326225,1.1926237,0.74106133,1.1179378,0.38948834,-0.5781975,-0.8044922,-0.7375776,-0.4827197,-0.6262137,-0.50229824,-0.36321965,-0.85926765,-0.23820515,-0.80866784,-0.47510627,0.94346255,0.29449978,-0.5100278,0.6202324,-0.6366333,-0.024300188,-0.7422403,0.8390428,0.22417183,1.1922747
-0.70170915,-0.45767775,2.985526,-0.16301417,0.14297962,-0.51027167,0.11786121,-0.7483865,0.9181971,0.68276656,-0.5964568,-0.3778667,-0.8375826,0.18840018,-0.6524712,-0.38152242,-0.56280446,-0.5085533,-0.7123061,0.058643613,-0.13485953,-0.15935935,0.4614144,0.3248415,-0.31220987,-0.18969095,-0.38335094,-0.2938705,0.34115392,0.8988178,-1.3740691,-0.19101468,-1.1758595,-0.74560434,-0.4359698,-0.31832486,-0.4824553,-0.36421958,-0.2791766,0.04419245,0.979357,0.94753075,-0.4733722,-0.23105738,0.16088662,-0.09497162,2.1459057,0.29562828,1.4864656,-0.02363927,0.94469506,1.0981317,-1.3118727,-0.21909373,-0.44446522,0.36013997,-0.5574963,-0.33137694,-0.03683042,-0.22031319
-0.40620103,-0.64353794,-0.07537585,-0.5233166,-0.8680533,-0.5445309,1.5934378,-0.23066169,-1.3182071,0.93797,-0.39701095,-0.5604358,0.42205456,-0.07349377,-0.37913746,-0.47369355,0.15640311,-0.056725316,-0.91751504,-0.061893415,-0.6071919,-0.13552707,-0.7063882,0.01008575,0.797435,0.035149533,-0.86636835,-0.11888648,0.80028003,0.4287274,1.995232,0.4362477,-0.43719357,-0.50050807,-1.134721,-0.41317588,-0.9844156,-0.43446472,0.1951015,-0.01112278,1.42443,0.8892913,2.385299,0.61368984,2.330941,0.716628,-0.70672095,0.24234165,0.06465378,0.3125763,-0.035282686,0.8114997,-0.9843883,-0.41837195,0.7741041,0.059281666,-0.9865392,-0.51755637,-0.9602159,-0.3439239
0.0780572,0.21108094,-0.448905,-0.21130826,-0.5931006,-0.19238421,-0.6833148,-0.48249486,-1.1349472,-0.6314754,-0.05106735,0.14247756,0.34409842,-0.46911383,0.05347394,0.23094012,-0.9118483,-0.62727964,0.3765577,-0.22079307,-0.072772264,-0.7091751,-0.2633748,-0.50792915,-0.35154545,-0.10875282,-0.5612382,-0.26049662,-0.3204287,-0.058154367,-0.88670135,-0.65581226,0.3370325,-0.4166629,0.23521695,-0.12607116,0.59877557,-0.15824829,-0.6168986,-0.76044595,-0.769869,-0.3540849,0.84376127,-0.29503834,0.8912893,-0.29155612,0.89548224,-0.49121246,-0.7727199,-0.45515898,-1.0826802,-0.6514064,-0.4678625,-0.07728992,-0.591716,-0.385252,-0.7190487,-0.4311139,0.27688155,-0.28762925
0.007125631,0.06319731,-0.5359234,-0.15573786,1.1699502,-0.341486,-0.71631944,-0.30919898,0.84081286,-0.319484,-0.10140369,0.113700844,0.6703148,-0.40715885,-0.019370513,0.054961838,-0.3897539,-0.46130097,0.16853929,-0.060457055,-1.1861829,-0.44936773,0.5925528,-0.36929566,-0.45679876,-0.16034529,0.053693086,-0.33056918,-0.42632997,0.17454916,-0.9342751,-0.4611172,-0.09146599,-0.39170727,1.4638498,-0.073436804,1.0036638,-0.19246833,0.08976136,-0.49136817,0.9644526,-0.22084847,0.12815061,-0.24139597,0.13993935,-0.28632522,-0.89542127,-0.28471762,0.4593458,-0.42158914,-0.3957295,-0.15441205,1.2157954,-0.22076641,-0.6837189,-0.3925346,-0.758796,-0.39965937,0.22991623,-0.33181325
-0.6238046,0.030785704,-0.28016332,-0.9372929,-0.98619616,0.5101852,1.4790362,-0.79076475,0.9051825,0.9027161,-0.53828514,-0.14299974,0.46018565,1.2558945,-0.5751715,0.2521316,0.965807,-0.29800028,-0.35380223,1.1634487,0.94239366,1.1480428,2.442654,0.11104355,1.352904,0.2299223,0.25630048,1.3874695,-0.07289678,0.23292287,0.8899695,0.51742405,2.1894858,0.2943411,-0.904841,0.8996737,-0.9526269,0.2672314,1.1254078,-0.09205966,0.7288685,-0.0027698926,-0.6655492,-0.14712095,-0.16880946,0.21658242,-1.4058418,1.2065969,0.9662066,-0.09292924,1.2904015,1.815412,-1.2067604,-0.048470184,-0.36987898,0.07097192,-1.1027709,0.5544997,-0.39272463,0.77841574
0.2427627,0.3282666,-0.27308503,-0.2185658,-0.50144976,-0.5102071,-0.62043434,-0.6998453,-1.0758538,-1.2909358,0.061951976,0.16772716,-0.6064828,-0.65759087,0.19158879,0.35895044,-0.79269326,-0.809714,1.1765431,-0.18647587,0.11915991,-1.132271,-0.656613,-0.6932611,-0.14518738,-0.018770147,-0.46087188,-0.5128283,0.30268764,0.015386697,-0.5523351,-0.9135584,0.6895258,-0.40769824,-0.5979058,-0.672751,-0.59719396,-0.6473045,-0.9463271,-1.0288169,-0.63519263,-0.66440815,-0.3052771,-0.33656144,-0.31351706,-0.271204,-0.6943308,-0.74120826,-0.6385896,-0.6586878,-0.6098872,-1.0926483,-0.29307696,-0.2720991,-0.41215023,-0.30460823,0.6147981,-0.35632062,-0.7858283,-0.8036113
0.29806527,0.34900066,-0.21869852,-0.20257127,-0.47180128,-0.50010896,-0.5995415,-0.75966024,-1.0558043,-1.2039968,0.1042155,0.16655622,-0.5912559,-0.61995906,0.23948346,0.36322734,-0.7547682,-0.83497983,-0.456673,-0.18895906,-1.0094147,-1.0361229,-0.62062794,-0.7041102,-0.077981725,0.05154374,-0.42609552,-0.5175439,-0.033645675,-0.018279564,-0.75503594,-0.7900871,1.0176387,-0.37031093,-0.55391216,-0.6242077,-0.56477374,-0.63588566,-0.93178934,-1.0452447,-0.590925,-0.62547,-0.25703117,-0.31648582,-0.26249754,-0.30499643,-0.65162396,-0.66506684,-0.59437275,-0.59037244,-0.9464462,-1.1377032,-0.2347482,-0.27266565,-0.35380942,-0.32195282,-0.59994364,-0.33823106,-0.7598906,-0.8599404
-0.16527414,1.2434225,0.13949779,-0.15008818,2.3102422,2.2824454,0.5419254,-0.5947251,-1.2299187,0.93746156,-0.21513532,0.33941224,1.5102805,2.3848717,1.642273,0.7447362,-0.18759638,-0.4904663,0.09667983,0.9331806,0.64253247,0.81099117,-0.92892385,-0.37865266,-0.6769061,-0.45283753,0.32708633,1.9882567,-0.64119494,-0.49979225,-0.3979011,-0.076349385,0.10364791,0.46763396,1.8987771,2.168412,1.2432582,2.0674293,-0.32083517,-0.33189476,-0.97386116,-0.937506,-0.28738722,-0.72771704,-0.6948587,-0.707986,-0.7846721,-0.31885862,-0.9757867,-0.4991687,1.4039383,1.0388894,3.106076,0.7074392,-0.86555636,0.13521823,-0.85074157,0.46798363,1.0485939,2.0630975
-0.25303695,0.91436845,-0.8187332,-0.26690766,2.204679,1.1540587,-0.81442505,-0.52587956,0.91749364,0.39802042,2.0323138,0.39828217,-0.72346026,1.7224524,-0.25126982,0.9186632,0.27543762,-0.44612375,0.99519724,0.85914594,1.366102,0.6207151,-0.9902494,-0.6117153,-0.80977654,-0.1518836,3.3710654,0.99280494,-0.76161814,-0.5810667,-1.0937955,-0.21673489,-1.1994908,0.24504349,1.5013552,0.8824552,0.8168429,0.8883785,-0.087200135,-0.61671454,-0.10517566,-0.8210735,-0.74205226,-0.43516502,-0.7868198,-0.4065358,0.8433227,-0.18897673,-1.0478567,-0.538764,0.46450007,0.44485515,-0.82747287,0.07495744,-0.038234193,-0.11490166,0.598237,0.4123038,1.2017478,0.88428617
-0.22418341,-0.006082287,0.43759048,-0.35995555,-0.7655802,0.3739878,-0.8039282,-0.87509,0.9013133,0.92912894,3.5032904,-0.1640815,0.48076275,0.7241169,-0.22765663,-0.1954746,-0.280566,-0.5492418,-0.8019471,-0.22829054,-0.7502453,0.27037135,-0.9680864,-0.08240225,1.3965712,0.19408101,-0.36078715,0.5459039,-0.72635067,0.41713235,-0.31602263,0.033508196,0.71343976,-0.5326411,-0.633105,0.18238026,-0.052621655,0.17345735,-0.77602607,-0.45492387,1.3183779,0.18920942,-0.71993595,-0.277067,-0.761535,-0.11739873,0.34124285,0.49251106,-0.3170867,0.09321625,0.06649762,0.9618613,-0.7934394,0.28646326,-0.93504906,0.036148675,-0.88570005,0.046643488,-0.31669897,0.26131922
-0.7740834,-0.682609,-1.3704442,-0.30328932,0.214572,-0.099401526,-1.0166922,-0.44534296,0.9157349,0.7784488,-0.6358711,-0.5432137,0.41010913,0.287994,-0.69992036,-0.5260677,-0.006779942,-0.25059798,-1.1570386,-0.47481892,0.51470053,-0.0628003,-0.30148834,0.43439332,-0.37081665,0.14025736,-0.42719626,-0.19605398,0.25871032,0.14910682,-0.15216722,0.22888346,1.7189213,-0.60715353,0.55228364,-0.25510427,0.02409413,-0.24301365,0.1494525,0.031947426,0.53413063,0.9130888,-0.121188514,0.17809498,-0.5578883,0.4327904,-0.29865903,0.46753997,2.8019996,0.19035387,0.4100198,1.2414393,-0.7617508,-0.53931296,0.338554,0.09502494,-1.1822655,-0.32542643,0.42926073,-0.022367964
-1.0032284,-1.1499181,-0.6365092,-0.7873355,0.07250117,-0.85119206,0.57171786,-0.2018139,0.8900574,0.807433,-0.8139478,-0.825185,-0.91712725,0.15681349,-0.90887475,-1.0559894,-0.41323036,-0.15014426,0.43588984,-0.42755654,-0.6899726,-0.17421053,-0.6812144,1.0281712,0.14750718,0.031254347,0.8094524,-0.9835861,-1.7610614,0.78114563,-0.4047926,0.90181065,-1.4991462,-0.4440969,-1.6370156,-1.2206895,-1.3390838,-1.2646227,0.8092247,0.21564257,1.9399582,1.4476,0.3615685,1.071173,0.11202231,1.5058495,0.76479495,0.122386955,0.069681235,1.1999391,1.0399445,0.77821875,-0.49073064,-1.03049,-0.18576907,0.14341652,1.6120983,-0.407814,-0.86800754,-1.080115
-1.0955597,-1.0669833,-0.43276605,-0.68763554,-1.2490866,-0.89167106,0.5307861,-0.40261284,0.9150314,0.963198,-0.87971747,-0.5911725,0.29980677,0.5565172,-0.98996156,-0.9050581,0.64417523,-0.17740701,0.55616933,0.36092147,0.35349503,0.4313178,2.4180286,0.7856125,0.6037832,0.24526459,-1.305343,-0.6167065,0.06047074,1.262245,-0.25226557,1.073002,-0.9925397,-0.4597134,-1.698967,-0.77435863,-1.388247,-1.2620251,0.9673852,0.42754203,1.8212478,1.3723624,0.8566212,0.6018606,1.4589244,1.0150505,1.0048062,0.81364214,2.7082515,1.0207489,1.8002065,1.6336703,-1.7114398,-0.82187366,0.85081494,0.0976744,0.19768243,0.14418125,-0.91771805,-0.94311625
-0.76638913,-0.78544897,-1.3574271,-0.64515203,-1.071196,-0.17481045,0.7076482,-0.35830078,0.9150314,0.85147643,-0.6579526,-0.47023678,0.4119698,0.84401304,-0.70571226,-0.50934434,1.7097404,0.2260035,1.5084662,0.6182838,-0.058809042,0.26266164,1.9011201,0.4547432,1.7544823,0.5686274,1.178189,0.19927692,2.880115,0.66104305,2.1424186,0.6750903,-0.12325296,-0.31252792,-1.4372137,0.4641574,-1.2001654,-0.20773955,1.3287302,0.4810607,1.6031163,1.0100394,0.5917556,0.41685903,1.8519644,0.71011174,0.04280176,0.6677612,-0.78604746,0.59534436,1.4240886,1.6014087,-1.3697999,-0.46458048,-0.15273337,0.043573394,1.5937034,-0.032383595,-1.0247668,0.24671891
-0.48675042,-0.14635518,-1.0612435,-0.3104805,0.28256232,1.1393604,-0.9049608,-0.59451336,0.7328267,0.99359,3.2590861,0.33233145,1.5445104,2.301104,1.523513,0.7374118,1.0506765,-0.3938971,2.820449,2.021922,1.3653871,1.0251349,1.5845952,-0.1692701,-1.1051495,-0.36906007,1.5699866,0.97100985,-0.5847725,0.31351838,-0.2869729,0.034431305,-0.2124994,0.33429372,0.97322935,1.3774376,1.0471859,1.2938099,0.6952084,0.10257175,1.9180033,-0.156207,-0.3310935,-0.46517968,-0.36120248,-0.2094156,3.165082,0.5390115,-0.011775003,-0.24212354,2.099731,1.5513507,1.0729717,0.4501221,-0.73233765,0.67942685,2.0212824,1.164297,1.1571684,1.2017511
0.2809936,0.3349162,-0.23866996,-0.20135051,-0.48172167,-0.4245333,-0.60670763,-0.61049724,-1.0635427,-1.166426,0.092343725,0.16770174,-0.5950626,-0.6812508,0.22411261,0.32091305,-0.7688303,-0.77166504,-0.46792,-0.25983387,-0.7111043,-1.003984,-0.63222575,-0.70244527,-0.10216154,-0.018124495,-0.436139,-0.5062924,0.3483643,0.015828745,-0.76604396,-0.8247946,-0.614097,-0.36337852,-0.5687898,-0.5462006,-0.5755213,-0.5559551,-0.7888796,-1.0106914,0.4913833,-0.648752,-0.27317008,-0.34693292,-0.27959403,-0.30412933,-0.6662032,-0.67729354,-0.60925674,-0.6322663,-0.9584413,-1.0137087,-0.25362223,-0.23759261,-0.37353173,-0.38360456,-0.6090424,-0.43396625,-0.7684852,-0.7598001
-0.2532774,-0.6861327,-0.8053595,-0.34061307,-0.7822645,-0.31208056,-0.81503063,-0.42384386,0.91749364,0.695655,-0.29989982,-0.49506438,2.769135,0.7536829,-0.2546113,-0.44000402,0.40870148,-0.28254634,-0.8248224,0.14457858,0.5817541,0.34143543,0.06942203,0.60777885,0.29015598,0.011587363,-0.07376417,-0.08610983,-0.76665634,1.215499,0.3760821,0.4094903,-0.00023007781,-0.31271228,0.13811734,-0.5474537,0.59841603,-0.5510426,-0.17305654,-0.21109048,1.530209,1.0150142,0.8210611,0.2773708,-0.7852901,0.48238978,0.8004735,0.74201375,0.0021212276,0.115341015,0.77656454,1.0414541,-0.81773466,-0.4504995,0.51240796,0.25542447,-0.9067709,0.39369667,0.43473834,-0.3572621
-0.8563159,0.5698168,1.9683727,-0.19305517,-1.1260962,0.9308066,-1.0531286,-0.6660444,0.8999063,0.38499135,-0.70449,0.31763548,1.5851989,-0.20257461,-0.7787795,0.11021714,-0.29043752,-0.29171032,-0.92628986,-0.1399981,0.06734265,-0.13181067,1.02676,-0.27360383,0.46155772,-0.03420098,-1.1407531,0.9323226,-1.5596316,-0.114543505,-0.4932261,-0.1683293,1.0979532,-0.34434667,-1.2924728,1.1520718,0.107788704,0.88969165,0.50774705,-0.7343174,0.24159478,-0.34166434,0.97206867,-0.23665641,0.6032187,-0.20765087,1.3895538,-0.16773897,-1.5457317,-0.4260949,1.9669123,0.07071872,-0.85270834,0.0096819345,4.0269747,-0.121203616,0.61434627,-0.2720293,0.20230201,0.84229136
-0.86905956,-0.72008723,3.794221,-0.07025204,-1.1285764,-0.5264734,0.64763045,-0.53331363,0.89709234,0.71857685,-0.7232474,-0.5802503,-0.8820737,-0.083318286,-0.79726905,-0.49461517,1.2264017,-0.407919,0.10868448,-0.16854025,-0.0058454797,-0.23935206,-0.6804369,0.66399,-0.3357423,0.16681048,-1.1585171,-0.51806366,1.2502959,0.53165835,0.97612125,0.4693946,0.5569225,-0.6279335,-0.38679838,-0.95479447,0.77926934,-0.847669,0.09129062,-0.18539077,1.1929284,1.034374,-0.81594986,0.13903248,-1.3632413,0.46682355,-0.062884524,-0.037433736,-0.17373571,0.19916268,1.3797505,0.45288035,-1.4816386,-0.21317793,-0.27220145,0.42113382,0.47926143,-0.33725986,-0.4153198,-0.7713517
-0.8022156,-0.55133027,0.32819316,0.053659033,-1.0859637,-0.54390883,0.68533945,-0.45723394,0.8584002,0.64365077,1.6519518,-0.45439503,0.40009874,-0.008787974,-0.7317759,-0.3957445,1.0844526,-0.4682562,0.37497196,-0.07969497,1.024593,-0.14420004,0.46598113,0.78293747,-0.14038976,-0.20999543,0.33048794,-0.45990422,0.39453974,0.7240921,0.107786626,-0.12059545,-0.934457,-0.8281852,-1.1618698,-0.64249897,0.065941244,-0.572153,0.5598885,-0.050850235,0.50900143,1.0947254,0.7418285,-0.20487869,0.80122364,-0.33065727,-0.85307664,0.14945602,-0.44320711,-0.20506816,0.44241396,0.90938264,-0.43300757,-0.03345687,-1.031803,0.25040162,0.16245015,-0.09439849,-0.26954457,-0.29822096
-0.4263985,0.4662819,0.88919103,-0.16214307,0.40987197,0.8551691,-0.8829577,-0.5842441,0.8900574,0.067942336,-0.41291913,0.22084776,3.5498505,-0.053807396,-0.3998547,0.37984186,0.23607418,-0.57372874,-0.9329082,0.38458437,0.72222817,-0.1274436,0.71897423,-0.61361015,-1.0239575,-0.2997127,2.8556678,0.8119156,-0.99624085,-0.008060267,-1.2010998,-0.3874087,-0.48124665,0.15360853,1.3042936,1.0298967,1.848046,1.0576248,-1.1360892,-0.6062459,-0.33476818,-0.61928815,-0.8936213,-0.4462183,0.26877367,-0.44134903,-0.9568502,-0.8224414,-0.5219724,-0.5438507,0.6056233,-0.15634066,-0.4274687,0.23633228,-0.67656213,-0.33168122,-0.99967426,-0.14492053,0.67233884,1.1685069
-0.083522506,0.7644759,0.5690347,-0.0277244,0.5118792,1.1635647,-0.7512418,-0.6135066,-1.2028342,0.53149843,-0.16574873,0.47169223,0.5246148,0.3136932,3.1191547,0.49406144,-0.1598279,-0.42050782,1.4377025,0.27888063,0.56915736,0.16006011,1.3275689,-0.47195607,-0.58243895,-0.4615299,0.38398057,1.2014714,2.7168906,-0.28519845,-0.22323108,-0.12289782,0.14097646,0.22014031,1.7806609,1.1968719,0.60438865,1.0695665,-0.035354987,-0.6571304,-0.009502261,-0.7401005,-0.24688126,-0.44069707,-0.62692267,-0.40097788,0.18468271,-0.38520554,0.8287659,-0.533428,-0.8082395,-0.0054876897,1.385009,0.4481686,-0.7834662,0.061593432,0.7778592,-0.010982127,0.83048844,0.9884784
0.2971035,0.28341728,-0.21852021,-0.29894695,-0.47168857,-0.5301532,-0.5998443,-0.6959529,-1.0565077,-1.1283516,0.100891404,0.114473686,-0.5921283,-0.49756208,0.23836964,0.26550314,-0.7553009,-0.80029553,-0.4578644,-0.28090996,-1.0097067,-1.017106,-0.62070733,-0.6879833,-0.079048485,-0.03050737,-0.42671043,-0.5037142,-0.034929927,-0.009536558,-0.75565815,-0.78078634,-0.5937079,-0.47857288,-0.5540284,-0.5398168,-0.56530666,-0.58053756,-0.93198216,-1.0044638,-0.59085554,-0.6587734,-0.25831205,-0.28700536,-0.26393723,-0.33841687,-0.6519185,-0.707169,-0.59506905,-0.6504706,-0.946583,-0.9057433,-0.23585252,-0.2110287,-0.35360292,-0.3932197,-0.60090137,-0.4398614,-0.7604143,-0.7315248
-1.1001282,-0.7136465,-1.7354579,-0.36583433,-1.2687019,-0.0075060967,0.5034694,-0.6621303,0.8172459,0.9521187,4.7420087,-0.34646213,0.1468743,0.35608795,-0.99976325,-0.7776742,0.9523315,-0.48226696,-0.6946851,-0.12532592,-1.4654976,0.050794974,0.9280268,0.55282134,0.20827886,0.55528814,0.9338025,0.040317647,-1.8899804,0.333123,1.825963,0.055439357,-0.1039141,-1.0021911,-0.8456775,0.25100264,0.24696487,0.038364895,0.8241281,-0.36596304,2.5097177,1.4962393,1.9329526,0.42147836,2.3971198,0.28576672,-1.41652,0.87746274,0.5323002,0.43476495,0.5592444,1.2182359,-0.62600446,-0.59399605,-0.21625136,0.063924395,-1.3602732,-0.13500406,0.748779,0.18215483
-1.2352588,-1.1225191,1.8973255,-0.021504126,-0.19321607,-0.5348837,0.4241348,-0.5454719,0.8805602,0.7174847,-0.9469117,-0.48074386,0.10536205,0.35139525,-1.1213934,-0.9755453,0.76625603,-0.034608524,-1.063187,-0.2827213,1.3920081,0.41787452,1.6269691,0.64137083,1.9085332,1.0968554,-0.2537722,-0.7044206,0.54100317,-0.15830319,0.29739082,0.6010084,-0.08058072,-0.5292204,-1.1698653,-0.64576566,-1.2383523,-0.78833073,2.3703341,0.03846989,2.058505,1.7607352,2.4759312,1.1164997,0.26390874,0.77992284,-0.9009769,0.8365124,-1.0339875,0.8611512,0.8214458,1.0244607,-0.96144176,-0.51729846,1.6856465,0.10851765,1.4990255,0.106275655,0.18055756,-0.54363656
0.8233062,0.69161636,2.5623636,0.0043643294,0.4440831,1.5463516,-0.85005397,-0.45497823,-1.2988611,0.65470797,-0.3611582,0.11333551,-0.7550243,0.34868836,-0.33926234,0.083405346,-0.9733942,-0.24286054,-0.88520366,0.15100509,0.26397067,-0.13596039,-1.052846,-0.25165686,0.1958316,-0.19297406,-0.43253595,0.97287244,1.6822678,-0.2086319,-1.1541003,-0.49572483,-0.08095759,-0.122253075,1.0389994,1.5937276,3.3333616,1.4914726,-1.1136849,-0.54215914,0.70897985,-0.239939,-0.8267602,-0.7246777,0.093884856,-0.36676383,0.3570109,0.28199065,-1.1328088,-0.20975894,0.12580615,0.3716047,0.15168466,0.20062956,-0.6138751,-0.10890496,-0.9595849,-0.11838967,0.9024428,1.2697878
-0.7933191,-0.86787516,0.0070356284,-0.36033073,0.6260582,-0.36957932,-1.0268863,-0.51300377,0.65227675,0.80903774,-0.66650033,-0.49524254,0.39937517,0.14322662,-0.72331077,-0.5655739,-0.071934186,-0.5742008,-1.1730512,-0.08090328,-0.40459818,0.16009279,0.11426869,0.26542354,1.8329245,0.46891174,0.5201338,-0.14839874,0.22255574,0.2727193,-1.4214035,0.1346885,-0.6579615,-0.70012254,1.1124822,-0.34387675,0.5028862,-0.5640124,-0.5374568,-0.44108984,0.3152802,1.3943468,-0.80276966,-0.10284089,-1.2906263,-0.22342052,-0.032445148,0.124526605,1.2437956,0.62528086,2.466655,0.7014004,0.7430591,-0.32351023,0.124067925,0.027123582,-1.1983423,-0.16153358,-0.28098044,-0.16042383
-0.6086566,-0.25526017,-1.1775059,-0.5149195,-0.9802214,-0.59009284,-0.9531052,-0.53970015,0.86613864,-0.0058316328,-0.5316369,-0.1498801,-0.8137113,-0.3341509,-0.55735016,-0.18815385,-0.4655728,-0.5592999,0.12877497,-0.11947122,0.49229467,-0.3727046,2.7150598,-0.21838626,0.032663826,0.12722763,0.3468458,-0.51284224,0.97592163,0.52769244,1.119931,0.027862325,-0.7648771,-0.44104618,-1.2994792,-0.7766009,-1.1026384,-0.8838869,0.5321229,-0.5015445,0.99964756,0.33461758,-1.0442511,-0.13422388,-1.1067041,-0.04995198,-1.1089076,-0.40120286,1.7016087,-0.014727008,-0.15336724,-0.28957328,-1.1972231,-0.32313603,-0.89739305,-0.30394483,0.49835354,-0.34656233,-0.6427017,-0.8924544
0.45393354,0.5929886,0.6019545,0.2821601,1.8483132,2.7500951,-1.0340525,-0.69017315,0.89498186,1.1248568,-0.6700618,0.49692905,1.7274868,2.1277604,2.797527,0.9362038,0.25574806,-0.3668263,0.4021125,1.2963499,1.2840912,0.8880403,1.940009,0.019718118,-0.42989856,-0.6080555,1.5247043,1.9443449,0.19942884,0.6996381,-0.58733904,-0.47222126,0.22640252,0.64172137,3.26121,2.7678134,1.1603726,2.9118135,-0.47979745,-0.18263951,-0.5954263,-0.7128597,-0.15384737,-0.8171725,-0.59440064,-0.57258016,1.8639766,0.8818147,-0.1503787,-0.19027436,1.9509457,1.4482486,-1.4240125,0.8986667,-0.52597696,0.005175261,0.3773415,0.7499524,1.291825,2.7653036
-0.9104163,0.02762284,-0.5468274,0.21472639,0.2845598,2.340544,0.2061787,-0.2962318,0.9167901,1.1558976,-0.7465161,0.40525275,1.5164458,3.0037804,-0.8251148,1.0134758,1.0628496,-0.111148626,0.10568254,1.5738801,1.4211057,1.5296446,0.63159555,-0.40167427,0.1751124,-0.4322158,-0.43433017,2.0323024,3.6855679,0.82415855,2.3320696,0.09948423,1.8059835,0.89483166,3.557102,3.1740885,1.5099376,2.600618,2.0593297,0.09360423,-0.08732815,-0.2590646,-1.3113543,-0.45229426,-0.20952879,0.15415591,2.2158072,1.3027042,-0.7994439,0.048541017,1.0275133,2.0152757,1.8308938,1.1012326,0.06452081,0.930358,-1.2634704,0.44923738,2.381426,2.8307574
-0.41509753,-0.9486939,-0.21902469,0.2942614,2.0038185,0.1299961,-0.87619525,0.2111883,0.91538316,0.84128857,1.9067068,-0.24484836,0.49295557,1.9250319,2.7832856,-0.39615202,0.07628048,0.62457615,0.18831317,1.1130079,1.2011069,0.8214735,1.0627425,0.375942,-1.0002518,-0.3320444,-0.20312203,0.185709,1.3321537,1.2252545,0.63512903,0.4260607,-0.14898205,0.3921269,2.7378523,0.765851,1.4925048,0.4697938,2.1747348,0.79744506,0.81175214,0.7721626,1.2413248,0.3189042,0.28399575,0.2921641,1.8209602,1.227359,-0.45059028,0.85801876,1.1487529,1.9734666,-0.019922271,-0.59574246,2.7173986,0.528404,2.8868232,0.7689574,2.0484562,0.47433078
0.2971035,0.29742163,-0.21994673,-0.25956297,-0.47191402,-0.5428882,-0.600248,-0.5477284,-1.0568595,-1.2868404,0.10160372,0.14411643,-0.592049,-0.61821806,0.23881517,0.28808117,-0.7561531,-0.76150674,-0.45762613,-0.34278294,-0.70209134,-1.102891,-0.621184,-0.665522,-0.0803523,-0.07181427,-0.42705202,-0.5277334,-0.03591781,-0.0136759225,-0.75580174,-0.8775954,-0.5950672,-0.5259857,-0.55472577,-0.60313267,-0.56566197,-0.5990271,-0.9322907,-0.93648994,-0.591827,-0.6887985,-0.25848284,-0.28734738,-0.26429716,-0.29944238,-0.65258116,-0.7730223,-0.59541726,-0.6734065,-0.829509,-1.0047073,-0.2362541,-0.28945467,-0.35453224,-0.36213374,-0.6007646,-0.4713559,-0.7605375,-0.75521755
0.30624044,0.33811775,-0.21067429,-0.25630555,-0.4669538,-0.51213545,-0.5966144,-0.7125068,-1.0536938,-1.1988332,0.109676525,0.1275409,-0.58935255,-0.5725652,0.24683474,0.30969632,-0.7492286,-0.8068168,-0.45171666,-0.2901995,-1.0045662,-1.1399627,-0.61514676,-0.7417842,-0.06873651,-0.005043421,-0.42076632,-0.45718056,-0.023569249,-0.011499488,-0.7502977,-0.8347485,-0.5854617,-0.47824526,-0.54717076,-0.5965733,-0.560155,-0.6159085,-0.92959136,-1.0447817,-0.5841252,-0.6636159,-0.25071225,-0.2817912,-0.255389,-0.32958114,-0.64499706,-0.7040324,-0.5881058,-0.62522453,-0.9416116,-1.0059217,-0.2265159,-0.20466062,-0.34461945,-0.3638014,-0.59536004,-0.4466442,-0.7562249,-0.79639065
0.2103025,0.29469368,-0.31463274,-0.50531983,-0.52117777,-0.055195987,-0.6340601,-0.30897287,0.91925234,-0.29676494,0.038445856,0.22217987,-0.61417556,0.77196187,0.16017881,0.31285253,-0.82007176,-0.63607246,-0.5164347,1.0202166,0.019702574,-0.10453285,-0.6798881,-0.7877695,-0.1948508,-0.36666313,-0.48280352,0.047456197,-0.15189551,0.31936422,-0.80988455,-0.7801486,-0.689582,-0.18340433,0.46800113,0.003909884,0.22774446,-0.19615708,-0.95724005,-0.815714,-0.6648201,-0.5074279,-0.33635944,-0.27331927,-0.34771,-0.32657358,-0.72466743,-0.4012983,-0.66713905,-0.5415949,0.42854717,0.33025113,0.7557707,0.062328823,-0.45252413,-0.1798324,0.47691295,0.49347124,-0.28140196,-0.12120266
-0.27852422,0.9243889,0.038634166,-0.43931332,2.1929998,1.5980295,-0.82229775,-0.47332346,0.9160866,0.56939936,3.4631605,0.4784646,3.5397265,1.9586443,2.9153922,0.50442624,0.17388245,-0.6468257,0.18328527,0.97686344,0.47599608,0.27039674,1.2733275,-0.50801104,-0.82874113,-0.34179097,2.1384027,1.3726617,0.9014021,0.11191252,0.86451983,-0.26231357,-0.009553808,0.3886259,2.4006143,1.5887525,1.7381212,1.5800979,-0.45579085,-0.3006138,-1.0678085,-0.57925427,-0.36813387,-0.6315042,-0.8029265,-0.52843666,-0.86757326,-0.41571608,-0.5776664,-0.1716595,1.3795217,0.9897126,0.72800046,0.500055,0.11361347,0.052139062,0.55625063,0.5746587,1.1689403,1.5078835
-1.1034944,-1.2488621,-0.7555925,-0.13643979,-1.2694911,-0.9128065,-1.1487108,-0.4589854,0.91467965,0.9266155,-0.87686825,-0.6952609,1.432102,0.5266335,-0.9935258,-0.8958226,-0.7598987,-0.3221808,0.22055693,-0.44429877,1.1581533,0.29437163,-1.1276381,0.9862293,1.1883123,-0.4200087,0.028265866,-0.5586098,2.3316271,1.4354842,0.80382824,0.45989928,-0.027125245,-0.7467444,-0.9026539,-0.85645175,-1.2240049,-1.0038904,-0.5735962,0.12265237,0.71156424,1.9554073,0.50569266,1.0137099,0.2232095,0.25579953,-1.0141429,0.17575932,0.59431463,0.2664696,1.4404964,1.3794817,-0.77013475,-0.5859405,0.95349187,0.87622195,1.4666979,-0.48074877,-0.92765385,-0.6625734
-0.43144786,1.6021703,1.6703739,-0.29083842,1.0171169,1.5976162,0.4278304,-0.42977262,0.9164384,0.8325135,2.0616565,0.46228552,1.4137793,1.6842234,8.354339,0.62912506,-0.71164715,-0.41190785,1.553169,0.83739454,2.4636683,0.7465807,-0.1886931,-0.30249006,-1.0250243,-0.34980762,2.0204098,1.555854,-0.99258566,-0.2443593,-0.68946034,-0.31023103,-0.16514859,0.40983522,2.433526,1.830613,1.6491071,1.6097487,0.5993791,-0.29191762,0.67099667,-0.8689624,-0.48013794,-0.6665166,-0.9444674,-0.5913894,1.1285667,-0.0121875275,-0.76881975,-0.20059717,0.4782953,1.0513985,0.86636287,0.30633202,5.174716,0.19362779,2.486621,0.30849487,0.80086756,1.5873382
-0.60889703,1.3704337,-1.1853517,-0.09990037,2.1123028,1.9492996,-0.9499763,-0.4175551,0.87141484,1.0928642,1.7724739,0.33674228,3.602274,1.6821502,1.2844791,0.281592,-0.9282968,-0.36704305,2.1317232,0.83821267,0.9496769,0.987676,1.0366403,0.024749104,-0.13647544,-0.34351695,2.491053,2.0710468,0.5094748,-0.042023458,-0.4734402,-0.3315012,0.11105226,0.6109067,0.67518365,2.313119,0.41503155,2.0073712,-0.9823612,-0.260056,-0.40536666,-0.94613475,-0.6559636,-0.7654582,1.0262758,-0.7579821,0.7632576,0.37528607,0.17917751,-0.17425199,2.1771183,1.0531747,-1.202544,0.44691512,-0.27066582,0.48001218,1.6673542,0.26063463,2.6179237,1.898072
-1.032082,-0.5560464,0.504496,0.1290647,0.04835131,0.1750116,1.2573514,-0.89151555,0.91467965,0.8098462,-0.84244007,-0.36947143,1.6029817,0.3664933,-0.9418441,-0.42829582,0.3452663,-0.53082186,-0.6463522,-0.55536085,1.0043858,0.20796165,2.0068655,0.33852008,1.8390496,0.18360424,1.2602715,0.09806285,-0.7513019,0.14883816,0.11041543,0.2334638,1.0115474,-0.62439626,0.0653568,0.29677376,-0.14731906,0.27381098,0.8511365,-0.31502268,1.9465673,1.3551074,-1.4285108,0.090518944,-0.33346394,-0.19759236,2.8210552,0.24075228,0.5427862,0.15884836,1.5019445,1.0888788,-1.0182782,-0.47801486,0.36148894,0.3786725,-0.44665396,-0.26555264,-0.6019875,0.398896
-0.60841614,0.46544403,0.029923461,0.034075417,0.1914524,0.50646734,-0.95956486,-0.48083743,0.6814717,0.13757049,-0.53496104,-0.003634415,-0.81545603,-0.2818516,1.8074812,0.068390615,-0.5927329,-0.67281187,-0.65692216,-0.32331538,-0.54867816,-0.19681607,-1.2257013,-0.39511633,2.4139552,0.07925418,-0.32829633,0.45709726,-1.249831,-0.11876853,-0.756944,-0.42825124,-1.1403047,-0.29269135,-0.31955957,0.43569952,0.25169417,0.34860054,0.17413357,-0.5148692,1.4777784,-0.047240343,-0.4070191,-0.42815855,0.48336187,-0.46221024,-1.1206675,-0.34135428,0.0044136695,-0.3059249,0.12587883,-0.042345338,0.7462521,0.01624346,-1.3733795,0.025617631,-0.5133384,-0.48038277,0.56361794,0.41558173
-0.7495579,-0.852528,-1.3285398,-0.15271465,-1.0584573,-0.79782224,-1.0066999,-0.40935436,0.85628974,0.6992509,-0.64726806,-0.53795993,0.41476622,-0.24449126,-0.6787576,-0.6222857,1.7835139,-0.25115836,0.41378537,-0.027401756,-0.6289725,0.23915504,0.9710686,0.3788871,-0.33240443,-0.035080265,-1.080834,-0.5564074,0.2952546,1.19918,-0.225137,0.33754367,0.9856164,-0.98186034,-1.4175124,-1.0291497,-1.1872418,-1.0174769,0.51991963,-0.18019214,2.2622268,1.1747538,2.3318145,0.41909176,2.5642734,0.0552869,1.5159378,0.07464724,0.31159818,0.32985538,1.2055941,0.6308223,-0.3798896,-0.60314214,-0.43876687,0.47063518,-0.5123218,-0.5070683,-1.100032,-0.7967708
2.3525712,0.58403677,-0.21345218,-0.22591485,0.33308512,1.2898517,1.6458837,-0.29440227,0.91784537,1.0448196,-0.393212,-0.021586116,1.6106939,0.14887968,-0.38181064,-0.16752036,1.634064,-0.23303078,-0.20697081,-0.018535886,1.7116828,0.13411956,0.4613226,-0.12506653,-1.0039262,-0.07216756,0.5589219,1.2712284,0.22595018,0.13339363,-0.15429716,0.13403486,0.03314258,-0.1295645,1.8094891,1.3173733,1.3524209,1.0127194,1.7330321,-0.40255705,-0.3126014,-0.11817475,-0.8775678,-0.33045444,-0.9324099,-0.3178363,0.8109821,0.19703211,0.47516903,-0.06889574,0.24328445,0.62340945,-0.999347,0.12554646,1.8542979,0.06691928,0.04187544,-0.37094316,0.6680418,0.9724711
-0.5812457,-0.18540156,-0.23522933,-0.20062153,0.9050217,-0.5256046,-0.9368552,-0.5049933,0.90975523,0.42873698,-0.53187436,-0.3811144,0.47554174,-0.65110284,-0.5344053,-0.28399086,-0.35728762,-0.53572756,0.20631193,-0.011983059,-0.5088185,-0.50904346,0.5176439,-0.38322827,-0.48035267,-0.06098584,-0.6130145,-0.40531215,2.3085802,0.91346383,0.10673346,0.053976845,-1.0757074,-0.75931734,-1.268213,-0.74334425,-0.53044385,-0.8352098,0.9813943,-0.30864826,-0.28914562,0.9148395,-1.0154743,0.21169017,-1.0768301,0.46789727,1.0619307,-0.095256224,2.243822,0.024290824,0.70751166,0.26448026,-1.161784,-0.72753257,-0.81981,-0.3087813,-0.4989098,-0.5460548,0.30193087,-0.9394409
-0.5713874,-0.23371543,-1.1388112,-0.3315458,1.5554547,-0.087202735,-0.9352403,-0.31298813,0.90412724,1.0141609,-0.51335436,-0.2817318,1.4274981,-0.06445683,-0.52683127,-0.5387152,-0.9901074,-0.08578026,0.9099797,0.014078632,0.39837757,0.33014327,0.23721385,0.18102132,-1.188475,-0.12283453,0.46133995,0.4987583,0.71790695,1.086599,0.85465586,0.6499604,-0.39004847,-0.44456208,-1.0724156,0.24952504,-0.92661583,-0.07986151,-0.16504887,-0.13292131,-0.2986592,0.8809865,-0.624128,-0.23634082,-1.0752106,-0.42328295,-0.6978666,0.5981291,0.9522714,0.428601,1.8570317,1.2140388,-1.1544553,-0.33382586,2.1729999,0.20809445,0.6057468,-0.35525954,-0.10385504,0.20517159
-1.131867,0.06223972,0.8671653,0.11975684,0.38986933,1.7447082,0.70992875,-0.30185762,0.9118657,1.1549995,1.879308,0.46315747,1.47936,1.2906215,-1.024713,0.12267062,1.8043787,0.17307754,0.092426024,1.3652301,1.7180874,1.3642011,4.6632233,0.5516454,1.8623111,-0.72415954,1.3322202,1.9292608,1.761409,1.9521259,2.5323775,-0.07151298,0.24117081,0.6187774,2.9898307,2.4807343,1.9592283,2.1773112,3.0574265,0.7755618,2.3247976,0.049555846,-0.10514672,-0.4617932,-1.6042118,-0.21902631,1.1947733,1.4399277,-1.0808076,0.021339057,2.0171208,1.4664307,-1.0496264,0.78701043,0.76649386,0.65769154,1.1627783,0.83328754,2.0522857,2.7777221
0.27426112,0.3370875,-0.24687251,-0.18256822,1.359963,-0.38512397,-0.6095337,-0.67567164,0.9104587,-0.99995,0.086170405,0.14570092,-0.5973625,-0.5292143,0.21698411,0.31185707,-0.77389055,-0.7470656,-0.47340056,-0.34239453,-0.81948054,-1.0822555,-0.6366742,-0.6830822,-0.113421746,-0.05132488,-0.44051164,-0.43270633,-0.06733256,-0.063498035,-0.7703514,-0.8049683,0.9867312,-0.49841404,0.39487538,-0.5101741,0.16547936,-0.49026534,-0.9391932,-0.9909722,-0.6119486,-0.6209119,-0.28025755,-0.30296206,-0.2875124,-0.30670264,-0.6729038,-0.61802477,-0.61534965,-0.68018925,-0.9634127,-0.9701218,0.55355006,-0.20233117,-0.027684866,-0.32800043,-0.6134207,-0.46951625,0.004791206,-0.6891189
-0.23067546,0.87006634,-0.8001883,0.34001294,3.4126678,0.94661975,-0.80675423,-0.4979687,0.8977958,0.89175856,-0.26143524,0.9809566,-0.7190984,2.200152,3.6378896,0.633075,-0.2847828,-0.682432,-0.8069034,2.6310503,-0.99147004,1.1995163,0.4081867,0.15357465,-0.0288329,-0.28532162,0.98580295,0.9951951,-0.7367234,0.8044217,0.7023718,-0.46806842,-0.7212455,0.47535315,1.5780996,0.8166393,1.1031362,0.93972605,-0.70631814,-0.35098332,-1.0345731,-0.76862353,-0.7254864,-0.5579341,-0.7657641,-0.76971203,-0.8215149,-0.16615665,-1.0314059,-0.7386022,0.5156572,1.0748193,-0.8046835,0.75100094,4.0238204,0.2386813,0.5732192,1.6726316,1.2367109,1.0827506
3.6842651,1.7280356,-0.060602657,-0.0653876,1.0955304,1.5348597,-0.022092635,-0.60153174,0.80282426,0.6189837,3.7997606,0.2117212,2.8297818,1.7166185,2.9661791,0.632545,-1.1543664,-0.33929533,0.40734202,0.554432,0.51994216,0.3171401,-0.98008144,-0.37556943,-0.77409947,-0.25072154,2.4015534,1.5810546,-0.7464047,-0.6911391,1.6017561,-0.42339352,-1.1757488,0.4067152,1.3393295,1.166887,1.9307946,1.2048937,0.31511024,-0.4223998,-0.08819005,-0.8037749,-0.7252302,-0.5205168,-0.7673838,-0.6497585,-0.45958462,-0.48872814,-1.0415897,-0.42955288,0.73387504,0.74981916,0.8739569,0.42020604,0.5541011,-0.039077535,0.42261782,0.07967077,0.8120101,1.2497978
-0.88468856,-1.117007,-0.52244484,-0.25039417,-1.130831,-0.69588137,-1.0576705,-0.39160398,0.9087,0.6619285,-0.75530124,-0.69943213,-0.89222497,0.14243,-0.8095212,-0.74610347,-1.2256892,-0.31220174,-0.05173188,0.016484428,0.6991283,0.052612323,0.2819094,0.69850856,0.3388852,0.4356941,-1.1721817,-0.8669315,3.170498,0.5793086,0.029538149,0.41048908,0.1074057,-0.8620024,-1.5300245,-1.4071776,-1.2665602,-1.3867432,-0.32869083,-0.113773905,1.0530343,1.2834258,1.9223387,0.38680166,0.1121184,0.40623263,1.3371801,-0.3554195,-0.413513,0.49954435,0.6553755,0.72647727,-0.5135485,-0.55723035,-1.6576489,0.6250204,-1.2547822,-0.23907182,-1.1547137,-1.0433888
1.6781595,-1.1361104,0.5525986,-0.45769918,-1.1736691,-0.611431,-1.0866379,-0.40435678,0.90975523,0.6594399,-0.7899668,-0.6725567,0.34507325,0.12902296,-0.87055904,-0.744508,0.38175213,-0.49083564,0.23932432,-0.04577985,-0.3370131,0.20084327,-1.0370588,0.769879,1.851878,0.2490643,-1.2142003,-0.5262753,0.2074902,0.49884376,1.4510518,0.2350967,-1.0876474,-0.9183393,-1.5931964,-1.3475704,-1.3119485,-1.3524834,0.5858284,0.08867583,0.91253173,1.2523788,-0.9397138,0.15866835,-0.2647576,0.06293645,0.752835,-0.20888749,-1.6129273,0.6527809,1.8706785,0.80865866,0.50617075,-0.21677488,2.353988,1.0236241,-0.08603269,-0.40440804,-1.185904,-0.9509783
-0.6004814,-0.88254786,-1.1805372,-0.22732349,0.75883454,-0.595304,0.34435725,-0.11855678,0.91397613,0.82385814,-0.5228518,-0.633374,0.46804455,0.12767096,-0.5526721,-0.5863444,-0.7508743,0.011215503,-0.25191996,0.45904404,0.9116378,0.09461487,0.75937515,0.6586655,-0.046578012,0.2974964,0.27663675,-0.61057436,1.8340596,0.95371747,0.05203242,0.41042483,-0.27109492,-0.51208675,0.35845804,-1.2789165,-0.3940879,-1.2512561,-0.67718065,0.013653493,-0.06281847,0.9497566,-1.0383592,0.38157842,0.20716052,0.5855082,-0.8332133,-0.10348498,-0.37333906,0.4385063,1.6556079,0.7056566,0.11518237,-0.6801969,0.7671722,0.32143435,0.6995188,-0.056441948,-0.22286177,-0.8598422
-0.6427999,-0.4804192,-1.246336,-0.21648067,-1.005586,-0.5265664,-0.97157574,-0.124627054,0.86860085,0.38099104,-0.5610789,-0.50964826,0.4470739,-0.36933762,-0.6027944,-0.36409965,-0.50690675,-0.18925986,-0.30776,0.14785294,0.13641569,-0.33020982,1.2731248,0.14367956,-0.4277435,0.028968014,-1.0252875,-0.7420434,0.58327484,0.8685255,0.12782803,0.11746656,-0.53774005,-0.47337335,0.6076202,-1.0322994,-0.16634035,-0.8741613,1.2207592,-0.10611057,-0.3592242,0.9595489,0.10240885,0.23774041,0.042611167,0.72276753,-0.45748276,-0.096347556,-0.63349956,0.056508284,1.6985368,0.25513372,-1.242099,-0.6556568,-0.53164,-0.32597837,0.13336238,-0.40360165,-0.28307468,-0.8593835
-0.5752346,-0.6008628,-1.1405944,-0.4227436,-0.95654774,-0.42419192,0.8112,-0.2080305,0.9167901,0.67953575,1.7790763,-0.40846628,0.47572643,-0.08168462,-0.5410883,-0.42181632,1.541383,-0.16499688,-0.24724501,0.14205036,-0.8529122,0.34990063,1.2298757,0.21174672,1.2984904,0.025011692,-0.98019433,-0.3375868,0.7069548,0.85355973,0.4062422,0.42230168,-1.0579766,-0.45307145,-1.2763492,-0.92273414,-1.0822091,-0.9820664,2.162344,0.07749621,0.98854864,0.6506553,2.5757105,0.07499181,1.3999851,0.25759926,-0.38207632,0.37426248,-0.15847786,0.3407755,0.707575,0.79105157,-1.1545557,-0.5863,0.43227503,0.051247288,-0.127804,-0.024097964,-0.9339769,-0.71162754
-1.1888528,-0.7267278,-1.8044664,0.047263417,-0.03935289,1.103488,0.6862669,-0.49073127,0.87633926,1.1156914,-0.9497609,-0.12544838,0.42271432,1.0780843,-1.0783997,-0.33404353,3.7664225,-0.020180795,1.6311086,0.5733615,0.49908584,0.5405116,1.1705176,0.37515664,0.5490533,-0.22049293,0.6871523,0.73953265,1.5127224,1.3059784,2.6684053,0.58520156,-1.443321,0.42826658,0.9467807,1.227395,0.58112556,1.0153893,2.4982004,0.6840055,-0.77306503,0.69327354,0.6359857,0.43757868,0.98127216,0.27831942,1.4182311,0.6515258,1.5434405,-0.35220483,1.9144416,1.3614227,0.6149483,0.29176587,0.38801643,1.4539739,2.4478924,0.032189175,1.227625,1.6736088
0.29902706,0.33537903,-0.21976842,-0.19813614,-0.47123763,-0.42045134,-0.5996424,-0.6792183,-1.057563,-1.0789927,0.10611499,0.13612229,-0.59070075,-0.54823786,0.24015176,0.31864044,-0.7555672,-0.7276509,-0.4567683,-0.3236356,-1.0093563,-1.1118866,-0.62046903,-0.7173776,-0.08047082,-0.020359654,-0.42520732,-0.47569653,-0.033546887,-0.046985198,-0.75503594,-0.81437117,-0.5947047,-0.5454336,-0.5536216,-0.55193806,-0.56472933,-0.5477357,-0.9319436,-1.0072962,-0.59050864,-0.5977306,-0.25754353,-0.35603976,-0.2632174,-0.33541355,-0.65199214,-0.76311,-0.59506905,-0.7470312,-0.9471759,-0.98087984,-0.23514977,-0.2200734,-0.3531899,-0.37116745,-0.59912264,-0.4386661,-0.75998306,-0.72112083
-1.1328288,-0.9198505,0.61846983,-0.22162694,-1.2565268,-0.9560077,0.78283143,1.9794617,-1.574982,-0.5636146,-0.8894523,-0.45390624,-0.93830216,-0.92052615,-0.99976325,-0.78093106,0.9337147,1.2779026,0.65476006,-1.2592698,2.0859768,0.21165869,1.0189553,0.8884703,-0.070576966,-0.20021588,-0.0925517,-0.9594401,-0.5290285,-0.98855734,2.2835987,0.82420534,-0.774434,-0.26806605,-1.6970493,-1.2623659,-0.28042084,-1.4699485,0.94428873,1.365862,0.5251535,1.4462596,2.6906457,0.6161078,0.7559405,0.899736,1.5804943,-0.5145948,3.1432772,1.0588273,-0.33284298,-1.0177205,-1.7530029,-0.5581969,1.2275653,0.4230995,0.48089144,-0.11535018,0.59121305,-1.4130071
0.132398,-0.01982728,-0.3936269,-0.48688114,-0.5624376,-0.71642077,1.2209831,1.1042726,-1.1194704,-1.1846741,-0.015926886,-0.08928924,-0.63400227,-0.5919686,0.08978478,-0.18273823,0.13849011,0.1860356,-0.56647444,-0.22647724,-0.029742874,-0.14865848,-0.72953635,0.07908227,-0.29287386,-0.5342707,-0.5320644,-0.7960935,-0.2523634,-0.54346645,-0.28037998,-0.13552958,-0.76841986,-0.25732774,-0.6886826,-0.81990916,-0.6621232,-0.9068795,-0.08241052,0.013185481,-0.48240355,-0.08839312,-0.40433073,-0.42233124,-0.42194477,-0.47829735,0.5244606,-0.2949694,-0.730592,0.18063706,-1.0506628,-1.174121,-0.41033685,-0.29432258,-0.53523386,-0.25767344,-0.69209445,-0.024951346,-0.83865863,-1.2514127
-0.50863105,1.9338225,1.6147007,-0.009726643,0.35287243,1.6854072,-0.9136409,-0.54470885,0.9203076,0.8483804,-0.46230572,0.18450528,1.7746204,1.8956789,-0.4715853,0.5744978,-1.3512359,-0.12749948,0.12830171,0.22634031,-0.031990785,0.44048488,1.2199986,-0.22530374,-0.5074116,-0.19437689,0.76321334,1.9751903,-1.1020433,-0.943433,-0.5638117,-0.32015,-1.0014635,0.33845314,0.17203382,1.1485618,0.8145554,1.255127,-0.082961954,-0.3596413,0.56996924,-0.8066095,-0.5303194,-0.4763415,-1.0127634,-0.7825304,1.4373435,-0.39848197,-0.75191224,-0.43904895,1.9050765,1.0321876,-0.50640917,0.5957625,-0.17617507,-0.06810515,-0.2609361,0.032406155,0.8298676,1.2387047
-1.1186424,-1.0481999,-0.448253,-0.21262544,-1.2610362,-0.63474506,1.2256336,-0.37870735,0.9087,0.6503902,-0.91936916,-0.6696191,-0.95011884,-0.004434661,-1.0051097,-0.68464726,1.4387882,-0.27737635,-0.11605545,0.09493709,1.2705852,0.08835104,1.8174301,0.67182434,-0.5996374,0.34715316,-1.3152499,-0.79682446,0.022525378,0.6064108,1.6850417,0.45337,-2.1172721,-0.8392869,-1.7203536,-1.3600662,-1.4068998,-1.371257,1.1766711,-0.10277585,2.7402592,1.1022303,1.1624718,0.24622878,1.2597343,0.35011512,0.11005585,-0.32972047,0.060389783,0.5016933,0.019036334,0.5969924,-0.23435442,-0.50696594,0.2921791,0.61908925,-0.79029363,-0.1877859,-1.2544469,-1.0835991
-0.70747983,-0.59122,-1.2878836,-0.30075034,-1.0339944,-0.25410002,0.7400681,0.12954403,0.8999063,0.7422119,-0.603105,-0.40000427,0.5609447,0.21096124,-0.65313953,-0.45703974,2.1890604,0.25010657,-0.4118501,0.41249862,0.05813836,0.32774654,1.774698,0.39699852,0.8157573,0.37825078,0.77371985,-0.46964213,0.663431,0.83727807,2.2783597,0.29096246,-0.911371,-0.40562102,-1.1540067,-0.50129545,-0.9806416,-0.7629063,2.0403721,0.14902443,1.9752578,0.7910285,1.61508,0.08939546,-0.2187864,0.3941459,1.7150948,0.119102284,1.5831726,0.31639108,0.9570437,0.82610285,-0.32655042,-0.37385613,-0.9518185,-0.18915276,0.51092565,0.100337975,-0.71379447,-0.40371087
-0.3961023,0.93022954,-0.06839617,0.0139600625,2.1982143,2.2883751,-0.8712496,-0.8133303,0.9181971,0.8444,-0.37872842,0.56229687,0.5391733,1.633879,-0.36755362,0.8025626,0.15382314,-0.7328892,-0.56994224,1.3171257,-0.13962425,0.65066767,1.8502069,-0.16205093,-0.21391274,-0.48231497,3.779385,1.427857,0.28785136,0.08273259,0.78507364,-0.3718915,1.3658477,0.8673439,2.5155606,1.9399935,1.6121818,2.2670333,-0.81839955,-0.39151347,0.42441425,-0.7818407,0.069306575,-0.7371755,0.30149418,-0.48935398,0.3378206,0.0030614454,1.2413805,-0.22026801,1.3084097,0.90584403,1.5564284,1.0359122,0.57845354,0.06992547,-0.6242915,0.47596613,0.7094224,2.3958583
0.29109234,0.23456061,-0.22672276,-0.2107085,-0.47518325,-0.46691012,-0.6022666,-0.5290976,-1.05897,-0.9723167,0.09804218,0.11044877,-0.59347653,-0.39960042,0.23280048,0.2682439,-0.7603611,-0.61880463,-0.46181992,-0.14877087,-0.7052773,-1.0180178,-0.6250764,-0.69672227,-0.08864929,-0.054770388,-0.43074146,-0.5288908,-0.04391968,0.052481662,-0.7597263,-0.8006551,-0.60204476,-0.39634714,-0.5596656,-0.50899494,-0.56908166,-0.54577,-0.9339874,-0.9340726,-0.59696144,-0.59321463,-0.26403326,-0.3997739,-0.269966,-0.37155643,-0.6578091,-0.6786575,-0.6003786,-0.7406962,-0.9512807,-0.8333513,-0.24247852,-0.26930717,-0.3615538,-0.3325185,-0.6039799,-0.32871923,-0.76330996,-0.74028915
0.2588726,0.35870713,-0.25917634,-0.197631,-0.4927694,-0.44588894,-0.6145803,-0.6593354,-1.0698742,-1.0689924,0.07643554,0.1604406,-0.60108995,-0.5052872,0.20428646,0.32503414,-0.7831587,-0.76722944,0.26107267,-0.16006368,-1.0318466,-1.0069376,-0.6456506,-0.67150635,-0.12847486,-0.035446294,-0.44966692,-0.4532488,-0.0850157,-0.014029049,-0.7782006,-0.80312634,-0.6362985,-0.47030324,-0.5865151,-0.47677693,-0.58768994,-0.5392019,-0.9426637,-0.9706748,-0.62318903,-0.6121984,-0.29118758,-0.30420956,-0.2985801,-0.27930444,-0.68402225,-0.5922491,-0.268376,-0.6429486,-0.9709382,-0.99489146,-0.27490568,-0.2261302,-0.39645502,-0.28394434,0.4539344,-0.38197976,-0.77794224,-0.6919715
0.22905728,0.42576325,0.8652898,-0.1957648,-0.5115956,-0.4107441,-0.626793,-0.74037385,0.9181971,-1.018317,0.059340183,0.14325339,-0.6068,-0.5372388,1.0782632,0.42697617,-0.80686194,-0.8228116,0.33481804,-0.17951857,0.031445235,-1.0009028,-0.6664632,-0.6951719,-0.17256746,-0.052612238,-0.46825075,-0.5447082,-0.12591414,-0.041395083,-0.797345,-0.8004468,-0.6730895,-0.39138556,-0.6156311,-0.50218445,-0.6071865,-0.6077932,-0.9521499,-1.007199,-0.65094304,-0.55342835,-0.32098907,-0.26586133,-0.32809407,-0.24656512,-0.7107509,-0.62711376,-0.6501661,-0.6061174,-0.9919183,-1.128213,-0.30562618,-0.27435994,-0.4331116,-0.18622604,-0.63647556,-0.42456344,-0.7921433,-0.7857045
-0.60889703,1.5566437,-0.40268975,0.11945861,0.30831924,1.9250265,-0.95411456,-0.6425868,0.9167901,0.8786679,-0.5323492,0.15098259,2.4379447,1.526865,-0.57183,0.57983744,0.25969946,-0.37321445,0.32437363,0.046512883,1.4140769,0.32130438,-0.13199772,-0.21993685,-0.3759319,-0.5020999,1.2877351,2.0417697,-0.018626077,-0.7477381,-0.13813104,-0.14397603,0.6887717,0.2706005,1.0290056,1.4731448,1.0611281,1.6495132,-0.7257793,-0.36991355,-0.32649103,-0.6899907,-0.66276056,-0.40397584,-1.1240705,-0.5590607,-0.38900697,-0.30809727,2.9697032,-0.23894128,-0.06177299,0.67499375,0.011790382,0.45921132,0.024681138,-0.1061123,1.5830687,0.12171313,1.5942235,1.5115843
-0.5951916,-0.16159575,1.431772,-0.6599531,0.31889373,0.74306524,0.7864742,-0.51938266,0.9160866,0.7323316,2.796689,-0.040113322,2.6499174,0.5496732,-0.54376143,-0.2505121,-0.4825386,-0.64974374,-0.6349069,-0.35744473,0.6611695,0.08226906,-0.50738865,-0.2040517,1.7792139,0.16323316,0.6091261,0.3432911,-1.2152549,-0.11223616,-0.53282684,-0.06248163,-0.81966525,-0.2800072,2.1190186,0.629524,2.0995626,0.56581354,1.4812605,-0.6843087,1.2476761,0.26363647,2.704537,-0.15545155,0.35586116,-0.08718266,1.8907261,0.3656946,0.013729434,0.041711506,1.8706015,0.79660493,-0.21980128,-0.13525578,0.010629445,-0.31344935,0.63415074,-0.33987287,1.4328157,0.56888825
-0.9481663,-1.0843372,-1.5591029,0.11674898,0.1469442,-0.47415614,-1.0807838,-0.5137477,0.84608907,0.94426745,-0.7659858,-0.61674756,1.3731669,0.26586282,-0.85674757,-0.81098366,-1.6687518,-0.61956084,-0.7904298,-0.40865922,-1.0165868,0.1345101,2.822842,0.80796736,0.037354793,-0.031217184,1.0355191,-0.44959354,1.474089,0.34672847,0.6825937,0.42309013,-1.178103,-0.7836782,0.5687875,-0.7269448,1.2731034,-0.58109844,-0.46906585,0.1685677,0.7794601,1.0903026,2.7470562,0.2334351,0.34442893,0.52229035,1.8015625,0.504627,-0.4898364,0.75051945,1.1071044,1.3104359,-1.5553275,-0.618793,1.4369276,0.15946181,0.9476949,-0.24027777,2.111165,-0.36425856
-1.051558,-0.5807226,-1.6682326,0.013091258,-1.232966,-0.31566373,0.85091525,-0.5709973,0.8348332,0.9255063,-0.84315234,-0.5769512,-0.9231546,0.14985715,-0.9525369,-0.6981614,-1.2652074,-0.6166084,-0.9423142,-0.32499862,3.4684377,0.12920068,1.0806663,0.33519256,1.2161193,0.028064284,0.7028046,-0.49415714,-0.1515788,0.35529307,0.42777967,0.28586727,-0.17961246,-0.68312573,-0.04939591,-0.2238346,-1.3669297,-0.38002905,0.37822515,0.02210644,0.3222358,0.77074575,2.0101218,0.07807934,0.48058066,0.17962198,-0.32921287,0.6401,-1.6944848,0.13113467,2.036922,1.0826797,-0.3917093,-0.117210545,0.6755703,0.2315845,-0.74803627,-0.33290395,-1.2218577,-0.34175187
-0.3658061,-0.7877296,-0.91787714,-0.12102381,-0.8433651,-0.62524515,-0.85883504,-0.015135647,0.76237345,0.7333658,-0.37302998,-0.62610316,0.5458967,-0.06348845,-0.34772745,-0.65557206,-1.2425209,0.08005945,0.5298166,0.17044447,0.5249946,0.24252942,0.68800443,0.7120453,0.87392396,-0.41631863,0.44228658,-0.25684577,0.85437304,0.7557589,-0.65085334,0.58724517,0.03018508,-0.44739982,-0.92074966,-0.6782451,-0.817657,-0.7512757,-0.3931465,0.15613817,-0.14044723,0.9795583,-0.8423013,-0.010204925,-0.88921875,0.13327807,0.85553485,0.24060234,-0.46854296,0.6369168,0.80209553,0.7760637,0.09492318,-0.2961151,1.1855124,0.0019435138,0.7092912,-0.17599218,-0.41583222,-0.62338245
-0.30497327,0.6950443,0.3382742,0.010366867,2.1356394,0.7826958,0.9464321,-0.39896518,0.7750363,0.6847409,-0.31628287,-0.07340235,1.6281135,0.025317043,-0.2978279,0.105743155,1.1596026,-0.39410886,0.508096,-0.02202634,1.4767183,0.085157916,-0.6250468,-0.21048124,-0.88006395,-0.09140003,0.9179302,0.96702147,0.22384585,-0.28953934,1.5945733,-0.15424272,-0.121983245,0.103601746,1.7177839,0.63602626,1.735851,0.901118,0.9952489,-0.26417992,0.8777109,-0.3659725,-0.42087245,-0.48620072,-0.83612967,-0.38919768,0.2504702,-0.20874783,-1.0948589,-0.17024413,-0.12502275,0.2398798,0.22163731,0.393494,2.1250794,-0.18598731,1.699202,-0.06455369,1.0577477,0.7769138
-0.9981791,-0.45556253,-1.6186606,-0.087031715,1.3292053,0.9952774,0.3372195,-0.38172868,0.90483075,0.779105,-0.79875195,-0.43420762,0.50536984,0.051112868,0.25778252,-0.45543924,-0.89436406,-0.07621724,0.13457759,0.21200672,1.6856147,0.5703888,1.2943975,0.36211234,1.1736649,0.53832346,-0.20347825,0.8825868,1.2800484,0.4675565,1.78249,0.43581495,-0.6718772,0.12310306,1.7480009,1.2537106,0.90560544,1.2912521,0.47636276,0.25176287,0.3077321,0.45954844,1.9708111,-0.2972942,2.2798162,0.05303006,0.18163142,0.81973624,1.4963022,0.2655465,1.4360638,1.3612319,2.5198846,0.55823654,0.24670652,-0.31689304,1.9365319,0.17535749,2.5420864,1.5258701
-0.5196915,0.6742131,0.12062522,0.13342515,0.24804477,2.7336822,0.9661406,-0.7139129,0.71066666,0.7053724,-0.4687165,0.009673553,-0.7954707,0.2781174,-0.4847285,0.4680322,-0.34266394,-0.41689473,-0.2929868,1.1096147,0.5472713,0.70177764,-1.1677916,0.95404685,3.551872,-0.37212497,0.3759074,1.315502,-0.073458016,0.12096514,-1.2595379,0.013078337,-0.27125296,0.6866627,0.8515684,2.357243,1.2409456,2.629341,1.0667381,-0.06814353,-0.5288746,-0.6537608,-0.9865268,-0.7207596,-0.083767384,-0.2505805,1.1644996,0.5347807,0.5223533,-0.17244989,-0.06132221,0.5098429,3.1187627,1.117636,-0.81371105,-0.01611168,-0.028345939,0.7925032,2.1548662,2.6784792
3.5408366,0.9771922,0.82155806,-0.40811905,0.4409938,1.1399425,-0.8461176,-0.56579924,0.7757398,0.80880725,-0.34026387,0.12668815,1.5138088,0.56097925,-0.3238915,0.16136266,1.4110119,-0.12113231,-0.87247926,-0.11067765,0.030050848,0.43600172,1.7995933,0.09859224,-0.9024658,-0.11966659,0.5402886,0.8394143,0.90141773,-0.68901926,-0.38909972,-0.30966398,-0.13874765,-0.6821964,-0.07769194,0.6686191,-0.17382123,0.9975873,0.17870751,-0.47338524,0.09316668,-0.4115255,-0.81207293,-0.3173573,-0.8568254,-0.4438494,1.8641343,0.16023996,-0.6217891,-0.03899579,1.3785789,0.62466246,-0.9174257,0.30470207,-1.0581326,-0.21108337,0.1428587,-0.0034860065,0.2718218,0.808025
-1.227805,-0.9565395,-0.67021257,0.06264631,1.0147804,-0.48904398,-1.1920105,-0.56495476,0.91538316,0.9930423,1.3171213,-0.5694239,1.4464071,0.24988648,-1.1107007,-0.9022317,0.27100006,-0.5839589,-1.4678568,-0.6028957,0.9884552,-0.05843446,2.1902306,0.6487275,1.5940441,0.5794364,-0.93444407,-0.6770537,1.1019633,0.4511886,0.37509304,0.1380752,0.06439804,-0.90322256,-0.58616674,-0.8547053,0.016746,-0.6975962,0.68924636,0.07230236,1.2137088,1.0556701,1.8593732,0.42897177,1.7301121,0.31607345,2.1701963,0.17368372,0.5817898,0.8804816,2.0488658,1.5167452,0.2332587,-0.7441628,-0.36198464,0.17993891,-1.4363472,-0.37449175,0.36835834,-0.33274066
-0.8861312,-0.21812047,0.64925176,-0.047734447,0.14758787,0.4247862,-1.0607994,-0.48964772,0.91292095,0.7870066,1.5617663,-0.26602423,0.37154537,0.0016203902,-0.8092984,-0.5330166,-0.34322435,-0.3749938,-0.46878836,-0.4184172,0.5305948,-0.0068098707,1.2820743,0.025412794,0.8617426,0.35893792,1.9138491,-0.38517973,0.09065731,0.20509066,1.3260337,-0.24358362,-0.21712843,-0.65249085,-0.47766662,0.3506193,-1.2718896,0.1700822,-0.6021314,-0.15921146,0.35279316,0.61217606,-0.2638195,0.07410007,2.0876772,-0.055464372,-0.9270673,0.39989376,2.4015117,-0.06012292,1.0012612,0.921227,-0.52250016,-0.041816443,-0.22681984,-0.0111292,-1.2503353,-0.43138006,-0.6538474,0.30898872
-0.80149424,0.3949083,1.4712933,-0.0698945,0.25379044,1.5643687,-1.0245649,-0.56646323,0.9108105,1.0032747,-0.6674501,-0.07674811,0.24832518,-0.1675361,-0.72732055,-0.11162904,0.8570291,-0.31404588,-1.1728129,-0.25590384,0.35956517,0.03735481,2.1761262,-0.12529556,2.0437405,-0.17379183,1.7335683,0.7670544,2.5347483,-0.22908476,1.273483,-0.52733725,-0.14683387,-0.23449901,0.43950126,0.9435555,2.5197573,1.1996716,0.16692223,-0.5740443,1.6658999,-0.40227666,-1.2119591,-0.46671,-1.2873869,-0.65219206,1.5786433,0.30239052,2.55968,-0.4990152,0.331948,0.30325678,1.9728309,0.78868383,0.8315768,-0.29570615,1.5017483,-0.17640914,0.84329927,1.1856892
1.965485,-0.23227914,-1.3481547,-0.25537404,1.4696275,-0.052563384,0.71136576,-0.48505968,0.8678974,0.73505706,-0.651067,-0.20702901,-0.8574093,-0.05431148,-0.70638055,-0.4654158,0.32159385,-0.57930064,0.015476274,-0.3287467,-0.3856908,0.27204973,0.4365882,-0.020106371,-0.4555981,0.35401562,0.603788,-0.23037049,0.27894595,0.22530647,-0.45064023,-0.4420789,0.2985855,-0.67627996,-0.6999383,-0.33841908,-0.17200668,-0.40532455,1.3632715,-0.38361767,1.2323362,0.78772527,-1.1917214,-0.21288152,-1.2621021,-0.5225846,-0.9004179,-0.059314787,-0.15579033,0.02126304,1.0485982,0.83169436,-0.65797716,-0.08034526,-0.48315766,0.20548089,-0.22661084,-0.37982395,0.3449055,-0.14172783
-0.9789434,-0.83168656,-0.60876113,-0.37677503,-1.189226,-0.7523684,0.18039727,-0.7153832,0.8999063,0.72770333,-0.81323546,-0.5377491,1.419909,0.007873108,-0.8870437,-0.7223374,-1.2360241,-0.7671052,0.49658045,-0.3085833,0.6013347,0.20747168,1.6000907,0.45068806,-0.8169486,0.14779018,0.9756742,-0.79169875,-1.7087035,1.1085602,0.369525,-0.17009646,-0.2566956,-1.0068268,-0.86018044,-1.0659915,-1.3244725,-1.1206247,1.150796,-0.07877052,0.8336912,0.99381214,0.6089616,-0.27136177,0.36723033,-0.36566207,0.16774769,-0.24259631,0.63756233,0.55967456,2.419908,1.1826552,-0.3024296,-0.41693965,-1.7647275,0.4107721,1.1184437,-0.44002324,-0.69205475,-0.8154851
-0.010426926,0.5449404,-0.5696252,-0.1498372,2.353421,2.1508589,-0.72419214,-0.58572006,0.9079965,-0.08392404,-0.102115996,0.19757389,-0.66390085,-0.1732672,-0.038751148,0.19026099,-0.992013,-0.53245705,-0.6637898,0.017333185,-0.101568565,-0.11885789,-0.8312955,-0.5670706,-0.5030249,-0.22060354,3.4604914,0.70685863,-0.45221254,-0.09355828,-0.9479633,-0.4590168,0.24474868,-0.038013197,1.4748048,1.6759137,2.1057336,1.5247415,-1.0207511,-0.8210508,-0.64178246,-0.6262763,-0.5389924,-0.6456723,-0.56276584,-0.62345433,-0.6688932,-0.3787878,-0.8554089,-0.3308615,-0.10368596,-0.47028828,2.3434005,0.42190367,-0.706952,-0.29423767,-0.7674843,0.008046345,1.4760289,1.5926867
-0.24462132,0.7377088,0.8407608,0.12288316,2.2067902,2.431683,-0.81129616,-0.599308,0.90025806,0.5237656,2.0234265,0.26938424,-0.7240947,0.11104313,-0.23924047,0.20636055,-0.67924434,-0.7778778,-0.8115738,0.8389519,-0.2646203,0.33082345,-0.9840533,-0.1420221,-0.79021937,-0.43720987,0.63492024,1.0640969,-0.7531223,-0.1807775,-0.24842949,-0.6330574,0.026737062,0.3853879,2.4228585,1.8321593,1.5419793,1.8555832,-1.0846864,-0.68928444,-1.0476174,-0.9559033,-0.73735577,-0.6760096,-0.7747623,-0.5946754,-0.67206943,-0.10488027,-0.38010943,-0.7004128,0.8918645,-0.12439573,1.7590792,0.7679217,2.677099,-0.29201955,-0.8969196,0.46150315,2.0610063,1.9793106
-0.34344462,0.85611796,-0.9184121,0.11488053,0.43283847,1.7424392,2.1221263,-0.3630182,0.8911126,0.9422895,-0.34667462,0.29892033,-0.7489177,0.34023276,-0.32834682,0.24628131,-0.27244166,-0.2241754,-0.4836304,1.0780692,-0.29103816,0.94017833,1.2121816,0.08024565,0.815312,-0.48111996,0.9828525,1.5733447,-0.88777107,-0.08598762,0.50668156,-0.16239056,0.96290606,0.37341148,1.0439836,1.4711374,0.66044545,1.5991004,-0.23482762,-0.4723737,0.07887232,-1.0651065,0.5827636,-0.6058138,1.7923006,-0.53546804,-1.1812627,0.46487033,-1.1252363,-0.39431432,1.0709581,0.34534,1.8582821,0.7657491,-1.0676324,-0.31013677,0.38911667,0.743163,1.8050816,1.6264763
-0.24389999,0.7751073,-0.8053595,0.19482829,2.2763348,2.5923285,0.9872691,-0.6251589,0.9132727,1.000069,-0.28565368,0.32219917,-0.72726697,0.064724036,-0.23924047,0.48196062,0.66191053,-0.2597366,1.5467783,0.82624537,0.3041472,0.8434386,-0.9808758,0.21475637,-0.7864264,-0.69860697,2.14401,1.6180141,-0.75094897,-0.2586576,-1.0885787,-0.17767245,0.9230261,0.3210296,2.0586524,1.9255817,1.2582098,2.226108,-0.36318868,-0.4078212,-1.0433156,-1.2505889,-0.7320615,-0.80528694,0.4545397,-0.508612,-0.2523294,0.6313354,-0.37467974,-0.7440846,-0.42030397,0.13344648,-0.24577005,1.0661614,-0.5345987,-0.22139196,-0.23320359,0.93008876,1.4098927,2.2775073
0.51572573,-0.100335136,-1.3716924,0.10469055,2.037567,1.5270587,-1.0137652,0.05973834,0.9136244,1.0335544,2.6535583,0.124554746,-0.8441651,0.7553034,-0.69078696,0.2621936,-0.6926829,0.21856059,0.031729072,0.74512327,-0.34654054,1.3666128,-0.37916338,0.056934956,-1.4723507,-0.13123834,0.00016549166,1.7330897,2.7304342,0.36645097,1.4659134,0.3855398,1.6802367,0.83197135,1.962344,1.6909001,1.7551299,1.7238257,1.2467755,0.3011029,-0.014202812,-0.35100102,-1.1883912,-0.1792391,0.05066241,0.121029004,1.8522027,0.71522486,-0.94820327,0.0865223,0.4645114,1.0071723,1.7797848,0.87856245,2.5230696,0.60637957,1.4959722,0.21555983,2.558728,1.8905731
0.29902706,0.29367712,-0.21727198,-0.21777707,-0.47146308,-0.4454062,-0.5999452,-0.6435211,-1.0565077,-1.1717607,0.10397807,0.16301396,-0.5912559,-0.5539497,0.2405973,0.27703863,-0.7546617,-0.76634043,0.28958273,-0.24891055,-0.80683297,-1.1189592,-0.62038964,-0.68954605,-0.077507615,-0.06518827,-0.42568558,-0.5161547,-0.034337196,-0.026728913,-0.7548445,-0.8382424,-0.5931642,-0.47674266,-0.55304044,-0.55422676,-0.56477374,-0.58197546,-0.93151945,-1.0501442,-0.5902311,-0.59086066,-0.25660422,-0.27892476,-0.26204762,-0.30393192,-0.6510349,-0.6784494,-0.5946339,-0.702556,-0.9463549,-0.98967844,-0.23525016,-0.2702698,-0.0024639901,-0.44463497,0.47818825,-0.36334336,-0.76019865,-0.7645577
5.5856595,2.0012665,2.2217464,-0.058543935,0.31931666,2.423905,-0.9609779,-0.7493433,0.91714185,0.93494415,4.6206107,0.50024194,2.6702185,1.2690029,6.907902,0.45334136,1.7526637,-0.4859168,-1.0588177,0.054085407,-1.2087404,0.4602545,1.1278503,0.040070064,-0.70354885,-0.28675213,4.191131,2.6089468,0.47982708,-0.5020654,0.32535625,-0.010711898,-0.19855556,0.043957256,0.11614501,2.1411357,2.2297852,2.3615487,0.26675245,-0.32717466,-1.0131176,-0.59227663,-0.6628792,-0.54355705,-1.1257801,-0.85590166,-0.41577947,-0.10994439,1.6312616,-0.011051793,2.080466,0.9108235,-1.2152939,1.1228799,3.1943545,-0.117397934,-1.098803,0.41611323,2.01572,2.1997297
2.2985,0.11604131,-0.11735704,-0.24028616,0.41417244,-0.20150588,-0.8917388,-0.68092465,0.7377512,0.54637027,-0.41766787,-0.12121869,2.5626705,0.33624727,3.225772,-0.33263162,-0.33718318,-0.529018,0.15550035,-0.7105269,-0.4314953,0.06747189,0.24178483,0.15624928,-1.0388921,0.054793116,1.9291734,0.026610391,0.2129106,0.23021786,-0.65068084,-0.31457654,-1.4088188,-0.65671724,-0.12520705,-0.21671283,-0.20179537,-0.12942705,0.87242854,-0.49890664,1.0924176,0.825747,-0.13708375,-0.018063359,0.6144417,-0.1889437,0.75512785,0.0055438243,0.5182004,-0.26463774,0.636469,0.59095687,0.50302756,0.12829155,1.188883,-0.10471445,0.07105579,-0.28745127,-0.19147876,-0.11825055
-1.1729833,-1.0724418,0.3933836,-0.14653426,-1.2968849,-0.6901364,-1.1675851,-0.66875786,0.9087,0.55560625,-0.94786143,-0.5792846,1.4666882,0.30575344,-1.0608011,-0.98630136,-0.16254465,-0.2852331,-0.67235994,-0.56129044,0.037932634,0.5982533,1.4974523,0.9930756,0.30945235,0.7077979,-1.3546722,-1.0558581,1.224531,0.7289776,1.9773289,0.3267109,-1.5776832,-0.6992241,-1.7737039,-1.1766855,-0.847218,-1.0678906,0.37665907,0.21044487,0.8798924,1.8010968,1.2315788,0.111099884,0.28827482,0.3669365,1.2284983,0.31911656,2.6680377,0.6872632,1.6874949,1.0957226,-0.8710363,-0.41531894,-0.75118655,-0.2489049,-1.4126768,0.11570261,-1.0334826,-0.8804061
-0.35835227,0.74057657,1.7921845,-0.22480588,2.1217048,0.8052958,-0.85257727,-0.68916243,0.89955455,-0.04833014,-0.36353254,0.1400798,-0.75550014,-0.4453004,-0.3410445,0.14690931,-0.8462387,-0.44585028,-0.8865381,-0.06736145,-0.071157664,-0.34947932,-1.0573739,-0.48138845,-0.92700124,-0.054727443,0.53201556,0.35740888,-0.90170026,-0.11890491,0.8816978,-0.48067343,1.0349916,-0.3069824,1.2225732,0.70695084,2.0205061,0.59650505,-0.8091681,-0.6103604,-0.1261093,-0.49148843,-0.8293219,-0.38892645,-0.8792308,-0.19604771,1.8932427,-0.26786625,-1.1365515,-0.38609153,-1.3638599,-0.53461105,-0.43876562,-0.13001482,-0.08351208,-0.1082671,-0.96081626,-0.028500594,2.9315073,0.52620727
-0.9575437,-0.18538588,-1.5776478,0.18641213,0.50314194,0.5749971,-0.29400203,-1.106126,0.9160866,0.9554048,-0.7783325,-0.099047765,0.49288088,0.02962257,-0.8669948,-0.59458953,0.12313896,-0.31765234,-0.59183913,-0.6686897,-0.02878451,0.24093664,-0.74240124,0.45101857,0.07626723,0.83223045,-0.53963786,0.046394564,-1.6973429,-0.2368384,2.3644867,0.017065957,-0.91109115,-0.86602247,1.0616657,0.382253,1.6749654,0.60252017,-0.30849987,-0.19722253,1.19615,1.1778463,0.275419,0.037786104,-1.4408054,0.028083883,-1.3179445,0.81617117,-0.42722723,0.28326094,2.015746,1.0265723,-1.5724949,0.14493996,1.4117912,-0.2800184,0.08160553,0.08281265,1.8800284,0.72202796
-1.1003686,-0.69990164,-0.60701984,-0.24682239,-1.2635163,-0.30680057,0.51191366,-0.7447123,0.9104587,0.7639304,-0.8754436,-0.56649876,-0.93417823,-0.09060016,-1.0169163,-0.95990795,0.54613,-0.17092846,-0.039243292,-0.39894116,0.115127265,0.5493467,0.28335902,0.6842231,1.4622362,0.45793703,-0.2074917,-0.52109736,0.025905438,0.33313575,2.0207212,0.287694,1.0912902,-0.6731257,-1.4544615,-0.5792423,-0.20795016,-0.630249,1.5309514,0.17353682,0.36840135,1.4150423,-1.0627869,-0.33185378,-1.5992628,-0.40032873,0.4021987,0.76669323,1.9986972,0.64883846,0.75061774,1.1521412,0.2558094,-0.58454293,3.1525903,-0.07539116,0.2553209,0.15878835,-0.2535649,-0.39105427
2.7640226,0.7701586,0.18118551,-0.19955395,2.2702353,1.5500357,-0.7625462,-0.6747341,0.8249843,0.5059455,2.1094964,0.098448254,-0.69467187,-0.13221434,-0.12874857,0.31603193,-0.57824594,-0.2800504,0.18293957,0.18293682,-0.20456408,0.17764165,-0.18978707,-0.4204501,0.1208287,-0.47355852,0.9544207,0.84428644,-0.58389765,-0.19286212,0.3582056,-0.03595105,1.0840926,0.14924766,1.6117414,1.2506218,1.3138767,1.4118854,-1.0487084,-0.38758034,-0.93618506,-0.5978058,-0.62139475,-0.39409587,-0.6568865,-0.2920656,-0.33382177,-0.06802105,-0.938359,-0.18879017,-0.3342497,-0.21134315,1.37467,0.42867073,0.44041952,-0.13567968,-0.827892,0.09101828,1.074218,1.5007938
-0.13858464,0.9866589,0.50773245,0.014993806,2.319733,2.3777294,-0.7703179,-0.7608668,0.8165424,0.6432617,-0.19400355,0.23444524,-0.69514775,-0.1719234,-0.15035686,0.24364285,-1.0887432,-0.62858325,-0.023732536,0.95028687,1.170658,0.25789693,-0.3983824,-0.13647813,-0.6631568,-0.3760483,0.37025967,1.1849706,-0.6120523,0.19734624,-0.45594457,-0.603169,1.0610286,0.46102795,2.9532833,2.1552525,1.6387293,2.2799983,-0.86282575,-0.4795274,-0.9545721,-0.94068116,-0.272638,-0.65887654,-0.6818114,-0.3742161,-0.7739504,-0.014573231,0.29834038,-0.5932982,-0.8443727,-0.41292003,-0.70930946,0.64605767,-0.84314936,-0.17677431,0.20239453,0.40553105,1.5706775,2.495914
0.23194264,0.32370666,-0.28717202,-0.24047053,-0.50787544,-0.3082611,-0.6244716,-0.87942797,0.905886,-0.9897788,0.055778652,0.084680825,-0.6081483,-0.5278682,0.18022774,0.4692797,0.09779694,-0.9201525,0.62164015,-0.3520187,-1.0488458,-1.0208635,-0.66376233,-0.8498251,-0.16059607,-0.121808454,-0.46777248,-0.5770549,-0.12067834,-0.17252214,0.032635257,-0.81126004,-0.6614903,-0.36779502,-0.60766923,-0.5851658,-0.603678,-0.61851954,-0.94979763,-1.0896952,-0.6440739,-0.6278485,-0.315951,-0.29435974,1.2607707,-0.2938929,-0.70272493,-0.6091221,-0.28865796,-0.61063904,-0.28171688,-1.1671509,-0.3035179,-0.26315132,-0.42557377,-0.26901853,0.98344857,-0.523587,-0.790449,-0.8792176
-0.6507346,1.2304866,0.6149387,0.40585926,1.6277442,1.759516,-0.18129118,-0.39940396,0.91292095,1.2457186,-0.5546682,0.64945835,1.7821325,0.7108866,-0.59744805,-0.009096445,-0.08466704,-0.3811428,1.6272783,1.9098914,1.0368475,1.1571835,0.58935887,0.67107576,-0.60344094,-0.6797661,2.5919614,1.2475891,2.8331108,0.47194043,-0.8583266,-0.26028898,-1.1771885,0.5394895,1.7425433,1.4735976,1.6090664,1.6738302,0.2814749,-0.086205184,0.5807781,-0.47222888,0.37006527,-0.77959394,-0.5631273,-0.34160447,1.2663323,0.1908378,2.0952096,-0.5491222,1.7493786,0.30144233,-0.15838756,1.2466745,0.84827036,-0.12314387,0.48482957,1.7871919,1.3727418,1.9518839
2.731541,1.2765484,0.0013930755,-0.025903434,0.53007054,0.89031076,-0.7791999,-0.22808325,0.8221703,1.0972923,3.7402208,0.14624776,0.6177829,0.19157316,-0.16817814,0.027406616,0.27547795,0.065327786,-0.5659536,-0.030360665,-0.9161966,0.32958803,-0.92805004,-0.12551832,3.2023523,-0.16508566,2.2668095,0.98871666,-0.6443562,-0.75381523,-1.038564,-0.09779306,1.2820396,-0.1178454,0.49687687,0.47172627,0.674221,0.49566117,-0.03194102,-0.3824148,-0.7465264,-0.26536676,-0.6653711,-0.3300653,-0.7006175,-0.591768,-1.0301688,-0.080873996,-0.31288737,-0.23117776,0.6700962,0.3035357,0.3818787,0.37078115,0.06681968,-0.23443899,-0.85081,0.14715566,0.5387183,0.5635815
0.035498258,0.019929396,1.1009927,-0.47928247,0.5851273,0.5208335,0.6338523,-0.5724545,0.8643799,0.88187516,-0.087157555,-0.19780016,0.68129396,0.1580281,0.0055792676,-0.3316984,-0.061117098,-0.14477222,0.10694339,-0.542908,1.2672635,-0.2184926,-0.7943572,-0.005709958,-0.41863257,0.023136083,1.9595715,0.17338759,-0.3848388,-0.5766943,0.09389801,-0.054705404,-0.87580246,-0.46522668,0.010250721,0.07101812,-0.09325427,0.27507877,-1.0051723,-0.43683717,-0.8108756,0.51110476,-0.48963636,0.098041035,-0.51066655,0.116276234,0.25405118,0.40213272,-0.811018,0.18468489,0.083336465,0.65532315,1.3524456,0.18461706,-0.6448939,-0.06273267,-0.74655026,-0.3682843,0.23552167,0.2670337
-0.8185659,-1.1106112,0.29001078,-0.44323882,0.31752238,-0.48709065,0.6646601,-0.33740705,0.85347575,0.7039586,-0.6688747,-0.6791152,-0.8613746,0.034618333,-0.7558346,-0.9771358,0.4264958,0.11430301,-1.1913991,-0.7701519,0.2791485,0.17565732,0.117788896,0.84381044,-0.07427856,0.096271396,-1.1252439,-0.7866777,-1.5146829,-0.18968163,2.027545,0.49301994,-0.13196711,-0.6567925,-0.4803981,-0.8735438,-1.0002106,-0.99219924,0.70745283,0.6387981,1.3844217,1.061268,1.4889134,0.39142087,-0.008512638,0.31237653,-0.89078003,0.3083928,-0.87750447,0.9184139,1.1316378,1.4905503,-1.4263216,-0.6867945,-1.0523531,0.027900849,-1.2060045,-0.48324886,-0.72061104,-0.5255125
0.60107416,-0.9637228,-0.10691189,-0.14930497,-1.0777344,-0.56547177,-1.0191146,-0.6162769,0.90975523,0.98351574,-0.67599773,-0.6474522,-0.8640711,0.295489,2.4024289,-0.7886628,-0.14419752,-0.16573048,-1.1606604,-0.6597774,2.2073667,0.107226774,-0.0013254426,0.71489495,1.3316454,-0.022845391,0.14152162,-0.40850604,0.25563085,0.6293909,-1.4144636,0.19394489,-0.5119184,-0.9704301,-1.0362494,-0.35597205,-0.8930532,-0.6023852,0.2293784,0.4163833,1.0834802,1.1115195,0.9033171,0.109439515,1.5734477,0.29883063,0.2155918,0.3764663,-0.17721042,0.5086932,0.706662,1.8416414,-0.4088074,-0.24915875,-0.1792158,0.23364003,-1.1940324,-0.6178502,-0.48828772,-0.099416934
-0.2015815,0.7099968,-0.76131535,0.3886089,2.2226632,2.6352012,-0.7930275,-0.47464108,0.9037755,1.0766864,-0.24552707,0.0035390877,-0.712278,-0.13444248,2.2129264,0.16473018,0.45838192,-0.373778,2.0197618,1.560792,-0.5531169,1.176498,-0.053776246,0.726985,0.15270908,-0.63198215,0.2913884,1.3247634,0.60969764,0.53104717,-0.55125284,-0.11690823,0.7710752,0.79893965,2.6232886,2.4106948,2.294503,2.4616435,0.6319229,-0.13207597,-1.0061946,-0.40980342,-0.69559956,-0.7049226,0.4944467,0.024899099,0.501686,0.34071997,-1.0099938,-0.4771982,-0.42568702,-0.11844784,1.6743422,1.209477,0.25050887,0.07696366,1.5893394,1.4222211,2.6034539,2.644456
0.25021654,0.15170154,-0.269697,-0.08341244,-0.4981805,-0.38187867,-0.6185166,-0.37897286,-1.0758538,-0.24825548,0.071686834,-0.015741717,-0.60323125,-0.13511276,0.19715795,0.18427205,-0.7896571,-0.47878164,0.34831667,0.2778875,-0.83280027,-0.5178451,-0.6521645,-0.66626793,-0.14175005,-0.17535248,-0.45431286,-0.55821055,1.759452,0.05666903,-0.7844225,-0.7015263,-0.6454509,-0.16306692,-0.59331465,-0.37158164,-0.59355223,-0.46504736,-0.9449389,-0.6204135,-0.6292255,-0.5715894,-0.30006826,-0.51011634,-0.30874804,-0.3527802,0.13597229,-0.527293,-0.6347598,-0.58094066,-0.97741467,-0.2956247,-0.28645098,-0.24494918,-0.050321847,-0.397083,-0.6256665,-0.0402361,-0.7831483,-0.645076
0.26175794,0.30578536,-0.25364855,-0.19100355,-0.4909657,-0.40124527,-0.61286443,-0.65741533,0.90940344,-1.0121629,0.077385284,0.12876083,-0.6010106,-0.49506137,0.20785071,0.34189266,-0.77969646,-0.7370637,-0.47983423,-0.25816438,-0.72040963,-0.99732184,-0.6431881,-0.6937795,-0.12053345,-0.00061331317,-0.44850543,-0.44679424,-0.08136052,-0.058441617,-0.77595115,-0.76897836,-0.24873158,-0.45505854,-0.58221453,-0.5279307,-0.58560264,-0.50450224,-0.9411984,-0.93281686,-0.6189565,-0.63807815,-0.28794274,-0.29192236,-0.29507086,-0.28391215,-0.6795307,-0.58192927,-0.62283516,-0.63075036,-0.8455612,-1.0040003,-0.27199426,-0.21658115,-0.39170513,-0.31277972,-0.61978304,-0.46016452,-0.77637124,-0.71526635
0.0054425094,0.26664707,-0.5320004,0.13192418,-0.6331204,-0.1332797,-0.7120803,-0.11776898,-1.1669562,0.10983156,-0.09689241,0.047013167,0.6755126,0.120745614,-0.016920088,-0.10081368,-0.5877197,-0.19019963,-0.6460614,0.0128754005,0.2362444,-0.014429755,1.0883815,-0.04735388,1.1154578,-0.25486296,0.4204831,-0.19356507,0.023652464,0.24004698,-0.35886192,-0.52766603,-0.90715635,-0.15245786,-0.4113635,0.16102694,-0.4418304,-0.02585499,-0.37014207,-0.13043106,0.15412445,-0.04649308,0.76779664,-0.2620763,0.80971897,-0.217384,0.7455181,-0.24001305,-0.8333875,-0.28430536,0.4450484,0.16777688,-0.54386055,-0.13937089,-0.6746322,-0.28591746,-0.7563332,0.015807478,-0.524691,-0.006929692
3.333843,0.9594433,-0.57533133,-0.11800953,3.561887,0.5162993,-0.7285322,-0.4961304,-1.1806743,0.009702806,-0.12538467,0.012254106,0.70347816,0.25350332,-0.049666677,0.26020667,-0.99872446,-0.53984,0.21552256,-0.23514464,0.9391337,-0.44252124,0.62848085,-0.71028304,-0.50717336,-0.0347154,4.4412584,0.58423823,-0.46614173,-0.40079567,0.46520504,-0.43626565,-0.5143449,-0.097226076,1.6641551,0.300925,1.4851862,0.28717288,-1.0244917,-0.4939421,0.08955071,-0.47990823,-0.54496974,-0.3084395,0.6657424,-0.4810966,0.5220863,-0.5823052,-0.86672425,-0.47188288,0.44269538,-0.39431977,-0.58371687,-0.14552625,0.9871881,-0.31004304,0.3811634,-0.18536675,1.3983368,0.22238122
2.3430254,0.98145336,-0.5869219,0.021214217,0.5395957,0.29325587,-0.73216575,-0.31996366,-1.1915784,0.23080187,-0.12538467,0.07436423,1.7913628,-0.06993205,0.90816027,0.15977223,0.028497493,-0.40459326,-0.6781345,-0.22184701,0.1772115,-0.24116161,0.6053047,-0.45057434,-0.5288641,-0.048409343,1.3672532,0.39954442,-0.4829358,-0.4744679,-0.7118857,-0.3818132,-0.96125543,-0.2254102,0.2717695,0.14227882,0.08656417,0.107954375,1.0149468,-0.6631153,-0.8710325,-0.36930448,-0.5568391,-0.287646,-0.5843614,-0.36154208,0.92413235,-0.36129695,-0.8762988,-0.3943814,-0.4277636,-0.39091873,-0.597772,0.237965,0.52859914,-0.2474321,-0.78308225,-0.06865014,0.018250462,0.10432137
0.057378843,0.44475323,0.34339622,-0.2676981,0.598402,0.12994681,-0.6921968,-0.61678517,0.8636764,0.47467163,-0.059377596,-0.07992042,0.6911358,0.040240332,0.027410327,-0.0044813678,-0.93406004,-0.39220276,-0.6124157,-0.22148235,0.2201618,-0.28084552,-0.77918464,0.035408664,-0.39030427,-0.00038246438,0.678921,0.12237964,-0.34749675,-0.42007178,0.26259074,-0.38958165,-0.4273639,-0.5385838,0.23430178,-0.15937325,0.66237223,-0.051140957,-0.99896383,-0.57203686,-0.7871459,-0.18115622,-0.46504375,-0.25150502,-0.4870014,-0.10808771,0.6790288,0.16340339,-0.7890836,0.092555,0.48211423,0.082815886,-0.48924634,0.21361275,0.64159024,-0.082190156,-0.06753205,-0.19874796,0.7859698,-0.11875582
-0.9214768,-1.161621,1.8981133,-0.025589839,1.3943172,-0.4453146,-1.0744251,-0.56023765,0.8956853,1.0286535,-0.7612371,-0.62004155,0.35612428,0.30114347,-0.83892626,-0.7634555,0.57267636,-0.13947323,-0.85769486,-0.75927675,-0.42179984,-0.15894473,1.371106,1.0579841,1.2278303,0.05867224,-0.52473146,-0.47581935,1.1723727,0.03062711,-0.19775014,0.35482228,0.33930546,-1.061552,-0.74756694,-0.63537014,-0.6176905,-0.6213025,0.0118199885,0.40081602,1.0965775,1.1689333,0.59135216,0.66712326,-0.124165244,1.018686,0.107749656,0.3889623,1.8062379,0.9027119,0.8421719,1.8731186,0.5908101,-0.5531364,-1.1803037,0.34103212,0.51722926,-0.54401237,-0.84608084,-0.1314205
-0.880601,0.621257,-1.4628121,-0.09279054,0.062458873,0.9962908,0.6509731,-0.43923035,0.9196041,0.92076397,-0.7465161,-0.08596134,0.37361768,-0.15592861,-0.7983829,-0.23734425,0.31140336,0.1314418,-1.2302395,-0.1570344,0.3588508,0.066358514,3.306263,-0.042860124,-0.49172527,-0.12082039,-0.74173707,0.6109595,0.1094954,-0.48900363,-0.12188951,-0.15167223,-1.0846055,-0.31693718,-0.5056388,0.84801435,-1.0903021,0.7902278,0.5483871,-0.22710717,1.9894571,0.32823044,-0.8167219,-0.353863,-1.3664807,-0.26854742,0.37493676,0.3391489,-0.78521746,-0.026405584,1.2858638,0.44388643,-1.487863,0.45942354,2.4635568,-0.057323232,-0.47223315,0.05522252,-0.033658203,0.83375216
-0.8967109,-0.4971851,-0.53129643,-0.29235035,0.041159783,-0.12006256,0.6373125,-0.31903526,0.9160866,0.89699644,-0.74604124,-0.45848024,-0.88516665,-0.043980546,-0.82333267,-0.71860844,1.5106906,0.3605837,0.5960129,-0.57277656,0.43839687,0.12720357,0.30451393,0.34980223,-1.6356831,0.14437503,-1.1733432,-0.44605285,1.1184696,-0.17561966,2.7192664,0.10613434,0.2966359,-0.6778098,-0.12959363,-0.4687635,0.31445673,-0.53153807,1.376986,0.47505805,1.9032078,0.88899374,0.6163761,0.1880705,-0.72404695,0.089414015,-0.63674647,0.4025723,0.8190332,0.5940065,1.4380455,1.2123864,-0.5251327,-0.22333807,0.8800797,-0.053320087,-0.6606257,-0.40164557,0.09161062,-0.2043577
-0.93422043,-0.52993095,-0.68914104,-0.1075532,-1.1656651,-0.109849095,-1.0806829,-0.21624382,0.91538316,1.0589621,-0.7645612,-0.51561,0.35631728,0.11156367,-0.8505101,-0.90088147,0.17685805,0.20148441,0.18262397,-0.5579462,0.21589893,0.10729043,3.2305508,0.87638456,-1.1733348,0.24903136,-0.5300461,-0.13374016,-0.96998864,-0.17401615,0.7418822,-0.012102609,0.80479777,-0.68034905,-0.38150486,-0.16033365,0.20171146,-0.3428576,-1.0506425,-0.029428916,0.7144918,1.0284481,-0.1338905,0.84231395,0.5894874,1.0338764,0.20244877,0.3514053,3.8368378,0.44273022,1.7289809,1.1936225,-1.5446858,-0.08088281,0.08505367,-0.020851497,0.74471235,-0.2457667,-0.70387053,-0.16447484
-0.7882697,-1.0463445,2.0452645,-0.50976264,1.4523771,-0.8227471,1.058686,0.0043413267,0.9157349,1.0333357,-0.6683998,-0.6426083,-0.8600264,-0.06268549,-0.7219742,-0.76528126,-0.04139167,0.47647864,-0.080488466,-0.17966682,3.0000875,-0.067745656,0.14125529,0.6770169,0.4496506,0.31812158,0.2850952,-0.52145845,0.23515907,0.18578443,1.3328893,0.44909096,-0.6593603,-0.57859635,0.5134415,-0.8804531,0.40393752,-0.9017989,0.7147057,0.48274592,2.5480442,1.3601457,3.0656898,1.1610643,1.4234234,1.2501084,-0.024019103,0.10582341,1.4036624,0.85663694,0.60376114,1.4040854,3.254256,-0.3109535,-0.027619699,0.29095146,1.1111852,-0.4050059,1.6792575,-0.60164225
2.2526565,-0.9663628,0.77584183,-0.021859188,0.38516796,-0.6025305,-0.9087962,-0.5254948,0.91397613,0.9030494,-0.4359504,-0.62069756,0.5093147,0.12880394,-0.4533185,-0.6485477,0.0021956835,-0.028180834,-0.17996457,-0.5349934,0.7359595,-0.11564022,0.28576234,0.52654344,0.0021706668,0.3229235,0.2843688,-0.50481665,-1.0695419,0.30925268,1.485063,0.3557243,0.57946694,-0.6735487,0.17003156,-0.3829846,0.52986795,-0.48325923,0.29442748,0.22754647,1.8287324,1.0778439,-0.9442582,0.5423664,0.2993202,0.9107941,-1.3033454,0.06607382,1.1607475,0.36441815,1.3459038,1.3255204,0.553765,-0.46394205,1.966644,0.123119205,-0.35896394,-0.8830316,0.6141874,-0.057158396
0.2997484,0.32760155,-0.21513219,-0.225902,-0.47044852,-0.4841541,-0.59863305,-0.8111056,-1.0551008,-1.2118037,0.10326576,0.14992172,-0.59149384,-0.57380366,0.2419339,0.40285054,-0.75274414,-0.85337365,0.29070735,-0.22698554,-1.0080127,-1.1656119,-0.6190392,-0.8199491,-0.074307345,-0.021873906,-0.42500234,-0.5333361,-0.03186748,-0.005884605,-0.7538873,-0.84210956,-0.59026444,-0.5001043,-0.5514132,-0.6863917,-0.5637079,-0.65334874,-0.93097955,-1.1146908,-0.58870465,-0.6615539,-0.25523797,-0.32980388,-0.26042795,-0.26533777,-0.64912045,-0.75656706,-0.5930671,-0.6758707,-0.94448495,-1.154474,-0.23324229,-0.32645363,-0.3509182,-0.37759954,0.47898424,-0.44471025,-0.7591205,-0.88685143
-0.040723123,0.50479275,3.5339246,-0.12689352,2.3148699,0.57929844,1.0945238,-0.30503067,-1.1873574,0.25409234,-0.13013339,-0.052502707,-0.6732591,-0.292914,-0.057909016,0.102625765,-0.022882458,-0.18013895,-0.28259444,0.063705884,-0.20608719,-0.3444004,-0.8468652,-0.52434343,0.56106055,-0.22773682,2.2473896,0.20458806,-0.4827382,-0.18024804,0.36118916,-0.310283,0.22744134,0.04209546,1.8388028,0.3392451,2.9525049,0.3695239,0.31898767,-0.41182455,-0.87346095,-0.4069363,-0.5559852,-0.37451455,0.653495,-0.25565553,-0.075255014,-0.13658448,1.9485767,-0.1833263,-0.18788637,-0.3581372,-0.59967947,0.1472262,-0.7295655,-0.18312638,0.5598336,0.009025304,1.0548526,0.29371935
0.13047442,0.7261901,-0.39754987,-0.2407035,1.2941597,1.8657677,-0.66322935,-0.44241235,0.9189006,0.99827176,-0.01782637,0.35306346,-0.63320917,0.53208584,0.0922352,0.58490336,-0.8784508,-0.54823834,-0.09957093,1.094644,1.4836553,0.5731878,-0.23130438,-0.12902547,-0.29654825,-0.34742287,-0.53144944,0.7539671,-0.25483313,0.26301616,-0.05519857,-0.46048355,-0.77295077,0.66390556,0.28665972,1.661109,1.6995873,1.6355036,-0.4955986,-0.15837203,0.39353114,-0.5504501,-0.40322062,-0.5867432,-0.42095497,-0.6422379,-0.57242304,0.057633728,-0.73172355,-0.029998451,-0.6677134,0.47020763,-0.41605932,0.1928183,-0.5364729,-0.37369302,-0.6932574,0.42875028,1.0438375,1.7525042
0.27594426,0.3090651,-0.23884827,-0.21917243,-0.48329994,-0.38855183,-0.6078179,-0.6293352,-1.0635427,-1.1088681,0.08332118,0.11593357,-0.5982349,-0.5335693,0.21988006,0.30555904,-0.769576,-0.74274284,0.36492267,-0.16904426,-1.022091,-1.0554065,-0.63484716,-0.75106555,-0.10465064,-0.006591739,-0.44167313,-0.44841695,-0.06328223,0.00203763,-0.7680541,-0.813104,-0.61445946,-0.37487245,-0.5705333,-0.53031594,-0.5777418,-0.55457014,-0.9383063,-0.9955738,-0.6081324,-0.6396826,-0.27658573,-0.32326606,-0.28283337,-0.33705786,-0.6682649,-0.59549487,-0.611868,-0.6576716,-0.95857817,-1.108287,-0.25763798,-0.2577175,-0.37662947,-0.3777045,-0.6135576,-0.4191557,-0.7703951,-0.7472116
0.288207,0.30699977,-0.22868423,-0.2190184,-0.4772124,-0.42987826,-0.60388154,-0.7939511,-1.0600252,-1.1137005,0.096855,0.14743939,-0.59411097,-0.5534234,0.23057283,0.36834577,-0.762758,-0.84135693,-0.46339262,-0.0960117,-1.0152564,-1.0412728,-0.6270623,-0.6702025,-0.09184956,0.01768021,-0.4323812,-0.5184302,-0.048266374,-0.041643288,-0.76135355,-0.80386674,-0.60539764,-0.34660265,-0.5621065,-0.61402816,-0.5705916,-0.61532116,-0.9346429,-1.0773411,-0.599043,-0.61685055,-0.26676577,-0.33066475,-0.2724855,-0.30138162,-0.6599444,-0.6028143,-0.60281575,-0.553272,-0.9535612,-1.0291314,-0.24619308,-0.2910793,-0.36454827,-0.3493788,-0.60534817,-0.23161164,-0.7650042,-0.81758416
0.29373726,0.3422254,-0.22226484,-0.24213345,-0.4739432,-0.43717712,-0.60085356,-0.6928359,-1.0568595,-1.1264497,0.1001791,0.14309584,-0.59260416,-0.573234,0.23636474,0.32914308,-0.7567923,-0.83570224,-0.45915115,-0.10863738,-1.0114008,-1.0579761,-0.6230905,-0.68096375,-0.082248755,0.003705185,-0.4281452,-0.48397633,-0.0385851,-0.021269903,-0.75723755,-0.8072027,-0.5970608,-0.4249593,-0.5569342,-0.58948725,-0.5672608,-0.60958034,-0.93279195,-1.0101602,-0.59397787,-0.6663323,-0.26053223,-0.3014215,-0.2656469,-0.31607312,-0.65449566,-0.6792267,-0.5975062,-0.61822903,-0.94836175,-1.034246,-0.23856317,-0.3056338,-0.35773322,-0.36571565,-0.6021328,-0.27465314,-0.7616157,-0.8208015
0.29373726,0.34487942,-0.22315642,-0.22971503,-0.47416866,-0.45523998,-0.60115635,-0.7478583,-1.0582665,-1.0702233,0.09922936,0.14311525,-0.5932386,-0.64664745,0.23502815,0.35134742,-0.75775105,-0.82932127,-0.4601043,-0.0917679,-1.0116345,-1.0529532,-0.6229316,-0.6777156,-0.08355257,-0.0068724863,-0.42882842,-0.478847,-0.040462084,-0.06633095,-0.75795543,-0.8463102,-0.5976045,-0.35131744,-0.55728287,-0.6231518,-0.56766045,-0.6404295,-0.9328691,-1.067553,-0.5943248,-0.68464315,-0.26198387,-0.31115985,-0.26744652,-0.3345214,-0.6548638,-0.6909164,-0.59855074,-0.64338005,-0.9491371,-1.0672518,-0.23986828,-0.3119343,-0.35814628,-0.3570491,-0.6028169,-0.20216312,-0.76223177,-0.8275387
-0.056352112,0.1360539,0.1005624,-0.28441936,1.193624,0.9352642,-0.7395337,-0.4728941,0.904479,0.34916827,-0.14651644,-0.02081157,-0.67928636,-0.46753338,-0.078180715,0.01047218,-0.056882724,-0.31564486,-0.29654667,0.33623868,-1.2222258,-0.1303412,-0.16200756,-0.2746622,-0.53751665,-0.42295265,0.014230254,0.31071675,3.5304778,0.06787533,-0.48842186,-0.334646,1.0608897,0.28974852,2.5701802,1.2419044,2.7457178,1.1577188,-1.0316255,-0.45177346,0.21705022,-0.46033275,-0.5693062,-0.52747333,-0.5970488,-0.46527967,0.3223303,-0.054215804,0.40624204,-0.19739115,0.8514827,-0.38003117,0.8482048,0.21610707,-0.30622572,-0.2856608,0.42229745,0.13076182,2.0087738,1.1542681
-0.052985866,0.41901904,-0.60707164,0.073326655,2.345862,1.7837199,-0.7372123,-0.6323207,0.9164384,0.2445591,3.8377283,0.23175701,-0.678414,0.04288043,0.89408493,0.55176634,-0.6360723,-0.43312538,0.52063936,1.3515784,0.16199939,0.3788935,1.5922976,-0.16002356,-0.5469989,-0.58142394,0.042405143,0.68999106,-0.50634867,0.027039848,-0.97376037,-0.26141137,0.21460582,0.59297216,2.415763,1.5447005,2.0413334,1.6754225,-0.38724095,-0.6646364,-0.8881012,-1.1350237,-0.571441,-0.8939869,-0.59875846,-0.3263622,-0.7000425,0.028553488,-0.8882234,-0.48511243,0.15386318,-0.49285382,1.9645818,0.660621,-0.7505269,0.112949684,-0.1982613,1.0622722,2.790302,1.8475391
0.01626258,0.25424758,2.215088,-0.23271164,0.5689957,-0.10267377,0.61834997,-0.48979646,0.91010696,-0.56542027,2.1999264,0.1015862,0.67644083,-0.33604604,-0.012687537,0.28552166,-0.9682033,-0.6318934,0.6027873,-0.046116717,0.9533744,-0.642676,0.2782062,-0.47067252,-0.45644316,-0.14749728,0.4251263,-0.25467688,0.78987235,-0.048049096,-0.92929757,-0.5812946,0.96734834,-0.21284205,1.3957486,-0.08969105,1.5864086,-0.027585186,-0.35629272,-0.7325497,-0.8271811,-0.5828416,1.0874712,-0.36779138,-0.5347816,-0.4247818,0.6408804,-0.4195789,0.1328759,-0.38870987,0.6942918,-0.5054254,0.80512977,-0.2036082,-0.6694693,-0.3181396,-0.18092018,-0.24307358,1.3188225,-0.2023958
0.29758438,0.32982817,-0.21923347,-0.25490072,-0.47202677,-0.44321677,-0.600248,-0.6351919,-1.0572113,-1.2208378,0.10397807,0.14394866,-0.5914145,-0.464777,0.2392607,0.30984378,-0.7556205,-0.73124856,-0.45695892,-0.2603435,-1.0099405,-1.0762585,-0.62086624,-0.71890473,-0.07975966,-0.00029113144,-0.42602718,-0.41958338,-0.035720233,-0.05030456,-0.755706,-0.81712186,-0.59479535,-0.47251746,-0.55420274,-0.5005197,-0.5653955,-0.49780533,-0.93190503,-0.9450148,-0.5911331,-0.65425545,-0.25814128,-0.30763328,-0.2636673,-0.31605303,-0.65184486,-0.6247794,-0.5957654,-0.6410518,-0.9472671,-0.98510504,-0.23655528,-0.25629058,-0.35391268,-0.37862033,-0.600012,-0.4409452,-0.7606916,-0.680411
-0.23909107,-0.11026937,0.05857923,-0.3814443,0.9996807,0.5787679,-0.81371856,-0.36775127,0.7803125,0.49048826,-0.2797178,0.009568602,-0.7251257,0.5964046,-0.24302748,-0.40257573,-0.99377024,-0.40954983,1.3668461,0.10660444,-0.24140672,0.13432121,-0.46339104,0.31771928,2.1749368,-0.13077633,-0.7672318,0.5582725,-0.7595436,0.33057278,-0.3942233,-0.07495246,1.2736081,-0.12379489,0.84474784,1.2663507,1.0624319,0.9488373,-0.91207486,-0.28075418,0.9844445,0.6475642,-0.7415399,0.0864084,-0.77863145,0.2118218,0.051023167,0.38185614,1.1463529,0.34512267,0.49087727,0.6833371,0.15727545,0.25393915,0.9509507,0.7274296,0.35976866,0.13383794,0.9270756,1.2272078
-0.83491623,-0.3134421,-1.457106,-0.93444437,0.17309345,-0.0128875915,-1.0468708,-0.4038498,0.6403174,0.433961,-0.6873946,-0.25231668,0.38537136,0.35431954,-0.7700916,-0.5123969,-1.1118354,-0.4632161,-0.7996314,-0.7356229,-0.34430632,-0.16243762,0.32704604,-0.15823951,-1.5790263,0.23541245,0.7247357,-0.23413908,1.121625,-0.33774737,0.3199736,0.08008071,0.76291585,-0.17438649,-0.057111885,-0.08216221,-0.73726434,-0.18548486,-1.0413878,-0.48241147,-0.19040574,0.8813469,2.2009182,0.13217275,0.1363743,0.16578512,1.0744767,-0.021017017,0.7997094,0.17526124,0.87225497,0.5988474,0.19690454,-0.42855158,1.5592443,-0.0087025575,0.024506196,-0.4583538,-1.1405523,-0.040102072
-0.7887506,-0.48703635,-1.4175197,-1.0537333,-1.0922767,0.059925385,-1.0328413,-0.5169828,0.9167901,0.5827534,-0.64156955,-0.25789523,0.5306801,0.52365446,-0.72086036,-0.61666334,-0.6999957,-0.49196944,-0.7749532,-0.81963277,-0.1230449,-0.104645625,-0.40459025,-0.032067936,-0.7837071,0.18747568,-0.43998727,-0.23648229,-1.4845524,-0.28409058,0.63511765,0.29141685,-1.3224918,-0.11003009,-0.5721832,0.039476022,-0.5255831,-0.099329986,0.79975045,-0.45312008,0.23567973,1.0143658,3.8933182,0.19069837,-0.021235285,0.27022794,0.66812,0.06223929,-0.7241852,0.41369194,1.1560028,0.83863354,0.7330405,-0.4940312,2.9810073,0.092885345,-0.60338634,-0.45658237,-0.6426392,0.15927838
-1.1196043,-0.51014054,0.79074323,-0.3786502,-1.2673491,-0.5190166,-1.1525463,-0.32407007,0.8316675,0.423285,-0.8809046,-0.56125665,0.29583514,-0.18263668,0.84069604,-0.7038274,-0.8973077,-0.16302897,-1.3831705,-0.5544182,-0.30225614,-0.31576836,2.6611497,0.29874092,3.0259078,0.5065262,0.6322685,-0.56395906,-1.8989701,-0.56567824,1.8274071,0.2963809,-1.6419654,-0.055681646,-0.8451293,-0.6552786,-0.72804606,-0.7803379,1.3887136,0.23090571,0.09383818,1.6852813,2.574634,0.5077528,0.93330836,0.40830553,-0.59142154,-0.13398483,2.5683634,0.38569406,1.4040157,0.6670396,-0.2190674,-0.6202067,2.0390623,-0.154781,0.58281815,-0.39085215,0.2487168,-0.58839846
-1.0239068,-1.0326885,0.5908117,-0.26674154,0.07481099,-0.72048676,-1.1091456,-0.35974032,0.9083482,0.97410667,-0.8341298,-0.8110171,0.47116518,-0.0036277107,-0.91979027,-1.1559618,-1.0897994,-0.07228005,-0.8596417,-0.5467107,0.23284915,0.013399412,1.4335648,1.0091162,1.914887,0.6957419,-1.2487034,-1.0221635,-1.7637287,-0.24701633,0.40537164,0.4745747,1.5292828,0.12419281,-1.3283806,-0.87029225,-0.5137731,-1.1253808,-0.28058347,0.6814104,0.08181932,1.8404964,0.52298534,1.4997075,-1.4880457,1.3074987,-0.24841599,0.37341365,2.1158926,0.6734075,2.1393719,1.4932947,-1.0132792,-0.7131485,-0.11177389,0.82494307,-0.6538892,-0.38133404,-0.9566455,-0.73717934
-0.82193214,-0.88672864,-0.4598275,-0.095414944,-1.098026,-0.8057566,0.672297,-0.43791658,0.86402816,0.6278287,-0.6890567,-0.6567668,-0.8638331,0.08697528,-0.74157757,-0.74826497,0.3724739,-0.46256047,-0.7044047,-0.07654625,0.35133195,-0.06212766,0.8927722,0.58348715,1.5891339,0.29698306,-0.042112015,-0.5656929,-0.20100349,0.06507912,0.32151705,0.20137838,0.61191297,-0.25185534,-1.4704559,-1.0487133,-1.228411,-1.2107656,0.8582367,0.19338538,0.24379852,1.3687571,1.8185277,-0.10915326,1.735359,0.029744916,0.80965674,0.010712005,2.5244734,0.44384444,0.47292703,0.96111846,-0.44861186,-0.63215846,1.1809573,0.7951652,0.24285795,-0.26566377,-0.7142048,-1.0110092
-0.57811993,0.3593264,3.4387615,-0.2457237,0.34342572,0.5083623,-0.07501327,-0.6369663,0.90940344,0.20315744,3.338224,0.06133197,-0.79983264,-0.18652709,-0.53574187,0.10021216,-0.9291779,-0.6294678,-1.0306048,-0.14530118,1.235447,-0.22110963,0.13831034,-0.4417898,-1.2356493,-0.05413297,1.9407024,0.34193605,-0.51447976,-0.1596952,-0.7861438,-0.15613136,0.01751309,0.08769124,2.2969124,0.7641617,2.009399,0.46248916,1.1058725,-0.6660185,-1.3230067,-0.09052777,-1.0311009,-0.4020872,0.1082436,-0.37648752,0.038126316,-0.14016946,0.81300515,-0.08164448,1.0091422,-0.18611784,1.74689,0.23454024,-0.7344526,-0.18204384,0.63584256,0.15302084,1.845065,0.49843615
-0.70387316,-0.43246174,0.929268,-0.36083665,-1.0372636,-0.78280467,-0.9892388,-0.5620995,0.9027203,0.6875344,-0.60666656,-0.47882372,0.43555194,-0.36301175,-0.6544761,-0.53099406,-0.5397311,-0.59240896,-0.34095636,-0.09339467,0.18266407,-0.4309714,1.43769,0.17058733,0.14439078,0.5266662,-0.6329185,-0.6658977,-1.3538553,0.29614168,0.19818743,0.07052053,-1.68747,-0.18095835,-1.3922321,-0.87069535,-0.49188283,-0.8989149,0.28890863,-0.13649088,-0.3966313,1.3330965,1.3751216,0.36941302,1.2572967,0.31513038,-0.7126231,-0.10358766,1.1183313,0.24966839,1.9777004,0.82494086,-1.2840637,-0.48870248,0.7338352,-0.17821626,-0.01794807,-0.3508723,-0.70676005,-0.7298369
-0.47376636,0.27754635,-0.07524148,-0.20339026,-0.90784764,0.7666772,-0.90122634,-0.0021164168,-1.3470503,0.86147547,-0.44117397,0.14451124,1.5652397,-0.2345713,-0.44574445,-0.7127444,-0.4601225,0.13765056,-0.49811473,0.64042234,-0.7952886,0.35083777,0.30769938,0.43760335,2.5495338,0.30724144,-0.24082997,0.81256455,0.1285191,0.427475,-1.2301991,0.31708527,-0.6761268,0.55993557,-0.013777116,1.4740452,0.45544392,0.7880735,-0.19729775,0.5091994,1.1835859,0.9248238,-0.9394763,-0.39131698,0.21804282,-0.066498876,0.059759896,-0.15880185,-1.2289021,0.4067555,1.8238423,0.87081355,-0.08713378,-0.19419168,0.26565862,0.27726683,-0.6610481,-0.050426908,0.20099415,1.6311308
0.2944586,0.35998863,-0.22012505,-0.22360808,-0.4729286,-0.463748,-0.6003489,-0.677713,-1.0568595,-1.2866465,0.09804218,0.12918673,-0.59315926,-0.56861544,0.23681028,0.3019903,-0.7565792,-0.7941574,0.45072782,-0.2627137,-1.0108167,-1.0946234,-0.62213725,-0.7642709,-0.08106347,-0.0069506224,-0.4281452,-0.4183375,-0.03809116,0.027275901,-0.7569025,-0.8284652,-0.5951578,-0.47862723,-0.5554813,-0.4909194,-0.5668167,-0.57766455,-0.9325991,-1.0341338,-0.5926596,-0.6372682,-0.2596783,-0.32619533,-0.2656469,-0.35390955,-0.6536857,-0.6781522,-0.5966358,-0.679269,-0.9473127,-0.9945127,-0.23826198,-0.25950873,-0.3560811,-0.35915264,-0.60240644,-0.4831726,-0.7614617,-0.7506465
-0.40163255,1.0014155,-0.066571355,-0.10689026,-0.8633186,0.43552867,0.52296984,-0.5285992,0.7578007,-0.15948959,-0.3939243,0.07305866,-0.7663652,0.3620958,-0.37579596,0.38364914,-0.29090628,-0.4285598,-0.91332126,0.14729492,0.478209,-0.2665543,-0.010163363,-0.6176334,0.8087462,-0.0349388,0.3515328,0.3457043,2.0535493,-0.34111434,-1.1808066,-0.554988,0.31415975,-0.1413973,-0.13875519,0.33237585,-0.61471796,0.2935545,-0.05746142,-0.6198539,0.030446852,-0.71940666,-0.8652715,-0.42762116,-0.917203,-0.5493524,-1.2241905,-0.3575606,-0.12360042,-0.52993304,0.21871395,-0.2690073,0.43231142,0.03013956,-0.21746108,-0.29452878,-0.98222923,-0.06014315,-0.2020486,0.29141456
0.21583275,0.32617983,-0.3076784,-0.21979563,2.435584,-0.4807493,-0.63183963,-0.6525415,0.90236855,-1.1504909,0.046043795,0.11573987,-0.6117964,-0.46324748,0.16708454,0.28267306,-0.8160236,-0.7180362,-0.5104299,-0.22363076,-1.0584846,-0.959215,-0.67567796,-0.6691199,-0.1869094,0.009644609,-0.47740602,-0.3767257,-0.14389364,-0.0030184393,-0.8059121,-0.7317821,-0.26845795,-0.48638916,2.2844436,-0.476609,0.8601932,-0.50004685,-0.95496494,-0.91781807,0.44087192,-0.61984974,-0.3310652,-0.2968555,-0.34132135,-0.3291021,-0.7185559,-0.6301841,-0.6636574,-0.62614167,-0.9997175,-0.9161511,-0.3249018,-0.21869002,-0.44477978,-0.30746832,-0.6448218,-0.45350167,0.8816125,-0.68369824
-0.7430659,-1.1029862,-1.3037539,-0.34049585,-1.0472968,-0.66507304,-0.99902916,-0.19099781,0.8601589,1.0170944,-0.63800806,-0.68242455,-0.85003376,0.24487655,-0.6863316,-0.91735584,-0.01031032,-0.033390075,-1.1373563,-0.2810957,-0.618678,0.30128807,2.9113047,1.5596484,-0.2934152,0.3694842,-1.0783061,-0.82820946,2.0912414,0.34282002,-1.3840721,0.44036713,0.44713795,-0.30931014,-1.401763,-1.0920528,-1.175073,-1.1614395,1.0165243,0.52773106,0.7262987,1.2611209,-1.1589313,0.8559139,0.07537959,0.8644134,0.2566919,0.2179625,0.9340738,0.7665625,0.4394307,1.151601,-1.3307468,-0.7180739,0.4125478,0.25658822,-1.1708407,-0.34084207,-1.0989599,-0.8605616
0.07156516,-0.058289163,0.72875935,-0.19698732,-0.59569347,-0.24599911,-0.68492967,-0.26226825,-1.1412786,0.26706025,2.2449632,-0.23811351,-0.645581,-0.43363765,0.044117767,-0.2942737,-0.9203708,-0.26707566,0.22030744,-0.23205,-1.141319,-0.40285775,-0.42297944,-0.2553215,-0.36861357,-0.06623089,-0.56438106,-0.5888723,-0.32605964,0.4052773,-0.8903388,-0.22508898,0.325539,-0.31618854,0.2282031,-0.4174722,0.044969648,-0.470757,-0.9943364,-0.05945009,0.2096132,0.66977394,-0.4510396,0.12521304,-0.4719745,0.44438574,-0.6111433,-0.13020015,0.2739072,-0.13889077,-1.0887463,0.33518296,-0.47298256,-0.39141402,-0.59770495,-0.34643853,-0.7214431,-0.41927916,-0.34972933,-0.5786917
0.14321807,0.25949988,0.2756269,-0.1324966,0.6464543,-0.3387811,-0.66060513,-0.4944961,-1.1156012,-0.88839954,-0.0066669006,0.061096553,-0.6293231,-0.4458596,0.10315073,0.20939656,-0.8708339,-0.645832,-0.55703837,-0.18539183,-0.025372528,-0.7384016,0.5653382,-0.4426224,-0.27900603,0.01623262,-0.15724583,-0.24329095,-0.23932333,-0.120788984,-0.8494177,-0.6922438,-0.3422421,-0.33524185,0.5142475,-0.34517375,0.26490265,-0.29128113,-0.97509414,-0.7545492,-0.72053623,-0.5289302,-0.39271754,-0.2342846,0.8406922,-0.30896962,-0.778051,-0.48791924,-0.722062,-0.5529599,-0.69997007,-0.75938135,-0.40150222,-0.28595155,-0.10547946,-0.32294914,-0.6851164,-0.4416728,0.016324945,-0.5059258
-0.263857,0.40386525,-0.8294322,0.10072838,3.3151562,1.1072571,-0.8213894,-0.66788244,0.7986033,0.18775374,-0.28969008,-0.023782289,-0.72964615,-0.36758065,-0.26107153,0.013451381,0.28102812,-0.42523152,-0.3563882,0.06892219,-0.18370065,-0.19930477,-0.99914634,-0.22646198,-0.8170068,-0.13361129,-0.11040814,0.52244675,-0.783154,-0.49486175,-1.1014533,-0.50897765,-1.2101837,-0.30009916,1.7702811,0.90853894,1.8168311,0.9724775,-0.35656354,-0.728214,-1.0621884,-0.35045558,-0.752043,-0.21495688,-0.7941983,-0.25466236,-1.1172761,0.16590053,0.11086693,-0.3099591,-0.84021133,-0.06535447,2.3384585,0.44614762,-0.98254776,-0.3087798,-0.24312986,-0.15531239,1.9867128,1.0090957
0.27907005,0.29387632,-0.23938322,-0.19050641,-0.48296174,-0.48906475,-0.60721225,-0.69641286,-1.0635427,-1.1230474,0.08901963,0.1154326,-0.5964109,-0.5592657,0.2223305,0.35298914,-0.7687771,-0.8044714,-0.4700169,-0.14966278,-1.0213317,-1.0480298,-0.6336556,-0.62858593,-0.10358388,-0.0076181553,-0.4377104,-0.45066372,-0.05972584,-0.007561643,-0.76724046,-0.78840095,-0.6145501,-0.44967598,0.40764076,-0.59306496,0.17474857,-0.58429337,-0.9370723,-1.0194216,-0.60709167,-0.6388852,-0.27470714,-0.2544051,-0.28058383,-0.33588436,-0.66738135,-0.6770473,-0.6105624,-0.6668621,-0.9584869,-0.9789947,-0.2559313,-0.28869167,-0.37497732,-0.35876912,-0.6107527,-0.37762198,-0.24631079,-0.75778216
-1.0015453,-0.71162695,-1.6020772,-0.21347298,-1.2024157,0.0061294157,-1.0994562,-0.16878188,0.9136244,1.0806197,-0.8120483,-0.6073617,-0.9114172,-0.000960117,-0.8892714,-0.569226,-1.0654248,-0.15326898,-0.893395,-0.50549775,-0.07138595,0.07733171,0.7785043,0.21556354,1.8389462,-0.26857626,0.49701604,0.1316583,-0.05627377,-0.061240748,1.974882,0.23640887,-0.7544011,-0.63849074,-0.49979544,0.16948998,0.4599213,0.0921849,1.0261066,0.3436741,0.2237713,0.95231956,0.37072635,0.2514401,-0.11046776,0.36308494,2.044165,0.68334985,-0.8808668,0.29511622,1.0857375,1.1762934,-1.615865,0.060558237,1.0068084,0.17103164,0.668053,-0.2753767,0.595784,0.4509638
-0.79404044,-0.43010676,-0.46705458,-0.0893132,0.18795449,0.53480554,0.6723582,-0.48771915,0.83870244,0.68983775,-0.6676875,-0.28008366,0.51791793,-0.062162384,-0.7360084,-0.22740477,0.8209166,-0.28403717,-1.1835834,0.15032001,-0.12038919,-0.1229953,-1.3491468,-0.3867525,1.7473977,0.09725267,-1.1162252,-0.06911169,0.40534925,-0.19091567,1.1952155,-0.3152138,0.547434,-0.15908238,-1.2589037,0.80605114,-0.018622298,0.8219947,1.6049654,-0.23290709,0.28310496,0.33858708,0.40727904,-0.044419337,0.009064452,0.32938227,-1.2240232,0.59076184,-1.4950737,-0.19356138,1.3456148,0.6117212,-1.4038334,0.47319704,0.09069569,-0.18914746,-1.2016261,-0.20278987,-0.27646533,0.99205416
0.06483267,0.043085836,0.3526006,-0.3414981,-0.60245734,-0.2884877,-0.68826044,0.08068365,-1.1423339,-0.949548,-0.05534119,-0.072141,-0.64732575,-0.5253787,0.03320224,0.012409242,-0.9271888,-0.21897632,-0.607507,-0.43602034,0.42099008,-0.46824953,0.6437681,-0.50108826,-0.37608084,-0.22581059,-0.57107675,-0.37442452,-0.33643243,-0.3621145,0.38533506,-0.37173355,-0.84354234,-0.34179658,-0.74360204,-0.4989699,-0.7027595,-0.47159457,-0.52122176,-0.3909676,-0.7812482,-0.46195942,2.1640902,-0.29328585,4.009607,-0.29919407,-0.8394605,-0.5893541,0.18304873,-0.4339223,-1.0939457,-0.68644184,0.4900776,-0.22643708,-0.6114383,-0.41780084,-0.72500056,-0.27028853,-0.8698331,-0.591535
-1.1506218,-0.8952162,1.0488983,-0.23024057,0.017784193,-0.62357277,0.76201653,1.930948,0.8840777,-0.9766458,-0.90702254,-0.78126585,-0.93965036,-0.7487432,-1.0278318,-0.6743688,1.9078184,1.4826325,-0.91064614,-1.2293261,0.47546247,0.32928896,-0.11774496,0.34207457,2.3628547,-0.014675982,-1.3166847,-0.44100693,-0.728847,-0.7557098,2.5953434,0.40831262,-0.9632544,0.06625333,-1.719482,-1.1360171,-0.9118982,-1.1150254,2.1826277,1.4905726,1.021077,1.1361884,-0.8953169,0.7220337,2.3483717,0.7443385,0.12754723,-0.39028004,1.4963057,0.2788633,-0.46610826,-1.0380703,-0.63453007,-0.43517137,-0.22036771,0.11244218,1.0464718,0.19520114,-0.17736432,-1.3523327
-0.07799225,0.40623885,-0.62739974,-0.27937838,0.5136546,1.5849822,-0.74680084,-0.6276753,0.8348332,0.95214564,-0.15910053,0.037175413,-0.6842034,-0.13046093,-0.0919922,-0.11493556,-1.0316958,-0.32398456,0.026655193,-0.10674336,-1.2357199,0.12590665,-0.8722057,-0.15067081,-0.56999344,-0.17865288,0.65594447,0.76315045,-0.5362816,-0.56990325,-0.98524696,-0.41217193,-0.5887481,-0.46751347,0.45273617,1.2108284,0.76426286,1.4993918,0.26914188,-0.770744,0.047524273,-0.3157094,-0.5881776,-0.032522112,-0.61558497,-0.077688694,0.35432482,0.8647827,-0.24606429,-0.32219157,1.2076067,0.38311595,-0.6380299,0.84822816,-0.42050174,-0.02982201,-0.80730003,-0.19523124,0.7115009,1.5669891
-0.7413827,-0.8535515,0.7942882,-0.40070802,-1.0513551,-0.563853,0.88342166,-0.29517618,0.86402816,0.80069315,-0.6235245,-0.593508,0.4277172,0.17317303,-0.6685104,-0.71592766,2.3345618,-0.46688798,-1.1302553,-0.5728722,-0.36696413,-0.06668028,1.1938285,0.7571705,1.3230437,-0.12478553,0.11010914,-0.48251522,-1.3857639,0.3881876,-0.16608645,0.17934445,-1.3522941,-0.862473,0.54472995,-0.6177033,-1.0121803,-0.7357339,0.8251269,0.29977822,1.2228372,1.0743307,2.4148104,0.03599021,-0.5563284,0.20466097,0.9074704,0.4584944,1.8834013,0.41195843,0.8050502,1.4071343,-0.36020857,-0.46734166,-0.51859826,0.56080246,-0.21555547,-0.27291572,-1.0930502,-0.3484854
-0.6798286,-0.69131255,0.9297079,-0.5251237,0.16224466,-0.81344473,-0.98510057,-0.20692068,-1.4300625,0.90185124,-0.56986403,-0.62219787,1.4779067,-0.09084389,-0.62395716,-0.5254161,0.24903746,-0.19822447,-1.0945604,-0.272985,-0.4962648,-0.33335698,0.7433461,0.44362092,1.1310675,0.3346659,-0.6162032,-0.74823195,0.87513405,0.44459978,1.5615566,0.21382664,0.34669486,-0.5575198,0.07438148,-0.8586642,0.48139966,-0.8357101,-1.015785,0.07118941,1.0071982,1.1026728,-1.1139302,0.5367935,-1.1829184,0.5668321,-0.74581337,0.26577914,0.85946554,0.21903668,0.95428514,1.0211107,-0.3059801,-0.6263804,0.5817008,-0.014264103,-0.35331675,-0.220204,0.26275048,-0.6495074
-0.44347015,-0.61372036,-1.0116715,-0.22204049,-0.8867668,-0.55773544,-0.8859857,0.11706042,0.9181971,0.8451154,-0.4259781,-0.3991812,0.6089944,-0.010307272,-0.41455722,-0.46197698,1.2200868,0.33740366,-0.9416771,-0.15884173,-0.41193858,-0.45493528,-1.1094847,0.46876863,1.5247208,-0.15834388,-0.4863234,-0.47514176,-1.0072063,0.061744336,-1.2063644,0.11312079,0.9259513,-0.41094694,-0.42443722,-0.47782394,-1.0044451,-0.4504877,1.7078762,0.26946482,0.98878205,0.7171379,0.73373485,0.28885365,1.0100027,0.3473108,0.86009324,0.15215316,1.4544871,0.25465947,2.0660295,0.6823007,-1.0221363,-0.4298379,-0.77078736,-0.059839953,-1.0067891,-0.16325496,-0.97319543,-0.39897907
-0.0077820206,0.1319582,0.14109553,-0.0327104,-0.64281535,0.12470626,1.1674179,-0.46502036,-1.1753981,-0.428874,-0.1128006,0.12724133,0.49061552,-0.20814624,-0.032959234,0.27454367,0.034715112,-0.57992905,0.0274529,0.3750752,-0.47928137,-0.5773168,-0.82422554,-0.6260916,-0.48311207,0.033623364,0.73633677,-0.19178899,2.5548196,-0.115757816,0.07308914,-0.69448924,-0.92609555,-0.17993431,-0.5576553,0.27489677,-0.55098355,0.22390434,0.9164812,-0.66761655,-0.84452736,-0.4208248,-0.5318195,-0.294775,0.71844506,-0.2610735,-0.9041099,-0.3687689,-0.84731406,-0.4496631,-0.15752372,-0.30768412,1.3008792,0.04576709,-0.6911535,-0.46308655,-0.19420287,-0.14057714,-0.79635525,0.106963515
0.2898901,0.2997052,-0.2283276,-0.20191051,-0.47597235,-0.40139517,-0.6026704,-0.6299776,-1.0596734,-1.2133572,0.09899192,0.13368632,-0.59331787,-0.5058601,0.23124112,0.27221555,-0.7615862,-0.7376039,1.1041117,-0.15448275,-1.0144385,-1.0737569,-0.6259502,-0.64670146,-0.090664275,-0.013498432,-0.43094644,-0.44383267,-0.045796663,0.009974675,-0.76015705,-0.8205603,0.56695336,-0.44426152,-0.56111854,-0.46856028,-0.5697922,-0.5385709,-0.9343344,-0.9406987,-0.59807163,-0.6418356,-0.26539952,-0.27896437,-0.2714057,-0.31501576,-0.6587663,-0.6645215,-0.60116196,-0.6659488,-0.95237535,-1.0303773,-0.24358284,-0.2524441,-0.36330917,-0.35443583,0.47252992,-0.41262454,-0.76395684,-0.66996676
-0.59038264,0.06852217,0.9033934,-0.0068780994,2.093034,0.6597829,-0.94937074,-0.4114881,0.9164384,0.60635066,-0.509318,-0.17810844,-0.80744606,-0.07214507,-0.5526721,-0.20642993,0.51863396,-0.2456189,-1.0449495,-0.30051747,0.7711972,-0.066405095,-0.8151699,0.1824316,-0.15112276,-0.1909446,1.5437901,0.36239287,-0.7186847,-0.56837535,0.9708087,-0.28012303,-0.0072869593,-0.4223137,1.6503689,0.76375705,1.1660314,0.8191602,1.4542699,-0.36348453,1.8535566,0.17730756,1.0023102,-0.44677714,1.0359619,-0.22893868,1.1947893,0.3867888,0.6216149,-0.109915085,0.36487684,0.39429748,-0.22003222,0.5526267,-0.26545757,-0.37929392,-1.0830684,-0.20194407,1.2143689,0.90239704
0.22977862,0.27356273,-0.29430467,-0.20090266,-0.5102428,-0.12173684,-0.62628835,-0.41141912,0.8977958,-0.45398402,2.934648,-0.010653254,-0.6083069,-0.30146825,0.17822284,0.13726409,0.22152247,-0.59109336,-0.5027572,0.04438391,-1.0505399,-0.45654154,-0.6659866,-0.48322868,-0.16865602,0.008746531,-0.11110456,-0.02081997,-0.12611172,-0.04728409,-0.79724926,-0.6008932,-0.25754276,-0.29197088,-0.61162114,-0.072686456,-0.60594296,0.04464983,-0.18712191,-0.6171855,-0.2547988,-0.28308636,-0.31800038,-0.39750594,-0.32764414,-0.3520642,-0.5027602,-0.38508186,-0.6507754,-0.44557714,-0.99050444,-0.4596494,-0.30883878,-0.17970657,-0.43001387,-0.48836187,-0.63777536,-0.2768047,-0.79235893,-0.06572033
0.30672133,0.31133988,-0.20924775,-0.18011461,-0.46672836,-0.47342354,-0.5964126,-0.5156848,-1.053342,-1.2627778,0.109676525,0.124405496,-0.58935255,-0.5975623,0.24750304,0.28867355,-0.7485894,-0.7061058,-0.45119244,-0.33630064,-1.0043324,-1.0455067,-0.6149879,-0.6666003,-0.067432694,-0.066342875,-0.420698,-0.40763697,0.38001382,-0.060813468,-0.7499148,-0.79450613,-0.58455545,-0.47842196,-0.5464152,-0.5394533,-0.55975527,-0.523056,-0.92939854,-0.92251855,-0.58377826,-0.62745756,-0.2501145,-0.28106135,-0.25475913,-0.2990991,-0.6443343,-0.75549674,-0.58775765,-0.6666396,-0.9410187,-0.951378,-0.22621472,-0.22840215,-0.34389666,-0.41353616,-0.59536004,-0.4265604,-0.75604004,-0.7407608
0.2971035,0.31729314,-0.21905515,-0.17839867,-0.47236496,-0.42460957,-0.5998443,-0.6967757,-1.0565077,-1.121403,0.100891404,0.13083532,-0.5923662,-0.55301976,0.23881517,0.32835275,-0.7550878,-0.8177545,0.28887796,-0.22593817,-1.0098236,-1.1062762,-0.62086624,-0.62532824,-0.07881143,-0.018476123,-0.42684707,-0.42552575,-0.035720233,0.0052704364,-0.755706,-0.76945806,-0.5940704,-0.51078,-0.55426085,-0.5119405,-0.56557316,-0.50613755,-0.9320593,-0.9757655,-0.59141064,-0.6342445,-0.25831205,-0.31273416,-0.2636673,-0.32239252,-0.65199214,-0.62465256,-0.59541726,-0.61728054,-0.9466742,-0.9672266,-0.23595291,-0.23606704,-0.35422245,-0.31911007,0.47813246,-0.46782708,-0.76066077,-0.7533544
0.3076831,0.31428066,-0.20799953,-0.17131935,-0.46605197,-0.43108577,-0.59600884,-0.5954477,-1.0526385,-1.2487718,0.110151395,0.15852334,-0.5891146,-0.56023026,0.24817133,0.2668787,-0.74773717,-0.806125,-0.45052525,-0.23205782,-1.0035731,-1.0551419,-0.61411405,-0.6024889,-0.06565477,-0.04540821,-0.41994646,-0.4639905,-0.02159348,0.0003034031,-0.74910116,-0.783396,-0.5831962,-0.50410515,-0.5456016,-0.5200873,-0.5591335,-0.52388,-0.9291286,-0.9020123,-0.5826681,-0.6345609,-0.24908982,-0.30219188,-0.25358936,-0.31735355,-0.6433771,-0.61993396,-0.5866261,-0.5935316,-0.9400609,-0.9847392,-0.22450803,-0.25384513,-0.3425543,-0.3757245,-0.5946759,-0.44692722,-0.75536233,-0.7526279
0.30263376,0.32926506,-0.21406229,-0.17128053,-0.46920845,-0.4691598,-0.59782565,-0.5520093,-1.0540456,-1.0845087,0.10706473,0.13616307,-0.59046286,-0.58377707,0.24393879,0.24223344,-0.7511994,-0.79810864,-0.4541948,-0.37161222,-1.006786,-0.95043993,-0.61752987,-0.5808022,-0.072173834,-0.04276131,-0.42315763,-0.3640394,1.8369625,-0.036849514,-0.7523079,-0.7300485,-0.58890516,-0.47526896,-0.55042523,-0.37243718,-0.56233114,-0.4146416,-0.9304783,-0.9350158,-0.5876638,-0.5439903,-0.2539571,-0.28368223,-0.2583584,-0.39258116,-0.6476478,-0.56406224,-0.5908911,-0.56275326,-0.94343597,-0.8324722,-0.23002969,-0.18576717,-0.3487498,-0.3632039,-0.59741235,-0.5212994,-0.7577343,-0.6409625
-0.69257224,-0.3171245,-0.48208466,-0.048873514,2.9082863,0.13959485,-0.9898444,-0.37196973,0.66810536,0.56351477,1.7129097,-0.2015331,1.7345881,-0.096116625,1.2015477,-0.07361268,-1.4951594,-0.17969576,1.0608907,0.04645622,1.3277394,0.22976728,1.4847014,0.09971336,-1.3822691,-0.2465842,1.0360875,0.5609885,-1.3514843,-0.37236118,-0.19739312,-0.1647835,0.18534465,-0.29909563,1.8657,0.32679385,2.6504276,0.5037204,0.46705097,-0.18789674,0.50942206,0.37602487,-1.1284467,-0.16637103,-1.2000148,-0.19813932,0.0040721144,0.5411311,2.0102286,0.08773763,2.6411395,0.658223,2.142069,0.22901577,2.8498487,-0.2852555,1.2135471,-0.18931188,3.1814935,0.4894776
-1.1775517,-1.081068,1.8722476,-0.23443386,1.0567977,-0.14739104,-1.1761643,-0.5130626,0.9104587,0.84862554,-0.9402635,-0.6875248,-0.95717716,-0.06451473,-1.0634743,-0.8276847,-0.93870354,-0.040988926,-0.24994072,-0.29018235,0.7166239,0.5201607,2.245276,1.1468314,-2.001462,-0.15287891,-0.684929,-0.093368374,0.6776188,-0.7470044,-0.7192505,0.15894112,-0.9476292,-0.6350532,0.7927094,-0.89885694,0.1496972,-0.8086121,-0.046666253,0.5845655,2.2429168,1.2536515,2.5948102,0.05506243,0.20015343,0.6523384,0.06423806,0.36338165,-0.384468,1.0840746,0.93031865,1.2207338,-0.7261585,-0.48572204,0.6642243,0.45627588,-0.06993674,-0.29749268,-0.31035197,-0.4401354
-0.69858336,-0.3243084,-0.3935002,-0.11378526,-1.0339944,0.4468069,-0.9899453,-0.5360945,0.9157349,0.95070565,-0.5997809,-0.42779517,0.55016387,-0.5556249,-0.6477931,-0.40268347,-0.021463297,-0.19425006,-0.6341037,-0.29623556,0.7545067,0.21191181,0.062837705,0.35824,1.5295789,-0.39536497,0.19708814,0.5634363,-0.021404611,-0.72993535,-1.367895,0.043678623,-1.6751459,-0.766221,1.1258847,0.46161795,0.5240892,0.55055326,0.3078467,-0.06361852,1.1506462,0.68663186,0.4854764,-0.093200214,1.9882127,-0.13313222,0.6440083,0.40794966,0.26443654,0.23832671,1.4662926,0.65102345,1.5835226,-0.09641572,0.7529646,-0.007104717,1.216295,-0.49500942,0.80801827,0.47131872
-1.2451171,-0.9525972,1.5604101,-0.16995019,-1.3369046,-0.7266322,-1.1963507,-0.23980021,0.8299087,0.98526007,-0.995586,-0.74809223,-0.97462463,-0.25444278,-1.1238439,-0.9484484,-0.6328278,0.19554535,-0.39252162,-0.4570571,-0.3183048,0.13309145,0.7222982,0.43769348,1.5927485,0.18752736,-1.3918399,-0.61376685,-0.414484,-0.62723964,0.8387905,0.37796304,-1.7233391,-0.13895996,-0.94546103,-0.8073465,0.41314408,-0.94865024,0.4982668,0.6723558,1.5754279,1.3444697,0.57779205,0.90927005,0.15558426,1.2017822,-0.18155408,0.6566414,0.77521,0.80820054,1.0849398,0.82575357,-1.8687568,-0.7291819,-1.5278798,0.18401879,1.0958797,-0.3744068,-0.11429969,-0.89597577
0.29109234,0.3201455,-0.22707939,-0.12226732,-0.47585964,-0.43191707,-0.6021657,-0.67698735,-1.0593218,-1.1617901,0.09899192,0.16776751,-0.5933972,-0.6394195,0.23280048,0.38916227,-0.7605209,-0.84743917,0.2828988,-0.12375653,-1.0141464,-1.0562236,-0.625553,-0.6395159,-0.089123406,0.04177415,-0.43074146,-0.46901146,-0.044314835,-0.024760388,-0.76001346,-0.7670245,-0.60195416,-0.43146124,-0.5600143,-0.57078093,-0.5694369,-0.5795031,-0.93379456,-0.9735936,-0.59689206,-0.6055905,-0.2645456,-0.26068145,-0.2705059,-0.32666972,-0.65773547,-0.67979264,-0.60107493,-0.61110604,-0.9511895,-0.9951199,-0.24348246,-0.29186854,-0.3617603,-0.31434846,0.47343174,-0.3521902,-0.76374125,-0.76732475
0.29542038,0.33074087,-0.22066,-0.1414677,-0.4732668,-0.43391138,-0.6005508,-0.56698436,-1.0572113,-1.1698242,0.10065397,0.14903103,-0.5922869,-0.63021016,0.23770134,0.3214237,-0.7571119,-0.76622164,-0.45857927,-0.20105961,-1.0107583,-1.0559788,-0.6222961,-0.59152836,-0.08130053,-0.020651532,-0.42746198,-0.4094479,-0.03749843,-0.0018052695,-0.75709397,-0.81226206,-0.5959734,-0.44697464,-0.5554232,-0.522473,-0.5665058,-0.53783566,-0.93240637,-0.89837205,-0.59252083,-0.6267069,-0.25916597,-0.26505575,-0.265107,-0.3015586,-0.6533175,-0.66900915,-0.59689695,-0.61856383,-0.94795126,-0.9301777,-0.23886433,-0.28207046,-0.35597783,-0.34367335,-0.6015855,-0.3665805,-0.7614617,-0.7248518
0.2855621,0.30240524,-0.2336771,-0.17263639,-0.47924158,-0.42741984,-0.6053955,-0.6959576,-1.0624875,-1.2050126,0.09543039,0.14651437,-0.5947454,-0.5842289,0.22745411,0.34377608,-0.76510173,-0.88940644,0.27869388,-0.18918957,-1.0181772,-1.136155,-0.62984264,-0.69294995,-0.09777598,0.0029373765,0.51825297,-0.48479074,-0.053403378,0.04553199,0.021193217,-0.7780415,-0.6096567,-0.4278802,-0.5655934,-0.6271367,-0.5732563,-0.6291383,-0.93560696,-1.0798293,-0.60272044,-0.645201,-0.27060837,-0.24960603,-0.2763547,-0.34529454,-0.6629634,-0.671653,-0.6064715,-0.625345,-0.9558416,-1.0610797,-0.25000805,-0.29469264,-0.36909163,-0.3680026,0.46911517,-0.41280887,-0.76682174,-0.8464023
-0.50911194,0.19472095,3.285373,0.17193498,2.0682256,1.3050343,-0.9160633,-0.40734485,0.7222743,1.1425217,-0.46040624,0.072862834,0.49982023,0.07622747,-0.48428294,-0.16618523,-1.3601313,-0.42843148,2.7813938,0.02137455,-1.1465874,0.65610015,-1.1621516,0.06778699,-1.1492422,-0.41476563,0.4420324,1.245974,1.1077546,0.021567412,0.046531823,0.010049379,-0.26068708,-0.3374369,1.8373663,1.882914,2.8936021,2.1354816,-1.1608073,-0.5101242,-1.2685395,-0.34441838,-0.9743159,-0.6104333,-1.0333692,-0.5185027,0.09017032,0.8033463,-0.58860177,-0.30062348,0.6748645,0.4166984,2.1108348,1.8820884,-1.2576272,-0.38426965,0.30257508,0.109364,3.0797045,2.1560156
-1.0796902,-1.0663537,0.3457186,0.015509439,0.07187583,-0.5613941,-1.1421503,-0.3979297,0.55238074,0.6508141,-0.8507503,-0.6764604,0.30434316,-0.1398068,-0.981942,-0.825987,0.46519798,-0.256256,-0.6937098,-0.5411415,0.13859627,0.1902768,0.73713726,1.3451113,1.6019807,-0.083578184,-0.14992942,-0.7238385,0.52184147,-0.015874974,0.9938253,0.051211324,-0.8461509,-0.57607776,0.36296797,-0.6722966,-0.508591,-0.6379313,0.5128221,0.22235556,1.9648265,1.467248,-0.9807568,0.4901994,1.6221883,0.7107248,1.5582497,-0.005896749,0.5644314,0.7086948,1.4558735,1.0725498,-0.753403,-0.37307134,0.47106683,0.26074138,0.37058157,-0.47261867,0.4078586,-0.21831195
0.15475947,0.19289944,-0.37686518,-0.18457928,0.6461729,0.019616356,-0.6565679,-0.46167293,-1.1106768,-0.52581143,0.005917184,0.0751747,-0.625675,-0.24100743,0.11161584,0.15260693,0.159084,-0.50151056,1.5789973,-0.05519018,-0.20628451,-0.63067794,-0.7173825,-0.4120947,-0.26786435,-0.0985087,0.14598788,-0.16143325,1.6441237,0.0004727031,-0.8435308,-0.53025115,-0.7544646,-0.41835994,-0.36054808,0.025558257,-0.4067216,0.0006246688,-0.21373004,-0.66472,-0.71262634,-0.3635439,-0.38460538,-0.24326645,-0.39845958,-0.3183053,0.33521727,-0.30380023,0.5906529,-0.3744399,-1.040127,-0.40627998,-0.38825023,-0.03907387,-0.1460726,-0.4518676,0.576435,-0.21574877,-0.017484976,-0.11220618
-0.023651456,0.15058321,-0.5665938,-0.104676165,-0.6517211,0.57002735,-0.7252014,-0.23171036,0.8520688,0.022813655,-0.1241975,-0.0032158885,-0.6712764,-0.12561359,-0.048107315,0.16486476,0.01381087,-0.34844938,0.43191886,0.4851797,-0.14119712,0.045466673,1.2224542,-0.38468805,-0.5026693,-0.33843026,-0.6285363,0.46531087,1.3543193,0.17847356,0.4718332,-0.14551455,0.6276033,0.13312986,1.3196453,0.64656854,1.2201921,0.6914992,0.35351348,-0.5744744,0.12752385,-0.46197426,-0.54471356,-0.43464127,-0.5712241,-0.33085,-0.6842034,-0.15139005,-0.20277686,-0.1658045,-1.1540583,-0.053446762,-0.5819098,0.35431898,-0.27077803,-0.3074833,-0.77733564,0.12620105,0.3951526,0.66992694
0.29542038,0.37947178,-0.22066,-0.21844517,-0.47270313,-0.45110512,-0.60044986,-0.643621,-1.0572113,-1.3200121,0.09994166,0.1589126,-0.59276277,-0.652071,0.23770134,0.3358174,-0.7566325,-0.82648295,-0.4587699,-0.17802463,-1.010583,-1.1288524,-0.62174004,-0.7638848,-0.08106347,0.00957923,-0.4278719,-0.529867,-0.037893582,0.038200364,-0.75661534,-0.9050775,-0.5956109,-0.5474857,-0.5553651,-0.68756694,-0.5663726,-0.7194214,-0.9324449,-1.0964344,-0.5926596,-0.65794563,-0.25959292,-0.29330257,-0.26528695,-0.3088596,0.6464712,-0.8079338,-0.5964617,-0.6930827,-0.94790566,-1.1169063,-0.2379608,-0.28071955,-0.35577133,-0.3672413,-0.60199594,-0.38218552,-0.76130766,-0.88898486
0.30311465,0.3116508,-0.21370566,-0.27048263,-0.46909574,-0.4882775,-0.59782565,-0.6390356,-1.054749,-1.3004624,0.106352426,0.12634324,-0.59030426,-0.6089778,0.24460708,0.32288206,-0.7511994,-0.799976,-0.45347998,-0.12739936,-1.0064939,-1.0352831,-0.61713266,-0.66678864,-0.07193678,-0.04264959,-0.4227477,-0.45090222,-0.027718365,0.05668757,-0.7523079,-0.89991945,-0.5881802,-0.34431076,-0.549786,-0.6513371,-0.56215346,-0.67745507,-0.9303626,-1.0820975,-0.58697003,-0.6640117,-0.25318858,-0.36842364,-0.25799847,-0.32607612,-0.6473533,-0.72509813,-0.59097815,-0.6577698,-0.9431167,-1.0305339,-0.23002969,-0.28326246,-0.348027,-0.40113306,-0.59727556,-0.29949197,-0.75764185,-0.84219563
-0.50911194,0.6959747,-0.17031169,0.21297829,2.1287663,1.8447217,-0.91303533,-0.26047266,0.91784537,0.86433315,-0.4506714,0.14721555,-0.7899986,0.31901735,3.1571822,0.0949873,-0.48484054,-0.18137918,0.010817167,0.8627334,-0.15960465,0.6271161,0.19884886,0.21177797,-1.126129,-0.48557922,1.5539654,1.2296178,0.13116112,0.16202497,-1.2486734,-0.36367384,-0.5833103,0.38410535,3.1954503,2.1221147,3.5114198,1.9202167,-0.84855056,-0.46747223,-0.32333276,-0.89545715,-0.96133643,-0.802363,-1.0203218,-0.88741744,0.9633334,0.1650546,-0.5223215,-0.26563308,-0.20997576,0.011755893,0.9488323,0.86520296,0.65163237,0.33091936,-0.25808313,0.35212553,3.9133654,1.8040303
-0.3614781,-0.3022914,0.66021484,-0.49583668,0.34909892,1.2295159,-0.85923874,-0.45823982,-1.3115239,0.8994898,-0.3471495,-0.10172356,-0.7513762,-0.0019547276,-0.34394044,-0.35210216,-0.270297,0.01683861,-0.17731747,-0.25475386,0.9690476,0.1177568,-1.0602336,-0.080155864,-0.944899,-0.38719535,1.8055912,0.5279379,4.2522774,0.4421462,-1.1605616,0.2200374,-0.43511552,-0.037466638,2.8024356,1.7384856,2.49817,1.5770997,0.22810256,-0.099741824,-1.1438546,0.23254767,-0.84067893,-0.015429406,-0.887869,-0.19866362,1.3798432,0.6493054,-0.47337797,-0.07840024,-0.69701064,0.44793496,0.1607718,0.118474685,1.135681,0.15577014,1.0539668,-0.33526957,2.8916352,1.7927538
-0.65746707,0.1338076,1.2557918,0.14621423,0.7081895,1.2924315,-0.9788428,-0.5862361,0.9062377,0.6308198,-0.5520564,-0.04950435,1.4825141,-0.27483892,-0.60390824,-0.18521045,0.64045304,-0.29601333,-1.0874118,-0.37900367,-1.3187226,-0.14679733,0.07195452,0.13074437,1.9701778,-0.1882913,-1.0232378,0.6266401,-1.306338,-0.014739327,-0.083182015,-0.3733482,-0.41475463,-0.35964426,2.0419464,1.2403657,1.297578,1.1352699,-1.2029938,-0.44472805,1.2492625,0.16459559,-1.1060742,-0.44088158,-1.1723006,-0.39507297,-1.1126395,0.14979929,-0.13119397,-0.27728584,2.1874306,0.3156775,-0.19641341,0.3287359,-0.95231396,-0.25026068,-1.1198055,-0.30039355,0.676688,1.2663678
-0.3359908,0.831445,-0.9002238,0.109060146,3.2025988,2.0402706,-0.8435943,-0.30901328,-1.2988611,0.717056,-0.3257803,0.11594685,-0.74471444,-0.17733094,1.5222236,0.048021547,-0.17138118,-0.21261631,-0.1573942,0.1611687,0.03326002,0.41712674,-0.6611614,0.0091202315,-0.89950264,-0.48481923,2.9400795,1.4177382,-0.86544484,-0.06777296,-0.8766406,-0.22606042,1.4080194,-0.1527867,1.2251986,2.0659928,1.9463707,2.0615985,-1.1067052,-0.43872738,-0.49447697,-0.8078689,-0.80729103,-0.8261006,-0.8548458,-0.84459835,0.7713975,0.064689375,-0.44350287,-0.22169717,0.8683756,-0.17256528,0.48740703,0.87958205,-0.5721888,0.24673712,-0.3560113,0.14052552,1.0273402,1.988225
-0.024853686,0.14835761,-0.5651673,-0.0305022,2.2634387,0.3932787,-0.72701824,-0.38854355,-1.178212,0.42142138,-0.12870878,-0.0413568,-0.6735763,-0.13800779,-0.044320296,-0.07103716,-0.60964066,-0.22708341,0.35569572,-0.14376996,0.5286152,-0.40735015,0.6150767,-0.23653546,-0.49603167,-0.20588651,0.034255255,0.018484611,-0.4646599,0.08289912,-0.15906477,-0.3147041,-0.7164345,-0.31497347,1.2234011,0.55413276,1.3438199,0.4871413,-0.26330894,-0.40723255,0.12871642,0.042816076,-0.54232264,-0.42025605,-0.566725,-0.4531707,1.0840261,-0.08722131,-0.20515247,-0.10900359,0.22086675,0.037566252,-0.57869714,0.028899359,-0.7119084,-0.3357944,-0.11844926,-0.18637197,2.040109,0.44283372
0.02395685,0.24900752,2.2328851,-0.036632992,0.5741386,0.049304925,1.1308717,-0.5080063,0.8591037,-0.69734097,-0.089057036,0.07679876,0.6783093,-0.4515308,-0.0062273256,0.27754092,0.032390255,-0.545965,1.7337581,-0.06713903,0.39501357,-0.7063618,0.31468898,-0.5982628,-0.4423383,-0.11724384,-0.5999773,-0.23723438,-0.40242314,0.018545635,-0.9244157,-0.6950215,0.5210873,-0.4336045,1.5008086,-0.06541659,1.8232576,-0.072092645,-0.27383322,-0.81332254,0.13790992,-0.39291582,-0.16646263,-0.30254698,-0.5248836,-0.33794895,0.6966098,-0.57735115,-0.82329077,-0.53989583,1.0055119,-0.69802547,-0.5291027,-0.0861702,0.60276985,-0.35182536,0.862988,-0.24012002,0.74213505,-0.20827411
-0.0003281946,0.22570708,-0.5466224,-0.14299417,0.56187135,-0.06896027,0.6149731,-0.49010623,0.91538316,-0.4976735,-0.105440095,0.026821725,-0.6650905,-0.3352403,-0.025607958,0.2149431,-0.9794423,-0.55531883,-0.65430605,0.027450154,1.4491841,-0.7366094,-0.82112753,-0.5289042,-0.47552624,-0.14419428,1.0855563,-0.23533629,-0.43018273,0.14933963,-0.94040126,-0.5926655,-0.9211116,-0.33200115,0.9170544,-0.15425783,0.5563654,-0.17345232,-1.0161623,-0.75086707,-0.8405724,-0.31707326,-0.5218288,-0.24719892,-0.54854876,-0.28799367,-0.6696756,-0.44210657,-0.84496397,-0.44881594,-0.66086334,-0.4624311,2.3966255,-0.089177944,-0.6872297,-0.38861063,-0.7648162,-0.20531403,0.5774116,-0.32735327
0.27690604,0.34328762,-0.23884827,-0.15897381,-0.48296174,-0.45215288,-0.6075151,-0.7046023,-1.0638944,-1.2046595,0.08901963,0.12505876,-0.5967281,-0.55819607,0.22077113,0.3715966,-0.7701087,-0.7790407,-0.4700169,-0.1709879,-1.0212148,-1.1229018,-0.63413227,-0.7157616,-0.10429505,0.05440711,-0.4385303,-0.5193807,-0.06110888,0.009955276,-0.7673362,-0.7943633,-0.6151844,-0.43781915,-0.57001024,-0.65245277,-0.5771645,-0.69561195,-0.9374965,-1.0461884,-0.60709167,-0.6178713,-0.2750487,-0.24462639,-0.28175357,-0.2986952,-0.66804403,-0.7421224,-0.6116939,-0.64005876,-0.95953596,-1.1128068,-0.2573368,-0.26049605,-0.3760099,-0.37477177,-0.6114368,-0.34800926,-0.7699946,-0.8671544
0.28892833,0.38686347,-0.22904088,-0.17641695,-0.47698694,-0.5093424,-0.60337687,-0.7478046,-1.0600252,-1.2377635,0.096617565,0.13084261,-0.59379375,-0.6211099,0.2314639,0.38919997,-0.38844424,-0.8304773,-0.46367854,-0.17688772,-1.0152564,-1.222443,-0.6272212,-0.7859665,-0.091731034,0.029556748,-0.43183464,-0.5403154,-0.046586968,0.019667683,-0.76106644,-0.90848386,-0.604129,-0.478217,-0.56187403,-0.70494986,-0.57081366,-0.7280697,-0.64291656,-1.1358885,-0.5987655,-0.63954985,-0.26616803,-0.2722844,-0.27203557,-0.38550842,-0.65928173,-0.7475432,-0.60264164,-0.65891284,-0.95255774,-1.1147517,-0.24579151,-0.24945293,-0.36403197,-0.40816,-0.60527974,-0.35050136,-0.76466537,-0.9438003
0.27450156,0.32579306,-0.2424146,-0.19643371,-0.48341265,-0.4536864,-0.6081207,-0.68630147,0.9160866,-1.2378383,0.08735758,0.1382266,-0.596966,-0.551632,0.21921177,0.33264235,-0.77122724,-0.78243876,-0.4714943,-0.16967283,-1.0223247,-1.1347129,-0.6353238,-0.68403673,-0.1078509,0.046864163,-0.43928182,-0.5076936,-0.06288707,0.05022208,-0.7685327,-0.83989465,-0.61672497,-0.41421813,-0.57128876,-0.57765436,-0.5779639,-0.5993985,-0.9381906,-1.0101053,-0.6084794,-0.6597118,-0.2769273,-0.23877151,-0.28391314,-0.26524627,-0.6695167,-0.68033874,-0.61282545,-0.6307804,-0.96049374,-1.0874631,-0.25854152,-0.3123389,-0.37745553,-0.40031028,-0.6121209,-0.391227,-0.77042586,-0.78520113
-0.29872167,0.6681341,-0.8595677,0.13808535,3.3802967,1.6995519,-0.8332993,-0.36530048,0.9118657,0.6267047,-0.3131962,0.114363424,-0.739956,0.1090241,-0.28490746,0.16523553,-1.1960733,-0.12968731,0.14273025,0.6360638,-0.32661957,0.31443354,-1.0168608,-0.31405798,-0.85055035,-0.55120367,1.1717237,0.9884092,-0.83027613,0.030113053,0.38652462,-0.23204944,-1.2434406,0.03275057,2.4159994,1.6960528,2.8136797,1.6193346,-0.7403633,-0.51067525,1.3321947,-0.5531348,-0.78099054,-0.6877146,0.4000835,-0.5710604,0.14234316,0.095760874,-1.0870252,-0.40966412,1.5128946,-0.07873145,0.09945046,0.779809,2.6680472,0.10845092,0.117256284,0.32367682,2.0705976,1.6301771
-1.0025071,-0.08257589,-0.18076684,-0.07496596,1.3266679,0.20783113,-1.105613,-0.4246797,0.8369437,0.81882054,-0.8324678,-0.22262876,0.3310535,-0.3892284,-0.91065687,-0.23451763,-1.013307,0.2743483,-0.5488917,-0.12590972,-0.729668,-0.12276596,1.3562871,-0.012329776,-0.94816744,-0.35471973,-0.5777454,-0.026632577,-0.07404336,-0.033269227,-0.081485145,-0.38715047,-0.14100803,-0.50004655,-1.4030564,0.054158106,-1.1625121,0.14833602,-0.68761575,0.044697776,0.42207754,0.5320769,1.9830161,-0.18696578,0.1432432,-0.11174165,0.37308562,0.10517919,-1.1220893,0.018168213,0.64303625,0.36057577,-1.6159654,-0.21241376,-1.29046,-0.089466155,-0.6539419,-0.39767915,0.32189023,0.3255082
-0.97317266,-0.64955497,-0.45727134,-0.119833134,-0.013234786,-0.6673736,0.585063,-0.33111355,0.58122396,1.0602229,-0.78331864,-0.6542106,-0.901028,-0.32435644,-0.8845933,-0.7896545,0.5356231,0.2969149,-0.81172085,-0.46347037,-0.13936758,-0.21202114,2.507794,0.43931565,1.5715443,0.14742765,-0.13256076,-0.6996174,1.4323062,0.17803441,0.6492489,0.29607114,1.7263881,-0.2607976,-1.60912,-0.6738008,-1.3231401,-0.7117001,0.15898618,0.486437,2.2552524,1.3035249,0.3036989,1.1299843,-0.10230607,1.071968,1.2564234,0.31988004,1.2268157,0.1309092,-0.24203761,0.9149294,-0.6199748,-0.6824186,-0.12220758,0.17722224,1.0338695,-0.5255069,-0.6183937,-0.5904268
0.2987866,0.38854602,-0.21834189,-0.18233809,-0.4711249,-0.5028558,-0.5993396,-0.71031964,-1.056156,-1.2055235,0.10516525,0.10991213,-0.5910973,-0.5551825,0.24082007,0.33449638,-0.7542888,-0.80429447,0.28934917,-0.1734378,-1.009181,-1.1298742,-0.6200719,-0.71858275,-0.077507615,0.058474462,-0.4257539,-0.42071405,-0.0334481,0.105805434,-0.7547009,-0.85440683,-0.59280175,-0.40934706,-0.55298233,-0.6339012,-0.56446284,-0.6798048,-0.9313652,-1.049774,-0.59009236,-0.63005364,-0.2568604,-0.33643568,-0.26195765,-0.3682194,-0.6503722,-0.7135908,-0.59454685,-0.6173468,-0.94576204,-1.0289077,-0.23504938,-0.25414783,-0.35246706,-0.3966401,0.47846067,-0.35299486,-0.7596134,-0.91109926
0.30720222,0.34243715,-0.20960438,-0.18611659,-0.46639016,-0.46351567,-0.5961098,-0.70623803,-1.053342,-1.2171849,0.110626265,0.11865487,-0.588956,-0.527995,0.2477258,0.24295948,-0.7485894,-0.91418505,-0.45100182,-0.33405223,-1.0040988,-1.1336387,-0.6145907,-0.78134865,-0.06766975,0.04262496,-0.4201514,-0.4054344,-0.021988632,0.057062417,-0.74977124,-0.86083853,-0.5842836,-0.54484457,-0.54618275,-0.5724376,-0.55944437,-0.58493173,-0.92936,-1.0405715,-0.5832232,-0.6458453,-0.24977295,-0.27983838,-0.25457916,-0.31685573,-0.6441134,-0.6854581,-0.5874965,-0.6000316,-0.94092745,-0.9245125,-0.22571276,-0.2710674,-0.34348363,-0.4951884,-0.5946759,-0.43673524,-0.75563955,-0.7584669
0.29902706,0.36388674,-0.21798526,-0.21473396,-0.47135037,-0.60096914,-0.5992387,-0.6566297,-1.0558043,-1.2083148,0.105402686,0.08087865,-0.5908594,-0.46337447,0.24104282,0.23120195,-0.75407577,-0.9782639,-0.4557675,-0.38751516,-1.0086553,-1.1633607,-0.619913,-0.7799384,-0.0770335,-0.027386393,-0.4247974,-0.40439484,-0.032954156,0.07300669,-0.75436586,-0.8759041,-0.59334546,-0.4793912,-0.55304044,-0.57886344,-0.5645073,-0.5769042,-0.9314809,-1.0388407,-0.5903699,-0.67703944,-0.25634804,-0.27171233,-0.26096785,-0.28308192,-0.6508876,-0.65546584,-0.5938505,-0.59024,-0.9461725,-0.85444766,-0.23374426,-0.28432602,-0.3526736,-0.49676928,-0.5989174,-0.5247634,-0.7594594,-0.8058435
0.2605557,0.28757495,-0.2620294,-0.1660598,-0.49322033,-0.31355634,-0.6145803,-0.6070359,-1.0712811,-0.9961732,0.07619811,0.13275337,-0.600852,-0.47087035,0.20473199,0.2662051,-0.7833185,-0.73879886,-0.4830749,-0.22562616,-1.0331901,-0.9612739,-0.6466039,-0.65384793,-0.1307269,-0.04661607,-0.45062342,-0.37071636,-0.08511449,0.016932407,-0.77867925,-0.8122198,-0.63647974,-0.5451397,0.028855162,-0.4016481,-0.113521665,-0.39343145,-0.9432036,-0.90844077,-0.6230502,-0.5262938,-0.2921269,-0.2444186,-0.30019978,-0.27767816,-0.6843168,-0.5584083,-0.62631685,-0.5617764,-0.97116625,-0.76015985,-0.2750061,-0.11825659,-0.39707455,-0.40226308,0.03646887,-0.35064688,-0.51285154,-0.55125
0.29542038,0.37780428,0.9381692,-0.21479468,-0.4732668,-0.5508087,-0.6005508,-0.78310215,-1.0565077,-1.3867949,0.100891404,0.15859954,-0.5924455,-0.5921983,0.23725581,0.3542873,-0.75594,-0.9410052,-0.45843628,-0.25258124,-1.0109919,-1.2933906,-0.6222961,-0.8616685,-0.08047082,0.030201465,-0.4278719,-0.51998276,-0.03799237,0.025446359,-0.7567589,-0.9827543,-0.5957921,-0.51545405,-0.55594623,-0.7245136,-0.5665946,-0.74228674,-0.93248343,-1.1839767,-0.5930759,-0.688211,-0.25993448,-0.2957291,-0.26483706,-0.35168222,-0.6533175,-0.7512348,-0.59689695,-0.65642434,-0.94740397,-1.09478,-0.23745883,-0.25354198,-0.35649413,-0.46638933,-0.60165393,-0.4105584,-0.76118445,-0.9612607
0.28892833,0.34859657,-0.2315373,-0.20036758,-0.4772124,-0.508419,-0.60378057,-0.7249859,-1.0610805,-1.3529925,0.10041653,0.15427108,-0.59315926,-0.54084456,0.23124112,0.32600406,-0.38921013,-0.8733954,0.28150225,-0.21901827,-1.0161326,-1.204816,-0.6272212,-0.7506412,-0.09256073,0.04203928,-0.43190295,-0.4923996,-0.047673643,0.05937001,-0.7613057,-0.9176248,-0.6061226,-0.49995926,-0.56239706,-0.67769843,-0.0034650273,-0.6884063,-0.6430077,-1.036105,-0.59890425,-0.6966522,-0.26685116,-0.27062863,-0.27257547,-0.28213507,-0.6599444,-0.71483475,-0.6040343,-0.6353968,-0.9531051,-0.9991145,-0.24609269,-0.30708203,-0.36465153,-0.400294,0.47204676,-0.38015398,-0.36948872,-0.85629773
0.29734394,0.3107355,-0.22012505,-0.20928709,-0.47202677,-0.47154075,-0.60014707,-0.7302514,-1.0568595,-1.2549843,0.10231602,0.10320438,-0.59181106,-0.49781194,0.2385924,0.2796937,-0.7554607,-0.8653119,-0.45762613,-0.17642164,-1.0102326,-1.1701257,-0.62134284,-0.7631215,-0.079641126,0.048513446,-0.42732534,-0.49735788,-0.036214177,0.10432854,-0.7558974,-0.87175786,-0.5945235,-0.42107156,-0.55431896,-0.62325084,-0.56552875,-0.68843544,-0.27109927,-1.0400723,-0.5916882,-0.589939,-0.2588244,-0.25328308,-0.2640272,-0.33168504,-0.65213937,-0.6111688,-0.59602654,-0.5680325,-0.9469479,-1.0222062,-0.23665568,-0.30390406,-0.35453224,-0.40511084,-0.60090137,-0.38920078,-0.7605683,-0.8568286
0.2699331,0.33781445,-0.2477641,-0.17468141,-0.48713282,-0.45531532,-0.61034113,-0.57840276,-1.0667084,-1.1741533,0.08165912,0.113317944,-0.599028,-0.4895937,0.21319708,0.26512477,-0.7746895,-0.7219751,-0.47606933,-0.2526822,-1.0262971,-1.0706156,0.4631966,-0.72709244,-0.11425144,-0.022803271,0.21641347,-0.34967145,-0.071185306,-0.007176261,-0.772218,-0.845958,-0.2138055,-0.48920062,0.40060872,-0.49411994,0.16964166,-0.5063065,-0.93992585,-0.96733105,-0.6133363,-0.6167499,-0.2827339,-0.23039353,-0.2898519,-0.33647978,-0.6743764,-0.6058715,-0.6180479,-0.6205006,-0.0846067,-0.98030585,-0.2636616,-0.2535499,-0.38396078,-0.39372298,-0.6158836,-0.4792989,-0.2502542,-0.7044603
-0.87218535,0.0060262782,-1.478504,-0.17935006,0.32658038,1.7027799,-1.059891,-0.6520654,0.63187546,0.7187969,-0.7123254,-0.10255831,0.27255622,0.06759493,-0.8003878,-0.12745102,-0.124080494,-0.571593,-0.13317347,-0.03607439,0.8378487,0.13142554,0.8095802,0.18854462,-1.6116217,-0.42325714,1.047983,0.6862633,2.9251046,-0.5581397,0.07796442,-0.3263297,-0.026061473,-0.19499266,2.8959153,1.6052856,2.7166257,1.9044005,-0.37311536,-0.690275,1.4853626,-0.19112515,0.33784667,-0.4712886,0.5567474,-0.46521208,2.5321999,0.35095784,-0.7987823,-0.16160396,0.021314777,0.60264456,-0.40181223,0.9283821,0.21999262,-0.6369965,0.96634984,0.026976354,1.5307347,1.7912273
-0.52810717,0.31091678,-0.21045345,-0.30199564,2.1544652,1.6164206,-0.925349,-0.49249616,0.88513297,0.90702194,-0.46111855,-0.18628329,1.3867614,0.076075666,-0.48829275,-0.026618892,-0.33230203,-0.11715975,-0.99719733,0.08973412,0.51255083,0.13708594,0.6630402,-0.0056313006,0.88726306,-0.4780531,-0.21828102,1.2467062,-1.1335568,-0.37930608,-0.83549535,-0.30951008,-1.0456715,-0.31054655,4.1312566,1.5675952,2.2873726,1.6683826,0.3256255,-0.5756855,-0.2689077,-0.10954458,0.19922134,-0.5243126,0.25978175,-0.46011406,1.4464668,0.16989793,-1.2841733,-0.19039164,0.93201524,0.63576585,-0.15574491,0.7737346,1.8363042,-0.3802137,-0.09705173,-0.14384015,2.6313279,1.6609137
-0.46607208,0.67872447,-1.0503663,-0.1630546,1.4966111,1.1528751,-0.90152913,-0.44274873,0.88724345,0.69840723,-0.44378576,-0.13790093,-0.77913356,0.12807721,3.6246395,-0.041915007,0.67054427,0.20669703,-0.96602976,0.057464752,-0.120370075,-0.033814803,1.9324459,-0.07400046,-1.0870147,-0.26401764,1.6082153,1.0230055,0.2939578,-0.16911535,-0.7063034,-0.5882769,-0.5575703,-0.37903163,-0.07046069,1.1162652,-0.15444715,1.3952869,-0.21022557,-0.46608165,0.057858292,-0.48584223,-0.5514691,-0.56831175,-0.9917977,-0.4575642,2.2149358,0.21550477,4.894912,-0.3766736,0.40936387,0.4755808,-1.0480379,0.7910583,-0.72323763,-0.27066728,-1.021224,-0.29614615,0.41600415,1.4018996
-0.5153635,-0.5369496,0.9843957,-0.4591677,-0.9265611,-0.6547778,-0.12418818,-0.37670648,0.8830225,0.44046408,-0.4587442,-0.41110325,0.38874516,-0.31170547,0.60803133,-0.5186472,-0.6123951,-0.33927625,-0.37030923,-0.3869148,-0.2932517,-0.19478168,0.19688858,0.36927965,-0.6591103,0.10745779,-0.48151734,-0.6554076,-0.60824364,0.20153186,-1.2490563,0.27811027,-1.4720703,-0.238078,-1.2262534,-1.0049844,-1.0471243,-1.1111624,-0.44294852,-0.14632864,2.190549,0.597571,0.5889736,0.09958342,-1.0245509,0.58175254,-0.412264,-0.43545306,0.022566576,0.5306962,1.0656763,0.03033909,-0.12356109,-0.6231717,0.22394195,-0.21252751,-0.14504965,-0.473105,-1.0141494,-1.002991
-0.5379654,-0.41087684,-1.1043961,-0.1271986,0.6551566,-0.6757513,-0.9222201,-0.40008372,0.7117219,0.38356388,-0.49507183,-0.3706574,-0.7995947,-0.3301028,-0.49787167,-0.42704922,-0.15927835,-0.2235823,-0.21096987,-0.45806083,-0.08118075,-0.14531612,-1.1730344,0.1446114,1.3021036,-0.32494843,-0.9487658,-0.4726157,0.618924,0.094872296,-0.575622,-0.048339806,0.19555794,-0.51733416,-1.240608,-0.77056503,-1.0603589,-0.8872851,0.8093796,0.16178,1.8318136,0.8624049,1.433681,-0.20551294,0.4916062,-0.07820114,-0.9487077,-0.37925458,0.0048235385,0.07136176,0.73411477,0.3914505,-0.14572199,-0.24830678,3.6200073,-0.12750563,-1.0567298,-0.45926479,0.07702362,-0.5612475
0.30744267,0.38589212,-0.20906943,-0.24290118,-0.46661562,-0.43686077,-0.5963116,-0.65949297,-1.0529903,-1.3240354,0.10991396,0.179405,-0.58919394,-0.5510915,0.24750304,0.3101446,-0.7484296,-0.74792683,-0.45114478,-0.23898524,-1.0040404,-1.1792562,-0.6145907,-0.82825845,-0.06719564,-0.068937875,-0.4203564,-0.48391065,-0.022581363,-0.03617572,-0.7495798,-0.9491812,-0.58446485,-0.51951027,-0.5464733,-0.52840817,-0.55953324,-0.5745963,-0.92939854,-1.0607548,-0.5835701,-0.6811728,-0.24994373,-0.28521287,-0.25448918,-0.37541452,-0.6443343,-0.69392866,-0.5871483,-0.6559529,-0.94083625,-1.128953,-0.22521079,-0.28329232,-0.34369013,-0.39559397,-0.59494954,-0.50974965,-0.75576276,-0.7547155
0.3055191,0.3773035,-0.21138754,-0.2644322,-0.467292,-0.5132759,-0.5968163,-0.5606036,-1.0540456,-1.4398344,0.109676525,0.1593524,-0.5894319,-0.6526425,0.24638921,0.2854962,-0.7498678,-0.7974251,-0.4520026,-0.3015233,-1.0050335,-1.1711015,-0.6157028,-0.8063428,-0.069566205,-0.09701294,-0.42138124,-0.5066447,-0.02416198,-0.0019732215,-0.75068057,-0.94229275,-0.58582413,-0.4303326,-0.5474032,-0.59530747,-0.56037706,-0.6433878,-0.9297841,-1.0228766,-0.5844721,-0.6585089,-0.2512246,-0.3334415,-0.25619882,-0.35330245,-0.6453652,-0.7503011,-0.5888021,-0.7334413,-0.9420221,-1.1151198,-0.22782102,-0.37423652,-0.34492925,-0.42462096,-0.5956337,-0.47317383,-0.7565329,-0.85711616
-0.8601631,-0.7873019,3.0433495,-1.1849433,1.395089,-0.23868693,-1.0534314,-0.46700203,0.91467965,0.40107524,-0.71280026,-0.36836803,0.51014256,0.1721755,-0.7810071,-0.57036227,-0.506713,-0.4311465,-0.5813139,-0.6341311,0.19126919,-0.71245813,2.2840858,-0.1288628,1.5698067,0.1668016,0.6660175,-0.044037282,1.6002274,-0.34933376,-0.5131343,0.45353964,-0.8328022,-0.72447765,1.2785785,-0.1338528,2.0725582,-0.17786314,-0.8381104,-0.4544033,-1.2246131,1.2001473,2.7055078,0.3235593,1.8061593,0.6494498,2.5319006,-0.31748283,-0.9580102,0.5420075,2.3893301,0.666361,-1.4736071,-0.7128136,-0.64067,0.01973426,0.010616257,-0.80018145,1.3994404,0.09144765
-0.8341949,-0.621758,0.6798662,-0.53739876,-1.1135831,-0.7943526,0.65883523,-0.3311048,0.8478478,0.67242414,-0.69143105,-0.6159911,0.39181337,-0.28504524,-0.7685322,-0.645215,0.93398756,-0.15074089,-1.2013594,-0.4019812,-0.6981757,-0.49005243,0.32956526,0.14367911,0.28410968,0.27894077,-0.7089924,-0.6142175,-1.532366,-0.22121176,-0.037806675,0.17581601,-0.53563887,-0.41248056,-0.59609485,-0.9148354,-0.5474075,-0.90326214,0.8542483,0.18559717,2.0490124,1.3348281,0.31632718,0.89030445,1.95323,1.2970705,-0.6070019,-0.09543761,0.64615715,0.2888106,1.0226047,0.51952857,-0.35024112,-0.6272161,1.53272,0.09932199,-0.3615802,-0.47895557,0.48832884,-0.7663853
-0.31074396,-0.1584488,-0.003966531,-0.40553233,0.3743772,-0.605764,-0.838245,-0.42533407,0.7599112,0.30738997,-0.315808,-0.29944497,-0.73694235,-0.38777274,2.0940893,-0.24348348,-0.7211871,-0.65678096,-0.3768226,-0.50725305,-0.3379801,-0.6693477,0.7195502,-0.4028538,-0.8698705,0.15993023,0.41275686,-0.10603624,0.93998116,-0.19328861,-0.5670321,-0.05166766,-0.7604302,-0.4235618,-0.06834317,-0.5981987,0.30996278,-0.56488115,-0.74881816,-0.4566905,0.79614437,0.6056135,0.76155823,-0.0031940015,-0.8301009,0.040390357,-0.7795736,-0.42766306,-0.60416925,0.015931388,-0.31409755,0.20586734,-0.8783725,-0.36897808,0.93419003,-0.08684349,0.8452762,-0.56107527,0.9063968,-0.51134884
0.11436454,0.16904888,0.3934492,-0.33549434,-0.5756272,-0.1302403,-0.67120296,-0.39661038,0.87387705,-0.02413154,-0.022337647,-0.1309592,-0.6355884,-0.33688724,0.07708712,0.07458298,-0.8922999,-0.55870134,-0.57681596,-0.3882136,-0.046378534,-0.54701585,-0.7430407,-0.49759677,-0.31859455,0.11510947,-0.53957987,0.025596915,1.5628396,-0.006408458,-0.86817914,-0.23621333,-0.79533345,-0.4302086,0.62090594,-0.19559504,0.34880808,-0.19292615,-0.80947584,-0.53138065,0.2163819,0.05052504,-0.41807866,-0.24651124,0.80936396,-0.404578,-0.8032333,-0.55081075,-0.28479204,-0.4012648,0.97315717,-0.17810851,0.6838774,-0.14653571,-0.5587767,-0.32651573,-0.6989356,-0.5008245,-0.23634867,-0.2622749
-0.065248616,0.31816554,-0.61563087,-0.39861745,-0.6785513,-0.2572323,1.073438,-0.48957595,0.8218186,-0.15394884,-0.14200518,-0.117634825,0.64505285,-0.5157014,-0.08063114,0.027586149,-0.046294373,-0.7888313,1.4624223,-0.4237049,-1.2304624,-0.8647092,-0.86465913,-0.632065,-0.5568368,0.09074445,-0.65374744,-0.17249194,0.6728912,0.008155581,-0.22990677,-0.35226172,0.8673362,-0.6186063,0.27602506,-0.40030202,0.09415973,-0.44023168,-0.1529542,-0.7077028,0.90006995,0.1253388,-0.2337216,-0.11673729,-0.6055071,-0.23356265,0.20633519,-0.513186,-0.23975965,-0.43698686,1.7005383,-0.3908516,-0.6222681,-0.31730705,-0.41038838,-0.430221,1.1801276,-0.45003158,-0.049303778,-0.59748435
0.303836,0.3446982,-0.21352734,-0.25610247,-0.46853206,-0.5597536,-0.59782565,-0.6531812,-1.0551008,-1.2612522,0.10872678,0.12639603,-0.589987,-0.62080616,0.24438432,0.27109954,-0.7513592,-0.8879955,-0.45343232,-0.35021082,-1.0064939,-1.126723,-0.6170533,-0.7125567,-0.07241089,-0.08225536,-0.42254272,-0.42775053,-0.027619578,0.07497104,-0.75197285,-0.92678005,-0.5888145,-0.41510978,-0.54949534,-0.64259374,-0.5617538,-0.67546344,-0.930324,-1.071519,-0.5864843,-0.6166814,-0.253274,-0.42513213,-0.2583584,-0.3504946,-0.6471324,-0.71763504,-0.59063,-0.69994354,-0.94348156,-0.93567616,-0.22962812,-0.25828838,-0.3477172,-0.42582884,-0.5967967,-0.3925358,-0.7575803,-0.9298254
-0.4833842,-0.47750857,1.1227815,-0.46340308,-0.90739673,-0.5428829,-0.9008226,-0.08774147,0.7479518,0.98050606,-0.4608811,-0.38013834,0.51189876,0.42642766,-0.4481949,-0.43365037,-0.2847394,0.2620226,-0.96812665,0.10816048,1.5924809,0.57828724,0.5910944,0.43878037,1.3032923,-0.52756745,-0.24246012,0.44582704,0.1350661,0.24823457,-0.06016549,0.14249098,-1.4267613,-0.5189535,0.5119849,0.010809877,0.80965286,-0.29556096,0.9872029,0.6871312,0.36910135,1.1655608,-0.5220449,-0.04871528,0.22307017,-0.006678202,1.9869366,0.26757482,2.346713,0.325486,1.7503967,0.88394296,0.9691418,-0.4261404,-0.28448966,-0.5175178,-0.24469504,0.420933,0.7589551,0.27079678
-0.57811993,-0.21795098,0.81824654,-0.16475163,0.34099543,-0.18977757,-0.9395804,-0.4960129,-1.3832803,0.6406484,-0.52926254,-0.39522454,-0.81196654,-0.45994923,-0.5386378,-0.32078212,-1.398802,-0.6752813,-1.0321774,-0.5671656,-0.41816986,-0.40113604,1.6577361,-0.05834727,-1.2124178,-0.18688755,-0.975685,0.079304576,-1.1863099,-0.23697571,-0.8574923,-0.1936228,-0.33238938,-0.6300334,0.69077784,-0.08373172,0.43370923,-0.086362876,-0.97743815,-0.42290738,-0.29132253,1.0380408,-0.22944918,-0.10304993,-0.6977393,-0.12441668,-0.20033123,-0.46544614,-1.3082836,0.12444409,-0.38599995,0.0003712047,-0.05947044,-0.26605356,-0.82072514,-0.37055498,-1.0818369,-0.5785877,0.6856489,0.07081165
-0.08135849,0.036605768,1.3526499,-0.19862014,-0.6839624,-0.3834164,1.0755365,-0.49494976,0.90764475,-0.2058643,-0.17453384,-0.19205362,-0.6878515,-0.53695893,-0.0913239,-0.08904785,-0.04975958,-0.70196754,-0.7057279,-0.37794185,-0.9072861,-0.7490588,-0.5152599,-0.3559111,0.3075054,0.07494062,-0.66379094,-0.3364761,1.2786163,0.02437511,-0.9850555,-0.4276979,-0.561539,-0.41116378,-0.8648315,-0.43382955,-0.7896723,-0.4657359,0.7803774,-0.50077945,0.33012986,0.47320846,0.0046796617,0.06071414,0.005736128,0.053973168,0.5211341,-0.43128777,-0.21752028,-0.20492205,-0.04893234,-0.4723731,-0.63552004,-0.37293196,-0.32518378,-0.58227974,-0.80969447,-0.3086097,-0.23530835,-0.5602258
-0.34945577,-0.54835844,-0.8848886,-0.42153504,-0.8229606,-0.6763734,2.3103948,1.3985411,0.882319,-0.93240625,-0.35023615,-0.33794293,-0.74931425,-0.28890562,-0.3238915,-0.16187297,0.38105622,0.59884137,0.36021566,0.6099269,1.6475949,0.69640636,0.035992205,0.23689643,-0.09026912,-0.2170654,-0.82277834,-0.840896,-0.8614933,-0.17661402,-0.57758784,-0.34441727,1.0387124,-0.16577497,-0.25738767,-0.44727772,-0.93964905,-0.6666023,1.1004176,0.1596232,-1.1053458,0.2639701,-0.8029361,-0.4615487,-0.8578152,-0.033889126,-0.9142744,0.14634724,-1.1094818,0.10671804,-0.5162931,-0.5187449,0.47939572,-0.0075781606,0.8445982,-0.23233144,0.70049006,0.90652514,-0.50979555,-0.73555994
-0.36292076,-0.4330446,0.28537506,-0.2943366,-0.84584516,-0.57328534,-0.86115646,-0.3933498,0.9167901,0.8121788,-0.36092076,-0.44786972,-0.75264513,-0.5971106,-0.34149,-0.58180034,-0.68640953,-0.2044945,-0.8918756,-0.5115134,-1.4077563,-0.61161697,-1.0603925,0.60472375,-0.23511426,-0.21377948,-0.8372628,-0.45145243,1.312753,0.16520058,-1.1585513,-0.1096571,-1.3186537,-0.88991815,-1.1044428,-0.4862761,-0.9585683,-0.46213728,-0.7611954,0.029413952,0.96717966,1.2977022,-0.83435994,0.74898756,-0.8813004,0.71855783,-0.93046826,-0.3145647,0.46246564,0.26329377,0.9178708,-0.033162147,-0.9349946,-0.793732,0.52354145,-0.105741784,-0.95910597,-0.6692142,-0.93915856,-0.1626305
-0.3480131,0.21839567,-0.90254194,-0.13867125,0.36550385,0.07205262,-0.84773254,-0.41061062,0.89498186,-0.31158778,-0.36305767,-0.09711888,0.5567399,-0.41218567,-0.3319111,0.13983993,-1.226488,-0.44908792,-0.48121226,-0.3630152,0.5925296,-0.74813884,-0.15645438,-0.5950501,0.8910865,-0.11542699,0.8409938,-0.26806787,0.8938396,0.027590845,-0.5776751,-0.61259085,-0.8199489,-0.5947931,-1.0850903,-0.052408498,-0.9481316,-0.121105455,0.3752545,-0.5748685,0.61208093,0.12804867,1.8261253,-0.28707737,1.5519751,-0.24213187,2.0068412,-0.37332323,0.39720145,-0.27948517,-0.28615543,-0.54739326,-0.91802806,-0.11705871,-0.13852867,-0.5041131,-0.3723322,-0.38481322,-0.46104193,-0.14447781
0.28051272,0.24476123,-0.23724343,-0.37349245,-0.4807071,-0.22221449,-0.60640484,-0.5291892,-1.0631909,-0.43902224,0.091393985,0.020572508,-0.5953799,-0.5318534,0.22522645,0.18630986,-0.7683509,-0.7245493,-0.46853954,-0.342545,-1.0195792,-0.9112706,-0.631908,-0.6995172,-0.10216154,0.004755806,-0.43641227,-0.42714435,-0.05626824,0.07323661,-0.7658525,-0.48261854,-0.6130096,-0.6040026,-0.5676275,-0.2575153,-0.5748107,-0.34948558,-0.9368795,-0.65916693,-0.60452443,-0.11044809,-0.27240157,-0.19585638,-0.27950403,-0.23555203,-0.6657614,-0.413429,-0.6082123,-0.42366746,-0.9577116,-0.4843079,-0.25362223,-0.22357193,-0.37198284,-0.5168609,-0.6092476,-0.35000485,-0.7679615,-0.5111943
0.24757162,0.2978453,-0.2748682,-0.23114637,-0.49942055,-0.4220388,-0.62043434,-0.6465973,-1.0769091,-0.9619131,0.0714494,0.10608664,-0.60243815,-0.49221572,0.19626687,0.24611221,-0.7951968,-0.7283353,-0.4892703,-0.2915766,-1.0394992,-0.95005786,-0.65454763,-0.6371093,-0.14708383,-0.08986768,-0.4561576,-0.37174135,-0.100723065,-0.029391333,-0.78624123,-0.68223274,-0.65197545,-0.4886135,-0.5952906,-0.3951804,-0.59448487,-0.42467102,-0.9463271,-0.8663965,-0.6329029,-0.5198578,1.1681485,-0.213089,1.2343878,-0.22958432,-0.6941835,-0.55581635,-0.63632655,-0.61811346,-0.98138267,-0.80497265,-0.29016554,-0.27382204,-0.40998182,-0.29796317,-0.62607694,-0.39671108,-0.51871777,-0.5467847
0.21511142,0.27678996,-0.30696514,-0.1595735,-0.5164431,-0.2544418,-0.6311331,-0.50792855,-1.0881649,-0.6755215,0.04461918,0.0769677,-0.6123515,-0.34537512,0.16663902,0.23850758,-0.8158638,-0.6194336,-0.51157373,-0.17118569,0.023691854,-0.7305185,-0.67528075,-0.506093,-0.18584265,0.10085414,-0.4773377,-0.4067716,-0.1434985,-0.12378874,-0.22980976,-0.5081738,-0.68097323,-0.5341481,-0.62167513,-0.24332434,-0.61407024,-0.36871868,-0.9546564,-0.6521007,0.30782637,-0.18171254,-0.33055288,-0.28693932,-0.3415913,-0.24687365,-0.7190713,-0.5740878,-0.66322225,-0.3081092,-0.8746455,-0.35081258,-0.32409862,-0.24228683,-0.44364393,-0.24382333,-0.64502704,-0.34281945,-0.79898196,-0.49854708
0.27498248,0.2994948,-0.24758577,-0.1556942,-0.48600549,-0.39404127,-0.60943276,-0.67659396,-1.0660049,-1.0379744,0.091868855,0.13145137,-0.59633154,-0.53325623,0.218989,0.2945058,-0.77314484,-0.7380873,-0.47239974,-0.32894602,-1.0244862,-1.0251012,-0.63746864,-0.6773171,-0.1119994,-0.06622538,-0.44044334,-0.46656552,-0.0669374,-0.010529506,0.013704083,-0.8091372,-0.6231588,-0.5184509,-0.26508883,-0.5049929,-0.33872288,-0.5135332,-0.9386919,-0.92101634,-0.612018,-0.53219473,-0.27914748,-0.25282747,-0.2850829,-0.29882774,-0.672462,-0.6440264,0.030973516,-0.6396463,-0.9633671,-0.8669301,-0.26085058,-0.20859277,-0.38179237,-0.38701952,-0.6119841,-0.3962626,-0.60330147,-0.66519046
0.24540761,0.28828752,0.8892485,-0.11978563,-0.5008861,-0.24393424,-0.6199297,-0.5760722,-1.075502,-1.0206945,0.067887865,0.11877409,-0.60426223,-0.48095036,0.19537582,0.24730854,0.1051318,-0.6862338,-0.48979452,-0.3670812,-1.0406091,-0.8832148,-0.6551037,-0.58602244,-0.14388356,-0.041088976,-0.4595054,-0.37892914,-0.10329157,-0.045046125,-0.7867677,-0.74220026,-0.6498006,-0.4929289,1.2274553,-0.25238824,0.24763408,-0.26907074,-0.9459801,-0.7614119,-0.6338743,-0.45649508,1.2833222,-0.20356384,2.2696047,-0.28214058,-0.6935945,-0.5498567,-0.6381544,-0.5629988,-0.97923905,-0.7792,-0.29137027,-0.16045795,-0.41153067,-0.42307138,-0.6279241,-0.46048033,-0.26322502,-0.46866378
0.18746012,0.31092623,-0.34833455,-0.1881767,0.65919316,-0.38427645,-0.64536446,-0.5690324,0.87915325,-1.0416964,0.035121758,0.08563057,-0.6160789,-0.44486538,0.13946158,0.24884887,-0.84148455,-0.6762312,0.39783114,-0.3358571,-1.0772946,-0.8814572,-0.6968877,-0.6165391,-0.23230581,-0.13061021,-0.49407682,-0.35767975,-0.18518724,-0.067557976,-0.82457787,-0.71237326,-0.7270979,-0.42250058,-0.651721,-0.4283664,-0.06974683,-0.4000027,-0.7935998,-0.77787,-0.68986803,-0.40881157,-0.35907346,-0.26906508,0.43515894,-0.29184693,-0.74867165,-0.54998165,-0.68733263,-0.579258,-1.0243007,-0.8010696,0.089526206,-0.15201685,-0.48401785,-0.3894518,-0.6578885,-0.42851296,0.25268462,-0.5600405
0.30648088,0.32819,-0.21103092,-0.2612817,-0.46706656,-0.44740912,-0.5964126,-0.42275983,-1.0536938,-1.1238474,0.110626265,0.103624746,-0.5888767,-0.56751937,0.24750304,0.250803,-0.7490688,-0.5792557,-0.4513354,-0.45693526,-1.0046246,-0.96401143,-0.61514676,-0.59402615,-0.06849945,-0.11323956,-0.42028806,-0.4331191,-0.022877729,-0.01611723,-0.75024986,-0.7303084,-0.585371,-0.48479092,-0.54717076,-0.44306278,-0.56006616,-0.4882257,-0.9295142,-0.807525,-0.5839171,-0.4688254,-0.25062686,-0.23303579,-0.25511906,-0.28491852,-0.6447025,-0.6644276,-0.58827984,-0.59882027,-0.94124675,-0.74462473,-0.22641551,-0.2950874,-0.34420642,-0.33737397,-0.5947443,-0.5201041,-0.7559476,-0.62286943
0.2877261,0.32771447,-0.23385541,-0.2032562,-0.47867793,-0.42126822,-0.60388154,-0.57408226,-1.0610805,-1.0555037,0.09780475,0.10530604,-0.5937144,-0.38040873,0.2301273,0.21911871,-0.7630244,-0.6966284,0.41397643,-0.13727188,-1.0163078,-0.93261975,-0.6279361,-0.6588858,-0.09422013,0.008013282,-0.43203962,-0.46430334,-0.048661526,-0.024705952,-0.76211935,-0.70690805,0.13376486,-0.43638903,-0.56385,-0.4578532,-0.5720128,-0.48825046,-0.93502855,-0.87085724,-0.6005001,-0.6406184,-0.26761967,-0.2814427,-0.2729354,-0.2935531,-0.66082805,-0.6657336,-0.6048177,-0.57721215,-0.9541541,-0.7581402,-0.24699624,-0.21638,-0.36661342,-0.33311367,0.6618416,-0.36186242,-0.76509666,-0.6997294
0.30936626,0.3713482,-0.20675132,-0.19876449,-0.46526286,-0.52705514,-0.59530234,-0.59279454,-1.0522867,-1.3508213,0.111576006,0.14270723,-0.5886388,-0.68237823,0.24973069,0.3201396,-0.74661857,-0.7816731,-0.4494768,-0.39474285,-1.0026969,-1.1530108,-0.6130814,-0.68779296,-0.06399537,-0.056817293,-0.41892162,-0.40317544,-0.019321343,-0.031550605,-0.74828756,-0.80220276,-0.5815651,-0.44982374,-0.5443231,-0.5509969,-0.5582009,-0.5134809,-0.9286659,-0.9935357,-0.58141917,-0.6832083,-0.24772356,-0.31896263,-0.25223964,-0.30575037,-0.642199,-0.74601126,-0.5855816,-0.6576347,-0.9392399,-1.060921,-0.22320291,-0.20671858,-0.34090218,-0.35822403,-0.5937181,-0.5539247,-0.7546846,-0.74656904
0.26464328,0.36162648,-0.2534702,-0.21331939,-0.4896129,-0.5119782,-0.61235976,-0.7311002,-1.0695224,-1.3554152,0.07714785,0.12603503,-0.6013279,-0.59613556,0.20963283,0.31305942,-0.77943015,-0.89507085,1.7188493,-0.054395963,-0.71942383,-1.1534247,-0.64223486,-0.77861977,-0.1219558,-0.05094569,-0.4484371,-0.4704254,-0.07968112,0.019355657,-0.77513754,-0.9235461,-0.62859595,-0.4251047,-0.5805292,-0.6552019,-0.5847588,-0.66835797,-0.9413141,-1.1284465,-0.6186096,-0.7093937,-0.28777197,-0.27937067,-0.29534078,-0.347852,-0.6786471,-0.75367737,-0.622487,-0.7432566,-0.9675175,-1.0371684,-0.27139193,-0.29149306,0.6985849,-0.39893544,0.45718974,-0.2901548,-0.776248,-0.8935003
0.303836,0.3405958,-0.21263576,-0.18893357,-0.46841934,-0.50303054,-0.59752285,-0.68901885,-1.0543972,-1.1827449,0.10730217,0.10030099,-0.59030426,-0.6252998,0.24460708,0.2809553,-0.7505602,-0.8145889,-0.45338467,-0.23847489,-1.0062017,-1.0637382,-0.61689436,-0.6645915,-0.071225606,-0.04091289,-0.422816,-0.3793965,-0.027520789,0.021198723,-0.7517814,-0.85819787,-0.5875459,-0.387491,-0.5489723,-0.57483,-0.56162053,-0.54342324,-0.93016976,-0.99597555,-0.5862762,-0.61803776,-0.25284702,-0.23893817,-0.25763854,-0.28404197,-0.6469115,-0.6742507,-0.59036887,-0.6425766,-0.942843,-0.9678051,-0.22952773,-0.29350054,-0.34730417,-0.39589232,-0.59707034,-0.4302233,-0.75751865,-0.7331709
0.30527866,0.37754273,-0.21103092,-0.23359942,-0.46774295,-0.50030446,-0.5970182,-0.7510417,-1.0536938,-1.2902918,0.10825191,0.1196264,-0.5897491,-0.5857691,0.24527538,0.26946104,-0.7498678,-0.8941577,-0.45247918,-0.2485497,-1.0051503,-1.1424761,-0.6158617,-0.73565257,-0.06980326,-0.060933795,-0.42172286,-0.5042589,-0.025248654,0.03337612,-0.75082415,-0.85769016,-0.5866397,-0.48075497,-0.5481587,-0.61735106,-0.5606879,-0.6466279,-0.9300155,-1.0855459,-0.58530474,-0.6616224,-0.25173694,-0.26086006,-0.25646877,-0.29813612,-0.64610153,-0.7276789,-0.58862805,-0.6760451,-0.9421589,-1.0150682,-0.22731906,-0.31380665,-0.34606507,-0.3868162,-0.59611255,-0.37415287,-0.75674856,-0.8289689
-0.60072184,-0.26291728,-1.1532547,-0.21703994,-0.9643262,-0.674576,2.733899,1.5655721,-1.3857424,-0.7857388,-0.51335436,-0.05024993,0.47303906,-0.09253239,-0.54398423,-0.20295887,-0.397258,-0.028470837,0.29427463,0.33468866,1.6055162,0.3682369,0.33092391,0.59382087,-0.3742101,-0.36950365,-0.97937447,-1.0025296,-0.012038212,-0.6694905,1.6464216,-0.23872449,-1.542662,0.57932633,-0.51649696,-0.7206794,-0.47121528,-1.0065694,0.6441878,-0.016852232,-0.21347748,0.39304528,-1.0229888,-0.68812615,0.11550488,-0.7390055,-0.274947,0.08908208,0.79563314,0.35761204,0.7773996,-0.492643,0.11896999,-0.066283084,-0.7891674,-0.18407619,0.65963656,0.65908915,-1.1813009,-1.3573711
-0.83708024,-0.038937323,1.3710263,-0.2971001,1.3420095,-0.6911872,2.1412685,1.0317402,0.64489007,-0.72328186,-0.7061521,-0.052176572,0.24482091,-0.32715893,-0.7438052,-0.17732544,1.6935278,-0.058811504,0.07884769,-0.21827585,1.7909473,0.09820641,-0.34994146,0.275257,-1.485863,-0.25659624,-0.45271048,-0.8940865,0.27966708,-0.17394252,1.072505,-0.055996653,0.24912012,0.0063937996,-0.6160726,-0.27399826,-0.71866345,-0.8476622,1.5618938,-0.10706887,1.0365559,0.5304899,-1.2138377,-0.71285,-1.2976449,-0.4002522,1.4669075,-0.02070201,-1.4986424,0.24578968,-0.10774987,-0.6021943,0.010623706,-0.07108404,0.54885954,-0.036756556,0.41108382,0.13291998,-0.489435,-0.9721414
0.30792356,0.34644496,-0.20817785,-0.18816821,-0.46605197,-0.55055684,-0.595807,-0.6657818,-1.0526385,-1.295499,0.1108637,0.11974868,-0.58903533,-0.63961387,0.24861687,0.2773049,-0.7474708,-0.8223496,-0.45028695,-0.35967484,-1.0033978,-1.1828762,-0.6139552,-0.71753263,-0.06541771,-0.07843781,-0.41987813,-0.46795648,-0.021198325,-0.009088347,-0.7490533,-0.9519971,-0.58301497,-0.48268503,-0.54536915,-0.6630008,-0.55895585,-0.6168185,-0.92897433,-1.0738701,-0.58259875,-0.57247657,-0.24883364,-0.2853443,-0.2533194,-0.28792402,-0.64315623,-0.7115586,-0.5866261,-0.687922,-0.94001526,-1.015882,-0.22460842,-0.2697155,-0.34245104,-0.39157203,-0.5944707,-0.52244186,-0.7552699,-0.8753282
0.30479777,0.34664544,-0.21281408,-0.22723636,-0.4681939,-0.51905686,-0.5971191,-0.7244595,0.91925234,-1.2661436,0.10896422,0.1743547,-0.58951116,-0.5834618,0.24572091,0.2834334,-0.7500276,-0.86696196,-0.45243153,-0.31854847,-1.0056176,-1.1752701,-0.6163383,-0.71957946,-0.07004032,-0.033752088,-0.42151788,-0.5011653,-0.02554502,0.05037267,-0.7512549,-0.905516,-0.5871834,-0.5388328,-0.5485074,-0.6066326,-0.5610876,-0.641033,-0.93005407,-1.0658544,-0.5856517,-0.59734625,-0.25190774,-0.27125013,-0.25664875,-0.28341365,-0.64639604,-0.70699036,-0.58949846,-0.6758816,-0.9424782,-1.0088103,-0.22792143,-0.2796639,-0.34658137,-0.42056528,-0.59590733,-0.43690854,-0.75684094,-0.81654584
0.29373726,0.3240607,-0.22404802,-0.20891368,-0.47416866,-0.46598795,-0.60115635,-0.61311495,-1.0586182,-1.2270025,0.10041653,0.077825196,-0.59268343,-0.4609265,0.2359192,0.22791022,-0.75796413,-0.77372503,-0.45943707,-0.24894434,-1.0117514,-1.0310811,-0.6233288,-0.70702577,-0.0845008,-0.044162452,-0.42862347,-0.35997096,-0.03996814,0.0008177381,-0.7578597,-0.7983777,0.5714961,-0.47374144,-0.55681795,-0.4705983,-0.56761605,-0.50349116,-0.93290764,-0.9597065,-0.59425545,-0.6412476,-0.26130074,-0.2774191,-0.26699662,-0.36574128,-0.65479016,-0.6766406,-0.59881186,-0.6221085,-0.94941074,-0.9212852,-0.24037024,-0.18515874,-0.35824952,-0.413793,-0.6026801,-0.44764084,-0.7624166,-0.7194348
0.308164,0.3400068,-0.20817785,-0.16966462,-0.4658265,-0.4659403,-0.59570605,-0.5972601,-1.0526385,-1.247623,0.111101136,0.11007563,-0.5887181,-0.58555865,0.24883963,0.33616024,-0.7475241,-0.76818246,-0.450144,-0.2965034,-1.0033978,-1.1059922,-0.61387575,-0.6682383,-0.06553624,-0.06331803,-0.4194682,-0.3815901,-0.020506805,-0.022900164,-0.7490533,-0.79954904,-0.5828337,-0.39999682,-0.5452529,-0.5546907,-0.55882263,-0.5147712,-0.92897433,-0.96741694,-0.58225185,-0.6625082,-0.24866286,-0.32633334,-0.25322944,-0.31181607,-0.64308256,-0.7178833,-0.58653903,-0.62503684,-0.94001526,-0.95840436,-0.22450803,-0.20426598,-0.342038,-0.410219,-0.5941286,-0.4637321,-0.7551467,-0.75606024
0.29902706,0.319213,-0.21816356,-0.20398192,-0.47157583,-0.5999699,-0.5994405,-0.58861107,-1.056156,-1.2846861,0.1035032,0.078134865,-0.59149384,-0.5751265,0.24082007,0.2817499,-0.754129,-0.7605599,-0.4567683,-0.42194578,-0.80654675,-1.1848162,-0.619913,-0.7354195,-0.07774467,-0.12310457,-0.4254123,-0.46122268,-0.033744466,-0.027730212,-0.7548445,-0.9272515,-0.5932548,-0.4536069,-0.5536797,-0.69830143,-0.56477374,-0.6758091,-0.93155795,-0.9903104,-0.5906474,-0.52751595,-0.25737274,-0.35854012,-0.26231757,-0.3054827,-0.6510349,-0.66787666,-0.59419864,-0.61545366,-0.9459901,-0.95067,-0.23424622,-0.23458152,-0.0021624651,-0.4093488,-0.59966993,-0.55029845,-0.7597674,-0.9163353
0.21198562,0.34299713,-0.315346,-0.2474017,-0.5191486,-0.5312986,-0.632748,-0.7333641,-1.0920341,-1.2319796,0.046993535,0.09415234,-0.6122722,-0.5403963,0.16129263,0.254922,-0.82135016,-0.86820227,-0.51495737,-0.16264674,-0.7485015,-1.0890392,-0.6782199,-0.7072273,-0.1968658,0.09394306,-0.48075384,-0.53108597,-0.14952458,-0.036406882,-0.8089752,-0.7797837,-0.68994445,-0.45557985,-0.62568516,-0.5931423,-0.6162908,-0.73625505,-0.6024469,-0.8505759,-0.6626691,-0.5563394,-0.33542016,-0.42969596,-0.34780002,-0.4086745,-0.72400475,-0.70709044,-0.6675743,-0.60662544,-1.004324,-0.90343153,-0.33022264,-0.31174505,-0.45056224,-0.42829835,-0.64694256,-0.29824707,-0.8017236,-0.92877984
0.2521401,0.3185511,-0.26541743,-0.23599611,-0.49592587,-0.43876848,-0.6166999,-0.74749404,-1.0726881,-1.374702,0.07287401,0.15142663,-0.60259676,-0.46027216,0.20205879,0.32486853,-0.78752655,-0.822596,1.0809461,0.037000157,-0.7232188,-1.04276,-0.64994025,-0.7164569,-0.13463834,-0.041070707,-0.14791839,-0.47690868,0.315809,0.04835094,-0.78212523,-0.81343645,-0.64119184,-0.33503947,-0.5894209,-0.61670154,-0.59084314,-0.63556916,-0.94385916,-1.0500638,-0.627144,-0.695924,-0.29537177,-0.28720915,-0.30406898,-0.34447244,-0.68689394,-0.72715324,-0.6306689,-0.6764556,-0.13036369,-0.9324435,-0.28363994,-0.2617181,-0.40141138,-0.3703387,1.5556682,-0.24053833,-0.78108436,-0.82940423
0.27979138,0.35046166,-0.23724343,-0.24013968,-0.48205987,-0.46284056,-0.60660666,-0.7410084,-1.0631909,-1.2427725,0.08973194,0.17035545,-0.59625226,-0.58123153,0.22455814,0.300123,-0.767765,-0.81873494,-0.4681583,-0.17172407,-1.0198712,-1.1103246,-0.6327024,-0.7161248,-0.10085773,-0.10444732,-0.43730047,-0.5401248,-0.057453703,-0.073981404,-0.766379,-0.83033067,-0.612919,-0.479706,-0.56826675,-0.53950536,-0.5760098,-0.5807222,-0.9369952,-0.99755746,-0.6057733,-0.637347,-0.27317008,-0.275716,-0.2792341,-0.28294295,-0.6662032,-0.69076633,-0.6100401,-0.6402681,-0.9578028,-0.96280015,-0.25442538,-0.33054614,-0.37373823,-0.36180305,-0.60986334,-0.4206539,-0.76885486,-0.7932351
0.2672882,0.31550962,-0.25382686,-0.26672894,-0.48916197,-0.47112185,-0.61155236,-0.7575812,-1.0688189,-1.0770711,0.08403348,0.1432489,-0.5987108,-0.39166075,0.2125288,0.29145676,-0.7774593,-0.7931383,-0.4772131,-0.15125708,-1.0284585,-1.0563822,-0.64072555,-0.6582226,-0.119703755,-0.04334353,-0.44420108,-0.529346,-0.07513685,-0.100433595,-0.77384526,-0.70858294,-0.62805223,-0.482335,-0.5798899,-0.55950254,-0.5838262,-0.5518339,-0.94035006,-0.9327516,-0.6165974,-0.67232555,-0.28495404,-0.28498888,-0.29165155,-0.24956737,-0.67739534,-0.71741045,-0.6215296,-0.62081677,-0.9661493,-0.79229295,-0.2684805,-0.31516168,0.6997032,-0.28963354,-0.61615723,-0.39981395,-0.5265476,-0.74709946
0.23747289,0.34399328,0.5087088,-0.28239918,-0.50392985,-0.41443065,-0.6222511,-0.7416627,-1.0772609,-1.1948863,0.06171454,0.16581757,-0.6063242,-0.51882434,0.18802454,0.35890868,-0.7979666,-0.7805319,-0.4951321,-0.18634495,-1.0447567,-1.1274688,-0.65979046,-0.69836134,-0.15218055,-0.02629329,0.8886709,-0.5161599,-0.11198495,-0.05399369,-0.21421258,-0.7940164,-0.6552377,-0.4863794,-0.6008697,-0.52034444,-0.5992813,-0.56478953,-0.2895329,-1.0074173,0.24111839,-0.6588979,-0.308522,-0.21321376,-0.31711632,-0.2594571,-0.69867516,-0.6662721,-0.6432028,-0.66266,-0.98288774,-1.0390333,-0.29819703,-0.33934394,-0.4174164,-0.31686383,-0.6320972,-0.44870386,-0.787461,-0.7533301
0.053531706,-0.08636212,-0.49277082,0.011151225,-0.61294144,-0.3539189,-0.6946191,0.4060691,-1.1490171,-0.3001758,-0.05795298,-0.06023961,-0.64796025,0.039186828,0.97335315,-0.04664685,-0.9401323,0.09894762,-0.615847,-0.24785364,-1.1572083,-0.27053317,-0.7843481,-0.6426048,-0.40026066,-0.21757148,-0.57531273,-0.582304,-0.35460952,0.12681095,-0.34089836,0.058350015,0.79484075,0.26679823,-0.75970006,-0.5381699,-0.71261877,-0.57326955,0.025079662,0.2087868,0.8049589,-0.28126177,0.7787171,-0.14455341,0.74555665,-0.19458659,0.5360359,-0.28410855,-0.3318962,-0.2054416,-1.106397,-0.54383916,0.14906731,-0.3151854,-0.6288889,-0.40918022,-0.72910523,-0.27725518,-0.8767026,-0.7235934
-0.301607,0.3068691,-0.873833,-0.282524,-0.81540763,-0.45478535,1.0640455,-0.7369506,0.77398103,-1.1662846,-0.31153417,0.1357033,-0.73876643,-0.45646557,-0.29359534,0.30708167,-0.17982516,-0.7993901,-0.37062195,-0.22647278,0.0076827025,-1.1627439,0.48908696,-0.74744606,-0.3245132,-0.09999813,-0.8008467,-0.504851,-0.83136284,-0.041649077,0.85406595,-0.81271595,-0.049478106,-0.48858964,-0.31441942,-0.4977955,-0.92805773,-0.55591226,0.35105145,-0.9638008,-1.0965339,-0.6306741,-0.7873095,-0.33129275,1.0393736,-0.2974573,0.56070316,-0.6910015,0.17716607,-0.605431,-1.1792444,-0.91339624,-0.8851993,-0.22152965,-0.1515187,-0.42114192,-0.23087057,-0.411933,-1.0481931,-0.7692455
0.16004929,0.21439418,-0.37008914,-0.31701118,0.67196745,-0.40720898,-0.6521269,-0.52508706,0.89427835,-1.042604,0.0052048774,0.18474269,0.7262508,0.124368966,0.114957325,0.34219375,-0.8577838,-0.81378424,0.56325626,1.424204,-0.7722439,-0.6134175,-0.71333116,-0.72070014,0.39707556,-0.019882198,0.5288249,-0.6308124,-0.214725,0.42462167,-0.8405634,-0.78377867,0.42244014,0.029067071,-0.6678772,-0.5839835,-0.6471122,-0.71904653,-0.9708909,-0.988101,-0.7056879,-0.7478895,-0.37939653,-0.30738765,-0.39486033,-0.32335263,-0.76553345,-0.7673075,-0.70752615,-0.5750751,1.0047728,-0.71824306,-0.38373253,-0.29309618,-0.5065281,-0.29660386,1.098561,0.87117976,-0.4811642,-0.8050715
0.21583275,0.3056409,1.6088893,-0.18109009,-0.5176831,-0.4506695,-0.6309312,-0.64653885,-1.0849992,-1.0977602,0.044381745,0.07813305,-0.611955,-0.37921712,0.16842115,0.26114887,-0.25164187,-0.8177034,4.0200143,-0.047550008,-0.74086046,-0.9904749,-0.67337424,-0.6953818,-0.18133856,0.015173145,-0.47638118,-0.40304133,0.27155426,0.14297387,-0.8044284,-0.7613188,0.4837372,-0.37114385,-0.43627828,-0.52407706,-0.106645115,-0.589062,-0.95392376,-0.9913306,-0.6589223,-0.65174586,-0.32764956,-0.2913726,-0.3371822,-0.32759774,-0.7178196,-0.7136364,0.30664518,-0.55429316,-0.8754441,-0.8081915,-0.3212876,-0.34738263,-0.44467652,-0.38816193,3.0905035,-0.23738712,-0.7986123,-0.7170667
1.2997423,0.32656676,-0.21531051,-0.24515498,-0.46988484,-0.5488404,-0.59853214,-0.67013997,-1.054749,-1.2201343,0.10516525,0.09903123,-0.5907801,-0.50783116,0.24260218,0.24737461,-0.75263757,-0.83154213,-0.45514795,-0.29291838,-0.805305,-1.0725784,-0.6183242,-0.6253711,-0.074307345,-0.02681995,-0.42384085,-0.47736698,-0.030879598,0.023109525,-0.7532651,-0.7930899,-0.5907175,-0.48091564,-0.55164564,-0.48733675,-0.5632638,-0.5546188,-0.9310181,-1.0305787,-0.58842707,-0.66805893,-0.2549818,-0.29545245,-0.25979808,-0.27990273,-0.64897317,-0.66439503,-0.5917615,-0.56739235,-0.9442569,-0.9185076,-0.23123442,-0.2990037,-6.9086156e-05,-0.3643772,-0.5981649,-0.4519886,-0.7583504,-0.74870694
0.30672133,0.28911087,-0.21156587,-0.27472007,-0.46706656,-0.5464448,-0.5967154,-0.54373807,0.91925234,-1.2027066,0.110626265,0.105451666,-0.588956,-0.49690187,0.24705751,0.20099309,-0.7493884,-0.7496944,-0.45162135,-0.37979063,-1.0047998,-1.1159377,-0.6152262,-0.59311,-0.06932915,-0.02189324,-0.42056134,-0.4134617,-0.023668038,0.014213363,-0.26749083,-0.8132329,-0.5856429,-0.42004532,-0.5473451,-0.40650842,-0.560155,-0.55499935,-0.9296685,-0.93173796,-0.5841946,-0.5821549,-0.25079763,-0.303137,-0.255389,-0.28243852,-0.6450707,-0.5862772,-0.5883669,-0.45132798,-0.9415204,-0.8497312,-0.2265159,-0.3028219,-0.3445162,-0.38257656,-0.5948811,-0.4941244,-0.75604004,-0.7514193
0.28435987,0.33516502,-0.23831332,-0.21903798,-0.48048162,-0.48948586,-0.6056983,-0.7452101,-1.0631909,-1.0485777,0.09590526,0.13205269,-0.5942696,-0.47194198,0.22478092,0.30749124,0.26649576,-0.8325802,-0.46753874,-0.27845266,-1.0188782,-1.1051707,-0.63087535,-0.6869468,-0.10216154,-0.053827457,-0.43490916,-0.5011618,-0.05439126,-0.08534572,-0.76460814,-0.6843442,-0.6128284,-0.52625185,-0.5679762,-0.5433044,-0.57387805,-0.61338514,0.50850123,-0.97752416,-0.60480195,-0.5930515,-0.2729139,-0.2603253,-0.2782443,-0.22789825,-0.66546685,-0.73200125,-0.6067326,-0.5792112,-0.9575747,-0.90089095,-0.25010845,-0.3329165,-0.37177634,-0.22933373,-0.6074005,-0.51067317,-0.7671606,-0.7975982
-0.662276,-0.49718744,2.6996717,0.18604323,0.2871436,-0.565922,1.6056226,0.92357606,0.9027203,0.42360783,-0.5660651,-0.5861708,-0.82870024,-0.668653,-0.6016806,-0.7513137,-0.44010457,0.30029607,-0.59999883,-1.006454,1.0977747,0.19946373,-1.2539016,-0.51833665,-0.5205915,0.5055416,-0.22284754,-0.90790826,-0.110572815,-0.48846692,0.9950435,0.9464127,1.638123,1.35823,-1.3481221,-0.6476374,-0.6378352,-0.97135735,0.8577495,1.1290636,-0.53418094,0.82266265,1.5090078,1.0792267,0.3549684,1.3089751,-0.22341847,0.74300975,-0.20688628,0.18121502,-1.358578,-0.9589298,-1.2557526,-0.040850878,0.27112296,-0.3275461,-0.42507425,-0.9490485,-0.64476085,-1.0581151
0.2427627,0.32419634,-0.2771863,-0.21339905,-0.5024643,-0.5029444,-0.62114084,-0.6605322,0.905886,-1.2476022,0.06598838,0.07176014,-0.6045001,-0.5569456,0.19002944,0.25299495,-0.7965817,-0.8582975,0.25495437,-0.051609766,-0.7295732,-1.055443,-0.65732795,-0.6674097,-0.15016557,-0.014435325,-0.4597104,-0.49552995,-0.106255226,0.08437447,-0.7887779,-0.82715404,0.51240236,-0.32781765,-0.5997655,-0.6750186,-0.5976825,-0.6930152,-0.9474068,-0.98788136,-0.63602525,-0.63363576,-0.30519173,-0.318432,-0.31450686,-0.32532173,0.22855072,-0.69377154,-0.63954705,-0.63141286,-0.3958232,-0.9497907,-0.2938801,-0.31663325,-0.4149382,-0.3968147,0.45184407,-0.21355975,-0.78629035,-0.8929669
0.29517993,0.29942292,-0.22262149,-0.17259663,-0.4729286,-0.44555137,-0.60075265,-0.58431244,-1.0582665,-1.133454,0.10326576,0.08903857,-0.59181106,-0.5796128,0.23725581,0.24026103,-0.7570586,-0.7621819,-0.45872223,-0.21431366,-1.0115176,-0.92122287,-0.622455,-0.6161474,-0.08260434,-0.07778709,-0.42759863,-0.3390657,-0.03739964,0.002558337,-0.75699824,-0.7906694,-0.5966983,-0.3777771,-0.5557138,-0.4349096,-0.56632817,-0.42976177,-0.9325991,-0.8943468,-0.59279835,-0.5879061,-0.26053223,-0.377623,-0.26591682,-0.34100813,-0.6536857,-0.6170142,-0.5978544,-0.611254,-0.6052167,-0.86832,-0.23856317,-0.17762949,-0.3560811,-0.31639743,-0.6009698,-0.40083745,-0.761246,-0.61591846
0.28435987,0.30528688,0.5497646,-0.14393412,-0.47879067,-0.40156364,0.15655163,-0.6834804,-1.0607287,-1.1476797,0.09115655,0.11190055,-0.5956178,-0.5698162,0.22678581,0.29699823,-0.76472884,-0.7785697,-0.46720517,-0.18014722,-0.3667337,-1.0612313,-0.62960434,-0.66728634,-0.0965907,-0.04258439,-0.43545574,-0.36775374,-0.052020337,-0.012030926,-0.7635073,-0.76199377,-0.6074819,-0.44203734,-0.56483793,-0.52176243,-0.572901,-0.48095915,-0.9360697,-0.9326327,-0.6019572,-0.6337166,-0.2702668,-0.34804785,-0.2768046,-0.32548878,-0.6631106,-0.667249,-0.60525286,-0.6325344,-0.9542909,-0.94468296,-0.24900411,-0.19433366,-0.015293182,-0.34514043,-0.60835826,-0.42436373,-0.76629806,-0.699005
0.25334233,0.28366804,-0.27094522,-0.17721792,-0.4977296,-0.40696535,-0.6181129,-0.70065516,-1.0737433,-1.0454931,0.071211964,0.119372115,-0.60227954,-0.5405649,0.19804901,0.26968443,-0.7896571,-0.7613199,-0.4876023,-0.2048037,-1.0371625,-1.0455028,-0.6508935,-0.62629586,-0.14092036,-0.107252896,-0.45465448,-0.41832548,-0.095487274,-0.010305121,-0.78332174,-0.7481337,-0.64608526,-0.44408998,-0.5943607,-0.48539114,-0.5928861,-0.5118298,-0.24817489,-0.9135225,-0.6308907,-0.52757734,-0.2987874,-0.30070457,-0.3064985,-0.26879492,-0.6916064,-0.6196812,-0.6318004,-0.5360409,-0.10323018,-0.8741917,-0.28203365,-0.28377217,-0.40595475,-0.29044116,-0.62443507,-0.41442835,-0.7815772,-0.7141049
0.27594426,0.19703251,-0.23866996,-0.3968292,-0.4835254,-0.6533065,-0.607616,-0.76784915,-1.0628392,-0.7513603,0.08308374,0.0022845897,-0.5983142,-0.62165534,0.2203256,0.21121344,-0.7700021,-0.7646003,-0.4717802,-0.31672287,-1.0219742,-0.98848814,-0.31382442,-0.8922527,-0.10370241,-0.40722212,-0.44044334,-0.7636521,0.13274038,-0.2958877,-0.76829344,-0.5643193,-0.61436886,-0.59743714,-0.5706495,-0.966929,-0.5779195,-1.0614622,-0.23847854,-1.0305353,-0.60799366,-0.8704808,-0.27573183,-0.56324667,-0.28247344,-0.5092916,-0.6684858,-0.74124783,-0.6114328,-0.46085188,-0.958943,-0.63137335,-0.25813994,-0.5969079,0.025978576,-0.518276,-0.61328393,-0.5795737,-0.7704567,-1.3627912
-0.8421296,-0.36300567,0.7975511,-0.2576898,-1.1141467,-0.8427658,-1.0365758,-0.020002944,0.8506618,-0.059532356,-0.70235306,-0.4640601,-0.8754912,-0.65810484,-0.7676412,-0.44666782,-0.643561,-0.058503725,-1.2002157,-0.60133374,-0.69047445,-0.49201554,0.340263,-0.68652743,-1.5339856,0.4239646,-1.135424,-0.8150984,-1.5285133,0.043916374,0.03287614,0.47884136,-0.42994228,0.50850296,-1.4960849,-0.8272528,-1.244621,-1.0284426,1.8594363,0.47105345,-0.27623057,0.5199018,2.1107333,0.8662295,2.213345,1.144444,1.334399,0.09791712,0.8243945,-0.341743,-0.9361274,-0.7740187,-0.47198296,-0.54780424,-0.5423594,-0.5966013,-1.224544,-0.7038562,-1.2960181,-1.2133465
0.26127705,0.30714825,-0.26024625,-0.16863136,-0.49231845,-0.4661049,-0.6138738,-0.6863349,-1.0716329,-1.1799825,0.0788099,0.10978682,-0.60013825,-0.516929,0.20740518,0.2371559,-0.7830522,-0.80414414,-0.48169285,-0.2167597,-1.032606,-1.0087092,-0.64533293,-0.6561834,-0.12977867,0.0072587766,-0.44857374,-0.39436448,-0.08244719,0.03274394,-0.77815276,-0.75679284,-0.63521105,-0.404262,-0.5834931,-0.5243986,-0.587157,-0.5985205,-0.9425095,-0.8959536,-0.6208993,-0.5735453,-0.28939438,-0.37896875,-0.29840016,-0.3807969,-0.68284416,-0.62142736,-0.62631685,-0.60847044,-0.971075,-0.8861705,-0.2761104,-0.2403227,-0.39438984,-0.35364679,-0.61998826,-0.30946824,-0.7780963,-0.7863335
-0.7808159,-0.6345249,-1.4000447,-0.04189407,-1.0879929,-0.03729769,0.8502614,0.95520484,0.61182594,0.5017921,-0.6410947,-0.332746,-0.855268,-0.13468336,-0.71573675,-0.40987882,0.36100546,0.93936396,-0.012451836,-0.47535,-0.3670335,0.11387721,0.35671514,-0.62784237,0.5295342,0.27184996,-1.095865,-0.4056154,-0.9577496,0.0031889551,0.85593206,1.117408,1.4294157,1.6889255,-1.2516835,-0.67923087,-1.0512236,-0.9584483,1.5295906,1.342626,1.5193902,-0.13933119,1.151976,0.38205576,-1.2741597,0.6202392,2.8396335,0.3830336,0.33855376,-0.19879875,-1.4416258,-0.9929308,-0.43479425,-0.39205316,2.2271812,-0.9948354,2.1087506,-0.58694696,-1.1365333,-0.66324294
0.256949,0.28918335,-0.25632328,-0.2336896,-0.49378398,-0.4774316,-0.6142775,-0.63732713,-1.0695224,-1.3452545,0.0714494,0.14669019,-0.60275537,-0.3788537,0.20495474,0.23841839,-0.7821467,-0.8705707,0.26284602,0.4758394,-0.7224237,-0.85398185,-0.6470011,-0.74994683,2.1295264,-0.0054361895,-0.45151162,-0.46701112,-0.08689268,0.26869857,-0.7790142,-0.8325156,0.5377973,-0.21503714,-0.45582655,-0.5887662,-0.48562336,-0.6284736,-0.9422396,-1.05618,-0.6222176,-0.7403817,-0.29076064,-0.31875145,-0.2985801,-0.39855063,-0.682476,-0.6833296,0.6552767,-0.6340923,-0.9695243,-0.9005402,-0.27751592,-0.29466555,-0.39604196,-0.4574602,0.454101,0.10367126,-0.77905124,-0.8021573
-0.23836973,0.24925995,0.4295218,-0.27871412,-0.7655802,-0.37826174,1.0787648,-0.49270976,0.8882987,-1.2032474,-0.27069524,0.0068001268,1.6692557,-0.14259757,-0.23099813,0.17225985,1.1848384,-0.76484483,2.946756,1.0133587,1.5226269,-0.521842,0.107094415,-0.66819096,-0.7614169,0.12827235,1.4867032,-0.23896688,2.5197997,0.567023,-0.31618822,-0.7368331,-0.40539607,0.04871332,-0.19742344,-0.22136809,-0.7351576,-0.3926521,0.8155604,-0.8265406,-1.0257611,-0.7365752,-0.7198506,-0.5091475,-0.76171494,-0.4259673,0.09216575,-0.4479532,-0.36340395,-0.5141665,-0.29047224,-0.83244574,-0.79896104,-0.17529266,0.31407306,-0.23136319,4.447509,0.40089062,-0.58002996,-0.42246827
0.21751587,0.22313559,-0.3064302,-0.11816845,-0.5165558,-0.19371872,-0.6304266,-0.4484239,-1.0878131,-0.9037461,0.04580636,0.100212865,-0.611955,-0.0026499152,0.16775285,0.22301492,0.7688181,-0.80552554,1.1462512,1.2037777,-1.0583092,-0.17081386,-0.6747247,-0.5592548,-0.18489441,-0.054550096,-0.47836253,-0.11596751,-0.14043604,0.65607166,-0.8046677,-0.6080725,-0.6801577,0.20339231,-0.61958295,-0.047403038,-0.6129155,-0.10393289,-0.19104056,-0.84141576,-0.6569102,-0.6819627,-0.32893044,-0.39600644,-0.33988163,-0.37185565,-0.71752506,-0.34560913,-0.6618296,-0.536492,-0.9978019,-0.5500353,-0.32188997,-0.01760924,-0.4432309,-0.30028626,-0.07637588,0.5185484,-0.79870474,-0.10628383
0.2494952,0.27049,-0.27272838,-0.22726977,0.7046048,-0.34718072,-0.6181129,-0.56441575,-1.0765573,-0.9381516,0.07002478,0.053221937,-0.6031519,-0.4688665,0.19470751,0.21842393,-0.7920541,-0.6711897,-0.49065235,-0.22399704,-1.0391487,-0.8356469,-0.6534355,-0.5717924,0.7005897,-0.05186972,-0.45608926,-0.27681255,-0.098846085,-0.0015402756,-0.78581053,-0.61271816,-0.64816946,-0.36840504,-0.5948257,-0.3498532,-0.59408516,-0.36858353,-0.24860993,-0.72872424,-0.63165396,-0.5724362,-0.30211765,-0.32914388,-0.31126752,-0.31392425,-0.69285816,-0.47787264,-0.63554317,-0.49530637,-0.97828126,-0.8060125,-0.2879569,-0.25272045,-0.40822643,-0.32833043,-0.6266242,-0.46290854,-0.44395253,-0.6004704
0.24180092,0.18614294,-0.27879116,-0.17903243,-0.50359166,-0.17908616,-0.6217464,-0.50895286,-1.0765573,-0.97140986,0.06290172,0.15532145,-0.60561043,0.15996343,0.19158879,0.46107113,-0.796049,-0.8010761,-0.49260628,1.6147969,-1.0435299,-0.53026366,-0.65820175,-0.8018644,-0.14909881,-0.07745257,-0.46251163,-0.4803874,-0.110305555,0.4533718,-0.7896872,-0.7974996,-0.65550953,0.07926354,-0.5999398,-0.30922255,-0.5983486,-0.4504797,-0.94705975,-0.9101142,-0.6385231,-0.8928058,-0.3063018,-0.57369906,-0.31414694,-0.48628658,-0.6969816,-0.54738784,-0.6408527,-0.6883158,-0.98179317,-0.6661566,-0.29608878,0.04151568,-0.41659033,-0.2631651,-0.63113946,0.965322,-0.786506,-0.59265614
0.18409388,0.1427634,-0.34084526,-0.14935988,-0.53673476,0.12666214,-0.64284116,-0.44284582,-1.0973103,-0.6016992,0.02111306,0.17609529,-0.61980635,0.3597062,0.14012988,0.2851509,-0.26493815,-0.65612906,-0.53139895,2.0040936,0.8570885,0.032961175,-0.6956961,-0.62584347,0.2515784,-0.14878714,-0.4961265,-0.19751996,-0.18508844,0.9179334,-0.8252479,-0.5316675,-0.71531755,0.39031464,-0.6473042,0.32335547,-0.08936062,0.12854883,-0.9625616,-0.76879966,-0.6849417,-0.798631,-0.35514548,-0.56251276,-0.36777592,-0.39147225,-0.5327847,-0.39226872,-0.6888123,-0.596994,-0.8907969,-0.30895638,-0.35773054,0.4081246,-0.47885492,-0.2164503,-0.66281414,1.0940548,-0.5646507,0.22554627
0.14802699,0.28709757,3.4400637,-0.12864915,-0.5573647,-0.2962721,-0.6585865,-0.56889546,-1.114546,-1.106884,-0.003105367,0.07486969,-0.6275784,-0.44933164,1.0237902,0.23481567,-0.8687565,-0.6958893,-0.5577532,-0.23176411,-1.10107,-0.8942512,-0.3897146,-0.5930757,1.9812188,-0.032957137,-0.5199712,-0.401423,0.83819103,-0.03471495,-0.8492741,-0.7003139,0.9112227,-0.46477517,1.1826268,-0.24986234,1.9111717,-0.33816627,-0.28359538,-0.76923203,-0.7185935,-0.49998364,-0.39160746,-0.3287375,-0.40763772,-0.27803403,0.4991407,-0.6069117,-0.7204082,-0.5542238,-1.0451441,-0.81479937,0.71722114,-0.21731046,0.20441452,-0.3577886,-0.6823799,-0.37657085,0.27244836,-0.50753677
0.23675156,0.21814069,-0.2816442,-0.17696144,-0.50607175,-0.33701408,-0.62376505,-0.42714763,-1.079723,-1.1770185,0.056253523,0.27567264,-0.6079896,-0.060100157,0.18557411,0.3244192,-0.80036354,-0.8023995,1.5248151,1.4138812,-0.7325256,-0.4777222,-0.6613792,-0.63548166,-0.15715875,-0.07205227,-0.4647663,-0.5661949,-0.11643044,0.3018567,-0.79265463,-0.8607406,0.5163686,0.03120896,-0.6041242,-0.47098374,-0.60234565,-0.6384092,-0.9493735,-1.1055093,-0.6415067,-0.7287316,-0.31133988,-0.4545899,-0.32098553,-0.4177103,-0.70162046,-0.62684125,-0.6453788,-0.65173924,-0.11153443,-0.51341707,-0.3007069,-0.3242874,-0.42113367,-0.2813119,-0.06715201,0.8243051,-0.78967893,-0.7432832
-0.7870675,-0.46764278,-1.406999,0.5740473,0.32721353,-0.36899695,1.0470585,0.6513513,0.9150314,0.8258739,-0.64133215,-0.0029253918,0.55103934,0.29048222,-0.7201921,-0.49026772,1.7540224,0.48696786,0.14085582,0.61032045,1.712842,0.35305732,1.6242782,-0.24103798,-0.96160513,0.52304,0.13467656,-0.58297765,-1.4700304,-0.6722092,3.3197541,0.47081727,2.3697658,0.9906811,-0.7193569,-0.9048913,-1.2181964,-0.69307077,0.60695404,1.146114,-0.59258664,-0.1425267,0.19660608,0.08940851,2.729239,0.58528,3.8133478,0.9257409,-0.23766255,0.05354338,1.618044,1.5634276,-0.11052479,-0.20055816,0.5117335,-0.68311936,-0.5002618,-0.20832445,-1.2755637,-0.7772198
2.3404484,0.35862902,0.6512365,-0.09098415,-0.66389614,0.10870581,1.09733,-0.6435552,-1.1831365,-0.51847845,-0.13203287,0.075648785,-0.67627275,-0.5098854,-0.063478164,0.19137378,0.52455306,-0.52689993,-0.6794689,-0.3202565,-0.51720864,-0.79361856,-0.8470241,-0.5198297,-0.5184336,-0.18381417,-0.6402195,-0.10575891,-0.48461518,-0.21844973,1.4794238,-0.48344386,-0.9629772,-0.44495615,-0.83600605,0.112900265,-0.7684437,0.08910393,1.5128828,-0.5832626,0.4259987,-0.25264975,0.8880899,-0.18061487,0.9358471,-0.10168216,0.9044635,-0.31928632,-0.8753413,-0.30044886,-1.1637731,-0.6258329,-0.60048264,-0.014930974,-0.73338604,-0.26760414,-0.7871185,-0.5380245,-0.9225094,-0.03158997
0.026120864,-0.1714719,-0.5173785,0.099047,0.57469994,-0.2949537,-0.7059235,0.80651546,0.8524205,0.10783993,-0.08525807,-0.13992375,-0.65739775,-0.45529175,-0.0017720073,-0.2961076,0.2853256,0.3971242,-0.63448083,-0.14228304,-0.4784419,-0.06305206,0.030441776,-0.46269622,1.6213956,0.18752341,0.06812495,-0.5811826,0.86048746,-0.6175675,-0.41279042,0.5021728,-0.45927164,0.5563405,2.9612412,-0.11399536,0.80554277,-0.39412788,1.5060483,0.5184415,-0.8180917,-0.22015305,-0.4968946,-0.42689165,-0.5191248,0.053042553,0.61233795,0.40216625,1.0665952,-0.22202851,-0.65166247,-0.5430587,-0.5272956,-0.11853115,-0.22461578,-0.44717017,-0.7466187,-0.35191214,1.2994044,-0.47832063
0.28315762,0.38552502,0.54425144,-0.15997031,-0.47991797,-0.46723008,-0.6051936,-0.784075,-1.0607287,-0.9194015,0.09163142,-0.0050342088,-0.5956178,-0.5219604,0.22634028,0.3635763,-0.76568764,-0.7443269,-0.46720517,-0.049829762,-1.0182356,-0.8751188,-0.6301604,-0.6897345,-0.096472174,-0.11796227,-0.43579736,-0.17601724,-0.05458884,0.0792392,-0.7641295,-0.7028921,-0.6096567,-0.27002326,-0.5662908,-0.3867891,-0.5740557,-0.34334907,-0.9357612,-0.8985353,-0.60362244,-0.6250634,0.008456176,-0.39202464,0.0144911865,-0.31309026,-0.66384697,-0.61354136,-0.6063844,-0.5945683,-0.95552236,-0.7053585,-0.25040963,-0.19922382,-0.3701242,-0.2579196,0.04899804,-0.40093946,-0.7669141,-0.48963988
-0.7209448,-0.6385913,0.7333158,-0.21989429,-1.0481987,0.15488231,-0.20109908,0.88640773,0.89955455,1.0854092,-0.6168763,-0.073984355,0.42713454,1.0390308,-0.6624957,-0.63181764,0.92943037,0.5498165,0.8784552,1.2680578,1.3898044,0.68567467,0.04016495,-0.28792888,0.7895883,-0.0920537,-1.0637532,-0.42704374,-1.3785523,-0.9150987,1.8794732,0.91809,0.4060103,1.5444838,-1.4010656,-1.2129049,-0.63178056,-1.0227443,1.2048937,1.1919125,-0.33155525,-0.6857477,0.45691913,-0.30189562,-1.2118025,-0.2601672,0.8714787,1.5411633,-0.24505354,0.00036853412,1.4857543,1.6664997,-1.3199042,-0.57367176,2.3012178,-0.8678978,0.50649345,0.6735141,-1.2424177,-1.0252861
-1.0484322,-1.1537992,-1.7010428,-0.39925006,-1.2425481,-0.20979653,1.9101886,2.092067,-1.5619675,0.43469298,-0.8179842,-0.6926832,-0.9183962,-0.5700223,-0.9552101,-1.0049925,2.5788286,1.8894206,-0.20048118,-0.9277505,0.2535233,0.34597617,-1.0249705,-0.38349733,1.9172441,0.7833876,-1.264281,-0.93685305,-1.8263606,-1.2160406,0.50203305,1.9816896,0.9507283,2.4867623,-0.9566171,-1.1522231,-1.3792316,-1.5284752,1.2185032,2.3899493,1.503518,1.2492886,1.1417512,2.0854285,1.2424426,2.153641,0.35421818,1.0641296,-0.29207048,0.13665123,-1.115046,-1.1789029,0.63264793,-0.6490911,0.31583807,-0.6255803,-0.008169587,-0.39509416,-1.4021716,-1.1961809
0.07613363,0.18240578,-0.46317032,-0.1982506,-0.59749717,-0.32498077,-0.68523246,-0.31460685,0.86684215,-0.59624,-0.050355043,0.0017307946,-0.64462936,-0.32814875,0.043672238,0.067617685,-0.9184,-0.4258685,-0.60183585,-0.12530528,-0.07294385,-0.5927563,0.3014571,-0.45162356,-0.3679024,-0.20909257,-0.56424445,-0.18682148,-0.3264548,-0.105874695,-0.4695673,-0.41829655,-0.8338462,-0.18723318,1.5639068,-0.3167074,0.9962355,-0.27275476,-0.9937194,-0.42379394,-0.7761137,-0.52493995,-0.45334518,-0.34667265,-0.4709847,-0.39556444,-0.8334963,-0.4095882,-0.1282068,-0.5492206,0.22815284,-0.5635716,-0.47368532,-0.19652529,-0.6012157,-0.21778128,-0.7212379,-0.23500994,1.0552002,-0.4396759
-1.3256665,-1.2683882,0.7244978,-0.047269054,-1.3641857,-1.0104524,1.837397,2.5617247,-1.6608082,0.38601464,-1.0314388,-0.6967945,0.08899596,-0.260869,-1.1862183,-1.194099,1.5311574,2.0275016,0.4691349,0.52484363,2.2445996,1.2867391,2.5590358,0.8257238,-1.2134435,-0.44394726,-1.0333692,-1.0183613,-2.14199,-1.2458044,2.1517007,2.2501712,0.64241135,1.0939624,-0.8347585,-0.90832865,-0.79187256,-1.1772505,1.3819836,1.5168154,1.2809224,1.3213551,-1.0162306,-0.7282851,0.038377803,-0.5100337,2.5451844,0.7839265,4.2442923,1.0619859,0.043330714,0.021768654,-0.7018062,0.3956996,4.1942744,-0.5398254,0.22402582,1.5055107,-1.3787736,-1.4556222
0.10017823,-0.059278682,-0.42804196,-0.5436999,0.62044346,0.08610072,-0.67584586,-0.41600934,-1.1286157,-0.7348318,-0.04346941,0.36124536,0.60309297,1.2477802,1.8894426,0.5140952,-0.41473436,-0.6569547,2.5851736,4.451735,1.3318238,0.44211924,0.36525962,-0.589903,-0.33435884,-0.17640352,-0.55174136,-0.6880284,0.13703372,1.1026783,-0.8755976,-0.76106256,0.54572874,0.71408373,-0.5706536,-0.24352568,-0.5667283,-0.4536559,-0.9876267,-0.79208505,-0.7548125,-0.9342265,-0.43250975,-0.62669647,-0.4504689,-0.627155,1.8204861,-0.44109306,-0.7566173,-0.67709243,0.6217044,-0.19924936,-0.4450731,0.05780995,-0.57209694,0.02829519,2.1005018,3.0256066,-0.07363479,-0.40469778
2.711822,0.6595164,-0.76202863,-0.10579056,0.8751124,1.5582503,-0.7951471,-0.08865872,0.9181971,0.7572434,-0.23128094,0.23204377,-0.71140563,2.2719805,1.6211551,0.862095,-0.6400723,-0.43724805,0.97187096,3.3295603,0.07530197,1.2479241,-0.096527606,-0.39183068,-0.73723716,-0.29503754,0.58280504,0.3286893,-0.69394803,0.94012773,-1.0609629,-0.36228293,0.5158735,0.7694235,0.73208904,1.3376397,1.5553691,1.2685305,0.9478794,-0.24963108,-1.0059865,-0.8042542,-0.6949164,-0.97067076,0.49152368,-0.7319153,2.954615,0.7088384,-0.39145297,-0.46254098,0.07055865,0.9932176,0.39830038,1.8263203,0.73318887,0.070383444,-0.085926846,2.5650878,2.1187823,1.7203106
-0.9664402,-1.0383254,0.2802093,-0.7085308,1.3289012,-0.6224031,1.5216151,1.8209049,-1.533476,0.30988735,1.5325971,-0.733998,0.34667984,-0.6347928,-0.8792469,-1.0356673,1.7851018,1.5239156,-0.12780575,-0.8484181,1.0005058,-0.22919601,0.51599365,-0.017940015,-0.2921566,0.27639684,0.31882572,-0.9987112,-0.3860324,-1.1132923,2.175223,1.8610762,0.19039176,1.8673072,-1.3832554,-1.05476,-1.14814,-1.3548734,1.7988538,1.8370233,3.6677628,1.0446787,1.4105308,1.6887219,1.1430202,1.9976157,-0.8228752,0.7230279,0.3092697,-0.12262652,0.2326694,-0.8409007,-0.62600726,-0.9664062,-0.2749933,-0.47527456,-0.6944317,-0.31029934,-0.33388895,-1.3619576
-0.8262602,-0.8543693,-1.418233,-0.4210553,0.082698375,-0.5305266,-1.0314282,1.5387698,0.8935749,0.31789103,-0.6885818,-0.57992476,-0.8715259,-0.8725183,-0.754498,-0.95435435,-0.6737778,1.2244775,-0.7883729,-1.0884178,-0.22577778,-0.28383252,1.2297931,-0.32351586,0.66270494,0.88338524,-1.127157,-1.0877297,0.1848448,-1.0735267,0.8853279,1.8619826,3.603025,2.1593251,-1.4856821,-1.1847979,-1.2374264,-1.3320434,1.2344426,1.4611973,1.8947514,1.26561,1.5108413,1.7365111,1.5778441,1.8660347,-0.9168421,0.80704665,1.4133232,0.058577426,-0.35550824,-1.4367745,-1.432546,-0.80707836,-1.0777564,-0.7896226,0.2922465,-0.5553291,-0.4801676,-1.3281457
0.26127705,0.38689005,-0.25792813,-0.13406934,-0.4913039,-0.10852047,-0.61347,-0.58645654,-1.0705776,-0.78033656,0.076910414,0.03220114,-0.60061413,-0.2853059,0.2071824,0.3092198,-0.7816673,-0.70905095,-0.48069206,0.2665251,0.36601552,-0.5779872,-0.64445907,-0.48804724,-0.1261043,-0.11027801,-0.4483688,-0.03119853,-0.08165689,0.18084659,-0.7774348,-0.71351784,0.5361095,-0.08185878,-0.5828538,-0.03083452,-0.58618,0.009025833,-0.94216245,-0.75647885,-0.6199973,-0.65785617,-0.2890528,-0.22819804,-0.29714042,-0.33290166,-0.68085605,-0.58575666,-0.62448895,-0.437197,-0.96943307,-0.6836402,-0.27410254,-0.002843542,-0.39273772,-0.23333879,-0.6199199,-0.114242576,-0.7769565,-0.07270773
0.1355238,0.1247744,-0.39166543,-0.2624755,-0.561874,0.18217382,0.69798726,-0.34551394,0.88196725,-0.66787976,-0.00880382,0.7023037,1.706931,1.5071398,0.09579946,0.74986035,-0.28996098,-1.0588815,4.706196,5.4205284,1.7522023,0.99709696,-0.72842425,-0.51603353,-0.28825125,-0.1962785,-0.52748674,-0.71318763,0.18167189,1.3095443,-0.853103,-0.6948176,0.41228524,0.8813003,0.109773554,0.053392753,-0.66119057,-0.31262562,-0.97702223,-1.2049588,0.6216776,-0.99905187,-0.39775562,-0.63850605,-0.41465628,-0.5501027,0.61621183,-0.3733864,-0.72850305,-0.6046665,-0.06670322,-0.473854,0.9660861,0.31297866,-0.5338915,0.13111548,2.4131086,3.7464614,-0.83690274,-0.20510517
0.029246662,0.65937006,-0.5138122,0.023663983,-0.6239891,0.7321507,1.1304704,-0.5815086,0.8566415,-0.0032372307,-0.07932218,0.25270745,-0.6573184,0.93706363,-0.0006581778,0.5955726,0.030548772,-1.07103,1.0280536,2.3822744,0.035993274,0.17511916,-0.8025392,-0.72112936,-0.43724155,-0.23109871,0.43113208,0.033377424,-0.39461887,0.6673146,-0.27642193,-0.5354773,-0.8930199,0.4984106,1.0671563,0.9359285,0.67991734,0.8943177,0.68283814,-1.160587,-0.20933281,-0.91791403,-0.49826086,-0.7245742,-0.52029455,-0.54640144,-0.30613327,-0.3204176,-0.21608284,-0.27675116,-0.7510504,-0.28970927,-0.5272956,0.8395963,1.1294223,-0.11682162,1.3292719,1.6320065,0.020479543,1.1330823
0.092243515,0.2755738,-0.43178663,-0.12232144,0.6250407,-0.3565259,0.66428137,-0.25055826,-1.1321332,-0.13071842,-0.04038275,-0.19945996,1.8762472,-0.05855921,0.06305287,-0.058044516,-0.010543656,-0.41292575,-0.28952742,-0.13431238,-0.33092436,-0.6141889,-0.7538442,-0.8060589,0.6320819,0.18888906,2.0946798,0.08457388,-0.30057222,-0.35419387,-0.30915707,-0.13388503,1.1122625,0.05311247,1.0336531,-0.12768066,1.4328195,-0.13389559,-0.9860842,-0.22090355,-0.75550634,-0.15237816,-0.43182662,-0.21393993,-0.44965908,-0.068879135,-0.812511,-0.28018504,-0.10795607,-0.0014406848,1.7491003,-0.37773418,0.89785457,0.0023457129,-0.57364583,-0.20447603,0.4075639,-0.51461667,1.1804115,0.11118492
-1.158797,-0.76357424,1.2471089,-0.05555371,-1.3046633,-0.5972089,1.4362428,1.3803887,-1.5989009,-0.017923307,-0.9001369,-0.58183336,0.27592316,-0.44567922,-1.0478806,-0.7933289,1.7253191,1.5203742,-1.4104302,-0.60269433,0.13821314,0.5917252,-1.5921453,-0.5435958,2.076532,0.76971173,-1.3319207,-0.4140036,-1.9635779,-0.90165025,3.7858918,1.2619832,0.16180785,1.0395129,-1.7750987,-0.5569034,-1.4432726,-0.8243214,1.6863933,1.3748178,-1.3585117,1.2704753,0.8993684,0.60067713,0.37783304,0.93224066,-0.140757,0.56782335,0.7739549,0.6726292,-0.0085063,-0.9899707,0.18124609,-0.19384722,-1.4683317,0.17485724,-1.3935214,0.1327993,-0.5834744,-1.0030285
-0.20759264,0.6552404,-0.75703573,-0.43855837,0.5021931,1.2948315,-0.79524803,-0.80217,-1.2468026,0.4455701,-0.24932604,0.35476032,1.7873116,0.42039734,-0.20426622,0.16991673,-0.13602225,-0.96125364,-0.31431806,1.7634683,-0.5871131,0.54231745,-0.95648855,-0.49444872,-0.73166627,-0.37220296,3.113148,0.05122868,-0.6982947,0.17520803,-0.36466327,-0.39404812,-0.3801618,-0.4455159,0.52668315,1.0786681,0.8414893,1.3142338,0.14139695,-0.804735,-1.0078598,-0.7127435,-0.6951726,-0.45233005,-0.7355303,-0.51680136,1.9697901,-0.10306238,0.9386601,-0.27290156,1.8179482,-0.04208564,0.71056515,1.4696922,0.34629625,0.11881189,0.13997228,0.77716404,2.5443602,1.8586072
-0.07318333,0.3715595,-0.62490326,-0.24719971,0.51921225,0.9374076,-0.7482139,-0.7052924,0.8372954,-0.20322387,-0.15553899,0.037122577,-0.681507,-0.1887337,-0.0913239,0.1866162,-1.0371822,-1.1013776,0.18892862,0.9952108,1.6679896,-0.10098491,-0.8708552,-0.6046317,-0.5728381,-0.47241828,1.9786284,0.15089318,-0.5306506,-0.22511975,-0.23251177,-0.28673938,-0.58878744,-0.46738532,0.9519737,0.8286493,1.6050149,1.0823523,-1.0376412,-0.86313957,-0.90267205,-0.52605,0.8488305,-0.70363325,0.8920713,-0.48263192,-0.7109224,-0.2302304,-0.24376787,-0.29462585,0.17299141,-0.08959914,1.4087166,1.0154523,0.6338943,-0.6072145,-0.11602639,0.30249164,1.2926844,1.1740637
-0.0149954,0.54649496,-0.5671288,-0.17411996,-0.6486774,0.9416822,-0.72489864,-0.76323426,0.91995585,-0.18766125,-0.10472778,-0.07470896,0.5458951,-0.3185669,-0.037191786,0.089452945,-0.9933446,-0.8915648,0.06113617,0.21383409,-1.2015463,-0.25821972,0.5728236,-0.4231575,-0.49863932,-0.24824673,0.99437267,-0.13086833,-0.450138,-0.39391223,-0.94920766,-0.31816998,-0.19256762,-0.6798283,0.9797136,0.63012195,0.6361238,0.605796,-1.0205199,-0.7764817,-0.85243726,-0.57522845,-0.5344666,-0.6643788,0.67337996,-0.3303711,-0.9125776,-0.26702082,1.0616201,-0.34532848,-0.7785586,-0.20869823,1.4607456,0.77790326,0.69969386,-0.29569644,0.279702,-0.24323082,0.5892078,0.8877352
-0.025334578,0.60574156,-0.575153,-0.19879654,0.54533523,0.73171544,-0.72701824,-0.7537247,0.9079965,-0.40107197,2.172621,-0.026563937,0.66175526,-0.2785415,-0.045434125,0.17177469,-0.9981918,-0.9270866,-0.66960394,0.42740792,0.19602132,-0.23267135,-0.8374916,-0.5062027,-0.50835866,-0.19395284,1.8905326,-0.25607222,0.20553465,-0.20127857,-0.9555732,-0.35412353,-0.49670973,-0.54970264,2.137878,0.5401443,1.5089072,0.42537725,-0.3188238,-0.8883357,0.81815344,-0.63622457,0.38986656,-0.65495783,-0.57005435,-0.44566727,0.49375924,-0.45118174,-0.86437416,-0.415691,0.6776108,-0.4628434,1.3668731,0.54492265,0.68848276,-0.40872857,-0.77630943,-0.045592904,1.070867,0.77946097
-1.0121249,-0.90885,1.9593304,0.33700624,0.073248416,-0.5362786,2.102344,0.62447166,0.8875952,-0.73006934,-0.81893396,-0.5485104,-0.9187134,-0.81758714,-0.91399837,-1.0256972,0.090005495,1.3410822,-1.3113515,-0.6415472,1.2163401,-0.1893711,0.49640754,-0.42445686,-0.95836353,0.8671445,-0.025363866,-0.83276504,-1.7615553,-0.69918215,2.6885638,2.0714743,1.8183955,1.823912,-0.8039065,-1.6883436,-0.8547496,-1.7353715,0.9881069,1.4764731,-0.46919483,1.2654371,-1.3940128,1.3557335,-0.12041402,1.9245145,-0.16918012,-0.11248861,0.1251856,0.64693785,-0.62542146,-1.6433737,0.7257352,-1.4992845,-0.8706673,0.08823128,0.80785674,-0.11035604,-1.1047311,-1.7314574
0.108112946,0.2663557,-0.42679375,-0.15341952,2.355763,0.11567073,-0.67413,-0.4824889,-1.1289675,-0.84246105,3.9968352,0.33413664,-0.63749176,0.39435422,0.06929032,0.5898705,-0.8975732,-0.76103646,2.1334207,1.8889009,-0.029333882,0.045887973,-0.74852186,-0.77707016,-0.33080298,-0.17959669,-0.5450457,-0.3394133,0.91631925,0.8144385,-0.8718166,-0.5261053,1.4970672,0.3273977,1.312406,0.115057625,1.4101872,-0.12191527,-0.22988641,-0.8922088,-0.75051063,-0.7012933,-0.42610544,-0.42580307,-0.44399023,-0.36451444,-0.12382633,-0.47281796,-0.75191706,-0.38692477,0.44570896,-0.2821782,0.6441028,0.0846558,-0.56693405,-0.09491436,0.3825417,1.0513842,1.7980486,0.11742119
0.09392664,0.21890864,-0.42572388,-0.3431869,0.6475346,0.26949686,-0.6754421,-0.5477996,0.88126373,-0.4482504,-0.044894025,0.40602523,-0.6432018,0.6884983,3.8632855,0.4697873,-0.42057317,-0.67279565,0.95830935,2.2090526,-1.1263059,0.3211846,-0.25248402,-0.70371073,-0.33115855,-0.23182862,-0.5509898,-0.18096022,-0.2963243,0.77864647,-0.097552665,-0.557239,0.76113886,0.4242875,0.5635816,0.3992031,0.8563167,0.14220802,-0.23052031,-0.8547556,-0.7550206,-0.69587636,1.1811823,-0.48917672,-0.4485793,-0.34729248,-0.20030437,-0.5047288,-0.75766176,-0.36354902,-0.68589586,-0.061572775,-0.44768333,0.10246149,1.4501398,0.04847424,1.491581,1.2174827,1.1999366,0.47112137
0.14682475,0.36338618,-0.38506773,-0.21454494,0.66594315,0.074358396,-0.6584856,-0.52280617,-1.1141942,-0.7593931,0.004255135,0.25854257,-0.6265474,-0.028926983,0.10649222,0.29691198,-0.86811733,-0.73801273,-0.5551321,0.8575536,-1.1005443,-0.06790156,-0.722387,-0.64410275,-0.27687252,-0.18371025,-0.5205861,0.008587884,-0.23379117,0.4455339,-0.84817326,-0.55600715,-0.76008296,0.10966443,-0.5394677,0.15626837,-0.54393053,0.17663461,-0.9739373,-0.90806013,-0.7178996,-0.6542493,-0.38972884,-0.42057398,-0.40412843,-0.3930388,-0.7755475,-0.5885065,0.24617581,-0.4621991,-0.9160889,-0.2389822,1.6443883,-0.061326616,-0.5239787,-0.2697181,-0.6816958,0.3599868,-0.2622683,0.27014616
-0.0808776,0.25017396,-0.6177706,-0.15068202,-0.6814823,0.6880828,-0.74619526,-0.45310873,0.9164384,-0.11254181,-0.16123745,0.3205707,-0.6839655,0.23186171,-0.09243773,0.4414247,-0.15113018,-0.7443583,-0.7005809,1.6925222,-0.13408925,0.36103016,-0.87117296,-0.45715842,-0.56430405,-0.34898484,2.8727872,-0.03208693,-0.5265015,0.47532198,0.45648727,-0.30929232,-0.99550915,0.30627608,1.420907,0.6193462,1.8161255,0.71137196,-0.2902152,-0.7478208,-0.07333954,-0.5351135,-0.5824564,-0.4998281,0.62488866,-0.42282602,1.5063585,-0.32502595,1.0132337,-0.280946,-1.1853918,-0.04427561,-0.6395358,0.46112013,-0.4173831,-0.16600637,-0.8066159,0.98811597,1.4326385,0.8428138
-0.6387123,-0.6787443,-0.028454619,0.033858612,-1.008968,-0.50441617,0.32393414,1.2214496,-1.3959432,-0.3834657,-0.5532436,-0.20052597,-0.8243384,-0.49430665,-0.5900968,-0.5501536,-0.5873971,1.2792276,-1.072114,-0.7979251,-0.019435082,-0.07294924,0.46321276,-0.4742407,1.6275195,0.5787335,-1.010393,-0.64889455,-0.7768125,-0.26710615,1.2312322,1.3001817,2.3437757,0.9124191,-0.58822876,-0.7754912,-1.1306618,-0.97913474,0.50409335,1.2183056,0.37979263,0.5386027,0.7969819,0.5524686,1.0821713,0.9375094,1.132805,-0.1860357,-0.12619685,0.1631222,-1.5434681,-1.1617433,1.6215295,-0.7183515,1.0333928,-0.0535617,0.2928272,-0.22998148,-0.82999957,-1.0309513
-0.49708962,-0.3369922,-1.0979767,0.23169486,1.593362,0.7059392,0.8481477,-0.10734393,0.8847812,0.20432363,-0.44639754,-0.26593634,-0.784685,-0.26961783,-0.46534786,-0.28567827,-0.39803874,-0.045880333,-0.5801042,-0.2284597,0.6965078,-0.12262395,-0.23249692,-0.6422185,1.591851,-0.07676847,3.4664936,0.38593778,-0.027664816,-0.3150606,-0.68809783,0.30187556,0.18534186,0.25067794,1.4709383,0.3452881,2.3876634,0.62075275,0.5336393,0.109997764,-1.2597276,0.3105146,-0.59219974,0.25100893,-0.6308505,0.28919518,-0.49445856,-0.33154115,-0.583104,-0.023044745,0.20474648,-0.58708084,0.98629594,0.24640156,2.480091,-0.45293334,0.6486701,-0.1507688,2.754489,0.65827787
-1.3093162,-1.1943537,-0.68906504,0.4700707,-1.3815464,-0.5368936,1.39389,1.5955043,0.8657869,-0.038771007,-1.0188547,-0.457043,-0.98985153,-0.46697223,-1.177976,-0.7808501,2.1294816,2.2646859,-1.5077455,-0.91202015,0.5378673,0.4380301,0.860463,-0.2429649,-0.32727152,0.43091968,0.5109632,-0.3808057,0.007912239,-0.30873048,2.2033544,2.1866312,-0.3245684,1.759261,-1.0586303,-1.1420628,-1.3403076,-1.1939132,1.7634852,2.141077,1.3374984,1.2136605,3.8134534,1.3392793,3.6713328,1.4458517,0.95714515,0.12781261,-0.50370264,0.54451066,-0.13597141,-1.1917484,-0.8437,-0.9431248,1.0635434,-0.05784217,-0.6074657,0.031864945,-0.6311428,-1.2693368
0.14057316,0.67977196,-0.39006057,-0.053404037,0.64325225,0.30147105,-0.66242194,-0.5291855,-1.1166564,-0.24101527,-0.006429465,0.49071005,-0.63083,0.47128347,1.8905813,0.5262096,-0.6407659,-0.7245851,-0.5626619,1.3827727,0.26982266,0.17029251,-0.72627944,-0.5494538,-0.28635478,-0.30298746,1.3766148,-0.035324648,-0.24525064,0.37039644,-0.853103,-0.431878,-0.76841986,0.20107251,-0.68699723,0.34551284,-0.66025794,0.17871523,-0.97648233,-1.0133413,-0.72282594,-0.72478306,-0.3970725,-0.37541494,-0.41285664,-0.28633144,-0.5660908,-0.1926823,-0.7269363,-0.45370078,0.5955298,-0.29232037,0.7121001,0.19369194,-0.5305872,-0.28075904,-0.68819493,0.60645264,-0.23485477,0.37051216
2.981929,0.644152,-0.37650853,-0.10253581,0.65240943,0.16157809,-0.6562651,-0.3918289,-1.1141942,-0.49130547,0.0030679572,0.16278015,-0.6268646,-0.41975895,0.1131752,0.10687179,-0.378198,-0.6222406,-0.0832027,0.11565445,0.27812928,-0.20459627,-0.7173825,-0.5581743,-0.268457,-0.23177461,-0.51716995,0.2457754,-0.22519659,0.16740608,-0.84434444,-0.5244128,-0.7508399,0.0032667518,0.29612023,0.36712858,0.09298564,0.52274567,-0.6172565,-0.7846628,-0.71165496,-0.6205246,-0.3842638,-0.3078789,-0.39980933,-0.40685856,-0.55554396,-0.36881334,-0.71675247,-0.4266061,-0.27043837,-0.6377171,0.14282148,0.09708216,-0.1963103,-0.41014338,-0.6799171,-0.029585157,0.4438684,0.412693
2.8145533,0.8120265,-0.50525296,-0.25301495,0.6171974,0.07949766,-0.7036021,-0.44057077,-1.1567554,0.09878379,-0.069824755,0.083261274,-0.6524014,-0.10674497,0.012039479,0.31676418,-0.15776029,-0.6962275,0.100956105,0.18596283,0.203446,0.10728122,-0.09042744,-0.49853593,-0.42396635,-0.32193765,1.3043375,0.5003376,-0.3780224,-0.035063975,-0.342549,-0.57448554,0.27225083,0.025780832,0.3304508,0.4092693,0.13045995,0.5599352,-0.84439385,-0.76572776,-0.55603886,-0.6066155,-0.48604995,-0.3593361,-0.5078771,-0.43089268,-0.04456973,-0.20284288,-0.81040865,-0.47563368,-0.98112273,-0.49743682,0.4000594,0.26872596,-0.643345,-0.27982047,0.31276038,0.044825904,0.92088205,0.44245565
-0.09217856,0.69758874,-0.6454097,0.08957616,2.2575874,0.36927748,-0.75477445,-0.49519593,0.8292053,0.5090283,-0.16408667,0.25808465,0.29639697,-0.038275853,-0.106471986,0.32024643,-0.17245844,-0.68126404,-0.31694975,0.32772514,1.2808164,0.18070897,-0.8833269,-0.5546344,-0.5934621,-0.43460098,0.56703305,0.42954317,-0.5530756,0.15665607,-0.9954413,-0.317145,-0.6086229,-0.14520612,0.39587045,0.54501635,0.18407169,0.819665,-0.57027143,-0.7315192,-0.9180062,-0.561986,-0.60047394,-0.42383522,-0.6321416,-0.5315749,0.1970342,0.09001359,-0.9180785,-0.2723957,-0.6621658,-0.30251902,1.2376405,0.8389505,-0.79121053,-0.3505621,-0.2357724,0.3099285,1.7881539,0.6306628
-0.6298158,-0.0014775265,-0.29182455,0.07436162,0.29773,0.48585224,0.775673,-0.16477801,-1.3994606,0.84405166,-0.54659534,-0.26578513,-0.8172008,-0.62018204,-0.57895845,-0.39835632,1.4088488,0.075450346,-1.0633928,-0.3971596,0.7666163,0.062048454,0.9749058,-0.35459277,0.40118474,-0.19331406,2.2132964,0.5794906,-0.077153824,-0.84765136,-0.07083954,0.343431,2.6592152,0.536976,0.24863356,0.5713199,-0.15106821,1.0888007,1.9121835,0.22538595,-0.6635111,0.40018395,0.7633439,-0.07366253,-1.1274898,-0.04171216,3.8262923,-0.15791294,1.7927325,0.2734114,-0.90717244,-0.7699279,-1.2210164,0.79822034,0.76768625,-0.6017243,-0.15779784,-0.31407374,0.5603987,0.96525335
-1.1039753,-0.49263328,-0.47579896,0.08993448,-1.26532,-0.28840572,0.5230045,1.2512631,0.9051825,-0.8275779,-0.8858908,-0.31571016,-0.94179165,-0.31351534,-1.002882,-0.50998414,2.0310268,1.112395,-0.9749583,-0.7543077,0.68739885,0.20674133,-1.1261065,-0.38982165,-1.1438408,-0.07443239,-1.3067095,-0.43441236,-1.8895853,-0.10633745,2.7023878,0.70995665,2.0333188,0.42827678,-1.7202955,-0.70168537,-1.4063224,-0.58681047,1.7029473,1.0733848,1.9854167,0.40437376,3.3711493,0.38716853,4.9716806,0.41359556,0.11469852,-0.24140735,0.23967868,0.11335265,-0.6018846,-1.1457253,-1.7328237,-0.4499508,2.6878042,-0.18804975,-0.7850736,-0.23417407,-1.1498585,-0.6090017
2.904326,0.39970678,-0.4107453,-0.22379221,-0.56931424,-0.004446609,0.10055833,-0.5269879,-1.1233395,-0.6302774,-0.014027403,0.29532844,-0.633685,0.16511619,0.08889371,0.28749827,-0.883298,-0.6676798,1.0043075,0.9336784,-0.6544145,-0.42653534,-0.736368,-0.73206854,-0.30899373,-0.11568493,-0.5340457,-0.15519342,-0.26668775,0.3129291,-0.8616222,-0.5341359,-0.78355306,0.0850226,0.16602106,0.44707656,-0.10472363,0.27330592,-0.98029995,-0.7539352,-0.73677236,-0.6123271,-0.41099122,-0.3160808,-0.4271637,-0.22157247,-0.10679147,-0.5913267,-0.7413851,-0.38863453,0.23481293,-0.41273552,-0.4239904,0.038767315,-0.54700524,-0.14406411,-0.12501223,0.352281,0.50458384,0.4117472
2.8468556,0.5062056,-0.47012466,-0.15971531,0.60284823,0.0569705,-0.68785673,-0.41921455,-1.1423339,-0.33690697,-0.060327336,0.13983475,-0.6480395,0.00058504497,0.03097458,0.45459032,-0.44146273,-0.7141006,0.5476658,0.5809767,-0.8250661,-0.16119863,0.6767018,-0.5676368,-0.3816517,-0.22166671,1.7110324,0.18518265,-0.33781546,0.12037265,-0.8964171,-0.49190068,0.31564236,0.116424866,-0.051401883,0.31166896,-0.16384834,0.37325495,-0.99668866,-0.7127254,-0.78152573,-0.6108472,-0.4599203,-0.24291782,-0.48043275,-0.20605782,-0.8411541,-0.5262998,-0.7818592,-0.42360964,-0.11250285,-0.36110055,0.43346173,-0.07821927,-0.607308,-0.20616871,-0.7261635,0.17663011,-0.35943058,0.3055129
2.9252133,0.6188168,-0.38435447,0.013004768,-0.5574774,0.05679155,-0.66060513,-0.48353842,-1.1138425,-0.46921387,-0.0045299805,0.17561269,-0.62860936,-0.25429907,1.8866229,0.23479073,0.021868903,-0.5570945,-0.5549415,0.26542872,-1.0995512,-0.5362818,-0.72159266,-0.41464534,-0.2772281,-0.118766606,1.1644762,-0.22364765,1.6030915,-0.005007506,-0.84807754,-0.34942096,-0.76080793,-0.10592369,0.5868427,0.13458407,0.7929285,0.07506915,0.17546998,-0.7212872,-0.4709472,-0.61767393,-0.068646714,-0.3013833,-0.40637797,-0.3059149,-0.557891,-0.4288948,-0.7196248,-0.3873594,-0.91836816,-0.4223456,-0.39658293,0.065127276,-0.52304935,-0.23014642,-0.6824483,0.025019804,0.42993417,0.20670067
2.6504078,0.5183723,2.0497763,0.20408529,0.5423927,0.48413777,-0.76375735,-0.531395,0.826743,0.38540307,-0.18735535,0.12797706,-0.69403744,-0.22735892,-0.13364942,0.14962983,0.37257665,-0.4770946,-0.7317485,0.25150225,1.074482,-0.51050687,-0.9023918,-0.44358218,0.48016667,-0.35033545,-0.3055364,0.5131916,0.7809796,-0.09567928,0.7319376,-0.3610374,-1.0524174,-0.032736316,1.0778819,0.726339,2.4576025,0.99512583,-0.6735799,-0.73834544,-0.07062185,-0.50222033,-0.27262378,-0.31105766,-0.66147554,-0.28251353,-0.39122385,-0.33277297,0.10323874,-0.2373328,-0.9052623,-0.38389075,-0.69184095,0.51021403,-0.41574353,-0.5084674,0.48390082,0.26378912,1.5815759,0.9728603
2.5917218,0.21240577,0.12703176,0.26736578,0.5255387,0.8953471,0.34783825,-0.58725315,0.91538316,0.8917435,-0.21608506,0.026008766,2.531042,-0.38150477,-0.17397004,0.07049964,0.5610098,-0.51580745,-0.037665278,-0.16073944,-0.023680018,-0.82470036,0.41681722,-0.33905196,-0.6962263,-0.4184691,0.5866388,0.37720287,-0.6607551,-0.18199283,-0.22706449,-0.39528862,-0.6850423,0.05335003,0.97011185,0.88088065,1.1335975,1.3575777,-0.89250404,-0.746276,0.19343516,-0.49129054,-0.67254394,-0.39412683,0.52114946,-0.34488344,0.3688232,-0.20492624,-0.98562235,-0.56989074,0.1805314,-0.1852702,1.4673877,0.82362866,0.61531615,-0.42499578,-0.19379283,-0.13782,0.976744,1.2157302
0.14466074,0.2459741,-0.38649425,-0.26571986,-0.5579283,0.15580487,0.67907333,-0.5064205,0.8858364,-0.94158125,-0.0033428026,0.6540194,0.71952647,0.900165,3.905191,0.7639994,-0.8713665,-0.8492191,3.811584,4.216634,1.05413,0.56884384,-0.7248496,-0.62906307,-0.2846954,-0.19026375,-0.52366066,-0.5423334,0.19266336,0.9447516,-0.4270359,-0.72849894,0.41875613,0.51304674,0.10229377,-0.055720057,-0.6566606,-0.15239856,-0.9757497,-0.9107061,-0.71928734,-0.8188911,-0.39254674,-0.35967258,-0.4101572,-0.3463394,-0.78070176,-0.37084848,-0.72153974,-0.60267043,0.8570951,-0.47287345,0.95175356,0.12545171,1.8111289,0.19846891,2.9183316,2.8193414,-0.60378754,-0.09639753
3.0114534,0.2624936,0.33925274,-0.23177792,0.9945742,0.015538707,-0.62921536,-0.5680956,-1.085351,-1.1599362,0.056728393,0.54016554,-0.6076724,0.5323257,0.17577241,0.6304838,-0.8104307,-0.81583846,2.20511,3.3951812,-1.0539864,0.25312603,-0.669879,-0.7147905,2.0657775,-0.15231152,-0.47002715,-0.4674496,0.28259635,0.8346662,-0.8002166,-0.7511006,0.4873379,0.36325413,0.5781509,-0.14284876,0.31204644,-0.1899282,-0.952497,-0.88935053,-0.6528858,-0.81774396,-0.3225261,-0.35353485,-0.33187327,-0.3724304,-0.71222353,-0.4202665,-0.6559978,-0.6294482,-0.6920489,-0.6203216,-0.31365767,0.06897903,-0.43600285,0.1282552,1.5290082,2.1946259,0.05665181,-0.17040259
1.0863467,1.1047317,-0.5369933,-0.27396098,0.5642517,0.57029915,-0.7152092,-0.37781253,-1.1676596,0.17419438,-0.09428062,0.14526364,-0.6603321,0.30485392,-0.016029024,0.30600423,-0.09236337,-0.34551752,0.32133242,0.43976974,0.1843219,0.29216293,-0.81453425,-0.32763883,-0.4631993,-0.2170836,0.058763783,0.445109,0.95862734,-0.35808155,-0.93408364,-0.40175545,0.63558114,0.06842269,-0.31365252,0.7103284,0.18312085,0.8560942,-1.0142342,-0.42906788,-0.22347164,-0.81711155,-0.5108987,-0.33860767,-0.53622127,-0.52550656,0.62597007,0.057565726,0.45861262,-0.35272145,-0.28028184,0.13044615,-0.5478763,0.38563195,-0.67876256,0.12650561,1.2883611,0.18433836,-0.0043334053,0.66650057
-0.12079164,0.89563227,2.6581998,-0.47107694,2.3110402,0.7851183,-0.76345456,-0.43194404,0.82568777,0.32111722,-0.18308152,0.25886148,0.2885502,-0.04211617,-0.1298624,0.1037669,-1.0646672,-0.36238685,0.5572039,0.14112806,0.10546754,0.22857282,1.5964298,-0.38032955,-0.62368685,-0.37838018,1.2698607,0.29193577,-0.5906152,-0.42193606,0.16219862,-0.43125445,-0.60245126,-0.11685784,2.9872513,0.445967,2.4667847,0.7453336,-1.0477058,-0.6592745,-0.93993187,-0.77444226,-0.62549347,-0.3192226,-0.65706646,-0.63879883,0.68566227,0.1934866,0.20988883,-0.48419178,-0.4681146,-0.20556211,-0.12489509,0.6475717,-0.4445634,0.2094332,-0.16597691,0.04463464,1.3931973,0.7575168
1.1617275,0.6789765,-0.43535295,-0.23450378,-0.58205295,1.2199765,-0.67584586,-0.38559347,0.8749323,-0.118575305,2.8440695,0.046659023,-0.63899857,-0.4329987,0.06839925,0.1714437,0.0056288354,-0.41403857,-0.5860614,0.046706986,0.68290323,-0.21214646,-0.75185823,-0.40354407,-0.3358997,-0.24796303,-0.54853016,0.39816782,-0.2935582,-0.42056486,-0.8755976,-0.45573503,0.35325506,-0.31145,-0.39628288,1.1300503,0.13301814,1.4184808,-0.98654693,-0.4872794,-0.7548125,-0.7925656,-0.42900872,-0.23297627,-0.44740954,-0.37200817,0.6263194,-0.110342056,-0.7574007,-0.25846845,-0.57655716,-0.67301404,0.525216,0.60994494,-0.19439848,0.117213085,-0.7069398,-0.07029149,-0.28334507,1.2938849
2.4831676,-0.3597011,1.8371601,-0.3998727,2.2510192,-0.14018153,-0.8208847,-0.024019714,0.8956853,0.6221023,-0.26737115,-0.3234501,-0.72131896,-0.46746802,-0.26018044,-0.49766827,-0.69284904,-0.053949583,0.65096986,0.07031791,-1.3470616,0.16634592,-0.47724336,0.18234605,-0.8236444,-0.22905207,2.9376147,0.15317592,0.4052883,0.13302664,-0.46699923,0.58468384,-0.7592913,0.072987266,2.0509267,-0.27837032,2.7621708,-0.120234735,-1.0910106,0.1283746,-0.20872736,0.32824317,-0.7547755,-0.30233386,0.5042033,-0.28381687,-1.1178651,0.020841744,-1.0601295,0.29257527,-1.1609731,-0.2013721,1.6856391,-0.12155841,-0.98647153,0.3145727,0.79969937,0.1471631,2.595046,-0.04778769
-0.1320926,0.1843364,0.17977212,-0.100370325,2.325775,1.389536,-0.7673909,-0.5878081,0.83096397,0.2071023,-0.20468816,-0.020071825,0.45316267,-0.47837195,-0.14166899,0.13870828,-1.0711656,-0.5205696,-0.013978733,0.26279733,1.0171931,-0.49010432,-0.9086673,-0.4142684,-0.63328767,-0.4355884,-0.03006792,0.40039396,-0.12776728,-0.31237575,0.33165458,-0.35067186,-1.0556797,-0.04485754,1.3703586,1.2044541,2.4834855,1.8201717,-0.57950735,-0.5053768,-0.016933737,-0.7582975,-0.6340326,-0.27080008,-0.6664245,-0.335316,-0.7463359,0.06286751,-0.28354692,-0.61373264,0.45105833,-0.38804635,1.521165,1.0422326,0.42879605,-0.035148513,0.20829818,-0.0033701295,2.5632968,1.7776647
0.06002375,0.24268468,-0.46798486,-0.421711,-0.6036974,0.62277794,-0.6919949,-0.29295787,-1.1458514,-0.06202391,3.376831,0.48422807,-0.650736,1.024078,3.8178408,0.7275417,-0.36259744,-0.6205405,1.7747902,3.2756584,0.751463,0.8734297,-0.7772782,-0.8615306,-0.38141462,-0.33760867,0.09085178,0.005542556,1.1671774,0.8990057,-0.6480731,-0.5814583,-0.84544533,0.34044215,1.1535503,0.49792692,0.2920834,0.25009635,-0.9966501,-0.68245816,-0.7853419,-0.855039,-0.46478757,-0.35615128,-0.48484185,-0.3645645,-0.8426267,-0.34000105,1.137596,-0.6436435,-0.962252,0.070645876,1.7751944,0.3614376,-0.61371,-0.12518094,0.36089492,2.147209,1.3357304,0.5553116
0.20140599,0.4536614,-0.315346,-0.09611539,-0.52365786,-0.036285844,-0.6355741,-0.5063739,0.90201676,-0.72533774,0.030847918,0.0912791,-0.6163961,-0.50406474,0.15706009,0.211059,-0.8238004,-0.6593359,-0.51891285,0.080156706,0.027505662,-0.70325994,-0.35584614,-0.6568913,1.8898685,-0.09541319,0.86418027,-0.19572288,-0.1572301,0.04789211,-0.56828207,-0.5313391,-0.691485,-0.05966688,-0.62940454,0.30121684,-0.62086517,0.315775,-0.9576257,-0.6909783,-0.66724855,-0.49808627,-0.33849424,-0.3733845,-0.3513093,-0.34265912,-0.5185617,-0.4956046,-0.022720952,-0.40729636,-0.8816611,-0.8014192,0.82563394,-0.08607197,1.2011143,-0.28242663,-0.6535785,-0.13019869,-0.80505055,0.28750333
0.13384067,0.2524411,-0.3979065,-0.13530736,-0.56435406,-0.5365696,-0.6643396,-0.5850968,-1.1194704,-0.8257789,-0.0054797227,0.0027324096,-0.62948173,-0.32748592,0.09379456,0.114971876,-0.8776519,-0.766397,-0.5629478,-0.20935094,-1.1076127,-0.82939154,-0.7307279,-0.59664446,-0.29287386,0.3172435,-0.52571034,-0.6653482,-0.25088158,0.13488235,-0.85530454,-0.54306954,-0.3800701,-0.58390254,-0.68996114,-0.124245375,-0.6624341,-0.2784841,-0.28629538,-0.58674014,0.14776051,-0.43299133,-0.40023196,-0.45233974,-0.4164559,-0.37117597,0.69276583,-0.4460946,-0.73015684,-0.5437237,-1.0530344,-0.38837117,1.0628963,-0.21264656,-0.5363697,-0.2827315,-0.68785286,-0.3580352,-0.40049353,-0.18378204
0.7988774,-0.33792576,1.8751096,-0.08977114,2.2063355,-0.013168171,0.44608414,0.7705915,0.76483566,0.5766255,-0.36780638,-0.4377337,-0.758831,-0.008536234,-0.36532596,-0.29734728,-1.2606312,0.5134118,-0.9041234,0.1240545,1.6005846,0.8257739,2.8267536,0.95303464,-0.9656415,-0.4569957,0.51673067,-0.5833252,-0.9378568,-1.2254939,2.4606721,0.5527862,0.6793071,0.012163626,2.3240056,-0.33843637,1.9124148,0.12651595,0.0378628,0.453267,-0.21662997,-0.06347334,-0.18763392,-0.60176146,-0.20398062,-0.73502046,0.31524748,0.5953015,0.11334862,0.07941119,-0.14203745,0.8127807,3.444326,0.6081684,-0.29078183,-0.18504064,-0.61805326,0.088622026,1.6346748,0.16515349
-0.07318333,0.25249287,-0.624725,-0.4173392,0.5209484,0.718426,-0.7432682,-0.3130659,-1.1996685,-0.36736196,-0.16384923,0.61182195,-0.68341035,0.96637464,-0.08909624,0.7897853,-0.4482746,-0.70503384,2.518259,4.8127294,1.6584009,0.9101616,0.5376615,-0.59264004,0.17346376,-0.29895192,-0.65914494,-0.40637517,1.7136706,1.3749532,-0.16104503,-0.57877564,0.88328534,0.7329936,0.46431878,0.72011054,0.08916699,0.4386769,0.2805061,-0.73179656,-0.8989947,-0.81866485,-0.58493274,-0.40793675,-0.61396533,-0.3711483,-0.053697176,-0.4250805,-0.2378968,-0.47526616,0.9459412,-0.5110646,-0.6331106,0.43745604,0.32375258,-0.040562164,1.1749313,3.3372335,1.4977449,0.6231883
-0.20494774,0.2871307,2.0544236,-0.31045312,1.6685383,0.13725491,-0.79686296,-0.033029627,-1.2496166,0.19846258,-0.23531735,-0.06038335,-0.70862985,0.12212595,-0.20270686,-0.043773945,-0.26497096,-0.19506764,-0.06705731,-0.17757884,-0.6250822,-0.01817644,-0.9574418,-0.36036476,-0.35516703,-0.04171162,-0.0721499,0.091184385,0.4943138,0.13903776,-0.5386274,0.1116671,-1.1520067,-0.20028695,0.021091256,0.64289,1.1503286,0.6346241,1.1871847,-0.061984926,0.10985855,-0.36117366,-0.69764894,-0.077179186,-0.73634017,-0.21136199,-0.2514694,0.15161243,-0.3039129,-0.24550405,0.92690444,0.12817003,2.6357124,0.20756002,-0.9169789,-0.18869151,-0.87064946,-0.109058745,2.1112106,0.7734024
0.08863682,0.37232804,-0.4478351,-0.22828323,0.7360021,0.14530183,0.653698,-0.45039293,0.8707113,-0.75546634,-0.04133249,0.0964723,-0.64232945,-0.45710403,0.056815427,0.23309423,-0.90907854,-0.67732626,0.2725044,-0.04788415,0.7075122,-0.5532144,1.0418731,-0.6280167,-0.35071576,-0.10685673,-0.18469633,0.020192185,0.94671607,-0.034376383,-0.88263315,-0.5964243,-0.8214315,-0.27531397,2.2385583,0.51124966,0.82659537,0.5639673,-0.99105865,-0.72873306,-0.76480395,-0.56743723,-0.44019496,-0.37098905,-0.4577574,-0.33450547,0.3083783,-0.40590093,0.9089159,-0.48957908,0.271521,-0.66098833,0.88929164,-0.11852422,1.0892293,-0.34339386,0.83521193,-0.32953054,0.15005419,0.42414293
2.7823446,0.4786363,0.2913596,-0.2891379,3.4941554,0.49431026,-0.71409893,-0.32548034,-1.1736393,0.06026028,-0.09689241,-0.07097791,-0.66041136,0.059024096,-0.018033918,0.2593093,-0.97550064,-0.3192395,-0.65001696,-0.07861333,-0.86154133,-0.13318777,-0.46845216,-0.39477524,2.1593544,-0.3373939,1.2831509,0.47149062,-0.4207978,-0.102480225,0.50109935,-0.40151837,-0.47980037,-0.14142899,3.2721798,0.754672,2.9253995,0.7130048,-1.0145813,-0.45095712,-0.8360624,-0.49482715,-0.5162784,-0.25817674,-0.54171014,-0.40967363,0.019904926,-0.12161562,0.20716712,-0.31767952,0.6368536,-0.32678077,-0.5525948,-0.08674881,-0.2414098,-0.25363314,-0.7589328,-0.01683934,2.2078247,0.52672905
2.8240683,0.8382429,-0.49598053,-0.22100917,0.62090373,0.6743852,1.1393803,-0.33414644,0.8636764,0.2518265,-0.0707745,0.036107447,-0.653591,0.19132803,0.014935436,0.23762353,0.96550465,-0.44688696,0.06403971,0.18371278,-0.095902674,0.00323075,0.2782752,-0.4000746,-0.411995,-0.20696343,-0.5856978,0.53802484,-0.37594783,-0.19864966,-0.9108711,-0.40219796,-0.872359,0.07383493,0.2221763,0.8605904,1.6613857,0.85453635,-0.26640505,-0.55446804,-0.19456191,-0.77385736,-0.48041412,-0.4760996,-0.5020283,-0.5714459,-0.626931,-0.033344857,-0.80631775,-0.41010466,0.12752196,-0.22344548,0.6057988,0.18077782,-0.63735604,0.017732637,0.79751265,-0.123854585,1.5407704,0.6675836
-0.05154319,0.8730662,-0.5951244,-0.29277727,0.5784915,0.70205593,-0.73579925,-0.3412604,0.8467926,0.47422627,-0.14651644,0.14110126,1.8290637,-0.073968425,-0.06726518,0.11265312,-1.0130529,-0.41175726,-0.21691152,0.058591317,0.151094,0.11938854,-0.12298666,-0.35104975,-0.5321829,-0.35969144,1.2421187,0.3114397,-0.50140923,-0.2931835,-0.08001015,-0.38028482,0.18946013,-0.24697936,0.51793104,0.5411304,0.81274825,0.7458086,-0.6536158,-0.49790904,-0.8821341,-0.7119015,-0.5646097,-0.37322712,0.646283,-0.5804659,0.14593041,0.15313105,-0.8872659,-0.34854406,0.7704893,-0.30220944,-0.61544126,0.45482567,-0.34609002,0.06386064,-0.7951227,0.1222798,0.7338127,0.7054776
0.19755886,0.6981308,0.47590557,-0.1196054,-0.5285053,0.46353027,-0.6395104,-0.45997396,-1.0959034,-0.11102544,0.035834063,0.07903705,-0.61552376,-0.43792263,0.15260476,0.17763643,-0.345834,-0.7088219,-0.52124804,-0.39969084,-1.0699341,-0.621055,-0.6885468,-0.4396966,-0.2089557,0.102225006,0.8591999,0.14920194,-0.16631863,-0.09839898,-0.8166329,-0.3290671,-0.70335597,-0.42493406,-0.19416375,0.8150605,-0.2780499,0.83924174,-0.95959234,-0.53082716,-0.6747421,-0.4611871,-0.34524012,-0.45725265,-0.35679817,-0.45096183,-0.52089024,-0.2543702,-0.67897666,-0.17534299,-1.0118951,-0.67888874,-0.34337422,0.08345563,-0.46553466,-0.13181426,-0.65419424,-0.26243424,-0.63754916,0.6695192
-0.09241901,0.44725832,-0.64273494,-0.055609897,2.329976,1.1078103,-0.753866,-0.6839848,-1.2091657,0.24553826,-0.17595845,0.04894562,-0.68919975,-0.5539839,-0.11137283,0.10165869,-0.4658629,-0.68193746,-0.32054904,-0.42272434,0.2038897,-0.85421854,0.51850903,-0.47347614,-0.59903294,-0.2626534,4.747595,0.6089297,-0.55801505,-0.17464936,-0.12701496,-0.50037146,0.100900434,-0.34178284,1.8782262,1.4267201,2.2910516,1.6072352,-1.0438111,-0.7518866,-0.9191163,-0.6034887,-0.60499966,-0.43949285,-0.6362807,-0.38390192,-0.9767115,-0.3436909,-0.25729585,-0.23303223,-0.34664786,-0.8473259,1.175927,0.6543927,-0.3878806,-0.599332,-0.23809263,-0.28583938,2.5435684,1.6053513
0.20308912,0.34324887,-0.31944728,-0.04485333,2.4378736,0.6794532,-0.6360787,-0.72434926,-1.0937929,-0.4351014,0.038920727,0.123283155,-0.61433417,-0.5982521,0.15683731,0.13695784,-0.82646364,-0.5263199,-0.5181027,-0.15988365,-1.0661955,-0.8287178,-0.68322444,-0.6777049,-0.20326634,-0.22245555,0.18500188,0.105926685,-0.15831676,-0.26761302,-0.16350205,-0.48314288,-0.69565344,-0.35175267,1.5858471,0.9502824,2.0657046,0.9085517,-0.9583198,-0.83008844,-0.061556444,-0.65838873,-0.34011665,-0.16390426,-0.35283896,-0.2503921,-0.7286436,-0.7762969,-0.6744505,-0.4574133,-1.0076535,-0.7862183,-0.33935848,0.1172244,-0.457274,-0.51164585,-0.6511841,-0.3848502,1.4571337,0.9109387
5.3683987,0.88361806,-0.55625147,-0.3032454,2.3656254,1.175016,-0.7201549,-0.43234593,-1.1739911,0.10502365,-0.10045394,0.25032964,0.49062753,-0.37474972,-0.028726682,0.233303,0.12598014,-0.42211008,0.07564318,0.13578987,0.11046612,-0.16809048,1.6959379,-0.57863814,-0.48228237,-0.3956164,0.4362969,0.06655536,-0.43611002,-0.42803028,-0.17381097,-0.5912993,-0.7054201,-0.40323165,2.4316137,0.9095046,2.3118057,1.3215292,-1.018476,-0.5646616,-0.8473028,-0.81379944,-0.18317547,-0.2921152,-0.5501684,-0.43475443,-0.9046989,-0.029013174,-0.8468789,-0.36630955,-0.77441895,-0.69318074,-0.0096283965,0.5220284,-0.30046842,0.03567952,-0.10333763,-0.16808033,1.2464875,1.3080417
0.03429603,0.97444105,-0.5182701,-0.30860725,0.5737135,0.90270585,-0.7056207,-0.28516614,0.853124,0.35439327,-0.07908475,0.20993629,-0.65628743,-0.17021018,0.00023288577,0.18567918,-0.95632505,-0.31502685,-0.15773192,0.106699675,0.9477405,0.07992704,-0.45344296,-0.49815226,-0.43937507,-0.47457862,-0.21819933,0.19455308,-0.3926431,-0.42539087,-0.41126412,-0.48507255,0.2592453,-0.32842815,0.77389956,0.5651057,1.0061795,0.9919165,-1.0084885,-0.51169926,-0.817606,-0.84219134,-0.16143797,-0.35037673,-0.5201146,-0.55735624,1.1784297,0.13922103,-0.81650156,-0.33150405,-0.2785743,-0.4027231,0.027359253,0.51319975,1.4607897,0.030962655,1.0857593,-0.033889256,0.62956136,0.9154451
2.5178287,0.72538054,-0.8023281,-0.011877843,2.1670868,1.537431,-0.80927753,-0.7857466,0.7803125,0.23699497,2.5827255,0.09868598,-0.71806735,-0.68158543,-0.23122089,0.15666778,-0.28806412,-0.72365916,-0.80676043,-0.22912326,0.35731634,-0.55300957,3.4681573,-0.47302717,-0.25324517,-0.2282729,-0.048280623,0.5449891,-0.73781013,-0.40075344,-0.4470087,-0.6828605,0.106334925,-0.67323387,1.6648825,1.3779027,2.5111282,1.8453385,-1.0822957,-0.75231284,-1.0377648,-0.6131422,-0.7261695,-0.451167,-0.7656741,-0.3274784,1.1639438,0.084467225,0.6767246,-0.4683052,0.17587224,-0.52005583,3.2478259,0.37807453,0.9170402,-0.4071261,0.4034991,-0.47699794,3.0180106,1.7542175
0.17808273,0.63703716,-0.35350573,-0.11701243,2.4005487,1.3614769,-0.64919984,-0.60048646,-1.1050488,-0.16614793,0.022537673,0.19332737,-0.62083733,-0.37956142,0.13322413,0.19959915,-0.84681106,-0.51682156,-0.5375944,-0.3396314,-1.0843046,-0.79023767,-0.3710379,-0.5852757,-0.24202514,-0.31906384,-0.5026172,0.059155323,-0.20109218,-0.470136,-0.83032113,-0.7553044,-0.73008835,-0.5660689,1.955407,1.2095815,1.8937972,1.608396,-0.9655308,-0.7854731,-0.6947944,-0.7496201,-0.36675867,-0.37517646,-0.3785737,-0.35107848,-0.75220597,-0.20534377,-0.69760346,-0.4197126,-1.0259427,-0.76687455,-0.36837226,0.41330293,-0.07464173,-0.2738856,-0.66623473,-0.44257468,0.9053566,1.2680702
0.18866235,0.27152273,-0.33389091,-0.1515703,0.684819,0.21763368,-0.64243746,-0.44975716,-1.0983655,-0.8706734,0.023487415,0.14786994,-0.6190926,-0.483587,0.14213477,0.14727412,-0.8359449,-0.6056729,-0.5287302,-0.3236011,-1.0739648,-0.8596945,-0.6924392,-0.5626995,-0.21974179,-0.11638489,-0.49400848,-0.27596104,-0.17935872,-0.21535714,-0.033116493,-0.7265811,-0.7110585,-0.4961957,0.75019616,0.25675642,0.44734025,0.24445227,-0.9621374,-0.6786257,-0.68070924,-0.4834508,-0.35283992,-0.2049112,-0.36642617,-0.29274175,0.4691611,-0.5134091,-0.03644069,-0.43893164,-1.0154982,-0.85477537,0.7771736,0.026313113,-0.47389856,-0.3693189,-0.6615143,-0.47035053,0.9648394,0.1981751
0.06483267,0.25520757,-0.47155118,-0.024397254,0.63058,1.6377215,-0.69038,-0.54399556,-1.1465548,-0.1787011,-0.06103964,-0.06023021,-0.6481981,-0.69511104,0.03253394,0.18231653,-0.92931944,-0.42322528,0.26006636,-0.25993684,-0.8051548,-0.7120947,0.31702393,-0.36558664,0.7205123,-0.21135007,1.3419034,0.24437478,-0.34077913,-0.2556094,-0.8991452,-0.49341637,-0.84544533,-0.32571307,1.757158,1.2781277,1.3515933,1.5874829,-0.9975756,-0.6963381,-0.78201145,-0.76319903,-0.46179888,-0.2789411,-0.484032,-0.30439562,-0.84270036,-0.39904994,-0.1319957,-0.55443513,-1.0959525,-0.7578568,-0.032067716,0.7442496,-0.6098894,-0.15028276,-0.7282159,-0.50716364,1.1568471,1.553377
0.23146175,0.28517082,-0.28859854,-0.10129204,0.69579375,1.014459,-0.62538,-0.36887786,-1.0807782,0.6199154,0.057915572,-0.17515287,-0.607831,-0.65820414,0.18223263,0.04448384,-0.8034529,-0.34985524,-0.500279,-0.45627847,-1.0492547,-0.2812732,-0.6644773,-0.3589669,-0.16415194,-0.48921072,-0.46797746,0.57943904,-0.12196259,-0.45649105,-0.7949998,-0.3007337,0.25515053,-0.44155392,-0.6080179,1.0581253,-0.60385567,1.1489123,-0.9501833,-0.32780582,-0.6452535,-0.12622026,-0.31526786,-0.2612439,-0.3244948,-0.26818472,-0.37327066,0.16808462,-0.6492086,-0.2869595,-0.9880872,-0.21325555,-0.30562618,0.73388314,-0.42609006,-0.17301816,-0.6357914,-0.6115421,-0.45112628,1.2696711
2.7914186,0.88373595,-0.64612293,-0.17781319,0.5092291,0.40073776,-0.7543707,-0.5321671,0.8372954,-0.49935317,-0.18023229,0.11853474,0.46220228,-0.32891136,-0.11204113,0.17830606,-0.4863881,-0.5595632,0.17192677,0.074392825,1.1488738,-0.33991954,-0.022690464,-0.5903971,-0.597255,-0.05145248,0.56214637,0.25992373,-0.56117624,-0.04370013,-0.99946165,-0.47604653,0.9013198,-0.10242893,0.5756649,0.5665009,1.877036,0.5505373,-0.66708523,-0.7377092,-0.9215448,-0.66896826,-0.6068782,-0.41257966,-0.64068985,-0.40353277,-0.73693794,-0.5311237,-0.92504174,-0.42302677,-1.0583222,-0.5678713,-0.6660397,0.12043569,0.31430292,-0.31373167,-0.8202983,-0.14301817,1.0759196,0.48261082
2.733796,1.6029009,-0.72761357,-0.0312722,0.52731335,0.74229586,-0.7822279,-0.36125708,0.91538316,0.28867638,3.5586348,0.09919868,-0.7058541,-0.073968224,0.8234303,0.23544537,0.35823047,-0.26401836,0.3863277,0.35879233,0.9316733,0.14961292,-0.9353583,-0.3431344,1.336565,-0.12486963,-0.050095532,0.64207166,-0.19529365,-0.25894913,-0.14630671,-0.2863214,-1.1044322,-0.053230636,0.52276486,0.9752024,1.4132807,0.9722283,0.13098061,-0.526827,-0.9796201,-0.9362558,-0.66724974,-0.49375993,-0.70709616,-0.53422725,-0.6738611,-0.16982943,0.90459174,-0.21657069,-0.27205336,-0.3849638,0.23743543,0.5246219,-0.46557075,-0.0013585594,-0.19175066,0.08001851,1.9421413,0.8399448
0.26921177,0.595678,-0.25168705,-0.086164154,-0.48837286,1.0292252,-0.6108458,-0.6679901,-1.0677637,-0.69082814,0.08545809,0.096854016,-0.59767973,-0.36926788,0.21475644,0.23961352,-0.7774593,-0.6384404,-0.47564042,-0.35346684,-1.0272901,-0.8118856,-0.64009005,-0.6192228,0.7275588,-0.11426158,-0.44351786,-0.13117532,-0.07138288,-0.18103941,-0.7734624,-0.67034656,-0.62660235,-0.46436268,-0.577914,0.91406214,-0.58253825,0.86866415,-0.93981016,-0.9315784,-0.6147934,-0.634314,-0.28213614,-0.39831406,-0.2899419,-0.41460705,-0.6754809,-0.3835666,-0.6188313,-0.43776566,-0.96619487,-0.8488806,-0.26747656,0.287433,-0.3861292,-0.3070641,-0.6153363,-0.3882093,0.11486562,0.64099336
0.14153494,0.7227527,-0.38488942,0.08326378,1.2704054,1.6417896,-0.66010046,-0.4058152,0.88513297,-0.054750208,-0.0066669006,0.061379116,-0.629799,-0.35716546,0.1040418,0.047423504,-0.28548875,-0.6568266,-0.26320347,0.5504103,-1.1027057,-0.24052452,-0.7246113,-0.28703952,-0.27924308,-0.2139627,-0.5233873,0.4916343,-0.2396197,-0.0895326,-0.849992,-0.41590786,-0.7602642,-0.21070644,1.2277421,1.5524912,2.397496,1.6150271,-0.9753255,-0.73121876,-0.7193567,-0.82963306,-0.3922906,-0.38616818,-0.40871748,-0.5426333,-0.7790082,-0.3893708,0.58310115,-0.13688666,-1.0444599,-0.7021358,-0.40270692,0.5706395,-0.5243917,-0.37306988,-0.6849112,0.13230672,1.4883872,1.4722284
0.2615175,0.347559,-0.2607812,-0.18949266,-0.49265665,-0.45369095,-0.6139747,-0.6736628,-1.0712811,-1.2206008,0.0754858,0.10283307,-0.600852,-0.42428082,0.20606858,0.36895645,-0.7832653,-0.7654123,0.4416079,0.069401026,-0.7218163,-0.92050624,-0.64604783,-0.67204106,-0.1298972,0.03366959,-0.45007685,-0.47790593,-0.083929025,0.11138213,-0.7786314,-0.7152942,-0.6343955,-0.33734846,-0.58517843,-0.63552755,-0.58773434,-0.6492592,-0.94274086,-0.91129977,-0.6224258,-0.62762874,-0.29144377,-0.29000354,-0.29903004,-0.2990469,-0.6825496,-0.67639965,-0.6257946,-0.6559815,-0.095691994,-0.908841,-0.27601004,-0.32102448,-0.39490613,-0.3326428,-0.6212881,-0.27552313,-0.55013984,-0.7669405
0.21703498,0.38365144,-0.30304217,-0.15608871,-0.5155412,-0.44809222,-0.6300228,-0.606007,-1.0864062,-1.2546462,0.043669436,0.17194062,0.61914736,-0.41949177,0.16708454,0.38900217,-0.2293966,-0.80473113,0.6983681,0.40487468,-1.0566736,-0.9174025,-0.67273873,-0.7268668,-0.18276091,0.008730568,0.8340718,-0.4974662,-0.13934937,0.26206252,-0.804572,-0.819293,-0.67798287,-0.28960773,-0.61882746,-0.6394605,-0.6123382,-0.7141744,-0.9546564,-0.9748781,-0.6557306,-0.7049044,-0.3282473,-0.3066665,-0.3400616,-0.39406818,-0.7171569,-0.6929609,-0.65965354,-0.70202655,-0.9967985,-0.8662887,-0.32038406,-0.35832056,-0.44085598,-0.3612053,0.4377748,-0.048089407,-0.7983351,-0.79607534
-0.055630773,0.61351526,-0.5951244,-0.3550079,1.13778,1.2862673,1.0891293,-0.65932417,-1.1884127,-0.018707316,-0.14841592,0.1779714,0.6515454,-0.5547702,-0.0710522,0.34371865,0.5351256,-0.541569,-0.68671274,0.10876043,-1.2198306,-0.32744586,-0.8552855,-0.49975616,-0.029699774,-0.116071716,1.3183061,0.18851513,-0.50279224,-0.13769437,-0.08347927,-0.47244555,-0.9740326,-0.5387935,1.5017674,1.1364965,2.0302346,1.3425889,0.3284872,-0.6782576,0.40894407,-0.68728375,-0.21954177,-0.24705146,0.22329128,-0.21581975,-0.94004256,-0.2129797,-0.88535106,-0.48090854,-0.29978874,-0.597605,1.0312775,0.48981264,-0.74340206,0.18039541,-0.7953964,-0.34745356,1.738667,1.2628006
-0.082560726,0.7234653,0.068310566,0.09255562,0.56602675,1.8061361,-0.74952596,-0.9237836,0.82533604,0.37253064,-0.1588631,0.042315107,-0.68372756,-0.7138019,-0.1011256,0.09747578,-1.0410706,-0.641644,-0.709874,-0.4099224,-0.5562665,-0.36167738,0.675608,0.05339517,-0.5882468,-0.15045772,1.9390491,0.9037091,-0.54141855,-0.39396593,-0.5082559,-0.3458949,-1.0131797,-0.8086455,1.2999833,1.5724343,1.4005841,1.8814509,-1.0405333,-0.79091746,-0.9108595,-0.4421414,-0.5978268,-0.53106445,-0.62737256,-0.2906836,1.6953715,0.253545,-0.91120225,-0.32757312,1.1371633,-0.33242068,-0.1733771,0.6778947,-0.33180964,-0.21424551,-0.80750525,-0.33475113,1.3989899,1.9110943
-0.5038221,0.21977256,1.5369532,-0.02039951,1.4686183,0.9677932,-0.91757727,-0.7939669,-1.3692104,0.2653309,-0.46515498,-0.14426057,-0.7891262,-1.0538325,-0.47648615,-0.17510442,-0.8042184,-0.6422555,-0.5883313,-0.61104655,0.4689877,-0.1114957,0.80442566,0.10448155,-1.1539832,-0.14700095,0.6190214,0.38377357,-1.1038215,-0.004615598,-0.48682505,0.11950842,-1.4820384,-1.1897637,-0.050634008,1.4268214,0.52928025,1.4741595,-1.1632366,-0.24933422,0.73904955,-0.08567274,-0.05746884,-0.44015497,0.17020036,-0.22928913,0.08104675,-0.12852809,0.6032348,-0.0830733,0.6018018,-0.6134535,0.66461164,0.3351828,-1.2606217,0.12504019,-0.45309207,-0.3791511,0.7484313,1.4159583
-0.11021201,0.5639687,3.9284554,0.26707432,0.5517938,0.8499113,0.25321126,-1.0003557,0.82568777,0.17884253,-0.18070717,0.042407006,-0.69316506,-0.9292786,-0.12384772,0.06423316,-0.9177291,-0.6702569,0.9910783,-0.5050056,-0.449369,-0.3821579,-0.89476585,-0.29679742,0.12888183,-0.016526517,1.9031945,0.11889539,-0.5821194,-0.34878406,0.551462,-0.1749236,-1.0415431,-0.93748486,0.5245571,1.176067,1.9622592,1.525425,-1.0473973,-0.567785,-0.9337566,-0.50271714,-0.6207116,-0.5262969,0.5805615,-0.26592526,0.64903134,0.077823035,-0.93618304,-0.37435782,-0.22719215,-0.9170889,3.944511,0.50226665,0.44256398,-0.3518009,0.40602887,-0.49057257,1.6766652,1.116594
0.26800954,0.49916667,-0.25275695,-0.16961826,-0.48904926,0.25764686,-0.6117542,-0.75637007,-1.0705776,-0.78891164,0.08142169,0.09732322,-0.59974176,-0.48804694,0.21074666,0.23705123,-0.77879095,-0.8409456,-0.47835687,-0.28457344,0.05750965,-0.93547255,-0.32066733,-0.54585165,-0.121718735,0.022023045,-0.44679734,-0.25267082,-0.07760656,-0.03284347,-0.7751854,-0.6252606,-0.62823343,-0.52979535,-0.579425,0.15169224,-0.5838262,0.13463031,-0.9410827,-0.7932793,-0.61701375,-0.5133348,-0.2872596,-0.30605933,-0.29489088,-0.3174682,-0.67732173,-0.50497824,-0.6223129,-0.4678243,-0.96710706,-0.7069319,-0.26988602,0.028953029,0.014299609,-0.24455516,-0.6177307,-0.51019603,-0.7757243,0.01798108
0.23025951,0.36773273,-0.29483962,-0.17947754,0.69387573,-0.07252599,-0.62628835,-0.8284349,-1.0846474,-0.99079853,0.058153007,0.13030177,-0.60719657,-0.4319888,0.1797822,0.26511666,-0.80787396,-0.7954928,-0.5008986,-0.368911,-1.0497805,-1.1222836,-0.66566885,-0.6852684,-0.170671,0.0032588802,-0.46708927,-0.40336466,-0.123642,0.0480306,-0.7974886,-0.70427155,-0.66946477,-0.58968675,0.660799,-0.1988445,0.37407044,-0.19474778,-0.9510702,-0.91026735,-0.64719623,-0.6191418,-0.31697568,-0.3018549,-0.32818404,-0.3099915,0.7693006,-0.59214026,0.4280539,-0.62647265,-0.9921008,-0.8236164,-0.3101439,-0.10605033,-0.42929107,-0.33655447,-0.636544,-0.45523697,0.21807528,-0.3469288
-0.6254878,-0.21283749,-0.29819548,-0.014772889,-0.9949893,0.8980901,-0.9611798,-0.5247892,0.6776025,0.367414,-0.5335364,-0.16910633,0.45871872,-0.84651315,-0.5709389,-0.36101937,-0.88093185,-0.57097995,-0.73825777,-0.5809472,0.55993724,-0.3117404,0.8629734,0.015897915,-0.2070907,-0.40558976,-0.33216625,0.16186857,-1.2570424,-0.19221519,-0.595077,0.2863218,1.1424074,-0.80676925,-0.31515086,0.8955198,-0.34088764,0.7892055,0.18505445,-0.06354842,0.51660585,-0.14100912,0.9526498,-0.40349752,0.9923094,-0.25636342,2.2413707,-0.17147763,1.7729727,0.15163763,0.5795231,-0.011784885,-1.2234259,0.40618736,-0.91999954,0.20220804,-1.0972296,-0.38817096,0.8528633,0.8773342
-0.058275677,0.4933012,1.3024459,-0.10971789,2.3055067,1.0043687,-0.7396347,-0.92658764,0.83342624,-0.73635346,-0.14604157,0.18651934,-0.67881054,-0.9158105,-0.07060667,0.24596046,-1.019498,-0.901335,-0.6894292,-0.4830332,-1.2240951,-0.94467336,0.074527815,-0.7074976,-0.5426134,-0.18787749,1.2577282,-0.15849896,0.86995476,-0.25573748,1.247683,-0.59348243,-0.9816445,-0.69633293,2.4527023,0.96379983,2.9798093,0.80033,-1.0316641,-1.0717587,-0.61946315,-0.64093524,-0.56887925,-0.3456966,-0.5957891,-0.31657323,-0.7184745,-0.6839607,-0.23152405,-0.5743354,-0.7051412,-1.2030904,-0.6181519,0.08795985,-0.74959755,-0.29370052,-0.79416496,-0.50102526,1.8413519,0.75526315
0.2850812,0.13985884,-0.23207225,0.16985716,-0.47833973,1.5064311,-0.6048908,-0.5218968,-1.0600252,0.11291812,0.095667824,0.039773043,-0.59419024,-0.4177726,0.22968176,0.15619335,-0.7640364,-0.7902904,-0.46410745,0.26278082,-1.0165999,-0.6203885,-0.62849224,-0.3242866,-0.0932719,-0.30237162,-0.43374768,0.15099458,-0.050637297,-0.1930053,-0.762598,-0.28454772,-0.6075725,-0.14487188,-0.56414056,1.1233944,-0.5724125,1.2320086,-0.93483573,-0.695732,-0.6009164,-0.7639451,-0.2673635,-0.32488853,-0.27311537,-0.49330285,-0.66156435,-0.4911814,-0.60446954,-0.24726066,-0.95378923,-0.6290671,-0.24860254,0.45100126,-0.36681995,-0.21022299,-0.60623753,-0.06345135,-0.76558954,1.2609613
-0.29920256,0.4459938,-0.88435364,-0.10058261,-0.81022197,0.682741,0.47100046,-0.4914963,0.77187055,0.22886495,-0.31129673,-0.16454306,-0.73575276,-0.71311307,-0.29092214,-0.16788174,0.351892,-0.75916255,-0.09201124,-0.26626533,0.8047176,0.08544545,-1.023057,0.17248076,-0.88006395,-0.0827326,0.4925626,0.76947826,0.35982886,0.21081226,-0.012901744,-0.2890896,-1.2548585,-0.37039953,0.9719581,1.1979383,-0.15783645,1.2579643,1.277599,-0.4331916,-1.0955626,-0.28004843,-0.7907252,-0.9378889,-0.8332502,-0.3395847,-0.8989027,0.14771715,0.9714071,-0.26222917,0.24843593,-0.27035275,1.3749394,0.51238054,0.05590508,0.08449325,-0.92353183,-0.4112497,0.082769625,1.4911083
-0.39586186,-0.2930743,-0.08751242,0.2739531,-0.8696316,0.43029568,0.89117426,-0.20625696,0.8911126,0.949159,-0.38157764,-0.37349495,1.5875053,-0.54236233,-0.37423658,-0.49058962,0.050792783,-0.2500661,-0.9167525,-0.29787073,0.034900613,0.17164394,2.6126058,0.26969254,0.768235,-0.07672071,-0.85939944,-0.009390335,-0.9615661,-0.11374794,0.67644066,0.18352658,-0.8961866,-0.16430934,-0.21363777,0.5380952,0.20295894,0.6596407,2.1743007,0.22697769,0.41749665,0.18269281,-0.87765324,-0.5945585,-0.9283607,0.072347805,0.071324416,0.63333666,-0.5503331,0.16809872,0.81632924,0.4208296,-0.98699856,0.36376482,-0.69586366,0.23825897,-0.19971287,-0.26156116,0.69975847,1.0746965
0.022995066,0.48910797,-0.52094483,-0.01746029,1.2415171,0.918411,-0.7061253,-0.6509543,-1.1634387,-0.3298474,-0.082408845,0.02817014,-0.656684,-0.52865016,-0.002663071,0.24174051,0.048087485,-0.740398,-0.6387699,-0.32084164,-0.9514516,-0.6840817,1.1598903,-0.49880666,0.05376172,-0.32582033,0.08674651,0.067894496,-0.3975825,-0.20495991,-0.6779696,-0.47919407,-0.8978227,-0.28182888,2.5291178,0.9373591,1.289661,0.9824254,-0.257822,-0.7198518,-0.8201732,-0.6631135,-0.49920017,-0.37828338,0.71398187,-0.4027349,-0.87981117,-0.27086028,-0.823813,-0.39081234,-1.1250055,-0.8305656,0.44034445,0.17872663,0.056748822,-0.14833833,-0.749492,-0.3041547,1.1195773,0.7090041
3.0569386,0.5408692,-0.2695187,-0.17154172,0.70790476,0.49069482,0.7276086,-0.48550022,-1.0744468,-0.53906137,0.07334888,0.083996184,-0.6019623,-0.47394434,0.1993856,0.1226224,-0.7903496,-0.7014112,-0.48636323,-0.110967435,-0.23537812,-0.70619786,-0.6513701,-0.50160563,-0.13973507,-0.2021258,-0.45458618,0.07346518,1.386245,-0.08048063,-0.7838482,-0.5217892,-0.64490724,-0.15759218,1.1524512,0.6330605,0.15726244,0.5168959,-0.9447075,-0.64593476,-0.6279072,-0.57442546,-0.2960549,-0.37762052,-0.30541873,-0.35480568,-0.68969196,-0.5361698,0.6796669,-0.47979778,-0.9767305,-0.670844,1.0703773,0.014089549,-0.40481892,-0.2303114,-0.62443507,-0.34010437,0.07146477,0.46799594
0.21967989,0.13452275,-0.30161566,-0.3170731,-0.5153157,-0.51408476,-0.62972003,-0.12823331,-1.0867579,-0.65433896,0.047705844,-0.034021158,-0.6107654,-0.47974554,0.17109433,0.09558523,-0.8121352,-0.2694428,-0.50709397,-0.44034374,-0.35645568,-0.77695006,0.82712024,-0.63640606,-0.178968,-0.17874104,-0.47269174,-0.2756985,-0.13539784,-0.18079056,-0.80280113,-0.1547653,-0.67553616,-0.11384023,-0.6167353,-0.59528023,-0.61140555,-0.584489,-0.4776729,-0.18132664,-0.6540654,-0.32485822,-0.32423392,-0.15589319,-0.33592245,-0.019314438,-0.71516883,-0.6287209,-0.65947944,-0.36174968,-0.9962512,-0.8255753,-0.31867737,-0.35632753,-0.4385843,-0.46495613,-0.6420169,-0.39023685,-0.79734933,-0.7242119
-0.016438076,0.265891,-0.5446609,-0.1507847,-0.64258987,-0.35086587,1.1134667,-0.4833926,0.8376472,-0.8825337,-0.11849905,0.06324816,0.66562665,-0.3052007,-0.038973913,0.18401147,0.38113382,-0.5102031,1.2684253,-0.2266413,-0.50532883,-0.8025519,-0.8258143,-0.7078812,-0.4770671,-0.10186507,0.62474966,-0.33289307,-0.4416422,-0.06314196,-0.9430815,-0.6526914,2.4117866,-0.5294402,-0.80764556,-0.27194363,-0.74761486,-0.3554194,0.0049941177,-0.6986758,-0.8464008,-0.57965,-0.52695227,-0.2987236,-0.5543076,-0.35982224,0.36600253,-0.6554045,-0.84409356,-0.5964108,0.6806427,-0.6220982,0.40770745,-0.21413809,-0.6971425,-0.42133927,0.4430643,-0.4702514,-0.907261,-0.44791105
2.4719055,0.36622152,-0.8556447,-0.18278776,0.39335716,-0.03254462,0.9645009,-0.39557907,0.9079965,-0.22868048,-0.2984752,0.006960531,0.5782983,-0.10664321,-0.2715415,0.32674855,0.62506115,-0.5059621,0.7325332,0.05452173,0.23103538,-0.0636046,-1.0047864,-0.57358843,-0.8442683,-0.09673159,0.5313013,0.23320416,1.6009756,-0.0771895,0.2227759,-0.53746206,0.34746787,-0.2684226,-0.15493773,0.33154178,0.30774093,0.28185195,-0.20042467,-0.38782763,-0.23221348,-0.5046221,-0.7671572,-0.26132998,-0.80985504,-0.114685476,-0.4417014,-0.3744178,-1.0700521,-0.47641164,1.9091974,-0.29606253,0.12178012,0.00772311,-0.6207278,-0.23094375,0.34456515,-0.23495547,0.06259973,0.2593836
0.15355724,0.58267576,-0.3793616,-0.3901857,0.6512446,1.2444711,0.11308198,-0.5273818,-1.1131389,-0.41794577,0.004255135,0.1258375,0.72320104,-0.5922878,0.11206137,0.3596204,-0.30065688,-0.58717924,-0.55208206,0.11912805,0.5506782,-0.44269493,-0.7191301,-0.52054554,-0.27201286,-0.15922958,0.14768708,-0.2007212,-0.22272687,-0.26153147,-0.8453016,-0.72331333,-0.75238043,-0.40697092,0.29613554,1.0707483,0.09321602,1.1018283,-0.49785757,-0.68129945,-0.71130806,-0.6611657,-0.38417843,-0.1737539,-0.40052918,-0.23424444,-0.77127683,-0.53322494,-0.7155339,-0.5494039,-0.2924284,-0.8712739,-0.39266756,0.16581233,-0.13910235,-0.10218792,-0.01801194,-0.25865,0.67825675,1.0793885
1.184077,0.16472583,-0.40593076,-0.30053493,0.6390928,0.5646105,-0.6645415,-0.4002452,-1.1236913,0.18583371,-0.011178176,0.06694569,-0.631623,-0.45411113,0.091121376,0.18536764,-0.87962264,-0.68719745,-0.56709397,-0.30668816,-0.017306702,-0.3502013,-0.73279333,-0.5099369,-0.30188203,-0.04523262,0.13467479,0.06381632,-0.25443798,0.17118238,-0.8583677,-0.4251131,-0.77385694,-0.65110505,0.87442994,0.8360374,1.0798658,0.75382537,-0.9789889,-0.6543629,-0.72983384,-0.31438938,-0.40603855,-0.36072043,-0.42401436,-0.13955116,-0.7889486,-0.16304745,-0.7360756,-0.14278817,-1.0548131,-0.19252919,-0.41646087,0.3839936,-0.53833157,-0.5573616,-0.69093144,-0.1856814,0.7549593,0.6820314
0.04800145,0.42761672,-0.494554,-0.14418322,2.3182511,0.8724151,-0.69623405,-0.49423963,0.86860085,-0.087472245,-0.06436374,0.06157678,-0.6501015,-0.55707747,0.019167988,0.27334282,-0.9434348,-0.6141191,0.11425109,-0.3238134,-1.159837,-0.33242434,-0.786334,-0.3956699,-0.41009852,-0.15798254,0.7353064,-0.03477224,-0.3625126,-0.3624866,-0.13625704,-0.562788,0.28881988,-0.40184665,2.7063427,0.7794589,1.2121569,0.7107043,-1.0019331,-0.543544,-0.79810876,-0.27910095,-0.47853553,-0.29568344,-0.49995875,-0.06754407,0.1022316,-0.35222933,-0.80309725,-0.4193134,-0.72353196,-0.57052135,0.61034405,0.15878591,-0.630541,-0.24820434,-0.7344414,-0.18752664,1.4431369,0.70648813
-1.4468513,-1.3733186,-1.0489062,-0.41210905,-1.4339666,-0.68093896,1.8631531,1.6753001,0.7578007,0.35549068,-1.0960213,-0.9349218,-1.0119781,-0.58904934,-1.2871313,-1.0121338,3.1403,1.6017053,-0.23462382,0.38525298,1.1347029,1.1150129,1.9806036,1.5982467,-0.39624065,-0.08091526,-0.8333932,-1.127473,-2.2890859,-1.6816452,1.0076053,1.8062137,-0.96575916,0.2319536,-0.53281385,-0.81902605,-0.71772087,-0.9718308,2.0445073,1.1093915,1.0314431,0.90508324,-0.63441974,-0.3841259,-1.1517421,0.7581847,-1.4011989,1.0562896,3.6600542,0.70655185,-0.296534,-0.14033678,0.23043464,-0.82551634,-0.1731109,-0.48066968,2.0930083,1.1815727,-0.9220273,-0.86995584
-1.212176,-0.9090279,-0.5239575,0.38166776,-1.3025215,0.27804855,1.8707829,1.2770165,0.54006964,-0.19814815,-0.94121325,-0.7575889,-0.95551175,-0.7712861,-1.0786223,-0.66818994,0.094416365,0.50916696,0.11741561,-0.3386275,1.5188926,0.90635645,1.5037304,0.7679663,1.4173734,0.23697552,-0.14967892,-0.30900902,-1.9806682,-1.4907047,2.2037182,0.9191068,2.8198013,0.70023215,-1.0293223,0.13797289,-0.7745023,-0.1058307,0.78253675,1.0674325,1.2738588,1.4369737,-0.35610992,0.16403945,-1.6529818,1.1109401,2.8725004,0.403095,-0.37033567,0.7348487,-0.2936921,-1.3129122,-0.5699458,0.65063983,-0.1997111,-0.31085816,0.33205622,0.34815967,-1.3237282,-0.026193695
-0.10756711,0.28292158,-0.6429132,-0.18368103,-0.69410825,-0.3784704,0.5711204,-0.5406715,0.81794935,-0.90864277,-0.18308152,0.0788438,-0.6915789,-0.37493327,-0.12162007,0.22806568,-1.0514574,-0.56497186,-0.7210734,-0.24571213,0.6141002,-0.8761589,0.83789676,-0.6549916,-0.5987959,-0.07036092,-0.6789586,-0.32289207,-0.5644363,-0.08493989,-0.42927495,-0.68533224,-0.5991806,-0.575803,-0.1075798,-0.3196807,-0.80224067,-0.37713814,-1.0449679,-0.7473395,-0.922655,-0.54935116,-0.6092692,-0.30557775,-0.64248943,-0.3270735,0.4689501,-0.64662325,-0.91955817,-0.59374446,0.25887462,-0.70926464,0.67697996,-0.21411985,-0.35719413,-0.36844373,-0.16129431,-0.4589492,-0.95128113,-0.5207505
-0.09506392,0.2342154,0.561518,-0.20167102,-0.6870062,-0.5086481,-0.74750733,-0.40231135,0.82005984,-0.8388676,-0.17857024,0.059663285,-0.6911031,-0.27827832,-0.110704534,0.05077623,0.2177553,-0.375771,0.10051428,-0.12495591,-0.54693043,-0.72890556,-0.17210098,-0.5025991,-0.5742605,-0.14389178,-0.6717847,-0.40763223,-0.5478398,0.021960424,-0.10892574,-0.6244809,0.39365372,-0.40696645,-0.87261903,-0.3387062,-0.7937137,-0.4941552,-0.28308046,-0.6168134,-0.9100269,-0.56526697,-0.5985953,-0.28509638,0.03164257,-0.35004452,-0.967802,-0.5048926,0.7461234,-0.46240875,0.18764421,-0.4669246,-0.64425427,-0.30896357,-0.77995545,-0.34113133,-0.8163988,-0.3037306,-0.9424401,-0.61118096
0.13311933,0.2944978,-0.38560268,-0.19089371,0.64307344,-0.35184753,-0.6616145,-0.44335592,-1.115953,-1.0263895,-0.0133150965,0.09511999,-0.6332885,-0.45368803,0.0942401,0.18069713,-0.29907706,-0.5645748,0.26302612,-0.33369055,-1.105685,-0.82972395,0.36954847,-0.5265089,-0.285051,-0.035069082,-0.5285116,-0.29668075,-0.24712762,-0.09096844,-0.8523372,-0.6959475,-0.50482464,-0.4834676,-0.36926618,-0.336649,-0.4144846,-0.30466726,-0.6037131,-0.7485186,0.21509166,-0.5631873,-0.39758483,-0.25260398,-0.41339654,-0.29880655,-0.7829844,-0.51331407,-0.7255436,-0.5678202,-0.16862585,-0.74685544,-0.4062207,-0.28117603,-0.5317231,-0.3010984,-0.69113666,-0.5680964,-0.3303576,-0.5210926
0.14345852,0.42275175,-0.38203636,-0.16589205,-0.5566883,0.8086603,-0.65959585,-0.75553095,-1.1166564,-0.86761874,-0.007854078,0.035661135,-0.6298783,-0.6180455,0.104264565,0.32632878,-0.8697153,-0.8418677,-0.5581821,-0.53418547,-1.1008948,-0.9690458,-0.72222817,-0.58099,-0.28113955,-0.19964124,0.14017022,-0.27686444,-0.24070637,-0.27962804,-0.60928017,-0.70339394,-0.7598111,-0.46194604,-0.54035574,0.5963588,-0.54605865,0.5590931,-0.97486275,-0.87752926,-0.7185935,-0.55154616,-0.3928883,-0.29846597,-0.41051713,-0.31398505,-0.7768729,-0.5829046,-0.72180086,-0.47551793,-0.061248448,-1.0753319,-0.40140182,-0.19607486,-0.52212006,-0.30939633,-0.6870319,-0.5380428,-0.39736116,0.2571978
0.2641624,0.28010398,-0.25792813,-0.16691348,-0.49006382,-0.07879628,-0.6126626,-0.529312,-1.0705776,-0.9016631,0.08332118,0.16658099,-0.59863144,-0.3466419,0.21007837,0.22666125,-0.78033566,-0.5640065,-0.4789764,-0.34547108,-1.0300357,-0.9915756,-0.6434264,-0.64184535,-0.12397078,-0.12856734,-0.44618246,-0.4239558,-0.07681625,-0.06821405,-0.7761426,-0.724456,-0.24781296,-0.554566,-0.5813428,-0.04800254,-0.5848476,-0.1054059,-0.9413912,-0.778132,-0.61826265,-0.51273096,-0.28785735,-0.28697821,-0.29516083,-0.28895724,-0.6789416,-0.6063589,-0.6239667,-0.5383612,-0.96856654,-0.7861119,-0.27169308,-0.2299988,-0.39067256,-0.4219533,-0.6170466,-0.45013955,-0.5275577,-0.34175986
0.115085885,0.2666555,-0.41252846,-0.21239133,-0.5747254,-0.37281945,1.1832154,-0.44942823,-1.1247466,-1.057146,-0.026848923,0.10370192,-0.6368573,-0.43636945,0.07797819,0.18606338,0.10934999,-0.5748408,-0.5762441,-0.35727146,-0.53927064,-0.86100125,-0.74327904,-0.58200485,-0.31574985,-0.03590646,0.43649277,-0.31600654,-0.27320778,-0.07662225,-0.35523427,-0.642756,-0.78980577,-0.48305193,0.4119176,-0.37829247,0.62278646,-0.3508596,-0.24077052,-0.7689664,-0.7418375,-0.5418002,-0.41415069,-0.22138281,-0.4334624,-0.28232518,-0.112843975,-0.4902927,0.96089387,-0.56746036,-0.07877607,-0.80726737,-0.43242347,-0.2783408,-0.5557822,-0.31168854,-0.70098794,-0.5620787,0.056376822,-0.555643
0.11316232,0.47280052,-0.417343,-0.12919123,2.3931417,0.47312346,-0.67180854,-0.6047844,-1.1265053,-0.7977448,-0.028985843,0.01692243,0.70728064,-0.53080577,0.0746367,0.18107834,-0.8924064,-0.5633355,-0.5805809,-0.43088707,-0.42454994,-0.7627428,-0.40802276,-0.49869102,-0.3221504,-0.090188175,0.78070635,-0.25365862,-0.28328422,-0.22720784,-0.86856204,-0.51456887,-0.79478973,-0.5415244,2.1508627,0.5070568,2.0523353,0.45055088,-0.5098691,-0.7528356,0.12972225,-0.6444915,-0.42217743,-0.3777419,-0.4398511,-0.30618495,-0.5807563,-0.5185072,0.30380026,-0.49902654,-0.31831282,-0.7929411,-0.43483293,0.011173582,0.93129545,-0.20006791,-0.7032456,-0.41106603,1.5245373,0.35681933
0.23001906,0.16560435,-0.30036744,-0.23808603,-0.5113701,1.4014535,0.13603647,-0.5826593,-1.0849992,-0.32206935,0.060289927,0.08622748,-0.60656214,-0.24751446,0.17621794,0.16499825,-0.80760765,-0.52086055,-0.50323373,-0.10219788,0.46636334,-0.6509917,-0.66757536,-0.6509507,-0.17517509,-0.38536972,-0.46859238,0.24308676,-0.12739596,-0.009875874,-0.79858935,-0.4746832,-0.6720927,-0.50192964,-0.6135389,1.3215522,-0.6072309,1.2712321,-0.9517257,-0.7219656,-0.6502492,-0.5634083,-0.32107446,-0.40602717,-0.33070353,-0.33755732,-0.7103091,-0.5132023,-0.65390885,-0.48000562,-0.52166706,-0.46096295,0.80593145,0.3340383,-0.43300834,-0.30623618,-0.63640714,-0.22514597,-0.52808905,1.1795506
0.27907005,0.3126339,-0.24330619,-0.25951985,0.7210766,-0.29116312,-0.6074141,-0.7013508,-1.0649496,-1.1242573,0.09163142,0.13098522,-0.5956178,-0.44524443,0.22121666,0.27989843,-0.7710142,-0.716954,-0.46996924,-0.26989812,-1.0216237,-1.092309,-0.63437057,-0.6850071,-0.10678415,-0.04949267,-0.43825698,-0.51664925,-0.061010092,0.036631107,-0.7681977,-0.82144994,-0.61690617,-0.61357623,-0.5711144,-0.41552284,-0.5771645,-0.44695267,-0.937805,-0.97284126,-0.60841,-0.6197271,-0.27598798,-0.23571028,-0.28247344,-0.2649918,-0.6684858,-0.64284015,-0.61212915,-0.6427263,-0.9604025,-0.957267,-0.2572364,-0.2409288,-0.37683597,-0.36815742,-0.61047906,-0.3942891,-0.10424483,-0.6077503
0.29253504,0.26656762,-0.22690107,-0.20050009,-0.4747323,-0.19976336,-0.6020647,-0.6873871,-1.0596734,-1.0715573,0.100891404,0.12807418,-0.5923662,-0.35079235,1.115217,0.29637587,-0.7595621,-0.6918092,-0.4603902,-0.31792304,-1.0127444,-1.107969,-0.62388486,-0.6832457,-0.087582536,-0.08903499,-0.42889675,-0.5255589,-0.041449968,-0.0091289375,-0.75867337,-0.78784466,-0.60077614,-0.5475933,-0.55891013,-0.2724147,-0.56837106,-0.28323486,-0.9335632,-0.9631858,-0.5957819,-0.6200009,-0.26326472,-0.24452414,-0.2685263,-0.30741706,-0.6568519,-0.6412203,-0.5998563,-0.5783662,-0.950779,-1.0045137,-0.24067143,-0.21885468,-0.35990167,-0.3666797,-0.602338,-0.4605617,-0.76266307,-0.5390139
-1.6346396,-0.1350514,1.3784128,0.3249437,-1.5538005,0.043542847,0.4806493,0.29546934,0.90483075,0.18727216,-1.2334964,-0.15468466,0.025751589,0.49485916,-1.4780416,0.23988287,1.68493,-0.018053018,-0.43930525,1.7962208,2.350241,0.4776142,1.6139387,-0.18009143,-1.0141687,-0.002196325,-0.97843915,-0.29080325,-2.59128,0.6649948,3.8374276,0.10656393,0.037608072,0.28633407,-1.5792798,0.4309426,-0.8112554,0.1743895,2.9784648,0.18456429,-0.595162,-0.32194337,1.8420815,-0.30195943,3.0296,0.15457104,0.9692198,0.61364967,1.9121835,0.11469608,0.9543461,0.74781406,-2.3076782,0.67875093,0.8764066,0.32617348,-0.42773375,1.1675197,-0.934696,0.36035424
-1.5533688,-0.40353498,2.3937213,0.37568638,-0.28540352,-0.26892176,1.5517739,0.15062606,0.90694124,0.1912293,-1.1632155,-0.2265093,0.14320427,0.2030033,-1.4098753,-0.27386028,1.4059122,0.24666184,0.25459766,0.90137076,1.4159881,0.17723134,3.0445673,0.39065418,1.2970668,-0.22565846,-0.09406482,-0.3512213,-0.5925511,0.38781,4.583264,0.23919412,-1.7487878,0.48803416,-0.5041875,0.11505445,-0.44855928,-0.07259553,2.3100317,0.25743207,-0.38562813,-0.17226914,2.7828307,0.2678875,4.997278,0.33144617,1.9432417,0.6390851,2.4729044,0.023126017,1.8039205,0.3307994,-0.7926895,0.20100163,0.2582802,0.33637223,1.301174,0.40161443,-0.69847053,0.12023269
-0.32204494,0.11424157,1.7936819,-0.08263882,-0.8201423,-0.34923533,-0.8402636,-0.22203398,0.7743328,-0.94730955,-0.3264926,-0.0014227773,-0.7434455,-0.5352488,-0.3107483,0.03387036,-0.40500033,-0.53590286,1.1798744,-0.3045459,-0.28553978,-0.33858413,1.0594049,-0.4958404,0.20120628,-0.0006074142,-0.8128032,-0.15220353,0.3847784,-0.17752573,0.50898826,-0.30183443,-0.12973393,-0.2406084,0.0036315506,-0.07389937,0.56910235,-0.098920904,1.2755597,-0.42272973,1.900263,-0.32148644,0.12828724,-0.19846894,0.4452671,-0.22305292,-1.1617501,-0.21080703,1.494642,-0.47084,0.049093317,-0.5416951,0.55310285,-0.10674552,-0.5677982,-0.12632196,-0.23836984,-0.52102447,-0.16323423,-0.2367394
0.28892833,0.27474746,-0.22761434,-0.19373375,-0.4764233,-0.37134996,-0.6025694,-0.63291574,-1.0593218,-1.0099643,0.09495552,0.13473417,-0.59419024,-0.4031282,0.23057283,0.22696018,-0.760947,-0.7004232,-0.46348792,-0.22315747,-1.0145553,-1.023454,-0.6261885,-0.6406694,-0.089597516,-0.091561645,-0.431698,-0.43369734,-0.045401506,0.04616528,-0.7604921,-0.74895316,-0.6021354,-0.5179955,-0.5607698,-0.4376491,-0.5700143,-0.41148323,-0.9344115,-0.86554474,-0.59779406,-0.58669466,-0.26557028,-0.2744647,-0.2714057,-0.28006825,-0.6587663,-0.61840713,-0.6014231,-0.5925295,-0.9513719,-0.7949984,-0.24378364,-0.15039518,-0.36299938,-0.33944196,-0.60548496,-0.4090349,-0.3729618,-0.5956325
-0.07077887,0.018074589,0.59615666,-0.14456049,-0.67415476,0.22860655,-0.7396347,0.14060235,0.8963888,0.13660623,-0.1628995,0.022133628,-0.68571025,-0.54637796,-0.08798241,0.03406223,-1.0180066,0.11628416,1.2405967,0.8604073,-1.2250881,-0.03102785,0.60636455,-0.2979391,-0.53704256,-0.399523,-0.66064805,0.00013019051,2.5300062,0.24702948,-0.97548336,-0.22185566,1.7450163,-0.029348044,-0.8516973,0.7924321,-0.78047913,0.7010357,-1.0323583,0.12882379,-0.8919174,-0.7467615,-0.57545435,-0.07030653,-0.6029876,0.050961554,0.09742214,-0.2943275,-0.88926786,-0.62228626,0.30141705,0.23280941,-0.62236845,0.23451291,-0.75599957,0.03318852,0.88687485,0.13113277,-0.9338456,0.8120036
-0.60721385,-0.293624,0.15252428,-0.5962215,-0.9798832,0.51615083,2.1310482,0.71567637,0.9087,0.37501073,-0.53401124,-0.25217137,-0.813632,-0.2573136,-0.5577957,-0.2758583,3.1460514,0.60125864,0.9887984,1.2970471,1.4532669,0.45589367,1.1411524,0.21413536,1.1296889,-0.4830214,-0.3253103,0.3410221,3.2204006,0.97844285,0.39884767,-0.14274332,-1.579453,0.04820364,1.3495663,0.86572534,-0.075525396,0.54293877,1.040238,0.38745007,-1.3479854,-1.298262,-0.6553902,-0.44584203,0.09143718,-0.021839742,-0.24468653,-0.041137278,-0.6015314,-0.45132634,0.38149953,0.70770276,0.10698334,0.1631814,0.4973925,-0.15045802,2.6201355,0.5508138,-0.3118752,0.95767945
0.270414,0.30691755,-0.24580261,-0.2161856,-0.48690733,-0.42102903,-0.610543,-0.591658,-1.0667084,-0.92234856,0.08450835,0.066169,-0.5988694,-0.3866319,0.21742964,0.2036002,-0.7751689,-0.6770622,-0.47449666,-0.15894872,-1.0258297,-0.88600606,-0.63881904,-0.7346142,-0.111880876,-0.16459635,-0.44420108,-0.43948737,-0.071481675,0.0986416,-0.77169156,-0.74750423,-0.6229776,-0.50976163,-0.5758218,-0.44264922,-0.5813835,-0.5220045,-0.9387305,-0.8722904,-0.6130588,-0.69708806,-0.2806845,-0.17982212,-0.28832224,-0.2292736,-0.6731247,-0.6074565,-0.618135,-0.65813094,-0.8439898,-0.7254406,-0.26627183,-0.2799283,-0.38334122,-0.37254688,-0.61581516,-0.34885332,-0.7734756,-0.5971393
0.29590127,0.33152574,-0.22048168,-0.25468373,-0.47270313,-0.33499157,-0.60085356,-0.69209856,-1.057563,-1.0248629,0.10065397,0.14440747,-0.5921283,-0.44340488,0.23725581,0.2301759,-0.75684553,-0.72682875,-0.45838863,-0.2500522,-1.0105246,-1.0182557,-0.62174004,-0.7080093,-0.08153758,-0.08389391,-0.42718866,-0.47813678,-0.03730085,0.12996861,-0.75661534,-0.83631116,-0.5957921,-0.6025578,-0.5554813,-0.3521699,-0.5661061,-0.4374329,-0.9325991,-0.9367138,-0.592382,-0.59948343,-0.2598491,-0.21393472,-0.26528695,-0.25114688,-0.6532439,-0.5742957,-0.5964617,-0.67854846,-0.94799685,-0.766915,-0.23715764,-0.18710585,-0.3555648,-0.40293375,-0.60131186,-0.41781646,-0.7610612,-0.5343638
-0.30978218,0.032284766,-0.8943394,0.09295228,-0.8164222,-0.36099842,0.9452643,-0.001080246,0.88900214,-0.4327369,-0.31770748,-0.024011426,-0.7393216,-0.31701297,-0.30918896,-0.0894545,0.1513918,-0.1476511,-0.4657042,-0.1803982,-0.34426916,-0.17922242,-1.0310007,-0.4794041,1.8298516,-0.049265485,-0.80904543,-0.2170027,-0.847169,-0.052791804,3.3577878,0.0026746308,-0.37966666,-0.25122097,-0.8893135,-0.19568376,-0.79192907,-0.1448616,0.5167463,-0.04733725,-0.36490712,-0.17355828,0.11997649,-0.09511887,0.37201902,-0.07344799,0.079650685,-0.18783475,0.33819935,-0.11662528,0.06470186,-0.28567985,-0.88640404,-0.2104703,-1.0389266,-0.266595,0.28882048,-0.277281,-0.70603305,-0.27176854
-0.25520095,0.46385375,-0.8030414,0.2556387,1.671688,1.0355881,-0.81129616,-0.3056825,0.91538316,0.68660086,3.4851353,-0.022753771,-0.7248877,-0.51208675,-0.24503237,-0.15663934,-1.1613975,0.068212636,0.7492952,-0.22547866,0.38087618,0.0019359412,-0.047339365,-0.0751129,-0.3622885,-0.2771272,1.6399536,0.5267326,0.61676854,-0.6016918,0.544313,-0.1242312,0.4228462,-0.5057955,0.655884,0.51374453,0.9151287,1.2071897,0.012007252,-0.38878185,0.75567335,-0.67265975,0.8338631,-0.38462278,-0.7736825,-0.22960068,3.3116515,0.5110942,0.052759755,-0.35591578,-1.2961761,-0.18807438,2.1216712,1.2046821,-0.95477134,0.10172781,-0.89719325,-0.35957006,0.7103025,1.1911529
-1.2189084,-1.5760933,-1.8051796,0.31595257,-1.3018451,-1.1042335,1.8863122,1.3145405,0.7954376,0.1318835,-0.9483363,-1.0822849,-0.956622,-0.35944012,-1.0835233,-1.3267357,2.0235763,1.3033872,-0.22141992,-0.40768626,1.0165405,1.3640386,0.3908664,1.9411943,-0.8973213,1.2886206,-0.43948397,-0.9234592,-1.9825453,-1.8774151,1.0674732,1.0673833,-0.18392366,0.34600174,-1.0295194,-1.0248339,-0.8518504,-1.352842,1.8895432,1.5334526,1.6784573,2.170591,-1.5460088,1.5605968,-0.48851565,1.7602736,2.4214263,0.59026444,2.036941,0.9141387,-1.5124228,-0.22691816,0.48784855,-0.54114413,3.395202,0.48821217,-0.74211466,0.953012,-0.58321536,-1.4947375
-1.3037859,-1.4467704,2.0411258,-0.27294943,0.07726834,-0.6387749,0.69740313,1.5589294,0.4876594,-0.073554486,1.3086678,-0.67921644,0.4071301,-0.7457803,-1.1661694,-1.0648328,2.7311742,1.1931344,-0.28919378,-0.09313005,1.0012604,1.3120587,0.030627754,1.6268047,-2.1419182,0.2656197,0.42113957,-1.0855256,-2.1102788,-1.7201358,3.7455864,1.7599943,1.3700851,0.8624981,-1.1752375,-0.5463118,-0.4097719,-0.80983156,0.91508925,1.555691,2.330833,2.3466427,2.2749481,0.125986,1.9156348,1.6325471,-0.46536636,0.67675465,2.7425108,0.73588943,0.17669988,-1.1289787,-1.2239809,0.18671305,-0.45986757,-0.1119954,-0.3854471,0.91071874,-0.5619502,-0.9484089
-0.45380935,-0.5652605,-1.0152379,-0.5306426,-0.8875559,-0.4137027,-0.8864903,1.303421,0.7507658,0.3177772,-0.41149452,-0.21641703,-0.77183735,-0.23723423,-0.41544828,-0.3549453,-0.7317638,0.5057841,-0.93729264,0.34701055,-1.4518608,0.9330134,0.5058856,0.78396964,-1.0310693,-0.25035214,-0.21765137,-0.52095175,-1.0047367,-0.81569254,0.52310675,0.017005943,-0.9446485,0.8759346,-1.1621517,-0.669548,-1.005733,-0.6495859,-0.7784308,0.27330932,0.63056284,0.4409779,-0.5167745,-0.72687787,1.2086122,-0.103912026,-0.092411116,0.4324344,0.06184583,0.055276334,0.07587691,0.760394,-1.0316738,-0.030813586,-0.77624255,-0.35987645,-1.0030264,0.30285832,-1.1117436,-0.5560674
-0.6581884,-0.7565907,-1.2308224,-0.32607338,0.19583525,-0.36726177,2.1108885,1.3978585,-1.4107165,0.53509045,-0.5608415,-0.5543606,0.45754698,-0.3793398,-0.59900737,-0.8033222,1.4198574,1.2673032,-0.22567561,0.07312544,0.09478063,0.95301914,2.0404897,1.0003334,1.3076879,-0.08010666,-1.0129893,-0.33982435,0.41685268,-0.5915986,1.2946824,0.75246483,1.1150554,1.2137744,-0.5726751,-0.36287093,-1.1247995,-0.76485413,0.8945865,1.002613,0.20627518,0.5092562,-0.0806433,-0.25681648,-0.49909833,0.25096384,1.573339,0.6581692,0.15660152,0.29047015,1.119299,0.44077373,0.052412048,-0.14545791,-1.3945473,-0.042723812,-1.1126223,0.76845217,-0.73163354,-0.8757121
-0.9010389,-1.0565791,-1.4865282,-0.10919719,-1.1277872,-0.26686177,2.0898998,1.9466071,0.63468945,0.22256611,-0.73630637,-0.49483156,0.4956859,-0.32508245,-0.82221884,-0.7302023,1.8540397,1.1510596,0.007833046,0.058111127,1.1553164,1.2941648,0.013257249,1.398293,-1.6278601,0.2795258,-1.1717718,-0.5778174,0.7604158,-1.0449001,-0.45182103,1.0161308,0.18521833,1.1419706,-0.016794017,-0.5552747,-0.72737646,-0.9891822,1.1860249,1.3857789,1.087201,1.1820083,0.3293521,-0.34887072,-1.3883462,0.34438133,0.8227638,0.8691057,0.005947013,0.60158,2.839787,0.82396555,0.9493171,0.1863995,0.024966339,-0.49202025,-0.28664333,0.8414738,-1.3252518,-0.85986215
-1.2374228,-0.7776843,0.8001438,0.12219075,-1.322475,-0.48068517,0.72836894,0.89035666,0.49856353,0.40451193,-0.9616327,-0.24510807,0.46347377,-0.2827591,-1.1138194,-0.49797043,0.47027478,0.8432468,-0.111971,0.38879147,-0.07665192,0.8259877,1.3164914,1.2648252,0.8533666,-0.18449059,-0.32815066,-1.1584909,-2.0409293,-0.7274646,1.0538241,0.52635086,-0.2509281,-0.62453014,-0.29078358,-0.21972077,0.20360045,-0.32268783,0.9253552,0.3363858,1.1452895,0.40875003,-1.5859718,-0.89442855,-0.5320823,0.31045932,-0.66414803,-0.065249026,2.2689357,0.7958663,0.29618704,0.50446403,-1.8682549,0.3164653,-0.6246076,0.1339884,-0.7424364,1.0020151,0.19935758,-0.22488455
-0.49997497,-0.5592684,-1.0803233,0.14957519,1.5941101,0.3525918,-0.90930086,1.3422654,0.91292095,0.4800496,-0.4480596,-0.25811836,0.5948657,-0.46146482,-0.4669072,-0.502444,0.9998253,1.1014608,-0.9808034,0.011294141,0.11223685,1.1404855,0.16171074,1.249176,-0.13517892,0.07350995,-0.25982955,-0.24074917,-1.090979,-1.1961267,-0.6337151,0.53074294,-1.0044763,0.28762737,0.73919356,0.18814802,1.4728043,0.6564505,0.90583706,0.91353136,-0.17754595,0.32584867,-0.9578354,-0.45525432,0.1992888,0.50996786,2.2579012,0.4827779,1.8640635,0.46087372,0.3325974,0.5981657,-1.0850832,1.0658265,1.7441854,-0.12938838,-1.037164,-0.05275882,1.4213679,0.95036244
-0.40716282,-0.15461327,-0.99259174,0.5039289,-0.8690679,0.8066965,0.90095913,1.1235543,0.90940344,0.4459096,-0.38347712,-0.19585109,0.5357246,-0.51555324,-0.38359275,-0.39836672,2.431453,1.1742343,0.7944747,-0.3531698,1.4219736,0.82537377,-1.0904198,0.48468798,-1.0044004,-0.036074243,-0.8637038,0.01316412,-0.9649249,-1.178716,0.42393577,0.35391048,-0.85235727,0.3948558,0.59354424,0.4238121,1.4704537,0.83313775,1.6123062,0.97505367,-0.31762922,-0.040666692,-0.87731165,-0.18273829,0.28940228,-0.17801197,0.5391523,0.6183379,0.48609337,0.14114359,1.6249689,0.39723837,1.9351561,1.2592502,0.3497351,-0.172772,0.3606744,-0.5214551,1.5361189,0.8686234
-1.0114036,-1.2500982,0.23925939,-0.020085335,0.21289666,-0.36903408,1.720953,1.6205227,0.90483075,0.97786415,-0.7923412,-0.8994367,0.49939954,-0.055278476,-0.9193448,-0.78300357,3.497389,1.8606949,-0.44634363,0.19585307,0.11179362,1.0481204,-0.024572145,1.9051043,-0.007975868,-0.018868934,0.71273214,-1.2842133,-1.7608638,-1.8170594,2.2718506,2.3257346,-0.46375892,-0.13211155,-0.54633176,-0.85498387,-1.0615517,-0.42752618,1.6237874,1.5606406,-0.7147268,-0.22815366,-0.0141933225,-0.3257716,1.9073538,-0.3698392,-1.0224375,0.40483037,0.5226887,1.1010691,0.9701394,0.13859445,-0.36773422,-0.39478746,-1.3146148,-0.5625373,1.3499161,0.6077538,-1.0287763,-0.3471158
-1.234297,-1.1036751,1.3963572,0.521844,1.0790368,-0.01085473,0.74924564,0.81571776,0.9115139,0.82509243,-0.9687558,-0.60209525,0.26488754,-0.7697101,-1.0975575,-0.7424215,1.1015687,1.0963287,-1.4384524,-0.027824115,1.0928011,1.2683806,0.6885434,1.429297,0.7421033,-0.18368924,2.895682,-0.33560964,-0.13921912,-1.7026637,0.43611386,1.1464312,2.208647,1.3395631,0.85327435,-0.6877614,0.4814911,-0.14314333,2.4733188,1.3381114,1.6836338,1.1509757,2.8014038,0.57505256,3.0193098,1.0309302,0.023764636,1.3100995,2.6560154,0.1679106,-0.6675754,-0.7438663,-1.8667489,-0.28276476,-2.0172968,-0.4844532,0.7145636,0.6571801,1.4541609,-0.18764389
-1.3102779,-0.32741982,-0.7538326,0.014946657,0.08977149,0.3376569,0.7175655,-0.16469744,0.5238893,0.5250876,-1.0155306,-0.2537984,-0.97954166,-0.47905028,-1.1657238,-0.14759386,-0.41596642,-0.14930454,-0.70804954,-0.22944883,0.70401007,0.20738468,2.350026,-0.23346539,0.62444395,0.37264,-0.7418796,-0.022884253,-0.25489917,-0.16868158,2.017467,-0.021553628,1.025025,0.19434853,0.0022563331,0.5528833,-1.2137762,0.8410865,1.9832749,-0.0040496457,0.2958387,0.42357036,2.6386552,-0.1103406,3.0495536,0.14140838,2.3733392,0.46318778,-0.063668005,-0.15208751,-1.3764948,-0.47779062,-1.9494734,0.66025037,-0.24778925,-0.33007964,1.6792312,-0.50893563,-0.7847012,0.8156463
-0.7067585,-0.7559864,0.836811,0.29924354,-1.0249759,0.17240942,0.8952596,-0.21379025,-1.4283038,0.7448115,2.2511854,-0.34549496,1.5855526,-0.64970535,-0.6319767,-0.20044619,0.81556517,0.04567122,-0.21456867,-0.6341748,0.53439224,-0.16849509,1.0268762,-0.10337611,-1.3539408,0.4951904,-1.0448961,-0.5019424,1.3979988,-0.68854845,0.5790993,0.31719705,-0.89258385,0.64378035,-0.34205648,-0.040048733,-0.9945859,0.57148886,1.1485596,0.76458114,2.4918282,0.54039,1.4816834,0.55448234,2.3826435,0.37432745,-0.46337694,0.49508947,0.11321382,0.3823659,-0.27779707,-0.2985502,-0.32472664,0.45088938,-1.447209,-0.24974634,1.104487,-0.75572765,-0.82885605,0.6991947
0.29349682,0.21176983,-0.22333474,-0.39992446,-0.47450686,-0.25957298,-0.60145915,-0.7382335,-1.0586182,-0.94411963,0.09756731,-0.022758426,-0.59347653,-0.5476786,0.23502815,0.18304428,-0.75855005,-0.7315101,-0.4602949,-0.30532885,-1.0122771,-0.9248561,-0.6234082,-0.7690105,-0.08521196,-0.32231683,-0.42971662,-0.81911194,-0.04135118,-0.34395882,-0.7583862,-0.56754726,-0.5985107,-0.6680797,-0.5579221,-0.47393894,-0.568149,-0.56524336,-0.93333185,-0.92167497,-0.59515744,-0.8686901,-0.2625816,-0.5827777,-0.26825637,-0.5210456,-0.65567374,-0.83753914,0.71855134,-0.48304483,-0.9495932,-0.7019842,-0.24077182,-0.52441686,-0.3587658,-0.61512107,-0.603501,-0.47782823,-0.7628171,-0.77864707
-1.0294371,-0.9739818,0.21686654,0.5193353,-1.2078267,0.066337585,0.80146223,1.5458851,-1.550008,1.2552227,-0.80896163,-0.50061005,0.49110577,-0.003966595,-0.9289237,-0.7531925,0.7628838,1.6842358,-1.3160219,0.5195018,0.28292832,1.3809713,0.59172577,1.4647877,-1.7807618,-0.95594287,-0.50362813,-1.1769205,-1.7661984,-1.016578,0.51635915,1.1360607,0.32057387,-0.20231995,-1.3435643,-0.34109128,-0.5316619,0.13751943,1.0882381,1.4140327,0.83983624,-0.47141904,-0.7457251,-0.7546846,-0.33003917,-0.36107707,1.0545124,-0.07908026,0.63786393,0.87968725,1.0749294,0.8797326,-0.5662268,0.5023723,2.114009,-0.3251075,-1.3167633,1.2745574,-1.3864919,0.09050998
-1.1116695,-0.7825355,0.4938984,0.48673546,0.22584093,-0.07953229,0.7767934,0.72989213,0.5752443,0.13669777,-0.87235695,-0.6522329,-0.9301336,-0.7024149,-0.98662007,-0.89114684,0.5238802,0.7565397,-0.6599121,-0.74726325,1.80022,0.8702116,-0.49000448,1.1064878,0.6224554,0.7526351,0.5762382,-0.4454583,-0.63731444,-1.0154077,1.3198073,0.6120963,-0.45473933,1.1027228,-0.72775495,-1.2945138,-0.85192895,-1.0338022,1.8986238,1.4871068,-0.0012023732,1.8525865,2.7850647,1.6169221,3.6735194,2.0621383,1.1669216,0.7384189,0.45640466,0.8278798,-1.6413484,-0.20015234,-1.7334261,-0.6037548,-0.68436986,0.9918948,-0.68301487,0.18188082,-0.9018329,-0.9718264
0.26512417,0.7061364,-0.25525337,0.021637335,-0.48972565,1.0461159,-0.61256164,-0.5194853,-1.0702258,-0.13104445,0.0788099,0.060644474,-0.6005348,-0.4781513,0.21074666,0.23900576,-0.77948344,-0.6016217,-0.47931,-0.52396476,0.056896556,-0.4877949,-0.6431881,-0.41771004,-0.122904025,-0.1918705,-0.4475489,0.2455363,-0.079285964,-0.3984544,-0.775999,-0.5002114,0.11729365,-0.54389256,-0.5808198,0.8272463,-0.5851141,1.0486541,-0.9410827,-0.63385135,-0.6186096,-0.7910557,-0.2874304,-0.35821182,-0.29552075,-0.36163387,-0.6784262,-0.27993718,-0.6233574,-0.13394,-0.9677912,-0.8157256,-0.27259663,0.5473395,-0.3898465,0.008570906,-0.61903054,-0.456506,-0.38534418,0.7873832
-0.4165402,0.18550262,1.6831083,0.15499152,0.41314384,0.52116543,-0.87801206,0.44586796,0.91256917,0.43439427,2.439666,-0.1429762,0.6122678,-0.44489276,-0.39361724,-0.04274656,-0.7159964,0.715331,0.32863727,-0.5068688,0.088353075,0.26494125,0.35521212,-0.051148657,-1.0071265,-0.19689834,-0.8741572,0.45668572,-0.9772734,-0.63322276,0.94532454,-0.12647174,-0.9005741,-0.10320315,-1.1451238,0.38249654,-0.29293188,0.99590784,-0.49400157,0.5834953,-0.89830035,-0.34014735,-0.501054,-0.03288993,-0.93169004,-0.46901557,0.21665844,0.3526223,-1.1816388,-0.15756579,2.0732064,0.30381146,1.3933134,0.9575899,2.2040513,0.38192794,-0.28414738,-0.23731351,0.44716474,0.7696391
-0.7166168,-0.6841084,-1.3108865,-0.29497173,-1.0391802,-0.4583725,0.7349829,-0.12975113,0.8341297,0.54455334,-0.59479475,-0.4003526,-0.83845496,0.08959831,-0.65804034,-0.44590864,1.320863,0.17587675,0.13142833,-0.1978546,-0.17441997,0.43863153,1.250826,0.4757597,0.87729615,-0.6333191,-1.0568527,-0.7134281,-1.3649195,-0.66714054,-0.75951236,1.0506961,0.2993745,-0.34015617,-1.3909535,-0.66064245,-1.1662352,-0.4529503,0.49815392,0.13855414,-1.4304149,0.07025047,-1.1439879,-0.8325216,-0.020689486,-0.33694586,0.60295576,0.2739839,2.4473567,0.43069682,0.2839212,0.33479068,-1.3129771,-0.6615071,-1.4753984,-0.02205303,0.35573518,-0.47849905,-1.1082658,-0.28380963
0.56762654,0.3533344,2.5215042,0.17109331,1.5141639,0.5106152,-0.9705664,-0.51953524,0.90729296,1.2138085,-0.581261,-0.042242017,-0.830445,0.15944067,-0.60903186,-0.05398307,-0.5121493,0.07072523,-1.0836469,-0.047338884,0.10450309,0.54667795,3.3544881,0.33230466,-1.3209898,-0.20412637,-1.0300018,0.97625995,-1.2944833,-0.57892185,-0.21730049,0.09286132,1.2880551,0.19968785,0.95117927,0.5837551,1.7641755,0.94729203,0.20081303,-0.24546096,-0.45059174,-0.031650137,3.1727693,-0.16413666,1.7445296,-0.46305346,0.5533749,1.0728148,-0.33550668,-0.5969331,-0.06631524,-0.062130645,-0.6056533,0.7457589,-0.36303344,0.455824,-0.17806697,-0.035215016,1.423339,1.2669587
-0.88685256,-0.8670646,0.71185875,0.44689617,0.19616893,-0.5946208,0.85993916,0.15966603,0.85417926,0.5721341,-0.7025905,-0.5031726,-0.87358785,-0.25677294,-0.7885812,-0.6387421,0.30992684,0.3436548,-1.2112244,-1.1226633,0.6075145,0.1793081,0.14474557,0.59700936,-0.46078587,1.0656981,1.9882859,-0.5965802,-0.35300285,-1.0443469,1.627642,1.2078161,-0.13886023,0.596728,-0.3151581,-0.39776868,-0.33737874,-0.21655421,0.72709894,0.6065274,3.6151524,2.0119913,-0.7841739,0.48814306,-0.03160758,0.5449781,0.4198619,0.6190215,0.23905933,0.5774079,-1.6922904,-0.14939298,0.20798042,0.0050423965,-1.640095,0.18950613,-0.561199,-1.0147992,0.35233843,0.10980643
-0.88156277,-1.0358483,2.2320914,-0.07807731,1.2571576,-0.5440208,-1.0548444,1.5795785,0.8467926,0.8925459,-0.7277587,-0.5008862,0.50342464,0.109350085,9.196767,-0.6303329,1.0682194,1.4634621,-0.36004898,-0.52413106,1.2883108,1.0465162,0.9258447,1.5249665,-1.6032062,0.49758664,-1.16166,-0.6558575,-1.5883791,-1.6112078,2.7796798,1.8520857,0.41910255,0.457181,-0.33512273,0.048200466,0.6968677,0.20663257,1.8979763,1.084362,-0.7231039,0.79744315,-0.86960256,-0.06061279,-1.364861,0.39306185,0.29255736,0.7936091,2.8705583,0.7071613,0.59529626,0.5400075,0.008499559,0.44986206,3.2999606,0.38279256,0.4859784,-0.06826478,0.28323326,0.5869239
-0.8822841,0.11737875,0.60583127,0.050071582,0.058334373,-0.25051212,0.85520464,0.06986809,0.8418681,0.7971992,-0.73559403,-0.17416379,1.4111743,-0.2902353,-0.8026154,-0.3188068,0.69727457,0.19835202,0.4700707,-0.15766902,1.1914074,0.0975607,0.20236418,0.064969696,0.2688346,0.024203721,-1.1688339,0.0022103507,-1.5825505,-0.83892673,3.1636856,0.21696603,-1.3233628,-0.3449252,-1.5210747,0.13878548,-0.7141797,0.4379236,1.4664181,0.23879975,-1.1856759,0.13681708,0.13667856,-0.58887464,0.12607512,-0.8105173,-0.20143715,0.54589224,2.7792625,-0.24508914,1.1846737,0.1495234,-1.4847507,0.69251555,1.3307195,0.41613907,1.6341339,0.3786468,0.03776458,0.53058136
-0.60192406,-0.59579074,1.6774484,-0.62607366,-0.9758249,-0.61272573,0.79043627,0.8037012,0.678306,0.28818157,-0.5126421,-0.28180787,-0.80942875,0.06519564,-0.55801845,-0.27991623,0.95751345,0.96480626,0.55549467,0.55590886,0.44121304,0.6865698,-1.2197436,0.41453198,-0.48417842,-0.74746907,-0.32433575,-1.0166477,0.42717904,-0.9451164,1.7728684,1.1271152,0.41763,-0.1652622,-0.38452885,-1.0338999,0.2025825,-0.66643584,0.81880546,0.28635293,-1.3407,-0.98196024,-1.0475814,-0.9743375,-1.1087736,-0.60613376,0.14262456,-0.1502706,0.9995546,0.2577152,0.63823473,0.61050344,-1.1956167,-0.3428643,0.7048044,-0.20069967,0.9385708,0.30817768,-0.5728124,-0.9001763
-0.46631253,-0.5252319,-0.14502308,-0.0012601027,-0.8970254,-0.029993529,2.0628374,0.14790614,0.8886504,0.7548575,-0.43618783,-0.38081053,0.5131767,-0.09169964,-0.43727934,-0.5563197,0.5440507,0.44822168,0.28222013,0.076160505,0.50276226,0.35253334,-0.4215854,0.060326952,-1.0602273,-0.909146,-0.90333104,-0.80042243,-1.0424738,-0.69374543,1.9375148,0.7930298,-0.6198589,0.16933116,-0.42180422,-0.63274276,-1.0173688,-0.5643651,-0.14827819,0.2725175,-1.2245494,-0.9118823,-0.9265823,-0.92418647,-0.97821045,-0.5186529,0.36266458,0.061955355,-0.7215504,0.69639593,0.79383785,0.29308534,0.2734849,-0.20579673,-1.1974277,-0.3196463,1.2983116,-0.13741213,-1.1194447,-0.5037625
0.29277548,0.33201844,-0.22529623,-0.25930303,-0.4743941,-0.32597145,-0.6019638,-0.6578289,-1.0596734,-1.0793364,0.10041653,0.1309959,-0.59276277,-0.536019,0.23413709,0.2534957,-0.75892293,-0.6865881,-0.46077147,-0.26563153,-1.0126276,-1.025611,-0.62388486,-0.7161369,-0.08722695,-0.12709416,-0.42951167,-0.44080797,-0.041647546,-0.09812278,-0.7584819,-0.75914353,-0.59986997,-0.49048933,-0.5583871,-0.40154824,-0.568149,-0.38145033,-0.93337035,-0.9247441,-0.59543496,-0.6002903,-0.26335013,-0.2525853,-0.2689762,-0.3199415,-0.6563364,-0.5770951,-0.59950817,-0.69054615,-0.9504141,-1.0285586,-0.24097261,-0.21263799,-0.3594886,-0.3611735,-0.60302216,-0.3952906,-0.76290953,-0.5913238
-0.10900978,-0.08476132,-0.6491543,-0.2927768,-0.6952356,-0.34707126,-0.75578374,0.5768781,-1.2140902,-0.84021735,-0.18141948,-0.10124614,0.46017408,-0.5111955,-0.12228836,-0.019287892,-0.33346668,0.067222446,0.03638835,-0.42449427,0.5048837,-0.27631563,-0.15232733,-0.31663117,1.20771,-0.44646025,-0.013152341,-0.5550391,1.7223194,-0.39426187,0.55508363,-0.13669477,0.12183038,0.028035859,-0.2655098,-0.46544218,-0.80446124,-0.4365894,-0.39729697,-0.05293043,-0.66069645,-0.2679868,0.23702462,-0.16328451,0.242271,-0.17343873,-0.7451516,-0.42253032,-0.2644262,-0.19812804,-0.20006253,-0.6863292,-0.6726657,-0.38641322,-0.44747356,-0.14089796,0.27479637,-0.21651617,-0.9548237,-0.745761
-1.205203,0.08536357,0.36064777,0.31398013,0.025019255,1.0069196,1.815098,-0.22473311,0.8911126,0.16658743,-0.93812656,-0.14099357,0.26486158,-0.52972984,-1.0786223,0.030251896,1.3700768,-0.2026606,-0.55397743,-0.0072249942,0.8397503,-0.4691296,1.1223314,-0.65302736,-2.0011063,-0.2930008,-1.3604797,-0.114666864,-0.8114373,-0.3691549,1.3353635,-0.4661953,1.8065454,-0.43200445,0.30518925,0.97505766,-0.33924806,1.3824533,3.0457408,-0.42343083,1.6766632,-0.41994897,0.25336307,0.0034466991,-0.4904972,-0.19609722,-1.2343688,-0.08597745,1.3874016,-0.22852278,1.2647142,-0.6523371,0.3623108,0.9497576,-1.372962,0.1337719,-0.22650047,-0.038171913,0.088383466,1.2157179
-0.8906997,-0.8350735,-1.511849,-0.09256028,0.2773174,-0.8133046,1.5048668,0.87253433,0.6058462,0.8270991,-0.72395974,-0.4090316,0.523912,-0.2602374,-0.81820905,-0.68058336,1.698075,0.9171026,-0.37055388,0.28493005,0.9377675,0.41229355,0.28862348,-0.024800928,-0.897569,-0.8285602,0.6342002,-1.1567352,-1.6116931,-0.87491274,1.3053552,1.3517259,-1.4090861,0.9458966,-0.5961404,-0.9146771,-0.66901535,-0.95123756,2.8063042,0.23332389,3.0222623,-0.31309104,-0.3939541,-0.8616111,-0.07888066,-0.73638827,-0.3845972,0.13767125,0.8079286,1.2589858,0.9703195,0.28297445,1.2565145,0.0009208601,1.1874346,-0.2111665,1.4139756,0.07308315,-0.7014019,-1.0036855
-0.27179173,0.13323182,1.0554253,0.08284745,0.47923028,0.8318872,-0.8232061,-0.24635392,0.78066427,0.32204464,-0.29040238,-0.10435177,-0.7297255,-0.27201787,-0.2670862,0.17814732,-0.31524858,-0.19705519,0.064888865,0.2949335,0.59449357,0.12503906,-1.0051042,-0.23515043,-0.8308746,-0.23795716,0.25390485,0.34928712,-0.79342806,-0.24115257,0.51871777,-0.35514683,1.9310186,0.3393225,-0.43064728,0.89535165,-0.44050843,1.0212893,-0.45698017,-0.53781444,-0.10075249,-0.3601447,-0.76135063,-0.5636859,0.72252655,-0.34704736,3.2990632,0.12915486,-1.0679632,-0.083030194,0.07595198,-0.29387987,3.2351682,0.9042582,0.5019773,-0.34765992,0.3843671,-0.00053221826,0.2781578,1.3188369
0.98323506,0.2760464,-0.81784165,0.65775496,0.49242848,1.3183074,0.98307836,0.0680163,0.9185489,0.944449,-0.2664214,-0.30170894,-0.7217948,-0.23120503,-0.24146812,-0.18152249,1.3196836,0.55930555,-0.010759799,-0.18368284,-0.24154013,0.18286268,1.2875774,0.20890519,-0.79685694,-0.52196604,-0.76354235,0.0023288196,-0.7539126,-0.9634087,0.7758064,-0.19951898,-0.046491954,-0.54862595,0.31247067,0.8905184,0.65859264,1.9375802,1.6714987,0.13649687,0.5429421,-0.1480861,1.7462509,-0.46614397,0.5485305,-0.6422954,-0.21047409,-0.00873675,-1.0475086,0.48126814,-0.08043173,-0.016957441,2.9392216,1.8332859,0.6832491,0.28036878,-0.8947988,0.17430395,1.7780435,1.8978388
-0.57980305,-0.8548359,3.2344766,-0.18746361,-0.961057,-0.46633568,0.8109842,1.0157734,0.89216787,0.8641548,-0.5143041,-0.53852314,0.47631934,-0.23895423,-0.5344053,-0.41533467,2.259787,1.2689799,-0.16981795,0.37903255,0.75009614,0.50939584,0.9276184,1.1289861,-1.2037653,0.07408212,-0.9747285,-1.091556,-1.1903602,-0.9379878,2.711111,1.3257459,-0.78018916,-0.028580884,-0.25957465,-0.7410889,0.22668616,-0.41723815,1.3241082,0.6788457,-1.3171785,-0.7250077,-1.01778,-1.1318022,-1.0788097,-0.9160045,-0.22405481,0.09902288,-0.8036286,0.20623358,0.51734835,-0.020730576,-1.1690124,-0.2619467,-0.8701884,-0.23336832,-1.0823842,0.22235921,-0.6286486,-0.50122416
-0.50911194,-0.25190952,0.17585385,-0.25395715,-0.9151752,-0.3546264,0.40372142,0.044379774,0.7377512,0.27957648,-0.4627806,-0.12078193,-0.79190195,-0.4053251,-0.46289742,-0.27776247,-1.3357888,-0.52849954,-0.57614887,-0.6735079,0.70542943,-0.21761051,1.1092427,0.8552707,-1.0935338,0.17798004,-0.9266975,-0.506292,-1.082088,-0.8992741,0.5130694,0.29054973,0.59588224,0.18922754,-0.43649727,-0.39511496,-1.0368652,-0.52366585,0.03684681,-0.10853962,1.1788284,0.47557822,-0.2826333,0.05912319,3.207892,0.37962586,-0.7630834,-0.1786223,2.0824485,0.49375343,-0.86495525,-0.19003892,0.2341355,-0.05320023,-1.2266498,0.2257772,-0.45151916,-0.47878748,-0.30440697,-0.5109318
-0.37013415,0.018003872,0.029658858,-0.1899902,-0.84550697,-0.30986005,-0.8581285,-0.5124385,0.7732776,-0.06685367,-0.3718428,-0.046962086,0.43580464,-0.43045184,-0.34884128,0.062627696,-0.26463625,-0.55847025,-0.41748384,-0.5571719,0.29032758,-0.7526995,-0.6838109,-0.5233201,-0.9267642,0.34760705,-0.17567946,-0.42912176,-0.91513544,-0.23252915,-0.26607454,-0.34181008,1.2056935,-0.1958648,0.59394747,-0.39710584,0.34592986,-0.29824734,0.5793142,-0.36059868,1.014776,0.2727787,-0.83529925,-0.18142848,-0.8837299,-0.08454846,-0.920247,-0.059090458,-0.46862292,-0.19354817,-1.0113441,-0.15552531,2.519526,-0.15633817,0.75959146,-0.33485347,0.0009813148,-0.6024604,0.56773674,-0.24540046
-0.330701,-0.17908019,1.0265387,0.027619183,-0.8218333,0.32082036,1.0454894,0.035524372,-1.293585,0.2907076,-0.32245618,-0.01464339,-0.74154216,-0.21133836,-0.32233214,-0.12144214,-0.2041244,-0.22932124,-0.87019175,-0.81423897,-0.3472176,0.14905205,-1.040136,0.042480826,-0.89950264,0.14311561,-0.82216346,-0.010655186,-0.86099935,-0.7255914,0.75708985,0.4164512,-0.022281691,-0.20421197,-0.79854923,0.12433058,-0.72445744,0.16568859,0.3569687,0.35379568,1.1212828,0.7045184,-0.80848646,-0.051177133,0.6687732,-0.09322321,-0.656317,0.03241673,0.9189407,0.42871946,-0.10496976,-0.093447536,0.069485724,0.13877268,1.7921594,0.18681465,-0.9410453,-0.5881416,-0.26667532,0.5681132
-0.851507,-0.673117,-1.4567493,-0.37715566,-1.1117793,-0.5294802,2.4589896,1.7736652,0.80810046,0.8598186,2.0904062,-0.60300136,0.38753474,0.2612086,-0.78724456,-0.6905187,0.43549576,1.5588226,0.4988094,1.3870751,1.2125509,1.7680796,-0.21895999,1.2253336,0.4890512,-0.71013874,-0.77076757,-1.1680511,0.7561283,-0.40440005,1.925283,1.3095365,0.5550526,0.5527986,0.5277302,-0.06288575,-1.2459534,-0.027295128,0.29616416,0.964912,1.2097616,0.16855639,-0.8619,-0.28255737,-0.16262366,-0.039543837,1.4963531,0.5315866,0.34294367,0.89232117,1.1337981,0.08382889,-0.17735347,0.3823162,-1.6235738,0.14238347,1.7588606,1.5833464,-1.30566,-0.34861174
-0.26265478,-0.10322752,0.044754297,-0.17372715,-0.78237724,-0.4942778,-0.8154344,-0.29280227,0.7760915,0.16401538,-0.2951511,-0.18108696,-0.73305637,-0.6478792,-0.2619626,-0.102210864,-0.5786295,-0.27425522,0.4072602,0.204315,0.19592357,-0.19982965,0.092982754,-0.5364237,-0.8046798,-0.6257883,-0.78465414,-0.64111567,-0.7796964,-0.6670851,-0.31459212,0.43352568,-0.76960576,0.083153844,-1.015177,-0.9192396,-0.89701426,-0.6856059,-1.0886968,-0.4725415,-1.0552498,-0.9525632,-0.7525554,-1.0930159,-0.7932985,-0.6788529,-1.1077775,-0.48542932,0.6015259,-0.06813093,-0.4625688,-0.5280345,-0.8316894,-0.37114024,0.96354854,-0.58250916,0.42941314,-0.13664003,-1.0260445,-0.9178095
-0.56681895,-0.17722921,-0.35004744,-0.5494437,-0.9487693,-0.36211458,2.125824,-0.21535417,0.8566415,0.23006237,-0.5045693,-0.32442552,0.4799313,-0.40118068,-0.5263857,-0.30290923,1.7948838,0.010420269,0.22583506,0.24757047,0.49679103,0.26004463,1.537069,-0.21694967,-1.1970091,-0.816561,-0.97254217,-0.7609346,0.5666552,-0.47453746,0.34041533,0.45597798,-0.6990815,-0.08310179,-0.22928958,-0.6633323,-0.8566225,-0.5102114,1.021434,-0.31241867,-1.3046892,-0.95702416,-1.0142789,-0.89733744,-0.115031704,-0.60304517,-0.710461,-0.28212523,1.8571534,0.19874051,0.24659505,-0.5284694,1.2258159,-0.25203776,-0.77050066,-0.41194865,-0.49087888,-0.192968,-0.8056946,-0.5900517
-0.90969497,-0.70900136,-1.4954439,-0.31759667,0.15371726,-1.0662329,1.9784019,0.5126812,0.6336342,0.4664212,-0.7313202,-0.172581,-0.8869114,-0.2992572,-0.814422,-0.6563845,0.92242616,-0.115801096,-0.4074779,-1.1408559,1.953585,-0.16442934,0.15873125,1.443853,0.29827985,1.24685,-1.177101,-1.149661,-1.6111004,-1.0976181,0.4532028,0.82998586,0.8279617,0.6618755,0.8789029,-0.8634713,-0.05130762,-0.892258,1.1413991,0.58551854,2.126047,1.6239445,0.39160842,0.64999115,0.64514387,1.118848,1.7185997,0.22805677,0.10798354,1.0214232,-1.1431865,0.24359243,-0.23029853,-0.13442597,-1.6717952,0.2165979,-0.3140741,-0.62276125,-0.34408614,-1.018701
-0.81135255,-0.1827021,0.89292496,-0.28830647,-1.0794253,-0.2717999,1.8817037,0.2635334,0.8682491,0.25729382,-0.68074644,0.009580633,-0.8679571,-0.3028706,-0.7315531,-0.2789703,-0.62777686,-0.2275978,0.40483063,-0.48417708,1.7110957,-0.034422893,0.36353183,1.05865,0.83323437,0.32512107,0.24918912,0.0005137082,-1.4733893,-1.1137067,1.6443044,0.11500531,1.3754861,0.64023834,0.39206704,-0.35163796,-0.35491464,-0.3037649,0.96722716,0.04365617,1.2092046,0.64733213,-1.2012852,-0.22770013,1.4966023,-0.080330834,-0.07649158,0.56459934,0.29953748,0.41501963,-1.0700748,0.18258736,-0.10160146,0.24812229,0.7390389,0.003444584,-0.028064283,-0.23400982,0.003982795,-0.3939309
0.24877386,0.120194584,-0.27201512,-0.13622108,-0.49964604,-0.339028,-0.6189203,-0.08043192,-1.0758538,-0.6015631,0.068837605,-0.049507078,-0.60354847,-0.011100153,0.19537582,-0.08180873,-0.79152143,-0.08472318,-0.48855543,-0.35916775,0.06530481,-0.0855235,-0.6535149,-0.3332463,-0.1431724,-0.12701811,-0.45581597,-0.32319996,-0.0987473,-0.23885666,-0.7853319,0.1687574,-0.646629,-0.2073262,-0.5938377,-0.31982026,-0.5945737,-0.19837166,-0.945633,-0.0012133475,-0.63130707,-0.14349844,0.960273,-0.16296586,-0.30892798,-0.098434,-0.6922691,-0.05245988,-0.6357173,-0.18535857,-0.97873735,-0.12885304,-0.28855926,-0.26422527,-0.4083297,0.120576516,-0.6268295,-0.38253897,-0.78416485,-0.2748656
-0.38119465,-0.6188544,-0.9323208,-0.7858627,0.35231835,-0.35265052,2.218208,1.9854089,-1.3020269,0.69654596,-0.3765915,-0.29780588,0.5477085,-0.062395163,-0.35842022,-0.5845704,0.7266507,1.3125474,1.693616,1.6110137,-0.627166,1.7773249,-0.6870201,1.1838161,0.8271025,-0.2307601,0.4431336,-0.8467392,-0.9140488,-1.0175362,-1.163481,0.45130852,-0.095235534,0.8026099,0.5794268,-0.23887363,-0.2434551,-0.18272886,1.1131531,0.63659954,1.4077026,-0.031483658,-0.46454042,-0.8890453,0.33141628,-0.64706063,-1.1994499,0.61231464,2.1193128,0.035201184,0.16132605,-0.13666278,1.316314,0.5274665,-0.24242312,-0.037201557,2.4210281,1.333417,-0.24640153,-0.36838308
0.16028973,0.36290607,-0.36705777,-0.025196392,-0.54868436,-0.011967036,1.2033279,-0.3473997,-1.1106768,-0.65849,0.0068669263,0.0855064,-0.62543714,-0.41954845,0.11651669,0.19047049,0.36301854,-0.23524094,-0.15680695,-0.09310378,-0.014258692,-0.6148431,-0.71174246,-0.8198617,1.5839143,-0.16967773,-0.51211405,-0.33619234,-0.21936806,-0.18688974,-0.83936685,-0.3893498,-0.7436811,-0.17211993,-0.66810966,0.05941279,-0.64777833,0.1624853,-0.22710042,-0.5303008,-0.70561844,-0.46458498,-0.38084817,-0.20613311,-0.3955802,-0.07820293,0.52109325,-0.2821362,0.35989553,-0.38805422,-1.0358855,-0.6719724,-0.38353172,0.049329728,-0.50694114,-0.095024034,-0.105806105,-0.50127655,-0.82618266,0.07848518
0.10691072,0.13108744,-0.42269248,-0.07335873,-0.5779946,-0.31382543,1.1784769,0.32711303,-1.1275605,-1.0796254,-0.037770957,-0.037920415,0.70693743,-0.5577816,0.06795372,0.13721307,0.65896446,0.041913457,-0.5832497,-0.4940627,-1.122801,-0.62304425,-0.74526495,-0.6334364,-0.3254692,-0.07832459,-0.5460706,-0.32816282,-0.28585273,-0.01225964,-0.38825384,-0.23518585,-0.39914444,-0.1809513,0.25706458,-0.3155898,0.065435566,-0.2549584,-0.244483,-0.011574987,-0.7489148,-0.46165597,-0.42559308,-0.13275404,0.8027476,-0.0040106038,-0.58892417,-0.6248397,-0.7502633,-0.23606437,-0.3199646,-0.9630734,0.100981496,-0.24217097,-0.5641461,-0.31551093,-0.7066662,-0.4807332,-0.33288947,-0.3433327
-0.43697813,-0.8281759,0.87415135,0.1261871,-0.883723,-0.49483383,2.1783266,1.8063899,0.7440826,-0.11845158,-0.39914787,-0.76843697,-0.7664445,-0.7820387,-0.41455722,-0.77342945,-0.03832248,1.8749762,-0.5956557,-0.65661705,0.32822526,0.89690125,-0.18593414,-0.14810693,-1.0393662,1.1558644,-0.21319686,-0.8000983,0.71361005,-0.41456437,-0.6388438,1.1278756,-0.18450652,0.41026977,-0.22354682,-0.47591332,-0.36071697,-0.54439354,0.8069863,1.1856647,0.5274729,1.1630301,0.31214863,0.5563733,-0.95481527,0.58903825,-1.2568097,0.35049334,1.5423748,0.6608855,-0.5133171,-0.9135909,1.179365,0.16925642,0.06961645,0.023878014,-0.9959116,0.049352854,-0.8331952,-0.607062
-0.71036524,-0.9181288,-0.364452,-0.08879502,-1.0363618,-0.020489106,2.0866232,2.0217156,0.8953336,0.8832449,-0.6047671,-0.82620454,2.4985995,-0.45519322,-0.652694,-0.79090935,1.578664,2.505553,-0.2669758,-0.026925832,0.24536653,1.357789,1.5854852,0.13561897,0.10938881,0.3410231,-1.0526849,-0.8436464,-0.17938466,-0.99116224,2.6281781,1.6510941,-0.5587316,0.66413546,-0.63062924,0.3687901,-1.164592,0.10921646,0.8485996,1.9468517,-0.4360054,1.0714593,-0.7325511,0.1490887,-1.2036141,0.22364996,0.11919858,0.4568927,1.191757,1.1770446,1.0476016,-0.29821083,1.7920716,0.9703414,2.8478918,0.032031532,-0.08907709,0.76198244,-0.90332687,0.04193774
-0.70002604,-0.53230125,-1.2713003,0.21512648,0.28068048,-0.48872945,2.0836356,0.5471394,0.70328003,0.3061445,-0.6064291,-0.36613947,0.28242433,-0.37656203,-0.64177847,-0.5894767,1.9534593,0.07943925,-0.8297558,-0.45938155,0.14515038,-0.09258388,-0.35113785,0.74749357,1.475774,0.87094784,-1.0535731,-0.66138655,-1.3445691,-0.49882475,1.2236639,0.54456383,0.14921668,0.837532,-0.60736567,-1.2218893,-0.53833854,-1.1344498,0.8325255,0.81573457,0.78210497,1.1762468,0.83368826,0.7525493,0.859241,0.9368002,-1.1500623,0.2073647,-0.23101275,0.67513984,-0.38636637,-0.010489358,0.96268445,-0.66311574,2.5119846,0.2901546,-0.034632746,-0.33672282,-1.2338231,-0.93207777
0.28027228,0.32527885,-0.23795669,-0.19899997,-0.48205987,-0.4201738,1.2702997,-0.6077905,-1.0638944,-1.1490256,0.087595016,0.07502812,-0.59712464,-0.47406173,0.22143942,0.24092238,0.24278173,-0.7331905,-0.47063646,-0.24497375,-1.021098,-0.9570507,-0.63325846,-0.64562654,-0.10405799,-0.028668433,-0.4385986,-0.40922207,-0.059824627,0.07742851,-0.76676184,-0.7426338,-0.61310023,-0.5197976,-0.5691966,-0.51524496,-0.576143,-0.54158676,-0.18614131,-0.9632052,-0.606606,-0.6090343,-0.27521947,-0.28896496,-0.28175357,-0.31168628,-0.6673077,-0.6441493,-0.6099531,-0.6372385,-0.9583045,-0.925356,-0.25492734,-0.27068046,-0.3745643,-0.3542082,-0.6113,-0.3407554,-0.76950175,-0.6821315
2.013386,-0.7066739,-0.3708418,0.173272,0.26175666,0.05724127,0.7370546,0.40652937,0.86086243,0.7112359,-0.5855348,-0.36505526,-0.8348862,-0.6689767,-0.6511346,-0.5860557,1.3765432,0.090164684,-1.116149,-0.37379903,0.3917658,0.3228193,1.3449283,0.7031802,0.4650662,-0.3209602,-0.6333377,-0.8398853,-1.360968,-1.2084885,1.283393,0.95594764,-0.47101596,0.9967401,-1.3868272,-0.96732515,-0.61685103,-0.8032708,0.20736425,0.4477369,-0.019379472,-0.029837392,-0.12712184,-0.38333368,-1.204334,5.018618e-05,-1.1588703,0.03851383,0.025725229,1.2073742,-0.19341671,-0.42107773,-1.305046,-0.5970825,0.2007077,-0.43474236,0.5522187,-0.43375292,-0.37817258,-0.6855
-0.502139,-0.49228263,1.6659608,0.29298982,-0.9144988,-0.64700603,-0.9057683,0.45021522,-1.3498644,0.09628445,-0.45304576,-0.4386059,-0.7856367,-0.4397889,-0.4631202,-0.49864498,-0.46945503,-0.13622156,-0.9751322,-0.9381172,-0.19865188,-0.2147628,-0.7543294,0.5347675,-0.003006436,1.1526947,-0.9240329,-0.6191476,1.2797452,-0.93359697,-0.4904454,0.51129186,-0.121627524,0.7805231,-0.30355394,-1.1847322,-0.5314256,-1.2363609,-0.047699958,0.59829366,-0.3047425,1.0907011,1.0982386,0.24666037,1.1447318,0.8582871,-0.9942884,-0.22101288,2.600877,0.9863771,-0.7764184,-0.15001918,-0.10370398,-0.681824,1.5219927,-0.10155864,-1.0341538,-0.6594931,-0.6066658,-1.1105909
-0.39057204,-0.20105302,1.7485849,0.500313,-0.8505799,1.0715773,1.0231712,0.96564496,0.9062377,0.8106108,-0.38252738,-0.3462112,1.7331805,-0.080839396,-0.36087063,-0.065946855,2.141314,0.9648051,1.1469749,-0.06786998,1.1261358,0.48584658,-1.0708781,0.05704267,0.8507285,-0.059470143,-0.8518156,-0.25368106,0.2698821,-0.86000395,1.1906651,0.5225606,1.5498784,0.45143953,-1.1101962,0.79155236,0.90829057,1.0613676,1.437364,1.0960635,-0.13517387,0.36934352,0.39430192,-0.005240391,0.93947476,0.2959469,-0.13058826,0.18455997,-0.09120017,0.7243908,0.20161419,0.023622638,-0.95979184,1.4848526,-1.1011913,-0.36569288,0.79523194,-0.23138581,0.88165796,1.0526114
0.035017367,0.15747224,-0.49936855,0.20818439,-0.6179016,0.4538625,-0.7014825,-0.011564917,-1.1528863,-0.07706994,-0.08027192,-0.16805404,-0.6560495,-0.42993227,0.010925649,0.017555257,-0.06158075,0.112606704,-0.6282854,-0.046959613,-1.1670222,-0.40538967,0.9975307,-0.55467176,-0.4154323,-0.01587049,0.38132414,-0.12337219,-0.38118362,-0.43827263,-0.1412506,-0.427588,-0.8780679,-0.1837981,-0.7701609,0.38562137,-0.7206572,0.80740166,-1.0041696,0.07033942,0.01714966,-0.3496059,-0.15015416,-0.26890233,-0.5061675,-0.16994269,0.5375374,0.018180868,0.45753992,0.10813073,-0.9775319,-0.31903902,0.6001457,0.5740765,1.2861224,-0.22928938,-0.7434033,-0.2983857,-0.3455382,0.6184454
-0.92388123,-0.81490636,1.6791219,-0.4676796,-1.1521373,-0.4923654,1.7764556,1.105941,0.90236855,0.74346113,-0.7389182,-0.6276325,-0.8867528,-0.18912837,-0.83959454,-0.70566815,2.5305214,1.6766595,0.19288088,0.5824074,1.6422544,0.9072103,0.66095245,0.22553246,-1.6683968,-0.26038012,-1.1884426,-0.8327527,-1.6425152,-1.3074862,2.2312822,1.5010195,1.8787264,-0.14595437,-0.4715562,-0.6166095,0.105178185,-0.47882804,1.3468411,0.8818421,-0.6290937,-1.0685003,-1.3232236,-0.5736971,-0.23155951,-0.4897761,-0.19450001,-0.055653676,0.6209271,0.8423232,0.834599,-0.18129036,0.6291457,-0.17402387,-0.7135648,-0.21173652,-1.2641546,0.7431589,0.028540248,-0.55290675
-0.7786519,0.14783905,-0.3240515,-0.17728183,0.3419026,-0.13050511,0.8647426,-0.06741662,0.9108105,0.32170692,-0.6349214,-0.12780294,-0.8517785,-0.49759153,-0.702148,-0.05314093,0.2614877,-0.5920338,-0.75215286,-0.77311623,-0.35086837,-0.37475368,-0.4126507,0.32291737,-0.22382937,0.07731809,1.1479989,-0.15921338,-0.92718583,-0.7148655,0.9290388,0.015218302,1.7871698,0.18835725,0.36051306,-0.26703534,0.10006143,-0.197187,1.3154317,-0.17073949,2.3928986,0.6018756,1.4132391,-0.2979719,2.3713272,0.20423539,0.63612795,-0.2005337,1.3939009,-0.08602161,-0.31014434,-0.15068795,0.22731955,-0.19253866,-1.0610492,-0.27240917,0.44097224,-0.84539,-0.34701568,-0.09255619
-1.2879165,-0.9739334,1.4873251,0.1621527,-0.0956446,-0.379023,0.71690553,1.7707386,0.50243276,0.7167842,-1.0117316,-0.7100425,-0.98517245,-0.37670213,-1.1717385,-0.8510577,1.6692517,1.9570059,-0.82457495,-0.46729746,-0.04290984,0.62975603,0.44644606,0.01951195,3.2827277,0.63692826,-1.4132932,-1.0923733,1.4244429,0.8751907,3.3889072,1.6229366,1.453567,1.6753527,-0.56265,-0.6333625,-0.8505313,-0.69338995,2.8164704,2.2003474,1.9963133,1.3199501,1.6070154,1.7634836,-0.20067859,1.4219391,0.20480122,1.0086292,1.4724993,0.41351706,-0.63743526,-1.3029715,-1.9264833,-0.46585694,-0.50053984,-0.18005125,-0.4910759,-0.0010259459,-1.3620961,-0.82110935
-0.36027583,-0.09353999,-0.9171639,0.052887935,-0.8384049,-0.4248663,0.92344725,0.61100614,0.750414,-0.62969184,-0.3659069,-0.2639816,-0.75510365,-0.70137477,-0.33681193,-0.12981755,0.18826132,0.60234666,-0.37302268,-0.5785766,-1.0399078,-0.767598,-1.0541964,-0.7302035,2.7257178,0.32425526,-0.83507645,-0.69476116,-0.42216146,0.30378485,-0.01639634,0.3630101,0.425139,0.636026,-1.0942144,-0.8467666,-0.95470446,-0.8152103,0.28485236,0.68055505,-0.8444565,-0.016217288,-0.8215513,0.35766524,-0.8660035,0.58429563,0.13844308,-0.6626268,2.2571526,-0.08364915,-1.3599831,-1.3908758,-0.9299749,-0.7992816,-1.0763061,-0.41149628,-0.21851613,-0.547733,-0.81468445,-0.9343207
-0.845015,-0.13683243,1.6226691,-0.3857159,-1.0948696,-0.50321573,2.0534885,1.0972847,0.64524186,-0.019766152,-0.71612436,-0.014023634,0.39119148,-0.6710104,-0.75895333,0.12769563,1.4050137,0.6293738,0.61543703,1.7353996,3.0492935,0.60664,2.1841192,-0.44427043,-1.5011532,-0.008409815,-0.4640936,-0.72205603,-1.5154731,-0.077826925,0.6731907,0.06365191,-0.16289885,0.47994003,-0.39973128,-0.036497213,-0.375399,-0.47550252,0.58621716,0.05913665,-0.4775935,0.39454383,-0.83034635,0.0045395633,-0.34658444,-0.19931662,0.29264906,0.28894636,0.02307997,-0.39405537,0.10603999,-1.3071431,0.80932146,0.91647774,-0.08883998,-0.018477466,2.269022,1.8093697,-0.8642466,-0.6007867
-1.3287923,-1.120415,-1.0561945,-0.5264789,-1.3664403,-1.2901518,2.5936222,2.6561885,0.75709724,0.14392173,-1.0262152,-0.88044906,-0.9906446,-0.94201463,-1.1806492,-1.0551177,2.9658585,3.0817673,0.36571285,1.354107,1.3844523,1.4401209,-0.5307393,1.3948679,-0.1998162,0.8354595,-1.4266162,-1.2736447,-2.1474233,-0.55009425,1.4112334,1.0969051,1.3056166,0.5484229,-0.74935246,-0.813456,-0.5896105,-0.81678003,1.1806864,1.0726694,1.5213338,2.0597563,0.35798088,0.9905834,2.240263,0.69629973,1.1219201,1.01799,1.2633393,0.32699776,-0.751615,-1.6010942,-0.53025585,0.19232821,-1.1719779,-0.38974538,0.69945914,2.1972494,-1.3764576,-1.4516529
-1.3617334,-1.5234145,-0.033060197,-0.21078075,-1.3920305,-1.1140972,2.0354989,1.8319931,0.42223457,0.8938914,1.676359,-1.0649027,0.21362403,-0.36981297,-1.2174056,-1.4397361,3.1307259,3.223747,1.1659966,1.19328,2.5121713,1.302882,0.84643286,2.447088,1.3960809,0.28694698,-0.79882,-1.8997997,-0.39698777,-0.5348968,2.1845822,2.247101,0.75649637,1.0981793,-0.74219245,-0.87507343,-0.10740824,-0.74369115,2.7367854,1.4760649,3.6581333,2.3364596,0.68418074,2.4254005,0.2015514,1.9799176,1.8401597,1.0479392,-1.9402018,1.6551508,0.37803504,-0.86563915,-0.4929068,-0.3444473,1.0729045,0.45891017,1.828377,2.1860788,-0.43120456,-1.3746791
-1.0590119,-1.1339055,1.485356,0.15760753,-1.2380389,-1.0141228,2.980363,0.18765034,0.53549695,0.7083172,-0.8063499,-0.5981256,-0.91696864,-0.46084154,-0.9569922,-0.9471077,1.8357058,0.12981765,-1.3428527,-1.3267969,1.3211612,-0.03413497,3.406775,1.6379864,-1.0963165,0.6068889,-0.8742457,-1.4447768,-1.836931,-1.3718923,0.33619156,0.9277476,0.5008931,0.9069455,-0.69865763,-1.8429288,-1.16333,-1.604659,0.8903271,0.7788954,1.7145622,2.5513525,-0.4454042,1.9615062,2.4330885,2.1862032,-1.0309842,-0.2522934,1.8193067,1.3423144,0.7884457,0.28262064,-0.42453447,-0.9605583,-1.3615663,0.21394967,-1.3324296,-0.87220496,-0.7345276,-1.3671695
-0.45597336,-0.0945252,1.1532662,-0.10580051,2.1141014,-0.51767397,2.0992126,0.71828586,-1.3168001,-0.6839061,-0.4461601,-0.20548443,0.5223554,-0.636668,-0.41455722,-0.21603839,-0.33608818,0.4873117,-0.4539129,-0.46894366,0.14828527,-0.9549505,0.25833112,-0.5843038,1.2753294,0.59029776,-0.8936975,-0.8744647,-1.0072063,0.05892165,0.87230134,0.22569788,-0.46718597,0.385177,0.5284009,-0.631905,-0.28940138,-0.7020424,1.3368888,0.46709886,2.002246,0.37210268,-0.23816441,0.16254766,-0.94185793,0.50994635,-0.9877514,-0.563906,0.863905,-0.181106,-0.3069796,-1.3058624,0.30553347,-0.5409628,1.295757,-0.36503366,-0.30921355,-0.49167973,-0.49135578,-0.81908053
-0.851507,-0.87372345,0.8106831,0.007619218,-1.1142595,-0.83782446,0.88438827,1.7431692,-1.4599609,-0.35663038,-0.71754897,-0.68156326,-0.8797738,-0.93358755,-0.7694233,-0.81532806,1.1444126,1.9938033,-0.42608517,-0.8361988,-0.09903717,-0.07182523,-0.34033144,-0.15721977,-0.7403864,1.2446809,-1.1418463,-1.1167529,1.968452,0.07568981,1.5731415,1.4829445,1.036272,1.5607451,-1.2347391,-1.0883633,-1.2431555,-1.0948023,1.8132141,1.7930217,-0.5453297,1.5490615,0.24718927,1.5428023,-1.3136616,1.9457105,-1.5835172,0.17885277,0.90481293,0.5479618,-1.2728267,-1.6915306,-0.46882835,-0.540227,-1.12904,-0.1972814,-0.45047724,-0.48576778,-1.1562027,-1.3531849
-0.99385107,-0.7352712,-0.34897095,0.20801921,0.079168394,-0.5260152,0.5840313,-0.0057176417,0.9132727,0.5107651,-0.798277,-0.6010624,0.33386075,-0.40740082,-0.9021918,-0.72533625,0.49382907,-0.34967375,-0.8962473,-1.4832776,0.3412879,-0.21710484,-1.0541828,0.5287029,2.0800898,0.8990145,-1.2387966,-0.7672307,-1.7456504,-1.6970114,-0.9931913,1.1505989,-0.09694512,0.93112344,0.06316152,-1.3018268,-0.6492717,-1.3216366,1.0031667,0.61205417,0.25339252,0.7905207,-1.3830827,1.3637862,-0.28310406,1.6205139,-0.56586635,-1.2033538,-0.43466613,0.3616911,0.26217428,-0.124342516,0.3942516,-0.7000775,-0.68673956,-0.12612312,0.033555944,-0.51453227,-0.09314956,-0.7863246
0.19371173,0.41149122,-0.33121616,-0.110105634,-0.5295199,0.22037704,-0.63991416,-0.7488815,-1.0959034,-1.0117406,0.031085353,0.13256325,-0.61615825,-0.36586037,0.14837222,0.22328608,-0.8307782,-0.8207715,0.21106188,-0.43467933,0.32665873,-1.0754172,-0.6890234,-0.82608134,-0.21203744,-0.28140917,-0.48949918,-0.07042759,-0.16938108,-0.16160992,-0.037232343,-0.7341707,0.037893254,-0.6353025,-0.63870305,-0.010933404,-0.13156606,0.001876004,-0.96040213,-0.77252525,-0.67543596,-0.35489002,-0.34703332,-0.21860978,-0.35877776,-0.3445862,-0.735565,-0.6846127,-0.67888963,-0.44787326,-0.88757896,-0.71565413,0.81412745,-0.22901253,-0.466877,-0.5146883,1.5015304,-0.5358655,-0.46415737,-0.072280094
1.1061319,0.05958528,-0.5236196,-0.15968812,-0.62793475,-0.13638788,-0.7082449,0.20043735,-1.1641421,-0.55674237,-0.08098423,-0.22990344,0.50112325,-0.51657945,-0.005113496,0.0002598986,-0.9613853,-0.051209383,-0.16940518,-0.72558475,-1.1767777,-0.8868961,0.6053733,-0.76329166,-0.44447178,-0.05910529,0.06740272,-0.1495239,-0.40074375,-0.46816713,-0.5005464,-0.014419216,0.6796966,-0.26300493,-0.44774684,-0.46661714,0.45116797,-0.44717893,-1.009684,0.25890997,-0.8212834,0.073580205,-0.5017619,0.17320795,-0.5236239,0.0907796,-0.24924342,-0.77690244,0.43824282,-0.15718378,-0.62266695,-0.76629764,-0.5303074,-0.48122787,-0.6606924,-0.43525556,-0.06791011,-0.6228857,0.5878425,-0.37050647
-0.4990132,0.31010404,-1.0505445,-0.2676509,-0.9151752,-0.2618484,1.001043,-0.35800037,-1.3438846,-0.9495065,-0.47037855,-0.01720357,-0.7933295,-0.57955307,-0.45888764,0.22955033,0.6121859,-0.8188838,-0.9769908,-0.462428,0.8304734,-0.9433151,0.21969622,-0.8836004,-1.0908076,-0.034482174,-0.9217099,-0.3057327,0.11707332,0.13724673,2.8479636,-0.5890473,1.8449018,-0.64247537,-1.2033558,-0.43813968,-1.035755,-0.40388367,0.9536445,-0.5344925,-1.2457118,-0.41718903,0.5116356,-0.12681328,1.7076545,-0.19250642,0.20878233,-0.72321707,-1.2397822,-0.5072111,-1.4469595,-1.0049502,-0.10361497,-0.5519052,-0.7792033,-0.5196605,0.6855775,-0.5536421,-0.5781076,-0.64044374
-0.2157678,0.019114548,-0.76719975,-0.26817513,-0.7607327,-0.56208235,1.0890919,0.399555,-1.2443404,-0.9057053,-0.26072294,-0.25888115,-0.71886045,-0.8104419,-0.21362238,0.012668377,-0.114761166,-0.26774296,0.018465737,-0.62327504,-1.3134723,-0.7145429,-0.59020686,-0.80060625,-0.7366445,-0.057090204,-0.7433871,-0.7647335,-0.7010608,0.22255145,-1.0664669,-0.047087397,-0.34564433,-0.4789496,-0.97670436,-0.8095192,-0.8710781,-0.81846553,0.33466378,0.14062685,-1.0155616,-0.201269,1.399869,0.31404302,0.8231769,0.3404864,0.84691054,-0.99548644,-1.0120828,-0.3039649,-1.2737365,-1.3280166,-0.7799866,-0.7738252,0.9162217,-0.4494998,-0.88056916,-0.46076748,-0.7272231,-0.96676254
0.012655889,0.27388024,-0.5325354,-0.20301937,-0.63255674,-0.19899087,0.62051934,-0.04803835,-1.1711771,-1.1269675,-0.091906264,0.008858256,-0.6604907,-0.80040896,-0.016251791,0.06465571,-0.48162654,-0.3797183,0.6160399,-0.57051784,0.68333,-0.90915203,0.14433801,-0.7617383,-0.46047312,-0.21257386,-0.60236865,-0.09048011,0.66305864,-0.06555176,-0.93236065,-0.4966607,-0.90516275,-0.5389227,3.2902162,-0.27905422,0.25045416,-0.1621183,-1.0129231,-0.36979336,-0.8289851,-0.47227538,-0.5114965,-0.15685882,1.0218138,-0.32401565,-0.888647,-0.6471354,-0.8354765,-0.49989033,-0.9974209,-1.2945718,0.79922456,-0.58227926,-0.67287683,-0.54013073,-0.7546229,-0.5215749,1.0191793,-0.41748905
-0.0140336165,0.1472028,-0.5612443,-0.20153537,-0.64721185,-0.30823573,1.1693769,0.48142928,0.9164384,-0.46796152,-0.11137598,-0.040275674,0.7039759,-0.3730408,-0.039196678,0.0035795253,0.9632837,0.13996284,-0.6606921,-0.29405132,-0.6289741,-0.6141002,-0.8292301,-0.86031353,0.37695912,-0.2545794,1.3450928,-0.34407693,-0.44628525,0.4127725,0.91802865,-0.0923484,0.20532836,-0.20578496,-0.81456137,-0.33721623,-0.7519227,-0.50136197,0.028428243,0.13896967,-0.852923,-0.5393578,-0.53455204,0.044079434,-0.5590766,-0.096772075,-0.6804981,-0.44749206,1.3675431,-0.3726108,0.44413784,-0.771369,-0.5674531,-0.37782758,-0.3616357,-0.3923804,-0.7678264,-0.333614,-0.90901685,-0.6580651
-0.43048608,-0.38054818,1.9148346,0.4351214,0.31203675,-0.18939124,-0.8845726,0.1703425,0.9157349,0.16964684,1.9066149,-0.24185164,-0.7669996,-0.61910707,-0.40854254,-0.55423397,0.59183145,-0.04476655,-0.9341949,-0.7156049,-0.00292766,0.15784389,1.201711,0.4524479,1.0025434,0.84924835,2.2711766,-0.7256538,0.3579542,-1.1449757,0.2883023,0.014843608,1.313415,1.3793483,-0.7907993,-0.69768625,-0.7137299,-0.5705158,-1.1361277,0.52917266,0.529108,1.0724919,0.62692016,0.2562859,-0.30346602,0.8805113,-1.2525389,0.057361454,-0.46253717,0.23545776,-0.027464153,-0.27429906,2.0588844,0.24017839,-0.14843413,-0.48127392,-0.99748504,-0.74292535,-0.5733214,-0.21064068
-0.6298158,-0.6987192,-1.1775059,-0.35101622,0.32485792,-1.097041,0.9369621,0.37527773,0.70116955,0.18611412,-0.5689143,-0.36185274,0.4637784,-0.2666044,-0.57004786,-0.7928144,1.5018657,0.123613894,-1.060724,-1.139133,-0.53271806,0.08486465,0.43803623,1.3118399,-0.45944896,1.7505146,-1.0050639,-1.4299203,-1.2393594,-1.3131881,-0.37488958,0.6400244,2.0226805,1.1507554,-1.3029081,-1.2929304,-1.1077456,-1.4152906,1.083807,0.5586572,-0.033336233,1.6063523,0.34532496,0.7454372,3.5537982,1.6118838,2.0616317,-0.3870196,0.10905166,0.7964933,0.39488587,0.08153965,-0.28419834,-0.31020388,-1.3578907,-0.038459484,-1.11057,-0.83540314,-1.0614321,-1.33934
-0.44900042,-0.08470778,-0.9892037,-0.19068234,0.51706713,-0.73115706,1.0073589,0.034039177,0.88935393,-1.2944593,-0.4314391,-0.18462804,-0.77802324,-0.6008372,-0.41366616,-0.085813224,1.0447174,-0.25673255,-0.94182,-0.689366,-1.4480637,-0.49173826,-0.052175507,-0.6333197,-0.23856601,0.28234562,-0.8879584,-0.75848734,-0.9974263,-0.20148064,0.0716528,-0.15662467,0.3195272,-0.053354524,-1.1511679,-1.0158286,-0.9998263,-0.9395575,1.4064307,-0.020405633,0.092816025,0.2779715,2.394357,-0.26649114,0.9474276,-0.013488439,-1.2484156,-0.57809377,0.86953163,-0.15495615,-0.2742262,-1.0600379,-0.03632427,-0.5611765,-1.1576734,-0.72861844,-1.0069944,-0.6822577,-0.984452,-1.0408906
0.18697923,0.22116049,-0.33941874,-0.1867736,-0.53526926,-0.35867938,1.2194077,-0.47372305,-1.0966069,-0.9911284,0.0253869,0.058550227,-0.61869603,-0.29803735,0.14168924,0.22078115,0.83117414,-0.5444741,-0.5283489,-0.4346873,-1.0760094,-0.8172807,0.7355723,-0.70319426,-0.22033443,0.051453065,0.852376,-0.35357985,-0.18014902,-0.18681663,-0.8230942,-0.63054484,-0.7143208,-0.37575305,-0.64631623,-0.39023337,-0.6313462,-0.33196518,-0.21726811,-0.60829204,0.25433215,-0.38421756,-0.35446236,-0.37590346,-0.36525643,-0.31492156,0.58718014,-0.47088733,0.36819014,-0.4370453,-1.0176418,-0.66822827,-0.35160652,-0.16941282,-0.47689304,-0.45055923,-0.659804,-0.6112249,-0.8127517,-0.5004166
-0.43313098,0.04185056,1.1378946,-0.012294528,-0.8867668,-0.12964074,1.0233023,0.81780696,-1.3262973,-1.493899,-0.41030735,-0.15774974,-0.7727097,-0.97844625,-0.4107702,-0.24008779,0.88670707,0.44906572,-0.9366731,-0.5937517,-0.013242845,-0.2903613,0.9331466,-0.7529253,-1.0270393,-0.048580874,-0.5151042,-0.50151473,0.23257597,-0.29149574,0.622257,-0.0009695487,-0.1152271,-0.028109046,-0.45187983,-0.05507914,-0.45304736,-0.004708969,0.54349357,0.3085096,-1.2058154,-0.41118175,-0.9013065,-0.16724798,-0.9449173,-0.18677498,-0.9759184,-0.42658255,1.0789675,-0.2809517,-1.2503068,-1.290473,-1.006475,-0.23069106,-1.1701677,-0.39093626,-0.9994006,-0.48786455,-0.19552231,-0.09031011
-1.0881059,-0.83282304,-0.69770765,0.226259,-1.2440137,-0.7649207,0.79650104,1.3151996,-1.561264,-1.0179815,-0.88992715,-0.6664495,-0.94068134,-0.5868859,2.6535912,-0.9220644,2.6755173,1.515486,-0.66054624,-0.8119553,0.15329698,0.28023496,1.733115,-0.4943283,2.8004186,1.0073498,-0.29019073,-1.2566369,-1.8452291,0.28196877,1.7842162,1.2212183,0.7606831,0.9705672,-1.6806024,-1.1396209,-1.3836727,-1.1305741,1.8723987,1.2465296,0.7134987,0.9879513,2.9275928,1.0616013,2.2663915,1.2435448,0.6642279,-0.031165184,-0.557838,0.4065002,-1.0328447,-1.5094566,-1.7090304,-0.8111618,1.5253805,-0.37427357,-0.3573499,-0.44813722,-1.1336344,-1.0542289
-0.03062439,-0.47628683,-0.5587479,-0.34871438,-0.6511575,-0.4090141,1.1092798,2.6126416,0.84292334,-0.5117759,-0.1341698,-0.42482352,-0.673497,-0.52940243,-0.054344762,-0.5202878,1.5080118,1.8109763,1.6817644,0.30297133,0.38903233,0.5839744,0.42782947,0.51553106,0.23530601,-0.39581448,-0.6300394,-0.9933612,-0.46100473,0.35361305,1.5200734,0.057205576,0.9956848,0.6810864,-0.8192106,-0.33353043,-0.7571633,-0.4583521,0.4390719,1.0250291,-0.8552127,0.068759754,-0.54240805,-0.06269845,-0.5702343,-0.1898393,-0.91787916,0.12352983,0.1896489,0.20923689,-0.84353447,-0.5462708,-0.57889795,-0.33897918,0.103482746,-0.117884606,0.31402853,0.7890698,-0.9149622,-0.87482256
-0.13618018,-0.0691972,0.1765933,0.21987015,0.4905006,0.29294816,1.0471845,0.14657101,-1.2144419,0.037405502,-0.20088919,-0.27207273,-0.69816136,-0.34405926,-0.13877304,0.015451184,-0.0947607,0.30766743,-0.34029394,-0.108984396,0.013345946,-0.054041956,1.9042455,-0.21355222,0.114906505,0.29193136,-0.027043771,-0.1565448,-0.6019759,-0.56367034,-0.757372,-0.1294344,0.57722056,0.28627187,0.81682974,0.14143963,-0.057166483,0.51744735,1.477063,0.3957171,-0.9461765,0.23075238,0.6078745,-0.17575923,0.5706183,0.057600245,1.3494623,-0.26619354,0.9724066,0.18735069,-0.6108496,-0.29480207,-0.69475234,0.77470267,0.6809451,0.09445241,1.443623,-0.34522933,0.31473377,0.6226897
-0.21095888,-0.16578144,1.9240446,0.398362,0.4460825,0.07872727,-0.7959546,0.30632865,0.90412724,-0.57121575,-0.2557368,-0.11470135,-0.7172743,-0.4524776,-0.21273132,-0.1507584,0.28746247,0.48306212,-0.7931782,-0.26173782,0.50208473,0.123176426,0.8314332,-0.43779913,-0.7455341,0.43043056,-0.7457101,-0.36410713,-0.7069881,-0.63850605,-0.8073743,-0.047267836,-0.8397981,0.5627024,0.29497787,-0.21359454,0.5931015,0.054699637,-0.5803835,0.5020484,0.40294114,0.28772882,-0.70473635,-0.01640394,-0.7443485,0.1419741,1.1024808,-0.05250144,-1.0114735,0.13324517,-0.062935986,-0.36770004,1.8938699,0.43748787,-0.45209122,-0.32835573,-0.88036394,-0.4461292,0.4184976,0.10157242
-0.30449238,0.06352031,1.1904902,0.46693894,-0.8060509,0.17007095,-0.5353795,-0.36433405,0.91538316,-0.032278236,-0.32008183,-0.15841717,0.567519,-0.19839765,0.7405416,-0.03144944,1.773589,0.03437174,0.76384664,-0.3622746,1.0804622,-0.2847957,0.7255072,-0.2142654,0.7651719,0.15342359,-0.13403317,-0.126079,-0.83699375,-0.70471054,0.6766367,-0.37906623,-1.2438937,0.46711278,0.05646223,-0.29680127,0.4667495,0.05714217,0.24821964,0.040271968,-1.0887628,0.19663484,-0.7890173,-0.21067415,-0.8363096,0.124878556,-0.8829762,-0.010073423,-0.68066806,-0.12773181,0.26148784,-0.22067246,-0.88389415,0.51569855,-0.110355824,-0.08187525,0.15961806,-0.48171088,0.68449885,0.2746541
2.1714857,-0.88026816,-0.48205444,0.52328575,1.404221,-0.92856824,0.84106433,-0.21439424,0.85417926,0.8968843,-0.6783721,-0.68634623,-0.86827433,-0.26148313,-0.75739396,-0.92922074,1.3142745,0.14588268,-0.7901217,-1.2868145,-1.3233019,-0.18811099,1.5584075,1.0652679,2.0770006,0.09398393,-1.1301631,-1.1119189,-1.5256484,-1.3286729,1.5392933,0.4814154,0.46405372,0.78280264,-1.2766696,-1.6230541,-1.0714535,-1.4381737,0.93979967,0.64010805,3.2664225,1.7665849,0.5745375,1.5129598,3.2214503,2.2483835,2.2592666,-0.29631373,-0.84050727,0.7996829,1.1359187,0.743191,-0.3479835,-0.7119936,0.58187765,-0.1319316,0.44820344,-0.9339743,-0.42836726,-1.0226681
0.17688051,0.2892112,-0.35207918,-0.2185756,-0.54056764,-0.30807725,-0.6472822,-0.2582576,-1.1011796,-1.1913729,0.02111306,0.014340559,-0.6212339,-0.5725934,0.13233307,-0.015187277,-0.8430825,-0.5860852,-0.53616464,-0.30693442,-0.00390996,-0.75037575,-0.70284545,-0.7207629,-0.23443933,-0.07260841,1.4149407,-0.19697174,-0.19674549,-0.07683174,-0.8287896,-0.6482769,0.1546438,-0.30437762,0.6845332,-0.15342207,0.39557764,-0.1300641,-0.96591645,-0.52188915,-0.69507194,-0.44668064,-0.36505085,-0.3185837,-0.37569427,-0.27586225,-0.7510279,-0.5807626,-0.69490516,-0.44319645,-1.0230237,-1.0237843,-0.3630514,-0.37370425,1.4942527,-0.34780124,-0.6663715,-0.4853847,-0.026311751,-0.21508276
-0.59976006,-0.70322347,1.784261,0.02434412,0.31405744,-0.33260924,0.932232,1.6667109,-1.3878529,-0.6361878,-0.50836825,-0.37283596,0.16002819,-0.38248715,-0.5410883,-0.63426346,1.5971284,1.7609465,-1.0337502,-0.22921656,0.039008204,0.61707574,-0.81603855,-0.271693,4.8719745,0.13537188,-0.97629994,-0.712959,0.5222554,-0.3009274,0.36490482,0.9159829,0.60305196,0.61288303,-0.07718795,-0.38226366,0.36616603,-0.25576928,1.6424506,1.6239942,-1.3316106,0.3352741,-0.63484806,0.08388137,-0.12930514,0.60252255,0.10975182,-0.37017664,-1.3330903,0.25996137,-0.51376367,-0.75775844,0.8525552,-0.16976424,-0.84422415,-0.35792616,-0.016458472,0.03008578,0.03334957,0.008993516
-0.5430148,-0.6171988,-0.35997424,-0.37856972,-0.9458382,-0.67068934,2.2630398,1.7419266,0.90201676,1.164857,-0.490798,-0.48713678,0.59079254,0.37408584,-0.5070051,-0.57932115,0.19772232,1.4699308,2.5229456,1.937699,0.925641,1.2640902,0.24312116,0.6166473,-1.1596726,-0.40324107,-0.9459646,-0.11596174,0.11854521,1.023073,0.094893485,-0.008780015,0.50204515,0.45471808,0.3101499,-0.58322847,-0.71137524,-0.97871166,0.82903194,0.94263166,-1.2927549,-0.46792945,-0.9949805,-0.06384046,-1.0456966,0.32752162,1.0718449,-0.027076876,-0.029139511,0.11181634,1.5495036,1.0666013,1.2251706,0.26771477,0.9432747,0.35371688,2.2175314,1.4976794,-1.157458,-0.7812272
-0.46895742,-0.581897,-1.0434119,0.283112,0.2821218,-0.36602053,1.0072049,1.7134056,0.71629465,1.2699881,-0.4406991,-0.34764758,2.2987206,0.519613,-0.43839318,-0.57646203,1.1810901,1.2952013,1.8549474,1.1974636,0.024580212,1.0629048,1.3256012,0.15210822,-1.0767027,-0.5146763,0.37234664,-0.050773017,-0.52627236,0.7024401,-0.71865386,0.29651403,0.20106295,1.0846709,-1.1916746,-0.14762504,-1.0245633,-0.4537757,1.4837047,0.86064667,-0.3136045,-0.40009665,-0.9290586,0.16338123,-0.30865383,0.1038862,0.8392602,-0.060472533,0.11842366,-0.030883528,1.5661747,0.6181958,-1.0528568,0.49145284,-0.71939933,0.3136083,1.7127389,1.1153713,-0.54167145,-0.56979376
-0.15902255,0.13173741,-0.70514566,0.113167435,0.59195083,-0.23789714,1.1189502,0.41861784,0.8084522,-0.39256972,-0.20848712,0.01166887,-0.7026819,-0.047471445,-0.16305453,0.047156714,1.0551913,0.14756095,-0.75171673,-0.020429937,-0.7183269,-0.40813348,-0.06455069,-0.4915833,-0.6581786,-0.30578044,1.2433143,-0.26270816,2.3378341,0.1335161,-0.17693393,-0.18188547,-0.6408216,0.05955828,-0.9289332,-0.35743645,-0.8345277,-0.42743742,0.6088255,0.020643681,-0.0980575,-0.36822864,-0.6506839,-0.12764202,-0.683611,-0.13765427,0.33256876,-0.37560484,0.7121039,-0.45090508,0.63544536,-0.6296211,-0.71402794,-0.2943851,0.6365355,-0.34230098,-0.8460212,-0.020948414,-0.43189272,-0.4633267
-0.9084927,-1.2934971,2.3729415,0.22543617,-1.1413151,-0.9178245,0.8231309,1.1407243,-1.4898595,0.09223467,-0.7389182,-0.8749345,1.400697,-0.654573,-0.81397647,-1.217895,1.1569029,2.090441,-1.2340044,-0.9113545,-0.6887355,-0.32701904,-0.68745905,-0.20218955,3.4424205,1.7058035,-1.17225,-1.4366835,1.1278628,-0.18633147,2.9758806,2.0516832,1.194822,1.7326796,-0.20548993,-1.428067,-0.77493066,-1.3996905,1.8407519,1.6561359,-0.5986844,1.5745963,2.1236608,2.2180865,0.27101812,2.9268272,-0.07032201,0.123983085,-1.0382661,0.4821002,-0.45889705,-1.4561119,-1.512359,-1.2415171,-0.4449738,-0.27512088,-1.2549189,-0.32531995,-1.1635076,-1.4363651
-1.3309563,-0.895272,0.3929322,0.2363263,-0.20973128,-0.32001925,2.0054507,1.5378579,0.857345,0.3783005,-1.0262152,-0.6762299,0.08595775,-0.4372271,-1.1969111,-0.72187734,2.3036444,1.488712,-0.29381493,-0.3291853,1.283031,0.4726385,1.6753844,0.08295703,-0.5250236,0.1565345,-0.2600943,-0.7033678,-2.1737998,-0.4543228,2.5715158,0.780437,3.2438312,0.32211435,-1.1616597,-0.09933669,-0.8291588,0.15849638,2.294034,1.1203125,1.5380037,1.4375014,5.633425,1.9456105,3.83388,1.7871245,-0.80127597,0.1362348,1.4603946,0.022361118,-0.42637935,-0.73653346,0.37061268,-0.13135305,-0.34297168,0.106214166,1.8052375,0.3819345,-0.4870421,-0.030494383
-1.1664913,-1.1904024,1.648764,0.9828434,-0.030572817,-0.39000204,-0.36931482,0.62634546,0.87422884,0.8626593,-0.8932513,-0.8780322,0.43823957,-0.24338,-1.0492173,-0.896344,0.66214144,0.7715801,-0.9302166,-1.3608935,0.8579419,0.2433673,1.9065965,1.8867744,1.5840293,1.1878544,-1.3342437,-0.91856164,-1.9543905,-2.3290453,2.1883821,1.6593163,3.4958422,2.4323049,-1.5158132,-1.429496,-1.4354562,-1.303197,0.43985587,1.2630547,0.47810382,0.8947103,2.5771317,1.8745373,2.4464517,2.1428964,0.50744593,-0.4428593,1.4534451,0.9006377,0.98439443,0.48562866,-1.2254449,-0.2761622,1.4471098,-0.062234763,-0.056762334,-0.32975814,-1.1201999,-1.08809
-1.0691106,0.08877584,-0.7013781,0.29317516,0.035643563,-0.088865705,2.3290815,0.30214712,0.5460493,0.17381756,-0.8312806,-0.27701026,0.16717564,-0.9569168,-0.96233857,-0.2558276,1.5099702,0.14422935,-1.343091,-0.867927,3.6011462,-0.12780252,0.6476075,0.085816465,1.9841878,0.019113645,-1.2748027,-0.3706773,-1.8288304,-0.5217637,-0.12822708,0.11852536,-0.23179491,0.7086313,-0.15028663,-0.2928898,-1.3751457,-0.21386063,1.152403,0.34065717,2.4177296,0.6075834,2.2657332,0.035491377,2.2504284,0.23649605,-1.7659049,0.31336197,2.0933936,-0.1291636,0.3016016,-0.518679,-0.4051637,0.3303145,-0.08408588,-0.6433881,-0.68024373,-0.5331949,-0.85163414,-0.17922224
-0.7045945,-0.2345835,-1.27344,0.07151928,0.27982613,-0.2692012,1.9494876,0.97887814,-1.4233793,0.023484744,-0.59289527,-0.32120383,-0.8370275,-0.1985908,-0.6368776,-0.28272605,-0.067025304,0.35207832,-1.1055691,-0.578876,0.2099085,0.18766382,-0.34970745,0.9230806,-0.47986633,0.5422388,-1.0470824,-0.110958144,-1.330146,-0.9745105,0.4365017,0.4993565,2.7358456,1.394551,-0.6017517,-0.42851618,-0.5493966,-0.5242526,0.12917891,0.63384145,-0.46991515,0.73347473,-0.43406335,-0.03528024,0.7126749,0.2027126,0.035121266,0.15090503,3.085794,0.30377933,-0.23972802,0.041409835,1.4417338,0.39539856,0.38586903,-0.32916248,1.0631491,-0.30080256,-0.0043532937,-0.4274715
-0.22418341,0.3234615,0.44991285,-0.22474103,0.44520468,-0.27235407,-0.7983769,-0.43012756,0.91397613,-0.9791603,-0.26309732,0.024282712,-0.72131896,-0.54411274,-0.21629557,0.19879295,-0.14182976,-0.6556568,0.05182906,-0.4620799,-1.3189634,-0.7733242,-0.9639557,-0.746923,-0.7436377,-0.08150413,-0.75295234,-0.36258823,-0.71617544,-0.015053173,1.7458421,-0.43073967,1.6453934,-0.46788675,-0.5640827,-0.4330018,-0.55090284,-0.37124905,-0.33782735,-0.56506413,-0.7327637,-0.3069481,-0.3756936,-0.45877448,-0.40078673,-0.38368857,0.18362105,-0.5054242,-0.31764787,-0.45921302,-1.272277,-0.8551353,1.0270228,-0.21477124,-0.92090267,-0.6760599,0.34082305,-0.53572214,-0.40008625,-0.561233
0.18337254,0.32373232,-0.34173685,-0.19693783,-0.53493106,-0.33489603,1.2177626,-0.52199405,-1.0994208,-1.0905582,0.023487415,0.056824718,-0.6192512,-0.42729938,0.1392388,0.2435322,0.16335228,-0.68700504,-0.23542197,-0.34197924,-1.0778787,-0.9085063,0.0045069857,-0.6028089,-0.22637938,-0.06741914,-0.4985178,-0.35970393,-0.18429814,0.09783116,-0.8246736,-0.67535955,-0.71731114,-0.5456964,0.33551407,-0.34591666,0.12294572,-0.3662354,-0.21843445,-0.7096631,-0.6850111,-0.6022453,-0.35745105,-0.36787474,-0.37047535,-0.3616719,-0.10517929,-0.67699164,-0.6885512,-0.54966336,-0.6361047,-0.8546205,-0.35773054,-0.35302508,-0.47978425,-0.5807489,-0.6625405,-0.49113393,0.3782313,-0.5857267
-0.026777254,-0.21279725,-0.5653456,-0.22321227,-0.6567941,-0.24272631,1.1023443,1.3696995,-1.1743429,-1.5753151,-0.124672376,-0.19790414,-0.66984886,-0.8345704,-0.047439016,-0.24914168,-0.008592162,0.71942824,-0.666125,-0.58983946,-1.2014295,-0.1765683,-0.1339919,-0.34654164,-0.4948464,-0.38219264,-0.62559843,-0.67503685,-0.4605108,0.21606553,-0.9525101,0.07473176,-0.94684714,0.044542648,0.13348445,-0.29566523,0.5434413,-0.30658746,-0.29067692,0.6314621,-0.86326134,-0.46145627,-0.5395047,-0.1796236,-0.5624059,-0.19948278,-0.91861546,-0.6666562,0.7348431,-0.24812904,-1.1552899,-1.5078439,-0.57869714,-0.52141476,-0.716968,-0.4605333,-0.77596736,-0.47846225,0.5207775,-0.28932756
-0.47785392,-0.111754894,0.1762492,0.018464867,1.5138267,0.0029407963,0.99993587,1.165834,-1.3456434,-0.2813101,-0.43428835,-0.29272792,-0.78278166,-0.8031659,-0.4415119,-0.37442622,0.5327179,0.7557662,-0.9620742,-0.55291146,-0.23358361,0.031199131,0.22182742,-0.039654214,-0.09727064,-0.24934289,-0.90818197,0.12141026,0.6947407,-0.026507156,0.069938555,0.4138269,0.29071456,0.618707,0.16115808,0.26339364,-0.24001314,0.29254836,1.9011549,0.73118037,-0.07428555,-0.13479806,-0.003804736,-0.1565174,-0.9820797,-0.20205276,1.1424421,-0.04910437,2.6814585,-0.13173182,0.09227895,-1.1660863,-1.0657072,-0.17535333,-1.2130197,-0.46432847,-1.0218397,-0.46135712,-0.33936498,0.36549106
-0.033509742,0.13934393,-0.5662372,-0.11477554,-0.65713227,-0.24625,1.1045524,-0.04664292,-1.1803225,-0.94345075,-0.14414209,-0.03786842,0.48137695,-0.43436477,-0.053008165,0.033430167,1.4096434,-0.25625998,-0.6739407,-0.15757218,-1.2062781,-0.6869433,0.56718975,-0.31036812,-0.5049213,-0.23127122,-0.6362568,-0.3925428,-0.47374845,0.1920409,-0.19847505,-0.26831958,0.61586696,-0.1302337,-0.8260683,-0.3702258,-0.76422465,-0.41101396,0.5325452,-0.26611412,1.1554312,-0.2907301,0.39031583,-0.3176067,-0.5736536,-0.35056123,-0.20895238,-0.48746777,-0.86802983,-0.37833917,-1.1552442,-0.8062792,-0.591648,-0.19898757,0.5429021,-0.39245617,0.19578102,-0.105344184,-0.4825973,-0.4056856
-0.36219943,0.037380118,-0.88524526,-0.1470174,-0.8281463,-0.362882,-0.8430897,0.52888954,-1.285143,-1.1180581,-0.36756894,-0.076043285,-0.7566897,-0.4938795,-0.32834682,0.120057926,0.78705424,-0.005178648,-0.87691134,-0.22928749,-1.3913997,-0.262388,-1.0461732,-0.08076625,-0.88492364,-0.34858176,-0.8306355,-0.520026,-0.8727552,-0.33656424,0.4027369,-0.4310112,-0.5016252,-0.13225926,-1.0722467,-0.30701733,-0.94515604,-0.25118813,0.1593025,-0.0054975655,-1.113672,-0.19068664,0.7550927,-0.28116158,1.383073,-0.26777956,-0.5157359,-0.6048824,-0.44278237,-0.23216973,-0.10140839,-0.829445,0.20136842,-0.049058322,0.6288037,-0.47083262,0.5185424,-0.22139326,-1.0651666,-0.26033193
-1.3499515,-0.89375335,1.3068001,0.9494119,-0.11642122,-0.7393165,2.0282226,0.8609336,0.7919201,0.7113909,-1.0456849,-0.58490574,-0.99706846,-0.5547747,-1.2038168,-0.77657145,0.9383192,0.48767918,-1.5272849,-1.0245245,2.0378993,0.35922736,1.0697789,1.3661333,3.180839,-0.08336681,-1.0483555,-0.9315806,0.15115936,-0.9454056,1.1114597,1.4766676,-0.0042791194,1.9585984,0.32010838,-1.0017074,-1.5334274,-1.0987672,1.914839,0.82797575,0.43631497,1.1439576,-1.6743516,0.60737264,-0.3713431,0.9755318,1.996228,0.38168392,0.57469463,1.1292759,0.7371906,0.16147038,-0.49027154,0.12216606,0.5157283,0.014898256,-1.4953183,-0.33134145,-0.95644176,-0.9040366
0.8290099,0.44343808,-0.029175114,-0.08669565,-0.83333194,0.33605278,-0.85065955,0.11227342,0.9181971,-0.17736855,-0.34809923,0.04992708,-0.7502659,-0.28348523,0.71081364,0.12839775,0.27550384,-0.12217742,1.0512735,0.17123395,0.45025316,-0.12084791,1.7358081,-0.09671647,-0.92012656,-0.48330387,0.5280631,0.21636975,-0.89369833,-0.41510814,0.35565433,-0.19835903,1.0229453,0.017040027,0.19453898,0.12174928,0.042418294,0.24990183,0.56187826,-0.28569043,-0.119761504,-0.5826644,-0.45293036,-0.680626,-0.8694228,-0.69623685,-0.2851738,-0.058766946,2.0852723,-0.33708918,-1.1844599,-0.4706843,1.0489517,0.37727228,-1.0707301,-0.46562675,-0.95411193,-0.13898681,1.0947461,0.23332201
-0.78754836,-0.6264604,-0.02408973,0.100748114,1.4168402,-0.51023656,0.88795614,1.933643,0.88900214,0.7529476,-0.64014494,-0.3876131,1.4294494,0.3242523,-0.72487015,-0.5860453,1.8720121,1.4537213,0.06443945,0.53376913,-0.03490594,1.0525316,-0.025484601,0.6074268,1.075227,0.018411245,3.1305232,-0.026062045,0.2376431,0.7395769,2.8295593,0.6459224,1.709544,1.9818329,0.81276757,-0.4534601,0.8013978,-0.8708594,1.210272,1.2810287,0.091453694,-0.18198018,1.5068423,0.069357015,1.5085523,0.029721819,-0.3647079,0.70289785,1.7669017,0.41025987,0.22892292,0.035951585,0.105229266,-0.13125095,-1.1284097,0.13377677,0.11476823,0.5425648,0.65456504,-0.8387241
-0.29343185,0.10983395,1.2337322,-0.13742955,-0.8053745,-0.4851746,1.0555698,-0.047707137,0.77257407,-1.1398721,-0.30156186,-0.0042664437,0.65568185,-0.5389814,-0.28290257,0.09279634,0.914656,-0.21015799,-0.841264,-0.71579045,-0.7947432,-0.83223754,-1.0143983,-0.64542013,-0.84889096,-0.18720718,-0.79155475,-0.5692895,-0.8069621,0.05549998,-0.30246285,-0.1984044,0.038830217,-0.24127021,-0.497701,-0.632869,-0.1559574,-0.5841509,0.3063192,-0.115195215,0.6508264,-0.3130772,-0.7713414,-0.009093718,-0.8135443,-0.13578025,-0.24580596,-0.5163352,-0.36619943,-0.32075915,-0.55593127,-1.1611215,-0.8626107,-0.3230926,-1.0120796,-0.42237866,-0.25486436,-0.5852021,-0.5073846,-0.7453575
-0.9334991,-1.1227648,-1.5209433,0.3553119,0.028207516,-0.6518309,0.6255688,1.9251817,-1.5067433,-0.58411986,-0.7659858,-0.70871055,-0.89587307,-0.81450254,-0.845832,-0.9650288,0.69620734,2.414502,-1.2562125,-0.88950944,-0.17649353,0.33858472,-0.71436733,0.11211448,3.8328278,0.58947,-1.1932251,-1.0882626,0.707679,0.5656588,0.8225499,1.9233868,-0.5430712,1.8792534,-1.558385,-1.0504559,-1.2932957,-1.0972941,0.9230285,2.036859,1.4763042,1.0104045,0.16311342,1.1147014,-0.060608935,1.6267316,2.8459337,0.10945847,1.4360437,0.57980263,-1.724992,-1.6086276,-1.5439831,-0.65844643,0.22470342,-0.39399323,-1.2733902,-0.043979224,-1.0055994,-1.2037507
-0.82746243,-0.90583223,-1.4169848,0.2811645,-1.1012952,-0.69892204,0.8875681,1.6426432,-1.4726238,-0.6733493,-0.689769,-0.77918357,-0.86993974,-0.53364253,-0.74803776,-0.9607783,2.1130135,1.7364775,0.05089757,-0.83331555,0.5741201,0.6443768,1.2737206,-0.13693593,2.2348077,0.9334623,-0.7428247,-1.3161855,0.8506257,0.53029317,1.3637863,1.4982469,1.7798568,1.1921633,-0.8641926,-1.0998856,-1.23263,-1.0640587,1.635557,1.3857791,-0.3197223,1.041879,1.2894047,1.2283534,0.9203288,1.4601437,0.8980877,0.24303508,1.0903845,0.52308714,-1.0963222,-1.305095,-0.35334167,-0.85806614,-1.0709394,-0.28352532,0.12494568,-0.30537194,-0.62946004,-1.0938488
-0.047215164,0.019515082,-0.5765796,-0.13831429,-0.65961236,0.03827916,1.1008914,0.71328104,0.8453856,-0.8333853,-0.14153029,-0.17352298,0.48010543,-0.50769305,-0.06303263,-0.09560995,0.969748,0.22057311,-0.6805174,-0.34190258,-1.2127038,-0.31521264,-0.4956997,-0.22552091,-0.51120335,-0.4327021,-0.6400145,-0.48055574,-0.48115757,-0.14049985,0.24401633,-0.30576462,-0.5163683,-0.27472237,0.30605745,0.06124092,0.11111367,0.050083615,1.356419,0.15574446,-0.8689509,-0.24790749,-0.5526549,-0.16704023,0.6591929,-0.36622792,0.55663586,-0.5738614,0.17814031,-0.28526536,-0.3057629,-0.7250485,-0.59666765,-0.09207047,-0.2855945,-0.105169,-0.7870501,-0.29753804,-0.050266854,-0.022422949
-0.33575034,-0.13695487,0.06620994,-0.19605133,-0.8204805,-0.3833724,0.94994986,1.0885994,0.781016,-1.1663922,-0.34168848,-0.18846302,-0.7452696,-0.575149,-0.3127532,-0.01081061,0.59537053,0.4152522,-0.46611908,-0.32693794,-0.65012145,-0.010299441,-0.103132054,0.14055613,0.94767344,-0.4343044,-0.14674784,-0.64350784,0.34369764,-0.33010605,0.4231672,-0.24540621,2.2276258,-0.018179923,-0.12391822,-0.33752534,-0.21172087,-0.28289872,0.7266502,0.36552632,0.4375084,0.016272902,-0.23867196,-0.26098165,-0.25793046,-0.18156223,0.41195312,-0.5541448,1.849131,-0.10041113,-0.35409355,-0.84978807,-0.90206546,-0.090544924,0.8667535,-0.49182227,-0.35833213,-0.22281453,-0.3029607,-0.2956451
-0.9707682,-0.75159603,-1.5740815,1.1578691,3.0269594,-0.11162736,0.835235,0.5708813,0.8474961,0.91363895,-0.7712094,-0.6042098,0.20052987,-0.15503459,-0.8767965,-0.70835495,-0.26194453,0.54956776,0.26345384,-1.2243195,2.6770973,-0.15190183,0.6172886,1.0730854,0.17847691,0.9203853,1.0585684,-0.48321047,-0.48526365,-1.5552928,1.5267192,0.8954322,2.9435606,1.948943,1.2423673,-1.072952,0.12881413,-1.0853213,1.4538391,1.6147034,2.8564205,1.5846364,2.6507132,1.3719852,-0.12390181,1.6428864,2.5658104,-0.3804671,2.3011081,0.5670801,0.067682914,0.3067149,-0.6590976,-0.6970242,-0.52994263,-0.49386138,0.9334621,-0.5790286,0.30411708,-0.575074
-1.0234259,-0.54621285,-0.381733,0.4832601,0.06959957,-0.70492214,0.5726224,0.555965,0.5671541,0.63956416,-0.79281604,-0.3344533,0.33087492,-0.40334854,-0.91733986,-0.5929161,0.6302599,0.2950257,-0.38592952,-1.0415461,-0.7533132,-0.18148293,-0.44919908,0.6394848,-0.86153567,0.20521869,0.192745,-0.7917996,-1.758888,-0.88403016,1.2619756,0.8535042,1.0534097,1.3316139,-1.6350397,-1.1283371,-1.3434361,-1.1173526,1.5491643,0.96423876,1.6315074,1.0291394,-1.394269,0.4276656,0.62268996,0.9157551,-0.7365514,0.011511626,-0.5297022,0.56599563,0.7948884,0.14675197,-1.6353414,-0.22261913,0.70665586,-0.2544496,0.91162276,-0.6542608,-0.90001583,-0.7935933
-0.15974389,0.08680799,-0.7183411,-0.14960076,-0.7308588,-0.18121423,-0.7786952,0.79272854,-1.2302705,-1.3230803,-0.21798454,-0.08694278,-0.7027612,-0.893943,-0.16817814,-0.05748093,-1.0951884,0.24061179,0.43656555,-0.4199643,0.4712197,-0.20847774,-0.9254286,-0.46917447,0.06425699,-0.49529186,0.09397315,-0.23801257,-0.6415901,-0.086364135,1.0383149,-0.35283402,0.061989408,-0.099585555,0.3871197,-0.05090736,0.18154581,0.10347754,-0.41169333,0.044394903,-0.028844079,-0.4635593,0.9138469,-0.1083433,0.27020365,-0.34174097,-0.76986146,-0.46994144,0.06931018,-0.38409534,-0.7271127,-1.3861403,-0.72356534,-0.29683325,-0.8653498,-0.3895778,-0.27282995,-0.319381,0.37667277,0.0039557163
0.8759135,-0.016351422,-0.8734764,-0.13034688,0.3858,-0.15781547,2.0886784,1.2936969,0.7813677,-1.0929226,-0.30915982,-0.21977243,-0.7336908,-0.66050637,-0.2873579,-0.14044346,0.84312385,0.95900154,-0.8457914,-0.48762017,-0.32912225,-0.0056271935,0.4374468,-0.31099322,0.22826399,-0.51134217,1.1374338,-0.2369924,-0.81377846,0.1393859,1.0396749,0.22214049,1.9108014,0.42547366,-0.5363958,-0.15968606,0.076386,0.016224962,0.7367413,0.5629736,-0.3431407,-0.41785488,1.5338572,-0.020105924,1.8489243,-0.2853826,-0.20401062,-0.39150468,0.061503354,-0.17235164,-0.41958255,-1.252438,0.3978416,-0.16696724,0.36806753,-0.5166132,-0.92161626,-0.29754674,0.15334627,-0.00598842
-0.48819312,-0.31733277,2.5495896,-0.13240543,-0.90683305,-0.33093256,1.6915756,1.6444253,-1.333684,-0.037074875,-0.43500066,-0.21338226,-0.78151274,-0.06366029,-0.4468583,-0.2829276,0.7202508,0.9929366,-0.95969135,-0.03336088,0.6529687,0.5425834,0.2986152,-0.07612103,-1.0595161,-0.43773693,-0.9096851,-0.07700243,-1.053143,0.20324764,2.138678,0.25330314,-0.16258599,0.7643747,-1.1912677,-0.33683312,0.17247927,-0.38299984,2.3325002,0.7924809,-0.22674921,-0.037063777,0.049067326,-0.19238183,0.4549196,-0.17988572,1.0706893,0.025777249,0.03952715,-0.084346674,-0.66360915,-0.12856582,-1.0596836,-0.14794317,-1.2118839,-0.30318856,0.055162933,0.26864082,-0.6999365,-0.5354078
-0.62019795,-0.511718,-1.1987255,0.4016811,0.31978264,-0.092390545,-0.95169216,1.7479931,0.8724701,-0.2582337,-0.5261759,-0.22151165,-0.81212515,-0.36470574,-0.55890954,-0.4053558,-0.2335844,1.4516098,-0.26354697,-0.63844377,0.83127815,0.38977903,0.8830483,0.4424022,-0.15475981,0.49644992,-0.3217004,-0.85397977,-1.2293817,-0.70194894,0.9690024,0.47474423,0.9484723,1.5139399,-0.91266763,-0.5819394,-0.8046014,-0.55791354,-0.03422857,1.6087357,2.8296282,0.80406255,1.0629321,0.6081393,-1.1057143,0.44409335,-0.28667173,0.017084228,2.3966444,0.3246318,-0.0033997023,-0.29078063,-0.21131486,0.10233979,-0.49709406,-0.6138207,-1.0925776,-0.3536039,0.16665383,-0.47287554
-0.6829544,-0.7533762,-0.0124836145,0.13510895,0.17829017,-0.16578604,-0.17915776,1.2599053,-1.4188067,0.5220407,-0.57579994,-0.48019433,-0.83179325,-0.109582156,-0.6237344,-0.56104994,0.17602496,1.1105065,-0.31050044,-0.81632096,1.374488,0.54220825,0.95954365,1.4634706,-1.3348577,0.850659,-1.0353309,-0.27070618,-1.3175998,-1.308915,1.4773123,1.0665333,2.0827248,1.3896306,-1.0134763,-0.33598486,-0.54428065,-0.5962105,-0.09337657,1.5129918,1.3916562,0.7560144,1.1707582,0.6511468,1.6065427,0.69777745,-0.123953715,-0.0031559365,0.4542153,0.4665183,-0.2213976,0.27859113,0.7230903,0.120624505,0.24716535,-0.08640459,-0.46353543,-0.22649267,0.09809193,-0.35185307
0.0121749975,0.5401916,-0.52968234,-0.17730634,0.57222635,0.57483315,-0.7111719,-0.3563495,0.91221744,-0.044366498,-0.091906264,0.08709396,-0.6611251,-0.37819085,-0.015137961,0.19404553,-0.056996185,-0.32489967,-0.6436309,0.19628921,-0.115828246,-0.20721953,-0.8119922,-0.37413138,-0.45063525,-0.28904808,0.70935637,0.26548272,-0.4140802,-0.2388856,-0.93015903,-0.38384417,0.75130093,0.011514008,0.48903733,0.37394172,1.2520247,0.60547996,-1.0118434,-0.6382428,-0.82843006,-0.65486026,-0.5103864,-0.53685874,-0.5324421,-0.40702772,0.58385545,0.034417123,-0.1751767,-0.4272297,-0.9884943,-0.42890787,1.1020077,0.48573843,-0.6714312,-0.42623037,-0.7559911,-0.14694728,2.1652775,0.7753084
0.24107958,0.29704803,-0.2782562,-0.15748984,-0.5034789,-0.34071794,-0.6217464,-0.34125537,-1.0783161,-1.0941238,0.06005249,0.06714613,-0.60656214,-0.41963485,0.18891561,0.16376382,0.101610206,-0.573463,-0.20491531,-0.47430292,-1.0432962,-0.8416216,-0.6583606,-0.5831345,-0.15312879,-0.11842506,-0.4624433,-0.33027923,-0.10981161,0.04263766,-0.79026157,-0.6490505,-0.65451276,-0.5396129,0.38116106,-0.3267127,0.15515786,-0.31038082,-0.9479467,-0.6945332,-0.6381762,-0.42394027,-0.30758268,-0.20088854,-0.3172063,-0.2638002,-0.49332187,-0.67830306,-0.64189714,-0.49813634,-0.98279655,-0.7166573,-0.29689193,-0.33571813,-0.41648707,-0.42241335,-0.63243926,-0.51705366,-0.26262522,-0.4394223
0.07757631,-0.075285345,-0.46566674,-0.09189249,-0.59884995,-0.38104677,1.1570328,0.9483262,-1.1391681,-1.5094417,-0.05320427,-0.10563004,-0.6463741,-0.59557134,0.04300394,-0.20691448,0.07300622,0.35895744,-0.60483825,-0.4759474,-0.45031193,-0.20465893,-0.4270285,-0.35284615,-0.37110266,-0.31931132,-0.5652693,-0.66625303,-0.32922086,0.12717973,0.36822733,-0.1524369,-0.8371991,-0.24473141,0.24582627,-0.47202605,0.05970161,-0.5062751,0.19855307,0.29347435,-0.7799299,-0.26721746,0.99814916,-0.18037558,1.0559273,-0.18300931,-0.83614707,-0.4812235,-0.77794236,-0.26578003,-0.70645607,-1.0679407,-0.47348452,-0.40584636,-0.17414714,-0.49051,-0.06243019,-0.35341066,0.041715328,-0.40630087
-0.39514053,-0.33968395,0.25242656,-0.045490786,0.44556543,-0.5114521,0.9040603,1.7383633,-1.3125792,-1.1249009,3.343105,-0.22089292,-0.76041716,-0.34077215,-0.36911297,-0.38543564,2.405833,1.1618279,-0.90822196,-0.3880295,-0.3984395,0.49082264,0.023925696,-0.38344783,1.9504806,-0.35133147,-0.85564166,-0.70383173,-0.9416108,0.24517383,0.52319187,0.35840932,-0.08363363,0.41961926,-1.1275729,-0.62938404,-0.6050081,-0.753559,1.0576102,1.1064626,-0.87836885,-0.06529309,-0.85826945,-0.18963787,-0.23137897,-0.15093385,-1.2218342,-0.17510216,1.4210054,0.072377376,-0.037459563,-0.7817661,0.065693915,-0.49870914,-0.60613334,-0.32979187,-0.97497755,-0.16558631,-0.29265487,-0.62913895
-0.34825355,-0.26378274,2.1108584,-0.12065024,-0.8327683,-0.6120335,1.0572385,1.6463325,-1.2914745,-1.2097632,-0.35379767,-0.27675948,-0.75296235,-0.5309368,-0.3316883,-0.3170217,0.26271194,1.0093919,-0.87981844,0.41748494,0.41857225,0.23487788,2.4449487,-0.012795117,-0.20637043,-0.83102834,-0.15653725,-0.8405267,-0.8803619,0.98374236,0.60064054,0.14048702,-1.2881154,0.5353366,-1.0868918,-0.6974041,0.034691226,-0.8314591,0.6726985,0.7022855,0.06266207,-0.5330199,-0.8175379,-0.30168664,-0.8622243,-0.27314737,0.39171582,-0.24953778,1.0820414,-0.37319246,-1.1988697,-0.87373626,-0.9146147,-0.4483408,1.1882381,-0.26989782,-0.9532226,0.18854961,-0.33614933,-0.8886496
-0.7613398,-1.0169119,4.4813266,-0.27984783,0.2681591,-0.2659968,2.1847339,1.5439819,0.90166503,0.44757864,-0.6263737,-0.80676043,-0.84876484,-0.38449386,-0.69212353,-0.8525055,0.68717796,1.5750008,0.032953054,-0.18815328,1.5940335,0.921518,0.7040541,0.9063378,-0.4369531,0.30766475,-0.4082094,-0.7783114,-1.4134246,-0.9635144,1.1023443,1.2388985,0.24416572,1.2643808,0.30342317,-0.21074858,2.245163,-0.47680965,0.92145836,1.5955131,0.7044304,1.3350121,-0.54501224,0.51573044,1.5005381,0.28445542,2.4064322,0.5980155,-0.49822357,0.6879874,-1.6158041,0.05786994,2.1707103,-0.1385203,-1.511229,-0.2561569,0.45441386,0.6660699,0.8706528,-0.5565189
-0.7918764,-0.078076765,0.02509382,0.3702118,0.35128054,-0.16903464,0.89537287,0.32513863,0.66036695,-0.08781688,-0.66816235,-0.32907423,0.41170165,-0.39384803,-0.7144001,-0.33864963,0.968982,0.4732964,0.12846261,-0.5782343,0.4845446,-0.0902691,-0.9256179,0.25102022,-1.4476968,-0.1614893,-0.43031287,-0.40015548,-1.4466176,-0.41182226,0.08832498,0.029927421,1.4675802,0.5960208,-1.4302979,-0.6059517,-0.13396843,-0.4548142,1.7320948,0.5551134,0.89917713,0.41365415,-0.21062915,0.09352644,2.0415936,0.296861,0.118372105,-0.045744836,2.0489411,-0.24862596,0.7352925,-0.21090682,0.6451018,0.038103104,0.32611918,-0.25001833,0.6620827,-0.3424787,-0.8874734,-0.19674906
0.19561805,-0.8449105,0.06671007,0.32738873,-0.07268444,-1.1975591,1.8602532,0.33743823,0.81619066,0.37141004,-0.87591845,-0.72216386,1.4833746,-0.3411041,-1.0017681,-0.72673285,1.349959,0.28792542,-1.3756883,-1.5446827,1.9588561,0.4749107,0.69142056,0.9882039,-1.136364,1.5330057,-0.6393983,-0.8997312,-1.8863252,-1.6671565,2.8951929,0.25684005,2.4058042,1.771606,-0.4597232,-0.75102985,-0.9852161,-0.9090386,2.3259823,0.4944073,1.7523584,1.8704511,2.2475867,1.9201584,3.3924334,1.9246854,3.7144313,-0.28053606,0.21623929,0.3063767,2.0794816,0.2823736,-0.46881974,-0.16040216,1.3711545,0.2463098,-1.3683459,-0.9056621,-0.6083613,-0.65540624
-0.32108316,-0.23568842,1.1418055,-0.21675314,0.49144822,0.0090789385,1.0501386,1.6074733,-1.2728318,-1.0498999,-0.33195361,-0.14419454,0.56365436,-1.0070399,-0.3029515,-0.24966136,-0.18311587,1.0244591,-0.44015628,-0.06429641,-0.6861396,0.36402333,-0.1736207,-0.46942535,0.93489945,-0.5431495,-0.81034356,-0.44250023,-0.8470702,-0.075936496,-0.11543491,0.23854679,-1.2573051,0.4711837,-0.53978693,-0.049273893,-0.6685153,0.12617865,0.77269256,0.9650705,-0.24076863,-0.26865277,2.1385922,-0.31411648,1.923838,-0.11319991,-0.8929604,-0.6938418,0.50930226,-0.05574255,-0.6079295,-1.3217707,-0.8801796,0.28751436,1.415104,-0.31099474,-0.3228868,-0.019484412,-0.7471483,0.48093185
-0.24967068,-0.2195,-0.80464625,-0.35890603,0.53109926,-0.87761474,2.5116217,1.9602776,-1.257355,-0.93462235,-0.28684086,-0.20747378,-0.72861516,-0.63746256,-0.24391854,-0.26438773,1.0953711,1.3426422,0.77857184,0.8021304,-0.5044196,0.17964512,-0.9836561,-0.67180604,-0.78476703,-0.974919,-0.76668525,-0.69368845,1.5667081,1.3951991,0.6457546,-0.2969898,-1.1871667,0.5196627,-0.19563656,-0.78614485,-0.8931505,-1.1541724,0.4918534,0.4789624,-1.0509479,-0.99088365,-0.7368434,-0.73778665,0.03899689,-0.7136702,-1.1027704,-0.6905245,2.9636123,-0.32874084,0.04266226,-1.081142,0.58844614,-0.24339788,0.42989096,-0.57461053,-0.24060959,0.7225079,-0.57096064,-1.1904281
-1.0311202,-1.1094466,0.54647535,0.1391492,-1.2050085,-0.6898908,0.82382196,1.7867756,0.88724345,-1.1046832,-0.82225806,-0.76288223,0.32935867,-1.0717734,-0.91756266,-0.79992235,2.5323093,1.957754,-0.15048543,-1.0828453,-0.19136941,0.40486896,0.8644757,-0.29882723,0.016146041,1.0140475,-1.2472003,-1.10376,-1.7536522,-0.2919758,1.5173416,1.3596979,2.1383224,1.8720448,-1.6277752,-0.82428724,-1.3438802,-1.0719646,2.1350908,1.571682,1.0215526,1.2327018,0.42777976,1.375081,2.1804,1.9742098,1.8043061,-0.27488226,0.7372194,0.82489884,-1.0867039,-1.9543291,-1.6330323,-0.4465354,-0.27643606,0.032345776,-0.72849596,-0.48560017,-1.2418623,-1.0864369
-0.009224696,0.089498885,-0.5489405,-0.05821486,1.1720327,0.36312497,0.6152723,0.50027406,-1.1722324,-0.81105745,-0.1094765,-0.25274643,-0.6654077,-0.5028479,-0.031177107,-0.015107623,-0.4992299,0.17525995,-0.6557834,-0.18900129,1.2978116,-0.42806292,0.2161657,-0.45668906,-0.4778968,-0.36158943,0.7116128,-0.20341791,-0.43472698,-0.28875774,0.13537338,-0.34700847,0.6232641,-0.16721073,2.716687,0.26649207,1.9434875,0.40792722,0.09771813,0.053908408,-0.84272337,-0.28947243,0.115032196,-0.013877104,-0.55106825,-0.08896511,-0.32525456,-0.6387983,-0.1883171,-0.11149135,-1.1429298,-0.8795944,1.8924276,0.17152622,0.07947959,0.120404825,-0.7667318,-0.34335923,1.6306375,0.32121068
-1.1446106,-0.9745957,-0.29290992,0.7824292,-1.2738875,-0.2950043,1.915134,0.8510089,0.9027203,0.7531555,-0.8934887,-0.61055255,0.28572482,-0.3311131,-1.024713,-0.8700296,0.58120483,0.84037364,-0.70820457,-1.2381228,1.2010714,0.24730757,0.84444565,1.1953878,0.4643518,0.7382074,-1.3284363,-0.7869671,-1.9282116,-1.6099172,0.17967425,0.8872811,-0.24440198,1.7252055,-0.9883009,-1.010098,-1.4173365,-1.0405731,1.8062996,1.3149544,2.4974756,1.6594521,1.8709903,0.9749668,1.5214347,1.3631816,1.5822213,0.3400228,-1.0800066,0.9036298,1.0433201,0.38115758,0.40469673,-0.79034597,1.5882106,-0.25080413,0.64739674,-0.62634605,-0.4543814,-0.8533511
-1.0905104,-1.1531824,-0.4551094,0.7618083,0.021529736,-0.7113443,2.5336797,0.9497955,0.5316277,0.67434496,-0.8533621,-0.6247373,0.49689612,-0.16788283,-0.9863973,-0.79236126,0.59591323,0.9542013,-1.3630116,-1.5681537,2.8239892,-0.1659948,-0.8365707,1.1527619,-0.9472588,0.8268849,-0.62941426,-0.6307631,-1.8610353,-1.1205221,-0.15210806,1.0718931,0.9715205,1.1205945,-0.26351032,-1.026456,-1.3889576,-1.0468119,0.91151565,1.3595155,2.6323016,1.4775637,0.13060813,1.2328326,0.81532943,1.2227715,0.5499067,-0.06891617,-0.03255787,1.083954,1.5524681,0.18501134,1.1773896,-0.96399564,-0.93709475,0.27015328,-1.3541846,-0.40935546,-0.60847723,-0.7496809
-0.62115973,-0.60436517,3.948137,0.16653247,-0.981236,-0.7076535,0.93529594,0.7863812,0.9150314,0.29774174,-0.5373354,-0.58871377,-0.8174387,-0.2585384,-0.5687112,-0.80200416,0.15587197,0.55662876,-0.58078486,-1.1514468,0.7623265,0.005481043,1.0266157,0.47184005,1.4547474,1.1794071,0.26204914,-0.6325119,-0.049818758,-1.4552768,-0.24881336,0.73541045,1.2571698,1.1531794,0.26228145,-0.84060663,1.6544751,-1.0163758,0.058882672,0.81380945,-0.33042866,1.392585,0.21651293,-0.04882797,3.0305343,0.53024995,0.9285008,0.17800044,1.2332656,0.90306544,0.2598683,0.38560465,0.9522535,-0.45292333,0.7459288,-0.15278551,-1.1029078,-0.93312407,1.546316,-0.98040205
0.6351537,-0.29728618,3.2192974,-0.27626,0.44509056,-0.53690535,-0.9394795,1.2187641,0.70574224,-0.8079512,-0.5126421,-0.18586609,-0.80681163,-0.38715947,-0.5388606,-0.32419187,0.14472646,0.70597196,-0.4112863,-0.7007729,-0.7910279,0.10180112,1.7603375,0.42359877,1.1646597,0.21312043,-0.9753434,-0.42754683,-0.6922003,-0.9085286,2.531964,0.35976157,2.2954443,0.526271,0.2074683,-0.7774782,0.681415,-0.84176844,-0.52026665,0.6087908,1.725899,0.50327665,-0.6260643,-0.40687773,0.1255711,-0.29483336,-0.55181396,-0.28577706,0.43524605,0.39339033,0.2688931,-0.33214343,0.5900938,-0.2454342,1.0973166,-0.36175698,0.7439156,-0.43662137,-0.2637102,-0.8798251
-1.0414593,-0.9342965,-0.3860058,0.08826387,-1.2214673,-0.66093665,0.81668925,1.4550164,0.84081286,-0.817638,1.9473501,-0.5973766,-0.92505795,-0.86949253,-0.93404734,-0.90011513,2.9665687,1.6518551,-0.9187361,-0.9733122,-1.4169303,-0.41676667,0.25219688,-0.5442168,-0.070322335,0.96886766,-1.2571071,-1.1901783,1.1509408,0.08736496,2.4470255,1.7532886,0.85484064,1.1655854,-1.0420281,-1.1002636,-1.3588024,-1.2711985,0.9817639,1.5768428,2.0864491,0.6911387,-1.4109203,0.59403425,-0.31939745,1.2880301,2.0008895,-0.19474818,-0.15973812,0.5961493,-1.2189932,-1.9042416,-1.6555206,-0.9908011,0.19009599,-0.4141669,-0.7424347,-0.6076419,-1.2253237,-1.2181686
-0.58413106,-0.34233892,-0.30159348,0.48458034,-0.9647772,-0.23530447,0.35840207,0.50514853,0.88126373,0.44237775,-0.51169235,-0.38248718,0.47878948,-0.11690318,-0.5395289,-0.5064998,-0.914626,0.6573179,-0.6306567,-0.8095709,0.56453943,0.23062111,2.055831,0.09453359,1.6864238,-0.2217111,0.96671677,-0.14028312,-1.1921384,-0.93096036,1.3178607,0.5562293,-0.310242,0.76254284,1.059152,-0.5937851,0.4431489,-0.46366906,-0.36258253,0.7584975,1.5397052,0.76936907,0.5561137,-0.0077393344,0.7787237,0.2909359,0.13409081,0.19686282,1.0275717,0.35743523,-0.31586272,0.20424818,1.9417102,0.1348052,1.1827285,-0.19377735,0.15981935,-0.6852426,0.39424554,-0.2806045
-0.93157554,-1.1204816,1.3340586,0.6471533,-1.15225,-0.9894053,1.4995375,0.61931944,0.60127354,0.8304462,-0.7481781,-0.7876053,0.36004674,0.058011834,-0.8409312,-1.0532913,0.8075493,0.66805434,-1.2542585,-1.616464,-0.9597929,0.31901306,-0.88927275,1.278569,-1.1713604,1.7522217,-0.5284226,-0.5645251,-0.34530455,-1.8133993,-1.4964973,0.77621025,0.35691682,1.5120099,-1.5514692,-0.8647023,-0.5415268,-1.2202946,0.5780062,1.0864073,1.0600073,1.8611761,-0.9232407,1.7101859,1.7156541,1.5716184,-0.20948347,0.34839284,2.6172776,0.81080544,1.287606,0.76048255,-0.43199468,-0.49395347,0.6253789,0.28030822,-0.60303754,-0.82472533,-0.07413819,-0.9944171
0.17591871,0.31612152,-0.3499394,-0.19233559,-0.5404549,-0.41603532,-0.64597005,-0.21299429,-1.0997726,-1.3683736,0.019213576,0.08030573,-0.62210625,-0.49309093,0.1327786,0.21790388,-0.84270966,-0.5602246,0.19937615,-0.5764895,-1.0825521,-0.95745957,0.727473,-0.63851154,1.9126878,-0.073600516,-0.5022072,-0.46511477,-0.19338669,-0.18214539,-0.8287417,-0.6163091,-0.72447,-0.4833276,-0.65451056,-0.4935699,-0.6376082,-0.43749028,-0.9652995,-0.6438583,0.27274615,-0.5720893,-0.36325762,-0.35409126,-0.37416458,-0.40100604,-0.7505861,-0.61590725,-0.099476464,-0.44283298,-1.0232061,-0.9318971,-0.36385456,-0.24395508,-0.489284,-0.5155076,0.39684778,-0.62960076,-0.81740326,-0.6758066
-0.7310436,-0.44879094,0.9171078,-0.11428117,-1.0496641,-0.6224121,2.0804415,1.7718071,-1.4388562,-1.5060284,-0.62423676,-0.20342633,-0.8467029,-0.5563848,-0.6754161,-0.3861818,1.643374,1.3285196,0.2788832,-0.6783163,1.2171432,0.32425544,0.52964365,-0.4181831,1.6786929,-0.4298044,-1.0651197,-0.71686584,-0.32279775,-0.025391933,0.012310204,0.48343825,1.6466105,0.4133063,0.17196856,-0.7167743,-1.1779153,-0.9123723,2.4076478,1.101912,0.90383565,-0.22195429,-0.13991897,-0.72838473,-0.57530046,-0.3073853,-1.2112741,-0.34966028,0.42613387,0.36838046,-1.0241342,-1.2148902,0.90542865,-0.430092,-0.9794581,-0.5635747,0.41266626,-0.39721864,-1.0949241,-0.7119654
-0.9253239,-0.49626,0.7625389,0.39516997,-1.1541665,-0.03813179,0.8507172,1.1262236,0.88724345,0.71612626,2.0653112,-0.30309114,1.5080252,0.48666677,-0.83068395,-0.57272905,1.1828419,1.0667526,-0.84640884,-0.59369826,0.33100498,0.37360418,0.41279742,0.033167526,3.4957995,0.026995782,-0.4341704,0.3945889,0.05953312,-0.479278,0.81883985,0.97479385,2.0058808,1.480678,-1.5567578,-0.37526038,-1.2900537,-0.6293828,1.2663772,1.1815273,-0.6341215,0.4220169,-1.3172463,-0.6382064,-0.08877059,0.10756692,-0.9467066,0.50521874,-1.5979563,0.23501658,1.153822,0.11528128,-0.45776844,-0.34064898,1.7045754,-0.40642747,0.2442168,-0.14061595,-0.55998117,-0.60705215
-0.9647571,-0.6997723,2.2575967,0.1902704,-1.1778401,-0.5415768,1.9847109,1.0198011,0.8292053,-0.37220132,-0.78213143,-0.42815793,-0.90253484,-0.6233721,-0.8674403,-0.6417995,1.502222,1.185233,-1.2766573,-0.9990749,1.0097086,-0.3083249,1.8150061,-0.37188077,2.9656777,0.8057358,-1.214132,-0.8652599,-0.0053651757,0.12279519,2.1806712,1.3851124,0.23846883,1.2664945,-0.14179412,-1.0658575,-0.81737113,-1.0129992,2.542406,1.2124648,3.4294791,0.68226427,-0.7630054,0.55383754,0.111000195,1.008962,2.9817402,-0.28896916,0.10419042,0.5175573,-0.96092176,-1.3906084,-0.29547942,-0.95481104,-0.53025323,-0.6503441,-1.289125,-0.52112556,-0.84570813,-1.0252123
-0.027498592,0.17752232,0.637644,-0.20927125,-0.6508193,-0.34331092,1.1114331,-0.33859056,-1.1778603,-0.9360763,2.1799595,0.05864754,-0.6715936,-0.44575575,-0.05011221,0.14453483,-0.005000915,-0.4585279,-0.6700805,-0.40302485,0.17046687,-0.8253745,-0.83550566,-0.64425325,-0.49543902,-0.20376559,-0.632704,-0.39712974,-0.45833743,-0.19221148,0.16965362,-0.48936808,1.3683475,-0.34233227,-0.8172928,-0.45107052,-0.7560974,-0.40709224,0.5780003,-0.6574908,1.3918202,-0.49837375,0.745983,-0.3300986,0.7848621,-0.33585986,-0.91544926,-0.63931,-0.86002207,-0.51170945,-0.7745591,-0.8352709,-0.58201015,-0.19368596,-0.7075715,-0.39159396,-0.77870387,-0.46420652,-0.8040625,-0.53412354
0.09945689,0.19440986,-0.43160832,-0.19115213,-0.58374393,-0.49916825,-0.67584586,-0.04101405,-1.131078,-1.3764013,-0.03444686,0.055874232,-0.6407433,-0.67323536,0.06683989,0.16710702,-0.9018344,-0.39395705,-0.58677626,-0.4824446,-0.035877243,-0.82167536,-0.75265265,-0.60652095,-0.33601823,-0.19424114,1.7367575,-0.41345796,0.77876294,0.02383713,-0.16656834,-0.66131943,-0.80883557,-0.3129303,0.8502148,-0.28778508,0.058534257,-0.28308395,-0.29725865,-0.55636144,-0.7561308,-0.58849674,-0.42917952,-0.30415,-0.44839934,-0.335117,-0.1269255,-0.6715833,-0.10730258,-0.4534269,-1.0729656,-0.9300997,-0.44878766,-0.28516784,-0.57364583,-0.3711948,-0.7089921,-0.58076626,0.71335053,-0.40783378
-0.6182744,-0.27632156,-0.2658307,0.0832452,-0.98608345,-0.4868844,0.96240544,1.4387408,0.68604445,-1.385832,-0.55727994,-0.4258742,-0.8243384,-0.8883651,-0.56670636,-0.44638482,-0.3844731,1.0308338,-0.7834317,-0.6738712,-0.2879956,-0.17173009,-1.2230799,-0.36644363,-0.34397477,-0.3900154,0.02729651,-0.300375,-0.73724246,0.5901002,1.4292308,0.676227,0.75166005,0.6336585,-1.3074411,-0.33561885,-1.1085894,-0.3245915,1.2588335,0.9164606,-0.91508293,-0.23153737,-0.6533105,-0.13948682,-1.1086837,0.26668873,-1.1200421,-0.36149552,-0.90415204,-0.2660222,-1.1081151,-1.3207334,-1.2023431,-0.38303003,-0.899696,-0.48559564,-0.7379379,-0.5074229,-1.0607854,-0.20655477
-0.9157061,-0.8156735,-0.12338124,-0.14724322,-1.1587884,-0.3949796,1.5420115,1.7723373,-1.5060397,-1.1552424,-0.75411403,-0.5049748,0.36040655,-0.6908363,-0.8311295,-0.8028644,1.8815808,1.4699225,-1.2508749,-0.9302051,0.7721866,0.5370014,0.49415392,-0.40098608,0.01195176,-0.12870838,-0.51560706,-0.7366,-1.6378721,0.36307582,-0.01843431,1.2776333,1.0459559,0.9486482,-0.6597073,-0.707606,-1.2912085,-0.6875701,0.84915274,1.6594927,-0.4918133,0.5077372,-0.89781445,-0.091282636,-0.21652636,0.73712444,-0.9952998,-0.18936326,1.2615646,0.3088436,-0.6869027,-1.1851822,-0.56023455,-0.31705415,-1.1080265,-0.25965402,-1.2616234,-0.40581974,-1.1937497,-0.5007006
-0.061641924,-0.14899391,-0.5995824,0.095597364,-0.67167467,0.21580192,1.0903022,1.0507064,-1.188061,-0.70332843,-0.14081798,-0.2594653,-0.67682785,-0.44102842,3.2617164,-0.2205479,0.983095,0.7164909,-0.68714166,-0.61036515,0.84636134,-0.17881484,-0.34828156,-0.2921793,2.5463111,-0.57524055,0.31975004,-0.40260845,-0.4990383,-0.21159144,-0.399188,-0.019765615,1.2775393,0.11681253,-0.5162654,0.095334426,-0.52065855,0.29542238,1.2055883,0.4836417,-0.8828973,-0.07845073,-0.5645243,-0.13472229,0.8663146,-0.22043034,-0.7157216,-0.53938645,0.36040145,-0.110768855,0.013195113,-0.46889293,-0.6181519,0.28927022,-0.74701613,0.20831665,-0.7923178,-0.31162843,-0.014623602,0.09964765
0.19034548,0.30305272,-0.3317511,-0.3553005,-0.5314364,-0.4996739,1.2247232,0.19822548,-1.0948482,-1.3682274,0.028948434,0.016874183,-0.6169513,-0.5405469,0.14748114,0.0601068,0.62923646,-0.17568517,-0.5253942,-0.4091198,-1.0734391,-0.6309214,-0.692042,-0.45210707,0.959435,-0.28165188,-0.49154887,-0.63971883,-0.1700726,-0.15237531,-0.81979173,-0.5642543,-0.70743376,-0.5309489,-0.63963294,-0.54303527,-0.6275268,-0.5386978,-0.21457967,-0.48969835,0.28866294,-0.4387563,-0.34754568,-0.27996624,-0.35967755,-0.38645676,-0.7378476,-0.5825903,-0.6801952,-0.5130182,-1.013537,-0.9733105,-0.34789196,-0.1674214,-0.46976823,-0.48784065,-0.6569307,-0.3913466,-0.8101949,-0.7076736
0.30359554,0.35796097,-0.21210082,-0.21792392,-0.46853206,-0.49401665,1.2829472,-0.61737895,-1.0543972,-1.2817125,0.1068273,0.15058094,-0.59030426,-0.5667059,0.24438432,0.22685969,0.26218855,-0.74182993,-0.4530987,-0.33988613,-1.0064355,-1.05707,-0.61713266,-0.68443763,-0.07087002,-0.020166835,-0.42329428,-0.44289893,-0.027422,0.004436753,-0.7517814,-0.82980007,-0.5875459,-0.48193902,-0.54879797,-0.50086063,-0.5617538,-0.5128238,-0.17737871,-0.91812426,-0.5862068,-0.6299992,-0.25284702,-0.24126436,-0.25763854,-0.3124648,-0.6467642,-0.6960502,0.6929676,-0.661428,-0.942843,-0.96302617,-0.2297285,-0.18839364,-0.34730417,-0.4419902,-0.5972071,-0.491037,-0.7577035,-0.6797935
0.2898901,0.28108275,-0.22921918,-0.26718256,-0.47653604,-0.4372785,-0.603175,-0.21751589,-1.060377,-1.3702304,0.09827962,0.0399687,-0.59347653,-0.47244582,0.23235495,0.15208381,-0.7614264,-0.4548664,-0.46258244,-0.5639001,-1.0146137,-0.76911646,-0.6261885,-0.52390045,-0.09137545,-0.02365744,-0.43094644,-0.48614663,-0.046093028,-0.06480871,-0.7606357,-0.5843523,-0.6043102,-0.45423722,-0.5614091,-0.32864916,-0.57041395,-0.33031812,-0.9344501,-0.59612507,-0.5984879,-0.50208026,-0.26582646,-0.27680916,-0.27113575,-0.24586816,-0.65928173,-0.69008666,-0.60264164,-0.5634548,-0.95287704,-0.85194576,-0.24448639,-0.14024572,-0.36361894,-0.30492365,-0.6043904,-0.4850694,-0.7643573,-0.49089947
2.6608515,-0.60512936,0.72080207,-0.1341798,-1.0739015,-0.7557617,2.0582674,2.1565666,0.6185091,-1.93923,4.2599764,-0.49312824,-0.85320604,-0.85849124,1.1109385,-0.6414156,1.5218573,2.1145096,-1.1602792,-0.46260664,0.7620923,0.19068617,0.12551965,0.03542814,-1.4709284,-0.53312016,-1.0891011,-1.1609927,1.5889906,0.9012817,0.9475032,1.0654143,1.7467864,1.3571746,0.07513865,-1.007906,-1.2021195,-1.1744089,1.4529643,1.6777319,0.56165963,-0.084200755,0.21441993,-0.037551217,0.22485414,0.30322194,-0.3045579,-0.31173906,-0.83781326,-0.4531585,-0.38693795,-1.7190671,-0.07427096,-0.78770804,1.1004332,-0.5058892,0.55177253,-0.15886164,-1.1086357,-1.2978077
-1.0820947,-0.67508245,-0.6957679,0.14179096,-1.2445773,-0.67699933,0.78798515,1.4069816,0.5618779,-1.0849901,-0.890402,-0.6289601,-0.94060206,-0.5122805,-0.96813047,-0.8161116,0.79886734,1.8341177,-0.9500768,-0.71869457,-0.19036256,0.1706937,1.0249132,-0.13479733,-0.8334261,0.53422016,-1.287579,-1.0743505,1.0591086,0.5336387,0.78757316,1.3897332,1.0015401,1.063954,-1.0695668,-1.1538413,-0.8567234,-1.1088647,1.8195195,1.4112251,0.9122782,0.69997627,1.5757015,0.983649,0.38188797,1.2189621,-1.0759721,0.10509795,-0.5151727,-0.07897867,-1.2350113,-1.4352131,-0.7191649,-0.9901858,-0.5296112,-0.26840934,-0.7692125,-0.2725885,-0.98920727,-1.1379343
0.24925475,0.18284288,-0.2748682,-0.23676403,-0.4998715,-0.39799497,1.2519227,0.28252378,0.9051825,-1.335644,0.072636575,0.0403015,-0.60275537,-0.51033777,0.19693518,0.019974524,0.21659611,-0.14040539,-0.48884138,-0.5408102,-1.0398496,-0.63790363,-0.6539916,-0.60731715,-0.14234269,-0.16369292,-0.45533773,-0.5224102,-0.09854972,-0.056184843,-0.78576267,-0.546456,-0.6488944,-0.35749665,-0.5952906,-0.34940302,-0.59430724,-0.4269872,-0.19659054,-0.2827211,-0.6320009,-0.44106904,-0.300666,-0.24394454,-0.30865806,-0.26240692,-0.48767763,-0.6518603,-0.6362395,-0.54361534,-0.9784637,-0.8699401,-0.28705335,-0.279349,-0.40915576,-0.31020954,-0.6251876,-0.50984645,-0.78287107,-0.5781313
-0.266021,-0.19850531,-0.8071427,0.27973276,-0.7812499,-0.23918486,1.0781853,0.500341,-1.2594655,-0.4994979,-0.30013725,-0.34413037,0.6495201,-0.32202488,-0.25973493,-0.25982478,1.4144046,0.39244884,-0.56562823,-0.67696023,-0.26610187,-0.092930354,0.4606081,0.3781682,-0.035055544,0.06828384,-0.7802815,-0.44553718,0.48274386,-0.69580674,-1.0932691,0.24080184,0.8720925,0.6725817,-0.2870705,-0.4365237,-0.3375638,-0.318121,0.88127875,0.5303505,-0.051038384,0.6851802,-0.37822306,0.12774886,-0.7843903,0.34841275,-1.1061575,-0.22175549,-0.37782508,0.012069004,1.5238212,-0.29069263,-0.8255654,0.021111025,-0.96674925,-0.064907536,-0.9100547,-0.444139,-0.9041359,-0.3057109
-0.778171,-0.75686187,0.011216586,-0.08846365,-1.087542,-0.7491262,2.037179,2.0395744,-1.4624232,-1.7266746,-0.6296978,-0.440544,-0.85122335,-0.720314,-0.72642946,-0.6782658,2.8918967,2.10121,-0.47401622,-0.3410407,1.5785897,0.34408534,2.4344723,0.35712904,1.8698872,-0.0034044571,-1.0944302,-1.4268053,-1.4667704,0.9570133,0.7429643,1.2480426,2.7628675,1.9049394,-0.47947773,-1.0000848,-1.214155,-1.2756449,1.7925594,1.6640269,-0.3264812,-0.08258316,-0.79790896,-0.019674946,-1.2809082,0.44143683,0.063736625,-0.54803663,-0.81295645,-0.21884209,-1.0923268,-1.486384,-0.10616933,-0.60346204,-1.080207,-0.4037631,2.0107045,-0.34801313,-0.790021,-1.3508435
-0.435295,-0.24935457,2.063766,-0.102133684,0.2931451,-0.5857037,1.6994754,1.5837806,-1.3262973,-0.6943958,-0.40413404,-0.13571641,0.5220008,-0.20796935,-0.41388893,-0.37604758,1.1694291,1.6442425,-0.9405333,-0.22141942,1.6714436,0.12458069,0.24938904,-0.0033998531,-1.0367585,0.5688646,-0.8825609,-0.99609476,-1.0042427,0.96187425,-1.2020569,0.5739291,-0.19953872,1.0815686,-1.1697068,-0.8564943,-0.50689936,-1.0506706,1.3688217,1.0429778,-0.35836726,-0.5426745,-0.9035267,0.26465115,1.799648,0.105549335,-0.011606204,-0.44627145,0.9237473,-0.08569031,0.23772258,-0.6166723,-1.0099887,-0.54534143,2.154856,-0.476843,2.1425579,-0.6213913,-0.6391566,-0.99237406
-0.5252218,-0.43557602,0.7815063,0.00035175215,-0.9351287,-0.6274882,2.002188,1.5306814,0.70820445,-0.52252126,-0.4741775,-0.17202559,0.49438992,-0.22952288,-0.49141148,-0.48895222,1.1345526,1.8132191,-0.9966255,-0.40324545,0.23479237,0.11658561,-1.1659646,0.24216865,0.835918,0.96688646,0.3289714,-1.0732114,1.9079162,0.9306463,1.4423989,0.82106674,0.3018706,1.4965582,-1.2370629,-0.92835236,-0.55516624,-1.1094359,1.4106554,1.2492092,-0.41561264,-0.33554855,0.55210376,0.57169086,-1.0266205,0.49416032,0.0905386,-0.3400115,-0.7579217,0.059375644,0.042090874,-0.59109294,-0.1338523,-0.6049133,-1.2697084,-0.41183856,-1.0505726,-0.7887378,-0.8548442,-1.0514247
-0.50863105,0.055045642,-0.17563316,-0.32795635,0.37802514,-0.5583457,2.03529,0.7007757,-1.3523265,-0.6322513,-0.45708215,0.004221367,0.39129648,-0.26039597,-0.47470403,0.002342442,1.1328303,0.37717497,-0.19021316,-0.4016921,1.3983148,-0.30805647,-0.7608403,-0.49367982,-1.1175951,-0.27839777,0.3446982,-0.48767754,0.09612211,0.11263931,0.50331473,-0.02231818,0.7678277,0.048926868,0.36195195,-0.35860986,-1.0440155,-0.6479178,1.0303043,0.096549444,-0.64182115,-0.40045008,-0.9568961,-0.100372516,0.6030961,-0.29808512,-0.6326116,-0.397132,0.70181257,-0.39981192,-0.11612925,-0.56088334,0.22182979,-0.35588217,-0.31062278,-0.19382988,-1.0376428,-0.43519866,-1.1413778,-0.6902903
-0.39369783,-0.19522884,1.0698291,-0.04727682,2.2396762,0.16265373,0.91166615,1.1321815,0.89885104,0.5271716,3.3547087,-0.13148987,2.6530004,0.71502244,-0.37000406,-0.22481683,0.07718364,1.3398818,-0.5059577,-0.2291914,0.0096555175,0.49081182,0.6509756,-0.47860184,0.82285917,0.30798435,-0.18806371,0.20684353,-0.9484272,0.50929904,0.71408445,0.66932386,-0.83521235,1.2657161,0.48117733,0.2102151,0.8205585,-0.07760171,0.4877894,1.2205044,-0.2990485,-0.28536224,0.6887605,0.2678817,-0.9093746,0.28223646,0.29094368,0.45836356,0.115039214,-0.21299653,0.9754249,-0.18028364,1.722893,0.13971062,-1.1206038,-0.12425408,2.5032973,-0.4084608,1.7794328,0.30482295
