epoch,train_loss,train_mae,train_r2,train_pcc,val_loss,val_mae,val_r2,val_pcc,lr
1,0.3305314885068115,0.6671039462089539,0.12675803899765015,0.3697551373898043,0.34121005590128134,0.6688404679298401,0.11637329310178757,0.3601255859884226,3e-05
2,0.3046174106260253,0.6287145018577576,0.20684537291526794,0.46052223947253135,0.33643875199522677,0.6598093509674072,0.12943090498447418,0.3804990722576557,3e-05
3,0.29432526408158316,0.6140987873077393,0.233555406332016,0.487713887876609,0.3307308520862163,0.6490097641944885,0.142115518450737,0.39397950195736486,3e-05
