epoch,train_loss,train_pcc,is_best,val_loss,val_pcc,val_mae,val_r2
1,0.656547,0.601061,False,0.737669,0.59949,0.660835,-0.00806
2,0.415861,0.764954,False,0.635113,0.643639,0.606424,0.122783
3,0.373327,0.791843,True,0.613831,0.664184,0.594078,0.147959
