mpp_id,patient,patch_stem,split,block_id,image_path,true_tls,pred_tls,true_tgfb,pred_tgfb,true_emt,pred_emt,true_hypoxia,pred_hypoxia,true_mhc,pred_mhc,true_icp,pred_icp,true_ifng,pred_ifng,true_toxic,pred_toxic,true_Glycolysis,pred_Glycolysis,true_Inflammatory_Response,pred_Inflammatory_Response,true_IL6_JAK_STAT3,pred_IL6_JAK_STAT3,true_P53_Pathway,pred_P53_Pathway,true_DNA_Damage_Response,pred_DNA_Damage_Response,true_Complement,pred_Complement,true_Coagulation,pred_Coagulation,true_Oxidative_Phosphorylation,pred_Oxidative_Phosphorylation,true_Reactive_Oxygen_Species,pred_Reactive_Oxygen_Species,true_Wound_Healing,pred_Wound_Healing,true_Fibrosis,pred_Fibrosis,true_MYC_Targets,pred_MYC_Targets,true_E2F_Targets,pred_E2F_Targets,true_G2M_Checkpoint,pred_G2M_Checkpoint,true_Mitotic_Spindle,pred_Mitotic_Spindle,true_Unfolded_Protein_Response,pred_Unfolded_Protein_Response,true_mTOR_Signaling,pred_mTOR_Signaling,true_Interferon_Alpha,pred_Interferon_Alpha,true_Angiogenesis,pred_Angiogenesis,true_Apoptosis,pred_Apoptosis,true_TNF_Signaling,pred_TNF_Signaling,true_ECM_Organization,pred_ECM_Organization
2,XZY,patch_x12656_y7280,external_test,external_test,D:\AIPatho\Patch\visiumhd_patch\2\XZY\patch_images\patch_x12656_y7280.png,-0.5819377,-0.989,0.56894594,0.738,1.0574797,0.8257,1.1483154,0.843,0.47688815,0.4023,-0.91960496,-1.308,-0.43257174,0.3374,-0.7892427,-1.272,1.2735074,0.7573,1.716864,-0.06494,0.79609334,0.7686,1.6968081,0.7285,0.1644608,1.047,1.150161,-0.2233,1.6964407,0.0448,0.098695144,0.662,1.4740124,1.13,1.3010551,0.875,1.0588654,0.8076,1.2607456,0.9175,-0.5159392,1.007,1.5264055,1.029,1.5277648,0.989,1.1131244,1.056,-0.6631807,0.794,0.27229077,-0.5083,0.89191324,-0.0469,0.53255147,0.7646,1.2125388,0.376,1.1725012,1.029
2,XZY,patch_x12656_y7504,external_test,external_test,D:\AIPatho\Patch\visiumhd_patch\2\XZY\patch_images\patch_x12656_y7504.png,-0.73988026,-0.574,0.8783184,0.575,1.2855309,1.095,0.8895209,0.7603,0.46828628,0.3865,-1.0223726,-0.3452,0.20622729,-0.02763,-0.38335076,-0.9766,0.4897605,0.3904,2.3681214,0.47,0.7170287,0.677,1.757563,0.375,0.4031992,0.4326,0.015396637,-0.17,1.3832182,1.036,0.82583934,0.144,0.4660519,0.634,1.9330338,1.283,1.3822348,1.02,1.1374729,0.524,1.1954775,0.3384,1.0800583,0.2067,0.8267809,0.2336,1.3017988,0.4773,0.60493803,0.2715,-0.3219871,-0.4907,-0.00017551676,0.1087,0.63508904,0.04962,0.5469699,0.1998,1.600665,1.021
2,XZY,patch_x12656_y7728,external_test,external_test,D:\AIPatho\Patch\visiumhd_patch\2\XZY\patch_images\patch_x12656_y7728.png,-1.3725996,-0.4573,1.5802221,0.4216,1.0118986,1.022,1.0995541,0.4688,0.47100267,0.571,0.80848473,-0.2803,0.07055554,-0.2167,-1.4144857,-0.5596,1.6822526,0.1707,2.7823055,0.484,1.7505805,0.5483,1.0520113,0.0599,0.74285406,0.3882,0.6424268,0.0437,1.2143222,0.8013,0.59887743,0.03094,0.7776876,0.4565,1.6967777,1.296,1.7211347,1.119,1.3514603,0.2483,-0.037695102,-0.00988,1.1229696,-0.004997,1.5560212,0.1831,1.9180604,0.282,0.7069206,0.1554,-0.84172183,-0.611,-0.4528463,0.6177,1.6836038,-0.1588,1.7464691,0.01608,1.7410287,1.133
2,XZY,patch_x12656_y7952,external_test,external_test,D:\AIPatho\Patch\visiumhd_patch\2\XZY\patch_images\patch_x12656_y7952.png,-0.2634166,-0.3054,0.44410986,0.2008,1.447316,0.5586,1.214939,-0.3137,0.46421173,0.1477,0.5462942,-0.2426,-0.4297244,-0.6694,-0.5399451,-0.6406,1.782298,-0.4526,2.4100847,-0.6123,1.7879376,-0.473,1.6140043,-0.284,-0.37796605,0.7075,0.28376934,-0.241,1.9557655,0.0006604,-0.60009044,-0.1547,0.115216635,0.1707,1.087147,0.4949,1.1426436,0.5674,0.84204507,-0.1599,-0.3609929,0.3528,-0.730066,0.1399,-0.38936898,0.3347,1.7370943,0.05856,-0.11169507,-0.1077,-0.3697009,-1.448,-0.38458988,-0.1383,0.33936256,-0.324,1.4641918,-0.719,1.3263419,0.5396
2,XZY,patch_x12880_y6160,external_test,external_test,D:\AIPatho\Patch\visiumhd_patch\2\XZY\patch_images\patch_x12880_y6160.png,-0.5374438,-0.7036,0.48469895,0.3875,0.76255655,0.4165,0.87361217,1.094,0.46330625,0.10547,1.8242168,-0.8213,-0.3459275,-0.2393,-0.75786316,-0.8794,1.4557968,0.802,0.35436174,0.1342,0.8224248,0.4446,0.46532795,0.3542,0.37357157,0.433,-0.042910773,-0.9146,1.7035059,0.4617,0.9411264,0.1214,1.8767377,0.549,0.83055323,0.5034,-0.40899116,0.266,0.9073431,0.3584,-0.15498036,0.04782,0.3502,0.2463,-0.45185086,0.2686,0.6651654,0.4053,0.08878647,0.3003,-0.10190888,-0.7954,-0.30335894,-0.258,-0.2475492,0.072,-0.3806365,0.10645,0.08076844,0.4224
2,XZY,patch_x12880_y6384,external_test,external_test,D:\AIPatho\Patch\visiumhd_patch\2\XZY\patch_images\patch_x12880_y6384.png,-0.87557596,-0.3496,1.7966952,0.3027,-0.20640184,0.02315,1.5000508,0.3286,0.47960454,0.0741,-1.1420668,-0.2527,-0.3945044,-0.487,-1.0152446,-0.5522,1.6075543,0.2281,0.6051666,-0.333,1.8628329,0.04303,0.5114453,0.0997,1.2993444,-0.04007,0.35781938,-0.0393,1.1669794,0.0355,0.8689492,-0.00996,1.3197632,0.1337,-0.051817838,0.0483,-0.36226273,0.1206,0.8610204,0.0926,1.0802369,-5.84e-06,1.0557206,-0.1956,1.7605333,-0.0766,1.3653226,-0.0828,0.5776617,-0.0754,0.1337766,-0.7964,-0.5993938,-0.1737,-0.18860203,-0.1979,1.3698293,-0.2783,0.032362625,0.02103
2,XZY,patch_x12880_y6608,external_test,external_test,D:\AIPatho\Patch\visiumhd_patch\2\XZY\patch_images\patch_x12880_y6608.png,-1.3500364,-0.998,1.5612326,0.682,-0.50484353,0.259,1.713725,0.838,0.4786991,0.3455,-0.6273728,-0.8784,-0.55863136,-0.4868,-1.3985786,-1.017,1.4182844,1.031,0.28055203,-0.04657,1.3800732,0.62,1.6314566,0.654,0.40004873,0.3557,0.27497026,-0.3767,0.6951694,-0.2286,0.48537865,0.726,1.7301574,0.74,0.2365215,0.1616,-0.15872237,0.2194,1.2405761,0.7266,0.6878757,0.3193,1.1913202,0.2014,0.5701392,0.279,1.6442659,0.6494,1.1938466,0.4949,0.17820469,-0.9023,-1.3702853,-0.28,0.6399049,0.326,0.64703333,0.2854,-0.038602807,0.2424
2,XZY,patch_x12880_y6832,external_test,external_test,D:\AIPatho\Patch\visiumhd_patch\2\XZY\patch_images\patch_x12880_y6832.png,-1.8962985,-1.376,1.553594,0.8394,-0.52113634,0.513,1.4950354,0.3855,0.47915182,0.3555,4.3745794,-0.447,-0.17864096,0.2693,-0.42047465,-1.146,1.5906162,0.682,0.30498412,-0.6978,1.6876031,0.672,0.9858325,0.957,2.1470125,1.017,1.1084462,-0.0333,0.20436078,-0.6416,1.1209385,1.172,1.2816153,0.621,0.2659443,0.6333,-0.11447583,0.732,1.5937488,1.095,1.8484726,1.036,1.4142054,1.022,0.72751063,1.027,1.8648732,0.8687,1.4920521,0.9707,-0.044494495,-0.1786,-1.0827852,-0.006977,0.9050525,0.9106,1.7544779,-0.03226,-0.042860866,0.843
2,XZY,patch_x12880_y7056,external_test,external_test,D:\AIPatho\Patch\visiumhd_patch\2\XZY\patch_images\patch_x12880_y7056.png,-0.4119188,-1.596,1.943889,0.6655,-0.14511758,0.5806,0.31038415,0.155,0.48232093,0.6094,0.009426145,-0.712,-0.3771036,-0.0666,-1.8514518,-1.345,1.8236151,0.511,0.60001224,-0.6924,1.2000456,0.529,2.2033045,0.9233,1.0165933,1.434,0.8310815,0.2261,0.21007815,-0.6074,1.3814002,1.113,1.5226022,0.8125,0.8010713,0.564,0.6109176,0.6875,1.349493,1.094,1.4806652,1.288,1.2472806,1.374,1.349249,1.345,1.868483,0.825,0.8991621,1.089,0.21913432,-0.2502,-0.6470142,-0.1221,0.9477751,0.7607,1.5126532,0.08636,0.6267984,0.899
2,XZY,patch_x12880_y7280,external_test,external_test,D:\AIPatho\Patch\visiumhd_patch\2\XZY\patch_images\patch_x12880_y7280.png,-1.8667765,-1.381,1.5565709,1.002,1.2573918,0.853,0.8700777,0.553,0.4850373,0.48,0.43356004,-0.6963,-0.037661564,-0.1079,-1.8039914,-1.062,1.4395921,0.6343,2.4247384,-0.448,1.8072999,0.6675,1.9210452,0.795,1.3162097,0.94,1.9154263,0.3687,0.64787287,-0.2233,0.9394235,1.059,0.84403795,0.7783,1.7336724,0.9663,1.3280752,1.189,1.0915749,0.9224,1.3096838,0.682,1.2866179,0.6323,1.2328641,0.696,2.1402657,0.914,0.708953,0.7104,0.16205744,-0.67,0.96849096,0.862,1.1655926,0.7383,1.7622846,0.08466,1.4553905,1.198
2,XZY,patch_x12880_y7504,external_test,external_test,D:\AIPatho\Patch\visiumhd_patch\2\XZY\patch_images\patch_x12880_y7504.png,-1.9333065,-1.113,1.4131418,0.8306,0.78767014,1.106,1.3479108,0.537,0.4850373,0.3784,0.7406096,-0.3645,-0.76658624,0.25,1.3974395,-0.7637,1.4870657,0.702,2.001188,0.727,2.0444884,0.7974,2.5513947,0.701,1.5497838,1.042,2.039714,0.2441,0.77077824,0.3354,1.3967485,0.8213,1.4160776,1.381,1.6111513,1.09,1.5649612,1.076,1.4287086,0.953,1.6196685,0.932,2.4263282,1.491,2.4689658,1.439,1.5098625,1.063,1.4047046,0.81,0.27833986,-0.498,0.99294674,-0.0728,2.0689719,0.662,2.0339212,0.755,1.520282,1.208
2,XZY,patch_x12880_y7728,external_test,external_test,D:\AIPatho\Patch\visiumhd_patch\2\XZY\patch_images\patch_x12880_y7728.png,-2.0824978,-1.751,1.8968214,0.814,0.62472755,0.7446,0.73270124,0.57,0.47734088,0.507,-1.3695586,-1.252,0.06717435,-0.387,-1.2736465,-1.658,1.7416472,0.9585,2.3765135,-0.1398,1.9784268,0.973,1.5257543,1.249,1.5790564,1.716,0.7799122,-0.262,0.32116863,-0.5957,1.2959524,1.303,1.7740858,1.562,1.6364733,0.7812,1.656172,0.8457,1.4151247,1.27,1.2823309,1.525,1.7755026,1.489,1.4404057,1.601,1.9812684,1.412,0.046828225,1.262,-0.3498324,-1.005,0.7125873,0.2205,1.5266,1.174,1.8739312,0.4841,1.531982,1.142
2,XZY,patch_x12880_y7952,external_test,external_test,D:\AIPatho\Patch\visiumhd_patch\2\XZY\patch_images\patch_x12880_y7952.png,-1.1755127,-1.413,0.98110384,1.041,0.7350844,1.073,0.6499829,0.678,0.47734088,0.599,0.0896307,-0.8535,-0.019203177,-0.3164,-0.39730957,-1.175,1.703183,1.041,2.7234957,0.2756,2.0221324,1.06,1.9555821,1.329,1.9777519,1.543,0.654714,-0.5303,0.48538882,-0.4575,1.1986175,1.288,1.3371509,1.165,2.0595722,1.214,1.6227716,1.183,1.5179865,1.323,1.5659467,1.453,2.1904595,1.172,1.9592911,1.278,2.3433607,1.308,1.1118568,1.278,-0.09028131,-0.6387,1.901281,0.829,0.8052226,0.972,2.2199032,0.7056,1.5460979,1.33
2,XZY,patch_x12880_y8176,external_test,external_test,D:\AIPatho\Patch\visiumhd_patch\2\XZY\patch_images\patch_x12880_y8176.png,-1.4806712,-1.145,1.9191456,0.496,1.3771775,0.9526,0.95472944,0.8486,0.47734088,0.5776,0.82649714,-0.588,-0.15151918,-0.696,0.037356988,-0.803,1.5416006,0.863,3.248674,0.747,2.245796,0.6543,1.3841342,0.6914,1.1602948,0.669,1.0792661,-0.09863,0.98249227,0.9023,0.67561734,0.2952,0.79592633,0.7407,1.6749848,1.185,1.6568457,1.055,1.3544501,0.6772,0.5798079,0.2793,1.3639932,0.1274,0.27710223,0.2194,2.3427498,0.7104,-0.45105276,0.3188,0.38197273,-1.09,0.12110176,0.655,0.68582284,0.3408,2.1201077,0.527,1.494339,1.104
2,XZY,patch_x12880_y8400,external_test,external_test,D:\AIPatho\Patch\visiumhd_patch\2\XZY\patch_images\patch_x12880_y8400.png,-1.240067,-0.71,1.1283021,0.7065,1.0356262,0.792,1.0769268,1.132,0.47734088,0.544,0.69262046,-0.7207,-0.28296646,-0.569,-1.3041794,-1.018,1.4177755,0.733,2.6701264,0.1671,2.001845,0.566,1.1438842,0.4722,0.04072315,0.486,0.073136106,-0.608,1.2043668,0.7007,0.8179027,0.1285,0.9776671,0.6426,1.9208062,0.835,1.1794758,0.6074,1.3091158,0.4998,0.90448684,0.04773,1.9798594,0.206,1.5245789,0.3145,1.6178384,0.4941,-0.15409887,0.3848,-0.641617,-1.076,-0.846548,-0.005703,0.48008838,0.006287,1.5451196,0.1914,1.2596148,0.691
2,XZY,patch_x13104_y5712,external_test,external_test,D:\AIPatho\Patch\visiumhd_patch\2\XZY\patch_images\patch_x13104_y5712.png,-0.9125839,-0.493,0.6045503,0.4604,-0.15894246,0.03958,0.44092008,0.879,0.48005727,0.1721,-1.1656979,-0.7305,0.07777039,-0.3208,-1.0441903,-0.521,0.63748115,0.4216,1.0050815,0.03552,1.4276822,0.2314,1.2521447,0.1324,1.7522839,0.1582,1.1960983,-0.732,0.844089,0.3218,-0.22626282,-0.1462,1.9218769,0.502,0.6748136,0.1115,-0.09577144,-0.03485,1.1739554,-0.1231,1.5208422,-0.1868,1.8441658,-0.2295,1.0524435,-0.07697,1.3079805,0.134,-0.19978568,-0.0628,0.19645187,-0.8833,-0.9123567,-0.1434,0.092728,0.2126,0.90069973,0.1846,0.028652627,-0.02115
2,XZY,patch_x13104_y5936,external_test,external_test,D:\AIPatho\Patch\visiumhd_patch\2\XZY\patch_images\patch_x13104_y5936.png,0.022284888,-1.064,1.6901013,0.881,0.8053364,0.2795,1.1292539,0.6206,0.48005727,0.1455,0.6846691,-0.5815,0.1038292,-0.1731,-0.6722079,-0.9985,1.3846232,0.613,-0.3651594,-0.6143,1.8173187,0.4607,0.56985074,0.5737,2.170733,1.152,0.320057,-0.1309,0.97005624,-0.2219,0.681583,0.525,2.1211941,0.895,0.11131372,0.379,0.37926453,0.4443,1.0897503,0.663,1.5858071,0.8955,1.4077176,1.102,1.3219165,1.234,1.3389976,0.6177,1.2012303,0.507,0.6806102,-0.514,-0.90045726,-0.2405,0.094676174,0.4229,0.47928637,-0.103,0.7778082,0.532
2,XZY,patch_x13104_y6160,external_test,external_test,D:\AIPatho\Patch\visiumhd_patch\2\XZY\patch_images\patch_x13104_y6160.png,-1.8966148,-1.2,1.0946658,0.99,-0.521924,0.648,0.91436327,0.685,0.48458457,0.451,-0.9879903,-0.9175,-0.3488026,-0.2065,-1.8252877,-1.392,1.6451403,1.017,1.1955924,0.0188,1.2383329,0.6484,1.449544,0.973,1.4762923,0.5586,1.2651659,0.267,0.20526342,-0.194,1.0442501,0.9697,2.2147317,0.563,0.5907125,0.6187,0.18686034,0.742,1.1081554,0.838,1.3506637,0.4824,2.4904535,0.631,2.2407966,0.567,1.5922424,0.765,0.30940747,0.7227,0.5266964,-0.5156,-0.92343193,0.007454,0.9568923,0.645,1.0650182,0.3933,0.32582784,0.8223
2,XZY,patch_x13104_y6384,external_test,external_test,D:\AIPatho\Patch\visiumhd_patch\2\XZY\patch_images\patch_x13104_y6384.png,-1.163245,-1.338,1.4087212,0.4814,-0.78159064,0.0435,1.4407033,0.62,0.47326633,0.4116,-1.1791098,-0.7515,-0.20236805,-0.1608,-1.0431023,-0.969,2.0086381,1.017,0.55488646,-0.3708,1.4635457,0.582,1.8744923,0.722,1.3544911,0.517,0.9402913,-0.1204,0.4734621,-0.6724,1.3636045,1.059,0.71853304,0.5786,0.19677581,-0.1798,-0.017571636,-0.1111,1.4327575,0.922,1.5887058,0.5806,2.4122963,0.8237,2.3085003,0.816,2.032498,0.696,0.64154047,0.832,0.5674758,-0.417,-0.67947423,-0.688,1.2662152,0.595,1.5487018,0.2234,0.022500586,0.04587
2,XZY,patch_x13104_y6608,external_test,external_test,D:\AIPatho\Patch\visiumhd_patch\2\XZY\patch_images\patch_x13104_y6608.png,-1.8191196,-1.201,1.1688021,0.7593,-0.51778287,0.739,1.4618032,0.881,0.48232093,0.3262,-0.32925364,-0.874,-0.0051828832,-0.3794,-1.1620212,-1.235,1.9065703,1.141,0.94977295,0.03525,1.4698596,0.7617,1.9637504,0.827,1.1583761,0.6743,1.8433942,-0.0901,0.2021245,-0.342,1.2735642,0.9014,1.7086616,0.9575,0.22070493,0.613,0.19512598,0.4792,1.0360832,0.9126,1.4324564,0.7144,1.1654555,0.7856,1.405864,0.7666,2.0128655,1.002,0.5434314,0.796,0.8097834,-0.5864,-1.1301665,-0.2952,1.6142501,0.352,1.0755187,0.53,0.32498914,0.5986
2,XZY,patch_x13104_y6832,external_test,external_test,D:\AIPatho\Patch\visiumhd_patch\2\XZY\patch_images\patch_x13104_y6832.png,-1.0738732,-1.199,1.8673002,0.633,-0.16408356,0.2119,1.2978209,0.6533,0.48005727,0.3762,0.7889376,-0.8076,-0.097657,-0.3064,-0.9700571,-0.93,1.9104851,0.816,0.45896846,-0.3145,1.7226743,0.5757,1.8343232,0.6475,1.8205907,0.57,1.1879253,-0.0578,0.13347518,-0.687,1.2649502,0.9766,1.8084476,0.595,0.95595515,-0.1159,0.16806957,0.0383,1.2514096,0.7783,1.499248,0.616,1.895908,0.741,1.8413842,0.636,2.0404377,0.6187,0.6561408,0.754,0.36720952,-0.6255,-0.9352581,-0.5327,1.3175747,0.751,0.76107335,0.396,0.33327875,0.1846
2,XZY,patch_x13104_y7056,external_test,external_test,D:\AIPatho\Patch\visiumhd_patch\2\XZY\patch_images\patch_x13104_y7056.png,-1.9629339,-1.142,1.586823,1.003,-0.06675593,0.5425,1.123429,0.866,0.4877537,0.4163,-0.121027045,-0.726,-0.04994954,0.1754,-0.8550741,-1.12,1.4972457,1.142,0.36394253,0.03656,1.5870793,0.9233,1.5402186,1.043,2.2393315,0.7705,0.80510473,0.3032,0.17300668,-0.10095,1.271422,1.127,0.92047274,0.948,0.87322664,0.682,1.1028758,0.7427,1.3750631,1.035,1.4742601,0.8228,1.7807719,0.915,1.6433195,0.7993,2.024223,1.099,0.27320677,0.908,0.5060261,-0.275,-0.5860843,-0.0807,1.7030097,1.035,1.6310234,0.5645,0.93288684,0.762
2,XZY,patch_x13104_y7280,external_test,external_test,D:\AIPatho\Patch\visiumhd_patch\2\XZY\patch_images\patch_x13104_y7280.png,-1.9441663,-1.463,1.6003603,0.926,0.7347496,0.839,0.77555686,0.4705,0.48820642,0.4294,2.1770954,-0.696,0.35587108,0.1054,-0.53322834,-1.367,1.6916165,0.761,1.9250118,0.0519,1.6423861,0.8413,1.8798707,0.903,1.8398265,1.114,1.9369658,0.4983,0.8045024,-0.2812,1.1145712,1.143,2.1584814,1.176,1.7630128,0.8447,1.1264658,0.9956,1.1987818,0.9834,1.9597521,1.133,2.2648332,1.361,2.0477138,1.267,1.9165494,1.017,1.4526738,0.9517,1.2039673,-0.361,0.18454307,0.403,1.1820465,0.8994,1.7232052,0.5415,1.1290219,1.079
2,XZY,patch_x13104_y7504,external_test,external_test,D:\AIPatho\Patch\visiumhd_patch\2\XZY\patch_images\patch_x13104_y7504.png,-2.0092201,-1.876,1.5104916,0.91,0.06542485,0.7495,1.0138156,0.3586,0.48730096,0.2698,-0.4559809,-1.233,-0.16359836,-0.2927,-0.2926729,-1.323,1.4542354,0.8604,1.7560071,-0.1985,1.8446047,0.884,1.6804551,1.401,1.5862999,1.945,1.6150188,0.1711,0.31191063,-0.9966,1.3282489,1.32,1.8820848,1.2295,1.43943,0.59,0.9448696,0.6777,1.3205913,1.228,1.7693614,1.56,2.4937322,1.912,2.4299595,1.971,2.123929,1.281,1.2200942,1.344,0.584852,-0.7925,0.0038059019,-0.498,1.495161,1.341,1.870954,0.678,0.9888696,0.9424
2,XZY,patch_x13104_y7728,external_test,external_test,D:\AIPatho\Patch\visiumhd_patch\2\XZY\patch_images\patch_x13104_y7728.png,-2.0244029,-1.559,0.93568534,0.787,0.89107645,1.246,1.3410226,0.1593,0.48458457,0.641,0.6642296,-0.8306,-0.18584545,0.05753,-1.9268148,-1.342,1.5988932,0.519,2.1707296,0.1191,1.6783363,0.9272,2.0586922,1.392,1.7869947,1.533,1.2228826,0.696,0.34686753,-0.1426,1.3073095,0.988,1.2158017,1.09,1.3806142,1.475,1.3348055,1.566,1.4111269,1.203,1.7562301,1.514,2.7192292,1.853,2.499626,2.002,2.1171594,1.294,1.4958779,1.025,-0.67839295,-0.092,-0.515816,0.849,1.4628174,0.9355,2.464199,0.585,1.5275052,1.743
2,XZY,patch_x13104_y7952,external_test,external_test,D:\AIPatho\Patch\visiumhd_patch\2\XZY\patch_images\patch_x13104_y7952.png,-1.8710994,-1.339,1.8856612,0.8125,0.85132974,1.53,0.9635085,0.1432,0.48820642,0.6953,-0.96561223,-0.4873,0.08524339,-0.2181,-0.91078824,-0.8457,1.6335357,0.716,3.1605308,0.634,2.0593548,1.07,1.7836903,1.096,1.0583354,1.499,1.6286727,0.854,0.39672866,-0.08673,1.3986213,0.972,1.3702716,1.415,1.7713908,1.545,1.5053554,1.576,1.6251941,1.1,1.6976835,1.52,2.0099006,1.588,1.5701545,1.734,1.8309706,1.253,0.7889955,1.088,-0.49206835,-0.4639,1.4534972,0.13,1.1913251,0.9453,2.519923,0.8677,1.5246568,1.647
2,XZY,patch_x13104_y8176,external_test,external_test,D:\AIPatho\Patch\visiumhd_patch\2\XZY\patch_images\patch_x13104_y8176.png,-1.4756103,-0.8613,1.0186895,1.649,1.9437582,1.679,0.7588866,0.2311,0.49182826,0.65,0.35763308,-0.2534,0.24746044,-0.4744,-1.4887187,-1.1875,1.278796,0.7964,3.7715626,1.131,2.300356,1.327,1.486681,1.443,0.24354917,0.827,3.2787077,1.243,0.9762929,0.846,0.44058102,0.708,1.490573,1.326,1.958835,1.925,1.946257,2.098,1.1474127,0.7515,-0.0932299,0.3386,-0.30750594,-0.00943,-0.45876005,0.03406,1.1696451,1.384,0.8388998,0.557,0.7177619,-1.027,0.6749087,1.034,1.3433452,0.6084,2.8938472,1.235,1.8320738,1.8955
2,XZY,patch_x13104_y8400,external_test,external_test,D:\AIPatho\Patch\visiumhd_patch\2\XZY\patch_images\patch_x13104_y8400.png,-1.9974113,-1.182,1.3859224,0.8394,0.94761723,1.004,0.69355965,0.6797,0.48820642,0.325,2.1046836,-0.2281,0.25189346,-0.1964,0.9900777,-0.84,1.4528888,0.827,3.3868973,0.7773,2.0347822,0.8823,1.8058735,0.955,1.4919093,0.621,2.422766,0.5825,0.54232234,0.2742,1.073018,0.7544,1.7865088,0.6973,1.9924216,1.287,1.4709576,1.299,1.3026059,1.035,1.3316461,0.7534,2.3154995,0.748,2.2934632,0.7544,2.2111456,0.855,1.4412076,0.864,0.30309245,-0.3665,-0.14232317,0.4932,2.0483212,0.568,2.5805204,0.697,1.6350784,1.337
2,XZY,patch_x13104_y8624,external_test,external_test,D:\AIPatho\Patch\visiumhd_patch\2\XZY\patch_images\patch_x13104_y8624.png,-0.34606692,-1.162,1.9802368,0.904,1.176107,0.844,0.75385463,1.018,0.48277366,0.3545,-1.062676,-0.561,0.07393147,-0.10046,-0.59093875,-0.952,1.6417972,1.075,2.6840293,0.8057,1.8075552,0.9106,1.774972,0.8516,0.9372226,0.6323,0.515068,-0.0698,0.6215422,0.561,1.0425497,0.64,1.7488465,0.681,2.3531597,0.9663,1.828488,0.9116,1.4360332,0.8423,1.0642505,0.4531,2.219343,0.6304,2.1979544,0.543,1.8487738,0.7905,0.7422485,0.89,-0.05085112,-0.6646,1.3073522,-0.0271,1.725401,0.5435,1.9273545,0.839,1.7121408,0.99
2,XZY,patch_x13328_y5264,external_test,external_test,D:\AIPatho\Patch\visiumhd_patch\2\XZY\patch_images\patch_x13328_y5264.png,-1.154137,-0.785,1.0898507,0.0863,-1.3280894,-0.2124,0.9490403,0.9077,0.44474432,0.2311,0.56920147,-0.7153,0.17187387,-0.10944,-0.23591681,-0.789,1.8329467,0.6587,-0.41736415,-0.0976,0.7751623,0.4688,1.1506792,0.368,-0.12096805,0.0789,-0.2561218,-0.8467,-0.18677044,0.2106,0.7320597,0.1537,1.414544,-0.00759,0.043613944,-0.1342,-0.39897358,-0.284,0.75927955,0.3938,0.21057701,0.05798,-0.67775065,0.0921,-0.8842348,0.04642,1.0022049,0.2482,-0.12431279,0.267,0.81074023,-0.3503,0.11703255,-0.6694,-0.13871177,0.3423,0.32009903,0.162,-0.3092969,-0.1658
2,XZY,patch_x13328_y5488,external_test,external_test,D:\AIPatho\Patch\visiumhd_patch\2\XZY\patch_images\patch_x13328_y5488.png,-1.4048629,-0.7627,0.6985999,0.3892,0.3213442,0.1676,1.1257024,0.881,0.47236085,-0.0431,-0.34143195,-0.587,-0.12274162,-0.1517,-1.4401283,-0.7827,2.1780713,0.7144,-0.5976571,-0.0728,1.2979246,0.4795,1.5651412,0.2725,0.6028785,0.551,-0.4950315,-0.436,-0.38984397,0.1075,0.9500923,0.4763,0.76977146,0.509,1.4198532,0.1018,1.0197577,0.007362,1.3176976,0.581,1.3170114,0.3496,1.9494603,0.755,1.720449,0.7817,1.433204,0.4548,-0.10665756,0.4094,-0.09884023,-0.351,0.44688606,-0.3228,1.6840237,0.1951,0.81829697,0.232,0.9043753,0.1484
2,XZY,patch_x13328_y5712,external_test,external_test,D:\AIPatho\Patch\visiumhd_patch\2\XZY\patch_images\patch_x13328_y5712.png,-1.8314556,-1.451,0.86835444,0.8364,-0.54764616,0.9688,0.60680425,0.6416,0.48232093,0.3604,-0.83742946,-0.52,-0.26300326,0.55,-1.7771319,-1.238,1.753036,0.7915,1.1354312,0.1411,1.1986879,0.8794,2.062617,0.9966,1.4967841,1.131,-0.5166453,0.696,-0.02298774,-0.2185,0.9094821,1.093,1.3833296,1.27,0.84658754,0.99,0.9113043,1.146,1.4031513,1.156,2.342271,1.1455,1.4257418,1.526,1.0965565,1.456,1.893769,1.098,0.90498596,1.02,0.47571418,0.08386,-1.105252,0.2014,0.96485275,0.821,1.481123,0.6123,1.070704,1.212
2,XZY,patch_x13328_y5936,external_test,external_test,D:\AIPatho\Patch\visiumhd_patch\2\XZY\patch_images\patch_x13328_y5936.png,-1.8896561,-1.533,0.3123246,1.023,-0.5468505,1.033,0.5231707,0.3916,0.48413184,0.4055,-0.63880265,-0.8555,0.44673127,-0.04166,-0.43101814,-1.091,1.6485289,0.5664,1.2112359,-0.3303,1.2280813,0.591,1.0184394,0.8857,1.2818451,0.998,0.81431484,0.586,-0.41044414,-0.3179,1.0587968,1.005,1.4404112,1.178,0.6672429,0.9414,0.6658998,1.135,1.3587129,0.914,1.496471,1.06,2.190212,1.034,2.242183,1.088,1.8740388,1.041,0.7966516,0.9434,0.72621936,-0.4343,-0.8421902,0.3542,0.91623783,0.702,1.5096667,0.2311,1.0663818,1.217
2,XZY,patch_x13328_y6160,external_test,external_test,D:\AIPatho\Patch\visiumhd_patch\2\XZY\patch_images\patch_x13328_y6160.png,-1.0755847,-1.502,1.0400231,0.6943,0.16795306,0.1758,0.7496048,0.612,0.47915182,0.4507,-1.8921063,-0.557,0.1405739,0.1001,-1.8411078,-1.018,1.4719226,0.9834,0.38636497,-0.309,1.0508275,0.6846,1.639849,1.149,2.4490943,0.8447,1.4529413,0.0853,-0.32673362,-0.725,1.248162,1.15,1.7752899,0.8047,0.763351,-0.09735,0.8266499,-0.07007,1.2705796,1.093,1.5792774,0.893,1.6967181,0.6636,1.6561327,0.524,2.0214076,1.018,1.036193,1.052,0.6394749,-0.3926,-0.45230693,-0.545,1.5125089,0.947,1.1062417,0.5654,0.7768918,0.1345
2,XZY,patch_x13328_y6384,external_test,external_test,D:\AIPatho\Patch\visiumhd_patch\2\XZY\patch_images\patch_x13328_y6384.png,-1.7077795,-1.092,1.2827208,0.574,0.1309174,0.627,0.23973064,0.35,0.48186818,0.5845,-1.727568,-0.4817,-0.7135141,-0.01794,-0.8603124,-0.962,1.5007792,0.4646,1.1132314,-0.4233,1.5953008,0.4082,1.4672116,0.6646,2.0772917,0.496,1.5064389,0.386,-0.13668482,-0.1597,1.3994489,0.736,2.1943865,0.4646,0.83311856,0.651,0.82100254,0.707,1.0986729,0.7314,1.4082708,0.7314,1.7603339,0.6553,1.4082901,0.6562,2.0603085,0.619,1.3157185,0.7256,0.50753564,0.0293,-1.06724,0.1378,1.2914231,0.34,1.4100395,-0.0424,0.87567633,0.7715
2,XZY,patch_x13328_y6608,external_test,external_test,D:\AIPatho\Patch\visiumhd_patch\2\XZY\patch_images\patch_x13328_y6608.png,-1.7565963,-0.939,1.6698225,0.8477,0.016689973,0.2222,1.0094069,0.6,0.48005727,0.4114,-0.26892975,-0.4526,-0.26446855,-0.06354,1.1380936,-0.651,1.7976114,0.857,-0.3255592,-0.2737,1.3219725,0.637,1.8116716,0.687,1.1502687,0.1962,-0.1013253,0.304,-0.31354216,-0.526,0.8093608,0.9775,1.274905,0.5435,0.30529073,0.10095,0.24582888,0.2827,1.561237,0.844,1.874079,0.38,2.0752769,0.4207,1.4245585,0.3374,1.372726,0.6006,1.671152,0.6177,0.68843967,-0.2795,-0.95756483,-0.005943,0.84103966,0.4558,1.1959355,0.2023,0.01943231,0.3137
2,XZY,patch_x13328_y6832,external_test,external_test,D:\AIPatho\Patch\visiumhd_patch\2\XZY\patch_images\patch_x13328_y6832.png,-1.8579199,-1.374,1.2470435,1.245,-0.055544768,0.662,0.8267106,0.62,0.48413184,0.4893,1.5842743,-0.589,-0.09020841,-0.1525,-1.3910277,-0.7275,1.605389,0.9785,0.09778591,-0.3364,1.415564,0.716,1.6559571,0.822,1.8256134,0.6484,0.7852124,0.3298,-0.6454146,-0.7056,1.0417037,1.3545,0.08631224,0.5254,0.4940742,0.5894,0.30069783,0.7046,1.2611469,1.225,1.8090117,0.7417,2.2885053,1.006,1.9477906,0.924,1.5607901,0.857,0.6486451,0.9204,0.62609226,-0.3865,-1.1633136,-0.1775,0.2735947,0.6646,0.90532255,0.2413,0.32951546,0.7866
2,XZY,patch_x13328_y7056,external_test,external_test,D:\AIPatho\Patch\visiumhd_patch\2\XZY\patch_images\patch_x13328_y7056.png,-0.7155696,-1.5625,2.197684,1.12,0.6585571,1.072,0.22690085,0.2432,0.49182826,0.5483,1.5694064,-0.9966,0.049293928,0.09216,2.2443693,-1.342,1.5011781,0.5923,1.0662495,-0.7246,1.1407039,0.653,1.3763964,1.034,1.823469,0.867,2.399395,0.823,-0.86088365,-0.5605,1.1166464,1.087,0.9585824,0.7554,1.2863256,1.072,1.5878066,1.434,1.3909471,1.069,1.8305503,0.814,1.1613718,0.8677,1.4785833,0.785,1.5275854,1.033,1.3504976,0.814,0.80245197,-0.2091,2.4383156,1.376,1.4778888,0.8438,1.6595445,-0.001419,1.4967257,1.373
2,XZY,patch_x13328_y7280,external_test,external_test,D:\AIPatho\Patch\visiumhd_patch\2\XZY\patch_images\patch_x13328_y7280.png,-0.797851,-1.452,1.5176213,1.521,0.95095205,1.698,0.18974352,-0.4272,0.49454463,0.67,2.6474452,-0.1599,1.5971899,-0.02196,-0.14187,-0.7495,0.68816775,0.3103,2.570492,0.2314,1.0614991,0.929,1.3202447,0.9204,0.70401335,0.6377,3.1587315,1.888,-0.19917206,0.3909,0.94688404,0.9683,1.3000896,1.009,2.0866969,1.98,2.023135,2.312,0.9067689,0.9243,0.9658313,0.583,0.49661267,0.7,0.24246727,0.762,1.7786403,0.922,0.9216863,0.7056,1.3934016,-0.1635,2.8956888,2.648,1.3106354,0.8076,1.3356781,0.571,1.7112119,2.178
2,XZY,patch_x13328_y7504,external_test,external_test,D:\AIPatho\Patch\visiumhd_patch\2\XZY\patch_images\patch_x13328_y7504.png,-1.7346656,-1.136,1.3715372,0.947,0.85876715,1.095,0.7756977,0.342,0.4895646,0.5244,0.22248347,-0.639,0.46094194,-0.1022,-0.6519874,-1.113,1.3405946,0.5176,1.8105899,-0.518,1.5631146,0.568,2.0433745,0.8936,1.1945279,0.8086,0.60590404,0.3318,-0.09847316,-0.1655,0.8388596,0.8247,0.39230704,0.8286,1.4193106,1.222,1.6329507,1.401,1.2883612,0.8833,1.4392278,0.901,1.7061028,0.9,1.6584606,0.922,1.1637658,0.828,0.96782196,0.754,0.992431,-0.451,1.8476098,1.633,1.5284616,0.5474,1.8340211,-0.1045,1.6450467,1.405
2,XZY,patch_x13328_y7728,external_test,external_test,D:\AIPatho\Patch\visiumhd_patch\2\XZY\patch_images\patch_x13328_y7728.png,-1.9052606,-1.566,1.3075374,1.303,0.9976249,1.073,0.8648116,0.6504,0.48549002,0.4788,-0.35003048,-0.528,-0.17083938,0.0872,-1.413234,-0.9756,1.4431119,0.9355,2.3450694,0.3418,2.1790292,0.8643,1.8550191,1.506,2.090764,0.988,1.8884032,1.08,0.56150734,-0.12256,0.99414593,1.0625,2.059406,1.209,1.4822575,1.105,1.687889,1.385,1.3678433,1.074,1.7303677,0.8545,2.135017,1.085,2.145936,1.065,1.6047018,1.218,0.94645065,1.125,0.49456993,-0.576,0.3161849,-0.08356,1.1246158,0.98,1.925648,0.6787,1.5857017,1.414
2,XZY,patch_x13328_y7952,external_test,external_test,D:\AIPatho\Patch\visiumhd_patch\2\XZY\patch_images\patch_x13328_y7952.png,-1.7196938,-1.003,2.0193336,0.6763,0.85601383,1.216,0.91563433,0.163,0.4850373,0.4358,1.3606325,0.1097,0.4380244,0.3186,-0.5002833,-0.09174,1.7102196,0.2139,2.462077,0.325,2.030228,0.5693,1.31159,0.774,1.9429923,0.2983,2.2333188,1.189,0.46036094,0.3442,0.9391225,0.4895,1.6999724,0.552,2.132613,1.321,1.5604142,1.418,1.3665786,0.6167,1.0845222,0.3435,2.2479863,0.2715,2.0095944,0.3616,1.4841753,0.4666,0.2441459,0.3777,0.43818942,0.04364,0.030706199,0.8467,1.6195347,0.6,2.0584385,0.3,1.4685268,1.393
2,XZY,patch_x13328_y8176,external_test,external_test,D:\AIPatho\Patch\visiumhd_patch\2\XZY\patch_images\patch_x13328_y8176.png,-1.8461112,-1.3,0.9864477,0.9463,0.79989326,1.407,1.343183,0.483,0.49001732,0.5396,1.9161783,-0.292,-0.08986271,-0.1891,-0.25684807,-0.9316,1.0885054,0.783,3.0522823,0.4983,1.94236,0.7744,2.3134432,1.333,0.77451587,0.908,2.216018,0.632,0.7603024,0.3662,0.9814934,0.9385,1.525183,1.117,1.7348078,1.461,1.4063051,1.513,1.2159401,1.157,1.3749741,1.004,2.2336364,0.774,1.9903139,0.8125,1.6988746,1.153,1.5059534,1.027,0.0051320987,-0.604,0.0408882,0.4338,1.348696,0.7446,2.3553321,0.789,1.2409757,1.635
2,XZY,patch_x13328_y8400,external_test,external_test,D:\AIPatho\Patch\visiumhd_patch\2\XZY\patch_images\patch_x13328_y8400.png,-1.9691546,-1.353,1.2734028,0.898,0.8033866,1.183,1.0557135,0.6924,0.48820642,0.51,1.9111915,-0.4539,0.19913484,-0.00448,-0.89142424,-0.967,1.3670585,0.992,2.6544235,0.5503,1.8711419,0.953,2.0619369,0.9155,1.5361835,0.785,1.8437004,0.558,0.6510763,0.424,1.3810534,0.982,1.0664629,1.23,1.6274527,1.356,1.7346334,1.347,1.3089427,1.202,1.3978908,0.8896,2.5151968,1.057,2.0551958,0.9663,1.5869892,1.016,1.1591042,0.8574,0.260784,-0.344,0.051003322,0.5234,1.2481751,0.7446,1.8134092,0.7227,1.638982,1.403
2,XZY,patch_x13328_y8624,external_test,external_test,D:\AIPatho\Patch\visiumhd_patch\2\XZY\patch_images\patch_x13328_y8624.png,-0.5910729,-1.48,1.636158,0.719,0.5426661,0.3545,0.8411292,0.5327,0.48684824,0.4756,2.1021655,-0.5522,-0.08584864,0.0449,1.0784944,-1.239,1.1927452,0.757,2.3944318,-0.1,2.054864,0.8906,2.1299064,1.242,1.0231452,1.19,0.8941143,-0.1969,0.95449907,-0.2338,0.9282366,0.9946,0.8724375,0.736,1.6377708,0.4954,1.0176442,0.422,1.527933,1.07,1.6019905,1.079,2.2039955,1.306,1.8335338,1.275,2.2467499,0.973,0.8787681,1.065,0.23809025,-0.1062,-0.30740383,-0.4727,1.6387272,0.9697,1.9716358,0.6406,1.0530033,0.555
2,XZY,patch_x13328_y8848,external_test,external_test,D:\AIPatho\Patch\visiumhd_patch\2\XZY\patch_images\patch_x13328_y8848.png,0.81864285,-1.154,0.7318711,0.6074,0.8408137,0.4375,0.834583,0.882,0.48413184,0.6626,0.87849313,-0.907,-0.21595898,-0.0629,-0.36105195,-1.091,1.1115698,0.7256,2.1417713,-0.5327,1.3936889,0.695,1.5467161,0.5894,1.6613281,1.085,1.2594668,-0.679,1.8065071,-0.01494,1.0727981,0.574,1.209006,0.223,1.2428126,0.3948,1.1618807,0.3303,1.381504,0.9175,1.6278976,0.9575,2.3100812,0.7583,2.4097986,0.9297,2.108428,0.8535,0.9579682,0.7085,-0.0304657,-0.6616,0.52096665,-0.5264,1.9563881,0.6323,1.9297721,0.1159,1.2485206,0.5454
2,XZY,patch_x13552_y4816,external_test,external_test,D:\AIPatho\Patch\visiumhd_patch\2\XZY\patch_images\patch_x13552_y4816.png,-0.8325582,-1.097,1.036387,0.2183,0.68303454,-0.3713,0.7647743,1.036,0.46421173,0.731,-0.13956694,-0.8223,0.1913773,0.2152,0.72040546,-0.817,1.8253155,0.808,-0.22991797,-0.3586,1.0673469,0.821,0.97435343,0.629,0.08666301,0.6465,-0.23931709,-1.029,0.55784374,-0.3513,0.5866301,0.504,0.72007406,0.7876,0.4119599,-0.3635,0.04957327,-0.6025,0.8512152,0.4407,0.02461209,0.1903,1.8123386,0.04718,0.98382914,0.157,1.2993491,0.9717,-1.088846,0.713,1.1007133,-0.1864,-1.2178298,-0.3447,0.39610437,0.787,-0.2976446,0.3455,0.007102858,-0.3542
2,XZY,patch_x13552_y5040,external_test,external_test,D:\AIPatho\Patch\visiumhd_patch\2\XZY\patch_images\patch_x13552_y5040.png,-0.78108317,-1.336,1.5249008,0.763,0.22783348,0.1583,0.69139993,1.127,0.47281358,0.539,0.43748316,-0.6787,-0.13503107,0.04315,-1.602502,-1.049,1.2410699,1.152,-0.43472382,0.00804,0.7880392,1.032,1.7789669,0.869,1.290727,1.198,-0.2993932,-0.2898,0.42949077,-0.2452,1.1989714,1.128,0.73655385,0.799,1.0896674,0.3247,0.29641867,0.2476,0.9877287,1.06,1.656803,0.9175,2.0074136,1.131,2.3261487,1.083,2.0461836,1.053,1.1300913,0.973,0.53087646,-0.1736,-0.3161903,-0.135,1.1580774,0.9194,0.01953447,0.753,0.26865903,0.4087
2,XZY,patch_x13552_y5264,external_test,external_test,D:\AIPatho\Patch\visiumhd_patch\2\XZY\patch_images\patch_x13552_y5264.png,-0.8147396,-0.8955,1.3899782,0.2335,-0.011649095,-0.02238,1.7209405,0.755,0.4384061,0.3953,-1.085682,-0.968,1.0331496,0.1361,-0.972565,-1.117,1.6069613,0.701,0.16344793,-0.08905,0.99274415,0.504,0.910603,0.3418,0.7585189,0.5234,0.06122407,-0.8813,1.5552402,-0.2157,0.592457,0.6284,-0.17247693,0.4087,0.26254404,-0.1473,-0.17078586,-0.1228,1.031023,0.4753,0.6947249,0.2686,-0.1262968,0.2996,0.44467077,0.2803,0.9647862,0.4924,-0.225711,0.5938,1.1790614,-0.214,-0.6785411,-0.1737,0.7501751,0.4988,0.4454188,0.3186,-0.0012138603,0.02452
2,XZY,patch_x13552_y5488,external_test,external_test,D:\AIPatho\Patch\visiumhd_patch\2\XZY\patch_images\patch_x13552_y5488.png,-1.4821472,-0.735,1.4298383,0.2578,-0.33291143,0.0377,0.67659676,1.168,0.47236085,0.1873,-0.754462,-0.5776,-0.17970474,-0.3054,-0.90396816,-0.8823,2.0519626,0.982,0.11870824,0.463,1.70096,0.5684,1.9965484,0.4973,1.7499465,0.01152,0.5470165,-0.4055,0.4955846,0.3347,1.1334702,0.3228,1.0965602,0.4893,0.41412774,0.1646,-0.016400905,-0.01973,1.4218405,0.457,2.1141212,0.01569,0.85253567,0.01213,0.758866,-0.059,1.3224117,0.501,1.4636343,0.3162,0.611884,-0.619,-0.22239374,-0.0556,1.8324896,0.2722,0.72290003,0.571,0.20793569,0.11676
2,XZY,patch_x13552_y5712,external_test,external_test,D:\AIPatho\Patch\visiumhd_patch\2\XZY\patch_images\patch_x13552_y5712.png,-1.9964623,-1.262,1.5249994,0.792,-0.6207811,0.5967,0.7208173,0.3037,0.48367912,0.446,0.14328447,0.02458,0.5417957,0.4321,0.5298593,-0.59,1.6251678,0.7354,0.3242333,-0.001273,1.8886617,0.6484,1.6419147,0.971,2.0806677,1.127,0.82294416,0.2834,0.17713681,-0.66,1.2746588,1.127,1.3623468,0.861,0.57267874,0.4443,0.50363344,0.4531,1.4541867,1.107,2.1810021,1.16,2.2477915,1.268,2.0443013,1.131,1.3706853,0.896,1.0637026,1.077,1.0210946,-0.11066,-0.51380724,-0.4595,1.1694907,0.981,1.2747709,0.578,0.80900484,0.721
2,XZY,patch_x13552_y5936,external_test,external_test,D:\AIPatho\Patch\visiumhd_patch\2\XZY\patch_images\patch_x13552_y5936.png,-1.9605088,-0.7554,1.4342598,0.949,0.7919563,0.935,0.70876396,0.72,0.49001732,0.3635,0.18469672,-0.331,1.0893745,0.2001,-0.40690958,-0.2169,1.219685,0.824,1.4070822,0.5625,1.6408714,0.751,1.072658,0.804,2.200446,0.3354,2.142033,0.9185,-0.61693156,-0.1464,1.0674218,0.911,1.7110847,1.025,1.317805,0.8955,1.5547423,0.9556,1.4807891,0.9473,2.1692579,0.5317,1.3162411,0.687,1.1119187,0.534,1.6425433,0.6733,1.7762072,0.707,1.3610793,-0.3962,-0.23948859,0.3015,1.2380707,0.7397,1.6841524,0.7026,1.3547357,1.051
2,XZY,patch_x13552_y6160,external_test,external_test,D:\AIPatho\Patch\visiumhd_patch\2\XZY\patch_images\patch_x13552_y6160.png,-1.8804832,-0.979,1.0146981,0.883,0.6528386,0.6274,0.6803597,0.6177,0.48820642,0.4016,-1.1485294,-0.6016,0.3410799,0.1998,-1.8127707,-0.8594,1.7183555,0.9595,1.0617651,0.07074,1.1810731,0.6562,1.5058532,0.6665,1.6352879,0.2915,0.9773713,0.481,-0.19693373,-0.517,1.1864446,1.042,1.269124,0.515,1.025225,0.59,1.4393697,0.7173,1.4434078,1.017,1.669984,0.7236,1.8903543,0.637,1.7162607,0.5605,1.5737122,0.721,1.4179169,0.7437,0.9968178,0.02359,0.7971638,0.2612,0.37178355,0.6104,1.1208147,0.3633,1.5051564,0.7944
2,XZY,patch_x13552_y6384,external_test,external_test,D:\AIPatho\Patch\visiumhd_patch\2\XZY\patch_images\patch_x13552_y6384.png,-1.7884378,-1.152,1.2196391,0.629,0.19676651,0.475,0.6463094,0.3296,0.48684824,0.3896,1.0299553,-0.459,0.12849095,-0.11847,-1.2163651,-0.6206,1.5944581,0.625,0.030870553,-0.5615,1.3958129,0.4185,2.193773,0.9443,1.4044323,0.7773,1.7978227,0.2063,0.71308374,-0.6772,1.2689501,0.8643,1.5812508,0.938,0.49447525,0.3518,0.31111568,0.3647,1.0854042,0.8457,1.368696,0.7817,1.0917432,0.8965,1.1502153,0.794,0.88526267,0.6187,1.342181,0.8823,0.91501385,-0.2634,0.039916355,-0.1718,1.0155019,0.647,0.55228585,0.0746,0.055292033,0.5474
2,XZY,patch_x13552_y6608,external_test,external_test,D:\AIPatho\Patch\visiumhd_patch\2\XZY\patch_images\patch_x13552_y6608.png,-1.8365165,-1.031,1.0582229,1.105,0.64369494,0.9,0.44198582,0.517,0.4850373,0.3853,-1.1307974,0.1309,0.049327966,0.3704,-1.3725133,-0.12415,1.5165913,0.764,-0.13524309,0.1569,1.1774551,0.6978,1.7358669,0.8027,1.9494365,0.5317,1.5931871,0.979,0.6665347,-0.48,1.436168,1.116,1.8282055,1.038,0.6181909,0.7124,0.9129573,0.81,1.3669282,1.009,1.9706404,0.802,2.066746,0.979,1.7402154,0.903,1.2795185,0.7944,0.87002665,0.783,0.19953911,-0.1853,-0.8471286,0.203,0.9695001,0.599,1.0983696,0.4407,1.0383161,0.907
2,XZY,patch_x13552_y6832,external_test,external_test,D:\AIPatho\Patch\visiumhd_patch\2\XZY\patch_images\patch_x13552_y6832.png,-1.8149022,-1.252,1.1094003,0.777,0.20411766,0.879,0.7399089,0.3716,0.48684824,0.2986,-0.9075405,-0.692,-0.27560455,0.071,-1.762181,-1.129,1.4607133,0.5083,0.03502164,-0.05734,1.8456538,0.579,1.9058757,0.652,1.4945618,0.896,1.3079983,0.4106,0.29253066,-0.37,1.3900712,0.9507,1.8578823,0.8037,0.65132266,0.743,0.99192446,0.865,1.4923929,0.86,2.3560069,1.166,2.3210297,1.218,2.3518643,1.093,1.3464929,0.8496,0.6954266,1.016,0.20473738,-0.175,-0.45361638,0.1904,0.74138075,0.6743,1.161787,0.407,1.0659858,0.947
2,XZY,patch_x13552_y7056,external_test,external_test,D:\AIPatho\Patch\visiumhd_patch\2\XZY\patch_images\patch_x13552_y7056.png,-1.1099023,-1.264,0.7561426,1.026,1.1704229,1.404,0.43516544,0.2827,0.4940919,0.5107,2.966454,-0.3066,0.24774565,0.316,-1.3803585,-0.7856,1.3409741,0.8403,1.8573037,0.3896,1.4930578,0.9023,0.8362677,1.006,2.409825,1.153,2.5302622,0.849,1.2940601,-0.1403,1.1844343,1.33,1.7091075,1.322,1.4875684,1.313,1.6939332,1.416,1.2247919,1.297,1.2865254,1.383,2.4192643,1.4795,1.9130844,1.369,1.6327261,1.082,1.0818368,1.261,1.1331244,-0.03008,1.5649637,0.621,1.2902043,0.921,1.4727991,0.7856,1.5775952,1.553
2,XZY,patch_x13552_y7280,external_test,external_test,D:\AIPatho\Patch\visiumhd_patch\2\XZY\patch_images\patch_x13552_y7280.png,-0.57040334,-1.42,0.81329167,0.7065,0.7796297,0.75,0.73581636,-0.04086,0.49273372,0.534,2.1063697,-0.00908,0.6452167,0.2013,0.68807477,-0.917,1.5448887,0.3613,1.8462121,-0.4932,1.8787651,0.3496,1.4996003,0.8735,1.7981107,1.012,2.3307066,0.631,0.14693744,-0.463,1.1482308,0.8325,1.1760978,0.8877,1.1649494,0.564,1.3148129,0.733,1.2485113,0.857,1.3188037,1.214,2.471488,1.425,2.1355426,1.359,1.0659939,0.746,0.6481161,0.9385,0.9609622,-0.2505,0.15472142,0.11127,1.3033718,0.818,2.1632125,0.01855,1.3216271,0.8755
2,XZY,patch_x13552_y7504,external_test,external_test,D:\AIPatho\Patch\visiumhd_patch\2\XZY\patch_images\patch_x13552_y7504.png,-1.1306614,-1.732,0.7690452,0.819,0.80565107,0.341,1.1519735,0.4324,0.48820642,0.3848,-1.155374,-1.152,-0.051834546,-0.396,-1.8095546,-1.621,1.3002342,0.823,0.78185636,-0.5103,1.6452992,0.696,1.5786818,1.362,2.152559,0.7344,1.3588092,-0.05713,-0.39819944,-0.69,1.0156485,1.043,1.5119592,1.01,1.581712,0.2308,1.3394201,0.3235,1.357054,0.912,1.7959063,0.7646,2.0042055,0.9966,2.0856571,1.016,1.7696195,1.069,0.8401092,1.111,0.6564607,-0.5645,-0.31417915,-0.4226,1.2877156,0.83,1.1795377,0.3826,1.4120069,0.526
2,XZY,patch_x13552_y7728,external_test,external_test,D:\AIPatho\Patch\visiumhd_patch\2\XZY\patch_images\patch_x13552_y7728.png,-1.8807994,-1.156,0.8969737,0.558,-0.0013448392,0.5044,1.0413352,0.4185,0.4877537,0.4756,0.0011208904,-0.3818,0.20065135,-0.4673,0.6157346,-0.933,1.6189101,0.603,1.902777,-0.09595,1.8995417,0.5513,1.5902892,1.222,1.6014743,0.6895,1.9349757,0.02129,0.6892252,-0.4565,0.9307525,0.8447,1.8586624,0.89,1.2232622,0.421,0.84138167,0.4949,1.2036314,0.6997,1.6746453,0.4868,2.0634432,0.2102,1.6285052,0.3,1.647438,0.894,1.3215737,0.6694,0.3632407,-0.713,-0.29987848,0.1415,1.5807035,0.4722,1.9359733,0.403,1.1113762,0.6045
2,XZY,patch_x13552_y7952,external_test,external_test,D:\AIPatho\Patch\visiumhd_patch\2\XZY\patch_images\patch_x13552_y7952.png,-1.9481728,-1.683,1.7129581,1.035,1.047072,0.899,1.4152988,0.3682,0.48549002,0.6987,0.1916917,-1.009,0.4940096,-0.0756,-0.6852555,-1.666,1.6776556,0.7837,0.6393242,-0.4028,1.4749798,0.739,2.2034369,1.594,1.8831627,1.534,0.77178913,0.3174,0.6373468,-0.6504,1.2638102,1.131,1.2256283,1.075,1.1979845,0.8433,1.4566597,1.066,1.5157812,1.134,2.112843,1.234,1.7674474,1.453,2.092093,1.446,1.4392328,1.314,0.9144202,1.045,0.10514831,-0.687,-0.71917725,-0.114,1.5533547,0.9497,0.9834514,0.4592,1.5200155,1.243
2,XZY,patch_x13552_y8176,external_test,external_test,D:\AIPatho\Patch\visiumhd_patch\2\XZY\patch_images\patch_x13552_y8176.png,-1.2777286,-1.839,1.3515755,0.8145,0.23795617,0.9434,1.0843244,0.3987,0.4786991,0.4294,-0.324017,-1.063,-0.40551108,-0.2996,-0.9818167,-1.742,1.513655,0.7637,0.91663533,-0.2411,1.468972,0.8896,1.7515011,1.596,2.0641937,1.344,-0.03041031,-0.1893,0.18395144,-0.3376,1.2731047,1.0205,1.1634488,1.17,0.9328678,1.025,0.99093807,0.91,1.3551254,1.129,2.029111,1.263,1.9856905,1.469,1.9571354,1.449,1.8716614,1.27,1.1420329,1.25,0.16099077,-0.7666,-1.3835027,-0.1418,1.8256482,0.7944,1.5230836,0.5586,0.8995413,1.055
2,XZY,patch_x13552_y8400,external_test,external_test,D:\AIPatho\Patch\visiumhd_patch\2\XZY\patch_images\patch_x13552_y8400.png,-2.0071113,-1.708,1.4408258,0.9697,-0.4973831,0.823,0.8846027,0.4958,0.48277366,0.1583,1.6167338,-1.127,0.19311671,-0.5195,-0.9578886,-1.771,1.0641611,0.839,1.4936314,-0.1405,1.9069175,0.8267,2.0066254,1.282,1.6926255,1.438,0.9208813,-0.2236,0.17318739,-0.1626,0.86120194,0.9634,1.270753,1.009,0.86834043,1.014,0.31643105,0.8813,1.5394329,1.139,2.0602596,1.243,1.9455217,1.455,1.5860828,1.407,1.7976401,1.059,1.5941769,1.0625,0.41249898,-0.9707,-1.0154641,-0.398,2.0492454,0.6436,1.9256154,0.5356,0.6521676,0.998
2,XZY,patch_x13552_y8624,external_test,external_test,D:\AIPatho\Patch\visiumhd_patch\2\XZY\patch_images\patch_x13552_y8624.png,-1.277482,-1.519,1.4919666,1.009,0.78686935,1.214,0.9515025,0.4075,0.48684824,0.529,0.53861296,-0.1577,1.1404887,0.52,-1.8937837,-1.196,1.495582,0.658,1.838844,0.2297,1.9856666,0.906,1.6478187,1.365,1.9132785,1.57,2.1080759,0.9614,0.57694936,0.0403,0.96654093,1.055,1.4501597,1.018,1.9085604,1.445,1.6612946,1.541,1.4801189,1.242,1.4337171,1.392,2.18177,1.66,2.0980153,1.543,1.8514705,1.331,0.4872786,1.307,0.06816033,-0.329,-0.3165489,0.2805,1.7550193,1.176,1.6744932,0.8267,1.7364348,1.635
2,XZY,patch_x13552_y8848,external_test,external_test,D:\AIPatho\Patch\visiumhd_patch\2\XZY\patch_images\patch_x13552_y8848.png,-1.5442488,-0.843,1.7877759,0.553,0.9321107,0.8164,1.3781489,0.8247,0.4786991,0.602,-0.5227812,-0.813,-0.8829546,-0.3806,-0.987464,-1.115,0.76581144,0.5474,1.4971911,-0.4512,1.7071201,0.6123,2.1293693,0.4697,0.99292535,0.95,0.11270431,-0.746,0.90571505,0.289,0.51744354,0.4082,1.6552978,0.936,1.2940975,0.684,1.4462945,0.5938,1.4944013,0.6626,1.8724835,0.6367,1.0808948,0.401,0.99230194,0.645,1.4543629,0.8203,0.02971726,0.2651,0.2125545,-1.2,-0.5703408,-0.1003,1.2986104,0.3967,1.4730043,0.04352,1.4089388,0.762
2,XZY,patch_x13776_y4368,external_test,external_test,D:\AIPatho\Patch\visiumhd_patch\2\XZY\patch_images\patch_x13776_y4368.png,-0.27069163,0.00437,1.8121365,0.0355,1.3442985,0.515,1.1887672,0.03308,0.42889878,0.01701,-0.6873609,-0.309,0.24835882,-0.6675,-0.5449867,-0.6787,1.4380798,-0.3015,-0.6461875,-0.332,0.6178866,-0.211,-0.5713366,-0.1483,0.07487211,0.1742,-0.505926,-0.3708,1.3045738,0.4998,-0.48124915,-0.3403,0.61922175,0.01364,0.6674646,0.5625,0.29375276,0.4712,0.49898565,-0.1707,0.08696715,0.086,0.020949777,-0.004772,0.66074413,0.1674,0.9948096,-0.0965,-0.6464818,-0.3035,0.28023255,-0.605,0.5217444,0.12054,-0.9757444,-0.2262,-0.99392,-0.4888,0.5215609,0.4587
2,XZY,patch_x13776_y4592,external_test,external_test,D:\AIPatho\Patch\visiumhd_patch\2\XZY\patch_images\patch_x13776_y4592.png,-1.6215332,-1.631,1.0713485,0.6763,0.56631535,0.924,0.66377336,0.582,0.47915182,0.4946,-0.89483595,-1.224,-0.16486943,-0.1761,-1.1507921,-1.431,1.9254482,0.6978,0.00465123,0.002344,1.4812044,1.041,1.7668355,1.202,1.765452,1.796,-0.3083342,0.127,0.6224204,-0.4817,1.223876,1.079,0.95810705,1.189,1.1730585,1.006,0.726634,0.9307,1.2364788,1.184,0.9111036,1.552,2.0477889,1.82,1.8867377,1.903,1.674212,1.232,1.3442605,1.22,0.41864553,-0.2385,-0.88412017,0.2803,1.6446656,0.79,0.6224031,0.6025,0.7414132,1.206
2,XZY,patch_x13776_y4816,external_test,external_test,D:\AIPatho\Patch\visiumhd_patch\2\XZY\patch_images\patch_x13776_y4816.png,-1.9832829,-1.831,1.004789,0.439,-0.47836593,-0.4534,0.9672619,0.7803,0.47915182,0.5225,-1.9410172,-1.461,0.17912203,-0.434,-1.894653,-1.652,1.8460729,1.169,0.86348474,-0.967,1.0089495,0.6885,1.772026,1.197,0.94070023,2.062,-0.44784284,-1.384,0.43217725,-1.343,1.1081816,1.13,0.5965823,1.002,0.5358298,-0.5884,0.18899155,-0.686,1.4309411,1.051,1.6881292,1.591,2.349941,1.726,2.2386043,1.654,1.6687613,1.09,1.2971432,1.247,0.8540029,-0.8374,-0.88569826,-1.284,1.1077776,1.194,0.70061123,0.3267,0.34385458,-0.2705
2,XZY,patch_x13776_y5040,external_test,external_test,D:\AIPatho\Patch\visiumhd_patch\2\XZY\patch_images\patch_x13776_y5040.png,-2.0430648,-1.752,1.3326623,0.759,-0.09341099,0.3474,0.51814,0.6997,0.47552997,0.3967,-1.1463444,-1.294,-0.20795728,-0.3457,-1.9371587,-1.531,1.6172683,0.994,-0.41369444,-0.373,1.518853,0.894,1.7059228,1.172,1.2635549,1.66,0.04565135,-0.4915,0.89799505,-0.8545,1.2005968,1.072,0.968155,0.944,0.56133974,0.3228,0.4187495,0.201,1.175896,1.096,0.9416298,1.305,2.3487144,1.59,2.3546705,1.606,1.7153101,1.263,1.1118809,1.091,0.8694896,-0.732,-1.1772457,-0.7114,1.2261701,0.8496,0.3393825,0.546,0.29450288,0.418
2,XZY,patch_x13776_y5264,external_test,external_test,D:\AIPatho\Patch\visiumhd_patch\2\XZY\patch_images\patch_x13776_y5264.png,-1.7985597,-1.586,1.4511952,0.565,-0.3083929,-0.1891,0.94128793,0.732,0.47100267,0.3582,-1.801319,-1.049,0.4949859,-0.2045,-1.7496641,-1.533,1.9006048,0.8433,0.39246306,-1.031,1.4092995,0.6816,1.9852549,0.9395,2.0724247,1.761,-0.042756837,-0.7573,-0.23952666,-0.86,1.0302196,0.96,1.284524,0.6084,0.55458,-0.213,0.092868015,-0.2262,1.2546206,0.999,1.2509792,1.286,1.8972274,1.374,1.9484209,1.395,1.521136,0.931,1.1227672,1.013,0.68237984,-0.6904,-1.3708637,-0.752,1.0478523,0.8413,0.68641746,0.135,0.21076515,0.1034
2,XZY,patch_x13776_y5712,external_test,external_test,D:\AIPatho\Patch\visiumhd_patch\2\XZY\patch_images\patch_x13776_y5712.png,-1.019471,-1.115,1.3134426,0.853,0.7973218,0.978,0.30786282,0.35,0.48684824,0.333,1.7457513,-0.2399,0.022264184,0.2351,0.7360581,-0.4836,0.9887633,0.493,0.73824817,-0.03964,1.2512009,0.7295,1.3949257,0.8335,1.5624202,1.123,1.9887092,0.5693,0.0637259,-0.1011,1.0501592,0.8574,1.4712446,0.921,1.3405917,1.113,1.5927342,1.177,1.2721522,1.003,1.7911782,0.9727,2.1009743,1.036,1.982042,1.073,1.6465403,0.874,1.3203573,0.6523,1.116816,-0.2969,1.3565704,0.69,0.62332374,1.088,0.8105565,0.4111,1.5834143,1.29
2,XZY,patch_x13776_y5936,external_test,external_test,D:\AIPatho\Patch\visiumhd_patch\2\XZY\patch_images\patch_x13776_y5936.png,-1.2864252,-1.0205,1.5975556,1.24,0.87799215,1.477,0.26611602,0.3293,0.49273372,0.7583,2.391766,-0.1447,0.81941265,0.6426,1.7020446,-0.638,1.2959168,0.5723,1.98453,1.049,1.2336967,1.207,1.8184199,1.185,2.222575,0.557,2.85236,1.212,0.14699817,0.558,1.2004831,0.9224,2.0557346,1.336,1.4550995,1.734,1.8258328,1.711,1.5631149,0.991,1.4133506,0.4788,0.1530618,0.475,0.02502273,0.4302,0.9896863,1.245,1.2795589,0.8657,1.108014,-0.08563,2.100105,1.697,1.2970222,0.846,1.8611382,1.131,1.7129209,1.726
2,XZY,patch_x13776_y6160,external_test,external_test,D:\AIPatho\Patch\visiumhd_patch\2\XZY\patch_images\patch_x13776_y6160.png,-1.7590213,-0.949,1.329139,0.691,0.5981134,0.473,0.8064962,0.431,0.48594275,0.386,0.5228325,-0.3755,0.30557272,0.1328,-1.7157637,-0.567,1.6223598,0.7354,0.28252232,-0.1846,1.0005426,0.5947,1.1286199,0.7183,2.0541456,0.773,1.3053892,0.0658,-0.20373969,-0.79,1.3000865,1.201,1.5493588,0.924,0.9429713,0.3147,0.9669937,0.3682,1.1979246,1.096,1.5208185,1.135,2.6451037,1.402,2.9404845,1.254,1.6870351,0.7275,1.716596,0.917,0.39788345,-0.4895,-0.4963401,-0.472,0.76723135,0.8423,1.5702759,0.2625,0.94029677,0.4856
2,XZY,patch_x13776_y6384,external_test,external_test,D:\AIPatho\Patch\visiumhd_patch\2\XZY\patch_images\patch_x13776_y6384.png,-1.7172688,-0.854,1.365761,0.9297,0.5171992,0.7466,0.9718838,0.4917,0.4850373,0.5244,-0.098629124,-0.8164,-0.23713103,0.08545,0.35558546,-0.6665,1.7849606,0.7817,0.59536034,0.0234,1.26345,0.563,2.05432,0.941,2.2700562,0.575,1.5709919,0.1322,0.035129048,-0.4412,1.543395,0.926,1.6336476,0.8555,0.7852252,0.625,0.37652725,0.65,1.323814,0.959,1.2978541,0.8374,1.3379116,1.034,1.6079106,0.915,0.8506417,0.781,0.9475736,0.7876,0.82078993,-0.212,-0.8560032,-0.1481,0.8609686,0.477,1.5031174,0.3408,0.5341828,0.795
2,XZY,patch_x13776_y6608,external_test,external_test,D:\AIPatho\Patch\visiumhd_patch\2\XZY\patch_images\patch_x13776_y6608.png,-1.7210644,-1.225,0.5417437,1.057,0.90604466,1.057,0.6695776,0.7827,0.48549002,0.337,0.20328014,-0.5566,0.45704108,0.353,0.05561206,-0.753,1.2233696,0.7056,0.1438683,0.2406,1.4226893,0.897,1.8710992,0.7817,1.6535364,0.5396,1.6580096,0.9995,-0.062319152,-0.0773,1.2463294,1.215,0.9766591,0.9165,0.953963,1.312,1.4678499,1.336,1.2347902,1.135,1.7191368,0.8076,1.8277864,0.931,1.6218988,0.77,0.6913535,0.8877,1.0678325,0.949,0.93082726,0.06433,1.8378462,1.266,1.0877571,0.864,1.1622318,0.5913,1.5455381,1.316
2,XZY,patch_x13776_y6832,external_test,external_test,D:\AIPatho\Patch\visiumhd_patch\2\XZY\patch_images\patch_x13776_y6832.png,-1.7978216,-1.01,1.51341,1.012,0.81978357,1.428,0.29297915,0.2646,0.49047005,0.5503,1.4878191,0.06635,0.88100034,0.5723,-1.7492294,-0.4949,1.465439,0.6074,2.1893883,0.9614,1.709783,0.815,1.6501623,0.993,1.3213648,0.8965,1.8044368,1.753,0.7209499,0.553,1.0837045,0.9985,2.3760371,1.435,1.2608311,1.624,1.4293798,1.698,1.2283568,1.278,1.6307744,1.064,1.7606628,1.227,1.7909453,1.106,1.969778,1.122,0.8661728,0.7427,0.88748014,-0.007416,0.6303234,1.267,1.2671319,0.8774,1.9323314,1.049,1.39333,1.747
2,XZY,patch_x13776_y7056,external_test,external_test,D:\AIPatho\Patch\visiumhd_patch\2\XZY\patch_images\patch_x13776_y7056.png,-1.3332546,-1.457,1.5315793,0.6523,-0.568131,0.6685,0.7725761,0.2089,0.48458457,0.4219,1.0596796,-0.593,0.085182495,0.2389,0.3676533,-1.354,1.5651602,0.625,0.172954,0.0538,1.5014668,0.806,1.5532737,0.868,2.09972,1.375,1.4420849,0.3125,0.10344798,-0.699,1.0130719,1.128,1.5724244,0.8022,0.46764287,0.5566,0.4571416,0.502,1.5024946,1.085,1.6193496,1.425,1.896135,1.668,1.6658622,1.574,1.6071872,0.8457,0.91543764,1.141,1.0181876,-0.1625,-0.5903779,-0.3125,0.54418117,0.81,1.078645,0.71,0.37203974,0.789
2,XZY,patch_x13776_y7280,external_test,external_test,D:\AIPatho\Patch\visiumhd_patch\2\XZY\patch_images\patch_x13776_y7280.png,-0.8794942,-1.294,1.167584,0.8813,0.4058979,0.888,0.44429663,0.3196,0.4895646,0.5303,2.4135988,-0.2632,0.48784125,0.143,0.7949249,-0.914,1.712498,0.5527,1.2456908,-0.0681,1.2732779,0.5464,2.2298682,1.175,2.718486,0.8887,1.9849528,0.7427,0.56101424,-0.071,1.1216222,0.9824,0.9974217,0.978,0.78147215,0.9253,0.71529055,1.091,1.485419,0.9375,2.3196387,0.9736,1.7647079,0.956,1.7189405,0.9614,1.8779688,0.8213,0.85859054,0.8726,0.8447635,-0.2084,-0.41770056,0.2467,0.79700744,0.5977,1.3212783,0.2856,1.0660037,1.157
2,XZY,patch_x13776_y7504,external_test,external_test,D:\AIPatho\Patch\visiumhd_patch\2\XZY\patch_images\patch_x13776_y7504.png,-1.0259278,-0.9863,1.2070428,1.108,0.4145517,1.006,0.7866166,0.445,0.48684824,0.527,1.6366745,0.0512,0.3888107,0.2484,-1.1338993,-0.705,1.2542335,0.7793,1.3197955,0.1196,1.4817379,0.6924,0.96842164,1.073,2.4167974,0.2383,2.4117043,0.922,-0.09146002,-0.367,1.3247845,1.0625,2.1561296,0.794,1.2440288,0.864,1.1948143,1.098,1.2074943,1.036,2.227915,0.6216,1.1276205,0.6895,1.2018247,0.599,1.6983619,0.69,1.3438994,0.7393,0.335126,0.002924,-0.45200828,0.4084,1.052664,0.572,1.0188946,0.349,0.9693679,1.15
2,XZY,patch_x13776_y7728,external_test,external_test,D:\AIPatho\Patch\visiumhd_patch\2\XZY\patch_images\patch_x13776_y7728.png,-1.6905936,-0.759,1.746942,0.7974,1.1659653,0.9326,0.64149755,0.463,0.48820642,0.4636,1.7888252,-0.10223,0.7115811,0.00693,-0.82046473,-0.501,1.2927809,0.476,0.92132306,0.258,1.5884342,0.7393,1.1111625,1.012,2.0749164,0.8345,2.350663,1.092,0.8168851,0.179,1.2296594,0.541,1.5187027,0.7646,1.3901683,0.9287,1.6757556,1.073,1.3386227,0.704,1.5688362,0.5454,1.3620013,0.52,1.4086211,0.6167,1.3206375,0.7095,0.5361851,0.4885,0.87135094,-0.4558,-0.33762565,0.2489,1.2439499,0.3474,1.3929822,0.515,1.6089238,1.055
2,XZY,patch_x13776_y7952,external_test,external_test,D:\AIPatho\Patch\visiumhd_patch\2\XZY\patch_images\patch_x13776_y7952.png,-1.2587441,-1.643,1.2407596,1.0205,1.2540268,0.8037,1.1649692,0.559,0.4850373,0.506,0.15025295,-0.959,-0.07849431,-0.17,-0.7983298,-1.246,1.510845,0.7295,0.5616306,-0.4036,1.1356771,0.61,1.9767658,1.29,1.8722378,0.872,1.1494595,0.201,0.2730538,0.03366,1.1802173,0.9414,1.5532376,0.631,1.8251446,0.919,1.6835485,1.045,1.3384737,0.976,1.865425,0.6885,1.881661,0.74,1.5713912,0.7534,1.3967471,1.078,0.8455787,0.9023,0.42830357,-0.4785,-0.5886445,0.3267,0.94759643,0.8384,1.4246863,0.247,1.5217732,1.031
2,XZY,patch_x13776_y8176,external_test,external_test,D:\AIPatho\Patch\visiumhd_patch\2\XZY\patch_images\patch_x13776_y8176.png,-2.0110126,-1.706,0.8769703,0.917,0.60631436,0.8374,1.0094011,0.4177,0.48549002,0.5576,0.013514388,-0.529,0.22245997,0.12317,-1.2637098,-1.219,1.2518888,0.733,0.71057487,-0.1324,1.8070866,0.797,2.2902138,1.316,1.6719582,1.425,1.1909834,0.2798,-0.028302856,-0.446,1.3320065,1.146,1.6300251,0.9404,1.1317625,0.851,1.2545327,0.8853,1.3286262,1.182,1.9142479,1.227,1.6426936,1.544,1.3953961,1.483,1.6901845,1.194,1.2064223,1.329,0.7904606,-0.404,-1.0138627,-0.195,1.5640161,1.032,1.8440188,0.587,1.3159064,1.068
2,XZY,patch_x13776_y8400,external_test,external_test,D:\AIPatho\Patch\visiumhd_patch\2\XZY\patch_images\patch_x13776_y8400.png,-1.1461979,-1.024,1.2699124,0.925,0.92471516,1.16,0.19146205,0.2952,0.48684824,0.431,1.9265682,0.2258,0.64198446,0.6914,-2.0159116,-0.4126,1.3396133,0.4404,1.2975113,0.4214,1.651348,0.736,1.8477099,1.052,1.6908958,0.6787,1.870173,1.466,0.48880336,0.1283,1.2060906,0.816,1.6344724,0.9707,1.4153477,1.158,1.5925506,1.302,1.4996009,1.084,2.0883865,0.739,2.2895846,1.131,2.1506746,1.079,1.7017883,0.936,1.9451237,0.798,0.58108884,0.1554,0.037884455,0.4565,1.2427437,0.8423,1.8237753,0.681,1.7373688,1.355
2,XZY,patch_x13776_y8624,external_test,external_test,D:\AIPatho\Patch\visiumhd_patch\2\XZY\patch_images\patch_x13776_y8624.png,0.13589191,-1.101,1.8058449,0.8916,0.74555176,1.127,0.4784542,0.4802,0.48549002,0.723,1.7748635,-0.306,0.20713115,0.3206,-1.528147,-0.9307,1.257533,0.493,1.3359293,0.463,1.6550202,1.09,1.5444486,0.9,2.1661565,1.103,2.1481307,0.763,0.5413215,-0.3118,1.2570957,0.9463,1.2447624,0.755,2.027469,1.32,2.0050218,1.408,1.6532682,1.097,2.1833558,1.038,2.2091165,1.136,2.10353,1.246,1.8859147,1.012,0.4233237,0.946,0.13551046,0.064,3.1011693,1.8545,0.81856585,0.7646,1.6112754,0.8594,1.7916832,1.395
2,XZY,patch_x14000_y10192,external_test,external_test,D:\AIPatho\Patch\visiumhd_patch\2\XZY\patch_images\patch_x14000_y10192.png,0.73442644,0.1539,-0.8715894,-0.1283,-0.82645977,0.4397,-1.1989083,0.0854,-2.0873752,-0.1902,0.052896447,-0.3657,-0.8517896,-0.6616,0.2479324,-0.524,-1.3858103,-0.3806,-0.79912037,-0.1067,-1.6884325,-0.4504,-1.239028,-0.5376,-0.42358017,0.1087,0.020619726,-0.2458,1.1234031,0.51,-1.3546063,-0.628,-1.1565317,0.1543,-0.68423724,0.376,-0.72938144,0.2942,-1.0632194,-0.4187,-0.19771361,-0.1748,-0.5701193,-0.012825,-0.5313378,0.0772,-1.3000576,-0.4214,-1.1561341,-0.5127,-1.0456461,-0.897,-0.4847994,-0.01723,-0.31769672,-0.603,-1.2300119,-0.544,-0.6681673,0.264
2,XZY,patch_x14000_y10416,external_test,external_test,D:\AIPatho\Patch\visiumhd_patch\2\XZY\patch_images\patch_x14000_y10416.png,0.7526668,0.317,-0.85101634,-0.1467,0.10412638,-0.1365,-1.1871253,-0.03412,-2.0701714,-0.5312,0.06399756,-0.1151,-0.8457596,-0.551,0.26088405,-0.02432,-1.367888,-0.4805,-0.35079196,0.2715,-1.6742244,-0.4446,-1.223016,-0.4905,-0.40347844,-0.05273,-0.6395876,-0.504,1.15878,0.6284,-1.3429378,-0.646,-1.126923,-0.0702,-0.82878256,-0.1404,-0.83591485,-0.2732,-1.4962605,-0.6084,-0.70649844,-0.2421,-0.5577655,-0.286,-0.51642454,-0.2236,-1.2851114,-0.4219,-1.1394737,-0.512,-1.0277189,-0.9424,-0.46650326,-0.4082,-0.9308347,-0.3674,-1.2205075,-0.0957,-0.901621,-0.3704
2,XZY,patch_x14000_y4368,external_test,external_test,D:\AIPatho\Patch\visiumhd_patch\2\XZY\patch_images\patch_x14000_y4368.png,-1.4428197,-1.302,1.3433342,0.5054,-0.3639006,-0.1807,1.8925495,0.844,0.46194807,0.2053,-1.5455538,-1.054,0.19481942,-0.3542,-1.4629892,-1.115,2.1447918,0.863,0.45407793,-0.513,1.2352558,0.633,1.872383,0.735,1.8142682,1.026,0.19584867,-0.9204,0.37896842,-0.2482,0.97620326,0.6914,0.5770457,0.5234,0.72759587,-0.0542,0.3156663,-0.1886,0.2719964,0.65,0.1895154,0.531,0.7532552,0.6577,0.7599969,0.76,1.2541656,0.8086,0.40067363,0.7524,0.69675267,-0.7485,-0.6064675,-0.466,1.079416,0.7236,0.943226,0.2452,0.11531472,0.0436
2,XZY,patch_x14000_y4592,external_test,external_test,D:\AIPatho\Patch\visiumhd_patch\2\XZY\patch_images\patch_x14000_y4592.png,-1.9337282,-1.134,1.5890896,0.917,-0.5501581,-0.2568,1.7877709,1.267,0.47507724,0.1672,-1.1221257,-0.685,0.38822648,-0.4417,-1.8557111,-0.802,2.4687483,1.309,0.78296137,0.0636,1.5983167,0.7915,2.3686898,0.4875,0.8700127,0.518,0.03777609,-0.674,0.3839234,0.1649,1.4591935,0.7104,1.4366828,0.631,1.1699039,-0.01099,0.34849328,-0.1545,0.9907,0.611,0.12935822,0.2025,1.5716249,0.5083,1.3908194,0.5366,1.2054011,0.774,0.9057597,0.544,0.61680436,-0.7466,-0.6793864,-0.5596,1.6755831,0.5586,1.2078776,0.5527,0.30218023,-0.1594
2,XZY,patch_x14000_y4816,external_test,external_test,D:\AIPatho\Patch\visiumhd_patch\2\XZY\patch_images\patch_x14000_y4816.png,-1.8197522,-1.502,1.343654,0.6445,-0.44947267,-0.1858,1.3486216,1.319,0.47507724,0.2495,-1.8224221,-1.054,0.26939303,-0.556,-1.7632241,-1.401,2.221502,1.506,0.36686754,-0.113,1.3889697,0.7744,1.6028045,1.151,0.15002646,0.665,0.0032418133,-0.7964,-0.12129953,-0.3562,1.1754014,0.857,1.7073269,0.86,0.5313654,-0.161,0.49106956,-0.284,1.2023422,0.824,0.709401,0.4607,1.7555233,0.3323,1.1700482,0.3057,1.643295,0.9805,1.2343843,0.7725,0.5302245,-1.007,-0.8764758,-0.659,0.2398298,0.597,0.7672393,0.6035,0.40383747,-0.1364
2,XZY,patch_x14000_y5040,external_test,external_test,D:\AIPatho\Patch\visiumhd_patch\2\XZY\patch_images\patch_x14000_y5040.png,-1.9025192,-1.582,0.8346654,0.671,-0.60280305,-0.5503,1.2702028,1.207,0.4714554,0.2556,-0.7722824,-1.044,-0.032806844,-0.2773,-1.4251785,-1.06,2.0114355,1.562,-0.4379142,-0.02084,1.7270725,0.894,0.8483338,1.042,1.2991456,0.913,-0.1671001,-0.551,-0.31195155,-0.6836,1.0770895,1.134,1.5447222,0.973,0.38153473,-0.54,-0.39391974,-0.5674,1.0229743,0.94,1.0679362,0.6504,1.974309,0.77,1.767877,0.699,1.8218458,1.114,0.99245316,1.179,1.2143711,-0.651,-0.8745032,-0.695,0.10687871,1.1455,0.37378478,0.878,-0.09410041,-0.427
2,XZY,patch_x14000_y5264,external_test,external_test,D:\AIPatho\Patch\visiumhd_patch\2\XZY\patch_images\patch_x14000_y5264.png,-1.0053673,-0.818,-0.4706134,0.514,-0.32520762,-0.1921,1.6165509,0.852,0.45108256,0.386,-0.27352136,-0.6196,-0.42951497,-0.359,-1.1226825,-1.109,1.6705831,0.659,-0.36617804,-0.4456,1.2824959,0.536,1.9162008,0.519,1.7335767,0.9165,-0.5519067,-0.723,0.5271725,-0.0934,0.22553821,0.4224,0.71989393,0.3684,0.66171116,-0.0737,-0.51495844,-0.1478,0.7723787,0.4744,1.5342059,0.5034,1.779994,0.5728,1.7302654,0.5522,1.4716027,0.6733,0.6976969,0.5786,1.1418107,-0.755,-1.0172268,-0.504,1.5310622,0.558,0.19892572,0.1038,-0.020053444,0.02365
2,XZY,patch_x14000_y5712,external_test,external_test,D:\AIPatho\Patch\visiumhd_patch\2\XZY\patch_images\patch_x14000_y5712.png,-1.9020975,-1.596,1.2324685,0.9263,0.7324806,0.7363,0.4204849,0.4055,0.4850373,0.525,-0.25801432,-0.8086,0.0928451,0.0804,-1.825027,-1.545,1.3690325,0.903,0.29563022,-0.2876,1.3782405,0.791,1.827769,1.062,1.4301791,1.655,1.1899407,0.10986,-0.22025478,-0.782,1.3783929,1.326,1.9761546,1.24,1.37245,0.6265,1.2538213,0.6445,1.3940685,1.232,1.8613276,1.489,2.5584893,1.859,2.4225152,1.769,1.8982786,1.254,0.9599153,1.263,0.68397516,-0.4128,-0.90671927,-0.4077,1.1202788,0.853,0.4225357,0.5273,1.2482337,0.847
2,XZY,patch_x14000_y5936,external_test,external_test,D:\AIPatho\Patch\visiumhd_patch\2\XZY\patch_images\patch_x14000_y5936.png,-1.0360795,-1.029,1.1129974,1.015,0.5528128,0.747,1.0328869,0.5796,0.4786991,0.581,-0.43928534,-0.0657,0.01370668,0.5747,-1.8177254,-0.4255,1.2291088,0.819,0.5295563,0.1533,1.2472806,0.768,2.2147164,0.893,1.9604648,0.9824,0.7925094,0.839,-0.17075767,-0.287,1.1430287,1.199,1.0942498,1.154,1.1018126,0.724,1.1349571,0.762,1.4411439,1.317,1.8164669,1.1,2.4857738,1.523,2.1447535,1.38,1.4499581,0.897,1.4874238,0.992,0.86591023,-0.05307,-0.47508422,-0.00412,0.877689,0.8315,0.87295866,0.595,1.0321267,0.8203
2,XZY,patch_x14000_y6160,external_test,external_test,D:\AIPatho\Patch\visiumhd_patch\2\XZY\patch_images\patch_x14000_y6160.png,-0.921771,-0.929,1.3533516,0.691,1.1947384,1.086,0.8625725,0.283,0.48684824,0.496,1.0751629,0.0183,-0.70001024,0.7095,-1.7628764,-0.6167,1.4343626,0.523,0.2912101,0.1791,1.4332893,0.5454,1.5886167,0.9546,2.469684,0.782,1.604738,1.127,0.7086412,-0.2112,1.029309,0.8594,1.869598,0.9385,1.8310552,0.9937,1.5628338,1.106,1.4037213,1.024,1.4781357,1.01,2.0659897,1.184,1.6945589,1.049,1.300375,0.82,1.0877063,0.872,0.9148273,0.0583,1.2192976,0.2446,2.082779,0.8066,0.9168675,0.5195,1.3448712,1.231
2,XZY,patch_x14000_y6384,external_test,external_test,D:\AIPatho\Patch\visiumhd_patch\2\XZY\patch_images\patch_x14000_y6384.png,-1.7766291,-1.065,1.357359,0.657,-0.45724985,0.353,1.4875053,0.55,0.48277366,0.4548,2.2644515,-0.3699,0.3108092,0.2014,-0.7334742,-0.5054,1.885613,0.9346,0.24666469,0.2664,1.6733524,0.7544,1.6643066,0.989,1.8459518,0.678,1.5743954,0.1562,-0.60747504,-0.4036,1.1203232,1.086,1.2933189,1.006,0.41040865,0.2407,0.30565792,0.1526,1.4561247,1.007,0.8163588,0.8213,1.7113848,0.9897,2.0082295,0.736,1.3810005,0.827,1.4983382,0.9277,0.6497268,-0.3162,-0.7486886,-0.354,0.9391599,0.943,1.1413472,0.79,0.14090241,0.2404
2,XZY,patch_x14000_y6608,external_test,external_test,D:\AIPatho\Patch\visiumhd_patch\2\XZY\patch_images\patch_x14000_y6608.png,-1.7679833,-1.421,0.9085321,0.591,0.55704165,0.774,0.82909703,0.363,0.48594275,0.4631,0.97577333,-0.498,0.28122398,0.0679,-1.7233261,-0.921,1.2045903,0.7227,0.028407782,-0.0725,1.5782433,0.7153,2.2980554,0.9155,1.9463689,1.038,0.85513675,0.1006,-0.8455997,-0.46,1.283745,1.022,2.1752787,0.7856,0.37217146,0.579,0.7015219,0.5044,1.1327615,1.084,1.3448297,1.083,2.8811116,1.344,2.7552326,1.204,1.0756189,0.9727,1.1321912,1.096,0.9058513,-0.2185,-1.0620487,-0.475,0.71225667,0.7573,1.0852255,0.5835,0.44083914,0.6636
2,XZY,patch_x14000_y6832,external_test,external_test,D:\AIPatho\Patch\visiumhd_patch\2\XZY\patch_images\patch_x14000_y6832.png,-1.2242988,-0.813,1.2324524,0.577,0.07318171,0.287,0.5070883,0.791,0.48549002,0.4587,0.837248,-0.3875,-0.15819,-0.07745,-1.7108091,-0.8555,1.0816153,0.917,-0.2003032,0.07025,1.7872621,0.578,1.8206644,0.57,1.897509,0.2227,2.133838,0.0817,-0.79375106,-0.3113,1.2841654,0.93,1.0168542,0.5093,0.3361155,0.2238,0.42980528,0.1696,1.0473517,0.844,1.8017879,0.3923,1.8384026,0.3901,1.6411669,0.2365,1.0926371,0.7114,-0.08735004,0.588,0.71299756,-0.2935,-0.30648065,-0.3665,0.7042624,0.4636,1.353851,0.3987,0.56989765,0.1929
2,XZY,patch_x14000_y7056,external_test,external_test,D:\AIPatho\Patch\visiumhd_patch\2\XZY\patch_images\patch_x14000_y7056.png,-1.2246424,-0.801,1.0519648,1.162,0.85415745,1.384,0.40208328,0.288,0.4895646,0.5,-0.07441326,0.2014,0.024569754,0.6846,0.9945871,-0.543,1.3221135,0.5386,-0.063743144,0.9023,1.227805,1.048,1.4748757,1.173,1.405895,0.712,0.99633443,1.434,-0.9945767,0.4524,0.96692693,0.874,1.3640051,1.079,1.9909135,1.661,1.7425144,1.547,1.2296951,0.9976,1.593322,0.6533,1.8339354,0.759,1.896824,0.6577,1.3332629,1.013,0.5432412,0.651,0.45096916,0.0696,1.7579627,1.233,0.9042318,0.569,1.0975294,1.067,1.5773559,1.539
2,XZY,patch_x14000_y7280,external_test,external_test,D:\AIPatho\Patch\visiumhd_patch\2\XZY\patch_images\patch_x14000_y7280.png,-1.5829438,-0.637,2.0310788,0.4614,0.6529164,0.3806,0.97738963,0.4438,0.48639548,0.3132,1.7228984,-0.5938,-0.19814943,-0.3826,0.83666706,-0.77,1.250897,0.6025,0.4543395,-0.01892,1.5069845,0.361,1.4437346,0.5615,1.7284863,0.346,0.5928257,0.217,0.03769746,-0.02727,1.344981,0.6235,1.521962,0.591,0.99554104,0.373,1.0877812,0.4443,1.3439453,0.574,1.721776,0.3093,1.3383206,0.2479,1.334342,0.2428,0.5896409,0.532,1.0829396,0.41,1.034425,-0.3457,-0.5138443,0.4153,0.9066334,0.2129,1.0582583,0.2277,1.0540892,0.4492
2,XZY,patch_x14000_y7504,external_test,external_test,D:\AIPatho\Patch\visiumhd_patch\2\XZY\patch_images\patch_x14000_y7504.png,-1.6908045,-0.8936,1.6306449,0.577,-0.10118127,0.01435,0.8277572,0.7256,0.48549002,0.3828,1.1318316,0.1823,0.7484614,0.1247,-1.6628271,-0.3816,1.334815,0.956,0.973733,0.2384,1.3478452,0.7983,2.1376016,0.759,1.097395,0.2113,2.2182374,0.5483,0.017465137,-0.1309,0.93724006,0.842,1.5241545,0.727,-0.0016765691,0.01595,0.010846078,-0.1396,1.3147129,0.7603,1.0545171,0.0406,1.3767102,-0.1471,0.9840052,-0.2185,1.3031396,0.845,1.1210523,0.7104,0.9017313,-0.10156,-0.7630311,-0.2405,0.5991732,0.6274,1.4798957,0.607,0.19359557,-0.0996
2,XZY,patch_x14000_y7728,external_test,external_test,D:\AIPatho\Patch\visiumhd_patch\2\XZY\patch_images\patch_x14000_y7728.png,-1.6434639,-1.137,1.3577108,0.5225,0.35512984,0.36,0.75032634,0.7075,0.48096272,0.4612,1.2908721,-0.6934,-0.61563796,0.02226,-1.0721663,-1.061,1.4815787,0.716,0.3881723,0.1696,1.3191828,0.7554,2.083322,0.989,0.6804498,0.0466,0.7140224,-0.324,-0.34895322,0.3218,0.86456317,0.441,1.187411,0.1915,0.82441366,0.6455,0.54861635,0.4326,1.3358629,0.6704,1.1408955,0.2683,0.43483692,0.1768,0.7971687,0.074,1.5528319,0.615,0.6234099,0.65,0.55662435,-0.168,-0.5817822,-0.1276,1.478089,0.239,1.0531588,0.4597,0.62062454,0.391
2,XZY,patch_x14000_y7952,external_test,external_test,D:\AIPatho\Patch\visiumhd_patch\2\XZY\patch_images\patch_x14000_y7952.png,-0.06630103,-1.182,1.126187,0.7754,0.93371564,1.172,-0.08194717,0.3308,0.4850373,0.6167,-0.93119776,-0.4968,0.35239556,0.3499,-0.6720625,-1.056,1.6948507,0.6914,0.7818205,0.4185,0.79691887,0.8467,0.8452634,1.169,1.4849782,0.8345,1.6969166,1.029,0.61225456,0.265,0.89215094,0.8315,1.8070272,0.858,1.5894964,1.218,1.9304339,1.314,1.326596,0.967,1.7039745,0.9126,2.0491753,0.681,1.6816347,0.679,1.5859504,0.99,1.0674534,0.84,0.45632842,-0.00549,0.107814915,0.466,0.4134037,0.851,0.9865321,0.6836,1.6555705,1.394
2,XZY,patch_x14000_y8176,external_test,external_test,D:\AIPatho\Patch\visiumhd_patch\2\XZY\patch_images\patch_x14000_y8176.png,-1.8874419,-1.283,1.6967939,0.8164,1.3672626,1.126,0.36352468,0.2917,0.48549002,0.4844,0.5392117,-0.3323,0.54618126,0.08636,1.203205,-1.007,1.0870368,0.5894,1.5288513,0.1301,1.6350048,0.667,1.9232495,1.027,2.108068,1.038,2.44587,1.036,-0.1917904,0.09155,1.0910196,0.995,1.2436477,1.055,1.4999694,1.171,1.8947883,1.276,1.478197,0.953,2.3021162,1.055,2.3168242,1.046,2.5818622,1.117,1.8698153,0.9873,0.8927101,0.959,0.44544584,-0.3499,0.41710076,0.5254,2.0007899,0.8535,1.9544059,0.519,1.7390945,1.346
2,XZY,patch_x14000_y8400,external_test,external_test,D:\AIPatho\Patch\visiumhd_patch\2\XZY\patch_images\patch_x14000_y8400.png,-1.2133588,-0.7793,1.4611034,1.12,0.9031883,1.196,-0.6205817,0.2664,0.48820642,0.738,1.3376309,0.2563,-0.36509567,0.6304,0.31697294,-0.3557,1.3671888,0.1913,0.6817493,0.3972,1.4789711,0.918,1.9223143,0.6943,1.1124976,0.6284,0.9925403,1.308,-0.26922774,0.402,1.4483312,0.6333,1.2897284,0.7847,1.827888,1.6,1.8461025,1.61,1.4110194,0.756,1.6429262,0.4514,1.9383942,0.472,1.4523773,0.6562,1.9911228,1.058,0.64859223,0.8486,0.35946622,0.3545,2.497482,2.371,1.0655079,0.88,0.9766882,0.5312,1.8004799,1.579
2,XZY,patch_x14000_y8624,external_test,external_test,D:\AIPatho\Patch\visiumhd_patch\2\XZY\patch_images\patch_x14000_y8624.png,-0.91592133,-1.123,0.88603693,0.603,0.6654323,0.2605,0.67891794,0.4841,0.48277366,0.3223,-0.38411355,-0.503,0.04324324,0.02034,-1.2493805,-1.114,1.1541374,0.716,0.6120984,-0.4973,1.450175,0.625,1.7481372,0.832,2.1837912,1.447,1.5010253,-0.1211,0.36919647,-0.4705,1.3846961,0.9565,1.5154511,1.029,1.5825545,0.11035,1.1320003,0.121,1.5762602,0.98,2.1314044,1.136,2.6473534,1.462,2.4850376,1.474,1.6977625,1.055,0.8993556,0.9214,0.13187711,-0.3726,0.023503914,-0.8643,1.255091,0.9487,0.66952986,0.228,1.2677418,0.4644
2,XZY,patch_x14000_y8848,external_test,external_test,D:\AIPatho\Patch\visiumhd_patch\2\XZY\patch_images\patch_x14000_y8848.png,-0.66110617,-0.79,0.4733,0.276,0.5510249,0.3894,0.7597559,0.851,0.47236085,0.4917,-0.49849755,-0.7236,-0.3196115,0.0835,-1.0572025,-0.9253,1.2031488,0.561,0.14834541,-0.2505,1.7642555,0.635,2.132346,0.3765,2.1480315,0.6646,0.33980274,-0.4905,0.30548227,0.1442,1.014064,0.4363,0.9561769,0.363,0.9685918,0.5537,0.7443743,0.4082,1.3926653,0.726,1.408657,0.8125,2.5772657,0.8506,2.3661826,0.8184,1.8705354,0.771,1.4711798,0.4365,-0.55499905,-0.127,-0.26175845,-0.3638,1.0811652,0.7104,0.52370745,0.3042,0.97723514,0.671
2,XZY,patch_x14000_y9744,external_test,external_test,D:\AIPatho\Patch\visiumhd_patch\2\XZY\patch_images\patch_x14000_y9744.png,0.7258861,0.3757,-0.24227458,-0.4329,-0.8367025,-0.539,-1.2062329,-0.0488,-2.1005042,-0.604,0.046631463,-0.2192,-0.855465,-0.8916,0.24019618,-0.11993,-1.397736,-0.353,-0.37325594,-0.2114,-1.6970807,-0.735,-1.2483268,-0.7144,-0.060657367,-0.4255,-0.6578812,-0.728,0.054786194,0.5117,-1.3621594,-0.7896,-0.98558927,-0.617,-0.6933203,-0.3945,-0.46906078,-0.5166,-1.5069665,-0.82,-0.7305459,-0.4895,-0.35318935,-0.5093,-0.006301045,-0.4338,-1.3105422,-0.8276,-1.1669171,-0.8237,-1.0595574,-0.7114,-0.26346815,-0.2057,-0.9611712,-0.698,-1.235303,-0.6562,-0.7559457,-0.645
2,XZY,patch_x14000_y9968,external_test,external_test,D:\AIPatho\Patch\visiumhd_patch\2\XZY\patch_images\patch_x14000_y9968.png,0.70300657,0.3726,-0.91539335,-0.3367,-0.8549378,0.00585,-1.2210414,0.00723,-2.1199718,-0.1743,0.028605897,-0.0882,-0.8653427,-0.4165,0.22307219,-0.06476,-0.60750955,-0.2737,-0.391283,0.3105,-1.7160126,-0.4155,-1.2683666,-0.3906,-0.46483058,-0.4185,-0.012444912,-0.3545,1.6531153,0.5693,-1.3768781,-0.6514,0.19550246,-0.1832,-0.40454236,0.04428,-0.4516383,-0.11707,-1.3290668,-0.6055,-0.7496192,-0.4568,-0.4683903,-0.4617,-0.5600797,-0.3066,-1.3302103,-0.382,-1.1876038,-0.5303,-0.40124598,-0.4104,-0.5176453,0.1785,-0.98464423,-0.2832,-1.2488899,-0.1079,-0.83227706,-0.1938
2,XZY,patch_x14224_y10192,external_test,external_test,D:\AIPatho\Patch\visiumhd_patch\2\XZY\patch_images\patch_x14224_y10192.png,0.6956261,0.0245,-0.9265166,0.2351,0.39404625,0.5957,-1.2268533,0.4658,-2.1267626,-0.2052,0.026847305,-0.4785,-0.86700815,-0.4214,0.21707444,-0.428,-1.0708255,-0.0939,-0.82914966,0.4927,-1.523773,0.03616,-1.2760245,-0.2051,-0.47435796,-0.4246,-0.35226795,0.01483,0.71684635,1.013,-1.1637053,-0.1877,0.85573953,0.3062,0.43133903,0.814,0.08114078,0.6274,-1.4083815,-0.06757,-0.7564711,-0.12274,-0.6001405,-0.1884,-0.56600624,-0.002094,0.11227783,-0.02544,-1.1940366,-0.2225,-1.0922565,-0.4802,-0.5249202,0.9795,-0.46331218,-0.181,-0.6125226,0.1637,-0.5368853,0.4836
2,XZY,patch_x14224_y10416,external_test,external_test,D:\AIPatho\Patch\visiumhd_patch\2\XZY\patch_images\patch_x14224_y10416.png,0.72841656,0.2886,-0.88113767,0.15,-0.8328227,0.625,-1.2037649,-0.1189,-2.0950716,-0.391,0.049269352,0.071,-0.8545461,-0.5146,0.24263005,-0.374,-1.3929589,-0.3506,-0.80408365,0.2126,-1.6945008,-0.2922,-1.2457907,-0.2117,-0.4326364,0.10205,-0.65656734,-0.1217,0.7755255,0.3223,-1.3591818,-0.1998,-1.169842,0.3503,-0.02651331,0.5293,-0.2507345,0.5767,-1.5056525,-0.3604,-0.7267576,-0.0978,-0.5753996,-0.0459,-0.53749675,0.1049,-1.3066756,0.01513,-1.1630297,-0.2334,-1.0540359,-0.984,-0.49150798,0.02895,-0.9571904,-0.3604,-1.2338985,-0.1364,-0.77695626,0.4348
2,XZY,patch_x14224_y10640,external_test,external_test,D:\AIPatho\Patch\visiumhd_patch\2\XZY\patch_images\patch_x14224_y10640.png,0.7464461,0.2974,-0.85928494,-0.192,-0.8178465,0.1354,-1.1916634,-0.0506,-2.0765095,-0.605,0.061469585,-0.11707,-0.847425,-0.7104,0.25619015,-0.5522,-1.3746978,-0.548,-0.79083985,0.1906,-1.6794571,-0.6357,-1.2289335,-0.566,-0.4105978,-0.2491,-0.6438662,-0.491,0.08946531,0.734,-1.3473196,-0.756,-1.1383997,-0.2318,-0.7587526,0.3276,-0.83964837,0.237,-1.016281,-0.8164,-0.7117691,-0.4995,-0.5628133,-0.613,-0.52184755,-0.4482,-1.0914135,-0.5215,-1.1457213,-0.6313,-1.0341727,-1.293,-0.47299403,0.1327,-0.93774396,-0.6426,-0.84621906,-0.3167,-0.8065097,0.001668
2,XZY,patch_x14224_y4368,external_test,external_test,D:\AIPatho\Patch\visiumhd_patch\2\XZY\patch_images\patch_x14224_y4368.png,-0.3255182,-0.354,-0.0704028,0.3638,2.1303666,0.4016,1.1904217,0.3315,0.4605899,0.3809,0.4728957,-0.1732,0.37916318,-0.1853,0.11883427,-0.1842,2.2034023,-0.05322,1.3839033,0.2522,1.9707168,0.2366,0.52215135,-0.06775,-0.6673959,0.283,-0.1401119,0.1534,1.649847,0.736,-0.29077145,-0.1951,1.880984,0.3606,1.7287031,0.491,1.4990748,0.364,-0.4064097,-0.1105,0.32740536,-0.1672,-0.66705203,-0.0412,-0.9121814,0.087,-0.009264966,0.214,-0.5452473,-0.1691,-0.17151342,-0.4573,0.075774364,0.2079,-0.8972231,0.1031,1.1861523,0.2186,1.604824,0.4055
2,XZY,patch_x14224_y4592,external_test,external_test,D:\AIPatho\Patch\visiumhd_patch\2\XZY\patch_images\patch_x14224_y4592.png,-1.6592791,-1.555,1.0929129,0.775,0.8535404,0.4597,1.853768,0.7075,0.46647537,0.2708,-1.6961333,-0.951,0.0016681688,-0.525,-1.6368369,-1.176,2.429891,0.7944,1.3220425,-0.6885,2.1807246,0.7446,1.1764241,0.915,0.27608317,1.72,0.15074264,-0.3801,0.79301244,-0.595,1.0936608,0.7607,1.0950725,0.532,1.9819784,0.4421,1.1192194,0.412,0.52470183,0.939,-0.79395974,1.068,-0.6432593,1.215,-0.6283041,1.419,1.5929204,1.005,1.4331386,0.843,0.99706244,-0.679,-0.2241837,-0.1157,1.1126794,0.6123,1.3575011,0.1481,1.0979004,0.755
2,XZY,patch_x14224_y4816,external_test,external_test,D:\AIPatho\Patch\visiumhd_patch\2\XZY\patch_images\patch_x14224_y4816.png,-0.3986317,-1.146,1.1200602,0.5933,-0.25432003,-0.013885,1.9007311,0.577,0.47190812,0.1946,-0.23417345,-0.7266,-0.013773606,-0.5557,-1.3658084,-1.253,2.5175052,0.6475,-0.17190836,-0.9346,1.029053,0.4019,1.4587877,0.694,1.4047763,1.128,-1.0016228,-0.7056,0.56236255,-0.84,0.7153296,0.9004,1.3442534,0.4358,0.35600764,-0.06256,0.11680326,0.08154,0.8875366,0.809,0.35383496,0.846,1.5482228,1.05,0.6119065,1.118,0.6379462,0.587,0.57482976,0.762,0.5743377,-0.668,-0.39336196,-0.2236,0.8989991,0.625,0.8862888,-0.148,0.017508192,0.284
2,XZY,patch_x14224_y5040,external_test,external_test,D:\AIPatho\Patch\visiumhd_patch\2\XZY\patch_images\patch_x14224_y5040.png,-1.4616928,-1.047,1.2079906,0.7153,0.5172438,0.5205,1.3772154,0.9233,0.46421173,0.5244,-1.5684155,-0.4539,0.20891932,0.1366,-1.482547,-1.032,2.1904836,0.7656,-0.40649095,0.1405,1.1498541,0.7925,1.6810678,0.6646,0.40659556,0.6035,0.63477176,-0.0947,-0.17932782,0.3496,1.4400698,0.5317,0.9712597,0.7417,0.62710655,0.631,0.5413223,0.586,1.1941777,0.8145,0.68276316,0.39,1.2395462,0.4697,0.7867923,0.5137,1.0787051,0.8535,0.15943494,0.489,0.79509664,-0.278,-0.38093835,0.002455,0.09951254,0.4314,1.3467627,0.485,0.68400586,0.6284
2,XZY,patch_x14224_y5264,external_test,external_test,D:\AIPatho\Patch\visiumhd_patch\2\XZY\patch_images\patch_x14224_y5264.png,0.04134898,-0.7573,0.82974905,0.3557,0.13692026,0.562,0.8423335,0.901,0.47281358,0.593,-0.93774045,-0.9854,-0.44250515,-0.3494,-0.80497587,-1.075,1.317564,0.836,0.3012844,0.585,0.32730162,0.8115,1.1582024,0.4946,0.66225153,0.675,1.3404998,-0.576,0.3545972,0.595,0.6464288,0.421,-0.08472668,1.218,0.020971533,0.643,-0.4535533,0.3938,1.0142393,0.7017,0.6824787,0.4546,0.6770464,0.523,0.83237517,0.5435,-0.050560117,0.632,-1.0048513,0.3308,0.6115659,-0.613,-0.24266031,-0.2996,0.79009044,0.3484,0.43338925,0.636,0.4781534,0.615
2,XZY,patch_x14224_y5488,external_test,external_test,D:\AIPatho\Patch\visiumhd_patch\2\XZY\patch_images\patch_x14224_y5488.png,-0.763287,-0.556,0.6902696,0.7295,0.04628899,0.984,1.1051673,0.772,0.46738082,0.613,-1.0546868,-0.3013,-0.4013876,0.2783,-0.9320585,-0.45,1.4281914,0.553,-0.16033058,-0.05392,0.15530592,0.782,1.7515727,0.544,1.8038251,0.837,-0.7473132,0.03287,0.16795354,0.7153,0.49145833,0.3774,0.8424925,0.9487,0.9246614,1.103,0.5612725,0.988,1.3340858,0.7363,1.1058763,0.5146,1.7757168,0.5674,1.2666827,0.7227,1.093721,0.736,-0.72351265,0.359,0.82813466,-0.254,-0.45726556,0.4292,-0.2442278,0.1619,-0.527391,0.03647,0.7353922,1.089
2,XZY,patch_x14224_y5712,external_test,external_test,D:\AIPatho\Patch\visiumhd_patch\2\XZY\patch_images\patch_x14224_y5712.png,-1.8386252,-1.476,1.1054478,1.39,0.82533634,1.417,0.5423075,0.2266,0.48096272,0.5713,-1.0247794,-0.126,0.65237343,0.6943,-1.04567,-1.131,1.4847527,0.804,0.0633231,0.6113,1.5740818,1.018,1.5596584,1.5,2.6254737,1.383,0.26607087,0.984,0.07112646,0.128,1.480176,1.375,1.8233346,1.46,1.1887043,1.679,1.4379262,1.721,1.5577177,1.46,2.2099166,1.535,2.2104218,1.397,2.186883,1.396,1.6881362,1.634,1.0976658,1.21,-0.017439881,-0.136,-0.7215686,0.727,0.80023384,1.236,0.29353496,1.014,1.3708037,1.758
2,XZY,patch_x14224_y5936,external_test,external_test,D:\AIPatho\Patch\visiumhd_patch\2\XZY\patch_images\patch_x14224_y5936.png,-0.32492444,-1.194,1.1561092,1.012,1.2982229,1.058,0.65541434,0.2305,0.48186818,0.495,-0.30082595,-0.1696,0.8302271,0.4453,-0.7141103,-0.658,1.2236937,0.7466,1.035084,0.1346,1.5410066,0.756,2.186277,0.9624,1.704504,0.8906,1.5626839,0.8555,-0.26834223,-0.2281,1.3912263,1.12,1.7568383,1.162,1.5494267,1.011,1.8392438,1.069,1.3468585,1.171,1.7711569,0.9937,2.5078516,1.305,2.149659,1.176,1.8174105,0.934,1.6503263,0.9116,0.50832367,-0.01505,-0.4661263,0.4138,1.6516348,0.918,1.2666962,0.5903,1.5708245,1.22
2,XZY,patch_x14224_y6160,external_test,external_test,D:\AIPatho\Patch\visiumhd_patch\2\XZY\patch_images\patch_x14224_y6160.png,-1.1248883,-0.5825,1.0367528,1.1875,0.91841346,1.831,0.43376803,-0.1349,0.49363917,0.503,1.4689118,0.272,1.5150903,0.1174,-1.0980046,-0.6265,1.4446255,0.468,1.9926704,0.783,1.5091802,0.6333,1.5878277,0.976,1.1343416,0.5576,2.332824,1.575,0.20578662,0.4604,0.9430895,0.6807,1.7197986,1.047,1.9573467,1.743,1.5353421,1.879,1.4124757,0.803,0.94171554,0.7275,1.1401736,0.8276,1.9683955,0.868,1.323673,1.086,0.96183306,0.4883,0.9793161,-0.3728,-0.3578086,0.8735,1.1264614,0.4343,1.4970573,0.846,1.5417838,1.861
2,XZY,patch_x14224_y6384,external_test,external_test,D:\AIPatho\Patch\visiumhd_patch\2\XZY\patch_images\patch_x14224_y6384.png,-0.3879779,-0.643,1.4649386,1.016,0.54211897,0.9995,0.51916015,0.3538,0.48639548,0.4258,3.3369546,0.1519,0.83658385,0.3816,3.1654434,-0.5054,1.54498,0.777,0.863801,0.2355,1.2366154,0.718,2.091407,0.877,1.0618855,0.1594,1.8380574,1.177,-0.46458444,-0.1407,1.4650545,1.096,2.5261407,0.974,1.1133876,0.844,1.2167324,0.986,1.0694106,0.947,1.7894012,0.3313,1.8480576,0.2898,1.7476932,0.2094,0.6674896,0.8174,0.53371185,0.644,0.97831285,-0.09485,0.041388277,0.549,1.0015209,0.439,1.0154396,0.382,1.1433879,1.061
2,XZY,patch_x14224_y6608,external_test,external_test,D:\AIPatho\Patch\visiumhd_patch\2\XZY\patch_images\patch_x14224_y6608.png,-1.7778943,-0.97,1.6510315,0.7188,0.5185692,0.501,-0.10917114,0.6284,0.49047005,0.4495,0.58691406,-0.7437,1.1697023,-0.286,-1.7328008,-0.774,1.5026028,0.883,0.4892028,-0.02179,1.4780226,0.5957,0.37608993,0.8354,1.6174988,0.2188,2.1682844,0.3538,-0.5566428,-0.2512,1.0027403,0.9146,2.2880867,0.871,1.0129421,0.4631,0.7743943,0.4277,1.1375368,0.89,1.9439665,0.4792,2.5459695,0.478,2.4959266,0.407,1.2634248,0.4692,1.0390078,0.659,1.8387773,-0.3875,-0.73394173,-0.09924,0.8717192,0.4783,1.3985564,0.3093,0.6412406,0.549
2,XZY,patch_x14224_y6832,external_test,external_test,D:\AIPatho\Patch\visiumhd_patch\2\XZY\patch_images\patch_x14224_y6832.png,-1.7114698,-0.6953,1.0423697,1.007,0.108346,1.05,0.24564084,0.6846,0.48458457,0.3296,3.2416592,-0.1493,-0.63263685,0.1302,1.5491117,-0.4998,1.0080687,0.942,-0.18053766,0.2986,1.2284876,0.7944,1.6846403,0.85,1.1337863,0.3032,1.2661691,0.824,-1.1146013,-0.1577,1.4442044,1.133,2.3574605,1.053,-0.19888389,0.9526,-0.12935261,1.064,1.3476653,0.9927,1.1012436,0.4417,1.3830212,0.592,1.5577494,0.36,0.9249496,0.834,1.3829745,0.7764,0.984335,-0.08716,-1.1324065,0.2725,1.4433347,0.5156,1.1528641,0.5576,0.16192855,1.121
2,XZY,patch_x14224_y7056,external_test,external_test,D:\AIPatho\Patch\visiumhd_patch\2\XZY\patch_images\patch_x14224_y7056.png,-1.1581206,-1.149,1.529515,0.7363,1.2009685,0.9307,0.718008,-0.00987,0.49001732,0.4922,0.8115705,-0.9233,0.8659343,-0.353,-0.1928318,-1.209,1.1348171,0.4292,0.794147,-0.2896,1.6968383,0.517,2.1243725,0.733,1.3670607,0.6787,2.4288418,0.606,0.24440816,-0.2446,0.98859954,0.951,2.4767542,0.601,1.5071714,0.9805,1.6664907,1.116,0.8985495,0.94,1.6593528,0.9243,1.6924423,0.5244,1.9243723,0.495,2.162745,0.733,0.7079173,0.692,1.1086425,-0.05582,2.302114,1.498,1.1439841,0.5005,1.1526518,0.11646,1.4921051,1.218
2,XZY,patch_x14224_y7280,external_test,external_test,D:\AIPatho\Patch\visiumhd_patch\2\XZY\patch_images\patch_x14224_y7280.png,-1.5647033,-0.941,1.5932257,0.907,0.7961716,0.617,0.5752038,0.988,0.48594275,0.4004,0.09762255,-0.3545,0.02643264,-0.1652,-1.5685147,-0.5605,1.5985985,1.165,1.5133896,0.436,1.292108,0.775,2.2412584,0.7827,1.6206617,-0.05942,2.093246,0.3186,-0.8378271,0.11224,0.87193793,0.815,1.0701755,0.518,0.9869763,0.5273,1.0813742,0.5786,1.0587213,0.729,1.0742762,-0.1211,0.5127988,-0.1793,-0.4554278,-0.39,0.93424726,0.698,0.866166,0.4062,0.98566693,-0.4617,-0.8345597,0.01692,0.9761923,0.3904,0.98413616,0.6016,0.93028796,0.4998
2,XZY,patch_x14224_y7504,external_test,external_test,D:\AIPatho\Patch\visiumhd_patch\2\XZY\patch_images\patch_x14224_y7504.png,-1.5390825,-1.24,0.05387682,0.8936,-0.36484602,0.646,1.1796222,0.53,0.48639548,0.6216,0.12573138,-0.8223,0.12894799,-0.4412,-1.5447845,-1.217,1.5686734,0.806,-0.40527478,-0.587,1.6576209,0.5874,2.046495,0.9443,0.8343404,0.577,0.41196993,0.03748,-0.838482,-0.5654,0.64259315,0.9585,1.2495911,0.6953,0.0025883138,0.5786,0.21217394,0.7866,0.92180586,1.027,1.8655524,0.615,1.0232488,0.5923,1.061524,0.6465,1.7075069,0.79,0.6304221,0.7095,0.6625238,-0.5737,-1.2912953,0.1241,0.822454,0.2683,1.1973926,-0.1372,0.3722007,0.8955
2,XZY,patch_x14224_y7728,external_test,external_test,D:\AIPatho\Patch\visiumhd_patch\2\XZY\patch_images\patch_x14224_y7728.png,-0.8342046,-1.308,0.6945882,1.075,0.74185723,1.212,1.2965004,0.471,0.48096272,0.4497,-1.6920664,-0.2605,0.4801169,0.331,-1.1858277,-0.56,1.6400453,0.579,0.30981153,-0.145,1.2851676,0.703,1.7921225,0.9326,2.0561335,0.368,1.9577993,0.761,0.24897629,-0.2524,1.1831493,0.975,1.0800413,0.857,0.72589505,1.128,0.9581569,1.102,1.2456082,0.969,1.900078,0.7285,1.1359781,0.6714,0.8491098,0.618,1.2170768,0.96,1.2442759,0.944,0.40253866,-0.11066,-1.122217,0.2666,1.4520637,0.6533,1.6720476,0.2595,0.97577935,1.249
2,XZY,patch_x14224_y7952,external_test,external_test,D:\AIPatho\Patch\visiumhd_patch\2\XZY\patch_images\patch_x14224_y7952.png,-0.58621603,-1.137,1.9996599,0.8647,0.83532757,1.2295,1.2901092,0.3035,0.4786991,0.531,0.010412493,-0.688,0.34360266,0.2686,-0.22697325,-1.1455,1.4187008,0.641,0.01972914,0.1345,1.27772,0.686,1.4690264,0.8887,1.2485063,0.808,1.6331855,0.7134,0.9885088,-0.299,1.0520986,0.982,1.9157959,1.056,1.4565148,1.109,1.5484034,1.25,1.1950058,1.102,1.6184032,1.064,1.6191114,1.071,1.6482631,0.924,1.3124356,1.096,0.4490614,0.9365,0.6161615,-0.258,0.008664736,0.6777,0.84905773,0.6685,0.22524127,0.5034,1.2561336,1.335
2,XZY,patch_x14224_y8176,external_test,external_test,D:\AIPatho\Patch\visiumhd_patch\2\XZY\patch_images\patch_x14224_y8176.png,0.81910837,-1.114,0.83936816,1.161,1.104411,1.434,0.503484,0.1929,0.48639548,0.3206,-0.79235137,0.01552,1.0774847,0.541,-0.5688812,-0.9624,1.069236,0.3538,1.358385,0.06094,1.7760704,0.687,1.8386908,0.9443,2.1866457,0.646,2.3595476,1.509,1.1374518,0.2156,0.86979777,0.805,1.0186311,0.7715,1.677977,1.603,1.8988658,1.729,1.1402082,0.967,1.2697794,0.6426,2.128661,0.9907,2.0739555,0.9307,1.747792,0.822,0.86976385,0.7427,0.83255386,0.1316,1.2274675,0.6777,0.2672699,0.4587,0.7922503,0.2808,1.7713302,1.661
2,XZY,patch_x14224_y8400,external_test,external_test,D:\AIPatho\Patch\visiumhd_patch\2\XZY\patch_images\patch_x14224_y8400.png,-1.0019336,-1.178,1.2287759,0.8965,0.87012404,0.682,0.68507856,0.525,0.4895646,0.3123,1.9921888,-0.376,0.49201664,-0.1736,-0.93019915,-0.8955,0.6747423,0.6206,1.9122913,-0.4463,1.5709401,0.4905,2.3382883,0.6626,2.0601661,0.7153,2.4519496,0.652,0.20854554,-0.3596,0.9651066,0.9287,1.9361557,0.5684,1.6461089,0.5986,1.6264088,0.831,1.5478189,0.885,1.3916353,0.6187,2.1232219,0.9805,1.5584046,1.052,1.1441773,0.693,0.6779309,0.783,0.7304535,-0.4841,-0.046749607,0.08325,1.3177952,0.3574,1.517569,-0.01834,1.5465944,0.9185
2,XZY,patch_x14224_y8624,external_test,external_test,D:\AIPatho\Patch\visiumhd_patch\2\XZY\patch_images\patch_x14224_y8624.png,-1.7451038,-0.906,1.3334615,0.767,0.72458345,0.476,0.9495048,1.033,0.48911187,0.3003,-0.51116437,-0.03195,-0.21582116,0.1741,-1.7059413,-0.541,1.0667524,0.884,0.086056925,-0.1099,1.2420973,0.71,1.7918385,0.545,1.7116451,0.4453,1.973453,-0.01366,0.53806216,0.2296,1.4037904,0.571,1.438775,0.417,1.0134374,0.634,1.1423445,0.529,1.1516155,0.831,2.4027576,0.296,2.768365,0.4043,2.6499295,0.4124,1.5511413,0.706,1.0997316,0.434,0.17211995,-0.556,0.040939428,-0.2396,1.490941,0.4841,1.539272,0.2051,0.92890275,0.5596
2,XZY,patch_x14224_y9744,external_test,external_test,D:\AIPatho\Patch\visiumhd_patch\2\XZY\patch_images\patch_x14224_y9744.png,0.74138516,0.4675,-0.8694238,-0.687,0.003949809,-0.4985,-1.1957238,-0.1471,-2.086017,-0.953,0.059820905,-0.369,0.13132007,-0.8584,0.2522786,0.03412,-1.3819141,-0.4805,-0.3605347,-0.18,-1.6841809,-0.8516,-1.2337569,-0.876,-0.4200205,-0.3796,-0.64608973,-0.727,0.08062773,0.4988,-1.3514835,-0.859,-1.1513705,-0.4863,-0.84043634,-0.425,-0.84327585,-0.5674,-1.5008835,-0.842,-0.7168421,-0.4946,-0.566732,-0.23,-0.5269219,-0.1963,-1.2964512,-1.008,-0.63941103,-0.905,-0.45283645,-0.9272,-0.47922343,-0.1251,-0.94456166,-0.719,-1.2254393,-0.6177,-0.46911475,-0.6387
2,XZY,patch_x14224_y9968,external_test,external_test,D:\AIPatho\Patch\visiumhd_patch\2\XZY\patch_images\patch_x14224_y9968.png,0.6750662,0.0724,-0.9558505,0.10767,-0.8802344,0.3562,0.24628556,0.2335,-2.1589065,-0.2068,0.008931648,-0.552,-0.87717295,-0.822,0.20038506,-0.597,0.052017514,-0.02904,-0.4605119,0.4448,-1.3847852,-0.1918,-1.2963128,-0.2666,-0.5054528,-0.298,-0.69477177,-0.3916,-0.031911604,0.7363,-1.1288309,-0.3242,-1.2683793,-0.1271,-0.90158904,0.559,-0.5851697,0.3987,-0.41813734,-0.3167,-0.65201455,-0.3325,-0.61840564,-0.1986,-0.5879694,-0.13,-1.0379099,-0.1483,-1.2187033,-0.4495,-1.1163865,-0.7856,-0.5498378,0.5776,-1.0167652,-0.3418,-0.75732857,0.1252,-0.88550615,0.2952
2,XZY,patch_x14448_y10192,external_test,external_test,D:\AIPatho\Patch\visiumhd_patch\2\XZY\patch_images\patch_x14448_y10192.png,0.65144855,0.1155,-0.98557806,-0.1764,-0.9000992,0.03275,-1.2559925,-0.05225,-2.1783738,-0.3645,-0.010083129,-0.2932,-0.88641894,-0.2366,0.18204415,-0.3403,-0.1742276,-0.2627,-0.6129279,0.3674,-1.7593633,-0.304,-1.3172975,-0.5063,-0.5330927,-0.5293,-0.7096964,-0.2181,1.686606,0.736,-1.0550718,-0.521,-0.9829288,-0.2141,-0.075816795,0.2126,-0.286069,0.0655,-1.0494558,-0.6377,-0.36773705,-0.5864,-0.38627085,-0.3984,-0.60776335,-0.3328,-0.9518611,-0.1711,-0.2149009,-0.4734,-1.032929,-0.4148,-0.5727515,0.3206,-0.89232856,-0.5405,-0.4876496,-0.1326,-0.82070005,-0.0822
2,XZY,patch_x14448_y10416,external_test,external_test,D:\AIPatho\Patch\visiumhd_patch\2\XZY\patch_images\patch_x14448_y10416.png,0.7177676,0.2238,-0.8981671,0.03943,0.41978776,0.2,0.256337,-0.359,0.46375898,-0.645,0.03805833,-0.2036,0.119671084,-0.5264,0.23376381,-0.5864,-0.47402164,-0.5117,-0.8131623,-0.02092,-1.30174,-0.6284,-1.2555372,-0.376,-0.44729394,-0.1103,-0.6639117,-0.4727,0.76585156,0.4233,-0.8717095,-0.4663,-1.1909621,0.06165,-0.00843474,0.1948,-0.23913069,0.1,-1.0402802,-0.635,-0.7373648,-0.2822,-0.58380157,-0.2686,-0.009766762,-0.1565,-1.210887,-0.2532,-1.1737201,-0.2935,-0.47693703,-0.982,-0.5027035,-0.1357,-0.9697277,-0.2646,-1.240986,-0.2566,-0.73445493,-0.0184
2,XZY,patch_x14448_y10640,external_test,external_test,D:\AIPatho\Patch\visiumhd_patch\2\XZY\patch_images\patch_x14448_y10640.png,0.74011993,0.404,-0.86843944,-0.1329,-0.82405424,0.2307,-1.1960422,0.1378,-2.082395,-0.4878,0.057512753,-0.3735,-0.8493776,-0.603,0.2505401,-0.3362,-1.1430602,-0.3237,-0.16359246,0.12,-1.490599,-0.3982,-1.2346023,-0.441,-0.41933995,0.1525,-0.6478079,-0.5884,0.07906158,0.491,-1.3517255,-0.596,-0.5950447,0.1804,-0.84111315,0.2727,-0.5737068,0.02742,-1.3163493,-0.4204,-0.36157107,-0.09125,-0.20396657,-0.1126,-0.5271156,0.06635,-1.2966,-0.4617,-1.1516913,-0.4993,-1.042204,-0.9336,-0.4794848,0.153,-0.94511074,-0.3687,-0.9563327,-0.2107,-0.8339146,0.002779
2,XZY,patch_x14448_y4144,external_test,external_test,D:\AIPatho\Patch\visiumhd_patch\2\XZY\patch_images\patch_x14448_y4144.png,-0.7634979,-0.567,1.7363069,0.6963,1.0056895,0.9062,0.9607526,0.9116,0.48005727,0.492,0.22413217,-0.1309,-0.5260899,0.2817,0.7682509,-0.3955,1.5679364,0.4946,0.8715563,0.0993,0.8611948,0.6772,0.59326345,0.308,0.29972246,0.625,0.8115053,0.3945,1.7260135,0.771,0.7001935,0.3303,2.3268306,0.6562,1.1221824,1.173,1.2625338,1.042,0.9204339,0.758,0.6794124,0.365,0.98043394,0.2793,0.7730794,0.3044,0.50059515,0.5024,0.5795208,0.3015,-0.05267423,-0.2188,0.029825194,0.536,0.1283334,0.2751,1.37496,0.1373,0.9852898,1.026
2,XZY,patch_x14448_y4368,external_test,external_test,D:\AIPatho\Patch\visiumhd_patch\2\XZY\patch_images\patch_x14448_y4368.png,-0.07179427,-1.38,1.5665796,0.839,1.2169535,1.074,1.5729071,0.803,0.47236085,0.6787,-0.46474358,-0.7437,-0.18123144,0.151,-1.5056689,-1.012,2.2465637,0.823,2.4111316,0.431,2.0493934,1.012,2.7290878,0.933,-1.0265874,0.9624,-0.12203305,0.408,0.8050408,0.2778,0.9668572,0.6924,1.4868904,0.916,2.0531805,1.374,2.0401833,1.217,0.85277504,0.8525,0.13544428,0.8,0.68499917,0.785,-0.43786678,0.851,1.9223374,1.215,0.23041414,0.84,-0.4066503,-0.3647,-0.2520478,0.3882,0.7921142,0.639,2.4411952,0.753,1.7527119,1.375
2,XZY,patch_x14448_y4592,external_test,external_test,D:\AIPatho\Patch\visiumhd_patch\2\XZY\patch_images\patch_x14448_y4592.png,-1.6008679,-0.08795,1.4398518,0.6543,0.9534452,1.142,1.8865296,-0.1043,0.47824636,0.7075,-0.8588832,0.0512,0.112237886,-0.137,-1.5882465,0.2115,2.635393,0.1661,2.4739575,1.071,2.1123967,0.6084,2.459404,0.4658,-0.32582706,0.2563,0.70417,0.731,0.931304,0.6685,0.6104043,0.1404,1.388794,0.7627,2.2539592,1.26,1.8746337,1.161,1.0586182,0.08527,-0.0422006,-0.229,-0.8586309,-0.2312,0.27828166,-0.07916,2.2048213,0.565,0.9397818,0.07104,1.1009924,-0.1642,0.3606959,1.001,1.7738928,0.04398,2.2319176,0.8496,1.6743373,1.234
2,XZY,patch_x14448_y4816,external_test,external_test,D:\AIPatho\Patch\visiumhd_patch\2\XZY\patch_images\patch_x14448_y4816.png,-1.7140002,-1.398,1.3912398,0.8027,1.1692176,0.06113,1.679654,1.254,0.4850373,0.3252,-1.7382295,-1.3955,0.5979485,-0.6445,-0.8443362,-1.633,2.1675525,1.402,1.5317421,0.1891,1.9682121,0.8384,2.9546697,0.992,-1.10733,0.965,0.43488923,-1.081,0.5441262,-0.1425,0.9841772,0.8125,0.8956747,0.9087,1.7667186,0.2457,0.89261335,0.063,0.79665446,0.718,0.49427086,0.381,-0.14835466,0.1971,-0.67618597,0.2296,1.7973604,0.9976,0.48268464,0.8247,1.4678898,-1.221,0.19547239,-0.5283,2.028242,0.7275,2.396275,0.6304,0.9071884,0.263
2,XZY,patch_x14448_y5040,external_test,external_test,D:\AIPatho\Patch\visiumhd_patch\2\XZY\patch_images\patch_x14448_y5040.png,-0.8833988,-1.306,1.1660768,0.93,0.5744416,0.7227,2.0653389,1.004,0.47824636,0.667,-0.7027372,-0.285,0.07051963,-0.487,-0.23115577,-1.06,2.4122062,0.8564,0.53283286,0.07294,1.6250267,0.7246,2.064404,0.9795,1.1237224,0.798,0.21944568,-0.0828,0.20901148,0.333,0.98656875,0.5825,1.3931769,0.9224,1.317649,0.8125,1.1507921,0.861,0.8661725,0.7666,0.42513782,0.39,1.0657308,0.2416,1.1133639,0.3794,1.8258916,0.698,0.4810426,0.4988,0.67934424,-0.879,-0.97028,0.22,1.3878636,0.4534,0.39069253,0.4504,0.94199455,0.907
2,XZY,patch_x14448_y5264,external_test,external_test,D:\AIPatho\Patch\visiumhd_patch\2\XZY\patch_images\patch_x14448_y5264.png,-1.1254585,-0.8257,1.1915866,0.49,-0.14732108,0.3892,0.85111725,1.226,0.4741718,0.4553,-1.3163873,-0.2656,-0.7259881,-0.1868,-1.2165602,-0.72,1.9034513,1.248,0.49204457,0.6357,1.0340253,0.7427,1.8628279,0.495,-0.05119862,0.487,-0.15598904,-0.3008,-1.0330473,0.5986,0.42176205,0.2908,1.457512,0.8467,0.1582302,0.515,0.44053575,0.2817,1.0143782,0.604,0.2391253,0.03165,0.2326132,-0.08575,0.009484589,-0.1842,0.94517547,0.899,0.35004508,0.387,0.24446249,-1.161,-0.57312125,-0.1696,1.1955874,0.3271,0.20154609,0.6367,0.49561927,0.3906
2,XZY,patch_x14448_y5488,external_test,external_test,D:\AIPatho\Patch\visiumhd_patch\2\XZY\patch_images\patch_x14448_y5488.png,-1.6590683,-1.224,1.5149919,0.2969,-0.3661388,0.00658,0.71011674,0.7686,0.46602264,0.2273,-1.707674,-0.746,-0.16850801,-0.2864,-0.98213285,-0.9966,1.582939,0.9077,0.17503849,0.0695,1.5306985,0.599,1.2213377,0.862,1.3873199,0.753,-0.56310344,-0.686,0.26574412,-0.2474,0.77978814,0.5776,1.6637886,0.8413,1.238587,0.0601,0.5321198,-0.0703,1.2512603,0.683,1.9689047,0.626,2.3434527,0.63,1.7416527,0.626,1.7588617,0.767,1.3727001,0.6113,0.2869076,-0.667,-1.162791,-0.6084,0.12684329,0.59,1.1110413,0.419,0.21284582,0.1377
2,XZY,patch_x14448_y5712,external_test,external_test,D:\AIPatho\Patch\visiumhd_patch\2\XZY\patch_images\patch_x14448_y5712.png,-0.26337755,-1.329,1.247097,0.6475,0.7969481,0.6455,0.9908567,0.6055,0.48232093,0.4834,-0.9123802,-0.88,0.64088935,-0.2123,-0.8878281,-1.1455,1.2657996,0.8003,-0.043534413,-0.03882,1.298519,0.6284,2.3579054,1.1045,1.5607533,1.305,0.701392,0.1009,0.51566476,-0.1685,1.2675374,0.8296,1.2952766,0.8057,1.7976462,0.702,1.5324342,0.826,1.5561553,0.935,1.7886702,0.84,2.4304173,0.9277,1.9298534,1.025,1.693754,1.084,0.9258052,0.88,0.57823926,-0.742,-0.4732374,-0.1827,1.0170058,0.655,0.5317012,0.3484,1.2807362,0.98
2,XZY,patch_x14448_y5936,external_test,external_test,D:\AIPatho\Patch\visiumhd_patch\2\XZY\patch_images\patch_x14448_y5936.png,-0.525423,-0.926,1.1336907,0.9595,0.81805784,1.303,0.29116124,0.1864,0.492281,0.6973,0.9915518,-0.1587,1.1654156,0.6177,-1.7986021,-0.7627,1.2172867,0.7534,0.7858864,0.4248,1.5248549,0.874,1.513372,1.1045,1.477978,1.1,2.1707215,1.725,0.5667414,-0.0827,1.3674784,0.9717,2.339792,1.094,1.1738732,1.286,1.7707263,1.478,1.626388,1.14,1.2716165,1.111,1.38829,1.172,1.0943428,1.116,1.8695847,1.259,1.1043057,0.9087,0.9633647,0.2449,-0.3136677,0.877,1.4434721,0.862,1.1110005,0.763,1.6847023,1.601
2,XZY,patch_x14448_y6160,external_test,external_test,D:\AIPatho\Patch\visiumhd_patch\2\XZY\patch_images\patch_x14448_y6160.png,-1.9037844,-1.284,1.3261216,1.132,0.73190105,1.161,0.21658291,0.485,0.48367912,0.5625,-0.07593146,-0.6885,0.68848014,0.154,-1.2503756,-0.8857,1.5806059,0.9624,-0.34230736,-0.014015,0.8709341,0.755,1.3345896,1.225,2.0714545,0.906,1.5019046,0.627,-0.21550073,-0.6074,1.1921703,1.389,1.5858297,1.206,1.2029848,0.9614,1.3286363,1.202,1.3819637,1.264,1.5882195,0.9395,2.4753447,1.395,2.3786695,1.261,1.4960108,1.161,0.77029914,1.161,0.89811903,-0.1555,-1.1256492,0.4663,0.67726314,0.8633,1.0003617,0.551,1.3327768,1.295
2,XZY,patch_x14448_y6384,external_test,external_test,D:\AIPatho\Patch\visiumhd_patch\2\XZY\patch_images\patch_x14448_y6384.png,-1.0254905,-0.9893,0.87359273,0.961,0.52948093,1.16,0.43616524,0.1852,0.49001732,0.606,0.42592075,-0.2336,0.6093515,0.3755,1.0800397,-0.5835,1.5677974,0.5645,-0.01970031,-0.006878,1.3750707,0.5825,1.6256398,0.757,1.827736,0.657,2.4188843,0.891,-0.2935104,-0.269,1.2119718,0.919,1.697633,0.91,0.9237457,0.9775,0.9533819,1.103,1.4019887,0.887,1.8332824,0.8813,2.5703926,1.17,2.6650975,1.003,1.3214465,0.658,0.903005,0.834,0.82965803,-0.07745,-0.7866669,0.251,0.63589805,0.6807,1.3216493,0.3289,0.9640289,1.285
2,XZY,patch_x14448_y6608,external_test,external_test,D:\AIPatho\Patch\visiumhd_patch\2\XZY\patch_images\patch_x14448_y6608.png,-0.8962787,-1.209,1.5797865,1.27,0.5923339,1.278,0.75338316,0.639,0.49137554,0.4158,0.028656,-0.2769,0.6517333,0.252,-0.46248314,-0.643,1.4319136,1.114,0.5461718,0.6724,1.4479835,0.9385,2.035266,1.383,1.7887768,0.687,1.8356174,0.777,0.09394929,-0.1903,1.1154448,1.247,1.9471622,1.332,1.2275374,1.212,1.552374,1.24,1.2833511,1.307,1.4600202,0.954,1.5770954,1.058,1.1995393,0.9165,0.98664135,1.042,0.5801091,1.144,1.5164711,-0.4368,0.28690293,0.299,-0.030595666,0.889,0.7226922,0.902,1.3508425,1.295
2,XZY,patch_x14448_y6832,external_test,external_test,D:\AIPatho\Patch\visiumhd_patch\2\XZY\patch_images\patch_x14448_y6832.png,-1.7568071,-1.026,1.0240744,0.967,1.0996006,0.868,0.6949813,0.3713,0.4895646,0.476,0.27666602,-0.385,-0.2566983,-0.00745,1.7821509,-0.8276,1.0226809,0.585,-0.112830915,-0.3665,1.0805322,0.561,2.289126,0.843,1.8539141,0.3591,1.3978649,0.3796,-0.18148531,-0.2449,0.83773834,0.907,1.2551788,0.507,1.649023,0.9434,1.6020433,0.9995,1.018615,0.956,0.7492684,0.595,1.7555223,0.442,1.2567731,0.2607,0.99095505,0.4968,0.78472227,0.679,1.2733201,-0.2793,2.3576224,0.901,1.2331457,0.3853,0.5952549,-0.003206,1.3737111,1.01
2,XZY,patch_x14448_y7056,external_test,external_test,D:\AIPatho\Patch\visiumhd_patch\2\XZY\patch_images\patch_x14448_y7056.png,-1.6128875,-1.081,0.5308333,0.7314,0.32020837,0.8647,0.54611236,0.535,0.48911187,0.525,-0.10772894,-0.655,0.81090534,-0.013794,-1.6010243,-1.049,1.6029316,0.8076,0.5251673,-0.0372,0.8315284,0.4993,0.87304324,0.695,0.15548022,0.3015,1.5128807,0.644,0.026720006,-0.1197,1.2661177,1.206,2.5946498,0.817,0.5836022,0.685,0.5426846,0.923,1.3468314,1.11,0.7055006,0.485,0.7779585,0.5386,0.662091,0.5,1.5149662,0.829,1.3029648,0.775,0.883811,0.04416,-0.51348305,0.1392,0.27900347,0.3582,0.97516704,0.2988,0.65163344,1.007
2,XZY,patch_x14448_y7280,external_test,external_test,D:\AIPatho\Patch\visiumhd_patch\2\XZY\patch_images\patch_x14448_y7280.png,-1.5066084,-0.807,1.418326,0.7163,-0.5724812,0.07904,0.80287045,0.896,0.4895646,0.4507,-0.48113775,-0.7505,-0.0870225,-0.5146,-0.9510949,-1.131,1.2334208,1.136,-0.32416683,-0.288,1.2005048,0.627,1.7096128,0.53,0.3988263,-0.1431,1.8976526,-0.02263,-0.65935475,-0.351,1.1906618,0.967,2.4579232,0.4993,0.09596841,-0.007435,-0.13986927,0.1271,0.8492544,0.6836,0.44566587,-0.2644,0.98504883,-0.2185,0.47258788,-0.3389,1.0241433,0.696,1.1101501,0.35,1.2120545,-0.804,-0.97387624,-0.1433,0.59381926,0.0796,0.87826395,0.1378,-0.2654326,-0.01529
2,XZY,patch_x14448_y7504,external_test,external_test,D:\AIPatho\Patch\visiumhd_patch\2\XZY\patch_images\patch_x14448_y7504.png,-1.6453617,-1.108,1.4059472,0.634,-0.48620582,0.866,0.6849614,0.0994,0.48730096,0.488,-0.086369626,-0.427,0.5422243,-0.0236,-0.781664,-0.7524,1.2247862,0.3552,0.1267674,-0.2507,1.1801816,0.4414,0.71816504,0.739,2.173819,0.739,1.7509041,0.361,0.64186823,-0.3499,1.2318157,0.7686,2.4429104,0.682,-0.2126331,0.661,-0.15677692,0.726,0.98489356,0.8535,1.9420125,0.888,1.7744589,0.6978,2.0133445,0.6865,1.6621498,0.5586,0.6966382,0.6045,0.7529198,-0.2854,-1.0680064,0.2211,0.9105617,0.54,1.4902525,0.1431,-0.22525226,0.8687
2,XZY,patch_x14448_y7728,external_test,external_test,D:\AIPatho\Patch\visiumhd_patch\2\XZY\patch_images\patch_x14448_y7728.png,-1.7299211,-0.907,1.9384686,1.163,0.120421335,1.117,0.18804345,0.3926,0.49047005,0.4714,3.5303774,-0.158,0.7381167,0.093,0.52483517,-0.214,1.3698162,0.553,1.853146,0.003521,1.5493705,0.5034,1.815461,0.703,1.5074768,0.2174,2.8375835,0.947,0.5014865,0.05176,1.1387987,0.8384,2.2210069,0.897,0.6756503,0.9653,0.44157413,1.179,1.4313132,0.74,1.6366183,0.586,0.91159785,0.6484,0.24854687,0.582,1.0321946,0.5806,1.1017021,0.519,1.1652257,-0.2576,-0.31195313,0.6147,1.1605408,0.4119,1.7448494,0.1394,0.15153743,1.168
2,XZY,patch_x14448_y7952,external_test,external_test,D:\AIPatho\Patch\visiumhd_patch\2\XZY\patch_images\patch_x14448_y7952.png,-0.80881494,-1.126,-0.0042375578,1.057,0.55429333,0.4805,1.3819785,1.006,0.48911187,0.4377,-0.19910212,-0.6665,0.3334401,0.05618,-0.18467355,-1.114,1.8129431,1.135,1.3055862,0.4468,1.7435969,0.8955,1.1933091,0.9346,1.7679375,0.1862,1.5111161,0.2009,-0.12583137,0.196,1.2681369,0.843,2.1019032,0.7036,0.019855088,0.7104,-0.0035334632,0.5977,1.2632546,0.8164,1.5185189,0.2015,1.81537,0.1731,1.5414972,0.01787,1.5178157,0.788,1.4792702,0.68,0.82051665,-0.5537,-0.69407046,-0.02617,0.75513357,0.4949,1.358709,0.7793,-0.02973532,0.5586
2,XZY,patch_x14448_y8176,external_test,external_test,D:\AIPatho\Patch\visiumhd_patch\2\XZY\patch_images\patch_x14448_y8176.png,0.8887786,-1.6,1.6719589,0.929,1.0547872,0.918,0.58579344,0.1266,0.49001732,0.64,0.7360429,-0.4937,1.0733187,0.1087,-1.7654841,-1.2295,1.4855609,0.4197,0.4222671,-0.625,1.4198722,0.4895,1.8700123,0.9995,0.9981109,0.9995,1.6303005,0.4915,0.34917384,-0.3564,1.241864,1.112,1.9071323,0.688,1.1814524,0.92,1.4058433,1.14,1.3787311,0.9614,1.6286683,1.037,1.7633504,1.088,2.0946996,0.9424,1.4307948,0.9927,0.9830332,0.8853,1.3862507,-0.1726,0.6101432,0.2471,-0.40287805,0.987,1.1415398,0.0998,1.4139906,1.212
2,XZY,patch_x14448_y8400,external_test,external_test,D:\AIPatho\Patch\visiumhd_patch\2\XZY\patch_images\patch_x14448_y8400.png,-1.8132153,-0.9814,0.5244602,0.9277,0.7587927,0.6978,0.87066835,0.732,0.49182826,0.286,2.0606663,-0.686,0.15790872,-0.0917,0.25687477,-1.174,1.7080271,0.7075,1.2982672,-0.3003,1.3803984,0.6973,1.2090065,0.8013,2.2868311,0.537,1.7467542,0.059,0.17276493,-0.1653,1.2512487,0.7817,1.7459202,0.6724,0.8938344,0.6313,1.2773539,0.7,1.2229308,0.857,2.1035855,0.555,2.3373766,0.8237,1.9453337,0.833,1.8702717,0.848,0.95922333,0.4626,0.8690646,-0.5615,0.06877153,0.10724,1.7114908,0.583,1.6551692,0.2676,1.3585647,0.7783
2,XZY,patch_x14448_y8624,external_test,external_test,D:\AIPatho\Patch\visiumhd_patch\2\XZY\patch_images\patch_x14448_y8624.png,-1.4832016,-1.146,-0.07612198,0.764,0.81157315,0.617,0.6795738,0.659,0.49047005,0.1897,1.0412954,-1.135,0.4044601,-0.1912,-1.4961941,-1.496,1.0295867,0.5645,0.6836286,-0.3906,1.7177106,0.745,1.7382901,0.9736,0.60953647,0.989,1.8141298,-0.444,0.49709463,0.10333,0.8624445,0.5723,1.8402745,0.617,0.9144499,0.7485,0.8694276,0.6704,1.3014307,0.764,1.8267182,0.7163,1.7429696,0.9414,1.2714418,0.985,1.5220712,0.7153,0.41984582,0.7515,1.20604,-0.753,0.3405278,-0.324,1.0016537,0.4048,1.6524748,0.094,1.0982552,0.825
2,XZY,patch_x14448_y8848,external_test,external_test,D:\AIPatho\Patch\visiumhd_patch\2\XZY\patch_images\patch_x14448_y8848.png,-1.8017228,-1.125,0.3730764,0.611,0.41083866,0.495,0.6768313,0.8433,0.48820642,0.528,0.09420716,-0.4258,-0.23852329,0.06903,-0.9567174,-0.5986,1.2263899,0.721,-0.007275671,-0.216,1.5967503,0.792,1.0258,0.893,2.4885008,1.077,1.663699,-0.3318,-0.2623869,0.08875,0.99396294,0.6,1.1389557,0.5566,0.5493475,0.5776,0.2995558,0.424,1.3653578,0.9126,1.7987932,0.747,1.7056016,0.8613,1.6330886,0.8047,1.8033539,0.9014,1.5061784,0.7163,1.0741374,-0.6206,-0.41344488,-0.4712,0.68461573,0.789,0.91126704,0.3254,0.29195786,0.6157
2,XZY,patch_x14448_y9296,external_test,external_test,D:\AIPatho\Patch\visiumhd_patch\2\XZY\patch_images\patch_x14448_y9296.png,0.6648389,0.3638,-0.968844,-0.4338,-0.889934,-0.28,-1.2469163,-0.6274,-2.1634338,-1.05,-0.0024992002,-0.2418,0.112361304,-0.671,0.19238807,-0.04016,-1.4590241,-0.9087,-0.4599198,-0.327,-1.0824119,-0.9795,-1.0896403,-0.915,-0.5147708,-0.1641,-0.3649574,-0.5605,-0.04617479,0.3958,-1.4044273,-0.9126,0.14620954,-0.4912,0.24288611,-0.3354,-0.12622297,-0.388,-1.5311277,-1.031,-0.7848339,-0.3767,-0.62527996,-0.2766,-0.5962589,-0.1367,-1.3667951,-0.6904,-1.2258766,-0.805,-0.5265875,-0.945,-0.55798393,-0.4846,-0.28651863,-0.603,-0.7520505,-0.7065,-0.5882409,-0.5376
2,XZY,patch_x14448_y9968,external_test,external_test,D:\AIPatho\Patch\visiumhd_patch\2\XZY\patch_images\patch_x14448_y9968.png,0.66230845,0.5205,0.54596466,-0.3914,-0.8914084,-0.03333,-1.2500213,-0.511,-2.1679611,-1.217,-0.00019104822,-0.2888,-0.88015926,-0.7227,0.19038883,-0.1626,-0.53717524,-0.6514,-0.14970718,-0.2627,-1.2021444,-0.9443,-0.42268687,-0.7695,-0.52100027,-0.526,-0.70147604,-0.2688,-0.050146107,0.3547,-1.1160797,-0.8105,-1.293574,-0.5723,-0.42709997,0.007225,-0.20377553,-0.03253,-1.4314976,-0.894,-0.23161064,-0.5684,-0.6265751,-0.1676,-0.050898377,-0.1292,-1.3703271,-0.752,-0.36752838,-0.7603,-0.82891935,-1.014,-0.56133825,0.1492,-1.0308583,-0.6875,-0.5017569,-0.6475,-0.42462632,-0.1764
2,XZY,patch_x14672_y10192,external_test,external_test,D:\AIPatho\Patch\visiumhd_patch\2\XZY\patch_images\patch_x14672_y10192.png,0.631943,0.353,-1.0084152,-0.438,-0.08965641,-0.3315,0.17481107,0.2272,-2.1955776,-0.5796,-0.0244816,-0.2664,-0.894057,-0.832,0.16883172,-0.3958,-0.86710864,-0.1655,-0.45046958,-0.2311,-0.9232476,-0.7466,-0.35314333,-0.698,-0.5546602,-0.3105,-0.7230039,-0.848,0.6081631,0.261,-1.1397883,-0.677,-0.47930655,-0.1583,-0.40898952,-0.3127,-0.045371983,-0.417,-1.0803493,-0.632,-0.3713346,-0.3594,0.52080256,-0.33,0.05697787,-0.2068,-1.2189376,-0.501,-1.0527748,-0.6733,-0.79206717,-1.093,-0.59213674,-0.0313,-1.0632538,-0.557,-1.2912513,-0.5415,-0.468259,-0.4587
2,XZY,patch_x14672_y10416,external_test,external_test,D:\AIPatho\Patch\visiumhd_patch\2\XZY\patch_images\patch_x14672_y10416.png,0.6953098,-0.4758,-0.92937124,0.49,0.8226154,0.6284,0.23255573,-0.116,-2.1340063,-0.04904,0.022560736,-0.2683,-0.8683864,-0.4238,0.2150752,-0.675,-0.16244808,0.07404,-0.2071931,-0.002375,-1.3693556,-0.327,-0.59194654,0.02664,-0.4796975,-0.248,-0.35286874,0.1554,0.7284707,0.5684,-1.0970984,-0.07574,-0.3657781,0.1483,-0.50854987,0.7163,-0.3698387,0.7695,-0.587675,-0.2424,-0.7575252,-0.2256,-0.0015020717,-0.18,0.12977387,-0.09985,-0.3298059,0.2366,-1.1958414,-0.2194,-0.72435814,-0.7085,-0.5264885,0.4805,-0.99443614,-0.1173,-0.7444623,-0.1259,-0.33461547,0.5327
2,XZY,patch_x14672_y10640,external_test,external_test,D:\AIPatho\Patch\visiumhd_patch\2\XZY\patch_images\patch_x14672_y10640.png,0.70638055,0.1221,-0.26441652,0.4639,0.4063098,0.6665,-1.2203249,0.176,-2.1199718,0.0198,0.03212308,-0.1271,-0.8637921,-0.1516,0.22472374,-0.3154,-0.7677247,0.02946,-0.43480185,0.7,-1.7132146,0.2179,-1.0579177,0.05698,-0.4625796,-0.1012,-0.6724016,0.1781,0.020778285,0.8823,-1.3749657,-0.1775,-1.2130327,0.5693,0.09379826,0.891,-0.16524124,0.8315,-1.0354956,-0.01206,-0.7472803,-0.1779,-0.5929009,0.10034,-0.5579105,0.1808,-1.0520889,0.0927,-1.1853361,-0.3267,-0.7893842,-0.5215,-0.515685,0.8315,-0.12881485,-0.264,-1.2472895,0.2961,-0.31501406,0.6606
2,XZY,patch_x14672_y10864,external_test,external_test,D:\AIPatho\Patch\visiumhd_patch\2\XZY\patch_images\patch_x14672_y10864.png,0.6918304,-0.2009,-0.9274025,0.4856,0.3962671,0.7974,-1.2269329,0.361,-2.1317427,0.11664,0.019922849,-0.0578,-0.86982214,-0.485,0.21637905,-0.3975,-0.8211175,0.2388,-0.7040434,0.867,-1.7235345,0.3838,-1.2783616,0.03336,-0.4762425,0.10175,-0.3522513,-0.02629,0.71799517,0.92,-1.3838744,-0.01512,-1.2313005,0.395,0.11662222,1.066,-0.14705633,0.893,-1.2946583,-0.073,-0.059313834,-0.11395,-0.6007715,-0.0941,-0.56852406,0.04672,-1.1659291,0.336,-0.6359463,-0.1646,-1.0927585,-0.7495,-0.52923286,0.875,-0.99452764,0.08105,-1.2550303,0.3816,-0.44651872,0.809
2,XZY,patch_x14672_y11088,external_test,external_test,D:\AIPatho\Patch\visiumhd_patch\2\XZY\patch_images\patch_x14672_y11088.png,0.71049255,0.533,-0.9061404,-0.485,-0.8486525,-0.1181,0.24901082,-0.0809,-2.1136334,-0.4382,0.035750177,-0.1721,0.1147555,-0.622,0.22872223,-0.06824,-0.47704113,-0.49,-0.81760186,0.02481,-1.7096173,-0.7397,-1.0534331,-0.664,-0.45509383,-0.2542,-0.6685609,-0.6,0.74283653,0.701,-1.3719153,-1.025,-0.6438658,-0.5684,-0.34312865,0.00698,-0.22001836,-0.1824,-0.95212543,-0.8975,-0.6261523,-0.584,-0.58894897,-0.5933,-0.55326223,-0.461,-1.3233693,-0.7207,-1.1810322,-0.858,-0.48702455,-0.8184,0.13144757,-0.0936,-0.79181635,-0.656,-1.2443827,-0.5366,-0.4092198,-0.3176
2,XZY,patch_x14672_y3920,external_test,external_test,D:\AIPatho\Patch\visiumhd_patch\2\XZY\patch_images\patch_x14672_y3920.png,-1.3985368,-0.854,0.20727663,1.046,0.5909749,0.858,1.0333862,0.8555,0.4655699,0.4902,-0.36771035,0.5093,-0.3777368,0.436,-1.4303058,-0.2864,1.6342213,0.7656,0.15401495,0.443,1.1879307,0.9287,0.99273664,0.6367,1.5710539,0.943,-0.20710719,0.7085,1.2253242,0.2062,1.385152,0.8506,1.1709086,0.6055,1.2607195,1.038,0.58051586,1.107,1.1220676,0.9824,1.2538285,0.751,1.6579427,1.044,1.7803291,0.8896,1.5727909,0.8384,0.5600134,0.765,0.08021838,-0.1117,-0.9891578,0.06033,0.7591423,0.8013,0.15507635,0.6973,0.91937554,1.063
2,XZY,patch_x14672_y4144,external_test,external_test,D:\AIPatho\Patch\visiumhd_patch\2\XZY\patch_images\patch_x14672_y4144.png,-1.9251878,-1.356,1.6224813,0.8765,-0.024735129,0.619,1.2048585,0.466,0.48277366,0.4348,-1.1973001,-0.9785,0.03313319,-0.04117,-1.0906168,-1.267,1.7121631,0.757,0.6576998,-0.183,1.6838088,0.8696,1.5019202,1.179,2.1112611,1.3545,1.0555009,0.07825,0.08083823,-0.1963,1.4798963,1.015,1.6830199,1.079,1.0271912,0.783,0.64965826,0.7666,1.3155696,1.039,1.2235616,1.086,2.4065773,1.137,2.3643596,1.124,1.8731819,0.9326,1.0901916,0.981,-0.018063618,-0.371,-0.6043721,0.0545,1.7512865,1.007,1.4942483,0.486,0.5531817,0.8574
2,XZY,patch_x14672_y4368,external_test,external_test,D:\AIPatho\Patch\visiumhd_patch\2\XZY\patch_images\patch_x14672_y4368.png,-1.8065728,-1.095,1.8465725,0.7476,0.6993401,0.3335,1.7386538,0.811,0.48232093,0.391,-0.98105335,-0.9443,0.120972276,-0.3242,-1.7570525,-1.072,2.0554473,0.856,1.07651,-0.3733,1.8805244,0.76,2.034719,0.8027,1.2384878,1.045,0.6987295,-0.3127,0.7284802,-0.627,1.2469474,0.9194,1.6474788,0.7524,1.4612772,0.5713,1.4076848,0.685,1.3367273,0.9565,1.7256712,0.7534,2.1151025,0.9697,2.0425315,0.892,1.4192919,0.7935,0.61294925,0.7773,-0.029156836,-0.613,-0.65266293,0.896,1.6369313,0.6177,1.2963285,0.135,1.1088033,0.7773
2,XZY,patch_x14672_y4592,external_test,external_test,D:\AIPatho\Patch\visiumhd_patch\2\XZY\patch_images\patch_x14672_y4592.png,-1.0190836,-1.586,1.1884847,0.9673,1.0416101,0.09503,1.688997,0.971,0.4832264,0.1637,-1.107656,-0.9644,0.57316124,-0.1682,-1.8524079,-1.141,2.2226639,1.139,0.40948948,0.1996,1.6491262,0.9766,0.8477112,1.143,1.4638766,1.019,0.37833285,-0.1263,0.062315244,-0.4004,1.0786719,1.128,1.2083242,1.213,1.636022,0.1539,1.3235227,0.09735,1.3283892,0.943,1.519688,0.6895,1.6731967,0.9736,1.3237042,0.929,1.609984,1.172,1.2743042,1.079,0.488668,-0.7686,-0.011758847,-0.691,0.41288516,0.9863,1.0144147,0.772,0.888498,0.2559
2,XZY,patch_x14672_y4816,external_test,external_test,D:\AIPatho\Patch\visiumhd_patch\2\XZY\patch_images\patch_x14672_y4816.png,-1.8870201,-1.549,0.37601453,1.055,0.47060734,-0.0553,1.9027258,1.424,0.47507724,0.3125,-0.88169754,-1.439,0.0668931,-0.8936,-1.0221168,-1.407,2.1018157,1.757,0.50110656,0.3474,1.9263445,0.895,1.3658272,1.218,1.4012464,0.4766,-0.17221032,-0.5186,0.19810285,-0.1205,1.0096747,0.982,0.91903114,0.975,0.9211441,0.08136,0.8762723,-0.07294,1.0792289,0.784,0.64318305,0.1814,1.563105,0.2043,1.5551502,0.1296,1.9005505,0.9917,1.4879088,0.9805,0.6832284,-1.299,-0.898109,-0.7153,1.5344982,0.7354,1.0927818,0.905,0.7168218,-0.00334
2,XZY,patch_x14672_y5040,external_test,external_test,D:\AIPatho\Patch\visiumhd_patch\2\XZY\patch_images\patch_x14672_y5040.png,-1.843159,-1.51,1.4844542,0.735,-0.46436572,-0.0456,1.6598477,1.12,0.48051,0.298,-1.1228011,-1.155,-0.79068625,-0.691,0.34922582,-1.266,2.178761,1.38,-0.28430268,0.1051,1.5483695,0.884,1.5684899,1.263,1.4172506,0.667,-0.18047152,-0.6475,-0.027280405,-0.4036,1.1947554,0.9966,1.0592635,0.811,0.061107498,0.09564,-0.14312229,0.04517,1.0061448,0.902,0.34568062,0.543,0.9711556,0.6016,0.85216093,0.5444,1.5279313,1.019,0.9968946,0.994,0.61001575,-0.999,-0.9896428,-0.5767,1.1743724,0.743,0.5697204,0.669,-0.24461617,0.1143
2,XZY,patch_x14672_y5264,external_test,external_test,D:\AIPatho\Patch\visiumhd_patch\2\XZY\patch_images\patch_x14672_y5264.png,-1.8319827,-1.425,1.3291087,0.598,0.014284905,-0.08685,0.22621378,1.031,0.48005727,0.3967,0.5122474,-1.13,-0.13963777,-0.565,-0.33652994,-1.432,1.9087555,1.48,0.055578515,0.1926,0.9852353,0.7993,0.97980165,0.997,1.433066,0.531,0.39330155,-0.415,-0.8259572,-0.3105,1.363289,0.923,1.8008635,0.726,-0.069314264,-0.1544,-0.16707267,-0.1537,1.1488382,0.803,1.4907129,0.3123,1.4023652,0.3484,1.5189053,0.2659,1.8784686,0.8955,1.4191093,0.912,0.7187686,-0.6494,-1.3737195,-0.5054,0.17763005,0.6943,0.68301386,0.738,-0.12770122,0.005444
2,XZY,patch_x14672_y5488,external_test,external_test,D:\AIPatho\Patch\visiumhd_patch\2\XZY\patch_images\patch_x14672_y5488.png,-0.5662479,-0.681,1.0573621,1.052,1.0084307,1.336,0.37204444,0.3972,0.47326633,0.539,-1.6223823,0.0898,0.25344434,0.2627,-0.677528,-0.447,1.4703394,0.4836,0.41091624,0.7676,1.238458,0.9146,1.8222944,0.959,1.92436,0.9414,-1.1112089,1.07,-0.41006833,0.288,1.4697496,0.753,1.8324636,1.06,1.4826932,1.582,1.2831572,1.618,1.365545,0.9844,1.5618913,0.5215,2.4181366,0.52,2.1774344,0.531,1.2943614,0.8306,1.3292545,0.4727,0.6442469,-0.1862,1.9131911,2.154,1.117184,0.35,1.4954705,0.9014,1.3399577,1.562
2,XZY,patch_x14672_y5712,external_test,external_test,D:\AIPatho\Patch\visiumhd_patch\2\XZY\patch_images\patch_x14672_y5712.png,-1.7344548,-1.459,1.7858135,0.7974,0.6731979,1.074,0.39941707,0.2141,0.48277366,0.4998,-1.7629597,-0.8555,-0.076833956,0.01842,0.54696304,-1.307,1.4009945,0.7456,0.054006577,-0.155,0.9298258,0.6655,1.3564397,1.1,1.5501441,1.232,0.4609427,0.4312,-0.990545,-0.543,1.2403785,1.282,1.9751998,1.276,0.8766284,0.9556,1.1023173,1.118,1.3483977,1.193,1.7324282,1.243,2.2152586,1.172,2.1635885,1.099,1.3893956,1.132,1.5166236,1.008,0.720254,-0.4558,-0.92618227,0.3152,1.087834,0.8574,0.6918638,0.399,0.8052799,1.283
2,XZY,patch_x14672_y5936,external_test,external_test,D:\AIPatho\Patch\visiumhd_patch\2\XZY\patch_images\patch_x14672_y5936.png,-1.4221557,-1.323,1.1140951,0.4858,-0.50194687,-0.1101,0.22551756,0.713,0.48277366,0.531,1.1008896,-0.2308,0.20317504,0.3767,-1.838761,-0.652,1.3307415,1.081,-0.34364608,0.374,1.1987876,0.8784,1.9355295,0.8013,2.0328805,0.3374,0.7808139,0.1929,-0.47607714,-0.3936,1.1114795,1.169,1.440329,0.9043,0.07741149,-0.0435,-0.16702673,-0.1693,1.4647511,1.127,2.009611,0.7163,2.7099566,0.661,2.5301003,0.458,1.6093507,0.6855,1.0335764,0.92,0.5422784,-0.2067,-0.6325792,-0.4875,1.7341411,0.807,1.3875515,0.68,-0.30907533,-0.01496
2,XZY,patch_x14672_y6160,external_test,external_test,D:\AIPatho\Patch\visiumhd_patch\2\XZY\patch_images\patch_x14672_y6160.png,-0.93215483,-1.268,0.5823658,0.561,0.03987223,-0.0829,0.90076816,0.735,0.48141545,0.5176,-0.9962761,-0.6714,0.063210934,-0.2566,-1.7627026,-1.17,1.6993233,1.164,-0.38229877,-0.1414,0.8883318,0.625,1.9129567,0.7954,1.0237217,0.5005,2.0042279,-0.0725,0.23953919,-0.768,1.5043867,1.205,2.056942,0.7383,0.09508253,-0.2915,-0.5465168,-0.263,1.0820055,0.9937,0.6345871,0.608,0.89788896,0.5254,0.5909078,0.499,0.6019942,0.6772,1.2425891,0.9614,0.5430371,-0.5723,-0.6861981,-0.638,0.82454085,0.4998,1.1651632,0.548,-0.272167,-0.1595
2,XZY,patch_x14672_y6384,external_test,external_test,D:\AIPatho\Patch\visiumhd_patch\2\XZY\patch_images\patch_x14672_y6384.png,-1.7950803,-1.043,0.14265333,0.8047,-0.42642975,0.1445,0.6982459,0.64,0.48684824,0.4626,0.77881837,-0.3262,0.71999377,-0.1199,-1.7457525,-0.6367,1.7015221,1.01,-0.39972797,-0.3218,1.378343,0.6323,1.5979862,0.568,1.767378,0.282,1.7815003,0.2097,-0.00490168,-0.5576,1.3622876,1.144,2.1765866,0.602,0.15210687,-0.07153,-0.37350795,0.10724,1.255516,0.909,1.3259773,0.3933,0.992691,0.4375,0.59349793,0.331,0.74155694,0.533,1.655395,0.847,1.2837036,-0.1859,-0.885347,-0.3174,1.0237923,0.486,0.8384289,0.2712,-0.5045904,0.1338
2,XZY,patch_x14672_y6608,external_test,external_test,D:\AIPatho\Patch\visiumhd_patch\2\XZY\patch_images\patch_x14672_y6608.png,-1.7507973,-1.536,0.023559585,1.095,-0.64337397,0.881,0.16135696,0.484,0.48639548,0.5034,-0.15576428,-0.767,0.51244676,-0.0377,-1.1830324,-1.092,1.356069,0.91,-0.65536046,0.311,1.5316929,0.949,0.06912308,1.276,2.310035,0.7427,1.2011652,-0.1278,0.15319464,-0.3318,1.1993802,1.261,1.724271,1.017,0.047508053,0.926,0.6382425,0.834,1.245238,1.203,1.0053657,0.9165,1.4541277,1.051,1.0094426,0.821,1.2639041,1.061,0.91653615,1.141,1.1245339,-0.1803,-0.1510608,0.2228,0.97805446,0.7573,1.291238,0.832,0.6939029,0.9204
2,XZY,patch_x14672_y6832,external_test,external_test,D:\AIPatho\Patch\visiumhd_patch\2\XZY\patch_images\patch_x14672_y6832.png,-1.6315496,-1.618,1.2726433,1.558,0.71146035,2.111,0.23445942,0.1534,0.49363917,0.6807,1.6170231,-0.1991,1.1313984,0.3875,-1.6163229,-0.9707,1.5471228,0.8027,1.623236,1.327,1.4867975,1.445,0.9749614,1.513,1.1751539,1.147,2.0939112,1.853,0.5190017,0.5884,1.1453017,1.601,2.587848,1.708,1.440206,2.316,1.6530234,2.406,1.1530042,1.606,1.8295677,1.383,1.5549228,1.286,1.6605023,1.201,0.6730796,1.681,1.1201798,1.232,1.1503315,-0.1439,1.7321326,1.883,0.8076896,1.1045,1.2847834,1.471,1.3138015,2.354
2,XZY,patch_x14672_y7056,external_test,external_test,D:\AIPatho\Patch\visiumhd_patch\2\XZY\patch_images\patch_x14672_y7056.png,-1.6747782,-1.372,0.7519325,1.183,-0.15333232,0.1897,1.2231412,0.884,0.48865914,0.4553,0.14133511,-0.7563,0.4840094,-0.2632,-0.14120854,-0.795,1.2327802,1.265,0.16900527,-0.262,1.5920925,0.7646,1.2175122,1.089,2.4671462,0.3896,1.778811,0.2727,0.4215987,-0.867,1.4460797,1.354,1.5527745,0.871,-0.12656772,-0.004,-0.14033628,0.1455,0.9307096,1.149,0.7249404,0.4785,-0.62875074,0.6807,-0.73827785,0.5527,1.4607564,0.686,0.6066412,1.047,1.2768874,-0.4316,-0.8712056,-0.2986,0.9019163,0.6523,1.0621015,0.4067,-0.19276106,0.212
2,XZY,patch_x14672_y7280,external_test,external_test,D:\AIPatho\Patch\visiumhd_patch\2\XZY\patch_images\patch_x14672_y7280.png,-1.596545,-1.065,0.27349925,1.132,0.10376714,0.864,0.6889708,0.9575,0.48639548,0.5073,-0.8728782,-0.87,0.012257052,-0.156,2.0549455,-0.9233,1.4326758,1.21,0.9627596,0.3357,1.5559744,0.8594,1.8065404,0.952,1.1153698,0.08386,1.6477697,0.5327,-0.8548536,-0.3157,1.0860626,1.054,2.4159296,0.764,0.5240595,0.816,-0.15663895,0.9775,1.1210699,1.068,0.8022608,0.3801,1.1002694,0.579,0.11007237,0.4568,0.9257248,0.8765,1.0930157,0.709,1.3079531,-0.4282,-0.6525555,0.4463,0.8494054,0.3276,1.3492613,0.3547,-0.31827745,1.011
2,XZY,patch_x14672_y7504,external_test,external_test,D:\AIPatho\Patch\visiumhd_patch\2\XZY\patch_images\patch_x14672_y7504.png,-1.0792141,-1.072,0.9477268,0.82,-0.59378815,0.1411,1.0185256,0.997,0.48865914,0.3809,2.0777555,-0.5327,0.8229675,-0.389,-0.9123856,-1.024,0.7046474,1.294,0.26445627,0.2505,1.1946591,0.712,1.789009,0.5566,2.0035427,-0.1798,2.1785655,0.2043,-0.18817835,-0.439,1.5018137,1.157,2.0926528,0.69,0.002044291,-0.0439,-0.49669912,0.02031,1.2710879,0.9287,1.5371102,0.03464,1.5544828,0.1289,1.7486774,0.007042,1.0676881,0.564,1.6208408,0.794,0.9430454,-0.562,-0.40111226,-0.3167,1.4723933,0.3628,1.3609524,0.6045,-0.57228595,0.0988
2,XZY,patch_x14672_y7728,external_test,external_test,D:\AIPatho\Patch\visiumhd_patch\2\XZY\patch_images\patch_x14672_y7728.png,0.47809768,-0.7075,1.6030468,0.9,0.8038462,0.649,0.6952138,0.3445,0.48730096,0.453,2.8107312,0.2192,1.4592737,0.508,3.3328323,0.3562,1.1040987,0.6274,0.80841464,0.1584,1.9023201,0.746,1.8879927,0.731,1.1970773,0.0775,1.0973458,0.857,0.08737369,-0.10913,1.2329175,0.834,1.4443837,0.7725,1.6328421,0.7456,1.1734864,0.7295,1.1173869,0.779,1.1339531,0.09155,1.7857103,-0.1206,1.5708367,-0.307,1.6657753,0.6724,1.0865704,0.4944,1.3895086,-0.0739,2.6341617,1.085,1.804259,0.695,0.71791416,0.4497,1.1714239,0.7124
2,XZY,patch_x14672_y7952,external_test,external_test,D:\AIPatho\Patch\visiumhd_patch\2\XZY\patch_images\patch_x14672_y7952.png,-0.80196387,-0.787,1.6531407,0.853,0.904893,1.229,1.0735804,0.2101,0.49001732,0.6357,0.016294237,-0.04016,1.6876789,0.594,0.6792761,-0.721,1.1924797,0.557,2.263649,0.2239,1.6884348,0.6772,1.7413418,1.128,1.8341244,0.8047,1.36391,1.069,-0.14142819,0.2517,1.3813927,0.6943,2.1279364,0.7856,1.4134184,1.442,1.5837922,1.503,1.4505496,0.915,1.2716265,0.9688,1.1593814,0.953,1.0878183,0.9395,1.6718417,0.985,0.5914291,0.82,1.7960896,0.1759,0.98120105,0.881,1.0749301,0.6504,1.5717539,0.4756,1.540335,1.56
2,XZY,patch_x14672_y8176,external_test,external_test,D:\AIPatho\Patch\visiumhd_patch\2\XZY\patch_images\patch_x14672_y8176.png,0.072410636,-1.025,1.9828625,1.073,0.9050363,1.323,1.1093714,0.2683,0.492281,0.5386,-1.7374601,-0.0759,1.0499235,0.571,-1.2166183,-0.8228,1.1895217,0.4446,1.8676554,0.276,1.8781803,0.8516,2.1234405,1.193,1.9107682,0.813,2.4117525,1.322,1.7020794,0.07,1.1243793,0.8647,1.8611082,0.8516,1.390118,1.418,1.8676308,1.591,1.1345896,1.123,1.7025152,0.7715,1.2765372,0.845,1.2275517,0.835,1.5398015,0.945,0.9200583,0.8936,1.6442254,0.217,1.9801998,1.551,1.0199715,0.603,2.2689052,0.653,1.7900791,1.547
2,XZY,patch_x14672_y8400,external_test,external_test,D:\AIPatho\Patch\visiumhd_patch\2\XZY\patch_images\patch_x14672_y8400.png,-1.6491573,-1.311,2.04185,0.964,0.8924776,0.6646,0.9400797,0.7197,0.49137554,0.415,1.536554,-0.5444,1.3615739,-0.07544,-0.42628434,-1.161,1.14268,0.5977,1.2192389,-0.1781,1.8990374,0.7803,1.6993215,0.9956,1.1805383,0.3474,1.5989906,0.195,0.06591581,0.24,0.5649618,0.6816,1.6997981,0.4302,1.707465,1.0205,1.8949223,0.97,1.1015192,0.82,1.2977774,0.3628,1.5420145,0.2338,0.73733234,0.2,1.5005614,0.804,1.3664118,0.6865,1.5050055,-0.3318,0.48553428,0.2812,1.326736,0.6157,1.4124761,0.3477,1.70405,0.974
2,XZY,patch_x14672_y8624,external_test,external_test,D:\AIPatho\Patch\visiumhd_patch\2\XZY\patch_images\patch_x14672_y8624.png,-1.7853802,-0.88,0.54093134,1.254,0.6034026,1.171,0.8946248,0.937,0.48684824,0.4504,3.1410344,0.8325,0.3431962,0.5664,0.5080351,-0.1659,1.0007153,0.9443,0.2664852,0.6914,1.5793116,0.9414,2.2406797,1.134,1.1627157,0.4802,1.7644413,0.9272,-0.25286624,0.583,1.0438592,0.8403,1.1830996,0.923,1.3355339,1.278,0.95634127,1.271,1.076129,0.964,1.806155,0.1526,2.1183264,0.09283,1.6435131,0.0656,1.5023718,1.166,0.8457303,0.787,1.0939393,-0.3027,-1.0941981,0.4778,0.687126,0.6533,1.3409187,0.738,1.1255074,1.234
2,XZY,patch_x14672_y8848,external_test,external_test,D:\AIPatho\Patch\visiumhd_patch\2\XZY\patch_images\patch_x14672_y8848.png,-1.8660384,-1.04,1.5383595,0.3997,-0.30943134,0.2598,0.44411907,0.9014,0.4850373,0.4673,-0.8416614,-0.5713,-0.15578274,0.1487,-1.8022529,-0.9155,0.95179003,0.804,-0.27923563,0.2793,1.3485644,0.7085,0.4995342,0.805,1.5310148,0.5,1.7579819,-0.5127,-1.1517432,0.0842,1.0193369,0.4768,1.3125455,0.3062,0.24397708,0.3557,-0.060356725,0.2406,1.3733362,0.708,2.265151,0.534,2.2180772,0.3354,2.0086648,0.3286,1.618851,0.6636,1.197618,0.7734,1.1925154,-0.2277,-1.0021833,-0.2893,1.0305642,0.7007,0.89006764,0.6953,-0.008315513,0.4087
2,XZY,patch_x14672_y9072,external_test,external_test,D:\AIPatho\Patch\visiumhd_patch\2\XZY\patch_images\patch_x14672_y9072.png,0.36782667,0.3345,-1.3686903,-0.1449,0.8815297,0.0377,0.048848744,-0.152,0.47371906,-0.6973,-0.22474127,-0.2798,-1.0034008,-0.6343,-0.040133152,-0.1934,0.043386515,-0.4734,-0.34804755,-0.1322,-1.1620995,-0.594,-0.49448782,-0.3042,0.24968158,0.1177,0.9611868,-0.4407,0.14466374,0.3572,-1.0270225,-0.584,-0.026612319,-0.07196,-0.19539244,0.01732,-0.19428217,-0.03513,-0.12642668,-0.53,-0.16046667,-0.02039,-0.11980251,0.094,-0.09819682,0.1519,0.5975513,-0.5303,0.4612449,-0.568,-0.064159565,-0.917,-0.39267552,-0.10986,-0.073857136,-0.4478,-0.650621,-0.371,0.039736077,-0.08923
2,XZY,patch_x14672_y9296,external_test,external_test,D:\AIPatho\Patch\visiumhd_patch\2\XZY\patch_images\patch_x14672_y9296.png,0.3990356,0.2035,-0.6414355,-0.1794,0.07561583,0.03296,0.9559287,0.1038,0.44700798,-0.4214,-0.19693354,-0.2908,-0.17323078,-0.4087,-0.0162291,-0.3235,0.85644364,-0.1113,0.2558926,0.5186,-0.35168993,-0.2664,0.060263295,-0.285,-0.3327661,-0.05563,-0.3438651,-0.3142,2.0397844,0.617,-1.2166051,-0.4165,1.8543054,-0.0632,0.67520297,0.2137,-0.34215623,0.04242,-0.44856074,-0.3386,-0.47601187,0.03738,-0.2901297,0.1682,-0.21245891,0.1963,-1.127137,-0.3198,-0.8053516,-0.2998,-1.1276321,-0.4795,-0.2299876,-0.07935,-0.7764985,-0.2104,0.23906724,0.0437,-0.70246804,-0.008705
2,XZY,patch_x14896_y10192,external_test,external_test,D:\AIPatho\Patch\visiumhd_patch\2\XZY\patch_images\patch_x14896_y10192.png,-0.90963167,-0.2708,0.9652441,0.462,0.5009017,0.6626,1.0056944,0.708,0.47915182,0.2588,-1.1586635,-0.4097,-0.03481831,-0.1071,-0.08214461,-0.5703,1.0674922,0.429,0.69224316,0.4104,1.51824,0.3755,1.0010628,0.02414,0.68690807,0.06903,-0.38473,-0.4312,1.1458694,0.614,0.62983245,-0.01386,0.61315125,0.6445,0.7076419,0.7476,0.441398,0.5547,1.3380848,0.342,1.4995726,0.2651,1.766438,0.34,1.9309446,0.3608,1.3672844,0.1721,0.8482969,0.0706,0.3407653,-0.657,-0.65526533,0.1832,0.8677791,0.02779,1.4068028,0.1876,0.025601583,0.66
2,XZY,patch_x14896_y10416,external_test,external_test,D:\AIPatho\Patch\visiumhd_patch\2\XZY\patch_images\patch_x14896_y10416.png,0.18247078,0.2542,0.5576283,0.1626,1.568662,0.4878,0.78866893,-0.5347,0.44383886,-0.177,1.925408,-0.5293,-1.0804125,-0.4202,-0.18799058,-0.558,0.5293662,-0.5674,2.455723,-0.3386,0.8213341,-0.6963,0.47626314,-0.5425,-1.1488651,0.0945,0.27838394,0.04678,1.8988788,0.1346,-0.74620396,-0.402,0.65694225,-0.0398,1.5829121,0.416,1.1010616,0.5083,0.113129094,-0.5605,0.13726416,-0.1323,-0.085521705,0.03574,0.84989667,0.06824,0.02036074,-0.2522,-0.09908458,-0.3677,-0.5715898,-1.052,-0.063201584,0.4397,0.5647893,-0.6216,0.8435317,-0.739,1.2681284,0.3965
2,XZY,patch_x14896_y10640,external_test,external_test,D:\AIPatho\Patch\visiumhd_patch\2\XZY\patch_images\patch_x14896_y10640.png,0.4672525,-0.3425,0.11503546,0.5576,-0.18581532,0.827,0.65583247,-0.3284,0.45289347,-0.01921,1.1757145,-0.1095,-0.9619949,-0.2656,0.038272135,-0.4236,0.7880224,-0.1276,1.5248401,0.3032,0.46280375,-0.1296,0.048125193,0.2551,-0.7720624,0.3281,0.4452224,0.2578,1.3513863,0.64,-1.5425124,0.0682,1.593148,0.3281,0.134481,0.847,0.3913119,0.8745,-0.22460678,-0.05634,-0.4569631,0.1312,-0.28702754,0.2351,-0.20790902,0.3594,-1.1128373,0.08057,-0.50348544,-0.1163,-1.3539569,-0.629,-0.769435,0.6006,-0.045878965,0.1189,0.33262444,0.1464,-0.6027615,0.723
2,XZY,patch_x14896_y10864,external_test,external_test,D:\AIPatho\Patch\visiumhd_patch\2\XZY\patch_images\patch_x14896_y10864.png,0.47558188,-0.0817,0.26553452,1.084,1.0657101,1.304,-1.3784407,-0.02423,0.48730096,0.259,-0.14175771,0.1686,-0.9600423,0.2507,0.044530652,0.10455,-0.065656565,-0.05896,0.40479302,0.951,-0.7135826,0.4788,0.04766154,0.3015,-0.44958478,0.04504,0.024152154,0.411,1.0217812,1.04,-1.2909241,-0.09955,-0.12578245,0.6206,1.2815381,1.567,1.1903741,1.443,-0.096680395,0.05634,-0.65768045,0.02586,-0.1660627,0.0931,-0.76994985,0.1895,-1.5442162,0.402,-0.737993,0.04123,-0.53701264,-0.3228,-0.33473262,1.404,-1.2373111,0.1578,-0.56513494,0.5244,0.8239341,1.282
2,XZY,patch_x14896_y11088,external_test,external_test,D:\AIPatho\Patch\visiumhd_patch\2\XZY\patch_images\patch_x14896_y11088.png,0.48602003,0.3289,-0.79630995,-0.152,1.0003916,0.2161,1.1193391,0.02228,0.48096272,-0.2015,-0.13461342,-0.4248,-0.95452917,-0.782,0.053223036,-0.2634,-0.11690205,-0.3433,0.6521399,-0.02658,-1.0347714,-0.607,-0.031775996,-0.518,-0.7473017,-0.141,-0.49577636,-0.6196,2.251906,0.4514,-0.45581394,-0.7305,0.80150974,-0.2126,1.3029213,0.1561,0.65082085,0.1124,-0.9332447,-0.668,-0.94216377,-0.2554,-0.7614049,-0.2009,-0.23527648,-0.1121,-1.3195521,-0.578,-0.16352145,-0.7056,-1.3303648,-0.87,-0.13341595,0.001473,-0.3294964,-0.5586,0.21992889,-0.5264,0.009869339,0.01581
2,XZY,patch_x14896_y11312,external_test,external_test,D:\AIPatho\Patch\visiumhd_patch\2\XZY\patch_images\patch_x14896_y11312.png,0.48939398,-0.1606,-0.52922696,0.0616,0.9901849,0.2695,1.066403,0.347,0.29670158,0.1885,-0.1234024,-0.665,-0.95039433,-0.9146,0.058264617,-0.8374,-0.032328982,-0.02487,1.3131793,-0.04123,0.563853,-0.12384,-1.23568,-0.000481,-0.7375126,0.46,-0.6262384,-0.8076,2.293606,0.4114,-1.1220326,-0.3584,-0.36772352,0.4438,0.60103846,0.2705,0.15320085,0.1733,-0.7049191,-0.2461,-0.93906724,0.1611,-0.6135006,-0.03452,-0.3374032,0.1604,0.23034383,0.00785,-1.0451039,-0.2482,-1.0470821,-1.375,0.23792888,0.0402,0.2821034,-0.2273,0.25649214,-0.2229,0.30465162,0.1027
2,XZY,patch_x14896_y3696,external_test,external_test,D:\AIPatho\Patch\visiumhd_patch\2\XZY\patch_images\patch_x14896_y3696.png,0.537081,-0.318,-1.0253699,0.8354,1.2557782,0.871,1.4626608,0.6313,0.37094933,0.5586,0.79215676,0.4792,0.35005832,0.5576,-0.61921966,0.2177,1.1325722,0.7803,0.61507076,1.103,0.93185097,1.02,-0.0845999,0.516,-1.2235173,0.3315,0.045990728,0.9634,-0.2439986,0.7554,-0.7007543,0.436,1.4086164,0.6714,0.86908954,1.146,0.73513126,1.176,0.55639344,0.6597,-1.2887795,0.03061,0.11960982,-0.2783,0.62523896,-0.2054,2.3179402,0.9883,-0.42010137,0.1176,-0.00018730944,-0.4492,0.23348597,0.5884,0.04677007,0.5947,-0.013286181,0.985,1.0116433,1.195
2,XZY,patch_x14896_y3920,external_test,external_test,D:\AIPatho\Patch\visiumhd_patch\2\XZY\patch_images\patch_x14896_y3920.png,0.10163932,-0.6597,1.3710461,1.149,1.0051115,0.9404,0.48676068,0.4229,0.4877537,0.4824,1.4426255,0.9507,0.31976774,1.183,-0.94291484,0.388,1.3765228,0.7773,0.93437487,0.925,1.2615523,1.021,1.7779392,0.99,1.0755045,0.7974,1.4076657,2.096,-0.4085469,0.3264,1.0018513,0.995,2.0010097,1.216,1.5020546,0.9766,1.2232535,1.218,1.6647487,1.116,1.8857734,0.599,2.549561,0.782,2.3005855,0.8486,2.1527514,1.372,1.1935256,0.862,0.3925048,0.4397,0.29117897,0.4978,1.0575223,1.301,1.620965,1.287,1.3083798,1.247
2,XZY,patch_x14896_y4144,external_test,external_test,D:\AIPatho\Patch\visiumhd_patch\2\XZY\patch_images\patch_x14896_y4144.png,1.3945315,-1.291,0.72576714,1.044,0.72736967,1.279,0.83423424,0.1935,0.48639548,0.3696,-0.47456276,0.11597,0.9428014,0.8203,-0.38550186,-0.3228,1.3387905,0.7036,1.2417616,0.6177,1.6153624,0.883,1.2080139,0.9526,2.4639316,1.456,1.8087884,1.321,0.24713355,-0.4365,1.3648744,1.13,1.6437079,1.353,1.7684127,1.134,1.113684,1.253,1.3895533,1.148,1.6831664,1.478,1.7488387,1.959,1.6050065,1.802,1.9945807,1.21,1.1105936,1.222,0.4647473,-0.013565,0.5144694,0.0766,1.2309523,1.088,1.8217416,0.9863,1.1126267,1.431
2,XZY,patch_x14896_y4368,external_test,external_test,D:\AIPatho\Patch\visiumhd_patch\2\XZY\patch_images\patch_x14896_y4368.png,0.35065785,-1.082,1.2170329,1.646,0.9678566,1.54,0.8315523,0.5527,0.4850373,0.3684,-0.057349794,0.2717,0.79442036,0.6265,-1.8403256,-0.4395,1.607293,0.8174,1.3064407,0.8184,1.6086324,1.026,2.0758398,1.167,1.8267677,1.035,0.9571912,1.358,0.58977866,0.1492,1.2041943,1.203,1.6314408,1.07,1.9133725,1.613,1.7688841,1.756,1.4973552,1.281,1.7262548,1.156,2.3713655,1.421,1.9482292,1.234,1.7719966,1.187,1.0201758,0.972,0.09400755,-0.469,-0.11066408,0.2825,1.169954,0.898,0.7213451,0.9688,1.5136038,1.675
2,XZY,patch_x14896_y4592,external_test,external_test,D:\AIPatho\Patch\visiumhd_patch\2\XZY\patch_images\patch_x14896_y4592.png,-1.9783274,-1.299,1.5471946,0.79,0.25419128,0.7646,0.5050491,0.2179,0.47552997,0.4275,0.12627457,-0.354,0.15139094,0.309,-1.8916106,-0.836,1.9212435,0.6475,0.05542041,-0.2576,1.5153044,0.6562,1.9537697,0.8867,1.9875164,1.346,0.3081131,0.6245,-0.38031182,-0.7173,1.1560923,1.126,1.3361052,1.263,1.1535537,0.5386,0.8856503,0.584,1.4729296,1.129,1.8605046,1.351,2.2519424,1.629,1.6271604,1.55,1.8697345,1.015,0.1872412,1.121,0.40616268,-0.3677,-0.6798611,-0.2744,1.3928891,0.946,0.8922207,0.284,0.7284667,0.7964
2,XZY,patch_x14896_y4816,external_test,external_test,D:\AIPatho\Patch\visiumhd_patch\2\XZY\patch_images\patch_x14896_y4816.png,-1.9354151,-1.178,1.3965926,0.7803,0.012516779,0.586,0.7459559,0.2666,0.4877537,0.5244,-1.221291,-0.369,-0.17973052,0.2301,-1.8600572,-0.9897,1.7510866,0.4617,0.13557377,-0.2832,1.3002241,0.6543,2.0905092,1.013,2.327157,1.307,0.74330515,0.2444,0.046167124,-0.596,0.8939494,0.9517,0.9878747,0.896,1.1384658,0.69,0.9834854,0.7217,1.3426753,1.031,2.0022788,1.238,2.0216327,1.649,1.884568,1.493,1.3943393,0.807,0.70706147,1.047,0.52777535,-0.1181,-0.7589713,0.003223,0.6944804,0.841,0.7489064,0.1589,0.8288085,0.8994
2,XZY,patch_x14896_y5040,external_test,external_test,D:\AIPatho\Patch\visiumhd_patch\2\XZY\patch_images\patch_x14896_y5040.png,-1.8674091,-1.251,1.1404207,0.902,0.37114283,0.608,1.6863343,0.619,0.47960454,0.4062,-0.21778584,-0.736,-0.3273902,-0.32,-1.8030353,-1.112,2.1910217,1.039,0.06766208,-0.1686,1.4519331,0.5894,1.7272183,0.76,1.7825993,0.777,0.116206184,0.1464,-0.5889361,-0.3057,1.5349939,1.106,1.3238698,0.909,1.0886514,0.573,1.2005394,0.6167,1.2642143,1.076,1.1391068,0.842,2.0860376,0.9746,1.916189,0.8794,1.2313962,0.749,1.1649652,0.987,0.5180214,-0.4526,-1.4790778,-0.0322,0.58824486,0.6133,0.5570216,0.304,1.0974838,0.738
2,XZY,patch_x14896_y5264,external_test,external_test,D:\AIPatho\Patch\visiumhd_patch\2\XZY\patch_images\patch_x14896_y5264.png,-1.912641,-1.279,1.3757764,0.908,-0.51159114,0.409,0.7613642,0.7734,0.48549002,0.507,-0.35508978,-0.534,0.33374026,-0.05887,-0.52929455,-0.715,1.7170511,1.189,0.11068789,0.05167,1.6734422,0.763,0.939937,0.898,2.2831705,0.707,0.81516296,0.2607,-0.659341,-0.6504,1.2352761,1.204,1.5425167,0.786,0.1797251,0.1732,0.08693706,0.2612,1.4872538,1.15,2.120384,0.9565,2.0180109,1.097,1.745627,0.9146,1.6450613,0.84,1.0511374,1.058,0.34556097,-0.3796,-0.6990045,-0.1852,0.94371116,0.815,0.97393185,0.73,0.13116518,0.4102
2,XZY,patch_x14896_y5488,external_test,external_test,D:\AIPatho\Patch\visiumhd_patch\2\XZY\patch_images\patch_x14896_y5488.png,-1.8391523,-0.947,1.2255603,0.9233,0.2601548,1.045,0.25484926,0.6885,0.48141545,0.334,-1.8380296,-0.2822,-0.026895817,0.2399,-0.21460105,-0.599,1.0964798,0.853,0.81218976,0.5684,1.2077012,0.77,1.7178466,0.8135,1.4757227,0.5938,0.31413612,0.901,-0.5015518,-0.04343,1.2001258,0.9663,1.2215785,1.153,0.49176443,0.974,0.6686827,0.971,1.1923862,1.075,1.7966822,0.724,2.3975372,0.8726,2.4641974,0.7476,1.6875937,0.901,1.1441722,0.8237,0.69705385,-0.208,-1.1526614,-0.02246,0.951799,0.606,1.1822921,0.752,0.802292,1.074
2,XZY,patch_x14896_y5712,external_test,external_test,D:\AIPatho\Patch\visiumhd_patch\2\XZY\patch_images\patch_x14896_y5712.png,-1.8388361,-1.215,0.89015526,0.944,-0.73667157,0.2057,-0.13978688,0.807,0.4832264,0.3376,-0.22909953,-0.4707,-0.025852831,0.1521,-1.0818499,-0.857,1.1570749,1.152,-0.6298939,0.03644,0.91707623,0.756,1.2776886,0.736,2.3160367,0.387,1.0162394,0.279,-1.5753131,-0.6606,1.4633961,1.217,1.4808301,0.9478,-0.24753195,0.1608,-0.6926637,0.1454,1.4710866,1.253,2.4427755,0.743,2.475037,1.013,2.4451687,0.851,0.78425795,0.6787,1.5021801,1.014,0.37594834,-0.2969,-1.4966917,-0.4814,1.010818,0.721,0.89388025,0.529,-0.5286115,0.2389
2,XZY,patch_x14896_y5936,external_test,external_test,D:\AIPatho\Patch\visiumhd_patch\2\XZY\patch_images\patch_x14896_y5936.png,-1.8689907,-1.018,0.3589636,0.831,-0.07057335,0.2163,0.9142788,1.016,0.48594275,0.4695,-1.8591328,-0.5176,0.6080496,-0.1486,-0.9536728,-0.8657,1.4641093,1.343,-0.78760344,0.0973,1.5572149,0.7637,2.0473485,0.7793,1.2866753,0.01875,1.3079594,0.1339,-0.19679269,-0.4417,1.5691302,1.101,0.98114645,0.704,-0.4311791,0.1497,-0.671832,0.0978,1.3002151,0.9893,1.5196995,0.2698,2.1966608,0.461,2.1718123,0.3486,1.2438931,0.7188,1.497553,0.796,0.8832093,-0.35,-0.43471667,-0.2059,1.3051368,0.324,1.0768988,0.463,-0.6779543,0.165
2,XZY,patch_x14896_y6160,external_test,external_test,D:\AIPatho\Patch\visiumhd_patch\2\XZY\patch_images\patch_x14896_y6160.png,-1.8936626,-1.086,1.385802,0.47,-0.58107454,0.1722,0.19769202,0.723,0.49182826,0.5015,-0.047714658,-0.2076,0.120027006,0.0407,-0.8845741,-0.266,1.438038,1.062,0.49222958,0.438,1.3746597,0.8306,1.6246938,0.907,1.5739818,0.646,1.5791795,0.309,-0.846365,-0.6387,1.1472971,1.074,1.0614438,1.116,-0.3942474,-0.02881,-0.31060174,-0.0935,1.4154453,1.028,1.8041745,0.938,1.8063053,1.142,1.7824843,0.9814,1.22405,0.866,0.87755615,1.042,1.0239547,-0.1892,-0.8507286,-0.3425,0.16521457,0.7505,1.6777778,0.849,-0.66937286,0.12494
2,XZY,patch_x14896_y6384,external_test,external_test,D:\AIPatho\Patch\visiumhd_patch\2\XZY\patch_images\patch_x14896_y6384.png,-1.8225989,-0.8647,1.2266121,1.035,-0.47838387,0.898,-0.011863979,0.3867,0.49273372,0.5317,0.14721225,-0.1696,0.83544636,0.2725,-1.0654588,-0.655,0.71110886,0.6865,-0.90455735,-0.07715,1.449651,0.588,1.8854024,0.871,1.840091,0.5874,1.9934558,0.605,-1.1111304,-0.2388,1.4516864,0.941,2.2623334,0.761,-0.24776344,0.9116,-0.42359564,1.023,1.0979582,0.973,1.6244715,0.8433,1.9832628,1.141,1.9098128,0.9365,1.3245366,0.6846,1.3658599,0.8877,0.99689525,-0.2028,-0.91710985,0.1943,1.2993696,0.6562,0.58167297,0.1814,0.006155267,1.1
2,XZY,patch_x14896_y6608,external_test,external_test,D:\AIPatho\Patch\visiumhd_patch\2\XZY\patch_images\patch_x14896_y6608.png,-1.8066782,-1.27,1.1139848,1.077,0.35255292,1.194,-0.14699875,0.4827,0.492281,0.4788,-1.8056055,-0.82,0.79472476,-0.2245,-1.2374315,-1.108,1.0193877,0.8223,-0.7464232,0.638,1.1778296,1.066,1.6251518,1.292,1.3909744,1.388,1.0908182,-0.1995,-0.090559885,-0.3506,1.2539569,1.164,1.3886126,1.531,0.78189456,1.239,0.741394,1.071,1.2198611,1.21,1.2853727,1.487,1.9044284,1.676,2.1690314,1.558,0.779195,1.163,0.9882847,1.388,1.2045658,-0.4526,-0.39661598,0.1381,0.073292896,0.7217,0.2583678,1.045,0.6549488,1.2
2,XZY,patch_x14896_y6832,external_test,external_test,D:\AIPatho\Patch\visiumhd_patch\2\XZY\patch_images\patch_x14896_y6832.png,-1.7352983,-1.445,1.6633757,1.231,0.43998155,0.99,0.59233683,0.6387,0.48730096,0.461,0.117642194,-0.896,0.4907894,-0.1032,-1.6996828,-1.156,1.1602955,0.8037,-0.21090417,0.1316,1.4017314,0.8647,1.2202686,1.141,1.9430821,0.4138,1.6137475,0.04153,-1.0976099,-0.07965,1.1547092,0.9834,0.7926029,0.52,0.5403922,1.079,0.8117989,0.998,1.0834757,0.982,1.1315418,0.513,2.1250565,0.535,1.5217736,0.3518,0.88345605,1.05,0.7299772,0.8794,1.2321724,-0.4287,-1.1843598,0.1918,0.6451516,0.399,1.1410328,0.541,0.98493534,1.02
2,XZY,patch_x14896_y7056,external_test,external_test,D:\AIPatho\Patch\visiumhd_patch\2\XZY\patch_images\patch_x14896_y7056.png,-1.6423041,-0.7583,1.423057,0.7593,-0.4278793,0.2144,1.2093377,0.988,0.48639548,0.412,-0.71683735,-0.743,0.51888734,-0.6978,-1.6265799,-0.8213,1.5824594,1.057,-0.6768837,-0.1965,1.6632636,0.402,1.2702607,0.1887,1.006936,-0.199,2.1758347,-0.1777,-0.2363936,-0.2155,1.0253371,0.8296,1.6112372,0.3757,-0.2336114,0.01834,0.100567505,0.12006,0.9408553,0.586,0.73228115,-0.2245,-0.22464347,-0.1917,-0.60068494,-0.2896,1.5185642,0.2815,0.2811444,0.2698,0.9775055,-0.727,-0.69067246,-0.1478,0.570227,-0.1081,1.2209013,0.04086,-0.122017264,0.04803
2,XZY,patch_x14896_y7280,external_test,external_test,D:\AIPatho\Patch\visiumhd_patch\2\XZY\patch_images\patch_x14896_y7280.png,-1.6194245,-0.839,1.7521435,0.725,-0.6960043,0.2009,0.77089673,0.8525,0.4850373,0.448,1.1370552,-0.5835,0.82075435,-0.3445,-0.9587201,-0.7886,1.4278941,1.049,-1.0045512,0.109,1.4973688,0.715,0.8769168,0.7827,1.6206595,-0.1509,1.0541856,0.1401,-0.88977695,-0.158,0.7509129,0.8794,1.4468759,0.5596,-0.35625473,0.1069,-0.105713345,0.1793,1.052065,0.7793,0.046577033,-0.01296,1.1971453,-0.0487,0.30743566,-0.1617,1.1358048,0.546,1.2617166,0.59,0.7997175,-0.4578,-1.1623976,-0.1772,0.69615066,0.239,1.1881764,0.4336,-0.35340923,0.1647
2,XZY,patch_x14896_y7504,external_test,external_test,D:\AIPatho\Patch\visiumhd_patch\2\XZY\patch_images\patch_x14896_y7504.png,-1.7662964,-1.2295,1.1855233,0.851,-0.15693508,0.1974,0.24705945,0.6846,0.4877537,0.4407,1.3193966,-0.848,0.46659938,-0.439,-1.7244561,-1.135,1.2588251,0.824,0.16029072,-0.2715,1.4233018,0.6377,2.506971,0.7563,1.498404,0.2803,1.5247197,-0.3672,0.3255993,-0.04745,1.3343278,0.852,1.7073272,0.4648,-0.03122888,0.2493,0.020527372,0.1197,1.3264327,0.7515,1.9848827,0.4302,1.0427048,0.3528,1.0082239,0.2861,1.0336357,0.627,1.0595806,0.7324,1.3195508,-0.296,-0.5480798,-0.4185,-0.15903215,0.364,0.28179654,0.3064,-0.042533513,0.261
2,XZY,patch_x14896_y7728,external_test,external_test,D:\AIPatho\Patch\visiumhd_patch\2\XZY\patch_images\patch_x14896_y7728.png,0.63258404,-0.634,0.8506852,1.1,1.3063931,1.185,0.29127964,-0.2737,0.49545008,0.569,-0.7853239,-0.0942,0.9883129,-0.02478,-1.6246675,-0.3672,1.085037,0.1564,0.9503377,0.24,1.6996903,0.7373,1.5742916,0.9365,0.91375554,0.7007,1.2514329,1.885,0.7501811,0.05164,1.4486263,0.585,2.5078006,0.709,1.7044113,1.395,1.6877042,1.559,1.4875853,0.5303,1.262905,0.3691,1.4927411,0.265,1.1434361,0.2229,1.2826906,0.8335,0.8626053,0.4607,1.5941532,-0.10065,3.0617862,1.548,0.61606425,0.6387,0.8838125,0.4463,1.6198006,1.593
2,XZY,patch_x14896_y7952,external_test,external_test,D:\AIPatho\Patch\visiumhd_patch\2\XZY\patch_images\patch_x14896_y7952.png,-0.8888875,-1.035,1.8226334,1.057,0.90610385,0.977,0.7694417,0.3975,0.48820642,0.504,-0.40052623,-0.0837,1.2101865,0.359,-0.8350235,-0.83,1.016033,0.653,2.241006,-0.202,1.8620098,0.508,1.4704087,1.012,2.0333753,0.4844,2.416457,0.6904,1.3146608,-0.1545,0.95795727,0.835,2.3214853,0.869,1.3931688,0.936,1.7440495,1.166,1.3516321,0.904,2.037419,0.5015,1.9114745,0.579,1.7067226,0.5234,1.4004327,0.6514,0.9069266,0.756,1.7126889,-0.06915,0.36588907,0.3704,1.0368049,0.4194,1.4851303,-0.0522,1.6343703,1.25
2,XZY,patch_x14896_y8176,external_test,external_test,D:\AIPatho\Patch\visiumhd_patch\2\XZY\patch_images\patch_x14896_y8176.png,-1.9357314,-1.358,1.2061481,0.67,0.754495,0.2898,0.70758146,0.748,0.48911187,0.4045,0.8761197,-0.567,0.9730052,0.2874,-1.8591881,-0.9834,1.1481986,0.8447,0.46580723,-0.02061,1.4730799,0.789,1.8404104,1.245,2.181183,0.5137,1.9594623,0.1317,0.20181993,-0.1309,0.8051099,0.864,1.6884109,0.37,1.397346,0.3943,1.3842734,0.4934,1.366162,0.827,2.1867714,0.3972,1.8930357,0.3901,1.6192852,0.2659,1.6217861,0.931,1.2089009,0.839,1.4027455,-0.2015,-0.20756193,-0.2563,1.1866374,1.017,1.380444,0.649,1.2977141,0.5015
2,XZY,patch_x14896_y8400,external_test,external_test,D:\AIPatho\Patch\visiumhd_patch\2\XZY\patch_images\patch_x14896_y8400.png,-1.4010673,-0.9785,0.57689345,0.2177,0.41341645,0.0813,0.46992013,0.5044,0.48730096,0.4568,-1.5324743,-1.256,-0.55450904,-0.3826,-0.7392979,-1.247,1.3251219,0.376,-0.89036477,-0.709,0.66236854,0.4377,1.886529,0.6143,1.0371307,1.065,1.080932,-1.073,-0.5006763,-0.4866,1.1437168,0.459,0.91774863,0.3386,0.9777836,-0.0241,0.6640369,-0.1082,0.9440907,0.5767,0.8094679,0.7983,1.6130129,0.775,1.5953373,0.874,1.453983,0.738,0.73671746,0.4453,1.302791,-0.722,-0.3318385,-0.4492,0.98359734,0.4805,0.54661494,-0.1398,0.40377668,0.1903
2,XZY,patch_x14896_y8624,external_test,external_test,D:\AIPatho\Patch\visiumhd_patch\2\XZY\patch_images\patch_x14896_y8624.png,-1.2264658,-0.696,1.4337511,0.515,0.898377,0.2878,0.4210021,1.013,0.4877537,-0.08716,2.4411542,-0.6416,0.90757155,-0.2874,0.9116451,-0.846,1.315639,0.553,-0.7542082,0.2812,1.4300404,0.544,2.1844597,0.2491,0.87487847,0.2778,1.3022121,-0.514,0.58133096,0.7563,0.7290424,0.10944,1.3065536,0.3403,0.48415458,0.5376,0.7502345,0.3677,1.4936278,0.301,1.629476,-0.0329,2.358283,0.0494,2.143425,0.0704,1.2819042,0.4353,1.3370365,0.1606,1.2961105,-0.8364,-0.76765835,-0.1692,1.6570958,0.03955,0.38488632,0.2627,0.9772541,0.4226
2,XZY,patch_x14896_y8848,external_test,external_test,D:\AIPatho\Patch\visiumhd_patch\2\XZY\patch_images\patch_x14896_y8848.png,-1.531702,-0.6934,1.809863,0.1595,-0.72818166,0.12006,0.19173206,0.566,0.48684824,0.744,-1.6074343,0.009964,0.44749153,0.2908,-0.75323004,-0.5664,0.9036732,0.4204,-0.18855019,-0.00542,0.8505324,0.596,1.2989262,0.3713,1.860667,0.487,0.5615888,-0.3542,0.41361487,0.2473,1.1350665,0.3774,0.7955518,0.321,-0.07659148,0.2979,0.15435697,0.1323,1.2986175,0.5723,2.0821657,0.4229,2.3074405,0.466,2.263332,0.4553,1.7973139,0.6455,0.35909986,0.4429,1.103188,-0.0862,-1.2479247,-0.3728,1.340567,0.4468,0.8082682,0.1993,0.15942727,0.3281
2,XZY,patch_x15120_y10192,external_test,external_test,D:\AIPatho\Patch\visiumhd_patch\2\XZY\patch_images\patch_x15120_y10192.png,-1.5450923,-0.691,1.0152365,1.024,-0.34599835,0.8213,0.8464369,1.184,0.4850373,0.7114,-0.83224815,-0.4011,0.20856495,0.04367,1.4823446,-0.815,1.1449414,0.865,1.1827785,0.7695,1.1276101,1.151,1.8793932,0.8535,2.0600653,0.145,0.42421073,-0.3735,0.24746622,1.023,1.1021726,0.4343,0.80557513,0.705,0.62512904,1.087,-0.2593593,0.8384,1.1969261,0.7534,1.5174087,0.02727,2.7499835,0.0968,2.9494367,0.00861,2.096738,0.822,0.5054832,0.3716,-0.41773286,-0.738,-0.8884114,0.010086,1.7259274,0.5327,1.9107071,0.8325,0.3598042,0.856
2,XZY,patch_x15120_y10416,external_test,external_test,D:\AIPatho\Patch\visiumhd_patch\2\XZY\patch_images\patch_x15120_y10416.png,-1.159936,-1.293,1.3170165,1.146,1.4429638,1.201,1.000511,1.122,0.47371906,0.6626,0.9823302,-0.8237,-0.123312294,-0.1484,-0.61369497,-1.584,2.1550179,1.316,3.2346423,0.53,2.328577,1.066,2.161306,1.238,-0.24259003,1.119,1.1678914,-0.4768,1.2542208,0.2917,0.5914205,0.9326,2.4155996,1.08,1.0290405,1.277,1.1047969,1.198,1.2039421,1.118,0.043276154,0.7715,0.78948885,0.9165,-0.39687115,0.8706,1.1567998,1.518,0.26617828,1.045,-0.6562069,-0.8647,-0.69689804,0.375,0.41840124,0.4502,2.312229,0.7593,1.3708588,1.318
2,XZY,patch_x15120_y10640,external_test,external_test,D:\AIPatho\Patch\visiumhd_patch\2\XZY\patch_images\patch_x15120_y10640.png,-1.4159337,-1.257,1.0990808,1.064,0.94435436,0.945,0.8737487,1.063,0.46919176,0.4639,0.9763117,-1.107,0.60036266,-0.03253,-1.440476,-1.346,1.9446964,1.069,3.188658,0.5474,1.9204022,1.034,3.0299377,1.209,0.7907804,0.732,1.0474917,0.01901,1.4816333,0.3394,0.6586529,0.7124,1.7293717,0.522,1.581024,1.381,1.3100226,1.223,0.79881126,0.9595,0.63238466,0.774,1.2923504,0.8984,1.3951334,0.6914,2.1704693,1.218,0.34462616,0.8804,-0.2794986,-0.4368,-0.39003682,0.4897,1.5405102,0.729,2.4365494,0.7983,1.3486866,1.25
2,XZY,patch_x15120_y10864,external_test,external_test,D:\AIPatho\Patch\visiumhd_patch\2\XZY\patch_images\patch_x15120_y10864.png,-1.5323347,-1.533,1.23453,0.852,0.3702697,1.083,0.9557413,0.6553,0.451988,0.4573,0.8158055,-0.965,0.12237367,-0.1951,-1.5355706,-1.4375,2.173406,0.945,2.6500244,0.7393,1.7411737,1.015,2.8269722,1.205,1.3151486,1.4,-0.18032745,-0.05975,0.9488842,-0.2374,0.8621527,1.097,1.5025557,1.153,0.90391654,1.046,0.76401526,0.916,1.2823045,1.148,0.22978833,1.205,1.1954328,1.396,0.515035,1.34,2.2541122,1.239,1.6409205,1.2295,-0.3132725,-0.509,-0.3101967,-0.2812,1.5027128,0.899,2.3415375,1.161,0.5722236,1.17
2,XZY,patch_x15120_y11088,external_test,external_test,D:\AIPatho\Patch\visiumhd_patch\2\XZY\patch_images\patch_x15120_y11088.png,-1.5342325,-1.669,1.7570753,0.681,0.77480775,1.311,0.9517131,0.437,0.47552997,0.805,0.84792334,-1.033,0.17769867,-0.02664,-1.537483,-1.436,1.7750437,0.8535,3.006926,0.5625,1.9292787,1.165,1.847169,1.319,0.20549676,1.231,-0.3808772,0.2844,0.94064975,-0.003082,1.1453314,1.11,1.2911583,1.053,1.7219471,1.362,1.4088073,1.311,1.2279721,1.122,0.27152646,1.298,0.86470765,1.217,0.9763947,1.252,1.6663147,1.371,0.3122791,1.162,-0.47198516,-0.2017,-0.09056334,0.474,1.1667947,1.02,2.3514004,1.0205,1.259529,1.468
2,XZY,patch_x15120_y11312,external_test,external_test,D:\AIPatho\Patch\visiumhd_patch\2\XZY\patch_images\patch_x15120_y11312.png,-1.529277,-1.068,1.8594574,0.3281,0.7656916,0.6274,0.81012666,1.113,0.4651172,0.498,0.09386411,-1.021,-0.019924643,-0.1733,-1.5335714,-1.223,1.8509179,1.119,2.162681,0.434,1.4286766,0.996,2.0242546,0.9526,1.1383256,0.8203,-0.18585527,-0.509,0.90036285,0.1181,1.1658391,0.9297,1.2357543,0.6675,1.5977346,0.8774,1.4381584,0.6465,1.0676119,1.069,0.25728676,0.8936,1.5509593,0.8076,0.8301925,0.7896,2.467864,1.174,0.019259945,0.967,-0.4508944,-0.3901,-0.32591015,0.339,1.5083226,0.698,1.4494884,0.8735,1.2386006,0.821
2,XZY,patch_x15120_y11536,external_test,external_test,D:\AIPatho\Patch\visiumhd_patch\2\XZY\patch_images\patch_x15120_y11536.png,-1.1387434,-0.7163,0.2768147,0.526,0.4607816,0.9443,1.1742893,0.6807,0.46421173,0.4915,0.055904098,-0.5835,0.56630576,-0.265,-1.2250787,-0.84,1.8148036,0.6157,2.5199597,0.699,1.7371569,0.5967,3.3030825,0.3647,0.031280406,0.4985,-0.36566198,-0.3174,2.0563836,0.862,0.98515147,0.2378,1.2953157,0.3896,1.0478971,1.046,-0.18604434,0.863,1.1385975,0.63,-0.24101591,0.5376,0.25352576,0.376,0.66934514,0.4546,1.905592,0.564,-0.22817466,0.3716,0.34437153,-0.4922,-0.9409034,0.01704,0.85281765,0.3079,2.271331,0.5693,0.29791948,0.923
2,XZY,patch_x15120_y3696,external_test,external_test,D:\AIPatho\Patch\visiumhd_patch\2\XZY\patch_images\patch_x15120_y3696.png,-1.7186395,-1.592,0.8884088,1.096,0.81736934,1.134,0.5557219,0.4858,0.47326633,0.272,-0.71932733,-0.1298,0.054199845,0.6875,-1.6846449,-0.582,1.4302896,0.829,0.34879732,1.302,1.2214168,1.338,0.64339143,1.324,2.0651603,1.453,1.3140813,0.946,0.87268084,0.1644,0.9332826,1.097,1.1185459,1.322,1.3916935,1.469,1.258717,1.38,1.452127,1.124,1.4846346,1.107,2.5201259,1.467,2.6371744,1.419,1.7599427,1.542,0.9509752,1.115,-0.31382474,0.2423,0.0694891,0.2517,1.3033615,1.3545,1.4559643,1.544,1.539194,1.566
2,XZY,patch_x15120_y3920,external_test,external_test,D:\AIPatho\Patch\visiumhd_patch\2\XZY\patch_images\patch_x15120_y3920.png,1.6797596,-0.2451,1.644566,1.0205,1.2674332,0.905,0.66369385,-0.2277,0.48865914,0.5728,-0.5431954,0.7046,0.6012146,0.4968,0.9285847,0.2164,1.3588171,0.268,0.7654989,0.7734,1.1588893,0.81,1.6107028,0.8936,0.91032743,0.639,1.5340554,2.168,1.2841785,0.1087,0.05618326,0.5786,1.426853,1.038,2.3208292,1.169,2.0685172,1.392,1.544733,0.5674,0.85889685,0.552,1.534613,0.3638,1.6818918,0.5063,2.3354347,1.296,0.6372708,0.46,0.64632803,0.3945,2.7030544,1.306,1.8444898,0.845,1.1845816,0.945,1.6661924,1.291
2,XZY,patch_x15120_y4144,external_test,external_test,D:\AIPatho\Patch\visiumhd_patch\2\XZY\patch_images\patch_x15120_y4144.png,1.5406699,-1.25,1.4441074,1.315,0.818506,1.55,-0.18122573,0.3257,0.49363917,0.586,2.164354,0.646,0.82070297,0.5786,1.3302941,-0.2542,1.1395706,0.9175,1.6117742,2.707,1.1687387,1.873,1.7932037,1.459,0.84763885,1.21,1.8270237,1.518,0.69952786,0.9365,0.9684291,1.345,1.9660163,2.07,2.11631,1.981,1.9720142,1.941,1.5386328,1.434,1.6797267,1.272,1.5333979,1.431,1.3289961,1.455,2.3918824,1.905,0.42598236,1.166,1.2543257,0.1825,2.4425175,1.381,0.46557754,1.318,0.9975596,2.36,1.8174106,1.998
2,XZY,patch_x15120_y4368,external_test,external_test,D:\AIPatho\Patch\visiumhd_patch\2\XZY\patch_images\patch_x15120_y4368.png,-0.45462456,-0.547,1.7556156,1.171,0.906926,1.494,0.4050654,0.02034,0.49047005,0.602,2.0315425,-0.2659,0.39111373,0.1885,-0.56434286,-0.4395,1.2465539,0.7515,1.5045825,1.756,1.6569229,1.294,0.8076468,1.011,0.69588524,0.9062,2.2371116,1.543,1.0567077,0.5967,0.821261,1.262,0.4552924,1.638,1.9344162,1.773,1.7745945,1.712,1.3689718,1.138,1.0449862,0.8276,1.8458774,0.742,1.1754415,0.786,2.0301917,1.671,1.3296584,0.912,0.34371665,-0.2067,2.9465673,2.027,2.1230307,1.291,1.3537251,1.672,1.7932657,1.796
2,XZY,patch_x15120_y4592,external_test,external_test,D:\AIPatho\Patch\visiumhd_patch\2\XZY\patch_images\patch_x15120_y4592.png,-1.3647724,-1.784,0.74254936,1.067,1.0616412,1.394,0.48673362,0.3418,0.48639548,0.5366,0.4033146,-0.4707,0.104673915,0.6396,-1.8042521,-1.1045,1.5882269,0.9517,0.49384004,0.942,1.8484551,1.181,1.9343858,1.481,1.0919949,1.432,1.3225521,1.268,0.74730253,-0.1298,1.3801368,1.355,1.1353846,1.553,1.9413071,1.428,1.8819826,1.463,1.4553075,1.421,1.6824007,1.289,2.5133083,1.76,2.6616092,1.833,2.089621,1.522,0.5349363,1.259,-0.07318336,-0.069,-0.0006338724,0.1444,1.2369741,1.047,0.7719769,1.267,1.643597,1.658
2,XZY,patch_x15120_y4816,external_test,external_test,D:\AIPatho\Patch\visiumhd_patch\2\XZY\patch_images\patch_x15120_y4816.png,-1.0410322,-1.562,1.3752253,0.938,0.81377584,1.256,0.8531359,0.5713,0.48186818,0.4321,0.07159411,-0.538,-0.6983121,0.2732,0.2872963,-1.127,1.9464742,0.7593,0.6175889,0.7114,1.8070985,1.019,1.989406,1.163,1.2873558,1.387,1.9984564,1.301,-0.08783327,0.081,1.1260573,1.104,1.8772757,1.171,1.5341043,1.374,1.6835219,1.516,1.2572554,1.148,1.2583346,1.23,2.0026717,1.38,1.954398,1.37,1.4211934,1.299,0.9051683,1.005,-0.086345404,-0.3647,-0.22274408,0.1586,0.59038574,1.075,0.5002204,1.074,1.5113509,1.589
2,XZY,patch_x15120_y5040,external_test,external_test,D:\AIPatho\Patch\visiumhd_patch\2\XZY\patch_images\patch_x15120_y5040.png,-2.0078495,-1.471,1.5739392,0.685,-0.14951211,0.2974,1.338766,0.456,0.48005727,0.4797,-1.2993048,-0.9062,-0.20880796,-0.03214,-1.9132546,-1.004,2.10332,0.9395,0.053977873,-0.10547,1.4796742,0.7466,1.690776,1.009,1.3327692,1.301,0.22922866,-0.1793,0.089105286,-0.812,0.9533427,1.181,1.3661227,0.779,0.83207977,0.2795,0.7186356,0.1814,1.3232169,1.208,1.7481753,1.431,2.9047668,1.613,2.730092,1.438,1.6243608,0.9907,1.0780956,1.224,0.5722434,-0.3433,-0.6998885,-0.8535,1.0214305,1.001,0.75287306,0.5796,0.61219597,0.394
2,XZY,patch_x15120_y5264,external_test,external_test,D:\AIPatho\Patch\visiumhd_patch\2\XZY\patch_images\patch_x15120_y5264.png,-1.8425263,-1.079,1.2973915,0.661,0.02233119,0.2952,0.2552664,0.7437,0.47960454,0.3096,0.48295394,-0.3914,0.6642295,0.1465,-1.7819128,-0.9155,1.6096253,0.9854,-0.84855765,0.12006,1.4047829,0.783,2.0457273,0.7354,1.5866183,0.578,0.9302566,0.2668,-0.2904598,-0.439,1.4623319,1.145,1.414762,1.048,0.55508673,0.3132,-0.038985692,0.2439,1.3977561,1.141,1.5241721,0.873,2.488955,0.865,2.5554469,0.7837,0.9821184,0.8447,1.365147,0.872,0.6052586,-0.2294,-1.0946277,-0.4106,1.0843014,0.6387,0.40743628,0.471,0.12996428,0.341
2,XZY,patch_x15120_y5488,external_test,external_test,D:\AIPatho\Patch\visiumhd_patch\2\XZY\patch_images\patch_x15120_y5488.png,-1.171452,-1.095,0.8901144,0.7754,-0.06345867,0.03653,0.17247607,0.818,0.48232093,0.4434,1.2362372,-0.481,-0.66661906,0.26,-1.7877367,-0.718,1.6304864,1.141,-0.8488875,0.1266,0.7328673,0.7285,1.6400422,0.761,0.50689083,0.2241,0.1670352,0.1592,-1.1451983,-0.3792,1.5444077,0.8965,1.1043684,0.5557,-0.31393775,-0.01294,-0.46428615,-0.00677,1.3040392,0.917,1.7251643,0.577,2.6854563,0.74,2.522262,0.513,1.0264968,0.5347,0.9802997,0.915,0.21917054,-0.05905,-1.1072451,-0.367,1.454512,0.6274,0.58342606,0.567,-0.12749675,0.04172
2,XZY,patch_x15120_y5712,external_test,external_test,D:\AIPatho\Patch\visiumhd_patch\2\XZY\patch_images\patch_x15120_y5712.png,-1.797189,-1.35,1.1285043,0.3218,-0.5455327,-0.06995,0.56253344,0.651,0.4850373,0.594,-0.8911572,-0.8916,-0.2442607,-0.2037,1.6925867,-1.334,1.0253104,1.162,-1.287361,-0.1787,0.7120016,0.778,2.0563755,0.7603,2.1164696,0.8296,0.53183573,-0.3704,-1.178047,-0.9565,1.1661404,1.314,1.7444056,0.711,-0.6948784,-0.18,-0.74899983,-0.2136,1.3868129,1.131,2.3104424,1.051,2.714428,0.935,2.4687617,0.793,1.6713676,0.816,1.7434434,1.156,0.66382384,-0.2037,-0.7942014,-0.608,1.0923117,0.74,0.73691034,0.4536,-0.5607856,-0.01828
2,XZY,patch_x15120_y5936,external_test,external_test,D:\AIPatho\Patch\visiumhd_patch\2\XZY\patch_images\patch_x15120_y5936.png,-1.8941898,-1.21,1.0681367,0.8096,-0.56812745,0.3164,0.11998773,0.5996,0.48820642,0.515,1.2785555,-0.5015,0.7102518,-0.0724,-1.3279762,-0.749,1.1688856,0.972,-0.7370495,-0.0905,0.80543715,0.7446,1.9427795,0.931,2.053507,0.9775,1.1169678,-0.01834,-0.6155169,-0.7134,1.3301597,1.173,2.125702,1.132,0.17049731,0.1558,-0.17384382,0.2239,1.1958926,1.1455,1.8477144,1.149,2.3715465,1.381,2.324681,1.271,1.2353913,0.7495,1.3326122,1.148,0.6111565,-0.366,-1.0525968,-0.1846,0.70344526,0.66,0.89178866,0.4966,0.05427385,0.3494
2,XZY,patch_x15120_y6160,external_test,external_test,D:\AIPatho\Patch\visiumhd_patch\2\XZY\patch_images\patch_x15120_y6160.png,-1.8411556,-1.089,1.5493572,0.6997,0.59782875,0.5127,0.25579917,0.4265,0.49092278,0.507,-0.633922,-0.6143,0.3533849,-0.2268,-1.3835332,-0.81,1.1543634,0.731,-0.9116517,-0.2163,0.8261258,0.6646,0.9063412,0.843,2.7000797,0.9106,0.67198837,-0.1277,-0.91056406,-0.789,1.0905316,1.058,1.6524597,0.8906,1.0448993,0.3916,1.0616004,0.3982,1.3372682,1.008,1.5366932,1.015,2.3233984,0.9814,1.8836688,0.857,1.2482201,0.681,1.5952191,0.9575,0.9814974,-0.3726,-0.91497344,-0.1908,0.727014,0.628,0.56463885,0.2788,0.7767199,0.5537
2,XZY,patch_x15120_y6384,external_test,external_test,D:\AIPatho\Patch\visiumhd_patch\2\XZY\patch_images\patch_x15120_y6384.png,-1.8292414,-1.45,0.74774474,0.633,-0.11154764,0.4653,-0.086733505,0.2905,0.48549002,0.6,0.52025855,-0.8853,0.51193357,-0.1053,0.00042943115,-0.9834,0.8724957,0.936,-0.8727488,-0.2566,0.96212286,0.789,1.3969697,1.147,1.5405959,1.759,0.55630475,-0.3738,-1.0495191,-1.028,1.4292127,1.3,0.5228625,1.26,-0.34137592,0.3325,-0.33178702,0.3247,1.2904313,1.245,1.4448936,1.63,2.2668135,2.082,2.39942,1.911,1.3674023,1.066,0.27055252,1.42,1.0933657,-0.3691,-1.6350319,-0.439,1.0140401,1.061,0.64391905,0.525,-0.47506613,0.6084
2,XZY,patch_x15120_y6608,external_test,external_test,D:\AIPatho\Patch\visiumhd_patch\2\XZY\patch_images\patch_x15120_y6608.png,-1.8665657,-1.194,1.5089128,1.138,0.46143365,0.909,0.29916996,0.5747,0.48865914,0.576,-0.9473069,-0.5537,-0.10691,0.12286,-1.2731761,-0.7153,0.90129334,0.898,0.14941633,0.2448,1.6380113,0.725,2.1847768,0.983,1.8679657,0.707,1.6991037,0.3904,0.140486,-0.3425,1.231591,1.205,1.449859,1.027,0.98486394,0.9956,1.1541152,1.084,1.4200419,1.154,1.2185456,1.027,2.1460905,1.403,2.1493044,1.115,1.4284685,0.8804,0.9772019,1.095,1.2042302,-0.3083,2.0084786,0.3977,0.314954,0.6143,1.0274416,0.634,1.092444,1.185
2,XZY,patch_x15120_y6832,external_test,external_test,D:\AIPatho\Patch\visiumhd_patch\2\XZY\patch_images\patch_x15120_y6832.png,-1.7620789,-1.473,1.4319525,1.233,0.6786475,0.4473,0.034955487,0.5464,0.49047005,0.501,1.2292074,-0.7056,0.694805,-0.1954,-1.7188929,-0.901,1.4015644,0.942,-0.79970396,-0.2043,1.2155787,0.7354,1.9005444,1.268,-0.068843275,0.4768,2.1689274,0.3743,0.5293435,-0.4255,1.0058348,1.234,1.8707863,0.869,0.3118209,0.3848,0.87500846,0.5103,0.80203074,1.019,0.3159731,0.6323,-1.0215667,0.563,-0.7171677,0.3997,1.2438899,0.824,0.7043394,1.075,1.2988067,-0.2145,0.8705325,0.03778,0.8501551,0.8237,0.9856609,0.554,1.1489662,0.582
2,XZY,patch_x15120_y7056,external_test,external_test,D:\AIPatho\Patch\visiumhd_patch\2\XZY\patch_images\patch_x15120_y7056.png,-0.41147065,-0.514,0.98240757,0.941,0.7169006,0.714,0.96899885,0.651,0.49092278,0.5034,-1.7313051,-0.46,1.1001239,0.0871,-0.42393267,-0.522,1.2017368,0.542,0.10207365,0.05515,1.5087304,0.6265,1.3335475,0.6396,1.2911851,-0.03925,-0.084645,0.3254,-0.99146736,0.03473,0.7314261,0.6216,1.1474233,0.4607,1.3872644,0.8286,1.1778718,0.8755,1.2329826,0.8423,0.9854446,0.2235,0.6216657,0.1499,0.538998,0.05115,0.40165123,0.54,1.3164643,0.4534,1.1177328,-0.08594,2.6820421,0.6426,0.8223035,0.14,1.3993822,0.236,1.4343227,0.833
2,XZY,patch_x15120_y7280,external_test,external_test,D:\AIPatho\Patch\visiumhd_patch\2\XZY\patch_images\patch_x15120_y7280.png,-1.6717206,-0.984,0.8130468,0.8057,0.496729,0.04236,0.8474538,0.5913,0.49137554,0.481,0.2643004,-0.3538,0.77892554,-0.03345,-1.6463985,-0.646,1.460722,0.739,0.36109993,-0.2698,1.4225775,0.569,1.5146139,0.799,0.306696,0.1024,1.5189234,0.109,-0.6559563,-0.338,1.2713801,0.825,1.9614363,0.522,0.55742425,1.55e-05,-0.06086505,0.0718,1.1042883,0.7476,1.4232439,0.2969,1.3866714,0.2686,1.8858627,0.1556,0.5586753,0.4763,1.1817992,0.617,0.8828865,-0.4692,-0.81786513,-0.2944,1.8511623,0.371,0.40167642,0.2377,0.106967255,0.06235
2,XZY,patch_x15120_y7504,external_test,external_test,D:\AIPatho\Patch\visiumhd_patch\2\XZY\patch_images\patch_x15120_y7504.png,-1.5732436,-0.844,1.6350145,0.7705,0.21314113,0.6465,0.6006391,0.6055,0.48594275,0.596,-0.5255161,-0.34,-0.16313213,0.1412,-0.41616678,-0.6,1.2407405,0.5903,-1.0708244,-0.1617,1.4856371,0.582,1.0875633,0.7144,0.7776838,-0.1642,1.0321122,0.2152,-1.0624827,0.05237,1.1380574,0.634,2.1285017,0.4265,0.71037805,0.6377,0.5901814,0.7007,1.2697371,0.8286,1.5354713,0.2169,0.5213799,0.0779,0.3182017,-0.0363,1.1390573,0.45,1.4580506,0.441,0.98795307,-0.1582,-1.6603109,0.3877,0.94139385,0.227,-0.033006366,0.01513,0.30281833,0.6597
2,XZY,patch_x15120_y7728,external_test,external_test,D:\AIPatho\Patch\visiumhd_patch\2\XZY\patch_images\patch_x15120_y7728.png,0.6013109,-1.449,1.1135018,1.055,1.1876312,0.864,-0.31200275,0.4907,0.48911187,0.57,0.9632274,-0.799,0.24270713,0.2041,-0.804253,-1.143,1.1522126,0.4236,0.92754835,-0.588,0.6514317,0.5815,0.6166237,1.072,1.4096814,0.8936,2.3547678,0.7715,0.7779305,0.004375,1.031095,0.853,2.096313,0.751,1.0270433,1.179,1.4406722,1.286,1.2183903,0.95,1.3029466,0.7803,2.1498957,0.688,1.583115,0.747,1.6128283,0.9463,1.0008763,0.685,1.2509068,-0.2642,-1.2360612,0.793,0.37692845,0.6265,0.75073487,-0.06714,1.4484369,1.245
2,XZY,patch_x15120_y7952,external_test,external_test,D:\AIPatho\Patch\visiumhd_patch\2\XZY\patch_images\patch_x15120_y7952.png,-1.8558112,-1.366,1.0508057,0.6675,0.20156322,0.7056,-0.118745014,0.5566,0.4895646,0.3948,0.8876872,-0.6655,0.5193793,-0.05865,-1.0031312,-1.279,1.1424528,0.673,0.6272217,-0.10297,0.9236539,0.71,1.5909661,1.174,2.4850304,1.208,1.795737,0.17,-1.4853824,-0.1305,1.51671,0.7954,2.2510536,1.091,0.5620052,0.773,0.46984166,0.7383,1.2830722,0.8535,2.3537486,0.7656,2.6389189,1.077,2.5973685,1.066,1.044228,0.977,1.30283,0.831,1.1979352,-0.5566,-1.2359139,-0.1506,0.8883328,0.6562,1.2612398,0.4854,0.3218998,0.8687
2,XZY,patch_x15120_y8176,external_test,external_test,D:\AIPatho\Patch\visiumhd_patch\2\XZY\patch_images\patch_x15120_y8176.png,-1.7911792,-0.8633,1.4460453,0.762,-0.25797233,0.02788,0.8001284,0.851,0.48820642,0.367,-1.8062651,-0.5654,-0.23427227,-0.252,-1.7423624,-0.6523,0.97475,0.674,-0.37186712,-0.1019,1.1883023,0.7065,1.6483719,0.632,1.8948898,0.2576,1.7594099,-0.02898,-1.6069602,-0.0276,1.3257293,0.7075,1.7283276,0.2678,0.10143943,0.0934,-0.37918925,0.1484,1.1330599,0.6904,1.6240945,0.1786,1.7291343,0.2484,1.5990208,0.3167,1.4902977,0.676,1.3035547,0.3228,1.1551772,-0.549,-1.6465803,-0.1044,1.2582849,0.5195,1.5822442,0.32,-0.19195962,0.1332
2,XZY,patch_x15120_y8400,external_test,external_test,D:\AIPatho\Patch\visiumhd_patch\2\XZY\patch_images\patch_x15120_y8400.png,-1.643253,-0.9326,1.3497897,0.189,0.13032356,-0.005352,0.5892978,0.9946,0.49092278,0.5825,-0.7213971,-0.689,1.1516669,0.1406,-1.6233637,-0.984,0.884763,0.627,-0.5509895,0.4333,1.312003,0.8325,1.311797,0.5044,2.396207,0.08606,0.96868205,-0.7324,0.028131086,0.66,1.544736,0.3,2.0327222,-0.0491,0.44258824,0.3513,0.16963005,0.04135,1.3725305,0.4758,1.5041451,0.07513,1.8737968,0.04672,1.6843265,0.01997,1.2206095,0.5273,1.3230762,0.4138,1.6377553,0.05508,-0.70000947,-0.1619,1.5564511,0.6533,1.0254116,0.665,0.14050014,0.1208
2,XZY,patch_x15120_y8624,external_test,external_test,D:\AIPatho\Patch\visiumhd_patch\2\XZY\patch_images\patch_x15120_y8624.png,-1.9188617,-1.916,0.97985613,0.7383,-0.028216759,-0.01932,0.14377326,0.8296,0.48865914,0.4194,-0.031952824,-0.708,1.4443407,0.4045,-1.2686594,-1.249,1.4846095,1.054,0.041189365,-0.06104,1.4283718,1.071,1.2015425,1.182,2.3309085,1.505,2.0326226,-0.2925,-0.5198442,-0.496,0.951183,1.151,1.4696834,0.718,0.2466713,0.2349,0.4461869,0.11786,1.1117351,1.228,1.8786986,1.352,1.4273357,1.45,1.7783474,1.357,1.3845515,1.344,1.270506,1.38,1.8428497,-0.1914,-0.78062236,-0.812,1.680608,1.192,1.1940259,0.822,0.38630787,0.327
2,XZY,patch_x15120_y8848,external_test,external_test,D:\AIPatho\Patch\visiumhd_patch\2\XZY\patch_images\patch_x15120_y8848.png,-1.0505718,-1.4795,0.86262625,0.596,0.02954393,0.08527,-0.44730943,0.904,0.49047005,0.6187,1.6108781,-0.5107,-0.28986922,0.2219,-0.084943764,-0.8657,1.0718236,1.131,0.23911658,0.2295,0.7403116,1.078,1.298786,0.8994,1.7394264,1.279,0.9612865,-0.462,-1.1315421,-0.1548,1.2489184,1.112,1.5272026,1.075,0.038903475,0.198,0.18210411,-0.00209,1.3397431,1.192,1.7809463,1.24,2.0805726,1.092,2.072218,1.072,1.716646,1.221,1.3534317,1.143,0.61893845,-0.3337,-1.9174819,-0.538,1.2419052,1.074,0.9699683,0.819,0.45141548,0.3032
2,XZY,patch_x15120_y9072,external_test,external_test,D:\AIPatho\Patch\visiumhd_patch\2\XZY\patch_images\patch_x15120_y9072.png,-1.7356145,-1.256,0.49873674,0.6094,0.944756,0.837,0.619652,0.867,0.48730096,0.4114,2.175476,-0.889,0.4865216,0.2996,-1.0745857,-1.127,0.9361286,0.623,0.9151463,-0.2886,1.0982668,0.9077,1.2926025,0.9204,1.8664664,1.129,1.3405819,0.2258,-0.23879243,0.0759,1.0183465,0.76,0.9503274,0.5234,1.4205024,1.001,1.0762675,0.9844,1.5771546,1.083,2.137302,1.103,2.3056722,1.163,2.3070524,1.184,1.8300996,0.985,0.8658632,0.8228,0.5081213,-0.2607,-1.1238536,-0.02644,0.7261353,0.626,1.3140779,0.2832,1.2591633,1.073
2,XZY,patch_x15120_y9296,external_test,external_test,D:\AIPatho\Patch\visiumhd_patch\2\XZY\patch_images\patch_x15120_y9296.png,-1.373654,-0.9224,1.2575746,0.9136,1.014282,1.095,0.04248701,0.6406,0.47643542,0.4783,1.0152864,-0.658,0.6585735,-0.09515,-0.80276144,-1.264,0.9570792,0.4456,0.8139308,0.1556,0.8068961,0.925,2.076081,0.812,1.0890919,1.077,1.7141494,0.738,0.045436196,0.3345,0.35344684,0.665,1.1450211,0.693,1.5822271,1.408,1.6696311,1.427,1.2811428,1.0205,1.8302808,0.9165,2.6452546,0.893,2.649241,1.053,1.6222504,0.906,0.732901,0.6484,-0.4474603,-0.3691,-0.9788465,0.777,1.8322397,0.547,1.3705819,0.4314,1.5099987,1.427
2,XZY,patch_x15120_y9744,external_test,external_test,D:\AIPatho\Patch\visiumhd_patch\2\XZY\patch_images\patch_x15120_y9744.png,-1.7549093,-1.36,0.804675,0.778,-0.50324136,0.3442,1.0601051,1.065,0.4832264,0.433,-0.042382605,-0.6,-0.25942963,0.1846,-1.0836225,-1.039,0.9240017,0.9204,0.73361796,0.0981,1.7536596,0.997,1.574486,0.989,2.4289398,0.93,1.4952314,-0.4463,-0.9670443,-0.0729,0.8580751,0.7246,1.207807,0.4878,0.375081,0.5303,0.38453105,0.4004,1.4987006,0.9727,2.350963,0.7466,2.2330663,0.8022,2.2210863,0.718,1.4082482,1.105,1.1729032,0.8716,-0.24791007,-0.5107,0.035200536,-0.2825,1.1542262,0.942,1.0890522,0.6895,0.33951566,0.5503
2,XZY,patch_x15120_y9968,external_test,external_test,D:\AIPatho\Patch\visiumhd_patch\2\XZY\patch_images\patch_x15120_y9968.png,-0.7743239,-0.715,-0.88847226,0.4272,0.540533,0.2021,0.8899956,1.651,0.48141545,0.7485,-0.8755747,-0.579,-0.6858918,0.2253,-0.7315771,-0.939,0.9988145,1.288,0.8950625,1.396,1.5859367,1.151,2.2222435,0.921,1.4636128,-0.1882,0.21630184,-0.6846,0.85844874,0.9683,0.9590624,0.3652,1.0452932,0.4946,0.71397287,0.5103,0.00014169283,0.1089,1.3019788,0.5845,1.5903075,-0.3777,2.1749463,-0.3906,2.4188955,-0.552,2.2403033,0.7646,0.9415753,0.4639,0.07335505,-0.4146,-0.9166013,-0.11285,1.1484308,0.6953,1.2585505,1.375,0.6465038,0.1508
2,XZY,patch_x15344_y10416,external_test,external_test,D:\AIPatho\Patch\visiumhd_patch\2\XZY\patch_images\patch_x15344_y10416.png,-1.3554376,-1.421,1.6445527,1.036,0.6751096,0.595,0.5393815,1.091,0.46375898,0.3481,-0.7416094,-0.975,-0.0038848508,-0.367,-1.3878051,-1.573,1.710003,1.225,2.1410012,-0.04877,1.7007958,1.009,1.6463623,1.204,1.0552292,1.223,0.6576518,-0.6743,0.64900815,-0.1935,0.9191061,1.064,0.7855816,1.043,1.499534,0.7,1.4130392,0.523,1.4445277,1.051,0.9435833,0.8184,1.8682336,0.9253,1.9251308,0.94,2.153903,1.29,1.1189494,1.098,-0.4513963,-0.86,-1.363969,-0.2172,1.770467,0.692,1.7888708,0.538,1.5195494,0.7534
2,XZY,patch_x15344_y10640,external_test,external_test,D:\AIPatho\Patch\visiumhd_patch\2\XZY\patch_images\patch_x15344_y10640.png,-1.9842318,-1.088,1.770412,0.952,1.0937861,0.9946,0.79904133,0.9414,0.4696445,0.6094,-0.29711568,-0.67,-0.02099378,0.2362,-1.2156382,-1.084,1.5336099,1.179,2.7686574,1.081,2.147733,1.151,2.0890527,1.394,1.1957455,0.8374,0.9988697,0.376,0.5416087,0.383,1.081745,1.01,0.8494507,0.9766,1.6605384,1.18,1.6159614,1.101,1.6003109,1.149,1.7655778,0.8545,1.9231974,0.9873,1.801797,0.9336,2.4306862,1.161,1.1897221,1.123,-0.35448727,-0.06384,-0.34157217,0.07104,1.8375944,0.8687,2.2261224,1.313,1.5429214,1.218
2,XZY,patch_x15344_y10864,external_test,external_test,D:\AIPatho\Patch\visiumhd_patch\2\XZY\patch_images\patch_x15344_y10864.png,-1.9510196,-1.909,1.8728021,0.8047,0.6034488,0.567,0.88043743,0.5005,0.4651172,0.4595,1.4885303,-1.194,-0.065733,-0.2896,-0.76135594,-1.769,1.4382223,1.08,2.5113103,-0.2703,1.6609153,0.9023,2.3916643,1.423,1.1856786,1.708,0.08789911,-0.4968,0.69461817,-0.8306,0.969654,1.408,1.3583359,1.0,1.6026444,0.5996,1.0843587,0.5996,1.3880514,1.428,0.9113387,1.53,2.1716301,1.63,2.2037637,1.623,2.3927898,1.338,0.95084685,1.495,-0.519112,-0.4583,-0.475779,-0.3582,1.3699974,1.141,1.6881621,0.556,1.3642688,0.919
2,XZY,patch_x15344_y11088,external_test,external_test,D:\AIPatho\Patch\visiumhd_patch\2\XZY\patch_images\patch_x15344_y11088.png,-1.903679,-1.309,1.7589083,0.893,1.1295499,1.006,0.8408906,0.456,0.47507724,0.616,0.58238286,-0.6255,-0.089208625,-0.1323,-1.828417,-1.1045,1.72693,1.0205,2.9893353,0.1929,2.1805692,0.7295,2.4331052,1.148,0.35934815,1.203,0.33420286,0.3582,0.5730784,-0.404,0.9940371,1.157,1.3251386,1.159,1.657844,0.937,1.3291428,1.007,1.3790529,1.139,0.5425152,1.126,1.6678722,1.369,1.5581447,1.325,2.16539,1.159,0.81309193,1.056,0.21264768,-0.8193,-0.14529432,-0.1636,1.9742343,0.937,2.267944,0.5874,1.5330864,1.211
2,XZY,patch_x15344_y11312,external_test,external_test,D:\AIPatho\Patch\visiumhd_patch\2\XZY\patch_images\patch_x15344_y11312.png,-0.95817095,-1.107,2.1244264,0.88,0.8695872,1.004,0.89089125,0.9194,0.4651172,0.5835,-0.4601409,-0.4153,0.021660231,0.1011,-1.7719165,-1.096,1.7738967,1.155,2.6185164,0.8506,1.8213797,1.092,2.603503,1.392,0.8333799,0.7603,-0.37052003,0.476,0.99275136,0.352,1.0458801,0.8594,0.69112915,0.943,1.958628,1.313,1.7927606,1.235,1.17396,1.078,0.5054834,0.6606,1.9094268,0.533,1.8085653,0.527,1.8927181,1.328,1.0020882,1.086,-1.1960953,-0.4275,-0.5464435,0.3403,1.474039,0.786,1.8351707,1.188,1.7206882,1.293
2,XZY,patch_x15344_y11536,external_test,external_test,D:\AIPatho\Patch\visiumhd_patch\2\XZY\patch_images\patch_x15344_y11536.png,-1.9512305,-1.252,1.8711795,0.6436,0.77548885,0.681,1.0152379,0.598,0.47054994,0.3901,0.10460295,-0.869,-0.39517653,-0.4365,-1.8640558,-1.277,1.5560784,1.102,2.1502717,0.1959,1.7897726,0.892,2.8386765,1.037,1.5085413,1.318,-0.23171489,0.2578,0.4688275,0.0387,1.1221595,1.106,1.1308886,0.7324,1.7381452,1.014,1.2680123,0.9653,1.3440971,1.282,0.5403187,1.255,1.5515118,1.096,1.3754696,1.207,2.0846193,1.352,1.2335138,1.015,-0.49878,-0.377,-0.6668111,0.1346,1.1993988,0.549,2.0170157,0.7354,1.3007897,1.047
2,XZY,patch_x15344_y3472,external_test,external_test,D:\AIPatho\Patch\visiumhd_patch\2\XZY\patch_images\patch_x15344_y3472.png,-0.7459956,-0.8486,-0.9187145,0.4478,0.51869273,0.1738,0.5126184,1.218,0.43614244,0.3623,-1.0380901,-0.764,0.1978003,-0.3774,-0.9188461,-1.152,0.80054504,1.104,0.74115384,0.3542,0.32318386,0.8066,0.07143638,0.3296,-0.5191114,0.412,-0.7379034,-0.9717,0.93091357,0.2815,0.5456931,0.4617,1.1592579,0.529,1.0111504,0.346,-0.23949365,0.04758,1.1083935,0.577,0.1787726,0.1442,1.6808283,0.3381,1.6410824,0.3347,1.004737,0.7886,0.8963411,0.5576,0.50119615,-0.6533,-0.09115664,-0.575,1.0099951,0.5,1.3698267,0.6396,0.22906378,0.2151
2,XZY,patch_x15344_y3696,external_test,external_test,D:\AIPatho\Patch\visiumhd_patch\2\XZY\patch_images\patch_x15344_y3696.png,1.2014493,-1.994,1.5229607,0.8228,0.65790963,0.416,0.6634165,0.564,0.47779363,0.3784,0.37901416,-0.4033,0.029554142,0.432,-1.9473288,-0.927,1.8446215,1.171,0.6671836,0.5977,1.3859445,1.311,1.9108171,1.382,1.74705,1.946,1.6872048,0.1409,0.42183864,-0.5767,0.9005314,1.465,1.7154063,1.414,1.8799809,0.4517,1.6075637,0.329,1.5125735,1.497,2.166083,1.757,2.5039709,1.902,2.433713,1.864,2.1218977,1.644,1.3178391,1.48,0.39719108,-0.2544,-0.31625706,-0.588,0.5596601,1.477,1.2594836,1.329,1.4675283,0.6216
2,XZY,patch_x15344_y3920,external_test,external_test,D:\AIPatho\Patch\visiumhd_patch\2\XZY\patch_images\patch_x15344_y3920.png,-0.14636955,-1.31,1.6996896,1.093,0.7260667,1.161,0.87935305,-0.000365,0.48458457,0.4138,-0.5144869,0.3567,-0.8903221,0.641,-1.3927261,-0.4983,1.342985,0.5244,0.9416199,0.555,1.3208058,0.861,2.0608692,1.126,2.1204138,1.22,1.0004493,1.318,0.07954482,-0.285,1.0170918,1.136,2.3189356,1.379,1.501618,1.028,1.4728948,1.12,1.6349117,1.085,2.0483415,1.142,1.9554882,1.664,1.9541337,1.643,1.7837142,1.128,1.2698835,1.0,-0.040250253,0.1783,-0.22625254,-0.1007,1.5456271,1.071,0.9659778,0.933,1.5418919,1.278
2,XZY,patch_x15344_y4144,external_test,external_test,D:\AIPatho\Patch\visiumhd_patch\2\XZY\patch_images\patch_x15344_y4144.png,-0.018903824,0.3142,0.6075467,0.5586,1.2612342,1.092,0.7261127,-0.4026,0.49545008,0.964,0.6362477,0.4211,0.73868304,-0.1227,0.9488286,-0.548,1.3384578,0.3242,1.2083203,0.821,2.081716,0.6304,2.1564395,0.6753,0.6129927,0.6035,2.4080033,1.1455,0.3186436,0.1735,0.8375793,0.1188,1.2498416,1.073,2.009097,0.899,1.9381453,1.112,1.359989,0.0953,0.4455834,0.02663,0.66977584,-0.0866,0.25258124,0.10315,2.2785215,1.425,1.4540703,0.236,0.88927436,-0.48,1.5594203,0.6094,1.9571868,0.566,1.1312898,0.9106,1.7402065,1.243
2,XZY,patch_x15344_y4368,external_test,external_test,D:\AIPatho\Patch\visiumhd_patch\2\XZY\patch_images\patch_x15344_y4368.png,-0.59528965,-0.2634,1.5863996,1.109,1.2082553,1.749,0.63950056,-0.55,0.4940919,0.718,1.9299912,0.542,0.8200541,-0.1121,2.0169566,-0.1859,0.8920535,-0.11865,1.8089393,1.251,1.5015029,0.7925,2.1359355,0.789,1.2710449,0.3174,2.014274,1.526,1.066165,0.4495,1.0564554,0.343,1.6190729,0.893,2.0677893,1.765,1.9455037,1.901,1.2770487,0.2898,1.5691588,0.053,1.5599346,0.2512,1.1583233,0.2986,2.2804828,0.6,0.46076918,0.3318,0.20864601,-0.04654,2.2421803,1.496,1.7395602,0.4968,1.7068676,1.192,1.748194,1.911
2,XZY,patch_x15344_y4592,external_test,external_test,D:\AIPatho\Patch\visiumhd_patch\2\XZY\patch_images\patch_x15344_y4592.png,-0.52636784,-1.018,0.59867465,0.821,0.8288353,0.933,0.72375864,0.4365,0.48820642,0.5933,0.5988696,-0.03842,1.0724646,0.2698,-1.1073885,-0.4126,1.2530297,0.7686,1.2784847,0.829,1.6836371,1.042,1.6315004,1.193,2.0348306,1.116,1.7476863,1.129,-0.11382292,-0.1862,1.413897,0.8086,1.4623264,0.9873,2.024274,0.998,1.8013064,1.053,1.5464182,0.924,1.9193234,0.8735,2.7584534,0.756,2.8207269,0.8657,1.9629945,1.045,0.68066174,0.804,0.32442167,-0.005013,-0.19099648,0.05957,0.7196453,0.725,1.1613964,1.062,1.6769278,1.178
2,XZY,patch_x15344_y4816,external_test,external_test,D:\AIPatho\Patch\visiumhd_patch\2\XZY\patch_images\patch_x15344_y4816.png,0.30470896,-1.363,1.5414429,1.165,0.54375106,1.037,0.9613976,0.4944,0.4850373,0.489,0.43315095,-0.07635,0.9497637,0.512,2.5229483,-0.7246,1.6167771,0.7534,0.85546094,0.436,1.4404541,0.953,1.9656806,0.963,1.9245273,1.247,1.6425538,1.338,-0.58192724,-0.3386,1.3535976,1.122,2.011837,0.9766,1.2855585,1.07,1.3876053,1.076,1.4195586,1.196,1.3063992,1.199,2.9167309,1.526,2.7858179,1.462,1.7533082,1.036,1.442067,1.0625,0.7012673,0.002491,-0.2049173,0.006603,1.4507136,0.9507,1.2320702,0.9087,1.29547,1.222
2,XZY,patch_x15344_y5040,external_test,external_test,D:\AIPatho\Patch\visiumhd_patch\2\XZY\patch_images\patch_x15344_y5040.png,-1.3984644,-1.059,0.80185676,1.294,-0.48370364,1.267,0.60534024,0.2229,0.48232093,0.4607,0.48302373,0.2334,0.8033646,0.7905,-1.9284663,-0.352,1.7788318,0.6035,0.4250261,0.3545,1.4172364,0.8247,1.7883735,1.032,1.9896752,1.011,1.5889379,1.016,0.3905339,-0.2437,1.2117318,1.267,1.4526998,1.194,0.9201695,1.093,0.6336192,1.219,1.3400738,1.275,1.5100822,1.138,2.8800828,1.407,2.7033541,1.364,1.4368472,0.9365,1.7745417,1.085,0.8113274,-0.0777,-0.42085454,0.3298,1.5055839,0.726,1.3608868,0.6797,0.9192931,1.353
2,XZY,patch_x15344_y5264,external_test,external_test,D:\AIPatho\Patch\visiumhd_patch\2\XZY\patch_images\patch_x15344_y5264.png,-1.9478565,-1.28,1.3164942,0.982,-0.48998436,1.062,0.21978547,0.413,0.48051,0.3855,-1.9083734,-0.3767,1.3397099,0.368,-0.6930448,-0.7417,1.2785376,0.879,0.33357725,0.3796,0.7208522,0.7925,1.4379406,0.949,2.8009102,1.174,1.1575911,0.761,-0.2767227,-0.4727,1.2827128,1.208,1.4423077,1.191,0.5841795,1.009,0.46315718,1.024,1.4086336,1.308,1.9491729,1.305,2.473661,1.802,2.4813662,1.664,1.4307474,0.942,1.5298883,1.272,0.6697416,-0.03806,-1.1742684,-0.1085,1.2276777,0.843,1.212267,0.733,0.59055746,1.211
2,XZY,patch_x15344_y5488,external_test,external_test,D:\AIPatho\Patch\visiumhd_patch\2\XZY\patch_images\patch_x15344_y5488.png,-1.9011486,-1.162,0.58831644,0.669,-0.49210343,0.2598,0.5910323,0.8237,0.48096272,0.4185,-1.107636,-0.5073,0.28852352,0.000707,-1.8317201,-0.796,1.4376138,1.114,-0.7995947,-0.05386,1.1200832,0.7915,1.6527574,0.741,2.6274369,0.604,0.61520475,0.4082,-1.271806,-0.659,1.309916,1.19,1.0567625,0.9185,0.11309783,0.0976,-0.047435533,0.1509,1.4284824,1.185,2.0855045,0.901,2.4179196,1.327,1.9640919,1.212,1.2415454,0.7056,1.0143917,0.9663,0.7123935,-0.2374,-1.3223474,-0.2979,0.8152711,0.6865,0.35956302,0.514,0.18785992,0.2834
2,XZY,patch_x15344_y5712,external_test,external_test,D:\AIPatho\Patch\visiumhd_patch\2\XZY\patch_images\patch_x15344_y5712.png,-1.9174911,-1.088,1.1428119,0.621,-0.56412387,0.2437,0.18789877,0.381,0.47371906,0.471,-0.9720441,-0.867,-0.12743105,-0.227,-1.8443241,-0.9683,1.1420938,0.73,-0.64522785,-0.3303,0.9556157,0.5605,1.4545118,0.775,1.828487,0.6694,-0.097583175,0.191,-0.35029438,-0.6646,1.5457091,1.026,1.4930413,0.6807,-0.16168731,0.1858,-0.17526849,0.2722,1.5773787,0.951,2.232433,0.8555,2.6948092,0.9473,2.7423143,0.8657,1.4753855,0.6157,1.6080567,0.9175,0.5679654,-0.2983,-1.6397637,-0.3325,1.6497208,0.6733,1.1418138,0.2654,0.12535265,0.4802
2,XZY,patch_x15344_y5936,external_test,external_test,D:\AIPatho\Patch\visiumhd_patch\2\XZY\patch_images\patch_x15344_y5936.png,-1.9876058,-1.083,1.1912553,0.6543,0.11110007,0.7446,-0.18109588,0.1846,0.4850373,0.542,1.0779047,-0.1575,-0.1052195,0.4539,-0.1125393,-0.6855,1.1840912,0.563,-0.71311915,-0.1865,1.0103527,0.6724,1.9150056,0.8125,2.0458055,0.9746,0.91494626,0.6113,-0.6263737,-0.6704,1.367463,1.018,1.4383225,0.8354,0.31407076,0.632,0.5969807,0.6694,1.3501582,1.115,1.7062534,1.271,2.6271763,1.447,2.4011245,1.285,1.3736598,0.794,1.1236733,1.095,0.30010334,-0.01715,-1.3523933,-0.04236,0.83460414,0.7983,1.0242958,0.4253,0.29967228,0.8555
2,XZY,patch_x15344_y6160,external_test,external_test,D:\AIPatho\Patch\visiumhd_patch\2\XZY\patch_images\patch_x15344_y6160.png,-1.91844,-1.09,1.2043085,0.898,-0.094106905,0.948,0.44845957,0.6562,0.4877537,0.515,0.22158371,-0.587,0.96595395,0.1076,-1.8408471,-0.902,1.4371566,0.906,1.0157586,0.0913,1.5689101,0.6777,1.2717197,0.887,1.9599864,0.8667,1.8335977,0.8525,-1.3873855,-0.6304,1.3288397,1.308,1.887043,1.434,0.3047024,0.709,0.09062856,0.8936,1.2662928,1.209,1.5663097,1.056,2.520261,1.438,2.131797,1.277,1.3812276,1.031,1.3381338,0.9854,1.1431643,-0.3237,-0.753185,0.08185,1.0429431,0.669,1.7948414,0.5176,0.4276255,1.051
2,XZY,patch_x15344_y6384,external_test,external_test,D:\AIPatho\Patch\visiumhd_patch\2\XZY\patch_images\patch_x15344_y6384.png,-1.870256,-1.138,0.55434823,0.592,-0.5635532,0.10895,0.18917768,0.669,0.48186818,0.422,0.5927406,-0.864,0.47465187,-0.3113,-1.2194811,-1.242,1.0640898,0.925,0.692744,-0.331,1.357952,0.569,1.7014458,0.6426,1.498836,0.268,1.3678735,0.2344,-0.87727016,-0.62,1.1744984,0.9453,1.7340733,0.7803,0.07324638,0.1052,-0.30349427,0.1831,1.0971717,0.903,1.7929188,0.6187,2.0489957,0.887,1.530609,0.7607,0.8255487,0.7354,1.5233624,0.9204,0.9888958,-0.2109,-0.64725494,-0.281,0.20250538,0.482,1.3980637,0.134,-0.13898055,0.2715
2,XZY,patch_x15344_y6608,external_test,external_test,D:\AIPatho\Patch\visiumhd_patch\2\XZY\patch_images\patch_x15344_y6608.png,-0.9283189,-1.224,0.30807206,1.255,0.20568033,0.9126,0.052997485,0.1996,0.48458457,0.6685,0.06347781,-0.567,0.07310528,0.04114,-1.3988756,-1.187,0.73982626,0.5625,-0.8957344,-0.4084,0.9525294,0.6455,2.1174343,1.305,1.5105351,0.912,1.8142359,0.1631,-1.2582898,-0.674,1.3005215,1.164,1.1528615,0.8193,0.5962557,0.894,0.4897202,1.04,1.3470285,1.077,1.5698304,1.259,1.980175,1.593,1.8655529,1.341,0.95094275,0.77,1.7866157,1.236,1.0597751,-0.325,0.91838056,0.36,1.1940266,0.833,0.7875348,0.2217,0.92617536,1.181
2,XZY,patch_x15344_y6832,external_test,external_test,D:\AIPatho\Patch\visiumhd_patch\2\XZY\patch_images\patch_x15344_y6832.png,-1.751957,-1.033,1.2434272,0.813,-0.039135315,0.6133,-0.8398577,0.5723,0.48186818,0.539,0.7671818,-0.6934,-0.20654225,0.0491,-0.89772296,-1.096,1.5304528,0.853,-0.9416955,-0.2002,0.8983104,0.584,1.7684778,0.971,1.2198775,0.578,1.6435819,0.199,-0.21454558,-0.582,1.1494613,1.089,1.1501552,0.7495,0.28599158,0.5825,0.9434898,0.6777,1.1839312,1.075,1.4337492,0.778,1.2815645,1.033,1.5293131,0.854,1.0980582,0.6616,1.0564109,0.867,0.7907207,-0.2654,0.62454474,0.2202,1.5519644,0.4639,0.8037738,0.1876,0.77856183,0.755
2,XZY,patch_x15344_y7056,external_test,external_test,D:\AIPatho\Patch\visiumhd_patch\2\XZY\patch_images\patch_x15344_y7056.png,-1.6932294,-0.657,0.18618663,0.773,-0.3895007,0.2023,0.6250394,0.983,0.48820642,0.4426,-0.00019918373,-0.862,1.1776692,-0.4268,-1.6654348,-0.6587,1.7683278,1.043,-0.7019185,0.06232,1.1073651,0.5283,1.1938474,0.6323,0.59067446,-0.4211,1.840568,0.2162,-1.3757482,0.3088,1.114748,0.7065,2.2754738,0.362,-0.13046607,0.2854,0.37226775,0.308,1.1750939,0.58,1.3468682,-0.3257,0.7083044,-0.483,0.52763927,-0.6084,1.3571649,0.4084,0.7583166,0.3933,1.0886259,-0.606,-1.0415328,0.03558,1.0704819,0.168,0.9432811,0.2795,0.19036302,0.2115
2,XZY,patch_x15344_y7280,external_test,external_test,D:\AIPatho\Patch\visiumhd_patch\2\XZY\patch_images\patch_x15344_y7280.png,-1.788227,-1.058,-0.11240782,0.892,0.25830752,0.4019,0.8154427,0.4583,0.49047005,0.4841,1.429748,-0.2625,0.8257953,-0.0843,-1.7392331,-0.3584,1.22424,0.7925,0.0020060893,-0.1486,1.738177,0.611,2.2593954,0.7964,0.94266,0.2079,2.5486572,0.3352,0.3914488,-0.1573,1.2925483,0.893,1.95244,0.3164,0.97468346,0.264,0.5918909,0.2903,0.98948586,0.7305,1.1252933,0.3914,1.6994021,0.3076,1.6004497,0.1047,1.6003889,0.6426,1.0745512,0.6694,1.1899256,-0.2996,-0.2685242,-0.1148,1.5202225,0.6133,1.776142,0.3984,0.7877946,0.4236
2,XZY,patch_x15344_y7504,external_test,external_test,D:\AIPatho\Patch\visiumhd_patch\2\XZY\patch_images\patch_x15344_y7504.png,-1.7718844,-1.249,1.0320431,0.977,0.51373285,0.5264,0.21756534,0.6377,0.4877537,0.5137,1.2480145,-0.8203,-0.06537246,-0.31,-1.7261946,-0.948,1.1672444,0.6875,-0.3096252,-0.5835,1.0827703,0.5522,2.2523596,0.8525,1.986626,0.5425,1.8497505,-0.252,-0.47046503,-0.2307,1.0094191,0.849,1.7386765,0.4038,0.96375614,0.56,0.83875984,0.631,0.90505415,0.8535,1.7975931,0.5654,0.48735666,0.646,0.2411924,0.578,1.0472472,0.626,1.1966735,0.645,1.0414888,-0.444,-0.40794197,0.06003,0.9573622,0.3962,0.96995544,0.0504,0.8499844,0.635
2,XZY,patch_x15344_y7728,external_test,external_test,D:\AIPatho\Patch\visiumhd_patch\2\XZY\patch_images\patch_x15344_y7728.png,-1.7495321,-0.8843,1.26041,0.537,-0.78554964,0.04294,1.3321807,1.116,0.4877537,0.4775,0.23023735,-0.931,0.6967119,-0.628,-1.7086359,-1.135,1.2879616,0.9966,-0.011327851,-0.06335,1.6021521,0.686,1.5183821,0.9424,2.0949328,0.09863,1.8135664,-0.4268,0.028287712,0.1498,1.2175349,0.6113,1.205883,0.423,-0.2014984,0.1378,0.01920662,0.1129,1.2328931,0.5654,1.3182751,-0.1037,1.1288874,-0.1372,0.943828,-0.2803,1.0689819,0.59,0.9832988,0.4753,1.5035298,-0.766,-1.3434062,-0.2129,0.55489594,0.3718,1.295388,0.4814,-0.06497484,0.1749
2,XZY,patch_x15344_y7952,external_test,external_test,D:\AIPatho\Patch\visiumhd_patch\2\XZY\patch_images\patch_x15344_y7952.png,-1.4790896,-0.7935,1.144381,0.518,0.6788263,-0.00497,-0.09825575,1.021,0.4895646,0.4336,1.0701486,-0.5874,0.9148054,-0.4526,-0.90069383,-1.043,0.79718417,0.8467,-0.094075255,-0.0458,1.0255197,0.6,1.3918686,0.609,1.8054606,0.05206,2.1069636,-0.3037,-0.20888959,0.1738,0.29741582,0.456,1.1969069,0.245,-0.19885863,0.10974,0.28196713,0.04724,0.88695395,0.4355,2.1423962,0.11804,-0.0205381,0.0918,-0.04747209,0.1552,0.90550125,0.3892,0.647462,0.3315,1.4311374,-0.668,-0.8130051,-0.4058,-0.2228764,0.2507,1.1372001,0.3071,0.49067605,0.1562
2,XZY,patch_x15344_y8176,external_test,external_test,D:\AIPatho\Patch\visiumhd_patch\2\XZY\patch_images\patch_x15344_y8176.png,-0.97099525,-0.6104,1.4191824,0.492,1.1485517,0.8716,0.67061406,0.4854,0.49047005,0.5776,1.4403833,-1.603,0.52379894,-0.624,-1.0945191,-1.167,0.5346509,0.2205,1.0730276,-0.8413,0.43630832,0.317,0.83186126,0.2886,1.3716122,1.111,2.801988,-0.4814,1.9132802,0.1849,0.570834,0.2935,2.1383762,0.3704,1.4845247,0.9097,1.3599858,0.9424,1.4034168,0.4495,1.5279821,0.935,-0.0382999,0.6055,0.8958608,0.772,1.4748265,0.41,-0.03765012,0.1251,0.93539935,-0.8667,-0.07419045,0.603,0.86264545,0.08844,1.5775034,-0.3857,0.98265606,1.089
2,XZY,patch_x15344_y8400,external_test,external_test,D:\AIPatho\Patch\visiumhd_patch\2\XZY\patch_images\patch_x15344_y8400.png,-1.4708656,-1.045,1.0955484,0.4753,0.7521891,-0.01715,0.8263288,0.7725,0.4877537,0.3645,0.65588456,-0.8755,1.2398256,-0.07074,-1.4889795,-1.077,1.3696975,0.4812,-0.27006206,-0.3613,1.2240024,0.511,1.8253219,0.368,1.474809,0.55,1.8879161,-0.752,0.046404023,0.0707,0.7492239,0.3655,2.1740007,-0.02888,1.1410202,0.2275,1.0649381,0.05133,1.2587297,0.4724,1.1557748,0.314,1.8833616,0.3882,1.6244465,0.4348,1.4313232,0.4666,1.0368621,0.527,1.3625107,-0.2233,-0.61642754,-0.286,0.4554834,0.6245,1.5479906,0.1501,0.5589859,0.1395
2,XZY,patch_x15344_y8624,external_test,external_test,D:\AIPatho\Patch\visiumhd_patch\2\XZY\patch_images\patch_x15344_y8624.png,-1.9853916,-1.196,0.5338776,0.732,0.3117944,-0.1597,1.1735365,1.391,0.49047005,0.3835,0.06524082,-0.143,0.33589998,0.2932,-1.3421066,-0.2439,1.4387618,1.462,-0.42955944,0.7925,1.4261864,1.062,1.4404314,0.899,1.9301531,0.2793,2.3266168,-0.2318,-0.32597858,0.2896,1.3358376,0.857,2.050169,0.679,0.42835224,-0.014366,0.14372742,-0.2725,1.235366,0.752,1.589539,0.1188,2.1084456,0.000755,1.7632389,-0.147,0.93312037,1.019,1.2814839,0.888,1.2304528,-0.396,-0.52888626,-0.6333,1.5406971,1.097,1.0936595,1.237,0.2537484,-0.1058
2,XZY,patch_x15344_y8848,external_test,external_test,D:\AIPatho\Patch\visiumhd_patch\2\XZY\patch_images\patch_x15344_y8848.png,-1.1769236,-1.215,1.426409,0.8643,0.6163523,0.8647,0.5334241,0.6377,0.492281,0.4785,-0.59181756,-0.6426,0.13880455,0.06964,0.004352054,-1.371,1.1407161,0.869,0.625403,0.2632,1.3496352,0.945,1.6743966,1.154,1.9290966,1.634,2.1914995,0.4,0.2479918,-0.08124,1.279671,1.002,1.2085027,1.002,1.1494604,0.967,1.1881024,1.101,1.316704,1.143,1.6728166,1.36,2.356616,1.504,2.0309517,1.468,1.6140476,1.049,1.0433995,1.039,0.41416174,-0.3877,-0.16347472,-0.1465,1.4433084,0.926,1.8647308,0.678,1.1307803,1.28
2,XZY,patch_x15344_y9072,external_test,external_test,D:\AIPatho\Patch\visiumhd_patch\2\XZY\patch_images\patch_x15344_y9072.png,-1.7960292,-1.261,1.677518,1.061,0.8116056,1.144,0.37141588,0.594,0.49047005,0.3303,-0.51835203,0.03616,-0.8042119,0.4485,-1.1172763,-0.9395,1.1175352,0.752,0.43374792,0.2676,1.3341101,0.7856,0.33243132,1.094,1.6915618,0.9463,2.5800722,1.188,0.31140798,0.1991,0.9174897,0.9043,1.9080515,1.245,1.4882673,1.233,1.6514711,1.457,1.4512482,1.012,2.2679758,0.7075,1.9066488,0.9526,2.032793,1.044,1.5448211,1.189,1.1178088,0.8765,0.46501988,-0.2795,-0.8280358,0.5293,0.5369375,0.7197,1.2166817,0.5806,1.5920238,1.454
2,XZY,patch_x15344_y9296,external_test,external_test,D:\AIPatho\Patch\visiumhd_patch\2\XZY\patch_images\patch_x15344_y9296.png,-1.9220248,-1.553,0.6222918,0.939,0.758545,1.268,0.28623644,0.09033,0.49047005,0.574,0.74023974,-0.4568,0.066746645,0.05475,-1.842064,-1.31,1.2161405,0.5723,-0.04834206,-0.214,1.3561295,0.5522,0.8328907,1.028,2.2446764,1.475,2.4402149,0.8657,0.7965041,-0.614,1.244298,1.336,2.160676,1.297,0.96706283,0.954,0.8021461,1.35,1.3927747,1.23,1.9590789,1.653,2.3177395,1.867,1.8992414,1.845,0.91188616,1.064,1.1334451,1.224,0.6465016,-0.7266,-1.2202446,0.514,1.1994677,1.128,0.90636605,0.3926,1.1967952,1.483
2,XZY,patch_x15344_y9520,external_test,external_test,D:\AIPatho\Patch\visiumhd_patch\2\XZY\patch_images\patch_x15344_y9520.png,-1.3941282,-1.471,1.0847557,0.858,-0.2869771,-0.252,1.1346644,1.277,0.48594275,0.4543,2.0213242,-0.10315,0.43806896,0.2102,2.7166975,-0.2856,1.1798031,1.484,0.6588383,0.02895,1.7339944,1.257,1.0503013,0.988,2.1479828,1.195,1.8370738,-0.05795,1.0904776,-0.55,1.2577945,1.044,1.7150924,0.8555,0.35341078,-0.3098,-0.0118295,-0.4468,1.4397472,1.071,1.8737739,0.982,2.0968552,1.16,1.9065161,1.06,1.3327115,1.072,1.0867711,0.9775,0.6626562,-0.5605,-0.8585578,-0.7085,1.2821205,1.127,1.9840025,1.047,0.011310183,-0.3193
2,XZY,patch_x15344_y9744,external_test,external_test,D:\AIPatho\Patch\visiumhd_patch\2\XZY\patch_images\patch_x15344_y9744.png,-2.0945175,-1.892,1.8196697,0.572,0.6727124,0.7686,0.60198385,0.3918,0.48865914,0.5728,0.504728,-1.342,0.35914057,-0.18,-0.6736845,-1.999,0.99068487,0.5986,-0.03950453,-0.7715,1.7842659,0.9688,1.590158,1.39,1.735041,1.868,1.3869299,-0.565,0.12035642,-1.099,1.0181693,1.134,1.5730358,0.8115,0.9912925,0.762,0.96103007,0.8013,1.3045024,1.101,2.2294576,1.627,2.1928341,1.712,2.325261,1.742,1.9487611,1.245,1.5264705,1.401,0.38236815,-0.3738,1.0919293,0.0763,1.4551541,1.158,1.1971684,0.3225,1.215187,1.089
2,XZY,patch_x15344_y9968,external_test,external_test,D:\AIPatho\Patch\visiumhd_patch\2\XZY\patch_images\patch_x15344_y9968.png,-1.8049912,-1.058,1.6138157,0.715,0.76299435,0.919,0.57067245,0.435,0.48820642,0.3057,1.1713667,-0.5337,0.39153385,-0.10516,-1.7498379,-0.809,1.1192936,0.4763,0.36992106,0.3442,1.6909163,0.9277,1.1306367,0.936,2.1850538,1.383,1.4425647,-0.05365,0.34237766,0.1137,1.0569222,0.7817,1.7169015,0.922,1.2938663,1.122,1.2012274,1.093,1.4130194,1.051,1.6012716,1.424,2.151942,1.429,2.3750563,1.384,1.5730543,1.058,0.78512263,1.066,0.017744176,-0.68,-0.8977838,0.267,1.3832488,0.9053,0.75371313,0.7236,1.211077,1.131
2,XZY,patch_x15568_y10192,external_test,external_test,D:\AIPatho\Patch\visiumhd_patch\2\XZY\patch_images\patch_x15568_y10192.png,-2.0403235,-1.17,1.5959665,0.4058,-0.7902184,-0.1952,0.7720972,0.869,0.48549002,0.556,0.05022059,-0.4836,-0.3281945,0.03967,-1.9405488,-0.6245,1.3707875,0.7646,1.3574777,0.0707,1.5869987,1.003,1.8351809,1.051,2.1925848,0.784,0.9469046,-0.7266,0.17457646,-0.09015,1.1356443,0.6875,0.73790455,0.7915,0.7048528,-0.0662,0.2574779,-0.312,1.4643406,0.866,1.6377357,0.6255,2.024157,0.6177,1.9987835,0.609,1.7310253,0.7744,1.3232913,0.64,0.2147614,-0.3335,-0.8839354,-0.656,1.4625019,0.891,1.3576052,0.732,0.36074275,-0.01735
2,XZY,patch_x15568_y10416,external_test,external_test,D:\AIPatho\Patch\visiumhd_patch\2\XZY\patch_images\patch_x15568_y10416.png,-1.5642817,-0.787,1.4325167,0.922,1.1948402,0.5044,1.2325492,0.8394,0.48186818,0.2439,-0.5518716,-0.611,-0.16859263,0.1393,-1.5599962,-0.863,1.0807472,0.6904,1.8185756,-0.3909,1.7613689,0.6934,2.0576959,0.808,1.3529685,0.6484,0.38591748,-0.1055,0.74080014,-0.1499,1.0390193,0.869,1.3242891,0.657,1.18876,0.492,0.7693009,0.619,1.408886,0.806,0.23921067,0.5273,2.0508432,0.55,1.8700106,0.63,1.6840957,0.815,0.3812726,0.682,0.3604945,-0.5054,-0.5596816,0.312,1.4301862,0.6216,1.323002,0.2,1.1296065,0.675
2,XZY,patch_x15568_y10640,external_test,external_test,D:\AIPatho\Patch\visiumhd_patch\2\XZY\patch_images\patch_x15568_y10640.png,-1.9780111,-1.49,1.1984371,1.027,0.65011865,0.7837,0.67796975,0.685,0.48186818,0.4463,-0.15890712,-0.7686,0.039114963,-0.04514,-1.8862213,-1.339,1.3958768,1.12,2.0738356,0.5503,1.8866012,1.001,1.9010632,1.389,1.1990709,1.22,0.7666571,0.1772,0.23546074,0.11,1.3838861,1.123,0.96028125,1.151,1.6925387,0.885,1.2386781,0.896,1.4684006,1.174,1.7373955,1.042,2.0116293,1.419,2.2203739,1.293,1.734587,1.207,0.6653485,1.105,-0.11279229,-0.5234,-0.85798573,-0.3745,1.9252346,0.9565,1.7881896,0.9688,1.3703738,1.015
2,XZY,patch_x15568_y10864,external_test,external_test,D:\AIPatho\Patch\visiumhd_patch\2\XZY\patch_images\patch_x15568_y10864.png,-0.56612295,-1.124,1.550066,1.041,0.6426228,0.7744,0.95102215,0.494,0.48005727,0.535,1.5930206,-0.3564,0.14126241,0.3389,2.0689933,-0.605,1.0776266,0.8,1.6844084,0.26,1.2946924,0.6836,1.9610177,1.118,1.0220622,1.024,0.91096735,0.4795,0.43677482,-0.5146,1.3847984,1.241,0.97943175,1.101,1.7083495,0.6973,1.4185632,0.8457,1.5354718,1.19,1.6219667,1.097,2.513689,1.436,2.556784,1.35,1.5918795,0.927,1.0961533,1.143,-0.33124664,-0.01195,0.1518452,-0.2322,2.3568406,0.9966,1.5275695,0.765,1.1697807,0.996
2,XZY,patch_x15568_y11088,external_test,external_test,D:\AIPatho\Patch\visiumhd_patch\2\XZY\patch_images\patch_x15568_y11088.png,1.2944332,-0.563,1.5395772,0.8633,1.3492748,1.53,1.0759251,0.5215,0.4895646,0.5474,1.4328665,-0.0869,0.9725115,0.6055,-0.80936295,-0.3884,1.0977696,0.702,3.3625042,0.594,2.231391,0.806,1.403354,1.112,0.9480234,0.2776,1.9944607,1.567,0.6591243,0.6255,1.0249032,0.7886,0.12376424,0.7505,2.3091197,1.776,2.100424,1.8125,1.4030169,0.9253,1.0755168,0.5977,1.9411201,0.671,1.744463,0.5664,2.1026473,0.989,1.145462,0.687,-0.25253987,0.0755,1.4409586,1.68,1.2885019,0.651,2.2111163,0.657,1.8468473,1.777
2,XZY,patch_x15568_y11312,external_test,external_test,D:\AIPatho\Patch\visiumhd_patch\2\XZY\patch_images\patch_x15568_y11312.png,-1.68005,-1.042,1.2900162,1.24,1.7172121,1.337,0.7482309,0.6934,0.4850373,0.652,1.2898707,-0.1577,0.06706456,0.537,-0.82565194,-0.862,1.5965494,1.186,3.349658,0.76,2.1114898,1.188,1.5058141,1.3545,0.47696677,0.519,1.8756106,1.039,1.1782671,0.1117,0.96699446,1.152,2.0889893,0.768,2.2700734,1.545,2.0721586,1.8,1.1192732,1.45,-0.017338112,1.055,1.539885,1.14,1.4762822,1.104,2.1125937,1.2295,1.2208643,1.071,-0.719095,0.2776,2.2493114,1.192,0.87133753,1.081,1.9312807,0.965,1.846003,1.746
2,XZY,patch_x15568_y11536,external_test,external_test,D:\AIPatho\Patch\visiumhd_patch\2\XZY\patch_images\patch_x15568_y11536.png,-1.119583,-0.6543,1.9630055,0.967,0.9366778,1.385,0.3641422,0.2477,0.47960454,0.648,-0.6721838,0.12335,0.021902444,0.1736,1.0348985,-0.77,1.2374164,0.6797,3.292165,1.069,1.8312451,1.191,2.347843,1.346,1.0311413,0.657,1.0965433,1.16,0.7350594,0.5044,0.69434863,0.8755,1.7901967,1.076,2.1043563,1.54,1.9723983,1.647,1.4803411,1.045,1.5857086,0.5845,1.9187328,0.3564,1.7683619,0.3474,2.0906246,1.232,-0.13949826,0.8076,-0.21201792,-0.1615,2.3286343,0.9897,1.2056922,0.664,2.2334912,1.124,1.8286202,1.621
2,XZY,patch_x15568_y11760,external_test,external_test,D:\AIPatho\Patch\visiumhd_patch\2\XZY\patch_images\patch_x15568_y11760.png,-1.1627827,-0.0894,1.3791219,0.3762,1.0804887,0.8726,0.9515488,0.03787,0.4741718,0.02193,-0.3226669,-0.1105,-0.23344032,-0.3774,-1.2457666,-0.536,1.8097658,0.03568,2.9419951,0.3328,1.6622654,0.01269,2.0228837,0.05807,0.65496534,0.1713,0.053873707,0.5767,1.0291848,0.5454,0.5173954,-0.0298,1.2370843,0.3037,1.8164923,0.9014,1.8636239,1.013,1.1610082,0.0402,0.8104668,0.0971,0.6472194,-0.02892,0.47630933,0.04187,1.6246166,0.2208,0.21003312,-0.1211,-1.1284841,-0.5903,-0.014879401,0.8213,1.0821615,0.01604,2.1568234,0.01254,1.7711679,0.9653
2,XZY,patch_x15568_y3472,external_test,external_test,D:\AIPatho\Patch\visiumhd_patch\2\XZY\patch_images\patch_x15568_y3472.png,-0.36242065,-0.2297,0.07617366,0.1924,1.1746349,0.5796,0.65713125,0.632,-3.300239,0.3271,-0.7645191,-0.10016,-0.3201686,-0.05206,-0.61582965,-0.287,1.5214547,0.515,1.202738,0.5435,1.220728,0.4568,0.6824406,0.1947,0.026248679,0.2369,-0.05184888,-0.08575,1.2680743,0.204,-0.07474303,0.271,-0.2222724,0.63,1.5644109,0.6045,0.14820765,0.6143,0.1747127,0.4387,0.0400157,0.07965,-0.9321179,0.2299,-0.52612287,0.2302,1.7561667,0.3433,-0.7417996,0.1874,1.0038171,-0.3416,-0.3400085,0.1309,0.3439711,0.4033,0.5896305,0.3796,0.63983005,0.752
2,XZY,patch_x15568_y3696,external_test,external_test,D:\AIPatho\Patch\visiumhd_patch\2\XZY\patch_images\patch_x15568_y3696.png,-0.8037091,-1.181,1.5763714,1.195,0.78843445,0.725,0.77256215,1.058,0.46828628,0.534,0.4403155,0.655,-0.35128233,0.5957,-1.7966028,0.2913,2.082203,1.276,1.4601605,1.338,1.572208,1.261,2.1721714,1.329,1.5356561,0.8955,1.0607407,0.8164,0.13529254,0.4736,1.3733019,1.012,1.3875246,1.466,1.6970907,1.025,1.6458472,0.9546,1.3672562,1.025,1.7986194,0.5327,2.24814,0.743,2.3070734,0.638,2.033274,1.262,0.748622,1.104,-0.01469381,-0.09656,0.006019765,0.3337,2.0144124,1.201,1.8073506,1.663,1.4435221,0.9697
2,XZY,patch_x15568_y3920,external_test,external_test,D:\AIPatho\Patch\visiumhd_patch\2\XZY\patch_images\patch_x15568_y3920.png,1.287268,-1.186,1.4879179,1.131,0.81229645,1.149,0.5915763,0.406,0.47190812,0.5933,1.3789237,0.2058,0.015822357,0.64,-1.7649626,-0.2756,1.9144803,0.9556,1.5275043,1.306,1.4508996,1.04,1.1226856,1.348,0.86563843,1.088,0.39518896,1.609,0.6223251,0.3765,1.34376,1.124,2.2867756,1.63,1.5964689,1.314,1.5127876,1.386,1.3619423,1.122,1.4389284,0.749,1.9905357,0.9473,1.778847,0.9307,2.5802743,1.432,0.4742564,0.992,0.11827059,-0.164,0.36409312,0.565,1.8400325,1.207,1.1343001,1.434,1.5639058,1.487
2,XZY,patch_x15568_y4144,external_test,external_test,D:\AIPatho\Patch\visiumhd_patch\2\XZY\patch_images\patch_x15568_y4144.png,1.0532653,0.7866,-0.6603916,0.2443,1.1460594,1.064,0.7209091,-0.3708,0.48277366,0.783,0.89520735,1.042,0.0027875782,0.522,0.09202266,0.518,0.66502947,-0.1065,1.3572623,0.4355,0.9066072,0.375,1.2062687,0.49,-0.90037966,0.00689,0.9520686,1.679,1.4995173,0.2043,0.22489,0.0668,1.8282598,0.7534,1.5433834,0.836,1.9460368,1.059,0.6944018,-0.2479,0.22196528,-0.4868,0.43347052,-0.5947,0.6902929,-0.47,2.031745,0.9395,0.32037055,0.02573,-0.085656956,0.2534,1.3822275,0.675,0.8348638,0.3015,1.1463381,0.3198,1.6880406,1.047
2,XZY,patch_x15568_y4368,external_test,external_test,D:\AIPatho\Patch\visiumhd_patch\2\XZY\patch_images\patch_x15568_y4368.png,2.554181,0.3542,0.999145,0.568,0.8664912,1.398,0.87003493,-0.5303,0.49454463,0.832,2.6349285,0.516,1.5456878,0.3796,2.4826822,-0.1285,1.1253244,-0.0444,1.1630776,1.118,1.8992431,0.767,0.3429275,0.668,0.78640306,0.2124,2.2751775,2.246,0.75540984,0.56,0.53516406,0.2474,1.3056616,0.933,2.1392887,1.45,1.9865174,1.731,1.4382873,0.1342,0.745112,-0.1327,0.8813654,-0.339,0.28768706,-0.2169,1.7982994,1.181,1.505173,0.113,0.59486884,0.2578,-0.114833854,1.594,0.86931324,0.5796,1.1009066,1.021,1.7059884,1.723
2,XZY,patch_x15568_y4592,external_test,external_test,D:\AIPatho\Patch\visiumhd_patch\2\XZY\patch_images\patch_x15568_y4592.png,-0.637161,-0.786,1.3241932,0.6177,1.2429092,1.073,1.0073166,0.1802,0.492281,0.667,1.3115449,0.004616,0.43112937,0.2201,-1.2186131,-0.2886,1.3460846,0.4392,1.8709128,0.7026,1.840152,0.7695,1.6851742,0.6577,1.3031397,0.7163,2.6280532,1.147,0.5874408,0.3594,0.8785494,0.4805,1.9004987,0.9585,2.1853435,1.147,1.948387,1.329,1.1391202,0.664,1.1929878,0.5923,1.7837679,0.6133,1.4397169,0.681,2.2841597,0.788,0.59749734,0.4126,0.4757276,-0.1071,1.8176639,1.222,0.87851256,0.4282,1.959661,0.732,1.697751,1.393
2,XZY,patch_x15568_y4816,external_test,external_test,D:\AIPatho\Patch\visiumhd_patch\2\XZY\patch_images\patch_x15568_y4816.png,-1.413156,-1.084,0.82671773,0.8843,1.0278878,1.269,0.64137894,0.377,0.48730096,0.3176,0.48008287,0.1312,-0.06215372,1.01,-1.8389348,-0.2935,1.5185041,0.804,0.119474515,1.121,1.4465274,0.911,1.120197,0.92,1.990769,0.9585,1.6055917,1.661,-0.14291412,0.1913,1.3791028,0.9043,1.4185164,1.263,1.5873319,1.358,1.6119738,1.384,1.6048096,1.068,1.5847284,0.97,2.4107025,1.082,2.343348,1.026,2.0900977,1.146,0.8757052,0.963,0.38852894,0.3298,0.5150584,0.2161,1.3446833,1.078,0.7811309,1.203,1.4570994,1.535
2,XZY,patch_x15568_y5040,external_test,external_test,D:\AIPatho\Patch\visiumhd_patch\2\XZY\patch_images\patch_x15568_y5040.png,-0.36798579,-1.062,0.97808576,1.099,0.5636734,1.342,0.86757964,0.389,0.48051,0.3242,-1.2539067,0.2673,0.5526678,0.798,-0.57915264,-0.6094,1.3825927,0.747,-0.33945352,0.5454,1.5608209,0.8247,2.1225646,0.7817,2.0155332,0.782,0.9463244,1.763,0.14016978,-0.1265,1.4073575,1.187,1.7204231,1.115,1.0706635,1.374,1.2387152,1.397,1.444585,1.287,1.8242042,1.073,2.914356,1.397,2.8305912,1.213,1.7926308,1.073,1.465926,1.022,0.9913658,0.1477,-0.44465744,0.8076,1.0440048,0.809,1.0500232,0.65,1.0335394,1.476
2,XZY,patch_x15568_y5264,external_test,external_test,D:\AIPatho\Patch\visiumhd_patch\2\XZY\patch_images\patch_x15568_y5264.png,-0.5048692,-1.663,1.1239673,0.9795,0.32666567,1.033,0.5496334,0.4849,0.47507724,0.4512,-1.8868306,-0.6377,-0.26232743,0.1973,-1.4455236,-1.095,1.3075407,0.997,-0.07867989,0.3057,1.5181427,0.8774,1.2623342,0.9995,2.8013463,1.432,-0.23962831,0.5186,-0.22276044,-0.79,1.3399192,1.473,1.4862452,1.216,1.0648979,0.858,1.0703094,0.922,1.3616645,1.355,1.7718487,1.464,2.8883336,1.806,2.7425487,1.752,2.0525725,1.347,1.5203893,1.291,0.46920758,-0.1969,-0.13112718,0.03134,1.9389226,0.9946,0.89372087,0.815,1.0532068,1.098
2,XZY,patch_x15568_y5488,external_test,external_test,D:\AIPatho\Patch\visiumhd_patch\2\XZY\patch_images\patch_x15568_y5488.png,0.81943816,-1.356,1.8795618,1.087,1.3936577,1.539,0.28097022,0.07855,0.48865914,0.546,0.3151777,-0.33,0.5729476,0.3064,0.25952235,-1.055,1.3021646,0.6436,1.3270969,0.4836,1.2051151,0.8467,1.5537988,1.245,1.7714069,1.309,2.1012425,1.341,0.071768455,-0.0675,1.316155,1.187,1.7996949,1.742,1.8832589,1.493,1.9917918,1.637,1.3701311,1.238,1.8527176,1.499,2.2876854,1.533,1.740039,1.46,2.0101976,1.183,1.334845,1.009,0.7155691,-0.2083,1.0370868,0.9775,1.9729362,1.096,1.4885643,0.7446,1.7614197,1.75
2,XZY,patch_x15568_y5712,external_test,external_test,D:\AIPatho\Patch\visiumhd_patch\2\XZY\patch_images\patch_x15568_y5712.png,-0.9211009,-1.174,1.2564532,1.182,1.1930861,1.243,0.48892525,0.341,0.4877537,0.529,-1.1669048,-0.3108,0.8521026,0.533,0.22057937,-1.095,1.3912456,0.8335,-0.126729,0.3052,1.1279314,0.8975,1.197954,1.22,1.835193,0.9893,0.89790857,1.007,0.105149895,-0.2401,1.2429734,1.184,1.2077217,1.114,1.3205228,1.269,1.6023101,1.393,1.6416867,1.265,2.1671066,1.143,2.5902565,1.263,2.358405,1.242,1.5037854,1.161,1.2743735,1.086,1.0578935,-0.03558,0.56212217,0.552,0.4729246,1.05,0.5450366,0.712,1.4281164,1.499
2,XZY,patch_x15568_y5936,external_test,external_test,D:\AIPatho\Patch\visiumhd_patch\2\XZY\patch_images\patch_x15568_y5936.png,-1.0063609,-0.674,1.3610245,0.704,0.77593714,0.8677,0.7263628,0.1836,0.48549002,0.5034,-1.1906801,-0.1584,-0.15289171,0.368,-1.4398946,-0.6704,1.2501504,0.5493,-0.63255364,-0.08527,1.2975652,0.5225,1.0975357,0.586,2.1003058,0.7134,0.42593455,0.781,-0.5231003,-0.369,1.3875455,0.93,1.1152072,0.76,1.5030454,0.776,1.5023543,0.902,1.5677607,0.9707,2.1158035,0.931,2.4958098,0.8784,2.448845,0.755,1.5931838,0.722,1.4018911,0.735,0.3789051,-0.015205,1.7038292,0.5757,1.1646107,0.551,0.37277395,0.2418,1.378981,1.029
2,XZY,patch_x15568_y6160,external_test,external_test,D:\AIPatho\Patch\visiumhd_patch\2\XZY\patch_images\patch_x15568_y6160.png,-1.1380862,-1.003,0.8155763,0.6953,0.7997661,0.7373,-0.23900917,0.1793,0.48911187,0.698,0.7462735,-0.474,0.77900344,0.2441,-1.1387534,-0.813,1.4719058,0.575,0.428318,-0.08997,1.4039891,0.5503,1.7374293,0.824,1.7299412,1.16,2.053677,0.4456,-0.70454764,-0.72,1.5683427,1.037,1.899403,1.048,1.0013307,0.6104,1.4595923,0.884,1.3061769,0.962,1.9086264,1.122,2.069565,1.141,1.8525321,1.118,1.3980869,0.8647,1.2780278,0.975,0.83611333,-0.2102,1.424873,0.4966,1.035228,0.779,0.78336716,0.4292,1.4385269,0.9966
2,XZY,patch_x15568_y6384,external_test,external_test,D:\AIPatho\Patch\visiumhd_patch\2\XZY\patch_images\patch_x15568_y6384.png,-1.2071332,-1.277,1.586451,1.016,1.0875432,1.349,0.19596507,0.278,0.49092278,0.668,0.51456076,-0.5723,0.34352747,0.1631,-1.2703273,-0.9595,1.1718609,0.4817,-0.31705165,-0.347,1.0383387,0.637,1.6386892,1.091,1.3225591,1.043,1.605285,0.5166,-0.22402641,-0.2402,1.3446611,1.001,1.1719697,0.933,1.7987717,1.334,1.9632871,1.524,1.4187993,0.997,1.4556909,1.098,2.2690344,1.386,2.598394,1.492,1.2794458,0.8945,1.1592453,1.011,0.46152985,-0.4673,1.0603789,1.055,0.14941876,0.728,0.84216875,0.2502,1.6111324,1.535
2,XZY,patch_x15568_y6608,external_test,external_test,D:\AIPatho\Patch\visiumhd_patch\2\XZY\patch_images\patch_x15568_y6608.png,-1.7244384,-1.488,1.6086102,1.27,0.86986315,1.224,-0.33383954,0.0964,0.4895646,0.658,0.42405638,-0.7705,-0.06606719,0.03403,-1.1406779,-1.299,0.9359875,0.3806,-0.55141044,-0.642,0.38769296,0.64,1.1129047,1.084,1.9424999,1.082,1.679506,0.5776,-0.35006693,-0.4453,1.2580343,1.209,2.5157783,0.933,1.3615491,1.267,1.9694997,1.423,1.0811057,1.146,1.1573923,1.266,2.018653,1.65,1.8853784,1.71,0.7287521,0.9263,0.572266,1.137,1.0578974,-0.1835,0.5498669,1.44,0.4407139,0.8594,0.27796605,0.1455,1.7179184,1.461
2,XZY,patch_x15568_y6832,external_test,external_test,D:\AIPatho\Patch\visiumhd_patch\2\XZY\patch_images\patch_x15568_y6832.png,-1.5903243,-1.444,1.1214317,1.166,1.3337965,1.53,-0.49089983,0.5293,0.4877537,0.676,-0.5179655,-0.943,0.8515595,0.146,-1.5844219,-1.245,0.818498,0.826,-0.7258274,0.2015,0.5423516,0.9272,1.8610303,1.186,0.77543956,0.6143,2.329404,0.5474,-0.33206254,0.0908,1.0357288,1.067,2.101553,1.053,1.6467593,1.535,1.8503206,1.725,0.9716634,1.063,0.6256271,0.9277,0.86571956,0.936,0.5583178,0.932,1.0700661,1.143,0.94117683,0.9453,0.8456829,-0.4358,-0.2038355,0.9326,1.3260033,0.737,0.89996547,0.558,1.692056,1.645
2,XZY,patch_x15568_y7056,external_test,external_test,D:\AIPatho\Patch\visiumhd_patch\2\XZY\patch_images\patch_x15568_y7056.png,-1.0911536,-1.128,1.1142473,0.816,0.6850813,1.093,0.40724453,0.43,0.48820642,0.433,-0.6538435,-0.3743,-0.2096697,0.289,-1.6518747,-0.6016,1.2457061,0.5503,-0.5231861,-0.1687,0.6253594,0.486,1.3933047,0.7393,1.2314658,0.3706,1.7075248,0.737,-0.5614193,-0.0559,0.951276,0.7573,1.5421823,0.2188,0.8422376,1.176,1.4808975,1.204,1.3564962,0.949,1.8943995,0.8105,1.1418738,0.927,1.1349769,0.9546,1.0106325,0.8096,1.050202,0.8013,0.6667254,0.0271,-0.49762753,0.489,0.6777823,0.4988,0.21762492,0.2242,1.3987901,1.23
2,XZY,patch_x15568_y7280,external_test,external_test,D:\AIPatho\Patch\visiumhd_patch\2\XZY\patch_images\patch_x15568_y7280.png,-1.7809519,-1.333,1.2696775,1.158,0.8234411,1.075,0.6392471,0.4138,0.48594275,0.4485,-1.0585654,-0.522,0.16707529,0.3225,-1.7356693,-1.373,1.6412351,0.623,-0.5983958,0.02039,1.2811375,0.772,1.3911313,1.048,1.5013716,1.048,1.6915091,0.552,0.5927946,-0.09717,1.0104128,1.13,1.8754323,0.8657,1.0847063,1.185,1.4234623,1.329,1.195807,1.134,1.3670807,1.085,2.0109026,1.368,2.264493,1.305,1.5025525,0.993,1.1070541,1.063,1.1351173,-0.001943,-0.41810557,0.3447,0.40708244,0.6943,1.0307237,0.533,1.4581617,1.409
2,XZY,patch_x15568_y7504,external_test,external_test,D:\AIPatho\Patch\visiumhd_patch\2\XZY\patch_images\patch_x15568_y7504.png,-1.6721423,-1.468,1.1546097,1.074,0.30385858,0.6313,0.81742096,0.7754,0.48911187,0.4785,-0.7493977,-0.6313,0.81004673,-0.02197,-1.2073373,-1.327,1.457604,0.877,-0.57017374,0.0236,1.1758493,0.851,1.5009112,1.141,1.8641795,0.979,1.8637432,0.2467,-0.8688661,0.1604,1.1356549,0.992,1.3794376,0.73,0.5412724,0.768,0.5631289,0.825,0.9884398,0.9824,1.5798142,0.6,1.089152,0.7686,1.3451716,0.7803,0.93384725,1.173,1.5399028,0.8394,1.239738,-0.3152,-0.7979971,0.05777,0.8810296,0.7485,0.4604,0.639,0.47801894,0.9233
2,XZY,patch_x15568_y7728,external_test,external_test,D:\AIPatho\Patch\visiumhd_patch\2\XZY\patch_images\patch_x15568_y7728.png,-1.4837288,-1.165,1.7287983,0.9956,0.60493135,0.4714,1.2047473,1.012,0.48820642,0.278,0.6289135,-0.756,0.5311088,-0.1956,-1.4981934,-0.9526,1.4488322,0.6973,-0.29850447,-0.506,1.1403434,0.6216,2.2337735,0.735,1.7342398,0.8135,1.8098409,-0.4307,0.64985865,0.03528,1.1140124,0.5303,1.4253696,0.3962,0.83583206,0.6167,0.8231664,0.6104,0.99373114,0.6553,1.4262815,0.5347,0.3416923,0.597,0.5651792,0.608,1.5501577,0.749,1.0826645,0.6523,1.1332299,-0.743,-0.0451623,-0.3052,0.95073134,0.5093,1.0955608,0.05585,0.49003914,0.6836
2,XZY,patch_x15568_y7952,external_test,external_test,D:\AIPatho\Patch\visiumhd_patch\2\XZY\patch_images\patch_x15568_y7952.png,-1.3767116,-1.124,0.39267892,0.5327,0.9232307,0.4795,0.53368247,0.8027,0.492281,0.525,-0.29691938,-1.222,1.3933027,-0.1661,-1.4141381,-1.442,0.7941201,0.4995,-0.071050264,-0.2186,1.2357916,0.737,0.7646884,0.7227,1.7982911,1.017,1.3722296,-0.4995,0.3127192,0.1815,1.0291408,0.59,1.7191046,0.505,1.4946139,0.7183,1.1283827,0.622,0.9566964,0.8296,2.0732381,0.949,2.000097,0.8975,2.2621417,0.951,0.6299776,0.923,1.1728019,0.5938,0.7206032,-0.4478,-0.37209114,-0.3704,0.6695661,0.6504,0.75953937,0.3289,1.1474264,0.7944
2,XZY,patch_x15568_y8176,external_test,external_test,D:\AIPatho\Patch\visiumhd_patch\2\XZY\patch_images\patch_x15568_y8176.png,-1.6352398,-1.265,0.8474449,0.795,1.2548224,0.8247,1.1347846,0.6177,0.49182826,0.4172,1.1572611,-0.7964,1.074239,0.1312,-1.618496,-1.268,1.1017578,0.654,0.9908228,0.2825,1.5582368,0.7915,1.3843182,0.9473,0.8139447,0.8223,2.384141,0.2269,-0.5412797,0.2484,0.9703785,0.6255,1.7721063,0.883,1.4799392,1.044,1.6772217,1.043,1.3034188,0.851,1.5956329,0.822,1.9889293,0.881,1.8854581,0.9194,1.6123596,1.022,1.1003009,0.791,1.2110087,-0.3152,-0.18502656,0.3098,0.56627876,0.665,1.6326182,0.5713,1.4327095,1.083
2,XZY,patch_x15568_y8400,external_test,external_test,D:\AIPatho\Patch\visiumhd_patch\2\XZY\patch_images\patch_x15568_y8400.png,-0.54455537,-1.149,1.5206684,0.846,1.4569613,1.081,0.6207787,0.5806,0.492281,0.5845,0.9750325,-0.3113,1.1676806,0.256,-0.056312945,-1.053,1.0290661,0.4219,1.0702466,0.1581,1.5987827,0.872,1.6343535,0.8594,1.2765559,0.67,2.0818796,0.3574,0.3974507,0.3352,1.1809368,0.7324,1.9926798,0.5684,1.8642671,1.281,1.6510645,1.37,1.1599116,0.914,1.2843215,0.5107,2.018148,0.2656,1.4999477,0.2057,0.8789454,0.783,1.4075134,0.673,1.825118,-0.3357,0.04348728,0.965,0.5234759,0.5137,0.9063255,0.4663,1.6023546,1.406
2,XZY,patch_x15568_y8624,external_test,external_test,D:\AIPatho\Patch\visiumhd_patch\2\XZY\patch_images\patch_x15568_y8624.png,-1.9512305,-1.457,1.4403195,0.3323,-0.45248827,-0.1848,1.560712,0.663,0.49182826,0.427,-0.9636655,-0.592,0.45166457,-0.10596,0.16168499,-1.17,1.8174294,0.6646,-0.9462001,-0.3745,1.3381238,0.6855,1.6590371,1.245,2.6655722,1.093,0.70138043,-0.505,-0.58736867,-0.772,1.3153825,0.9165,1.3704265,0.3452,0.1423452,-0.1804,0.48099482,-0.2595,1.2772101,0.8315,2.4020784,0.7515,2.09157,0.739,2.12796,0.6265,1.4266375,0.9463,1.3413206,1.06,1.0919275,-0.1895,-0.89965,-0.6074,1.4520179,1.108,0.9536633,0.468,0.31419381,0.0753
2,XZY,patch_x15568_y8848,external_test,external_test,D:\AIPatho\Patch\visiumhd_patch\2\XZY\patch_images\patch_x15568_y8848.png,-1.2118117,-1.742,1.4347979,0.9746,0.78060955,0.9854,-0.16627362,0.2379,0.49273372,0.6343,-0.89655536,-1.076,0.44771194,-0.1321,-1.8601441,-1.474,0.67600757,0.4407,0.111069195,-0.9,0.99604166,0.8184,0.73957944,1.231,2.2342045,1.817,1.9010966,-0.04846,-0.27480555,-1.124,1.2206663,1.308,1.9440918,1.189,1.2805952,0.9707,1.5158572,1.213,1.4565284,1.214,2.3821225,1.604,1.9672921,1.607,1.9937934,1.59,1.7411516,1.32,0.93108934,1.151,0.6277627,-0.609,-0.42878777,1.265,0.72264785,1.034,1.6266445,0.1935,1.1565661,1.302
2,XZY,patch_x15568_y9072,external_test,external_test,D:\AIPatho\Patch\visiumhd_patch\2\XZY\patch_images\patch_x15568_y9072.png,-1.459317,-1.555,0.9255735,0.9595,0.4876132,0.888,0.23964271,0.194,0.48820642,0.538,0.5031055,-0.281,0.023047015,0.2727,-1.8640558,-1.102,0.8513882,0.596,0.20652078,-0.3545,1.3238994,0.601,1.5133227,1.013,1.7168885,1.611,1.9977021,0.564,0.10774868,-0.902,1.2431569,1.291,1.70883,0.858,0.9143198,0.7583,0.9333455,0.94,1.2822012,1.25,2.1202734,1.632,2.5357661,1.821,2.5486743,1.799,1.0378581,1.008,1.2543792,1.308,0.476133,-0.2352,-0.7701441,-0.02032,1.5643427,0.8975,1.8533653,0.4148,0.87222016,1.076
2,XZY,patch_x15568_y9296,external_test,external_test,D:\AIPatho\Patch\visiumhd_patch\2\XZY\patch_images\patch_x15568_y9296.png,-1.9189671,-1.3,0.9347523,1.066,0.48405296,0.8916,0.08045452,0.2727,0.492281,0.698,0.17383143,-0.6245,0.979128,0.1577,-0.1340802,-0.939,1.1998641,0.7505,0.0040168553,-0.2196,1.3255804,0.764,1.2455165,0.9917,1.4287963,1.179,2.7021372,0.0769,0.6997345,-0.7954,1.5111339,1.181,1.5328883,0.777,1.0408696,0.8325,1.2150388,0.9824,1.4304538,1.18,2.3137426,1.333,2.390798,1.621,2.142782,1.53,1.7363994,0.8545,1.6290737,1.075,0.88983935,-0.2434,-1.003502,0.315,1.5672414,0.867,1.3430893,0.308,1.0446086,1.084
2,XZY,patch_x15568_y9520,external_test,external_test,D:\AIPatho\Patch\visiumhd_patch\2\XZY\patch_images\patch_x15568_y9520.png,-2.0180767,-0.735,1.5508075,0.684,0.25047377,0.10596,0.639594,0.976,0.48820642,0.4424,2.1904726,0.1125,0.35602224,-0.11816,-1.358843,-0.1658,1.1809081,1.144,0.04785241,0.2002,1.3190844,0.7983,1.4131968,0.7246,1.8541497,0.4326,1.8424896,0.2742,0.02829033,-0.261,0.84141636,0.841,1.8101482,0.7188,0.6360024,0.11273,0.24117024,-0.0068,1.2338952,0.918,2.0873523,0.4265,2.2547953,0.6045,2.082049,0.5005,1.3857349,0.693,1.2995355,0.663,0.78721243,-0.4172,-0.46762133,-0.3457,1.2529445,0.584,1.538998,0.7563,0.22420247,0.001892
2,XZY,patch_x15568_y9744,external_test,external_test,D:\AIPatho\Patch\visiumhd_patch\2\XZY\patch_images\patch_x15568_y9744.png,-1.9450098,-1.687,1.2912557,0.718,0.10497411,0.7544,0.6924011,0.3894,0.48820642,0.4795,1.9479883,-0.9517,0.75784826,-0.02728,3.0504677,-1.675,0.75390565,0.654,-0.17209187,-0.576,1.5878724,0.703,1.8421378,1.167,2.0633652,1.646,1.9676983,0.04318,1.1934056,-0.673,1.0946641,1.102,1.2073426,1.008,0.6964198,0.6816,0.6701434,0.8564,1.5184703,1.183,1.7634237,1.492,2.3829398,1.382,2.4874113,1.457,1.588353,1.001,0.8295595,1.137,0.50126404,-0.3215,-0.3781636,-0.0723,1.137089,0.8604,1.18798,0.314,1.0501494,1.026
2,XZY,patch_x15568_y9968,external_test,external_test,D:\AIPatho\Patch\visiumhd_patch\2\XZY\patch_images\patch_x15568_y9968.png,-1.8476927,-0.8423,1.5078471,0.802,0.83576655,1.1,0.6691612,0.3767,0.48911187,0.4685,1.9552575,-0.0734,0.080960475,0.3616,-1.0002964,-0.4836,0.6927549,0.597,0.73797727,0.4236,1.2032567,0.6875,1.5813686,0.7617,1.7150981,0.9688,2.267649,0.9185,0.6209917,0.02548,1.2726241,0.7275,1.4900497,0.8853,1.2795669,0.958,1.1718955,1.132,1.5042024,0.867,1.8365512,1.111,2.2576377,1.028,1.9587665,0.9775,1.3896797,0.9155,0.62878907,0.867,0.78423434,-0.279,-0.75679684,0.1603,0.7409249,0.747,1.8924166,0.5815,1.4034861,1.242
2,XZY,patch_x15792_y10192,external_test,external_test,D:\AIPatho\Patch\visiumhd_patch\2\XZY\patch_images\patch_x15792_y10192.png,-1.9731611,-1.235,0.557324,0.519,0.7010708,0.568,1.1390061,0.3115,0.48684824,0.3967,-0.050157618,-0.1956,0.54295915,0.3418,-1.1414975,-0.9604,1.5778787,0.468,0.8006709,0.08527,1.4079326,0.812,1.8239263,1.218,1.9393386,0.904,1.3194276,0.403,-0.0059964773,-0.1807,1.0893185,0.853,1.5624392,0.5347,1.420481,0.58,1.3970459,0.6577,1.4799597,0.906,2.332816,0.94,2.3486848,1.053,1.9350946,0.997,1.80345,0.978,0.78159845,0.984,0.41113898,-0.06964,-0.61856896,-0.4229,1.526052,1.013,1.9497079,0.6274,1.569301,0.8105
2,XZY,patch_x15792_y10416,external_test,external_test,D:\AIPatho\Patch\visiumhd_patch\2\XZY\patch_images\patch_x15792_y10416.png,-1.3589984,-0.924,1.7069025,0.855,1.0150928,0.934,0.71788347,0.8164,0.48911187,0.4539,-0.6260457,-0.3975,0.49199694,0.1453,-1.395971,-0.907,1.0284495,0.5107,1.1493076,0.3,0.82578677,0.8945,1.0852948,0.8896,0.61075616,0.807,1.2968329,0.4287,-0.041568805,0.355,0.735921,0.637,1.5859061,0.3928,1.5677228,1.219,1.9579557,1.246,1.6221123,0.91,1.5174414,0.4614,2.0549626,0.2686,2.145736,0.297,1.8489546,0.8896,-0.09470608,0.7744,-0.2742806,-0.3394,0.72801244,0.801,1.0311416,0.9106,1.4184784,0.5806,1.7103399,1.326
2,XZY,patch_x15792_y10640,external_test,external_test,D:\AIPatho\Patch\visiumhd_patch\2\XZY\patch_images\patch_x15792_y10640.png,-1.8204902,-0.844,1.3806705,0.6245,0.6756429,0.681,0.7365452,0.5645,0.48186818,0.4673,1.2829769,-0.461,-0.006366526,0.344,-1.2513212,-0.8013,1.3776296,0.543,1.5529248,-0.01569,1.4971064,0.7476,1.1809727,0.8315,1.7425786,0.95,0.7211903,0.00931,0.3427284,0.09686,1.2024283,0.6543,1.5001967,0.56,1.4584041,0.957,1.6577744,0.8804,1.4083488,0.7554,1.5094093,0.827,2.0773435,0.722,2.0048592,0.633,1.9258269,0.8525,1.0149224,0.7305,0.16512379,-0.03458,-0.35821047,0.593,1.4089803,0.8247,1.6955786,0.5425,1.5501604,1.044
2,XZY,patch_x15792_y10864,external_test,external_test,D:\AIPatho\Patch\visiumhd_patch\2\XZY\patch_images\patch_x15792_y10864.png,-1.955237,-1.657,1.2000595,1.205,0.79127586,0.7065,0.89285606,0.5923,0.47054994,0.3794,-0.5335343,-0.871,-0.38123137,0.1179,-1.8692712,-1.486,1.54392,0.9478,1.6638122,-0.01564,1.9146252,0.88,1.96403,1.5,1.6256927,1.269,0.08971971,0.1095,0.4706844,-0.552,1.4006975,1.453,1.6084915,0.849,1.6449512,0.7476,1.5388207,0.7705,1.5652273,1.349,1.9347196,1.235,2.387526,1.479,2.5895126,1.452,1.5526294,1.316,1.4279951,1.249,-0.36130637,-0.1205,-0.3796991,-0.5015,1.8494419,1.14,1.9196593,0.81,1.4732772,0.9106
2,XZY,patch_x15792_y11088,external_test,external_test,D:\AIPatho\Patch\visiumhd_patch\2\XZY\patch_images\patch_x15792_y11088.png,-1.7387776,-1.107,1.0460771,0.8784,1.0614954,1.226,1.0296687,0.616,0.47054994,0.548,-0.0084120035,-0.0822,-0.3314638,0.7515,-1.7028121,-0.8423,1.2792505,0.6216,1.8613588,0.7373,1.0412908,1.021,1.3059542,1.379,2.1047652,0.8374,1.402108,0.9897,0.8289561,0.341,1.3111953,0.9023,1.2029423,1.061,1.4557008,1.311,1.7067566,1.324,1.4498515,1.059,1.5689144,0.764,1.8809192,0.9316,1.9563301,0.8843,1.8162898,1.094,1.1174577,0.834,-0.4144586,0.06537,0.04558754,0.3108,1.6234603,0.7266,1.3154768,0.8843,1.6467814,1.32
2,XZY,patch_x15792_y11312,external_test,external_test,D:\AIPatho\Patch\visiumhd_patch\2\XZY\patch_images\patch_x15792_y11312.png,-1.8263947,-1.125,1.6997228,1.443,1.2185056,1.469,0.8742859,0.03775,0.48911187,0.6226,2.748109,-0.5317,0.21468374,0.2228,0.53958565,-0.5317,0.9319013,0.4297,2.075056,0.748,1.8544792,1.247,1.3323357,1.766,1.7105771,1.22,2.0070295,1.567,0.26291752,0.3933,0.80509377,1.043,1.176144,1.052,2.1883292,1.918,1.967173,2.002,1.302105,1.073,1.3222569,0.833,1.2532519,1.063,1.0664319,1.112,1.5471158,1.487,0.8289827,0.974,0.04669323,-0.3162,3.1361654,2.104,1.66842,1.193,1.5929397,1.173,1.8010422,1.83
2,XZY,patch_x15792_y11536,external_test,external_test,D:\AIPatho\Patch\visiumhd_patch\2\XZY\patch_images\patch_x15792_y11536.png,0.47828883,-1.371,1.9672612,1.401,0.93283105,1.08,0.2824598,-0.157,0.492281,0.6064,-0.82589775,-0.9097,0.42720047,-0.3022,0.4838819,-1.294,1.0557554,0.137,3.0096424,-0.8564,1.9885396,0.9194,2.2049978,1.016,0.4884342,1.091,0.5072192,1.115,0.58771485,-0.0775,1.0151441,0.928,0.9486172,0.5864,2.408355,1.782,2.1489666,1.797,0.9516433,0.941,0.131248,0.9067,0.9950857,0.7495,1.2880741,0.8486,2.3860703,1.119,1.2357435,0.8105,-0.5995246,-0.11273,3.8133135,3.625,1.5953617,0.942,2.5524933,0.1467,1.8148576,1.722
2,XZY,patch_x15792_y11760,external_test,external_test,D:\AIPatho\Patch\visiumhd_patch\2\XZY\patch_images\patch_x15792_y11760.png,-1.3886259,-0.745,1.7885125,0.653,1.2229187,1.053,0.50231946,0.4133,0.4850373,0.259,0.51715875,-0.651,-0.21399032,-0.4033,0.36381143,-1.116,1.2954513,0.5806,2.4445531,0.02608,1.462555,0.536,1.4206082,0.4084,1.3063495,0.8433,1.058531,-0.02031,1.2307352,0.3718,1.1731393,0.508,0.5332092,0.293,2.1978626,1.284,2.100202,1.318,1.5316069,0.7188,1.507667,0.8135,2.5273178,0.9497,2.3504238,0.94,2.3049452,0.664,0.95842373,0.6587,-0.97997534,-0.4998,0.9721545,0.509,1.4971441,0.3562,1.8797481,0.255,1.8228513,1.306
2,XZY,patch_x15792_y3472,external_test,external_test,D:\AIPatho\Patch\visiumhd_patch\2\XZY\patch_images\patch_x15792_y3472.png,0.042557675,-0.608,0.76578885,0.6147,0.33491045,0.817,0.8570913,1.112,-2.8552053,0.376,-0.45709524,-0.6562,-0.361197,-0.05872,-0.29377687,-0.7593,0.43236592,0.738,1.5303199,0.484,0.4818202,0.8086,-0.06415534,0.6577,-1.3306705,0.2052,-0.39060587,-0.2478,1.2145392,0.7744,-0.88990617,0.2496,0.73661345,0.2451,0.11319753,1.102,-0.0034099135,0.89,0.58287424,0.628,0.28756693,0.328,-0.1244599,0.3962,-1.1674945,0.345,-0.05198853,0.5806,-1.5031894,0.526,-1.0942818,-0.003048,-0.5920695,0.1902,-1.2061309,0.585,-0.13080063,0.545,0.13672343,0.9624
2,XZY,patch_x15792_y3696,external_test,external_test,D:\AIPatho\Patch\visiumhd_patch\2\XZY\patch_images\patch_x15792_y3696.png,1.0245131,-0.6426,1.4073106,0.9546,1.1233552,1.341,0.41272035,0.5317,0.43750066,0.781,0.3839951,0.433,0.15437713,0.878,-0.28877842,-0.014275,1.7238568,0.7163,1.6741978,1.613,0.5827535,1.4795,0.33362043,0.8643,-0.48105675,0.5146,-0.5753412,1.158,1.3964982,0.831,-0.040694226,0.5938,0.17586535,1.212,1.7116029,1.545,1.5426477,1.536,1.0237812,0.819,0.29035434,0.3857,0.5957234,0.4832,0.20841634,0.565,1.548023,1.304,-0.14522734,0.49,0.21699095,0.311,-0.09121134,0.7065,0.60317725,0.818,0.20343846,1.576,1.4298766,1.571
2,XZY,patch_x15792_y3920,external_test,external_test,D:\AIPatho\Patch\visiumhd_patch\2\XZY\patch_images\patch_x15792_y3920.png,2.5402417,0.05756,0.9940188,0.6772,1.4651076,1.067,0.45021898,-0.02141,0.48865914,0.593,2.095134,0.888,1.3253936,0.2218,-1.0049876,0.8916,1.1422395,0.0731,2.0547125,1.001,1.3321798,0.4832,1.9980738,0.3582,-0.26713297,0.26,1.1106902,1.715,1.0958375,0.578,0.5790081,0.148,-0.118129194,0.895,1.142854,1.172,1.6457072,1.428,0.89780396,0.2507,-0.09779615,0.0523,0.47143662,-0.00785,0.8757093,0.0921,0.6667954,0.657,-0.53258544,-0.09796,1.0320728,0.0583,1.1686893,1.36,0.4879791,0.2585,1.5807382,0.7466,1.3426462,1.324
2,XZY,patch_x15792_y4144,external_test,external_test,D:\AIPatho\Patch\visiumhd_patch\2\XZY\patch_images\patch_x15792_y4144.png,0.099891596,-1.276,0.7329757,0.935,0.9168836,1.094,0.895351,0.2751,0.4700972,0.407,-0.751789,-0.1372,0.16344418,0.476,-0.19772102,-0.4956,1.5051512,0.597,1.0823449,0.4304,1.5394974,0.6445,1.63619,1.156,0.83789134,0.7417,1.4198549,1.41,0.53036785,-0.1923,1.1737053,1.095,1.497495,0.7495,1.5310577,1.09,1.4016428,1.314,1.6200286,1.004,1.4687834,0.7964,1.2856381,0.897,1.0271493,0.8584,1.5771389,1.021,0.76810604,0.9575,-0.32398316,-0.08405,0.043676287,0.1372,0.9761321,0.946,0.121867694,0.7627,1.6281304,1.406
2,XZY,patch_x15792_y4368,external_test,external_test,D:\AIPatho\Patch\visiumhd_patch\2\XZY\patch_images\patch_x15792_y4368.png,1.3556503,-0.474,1.6186264,0.4565,1.0656952,1.174,0.97861046,-0.012505,0.48594275,0.5454,-0.22193149,0.334,0.5737727,0.00702,1.6416366,-0.4358,0.61887723,0.2903,0.5379063,0.856,1.4915589,0.6616,0.5800034,0.566,0.4013509,0.11835,2.5073116,1.241,0.606103,0.5225,1.0930879,0.2153,1.6707827,0.7593,2.1309006,1.174,2.078979,1.392,1.3390175,0.4155,1.658027,0.02922,2.069588,-0.01497,2.0786436,0.0321,1.5775436,0.599,0.41431102,0.1888,0.28270534,-0.2256,1.829562,0.976,1.8349237,0.2443,1.7825857,0.6274,1.8234485,1.443
2,XZY,patch_x15792_y4592,external_test,external_test,D:\AIPatho\Patch\visiumhd_patch\2\XZY\patch_images\patch_x15792_y4592.png,-1.2462982,-1.175,1.5380466,1.078,1.0761489,1.346,0.7549935,0.2397,0.49137554,0.519,3.1020534,0.6675,0.72132236,0.7993,3.3835454,-0.0727,1.3645388,0.568,1.537314,1.175,1.6956811,1.133,1.0890156,1.399,1.1818497,1.268,2.061376,2.195,0.2159155,0.3171,1.1874582,1.003,2.062627,1.645,1.8307701,1.559,1.89829,1.7,1.462005,1.077,0.97778034,0.9854,2.283459,1.222,2.2941332,1.162,1.4962147,1.431,1.191076,1.04,0.6121818,0.07025,1.1759068,0.5537,1.0611782,1.309,1.7644111,1.328,1.72673,1.675
2,XZY,patch_x15792_y4816,external_test,external_test,D:\AIPatho\Patch\visiumhd_patch\2\XZY\patch_images\patch_x15792_y4816.png,-1.954499,-0.7866,1.3354303,0.825,0.8284753,0.81,0.7293689,0.38,0.48141545,0.4727,0.90925133,-0.06006,0.6768769,0.342,-1.8672719,-0.337,1.4030442,0.6714,0.6711347,0.31,1.6634116,0.637,1.6817915,0.662,2.1343458,0.779,1.5198734,0.733,0.21453603,-0.3499,1.4407045,1.0205,1.4036525,1.12,1.4407386,0.6245,1.4499644,0.6035,1.6988401,0.948,1.8927249,0.9126,2.286759,1.305,2.0240965,1.229,1.8786265,0.9116,1.5110207,0.787,0.36102772,-0.04102,-0.49843827,0.01181,1.0644137,0.6587,1.3344877,0.602,1.3968282,0.738
2,XZY,patch_x15792_y5040,external_test,external_test,D:\AIPatho\Patch\visiumhd_patch\2\XZY\patch_images\patch_x15792_y5040.png,-1.9386836,-1.043,1.2434828,0.9995,0.3730362,0.726,0.98181456,1.086,0.46828628,0.3254,-0.6749311,-0.621,-0.29548216,0.1243,-0.84996253,-0.9395,1.4779633,1.284,0.10917213,0.6475,1.4125706,0.896,0.52617186,0.549,1.8559302,0.4968,0.50494283,0.539,-0.39352444,0.010735,1.4088901,1.16,1.6367824,1.307,1.2933257,0.812,1.0353041,0.6084,1.4284701,1.125,2.002585,0.4792,2.5625224,1.076,2.53154,0.9897,1.6765968,0.924,0.869766,0.7944,0.08360426,-0.4482,-1.0415168,-0.1743,0.8617057,0.5474,0.5496785,0.806,1.1554298,0.665
2,XZY,patch_x15792_y5264,external_test,external_test,D:\AIPatho\Patch\visiumhd_patch\2\XZY\patch_images\patch_x15792_y5264.png,-1.8901832,-1.541,1.308125,1.26,0.8433151,1.309,0.44044003,0.4243,0.48232093,0.389,-1.183883,-0.02739,0.48184773,0.519,-0.6079258,-0.684,1.5404035,0.732,0.35644102,0.6987,1.5810463,1.043,1.7803557,1.143,1.016869,1.291,0.2805089,0.8364,-0.3233456,-0.2357,1.346461,1.083,1.5461782,1.229,2.156893,1.298,1.8398935,1.42,1.496357,1.291,1.8736641,1.415,2.5708687,1.692,2.2913878,1.71,1.7354357,1.188,1.0519102,1.249,0.49037966,-0.1537,0.6906291,0.3408,1.1651418,0.953,0.73958987,0.9424,1.6440748,1.553
2,XZY,patch_x15792_y5488,external_test,external_test,D:\AIPatho\Patch\visiumhd_patch\2\XZY\patch_images\patch_x15792_y5488.png,-0.5656768,-1.34,0.86871797,1.224,1.7999449,1.179,0.65192276,0.0928,0.48141545,0.6133,-1.6149082,-0.744,0.17880745,-0.3994,-1.0758861,-0.9194,1.54275,0.3281,0.8487923,0.3533,1.7668744,1.044,0.5157383,1.149,1.5787802,0.7964,0.47751468,0.4412,0.18464023,-0.0333,1.3392462,1.154,1.690107,0.9014,1.9798871,1.344,1.7087573,1.447,1.2865515,1.012,1.4606445,0.8843,1.9803833,0.6787,2.3915334,0.798,0.7854731,0.9478,0.5464627,0.9043,0.28933877,-0.3809,2.8461707,2.018,0.78299123,0.7534,0.7783062,0.72,1.6613002,1.416
2,XZY,patch_x15792_y5712,external_test,external_test,D:\AIPatho\Patch\visiumhd_patch\2\XZY\patch_images\patch_x15792_y5712.png,-1.1280081,-1.006,0.99890566,1.123,0.835275,1.298,0.28272104,0.2778,0.48549002,0.6167,-0.4122531,-0.2937,0.049147848,0.2988,-0.8508903,-0.653,1.5427108,0.6978,-0.0635712,0.5293,1.3559254,0.796,1.3427181,0.996,2.073772,0.968,1.3770144,1.111,-0.1259937,-0.1531,1.0971915,1.096,1.7280979,1.358,1.3678808,1.258,1.7664647,1.506,1.484011,0.9575,2.0585792,0.9316,1.9270211,1.279,1.6922402,1.129,1.6969615,1.013,1.7223665,0.946,0.65649956,-0.4424,1.1911123,0.998,0.10440992,0.995,1.1344007,0.781,1.5673556,1.601
2,XZY,patch_x15792_y5936,external_test,external_test,D:\AIPatho\Patch\visiumhd_patch\2\XZY\patch_images\patch_x15792_y5936.png,-1.1904826,-0.873,1.3430861,0.977,0.8260719,1.2705,-0.045629032,0.02199,0.48820642,0.6733,-0.52057374,0.205,0.35377422,0.6772,-0.06372303,-0.7026,1.1387181,0.5747,-0.02911665,0.422,1.2637538,0.792,2.3466504,1.0205,2.7721448,1.052,1.2961389,1.275,0.20082381,-0.05182,1.1537874,1.055,0.79199445,1.235,1.4244107,1.272,1.7297792,1.406,1.496781,1.027,2.2330883,1.179,2.3953564,1.331,2.2970786,1.158,1.6918389,1.149,1.2480175,1.072,0.62921405,-0.001894,-0.57292897,0.684,0.59847397,0.86,1.3551556,0.7383,1.6214398,1.491
2,XZY,patch_x15792_y6160,external_test,external_test,D:\AIPatho\Patch\visiumhd_patch\2\XZY\patch_images\patch_x15792_y6160.png,-1.1158686,-1.144,1.3892056,0.861,0.7161326,1.109,0.07741654,0.3218,0.48413184,0.759,-0.23698492,-0.1373,0.66895753,0.7583,-1.4823904,-0.7764,1.4150953,0.642,-0.6410716,-0.09174,0.8996318,0.7485,1.5899351,1.035,1.8130147,1.071,1.7403473,1.007,-0.8510448,-0.553,1.5098838,1.226,1.2847636,0.9404,1.2223656,1.082,1.3887339,1.244,1.4568931,1.236,1.9755176,1.337,1.9771167,1.528,1.9634204,1.545,1.7389091,1.082,1.5163174,1.15,0.44495013,0.2542,-1.1407305,0.4082,0.48196313,0.8535,1.2714512,0.3306,1.1583622,1.382
2,XZY,patch_x15792_y6384,external_test,external_test,D:\AIPatho\Patch\visiumhd_patch\2\XZY\patch_images\patch_x15792_y6384.png,-1.7284449,-1.29,0.99650985,0.8467,0.50326777,0.91,-0.36908674,0.0704,0.48865914,0.552,0.13594608,-0.581,0.3123606,0.1738,-1.6963797,-0.904,1.3090823,0.4392,-0.76660174,-0.503,0.6517987,0.619,1.1215501,0.9727,1.7621912,1.083,1.6942528,0.3274,-1.096029,-0.9937,1.2730873,1.161,1.546824,0.7915,0.84786034,0.7944,0.7255445,0.969,1.1788299,0.9795,1.8808818,1.352,2.1244626,1.645,2.3062582,1.543,1.2506598,0.776,1.2506243,1.174,0.7782663,-0.2201,-0.4786529,0.571,0.9126514,1.004,0.20187075,0.1722,0.8464197,1.173
2,XZY,patch_x15792_y6608,external_test,external_test,D:\AIPatho\Patch\visiumhd_patch\2\XZY\patch_images\patch_x15792_y6608.png,-1.7812682,-1.202,1.300108,0.662,0.8262412,0.3826,0.53431165,0.2126,0.49047005,0.542,1.8411907,-0.4688,0.9164736,0.3848,-1.3088773,-0.666,1.3216004,0.598,-1.0461165,-0.4727,1.0546076,0.4797,1.711996,0.7964,0.9464958,0.571,1.7856262,0.3516,0.10758911,-0.6484,1.1869849,0.9473,1.7347744,0.4817,1.0588794,0.1638,1.2620914,0.2598,1.174833,0.9062,1.1029432,1.001,1.8352274,1.093,1.410751,0.8984,0.6956472,0.6963,0.64323694,1.038,1.3305659,0.2197,-0.8846471,-0.238,1.0299953,0.8765,0.77551997,0.191,1.0899847,0.478
2,XZY,patch_x15792_y6832,external_test,external_test,D:\AIPatho\Patch\visiumhd_patch\2\XZY\patch_images\patch_x15792_y6832.png,-1.0501661,-0.9487,1.0893097,0.8125,1.30869,0.7246,0.47518125,0.1466,0.48820642,0.5625,2.099524,0.2874,0.9051908,0.1404,0.10633197,-0.01898,1.2918725,0.5493,-0.18286943,-0.1616,1.3919055,0.518,1.070619,0.919,0.68305874,0.3635,2.1784441,1.125,-0.7929129,-0.2927,0.9775955,1.017,2.454165,0.838,1.3278197,0.5107,1.6544997,0.7173,1.2933935,0.838,0.81821126,0.6704,1.478998,0.86,1.5249647,0.8057,1.2455062,0.7104,1.5895053,0.9106,0.92722654,-0.01688,-0.4688665,0.449,1.2509788,0.754,1.2907845,0.4304,1.6566283,0.817
2,XZY,patch_x15792_y7056,external_test,external_test,D:\AIPatho\Patch\visiumhd_patch\2\XZY\patch_images\patch_x15792_y7056.png,0.22055848,-0.892,1.8245591,1.052,1.2246196,1.422,-0.30888385,0.11053,0.49001732,0.7554,-0.7288104,-0.1225,0.72332674,0.5845,-0.512191,-1.096,1.0076249,0.3008,-1.1684176,-0.06647,1.152567,0.7397,0.9311818,0.991,1.2376372,0.8237,2.2089274,1.349,0.39941555,0.3667,1.0312928,0.822,2.2771366,0.771,1.2349595,1.553,1.9496199,1.777,1.322389,0.899,0.68126535,0.8906,1.5412406,1.025,1.000437,1.063,1.423773,0.964,0.55608064,0.843,1.0235842,0.08057,0.3178574,1.563,0.4522913,0.6035,0.49261323,0.3572,1.6147066,1.685
2,XZY,patch_x15792_y7280,external_test,external_test,D:\AIPatho\Patch\visiumhd_patch\2\XZY\patch_images\patch_x15792_y7280.png,-1.208779,-1.3545,0.8195375,1.23,0.8753029,1.276,0.52470493,0.2756,0.49001732,0.503,0.96511626,-0.203,0.6905484,0.264,-0.20948243,-1.243,1.2335988,0.4395,0.37320918,0.2323,1.4277128,0.916,0.6246146,1.351,1.2773001,1.001,1.8812463,1.293,0.43767416,0.2388,0.9566558,1.107,1.6144722,0.838,1.3391753,1.526,1.6927471,1.68,1.3396839,1.15,1.117948,0.9976,1.3474741,0.9243,0.80922043,0.9375,0.8609272,1.127,1.3568156,1.052,1.2435359,-0.1074,-0.4865023,1.068,0.28834373,0.798,0.9753282,0.681,1.598382,1.648
2,XZY,patch_x15792_y7504,external_test,external_test,D:\AIPatho\Patch\visiumhd_patch\2\XZY\patch_images\patch_x15792_y7504.png,-1.6973414,-1.237,0.7054803,0.8867,0.35039517,0.5767,-0.4595001,0.7207,0.4895646,0.592,0.13420892,-0.546,0.3604738,0.309,-0.82128364,-0.891,1.5211647,0.7666,-0.8019143,-0.1138,1.3292043,0.736,2.2085252,0.8457,1.3686167,0.2488,1.2064865,0.3647,-0.10150731,0.03723,1.2393569,0.8,1.6975788,0.404,0.60466987,0.705,0.32424507,0.609,1.1087661,0.827,1.2488784,0.487,2.006562,0.5264,1.6204635,0.3044,1.5138619,0.85,1.1066406,0.9194,1.3004491,0.08624,-0.7370648,0.01665,1.8034341,0.569,0.49466613,0.4575,0.4013523,0.703
2,XZY,patch_x15792_y7728,external_test,external_test,D:\AIPatho\Patch\visiumhd_patch\2\XZY\patch_images\patch_x15792_y7728.png,-1.7571235,-1.258,1.2462835,0.477,0.7231152,0.4385,0.79953456,0.10486,0.48865914,0.676,0.3894224,-0.8604,0.8992725,-0.475,-0.9825717,-0.946,1.3278826,0.4255,0.1572497,-0.6694,1.4039997,0.3467,1.1693382,0.7476,1.49086,0.9375,2.2457743,-0.2031,0.74365723,-0.7363,1.0786482,0.816,1.49132,0.4697,1.306456,0.24,1.2818612,0.3784,1.0227805,0.6797,1.338159,0.7017,1.1648002,0.431,0.9724241,0.3735,1.6030684,0.656,0.6289201,0.772,1.3654041,-0.575,-1.2130253,-0.2415,1.4263273,0.5137,1.0988946,0.00835,1.1694016,0.561
2,XZY,patch_x15792_y7952,external_test,external_test,D:\AIPatho\Patch\visiumhd_patch\2\XZY\patch_images\patch_x15792_y7952.png,-1.2590455,-0.4983,1.9389849,0.4814,1.0683994,1.028,0.34374815,0.317,0.49454463,0.4792,3.1165493,-0.07965,0.951987,-0.03708,-0.67681015,-0.5005,1.2886115,0.1598,0.6109223,0.2245,0.9673918,0.423,0.28124,0.3435,1.2690501,0.2825,2.0323727,0.1126,0.5754729,0.4316,0.92855245,0.2932,2.3074253,0.3296,1.7810205,1.047,1.6927054,1.005,1.42097,0.443,1.7521731,0.3428,1.1530771,0.2761,1.2132642,0.3154,1.4186281,0.2056,0.27961603,0.1547,1.5087855,-0.2213,0.35792565,0.7734,0.29653168,0.0862,0.2545579,0.1407,1.4141625,1.041
2,XZY,patch_x15792_y8176,external_test,external_test,D:\AIPatho\Patch\visiumhd_patch\2\XZY\patch_images\patch_x15792_y8176.png,-1.7812682,-1.127,1.4896854,0.8086,0.8587915,1.207,1.2968047,0.2411,0.49182826,0.4004,0.34873956,0.01955,0.8425,0.0784,-1.2000998,-0.7856,2.0806165,0.303,0.5302006,0.03644,1.3415527,0.639,1.5531628,0.946,1.3934554,1.183,2.1816275,0.694,0.21029685,-0.1896,1.206438,0.9673,1.7784178,0.699,1.7232425,1.203,1.5804105,1.33,1.2434623,0.9355,1.707418,1.019,1.1286465,1.1045,0.47130966,1.133,1.7873777,0.906,0.57838845,0.9204,1.1428533,-0.3948,0.29079515,0.5938,1.0255338,0.965,1.4585063,0.5425,1.3616155,1.493
2,XZY,patch_x15792_y8400,external_test,external_test,D:\AIPatho\Patch\visiumhd_patch\2\XZY\patch_images\patch_x15792_y8400.png,-1.7757856,-1.118,1.3151344,0.7505,0.8221341,0.3162,1.3643646,1.003,0.492281,0.4458,0.4535365,-0.415,-0.068410665,0.2118,-1.7314969,-0.719,1.5400692,1.0,-0.42575502,0.4263,0.7720333,0.718,1.4027756,0.8335,2.1664557,0.2083,1.0319097,-0.1489,-0.29683203,0.1675,1.1427746,0.6436,0.9860091,0.583,1.2595592,0.4226,0.9016656,0.287,0.9256168,0.8228,1.2018775,0.3926,2.069466,0.3323,1.9378953,0.07715,1.1304148,0.7466,1.3774292,0.8345,1.1344254,-0.1532,-0.82087106,-0.1946,0.7594772,0.693,0.61425644,0.806,0.91907394,0.382
2,XZY,patch_x15792_y8624,external_test,external_test,D:\AIPatho\Patch\visiumhd_patch\2\XZY\patch_images\patch_x15792_y8624.png,-0.9829554,-1.519,0.6795269,1.098,0.72084653,0.77,1.6053314,0.449,0.49001732,0.4617,-1.0377396,-0.638,1.200146,-0.1744,-1.7172414,-1.235,1.594558,0.4976,-0.57848126,-0.3264,0.9310821,0.605,1.4308146,1.025,1.7477468,1.063,2.1083584,0.2157,-0.46710548,-0.3154,0.9708349,0.922,1.6216738,0.553,0.82050496,0.7573,1.0896882,0.92,1.2855715,0.9316,1.5670983,0.915,2.1514683,1.098,1.909323,1.085,1.0586473,0.721,1.4955785,0.809,1.26854,-0.3367,-0.64516366,0.1693,0.96408004,0.5757,0.9906275,0.226,1.0019484,0.9365
2,XZY,patch_x15792_y8848,external_test,external_test,D:\AIPatho\Patch\visiumhd_patch\2\XZY\patch_images\patch_x15792_y8848.png,0.073490515,-1.152,1.1541733,0.933,0.96137476,1.025,-0.24884969,0.36,0.49001732,0.48,2.311161,0.06696,0.757958,0.585,-1.3438205,-0.3928,1.2806284,0.5537,1.2939694,0.747,1.0059586,0.7695,1.2734416,1.059,2.505238,0.716,2.4272127,0.9424,0.07808887,0.1436,1.1598622,0.8613,2.1226437,1.112,1.4312373,1.094,1.3810296,1.096,1.5475645,0.978,2.1121814,0.662,2.1694813,0.961,2.2431571,0.8867,1.6514518,0.8096,0.628592,0.823,0.7589741,0.0801,-0.6260156,0.2377,1.1432142,0.73,0.97186935,0.94,1.4960047,1.208
2,XZY,patch_x15792_y9072,external_test,external_test,D:\AIPatho\Patch\visiumhd_patch\2\XZY\patch_images\patch_x15792_y9072.png,-1.8316665,-0.626,1.3220075,0.963,0.6985029,0.901,0.8322247,0.2363,0.49047005,0.4404,0.4999042,0.3123,0.56040233,0.4504,-1.7764366,-0.1567,0.9143941,0.4192,1.0282017,0.5835,1.7273194,0.826,1.3412064,1.11,1.9811668,0.8545,2.2835345,0.8765,0.59629774,0.12213,0.70964926,0.793,1.5266029,0.941,1.0195484,0.8936,0.58317494,0.8984,1.5019925,0.867,1.9138353,1.037,2.517687,1.017,2.363259,0.9346,1.1366026,0.929,0.75352436,0.8247,0.5633171,-0.09686,-0.34024218,0.3687,0.9397532,0.8267,2.25936,0.9634,0.9971441,0.879
2,XZY,patch_x15792_y9296,external_test,external_test,D:\AIPatho\Patch\visiumhd_patch\2\XZY\patch_images\patch_x15792_y9296.png,-1.8899723,-1.199,1.444039,0.791,0.1253065,0.787,0.3720367,0.4678,0.49092278,0.2632,0.11060932,0.0335,0.22460103,0.4924,-1.8225931,-0.227,1.2711723,0.6494,-0.3887461,0.406,1.1024034,0.7544,1.6494693,0.742,2.3920496,0.8647,1.7852318,0.504,-0.34381428,-0.06067,1.1748675,0.883,2.168741,0.6255,0.19375627,0.813,0.022294698,0.7456,1.2473645,1.026,2.1361039,1.04,2.1005955,1.105,1.9832208,1.087,1.279302,0.718,1.0359621,0.864,1.0633533,-0.08276,-0.5936241,-0.1329,1.4903631,0.8345,1.1732887,0.6655,-0.120488286,0.835
2,XZY,patch_x15792_y9520,external_test,external_test,D:\AIPatho\Patch\visiumhd_patch\2\XZY\patch_images\patch_x15792_y9520.png,-1.8705722,-0.951,1.1908882,0.8257,-0.08646802,0.5522,0.52514315,0.351,0.4877537,0.5625,1.0299304,-0.05664,0.67378193,0.3044,-1.8014706,-0.3582,1.594156,0.4368,-0.5402803,-0.54,0.98389876,0.4153,1.4430794,0.7427,2.1533685,0.2625,1.8390117,0.5264,-0.38901246,-0.531,1.3310665,0.9673,1.9217411,0.4016,0.03675574,0.4202,0.15500358,0.624,1.3455058,0.8643,2.1388063,0.4949,2.0450006,0.5664,1.8242949,0.673,1.3847226,0.4658,1.3911827,0.5938,1.0362723,0.1884,-1.09657,0.2014,1.2489436,0.5474,1.0379484,-0.0984,-0.1005764,0.749
2,XZY,patch_x15792_y9744,external_test,external_test,D:\AIPatho\Patch\visiumhd_patch\2\XZY\patch_images\patch_x15792_y9744.png,-1.5657578,-1.011,1.572024,0.6553,0.71133584,1.053,0.66409695,0.2764,0.49092278,0.5713,0.024429386,-0.3281,0.049195506,0.2494,-0.27405307,-1.059,1.3449488,0.3025,0.10539142,-0.4067,1.2654464,0.5073,1.6658525,0.716,2.8054545,0.6304,2.3003929,0.534,0.29471165,-0.0855,1.054593,0.6724,1.8133756,0.474,0.82178324,1.078,0.727115,1.166,1.4046682,0.903,1.682676,0.819,1.9030298,0.8613,1.6790411,0.839,0.23836121,0.6143,0.6771567,0.5117,0.5702679,0.04688,-1.1646047,0.509,0.11597055,0.5225,0.51980644,0.0104,1.100177,1.264
2,XZY,patch_x15792_y9968,external_test,external_test,D:\AIPatho\Patch\visiumhd_patch\2\XZY\patch_images\patch_x15792_y9968.png,-0.98757344,-1.262,1.2999828,1.187,1.0417768,1.1455,0.58966523,0.64,0.48730096,0.4958,3.1132226,-0.3743,0.43972173,0.3096,0.21734463,-1.173,1.1689278,0.9443,0.6947494,0.2898,1.4334351,0.8477,1.3095436,1.057,1.3819243,0.8467,1.9003998,0.9897,0.28371406,0.0968,1.4857411,1.044,1.6860948,0.971,1.649357,1.218,1.5795125,1.46,1.3909725,1.14,1.9580269,0.9893,1.6979436,1.016,1.8644463,0.9688,1.9504683,1.132,0.9457953,0.9194,1.1213788,-0.2952,-0.3541055,0.934,1.1064651,0.9326,1.6608337,0.649,1.4788693,1.437
2,XZY,patch_x16016_y10192,external_test,external_test,D:\AIPatho\Patch\visiumhd_patch\2\XZY\patch_images\patch_x16016_y10192.png,-1.8612939,-0.967,1.3240176,0.8037,1.0137839,0.3855,0.8005346,0.9688,0.48639548,0.6113,1.8951142,-0.4172,0.32637453,-0.0926,0.80390555,-0.6377,1.0126864,0.865,1.2454728,0.2108,1.4394785,0.946,1.8473151,1.02,0.56421846,0.2551,2.1424656,0.1655,-0.71984047,0.3337,1.220039,0.7285,1.5051051,0.3438,1.7688007,0.5347,1.6946218,0.574,1.4620097,0.8174,1.4912169,0.2346,1.7193663,0.3452,1.5267485,0.2607,1.6557121,0.709,1.0613778,0.648,0.6263703,-0.443,-0.044052277,0.04434,0.57234067,0.672,1.5680934,0.6387,1.7142168,0.5825
2,XZY,patch_x16016_y10416,external_test,external_test,D:\AIPatho\Patch\visiumhd_patch\2\XZY\patch_images\patch_x16016_y10416.png,-1.2900435,-0.7354,1.3658936,1.013,1.0335742,0.954,1.5315558,0.9097,0.48730096,0.3396,-0.2555346,-0.4092,-0.16733862,0.3367,-0.48004317,-0.9717,1.0298696,0.6143,0.7398617,0.3105,1.0939357,0.8403,1.5970397,0.5493,1.1874353,0.4934,0.9548425,0.7407,1.1591204,0.7275,0.81623733,0.6113,0.46066737,0.6816,1.7020789,1.292,1.9407172,1.359,1.1529363,0.8022,1.821857,0.4045,1.2129501,0.6973,0.5019769,0.7207,1.1720183,0.9062,0.21597034,0.6055,0.3888135,0.01707,1.6695645,0.716,1.2429669,0.6143,0.44328773,0.577,1.7714726,1.294
2,XZY,patch_x16016_y10640,external_test,external_test,D:\AIPatho\Patch\visiumhd_patch\2\XZY\patch_images\patch_x16016_y10640.png,-0.89430946,-0.8174,1.5990417,0.562,0.5836054,0.513,1.188305,0.548,0.47960454,0.5073,-0.1537604,-0.4775,0.14858049,-0.2448,-1.6538739,-0.9956,1.9121221,0.4373,0.24039994,-0.2333,1.36206,0.4226,1.3222023,0.4902,1.1340218,0.7524,-0.15312804,0.02444,0.17858598,0.2744,1.074947,0.3064,0.8445177,0.203,1.1958225,0.55,1.1476771,0.59,1.4557611,0.4702,1.2761247,0.4534,0.6887006,0.3506,0.76065886,0.406,1.5033146,0.5015,0.82809585,0.2654,0.69694185,-0.6685,-0.35091957,0.0663,1.4643589,0.3142,1.0776383,0.01364,1.0363709,0.7812
2,XZY,patch_x16016_y10864,external_test,external_test,D:\AIPatho\Patch\visiumhd_patch\2\XZY\patch_images\patch_x16016_y10864.png,-1.7598648,-1.349,2.178324,0.8735,0.8840182,1.081,1.3256125,0.2114,0.48639548,0.55,-0.23597229,-0.8145,-0.22569834,-0.2607,-1.2879195,-1.531,1.7875011,0.4153,1.1614386,-0.427,1.5032053,0.573,1.9556967,1.233,1.1674709,1.056,1.1249927,0.819,0.62694865,0.1719,1.2385205,0.9585,1.2636222,0.872,1.9320936,1.145,1.8536179,1.403,1.4981235,1.002,1.9536864,0.91,0.8346782,0.8916,0.64710534,1.094,1.1653793,0.921,1.1882617,1.063,0.006887246,-0.3823,0.18299289,0.5635,1.1222651,0.7393,1.348781,0.2432,1.7306132,1.475
2,XZY,patch_x16016_y11088,external_test,external_test,D:\AIPatho\Patch\visiumhd_patch\2\XZY\patch_images\patch_x16016_y11088.png,-0.84525394,-1.049,1.4605565,1.0,1.0874101,1.357,0.9360605,0.1732,0.48639548,0.634,0.7449803,0.269,-0.15788583,0.4421,-1.7567048,-0.2522,1.3586944,0.369,1.7475221,0.1573,1.4852198,0.6196,1.6265848,0.903,2.399499,0.579,2.3472617,1.595,0.46941423,0.2822,0.8205918,0.8037,2.5492036,0.8906,1.79415,1.339,1.9148452,1.581,1.397433,0.7944,1.6246872,0.57,1.7838415,0.7393,1.6816231,0.8574,1.2107645,0.815,0.97302395,0.7295,0.25353968,-0.1818,0.3082298,0.9727,1.71067,0.86,1.4755081,0.3704,1.6782467,1.524
2,XZY,patch_x16016_y11312,external_test,external_test,D:\AIPatho\Patch\visiumhd_patch\2\XZY\patch_images\patch_x16016_y11312.png,-1.8908159,-1.432,1.6025435,0.9336,0.95497835,0.947,1.0992465,0.4287,0.48277366,0.591,-0.90035355,-0.4092,-0.6125461,0.387,-1.8165953,-0.875,1.0528814,0.585,1.1461556,0.1014,1.628624,1.001,1.591752,1.4375,1.9351045,1.089,0.8686502,0.63,0.0607768,-0.2913,1.0354434,1.087,1.4574379,0.553,1.7048627,1.094,1.8092761,1.236,1.5352832,1.145,1.7277098,0.979,2.5126808,1.204,2.6698735,1.19,1.5196649,1.222,1.0732611,1.125,-0.9646636,0.0644,0.008314488,0.355,1.3384439,1.189,1.0456192,0.7573,1.6489375,1.312
2,XZY,patch_x16016_y11536,external_test,external_test,D:\AIPatho\Patch\visiumhd_patch\2\XZY\patch_images\patch_x16016_y11536.png,0.89622146,-1.134,1.2369403,0.7964,1.14255,1.212,0.7958962,0.0953,0.4877537,0.609,1.8926693,0.0608,-0.33000645,0.305,0.3540335,-0.5366,1.2188663,0.335,1.5020716,0.5225,1.907872,0.72,1.4246212,0.9434,1.2700734,1.054,0.41609326,1.475,0.56154364,-0.192,1.153294,1.003,1.2681518,0.7715,2.2536943,1.27,2.0225556,1.486,1.5055119,1.113,1.0486606,1.172,1.6389763,1.202,1.1897101,1.26,1.6510264,0.9565,0.15604244,1.038,-1.1657664,-0.0001642,3.1720371,1.181,1.2408483,1.1875,0.8078814,0.7983,1.7592921,1.601
2,XZY,patch_x16016_y11760,external_test,external_test,D:\AIPatho\Patch\visiumhd_patch\2\XZY\patch_images\patch_x16016_y11760.png,-0.46996897,-0.4512,1.7126362,0.5664,0.9744773,1.082,0.7285456,0.1444,0.49182826,0.4517,-0.706302,-0.4106,0.21381684,0.1578,-0.59644634,-0.9463,1.1384532,0.08563,1.6657414,0.0845,1.6698196,0.6094,1.5247703,0.5176,-0.03390071,0.3586,0.16002834,0.8696,1.2120671,0.46,0.79977137,0.4495,0.46216905,0.1048,2.2742567,1.362,1.9949679,1.434,1.3690253,0.7686,0.67106974,0.4314,1.372713,0.6626,2.171122,0.775,2.0542417,0.7026,0.510173,0.5938,-0.40335774,0.2332,3.14052,2.182,0.43599004,0.2703,1.3545169,0.3308,1.862118,1.375
2,XZY,patch_x16016_y3920,external_test,external_test,D:\AIPatho\Patch\visiumhd_patch\2\XZY\patch_images\patch_x16016_y3920.png,1.6596841,-0.8477,0.65489215,1.187,0.9770151,1.079,0.7657615,0.8877,0.46375898,0.62,3.015442,0.7046,1.7211527,0.869,-0.4105077,0.02571,0.6588284,0.999,2.0278609,1.657,1.4099474,1.27,0.86493164,0.839,1.4018985,1.042,1.4736991,0.9224,1.3514373,0.9062,0.47072166,0.738,1.6673951,1.2295,1.1824256,1.469,1.2178079,1.422,0.9878204,1.0625,0.31627735,0.596,0.058904346,0.8193,0.17239356,0.776,1.9855872,1.294,0.021541253,0.7856,0.24557313,0.09546,1.2221787,0.4292,-0.16803345,0.771,1.5947264,1.581,1.1465114,1.467
2,XZY,patch_x16016_y4144,external_test,external_test,D:\AIPatho\Patch\visiumhd_patch\2\XZY\patch_images\patch_x16016_y4144.png,0.6197306,-1.287,1.316366,0.8657,0.82827544,1.128,0.5495694,0.6377,0.48096272,0.385,1.7676648,0.2244,1.1649312,0.7446,-1.8639688,-0.501,1.4236879,0.9575,0.4548824,1.358,1.7929206,1.395,1.0933654,1.504,1.897569,1.474,1.0536029,1.06,0.5876395,-0.1114,1.2227317,1.175,1.1909872,1.149,1.4696373,1.191,1.4806669,1.1455,1.4743962,1.311,1.5901729,1.414,2.577442,1.713,2.0772104,1.588,1.6484073,1.481,1.4221951,1.316,-0.22234826,-0.0673,0.124850936,0.02666,1.5404719,1.4375,1.1806312,1.623,1.4866216,1.346
2,XZY,patch_x16016_y4368,external_test,external_test,D:\AIPatho\Patch\visiumhd_patch\2\XZY\patch_images\patch_x16016_y4368.png,0.06379266,-1.173,1.0846156,0.5737,0.8449548,1.012,0.6424121,0.145,0.48232093,0.4204,0.094092466,-0.3384,0.69862366,0.1552,-1.8026006,-0.981,1.3519378,0.6763,0.3185381,0.2196,1.397703,0.8193,1.8553337,1.109,1.8643752,1.178,2.0788934,0.8276,0.4016579,-0.3613,1.37235,1.091,1.2886779,0.912,1.8151631,0.8433,1.9143543,1.055,1.5042925,0.988,1.6673717,1.118,1.9195942,1.285,1.6218928,1.265,1.8056993,1.206,0.9516681,1.171,-0.48188403,-0.02655,0.93686444,0.3855,0.79955894,0.887,1.1689702,0.7437,1.7767481,1.179
2,XZY,patch_x16016_y4592,external_test,external_test,D:\AIPatho\Patch\visiumhd_patch\2\XZY\patch_images\patch_x16016_y4592.png,0.11327257,-0.781,1.1341634,1.25,0.9061231,1.515,0.52128965,0.04456,0.49047005,0.627,1.009391,0.935,-0.08899856,0.9214,0.7802982,0.01206,1.0243347,0.5312,0.96983343,1.361,1.1205542,0.941,2.0397565,1.127,0.32928157,0.3813,2.7134526,1.953,0.3184463,0.7275,1.4598423,0.735,1.3711298,1.048,2.1932645,1.743,1.9769528,1.961,1.2745454,0.804,1.5632807,0.1508,1.7818773,0.3008,1.6820198,0.1699,1.6410257,1.143,0.22620286,0.5347,0.1717639,0.2317,1.4855723,1.451,0.6479816,0.737,1.4036978,1.086,1.7962251,1.916
2,XZY,patch_x16016_y4816,external_test,external_test,D:\AIPatho\Patch\visiumhd_patch\2\XZY\patch_images\patch_x16016_y4816.png,0.920352,-1.086,1.3971652,1.318,0.8286396,1.472,0.7746049,0.882,0.4850373,0.5884,-0.25167015,0.01303,-0.16517916,0.5713,-1.4217192,-0.4246,1.3203214,1.248,1.440587,1.427,1.5412996,1.198,1.5183744,1.165,1.0330395,0.918,0.56612056,1.021,0.09366109,-0.007538,1.2985158,1.26,2.309392,1.703,1.6500396,1.457,1.7589574,1.44,1.4050423,1.367,1.7024763,1.067,2.562049,1.465,2.1930807,1.363,1.5673944,1.085,1.748672,1.11,0.5087195,-0.09436,2.2645116,0.8,0.8885407,1.161,1.2866474,1.506,1.5471885,1.532
2,XZY,patch_x16016_y5040,external_test,external_test,D:\AIPatho\Patch\visiumhd_patch\2\XZY\patch_images\patch_x16016_y5040.png,-1.176752,-1.362,1.4428153,0.7705,0.35361594,0.618,-0.38642734,0.685,0.46194807,0.4878,-1.9414568,-0.7217,-0.046479907,0.148,0.7696837,-0.8174,0.93309045,1.1045,0.16180278,0.1252,1.0214965,0.734,1.5645964,0.7617,2.3486612,1.176,0.07503734,0.4185,-0.1602461,-0.866,1.3086935,1.328,0.75274974,1.273,0.8396722,0.4924,1.3192272,0.615,1.4897231,1.371,1.8692505,1.559,2.522713,1.772,2.3341985,1.696,1.695851,1.029,1.2575591,1.208,0.19806594,-0.2117,-0.51214516,-0.176,1.050207,1.023,1.0928559,0.574,1.2600163,0.779
2,XZY,patch_x16016_y5264,external_test,external_test,D:\AIPatho\Patch\visiumhd_patch\2\XZY\patch_images\patch_x16016_y5264.png,-1.9616686,-1.022,1.1156385,0.3782,0.1192594,-0.4058,0.43821654,1.044,0.46783355,0.459,-1.9365108,-0.716,-0.061078843,-0.4924,-1.8750082,-0.83,1.3173302,1.305,-0.9575377,-0.1993,0.58066225,0.5537,1.70093,0.584,2.2041519,0.01342,0.3734457,-0.1868,-0.8807545,-0.4878,1.444533,1.018,1.2408693,0.334,0.59803706,-0.4065,0.39677966,-0.3494,1.4959583,0.86,1.9586394,0.03049,2.7523143,0.01378,2.551071,0.012024,1.7002313,0.507,1.2466656,0.5796,0.48678303,-0.5,-0.48677558,-0.6406,1.1908833,0.4307,0.5145554,0.309,0.2306269,-0.3457
2,XZY,patch_x16016_y5488,external_test,external_test,D:\AIPatho\Patch\visiumhd_patch\2\XZY\patch_images\patch_x16016_y5488.png,-1.8890234,-1.239,0.59018445,0.538,0.1912198,-0.3345,0.6020763,0.8364,0.47281358,0.2678,-1.8685851,-0.4475,-0.30034897,-0.192,-1.0608639,-0.6694,1.4268265,1.105,-0.8737856,0.077,0.94264036,0.725,1.6351807,0.9893,1.4033656,0.7373,0.28937072,-0.01008,0.23977315,-0.725,1.501348,0.947,1.4051269,0.9556,0.6778753,-0.2327,0.688192,-0.2615,1.5230584,0.915,1.6619376,0.79,2.8942678,0.738,2.729773,0.704,1.3901988,0.8203,1.4023713,0.9434,0.32291546,-0.5654,-0.69401276,-0.4673,0.7311596,0.721,0.35439035,0.635,0.7494305,-0.1399
2,XZY,patch_x16016_y5712,external_test,external_test,D:\AIPatho\Patch\visiumhd_patch\2\XZY\patch_images\patch_x16016_y5712.png,-1.932252,-1.0,0.11046805,0.57,-0.5152119,-0.0482,0.63492024,1.026,0.48367912,0.4258,-1.2352059,-0.12463,-0.17399289,0.0344,-0.5460642,-0.81,1.5285132,1.045,-0.13500051,0.4082,1.0117513,0.9272,1.6081728,0.753,1.2314423,0.1865,0.79670024,0.1078,-1.057301,-0.2456,1.3252462,0.8877,1.392264,0.809,-0.12714818,0.0897,-0.57759726,0.03156,1.3276348,1.025,2.161044,0.3633,2.619159,0.1384,2.4251819,0.0331,1.0489372,0.599,1.364203,0.776,0.72190076,-0.3843,-1.3841171,-0.03275,0.9439622,0.5947,1.0528333,0.7876,-0.050443143,0.10504
2,XZY,patch_x16016_y5936,external_test,external_test,D:\AIPatho\Patch\visiumhd_patch\2\XZY\patch_images\patch_x16016_y5936.png,-1.9751644,-1.118,0.69465333,0.3782,-0.6132464,-0.092,0.84301746,0.657,0.48549002,0.506,-1.2660718,-0.06836,0.090381056,0.208,-1.4127747,-0.7275,1.2368226,0.9473,-0.6649716,0.02286,1.4865205,0.7026,1.4187628,0.8594,1.9347514,0.4993,1.1377937,0.3274,0.19334176,-0.9,1.5256329,1.197,2.0624602,0.594,-0.25573236,-0.3108,-0.1541103,-0.2712,1.5194051,1.184,2.104034,0.87,2.0945048,0.9575,1.9645888,0.893,1.2427135,0.645,1.3722351,1.043,0.656141,0.02065,-1.5912328,-0.4219,1.4855169,0.7524,1.6408936,0.4868,-0.22133124,-0.01083
2,XZY,patch_x16016_y6160,external_test,external_test,D:\AIPatho\Patch\visiumhd_patch\2\XZY\patch_images\patch_x16016_y6160.png,-1.898829,-1.101,1.3767719,0.469,-0.612241,0.05075,0.9856567,0.6367,0.48820642,0.504,1.7501143,-0.2087,1.325254,0.1696,-1.8292862,-0.585,1.9076458,1.089,0.029839559,0.1582,1.1247625,0.784,1.9601408,1.123,2.2525246,0.7764,1.8164043,0.3586,-0.70490676,-0.793,1.3335284,1.134,2.4678016,0.9756,0.0056586876,-0.0908,-0.4362309,-0.05542,1.155131,1.019,1.3241599,0.8267,2.1791737,0.8325,1.6327696,0.7153,1.347202,0.8887,1.8425778,1.154,1.0702938,-0.1677,-0.4244958,-0.2666,0.94685394,0.997,1.0629264,0.8154,-0.4728427,0.1353
2,XZY,patch_x16016_y6384,external_test,external_test,D:\AIPatho\Patch\visiumhd_patch\2\XZY\patch_images\patch_x16016_y6384.png,-1.7386723,-1.025,1.3003156,0.9424,-0.5130004,0.389,0.7017798,0.506,0.4877537,0.6016,-1.0293658,-0.429,0.32651243,-0.1492,-1.2817099,-0.692,1.5938593,0.701,-0.79806167,-0.4434,1.3482984,0.4504,1.6420647,1.012,1.8182006,0.1824,1.5153072,0.3862,-0.23120946,-0.3538,1.3837466,0.9116,2.2008977,0.4604,-0.2222212,0.372,-0.2317591,0.548,1.1828313,0.7944,1.3355509,0.4458,1.5839611,0.537,1.8175414,0.4724,0.6655856,0.55,1.4434721,0.705,0.98082006,-0.348,-1.3053273,0.255,1.1999379,0.596,0.5385511,0.153,-0.4920184,0.585
2,XZY,patch_x16016_y6608,external_test,external_test,D:\AIPatho\Patch\visiumhd_patch\2\XZY\patch_images\patch_x16016_y6608.png,-0.4450254,-1.425,1.4763218,1.325,0.1193602,1.159,0.6466334,0.09375,0.49001732,0.54,-1.7487811,-0.54,0.33114293,0.221,-1.6905558,-1.125,1.1392522,0.382,-0.58318734,-0.8213,1.2229525,0.5054,1.6783636,1.0205,2.1099,0.596,1.6191726,0.9995,-0.1008632,-0.3418,1.5432535,1.098,1.6245537,0.451,0.17224613,1.189,0.3123218,1.408,1.221504,1.058,1.2369115,0.988,1.9250019,1.111,1.8047295,1.049,1.2386522,0.861,1.1961677,1.07,1.2513075,0.1058,-1.097253,0.9985,1.5232031,0.6914,0.5401337,-0.03622,0.15469804,1.455
2,XZY,patch_x16016_y6832,external_test,external_test,D:\AIPatho\Patch\visiumhd_patch\2\XZY\patch_images\patch_x16016_y6832.png,-0.76334435,-1.181,1.0788615,0.9634,0.6795341,0.9746,0.45195338,0.1381,0.48594275,0.4475,-0.1541046,-0.0692,-0.18903811,0.579,-0.9130919,-0.727,1.429597,0.643,-0.9040112,-0.2644,1.114151,0.4883,2.0796354,0.997,2.2031162,0.795,1.3966492,0.984,-0.65583646,-0.3235,1.0990673,1.113,2.174819,0.9136,0.7814888,0.96,0.92364204,1.171,1.3451838,1.117,1.6200614,1.14,1.9484217,1.18,1.7473565,1.066,1.4085071,1.045,1.0242928,1.034,1.3087509,0.1992,-0.51012564,0.4019,0.35858446,0.843,0.23662674,0.156,0.9282704,1.275
2,XZY,patch_x16016_y7056,external_test,external_test,D:\AIPatho\Patch\visiumhd_patch\2\XZY\patch_images\patch_x16016_y7056.png,-1.7187449,-0.8477,0.5022486,0.776,0.81932604,1.013,0.47034952,0.3577,0.4877537,0.5884,0.82933825,-0.2103,0.5405611,0.3066,-0.7080277,-0.784,1.1307918,0.3857,-0.45476687,-0.1583,0.98485714,0.4824,1.125901,0.821,1.6058643,0.0997,2.1595986,0.959,-0.77841526,0.1858,1.2957807,0.6646,2.0887692,0.507,1.593747,1.086,1.3685858,1.207,0.97552073,0.654,0.60274,0.3694,0.9609897,0.4246,0.5189619,0.2462,1.0515714,0.557,1.1160078,0.44,1.091809,-0.0909,-0.4714289,0.748,0.31408447,0.3447,0.56844866,0.02618,1.1341293,1.228
2,XZY,patch_x16016_y7280,external_test,external_test,D:\AIPatho\Patch\visiumhd_patch\2\XZY\patch_images\patch_x16016_y7280.png,-1.8289251,-1.354,1.202295,0.7764,0.30408415,0.8984,0.1581014,0.4368,0.49047005,0.6226,2.0282917,-0.4883,-0.24322854,0.3523,-0.6100199,-0.973,1.1118227,0.3357,-1.2550235,-0.4128,0.54327106,0.6074,1.7425915,0.6787,1.648276,0.62,2.072217,0.4336,-0.69411904,-0.2925,0.84784085,0.846,2.465511,0.303,0.4773554,0.8965,0.39868882,0.9224,1.2887673,0.8086,0.46644592,0.674,1.7477864,0.711,1.7418283,0.687,0.49174386,0.7764,1.48188,0.728,0.8207238,0.1299,-0.36158386,0.547,0.9603806,0.6206,0.93281764,0.1982,0.65908396,0.9917
2,XZY,patch_x16016_y7504,external_test,external_test,D:\AIPatho\Patch\visiumhd_patch\2\XZY\patch_images\patch_x16016_y7504.png,-1.7898085,-1.032,1.1825653,0.795,0.24101679,0.3445,0.6730469,0.81,0.49590284,0.4446,0.9935646,0.07654,0.7662067,0.10504,-1.7415801,-0.2126,1.3146039,1.011,0.030245807,0.2795,1.5838575,0.847,1.686439,1.006,0.9939362,0.2603,2.276151,0.4756,-0.67797464,-0.266,1.2630488,0.959,1.7336134,0.748,0.88412195,0.3025,0.2629128,0.1771,1.2811583,0.913,1.9788063,0.378,0.77003735,0.4058,0.7811475,0.2377,1.3764216,0.7,1.1383243,0.8306,1.5233516,-0.2927,-0.80272067,-0.1984,1.2679193,0.6147,1.2269814,0.7134,0.290108,0.292
2,XZY,patch_x16016_y7728,external_test,external_test,D:\AIPatho\Patch\visiumhd_patch\2\XZY\patch_images\patch_x16016_y7728.png,-1.8299795,-0.9814,1.6685154,0.7007,0.6432281,1.024,0.6884289,0.2805,0.49318644,0.2837,1.5970528,-0.1295,1.0660341,0.351,2.4814143,-0.613,1.278034,0.287,0.222734,0.188,1.5602133,0.777,1.7326438,1.055,1.747589,1.2,2.2188349,0.4917,0.023448335,-0.2595,1.122237,0.9204,2.2176301,0.518,1.2099125,1.104,0.893745,1.143,1.0817738,0.983,1.202602,1.072,1.9400915,1.097,2.0861285,1.115,0.6508708,1.069,1.5148354,1.122,1.5633768,-0.085,-0.3608692,0.3594,1.7091343,0.9155,1.18486,0.8267,0.8293331,1.319
2,XZY,patch_x16016_y7952,external_test,external_test,D:\AIPatho\Patch\visiumhd_patch\2\XZY\patch_images\patch_x16016_y7952.png,0.27725446,-1.119,0.71669453,0.578,-7.6199925e-05,0.0947,0.41689947,0.6665,0.49092278,0.4539,0.8659401,-0.06168,1.1478593,0.556,-1.7403631,-0.547,1.0450174,0.8306,0.002697381,-0.1555,1.1656834,0.7817,2.2125535,0.9004,1.5602785,0.435,2.0506296,0.211,-0.98284286,-0.3252,0.73396504,0.9414,1.5975776,0.3757,0.37592864,0.1157,0.19752735,-0.04327,1.1045278,0.9897,0.7707697,0.6704,1.5844575,0.6396,1.1734772,0.5107,1.3397892,0.6963,0.80345845,0.8105,1.6105378,0.3438,-0.5919198,-0.602,1.4466523,0.844,0.83735645,0.576,0.28944728,0.06155
2,XZY,patch_x16016_y8176,external_test,external_test,D:\AIPatho\Patch\visiumhd_patch\2\XZY\patch_images\patch_x16016_y8176.png,-0.96259737,-1.224,1.1854485,0.9834,1.1192772,0.2964,0.6649128,0.692,0.48911187,0.4167,0.86357903,-0.5347,0.25153494,0.11316,0.32227522,-0.668,1.370545,0.717,-0.386073,-0.2517,1.3023988,0.7163,2.0231888,0.911,1.6230928,0.608,1.2731477,-0.004807,-0.42384627,-0.4316,1.3320316,0.854,1.7426599,0.5405,1.5747756,0.463,1.1839746,0.32,1.165408,0.8975,1.485502,0.926,1.2665886,0.9185,1.1403705,0.7656,0.68468374,0.774,1.5683054,0.8633,1.1904709,-0.2031,-0.41310468,-0.1735,1.2083915,0.678,0.77543133,0.356,0.73512185,0.377
2,XZY,patch_x16016_y8400,external_test,external_test,D:\AIPatho\Patch\visiumhd_patch\2\XZY\patch_images\patch_x16016_y8400.png,-0.54329556,-0.935,0.5906005,0.764,0.8210259,0.4941,1.8620907,0.5444,0.48911187,0.5005,1.2807096,-0.5635,0.46160197,-0.1622,-0.43667594,-0.844,1.9720143,0.689,0.10373308,-0.244,1.8608432,0.557,1.6745453,0.7134,1.77443,0.5757,1.7839885,0.1912,0.54810435,-0.649,0.8051246,1.079,1.9712492,0.7935,1.1526923,0.4133,0.8423984,0.4653,1.2009889,0.885,1.3070381,0.763,1.1088399,0.7817,0.8885264,0.693,1.1295612,0.789,1.5991883,0.92,1.1609144,-0.3542,-0.5449151,0.2588,0.47650436,0.5674,1.0341496,0.288,0.8740119,0.561
2,XZY,patch_x16016_y8624,external_test,external_test,D:\AIPatho\Patch\visiumhd_patch\2\XZY\patch_images\patch_x16016_y8624.png,-1.7657691,-1.018,0.67473537,0.9863,0.723327,0.8154,1.450483,0.5337,0.48865914,0.4978,-1.7840629,-0.133,-0.66312724,0.3386,-1.7204576,-0.5293,1.6879659,0.541,-1.2119374,0.04556,1.3415246,0.686,1.8919817,0.903,1.473279,0.4456,1.1501204,0.4346,0.050628364,-0.1364,1.3013829,0.949,1.4394737,0.442,1.3182348,0.8745,0.9609411,0.952,1.2136441,0.886,1.0266198,0.5903,1.9077896,0.4343,1.6625179,0.295,1.8566564,0.836,0.4530059,0.8877,0.9682728,0.05048,-0.124264315,0.3477,1.1010053,0.7373,0.8095564,0.56,0.80075467,1.013
2,XZY,patch_x16016_y8848,external_test,external_test,D:\AIPatho\Patch\visiumhd_patch\2\XZY\patch_images\patch_x16016_y8848.png,-1.6802609,-0.9844,1.3711123,0.97,0.8617538,1.394,0.8949726,0.2078,0.49047005,0.541,2.6019466,0.2039,0.3580514,0.309,0.54713595,-0.4338,1.6747262,0.3171,0.4151147,0.5513,1.1937611,0.784,1.4487307,0.956,1.8621877,0.4578,1.3082135,1.22,0.68998086,0.01535,1.0452169,1.006,2.0267339,0.6597,1.3169553,1.447,1.1234701,1.601,1.3985873,0.998,1.8605206,0.603,2.3631947,0.563,1.8279518,0.5728,1.2168908,0.9565,0.94873536,0.705,1.0656123,0.07996,-1.6139024,1.1455,0.73116076,0.5815,1.4169273,0.677,1.1052736,1.641
2,XZY,patch_x16016_y9072,external_test,external_test,D:\AIPatho\Patch\visiumhd_patch\2\XZY\patch_images\patch_x16016_y9072.png,-1.865195,-1.324,1.2857662,0.8286,-0.56009346,0.3298,1.4210626,0.2703,0.4940919,0.4617,1.7489209,-0.2976,0.23446126,0.3,0.3458026,-0.774,1.326959,0.6675,-0.1910716,-0.39,1.1113362,0.4897,1.8777161,0.915,2.2643926,1.052,1.9998397,0.09674,-0.97501886,-0.859,1.1750555,1.212,2.0548182,0.581,0.41409016,0.1276,0.15233327,0.2576,1.310112,1.15,2.036455,1.302,2.7864857,1.296,3.0177267,1.193,1.0122362,0.8037,1.0653683,1.054,1.0097107,-0.1255,-0.6336117,-0.4397,1.5443382,0.947,1.0799147,0.4287,0.18060474,0.3845
2,XZY,patch_x16016_y9296,external_test,external_test,D:\AIPatho\Patch\visiumhd_patch\2\XZY\patch_images\patch_x16016_y9296.png,-1.8479035,-1.06,0.931449,0.635,0.6783507,0.989,1.2029874,0.1621,0.49318644,0.4734,-0.45319882,0.01584,0.54021966,0.7812,-1.7906921,-0.615,1.7405097,0.195,-0.026200768,-0.1584,1.6413904,0.608,1.724222,0.69,3.0491176,0.931,1.7545905,0.668,-0.88763106,-0.2489,1.1924375,0.6724,1.2849057,0.4395,1.0117538,1.009,1.2328546,1.04,1.2940981,0.927,1.8625091,1.019,2.4625177,1.165,2.1674445,1.102,1.543344,0.6323,1.4308497,0.837,0.9178287,0.1221,-0.47134504,0.2903,1.6885066,0.7783,1.202887,0.2216,1.1025308,1.189
2,XZY,patch_x16016_y9520,external_test,external_test,D:\AIPatho\Patch\visiumhd_patch\2\XZY\patch_images\patch_x16016_y9520.png,-1.7072524,-1.019,1.8095318,0.799,0.774602,0.952,0.25599262,0.6,0.49092278,0.527,-0.97512275,-0.1505,0.55654955,0.12396,-0.22252078,-0.553,1.3077353,0.5835,-0.027611012,0.02531,1.110784,0.821,1.086555,0.9077,2.2284274,0.9243,1.6429884,0.638,-0.26838654,-0.1417,1.0657504,0.773,1.873872,0.597,1.0736775,1.05,1.0726017,1.079,1.2205462,0.9697,1.3969536,0.9536,2.082381,0.7515,2.340129,0.8184,1.5014457,0.875,1.2523429,0.8115,0.9949793,0.04785,-0.50432456,0.3755,1.0735724,0.699,0.436387,0.43,1.0903416,1.145
2,XZY,patch_x16016_y9744,external_test,external_test,D:\AIPatho\Patch\visiumhd_patch\2\XZY\patch_images\patch_x16016_y9744.png,-1.0388958,-0.4333,1.6375004,0.4585,0.8301434,0.699,1.2376267,0.6265,0.48865914,0.3557,0.0073349182,-0.9116,1.7134854,0.124,-0.6299789,-0.828,1.2310551,0.1772,0.23615217,0.0746,0.7482779,0.455,0.84997624,0.1887,1.1123544,0.02588,1.1429348,-0.4087,0.48226437,0.678,0.95164365,0.103,1.4110289,0.0653,0.847671,0.7505,1.0486757,0.669,1.0272058,0.1412,1.5957727,-0.01674,1.3990746,0.04584,1.8309755,0.2866,0.7363793,0.5605,0.4843862,0.0868,0.6983321,-0.2742,-0.41665006,0.182,0.74054843,0.0723,0.7280611,0.05365,0.9070597,0.712
2,XZY,patch_x16016_y9968,external_test,external_test,D:\AIPatho\Patch\visiumhd_patch\2\XZY\patch_images\patch_x16016_y9968.png,-0.85894454,-1.1875,0.533427,0.718,0.5146066,0.4573,0.98494107,0.5137,0.48277366,0.5303,-1.0332674,-0.3767,0.4140927,-0.1783,0.28771037,-0.965,1.3606672,0.7173,-0.11264615,-0.2014,1.1689072,0.53,1.6203985,0.583,1.7750076,0.968,1.2931514,0.03075,-0.6087595,-0.4817,0.9691766,0.9224,0.74120516,0.6626,0.4177586,0.2306,0.6784248,0.3938,1.3457595,0.8975,2.3293757,0.8755,1.7568425,0.943,2.037402,0.9316,1.6929463,0.9673,1.6441178,0.6973,0.6838401,-0.3713,-1.0963336,-0.4863,1.2370373,0.8027,0.83646536,0.4116,0.54547185,0.568
2,XZY,patch_x16240_y10192,external_test,external_test,D:\AIPatho\Patch\visiumhd_patch\2\XZY\patch_images\patch_x16240_y10192.png,-1.5853688,-0.9014,1.8616639,0.8955,0.8657364,0.2031,1.8402992,1.474,0.48639548,0.5825,-0.6587775,-0.784,-0.22611932,-0.1969,-1.579641,-1.213,2.0709271,1.304,0.42094466,0.2046,1.656313,0.928,2.1319087,0.6235,0.90133405,0.2009,1.6911062,-0.8223,0.07180293,0.2786,0.8075484,0.659,0.7214484,0.3499,1.4899774,0.351,1.2626054,0.2434,1.3135402,0.7603,1.31274,0.05908,0.93651366,0.1226,0.85645354,0.03806,1.5744255,0.6636,1.2763556,0.5605,0.099564455,-0.4863,-0.42680505,-0.5513,0.41157982,0.5005,1.2574909,0.5396,1.235497,0.1702
2,XZY,patch_x16240_y10416,external_test,external_test,D:\AIPatho\Patch\visiumhd_patch\2\XZY\patch_images\patch_x16240_y10416.png,-1.721908,-1.272,1.6214812,0.863,0.7666482,0.4805,1.1831809,0.927,0.48820642,0.5757,0.42244136,-1.069,1.2564323,-0.03568,-1.6882958,-1.618,2.043107,1.016,0.6354146,0.06094,1.1369721,0.9814,1.5537782,1.0205,0.43633956,1.047,1.1901675,-0.4153,0.37564868,0.1534,1.0586538,0.881,0.14919393,0.6523,1.2637861,0.787,1.2408769,0.674,1.1710654,1.045,1.8467304,1.013,2.0050066,1.223,1.9473257,1.108,1.4730123,1.113,1.5261813,1.06,0.5471002,-0.2145,-0.16917074,0.1027,0.7472351,0.999,1.5239178,0.722,1.2498822,0.858
2,XZY,patch_x16240_y10640,external_test,external_test,D:\AIPatho\Patch\visiumhd_patch\2\XZY\patch_images\patch_x16240_y10640.png,-0.407542,-0.017,0.9448159,1.339,1.0112709,1.8955,1.496956,0.1766,0.49001732,0.867,1.6498985,0.633,0.24104483,0.4353,-0.40086183,0.1635,1.8830711,0.1646,0.78095317,0.632,1.622216,0.9336,1.800719,0.61,1.553173,0.381,2.4543536,1.731,0.033070643,1.276,0.64178693,0.1521,1.288789,1.252,1.7589363,2.227,1.5293909,2.32,0.9434973,0.3848,1.5334623,-0.0386,1.2132659,0.0776,1.2749845,0.3254,1.4672512,0.711,1.0070157,0.004314,0.65709805,0.03552,-1.1796583,2.152,0.64201146,0.02705,1.0169122,0.3994,1.5233601,2.174
2,XZY,patch_x16240_y10864,external_test,external_test,D:\AIPatho\Patch\visiumhd_patch\2\XZY\patch_images\patch_x16240_y10864.png,-2.0216615,-1.736,1.7629652,0.9795,0.7590185,0.5796,0.9546881,0.6606,0.48096272,0.653,0.10524667,-0.9404,0.1028199,0.0928,-0.8464727,-1.716,1.9293867,0.7163,0.3037985,-0.691,1.3652705,0.8193,2.023028,1.315,1.957288,1.877,0.863549,-0.1059,-0.41530117,-0.7505,1.1098269,1.218,1.1741561,0.533,1.1770812,0.743,1.3754131,0.854,1.5244606,1.328,1.9407117,1.639,1.506718,1.745,1.3702321,1.81,1.6442142,1.252,1.3912596,1.451,-0.16624385,-0.1593,-0.5836801,-0.0856,1.2571267,1.327,1.4722258,0.5654,1.4704869,1.037
2,XZY,patch_x16240_y11088,external_test,external_test,D:\AIPatho\Patch\visiumhd_patch\2\XZY\patch_images\patch_x16240_y11088.png,-2.0858717,-1.48,1.2084563,0.647,0.64524704,0.4648,1.0604523,0.3398,0.48413184,0.5454,-2.0131195,-0.9277,-0.46518922,-0.1274,-1.525193,-1.055,1.8462437,0.685,0.22461233,-0.5137,1.636361,0.596,1.5829623,1.123,1.6966784,0.803,1.1294438,-0.04584,-0.24227601,-0.61,1.2427691,1.093,1.6898847,0.338,1.4473106,0.2974,1.0528609,0.5264,1.4445678,0.959,1.6564032,0.8853,2.0558977,0.836,1.8999149,0.7764,1.9901291,0.8,1.3249284,1.027,0.27507406,-0.2045,-0.2674599,-0.1764,1.6513001,0.877,1.1840616,0.2786,1.1927365,0.671
2,XZY,patch_x16240_y11312,external_test,external_test,D:\AIPatho\Patch\visiumhd_patch\2\XZY\patch_images\patch_x16240_y11312.png,-2.0256681,-1.671,1.0747479,0.959,0.77247185,0.959,1.1265578,0.362,0.48005727,0.511,-1.0293779,-0.75,-0.13543287,0.0877,0.23487149,-1.068,1.2752281,0.677,0.58555907,-0.321,1.4737068,0.7583,1.9920635,1.117,1.3535113,1.31,0.5950933,0.648,0.02224616,-0.7812,1.2022418,1.236,1.642852,0.872,1.0786589,0.9097,1.4274974,1.103,1.4213353,1.188,1.8588845,1.25,2.4965582,1.581,2.5478528,1.49,1.973863,1.077,1.3401871,1.272,-0.20759836,-0.406,0.24914166,0.2905,1.1288836,1.224,1.2573078,0.4956,1.4589696,1.216
2,XZY,patch_x16240_y11536,external_test,external_test,D:\AIPatho\Patch\visiumhd_patch\2\XZY\patch_images\patch_x16240_y11536.png,-0.401092,-1.567,1.9466221,1.374,1.2120157,1.603,0.56942207,0.2144,0.48865914,0.3303,-1.0057055,-0.01839,1.1674774,0.5684,-1.3228621,-0.7964,1.1342953,0.623,0.88933504,0.849,1.610702,1.363,1.4574622,1.501,1.7332033,1.154,0.6816898,1.779,0.18191965,0.68,1.2628696,1.317,0.82763755,1.014,2.3046181,2.21,2.142573,2.268,1.4948349,1.515,1.70299,1.283,2.0581784,1.118,2.0452518,1.257,2.054206,1.595,0.7481011,1.287,0.5099996,0.4788,2.6293836,2.982,1.3984741,1.433,0.87260824,1.301,1.8467373,2.082
2,XZY,patch_x16240_y11760,external_test,external_test,D:\AIPatho\Patch\visiumhd_patch\2\XZY\patch_images\patch_x16240_y11760.png,-0.27710903,-1.58,0.89879215,0.97,0.8600795,1.215,0.7881313,0.84,0.48005727,0.5327,-0.1989503,-0.6353,-0.16063401,0.3428,-1.7308885,-1.486,0.83838975,0.9326,0.59052795,0.01434,1.5663775,1.078,1.3543432,1.044,1.9298099,1.657,0.86847603,0.1242,-0.30469924,-0.3145,1.0828367,1.133,0.49392575,0.886,1.734752,1.356,1.5504892,1.331,1.3816164,1.402,1.6766001,1.627,2.7936492,1.801,2.8519025,1.729,1.7462941,1.39,1.2878844,1.411,-1.0026568,-0.141,0.3005755,0.2952,1.277287,0.866,1.4377005,0.593,1.5850292,1.425
2,XZY,patch_x16240_y3472,external_test,external_test,D:\AIPatho\Patch\visiumhd_patch\2\XZY\patch_images\patch_x16240_y3472.png,3.4618487,0.08624,-1.5367202,-0.08514,0.77360445,-0.2285,0.98025733,1.159,0.4216551,0.3535,1.3665954,0.585,-0.13952358,0.537,-0.13366319,0.1998,-0.4457203,0.7246,-0.68331504,0.624,-0.6195006,0.5083,0.43533564,-0.0782,-0.29697672,0.074,0.39815062,-0.11224,-0.070354715,0.04742,-1.6990445,-0.01167,-1.1141641,0.5034,1.0933399,0.07275,0.6607957,-0.1752,-0.031519096,0.1058,-0.4681755,-0.188,-0.48622388,-0.4507,-0.21862605,-0.446,-0.9321872,0.6226,0.28112492,0.0203,-0.06233673,-0.07526,0.21584277,-0.1741,0.428162,0.2437,0.23529924,0.5674,0.33053118,-0.04193
2,XZY,patch_x16240_y3696,external_test,external_test,D:\AIPatho\Patch\visiumhd_patch\2\XZY\patch_images\patch_x16240_y3696.png,3.321785,0.226,-1.1820252,0.732,0.78960836,0.635,-0.5158093,0.656,-0.0075330427,0.2356,-0.41400972,0.1708,0.67412543,0.2496,-0.2583989,0.6147,-0.7313891,0.3022,-0.1547065,0.1311,0.09476353,0.4773,0.9229514,-0.1699,0.428693,0.3699,-0.45347303,0.6143,1.0096331,0.193,-1.0618653,0.1633,1.1916182,0.665,0.76919687,0.918,0.34935567,0.922,-1.3374312,0.07996,-0.81910306,0.09875,-0.37630665,-0.0001969,0.04479311,0.1775,-0.2742291,0.6025,0.17936648,-0.1664,-0.5827176,-0.2051,0.24300341,0.902,0.30917677,0.01199,-0.5803692,0.12115,0.4158013,0.917
2,XZY,patch_x16240_y3920,external_test,external_test,D:\AIPatho\Patch\visiumhd_patch\2\XZY\patch_images\patch_x16240_y3920.png,0.044804584,-0.9023,-0.38942924,0.969,0.8085757,1.428,1.3305967,0.3408,0.4850373,0.5483,0.08792227,0.3508,1.5912888,0.4834,-0.34963784,-0.4724,2.0009582,0.447,1.1817341,0.638,1.3286135,0.8364,0.87865007,1.06,0.55325085,0.776,2.0504265,1.953,1.7540613,0.707,-0.07337986,0.7715,1.73046,1.01,2.0608065,1.719,1.8142867,1.865,1.0640594,0.893,0.60652333,0.546,1.4297069,0.5615,0.17610762,0.7407,1.4097393,1.089,0.63300675,0.6826,0.3069683,0.05472,0.71776354,1.473,0.60237837,0.7837,1.1136506,0.766,1.8097337,1.786
2,XZY,patch_x16240_y4144,external_test,external_test,D:\AIPatho\Patch\visiumhd_patch\2\XZY\patch_images\patch_x16240_y4144.png,0.41032556,-1.619,1.5595798,1.153,1.0911012,1.467,0.93816805,0.2123,0.48186818,0.461,1.6223315,-0.2644,1.4004732,0.1266,0.26719972,-0.954,1.4953154,0.571,-0.045946635,-0.0938,1.477842,0.6675,1.0317242,1.266,1.8891413,1.629,1.5561974,1.566,1.0554097,-0.01251,1.0778745,1.233,1.4939255,1.336,1.9252354,1.573,1.9515743,1.846,1.4925275,1.342,1.754311,1.443,2.0906296,1.818,1.6059799,1.851,1.5431945,1.326,0.66058683,1.252,0.081170626,-0.3643,1.4663081,0.655,1.1683794,1.144,0.392189,0.4536,1.8112097,1.881
2,XZY,patch_x16240_y4368,external_test,external_test,D:\AIPatho\Patch\visiumhd_patch\2\XZY\patch_images\patch_x16240_y4368.png,0.5058397,-1.09,1.2830938,1.3,1.6279229,1.648,0.580586,0.1831,0.48820642,0.5386,2.4732323,0.2035,1.5528177,0.5244,0.6229297,-0.1853,1.0002879,0.63,0.5952984,1.006,1.6931822,1.079,1.5659133,1.036,1.6628956,1.089,2.22388,2.215,0.106727734,0.4062,1.0985243,1.096,0.6130578,1.402,1.6800934,1.757,2.040103,1.918,1.5583283,1.137,1.8879831,0.9775,2.1596522,0.869,1.7416801,0.999,1.260981,1.142,1.2724851,0.7944,-0.33725974,-0.1346,2.5913022,1.027,0.3970105,1.054,1.4421344,1.013,1.8125349,1.955
2,XZY,patch_x16240_y4592,external_test,external_test,D:\AIPatho\Patch\visiumhd_patch\2\XZY\patch_images\patch_x16240_y4592.png,2.2500963,-0.547,1.5199186,1.7295,1.4619186,1.41,0.19888419,-0.1288,0.4940919,0.743,-0.6403577,-0.03473,0.8585233,0.2708,-1.6472677,-0.3943,0.8835814,0.3774,1.8350652,1.168,1.6938165,1.356,1.702798,1.173,1.4448986,0.723,1.9342852,1.706,0.23401055,0.677,0.8507896,0.8213,1.1708469,1.427,1.9529213,2.014,1.7784482,2.025,1.5321628,0.844,1.6223612,0.3582,1.6863663,0.1941,1.2956736,0.4106,1.3516227,1.275,1.0573287,0.738,-0.24695912,-0.079,3.1408052,2.672,1.0932171,0.9106,1.8326043,1.144,1.6863757,1.937
2,XZY,patch_x16240_y4816,external_test,external_test,D:\AIPatho\Patch\visiumhd_patch\2\XZY\patch_images\patch_x16240_y4816.png,1.539255,-1.155,1.0888151,1.295,0.75029445,1.308,0.9177197,0.4316,0.48186818,0.6055,0.04728935,0.05737,0.17182444,0.5977,-1.868402,-0.448,1.0251219,0.8745,0.8210841,0.597,1.5453929,1.026,1.1715698,1.153,1.4959414,0.9443,1.83075,1.198,-0.059289414,-0.4243,1.3041829,1.358,1.8688195,1.49,1.1093557,1.238,1.4627503,1.38,1.3855269,1.323,1.4643003,1.218,2.4556334,1.543,2.3659418,1.463,1.7352786,1.141,1.1648808,1.218,0.115911715,-0.1775,1.2807081,0.89,1.0212598,0.9736,1.1575693,0.9185,1.436105,1.509
2,XZY,patch_x16240_y5040,external_test,external_test,D:\AIPatho\Patch\visiumhd_patch\2\XZY\patch_images\patch_x16240_y5040.png,-0.39791727,-1.859,0.7960119,1.029,-0.20911637,0.796,-0.06411743,0.223,0.47824636,0.4915,-1.0719786,-0.848,-0.7650287,0.02666,0.9700627,-1.194,1.2178252,0.769,-0.8365198,-0.4749,0.94670606,0.6704,2.0011425,1.038,2.2347124,1.457,0.96945184,0.602,-1.030231,-1.318,1.2632592,1.56,0.9891885,1.229,0.39628944,0.5586,0.87958324,0.7993,1.6067897,1.36,1.7036946,1.844,2.564878,2.25,2.44479,2.178,1.6634389,1.284,1.3276376,1.451,0.032525286,-0.3472,-1.3950168,-0.2769,1.2939504,1.067,1.1835564,0.3357,0.9569818,1.008
2,XZY,patch_x16240_y5264,external_test,external_test,D:\AIPatho\Patch\visiumhd_patch\2\XZY\patch_images\patch_x16240_y5264.png,0.20624678,-1.059,1.1046612,0.964,1.0819535,1.5205,0.34969506,0.662,0.4786991,0.3955,-0.34302634,-0.4583,0.034350634,0.3044,0.029834908,-0.7603,1.177761,0.7666,0.20230743,0.6836,1.0811146,1.025,1.4924464,0.9727,1.6815048,1.042,1.1933614,0.7393,-1.12095,-0.283,1.6142436,1.361,1.7086561,1.385,0.96387666,1.304,1.3077227,1.396,1.5192211,1.28,2.0707698,1.249,2.3091238,1.278,2.438364,1.266,1.040929,1.057,1.4048269,1.112,0.377975,-0.1895,-0.8655327,0.637,1.2149692,0.9307,1.147927,0.9644,1.2944661,1.584
2,XZY,patch_x16240_y5488,external_test,external_test,D:\AIPatho\Patch\visiumhd_patch\2\XZY\patch_images\patch_x16240_y5488.png,0.41654605,-1.207,1.2678236,1.374,0.9097496,1.635,0.038125463,0.496,0.49001732,0.4854,0.9556842,0.1434,1.5026747,0.4978,-0.72510475,-0.719,1.1605577,0.6587,-0.011238346,0.595,0.78645873,0.939,0.8767976,1.409,1.2056344,1.141,2.6346226,2.05,0.30674765,0.2452,1.4231988,1.178,1.125548,1.7295,1.8984264,1.599,2.035973,1.864,1.4611205,1.185,1.662978,1.073,2.0738823,1.659,1.7465585,1.738,1.3088057,1.262,0.86473215,1.346,0.79479164,-0.2788,0.25843987,0.8433,1.0462774,0.9766,0.85293174,0.8496,1.7991989,1.852
2,XZY,patch_x16240_y5712,external_test,external_test,D:\AIPatho\Patch\visiumhd_patch\2\XZY\patch_images\patch_x16240_y5712.png,-1.7717791,-1.042,1.0666262,1.05,0.8596782,1.17,0.5212657,0.2686,0.48911187,0.4543,0.102631465,-0.404,0.11322559,-0.2115,-1.7238476,-0.6597,1.5862578,0.771,-0.18848497,0.2314,1.2500135,0.786,-0.018568594,0.887,1.2081153,0.893,2.1159294,1.345,-0.09373446,-0.342,1.2381411,1.246,1.4297924,1.172,1.782345,1.145,1.8761736,1.454,1.2965653,1.174,1.563146,0.991,1.9785893,1.223,1.7132407,1.213,1.6632047,0.8057,0.8851571,0.971,0.7825301,-0.607,2.785105,1.713,-0.21411712,0.9653,-0.19261602,0.5713,1.7040368,1.61
2,XZY,patch_x16240_y5936,external_test,external_test,D:\AIPatho\Patch\visiumhd_patch\2\XZY\patch_images\patch_x16240_y5936.png,-1.9090562,-1.558,1.3636374,0.9663,0.42781007,1.211,0.3852101,0.1842,0.48865914,0.462,-1.0177172,-0.562,0.36654168,0.0525,-0.47610185,-1.141,1.5589023,0.663,-0.44412854,-0.0833,1.2087407,0.8223,2.095532,1.245,1.7695897,1.588,1.5241902,0.3271,-0.42932978,-0.7905,1.4309902,1.25,1.2031633,1.115,1.0330104,1.082,0.9488469,1.18,1.3550872,1.242,1.7043277,1.51,2.1950796,1.54,2.0918343,1.487,0.96532243,1.247,1.5070989,1.28,0.7373583,-0.544,-1.1541859,0.306,1.0062377,1.0205,1.2258812,0.624,0.8662657,1.351
2,XZY,patch_x16240_y6160,external_test,external_test,D:\AIPatho\Patch\visiumhd_patch\2\XZY\patch_images\patch_x16240_y6160.png,-1.9296162,-1.493,1.2027912,0.8657,-0.051160887,0.1672,1.3379333,0.6714,0.48820642,0.5005,1.1261553,-0.03099,0.42141494,0.2893,0.771896,-0.4285,1.6494216,1.1875,-0.90135634,0.0963,0.97646165,1.007,1.4478915,1.061,2.4149792,0.846,1.7652144,0.4941,-1.3260036,-1.091,1.3453871,1.302,1.5263402,0.8833,0.15959562,-0.1044,-0.0034405673,-0.1117,1.1634672,1.199,1.9195746,1.019,2.3452659,0.976,2.2072735,0.908,1.1123793,0.9746,1.1528958,1.215,0.9334162,-0.1794,-1.5051287,-0.6787,1.5550039,1.105,0.30628803,0.8486,0.02159942,0.11566
2,XZY,patch_x16240_y6384,external_test,external_test,D:\AIPatho\Patch\visiumhd_patch\2\XZY\patch_images\patch_x16240_y6384.png,-0.24650544,-1.165,1.3766682,0.8496,0.5436539,0.64,0.76469225,0.4307,0.492281,0.5615,2.5292659,-0.5654,-0.24379857,-0.0805,2.5075645,-0.8765,1.2097315,0.592,-1.0675904,-0.23,0.9789876,0.7017,1.0939964,1.009,2.079015,0.8384,1.8801007,0.2202,-0.17528722,-0.3625,1.4661229,0.8896,1.6382452,0.6704,0.60375243,0.704,0.68125147,0.7803,1.0996183,0.8296,1.1091853,0.863,1.999463,0.815,2.160544,0.732,1.4129288,0.8438,1.5488715,0.881,1.0784125,-0.3933,-0.98647374,0.2389,1.5638045,0.6772,0.7195957,0.3672,0.8955758,0.9307
2,XZY,patch_x16240_y6608,external_test,external_test,D:\AIPatho\Patch\visiumhd_patch\2\XZY\patch_images\patch_x16240_y6608.png,0.41693345,-0.715,1.2838168,1.374,0.7967876,1.549,-0.053815417,0.12286,0.49499735,0.6836,1.9626882,0.1447,0.3889085,0.345,0.19039908,-0.734,1.3366361,0.357,-1.0560002,0.02144,1.3708808,0.6807,1.4249779,1.0205,0.22668529,0.1125,2.154859,1.758,1.0055039,0.4954,1.1378961,0.6963,1.6800953,0.725,1.4458961,1.584,1.5529542,1.888,1.1160601,0.841,1.0831312,0.3997,-0.2347778,0.291,0.012375937,0.419,0.58881223,0.8306,1.0628371,0.5327,1.2583807,0.02281,1.3198458,1.452,0.9271685,0.447,0.1453242,0.1473,1.4258108,1.695
2,XZY,patch_x16240_y6832,external_test,external_test,D:\AIPatho\Patch\visiumhd_patch\2\XZY\patch_images\patch_x16240_y6832.png,-1.7582833,-1.516,1.379738,0.949,0.26645002,0.532,0.7295359,0.541,0.49047005,0.434,-1.0162872,-1.0,1.0841584,-0.2195,-1.7187191,-1.126,1.4274882,0.9253,-0.3953745,-0.6055,1.5044651,0.574,1.9666547,0.9233,0.13169272,0.7905,1.5728918,0.1125,-0.5174323,-0.652,1.2026298,1.044,1.8409748,0.841,0.7013918,0.373,0.46612012,0.4895,1.2671316,0.9937,0.95656717,0.863,1.3838097,0.8716,0.6373025,0.827,1.2877674,0.844,1.0502049,1.06,0.7764294,-0.3662,-0.7893761,-0.1627,1.4268996,0.6797,1.3374374,0.1906,0.3382863,0.625
2,XZY,patch_x16240_y7056,external_test,external_test,D:\AIPatho\Patch\visiumhd_patch\2\XZY\patch_images\patch_x16240_y7056.png,-1.0097117,-1.267,1.1780493,0.9165,0.6716134,0.6313,0.11351172,0.481,0.49273372,0.4233,2.3042028,-0.1304,1.7053995,0.3667,2.3880887,-0.748,0.9520142,0.7905,0.17662641,0.3801,1.4336628,0.853,1.7801642,1.147,2.3915362,0.776,2.3577368,0.767,-0.70653087,-0.3108,0.78964597,1.157,1.4616089,1.031,0.9839656,0.562,1.1153092,0.595,1.2003214,1.073,1.2511421,0.7085,1.4003055,0.652,0.9336193,0.4883,0.9794576,0.979,0.7208716,1.147,1.3004714,-0.2178,-0.3649618,-0.1288,1.5092779,1.275,0.9995502,0.853,0.9180574,0.7627
2,XZY,patch_x16240_y7280,external_test,external_test,D:\AIPatho\Patch\visiumhd_patch\2\XZY\patch_images\patch_x16240_y7280.png,-1.2494001,-1.117,0.98631334,0.722,0.7875852,0.5254,0.7451214,0.8057,0.49363917,0.4026,-0.5153287,-0.522,0.8312437,0.1642,-0.07845189,-0.7915,1.2040238,0.9253,-0.39942688,0.2073,1.194263,0.8,1.1159089,0.8555,1.7638173,0.632,1.8046309,0.2427,-0.9188353,-0.3362,1.412833,0.9707,2.5985239,0.716,0.6572031,0.5913,0.964195,0.546,1.1944624,0.9814,1.2974002,0.6196,1.6140015,0.6226,1.6488451,0.464,1.3506874,0.929,1.5323763,0.9756,0.80473065,-0.2036,-0.0627938,-0.1002,1.2580006,0.7437,0.9989047,0.664,0.75352037,0.67
2,XZY,patch_x16240_y7504,external_test,external_test,D:\AIPatho\Patch\visiumhd_patch\2\XZY\patch_images\patch_x16240_y7504.png,-1.7828498,-1.031,0.99539506,0.7485,0.036249824,0.6533,-0.3781788,0.352,0.49137554,0.4426,-1.7983514,-0.09894,-0.22326772,0.3381,-1.7370601,-0.545,1.5268457,0.637,-1.8533921,-0.2417,1.140557,0.4329,1.8417027,0.6255,1.9273628,0.5015,1.3720621,0.3828,-0.1929475,-0.4163,1.1912932,0.927,0.81668884,0.592,-0.05092366,0.526,0.37553504,0.543,1.191024,0.9785,1.4424644,0.814,2.1915636,0.889,1.7831123,0.685,1.2217304,0.6694,1.1857843,0.8237,1.0310918,0.1423,-1.3027024,-0.06247,0.6634393,0.592,0.11747707,0.18,0.44717243,0.7017
2,XZY,patch_x16240_y7728,external_test,external_test,D:\AIPatho\Patch\visiumhd_patch\2\XZY\patch_images\patch_x16240_y7728.png,-1.3634993,-1.391,1.4351983,0.73,0.5560389,0.9473,0.08108743,0.01493,0.49092278,0.4878,0.2937925,-0.8774,0.13681032,0.11993,-1.8125969,-1.247,1.0344625,0.3777,-1.168242,-0.4924,1.298239,0.661,1.8508928,1.139,2.0445442,1.2705,1.8869612,0.2864,-0.034713615,-1.016,1.0483998,0.9165,0.8782161,0.6333,1.1556164,0.7373,0.9251048,0.927,1.2919564,0.9346,1.5837222,1.059,1.4937437,1.052,1.1909636,1.1,1.5040762,0.841,1.5639703,1.025,1.336684,-0.1184,0.9871501,0.6533,1.1267227,0.8936,0.03351961,0.41,0.94427836,1.175
2,XZY,patch_x16240_y7952,external_test,external_test,D:\AIPatho\Patch\visiumhd_patch\2\XZY\patch_images\patch_x16240_y7952.png,-1.025265,-1.139,1.2838181,1.034,0.77531856,1.071,-0.2905798,0.2443,0.49182826,0.4905,1.7641604,0.0359,1.3341911,0.5728,-1.3901873,-0.6133,1.4089929,0.4238,0.48642325,0.2744,0.7830592,0.7617,1.3568693,1.349,1.0816745,0.9487,1.840183,0.762,-0.69852865,-0.2085,0.85518724,0.922,1.5052743,0.9077,1.0998923,1.213,1.3845422,1.189,1.2725023,0.914,1.4999031,0.8384,1.8875582,0.8267,1.7511599,0.628,0.47440603,1.064,0.6168136,0.974,1.3197474,-0.02638,1.148465,0.5107,1.698774,0.9214,1.0520554,0.7725,1.3602128,1.251
2,XZY,patch_x16240_y8176,external_test,external_test,D:\AIPatho\Patch\visiumhd_patch\2\XZY\patch_images\patch_x16240_y8176.png,-0.65397626,-1.185,1.0039331,0.9985,0.7976623,1.609,0.4258597,0.1602,0.49182826,0.479,0.098537885,-0.09033,1.0430131,0.4167,0.004166298,-0.4404,1.0956776,0.485,0.60970026,0.3845,1.3198363,0.812,1.484019,1.125,2.2563965,0.903,1.1749489,1.122,-0.43771148,-0.198,1.2587396,1.046,0.8054244,0.8677,1.6606604,1.567,1.4517704,1.699,1.2396404,0.9424,1.5741924,0.9663,2.076449,1.039,2.2010045,0.866,1.2250837,1.099,1.5869204,0.886,0.9056228,-0.1454,1.2780906,0.9917,1.01526,0.915,0.83748263,0.738,1.0830581,1.781
2,XZY,patch_x16240_y8400,external_test,external_test,D:\AIPatho\Patch\visiumhd_patch\2\XZY\patch_images\patch_x16240_y8400.png,-0.8363088,-1.225,2.305879,1.371,0.9208983,1.876,1.119952,0.0797,0.49635556,0.46,1.2833749,0.2396,0.20079274,0.3096,-0.79664433,-0.5127,1.7093651,0.3462,-0.3064416,0.371,1.0855306,0.85,1.7817281,1.213,1.0426627,0.948,2.1865754,1.517,0.14791684,0.05197,0.6568448,0.981,2.6604953,0.8833,1.3889278,1.915,1.4093785,1.994,1.2338653,0.934,1.6648151,1.091,1.0103621,1.084,1.3734909,1.091,1.354077,1.131,0.67269707,0.9727,0.9986103,-0.1744,0.32389078,1.033,1.2741276,0.8774,0.6339901,0.752,1.1597679,2.02
2,XZY,patch_x16240_y8624,external_test,external_test,D:\AIPatho\Patch\visiumhd_patch\2\XZY\patch_images\patch_x16240_y8624.png,-1.7488995,-0.8125,1.6389886,1.163,0.12576379,0.768,1.4378576,0.469,0.49047005,0.314,-0.14937438,-0.499,0.7000586,-0.1076,-1.7098529,-0.6934,1.8949878,0.7554,-0.48327386,-0.264,1.1581606,0.492,1.9435569,0.683,2.25984,0.7876,2.2672694,0.6064,0.4849519,-0.702,1.0722268,1.005,0.96576613,0.91,0.86921483,0.552,0.45346966,0.844,1.1490647,0.915,1.2648346,0.966,2.0476048,1.269,2.0571764,1.184,0.929247,0.7476,1.4266342,0.8916,0.96580327,-0.4402,-0.84468156,0.1367,0.79875726,0.576,0.44886905,0.2593,0.19965366,1.01
2,XZY,patch_x16240_y8848,external_test,external_test,D:\AIPatho\Patch\visiumhd_patch\2\XZY\patch_images\patch_x16240_y8848.png,-1.5922221,-0.8696,1.1427265,1.089,0.5706667,1.195,1.7673918,0.495,0.4895646,0.607,1.3215144,0.4658,-0.5991471,0.7905,-1.5870296,-0.1637,1.7884448,0.543,-0.112755835,0.9146,1.8554425,1.051,1.0945189,0.862,0.6933876,-0.05774,1.8742038,1.472,-0.06085469,0.4165,1.3728209,0.76,2.7109878,0.918,1.1554712,1.214,0.9502287,1.219,1.0729282,0.8486,0.8069679,0.01775,0.89884776,0.1567,0.8444135,0.099,1.2667657,0.8237,0.8481613,0.5337,1.2131631,0.199,-0.20393628,1.032,0.0866539,0.7837,0.9090118,1.012,0.85718286,1.261
2,XZY,patch_x16240_y9072,external_test,external_test,D:\AIPatho\Patch\visiumhd_patch\2\XZY\patch_images\patch_x16240_y9072.png,-1.7695649,-1.183,0.9093599,0.8594,0.53666973,0.3237,1.4566268,0.552,0.48911187,0.4438,0.14631666,-0.2158,-0.05883795,0.3018,-1.7284546,-0.5674,1.8470123,0.627,-0.83240825,-0.4062,1.4569156,0.5806,0.7207927,0.8926,1.0927181,0.4885,1.2336129,0.266,-0.32301602,-0.4294,1.0814904,0.9336,0.8836187,0.432,0.77436465,0.34,0.56184447,0.3794,1.1408579,0.879,1.8863434,0.5146,1.5742085,0.3718,1.5848649,0.345,0.8721135,0.6675,1.652542,0.6978,0.7700321,0.0809,-0.6595271,-0.4714,0.9811611,0.87,0.847733,0.2825,0.20527185,0.4294
2,XZY,patch_x16240_y9296,external_test,external_test,D:\AIPatho\Patch\visiumhd_patch\2\XZY\patch_images\patch_x16240_y9296.png,-1.7369852,-1.149,1.3665131,0.6235,0.8025707,0.3186,1.6323296,0.5947,0.48820642,0.3257,0.36714768,-0.475,-0.6538748,0.2485,-1.7023774,-0.9263,1.6559489,0.689,0.3938213,0.0743,1.7440605,0.583,1.3749803,0.961,0.93847704,0.664,2.192424,-0.0459,-0.82035565,-0.274,1.0081278,0.898,1.7154472,0.6055,0.94754654,0.3616,0.5329254,0.4216,1.1430502,0.907,1.4997406,0.5645,1.9149138,0.6406,2.1254976,0.574,1.232112,0.935,1.2213014,0.8853,0.93891865,-0.1009,0.48649168,-0.2974,1.0335714,0.9023,1.3756211,0.6323,0.37543324,0.5386
2,XZY,patch_x16240_y9520,external_test,external_test,D:\AIPatho\Patch\visiumhd_patch\2\XZY\patch_images\patch_x16240_y9520.png,-0.9359084,-1.388,1.509489,1.229,0.74746245,1.078,1.2385314,0.3281,0.49092278,0.7393,2.2305644,-0.2927,0.64064807,0.01657,-0.19335848,-0.7754,1.135526,0.661,-0.054141857,-0.1581,1.4539897,0.6646,1.0577734,1.406,1.186,1.114,2.4672778,0.7593,0.5035034,-0.00746,0.70076865,1.083,2.4902687,0.961,0.5101002,1.258,0.18289013,1.517,0.94402957,1.074,1.3448032,1.015,1.9141514,1.063,1.368042,1.114,1.0339544,1.179,1.411777,1.149,0.6605153,-0.4487,-0.44595915,1.045,0.90368414,1.149,1.5012492,0.4993,0.51793724,1.455
2,XZY,patch_x16240_y9744,external_test,external_test,D:\AIPatho\Patch\visiumhd_patch\2\XZY\patch_images\patch_x16240_y9744.png,-1.5648088,-0.798,0.3925941,0.4814,0.18001272,0.4753,1.5930076,1.011,0.48730096,0.5635,-0.2684026,-0.1273,-0.15781157,-0.05713,-1.5622562,-0.769,1.4499196,0.809,0.14621446,0.6836,1.5722743,0.6875,1.6206863,0.4727,0.7914991,0.1473,2.0004005,-0.1909,0.21307564,0.662,1.3412126,0.309,1.8800373,0.5024,0.7983008,0.6724,0.20177431,0.523,1.2895838,0.537,1.5422534,0.0781,2.114463,-0.0818,2.25485,-0.01265,1.4127339,0.4705,1.7318302,0.309,0.31858647,-0.379,-0.6235843,0.0299,0.82701445,0.2517,1.3461776,0.6436,0.6006114,0.552
2,XZY,patch_x16240_y9968,external_test,external_test,D:\AIPatho\Patch\visiumhd_patch\2\XZY\patch_images\patch_x16240_y9968.png,-0.724043,-0.6343,0.019501815,0.3826,0.63813204,0.3088,1.4189273,0.7676,0.4877537,0.1111,-0.73212487,-0.275,-0.14120257,0.01037,-0.3273041,-0.9424,1.9277563,0.4111,-0.0007347908,-0.5522,1.0188671,0.4023,1.1078945,0.4492,1.3818215,0.3276,1.7307727,-0.209,0.32259142,-0.09515,1.0214888,0.4004,1.6510959,0.553,1.0441302,0.364,1.0136476,0.4055,1.2014681,0.6353,1.4818553,0.4668,1.9594929,0.5757,1.9684935,0.5747,1.3368193,0.508,0.24225979,0.3833,0.39335996,-0.4875,-0.6785213,-0.03674,1.1127652,0.1735,1.3568109,-0.2173,0.7938197,0.3945
2,XZY,patch_x16464_y10192,external_test,external_test,D:\AIPatho\Patch\visiumhd_patch\2\XZY\patch_images\patch_x16464_y10192.png,-1.5597479,-1.014,1.7810168,0.748,0.8802756,0.0755,1.496669,1.075,0.4877537,0.3235,-1.6329339,-0.3972,0.42973873,-0.01741,-1.5574754,-0.3901,1.9902841,0.9673,-0.23011725,0.4766,1.4419047,0.86,2.1320827,0.5146,1.06903,0.02873,0.99355924,-0.12134,0.55963075,0.7075,0.89703256,0.3726,1.1564497,0.4568,0.9468506,0.2087,1.2192528,0.01233,1.3755758,0.517,1.1778685,-0.02621,0.38710633,-0.01927,0.22054426,-0.071,1.0514673,0.4492,-0.06806013,0.3936,0.5406277,-0.6816,-1.083369,-0.0967,0.8410196,0.3975,1.1956884,0.697,1.0245624,0.02876
2,XZY,patch_x16464_y10416,external_test,external_test,D:\AIPatho\Patch\visiumhd_patch\2\XZY\patch_images\patch_x16464_y10416.png,-0.6956622,-1.385,1.322292,0.8677,0.8073599,0.968,1.0258144,0.3713,0.4877537,0.4675,-0.5218261,-0.756,0.33072376,-0.1747,-1.854668,-1.205,1.6886632,0.502,0.3753437,-0.309,1.3576128,0.7695,1.6271379,1.187,2.3563263,1.527,1.4218358,0.445,0.105327584,-0.1569,1.1904615,0.9746,0.8696439,1.053,1.2078083,1.107,1.4623603,1.215,1.2659192,1.063,1.7619451,1.347,1.9462776,1.412,1.8129815,1.45,1.3582022,1.015,0.971286,1.035,0.7401664,-0.3643,-0.4586989,0.3257,1.5373855,0.7754,0.86482096,0.3523,1.5485631,1.212
2,XZY,patch_x16464_y10640,external_test,external_test,D:\AIPatho\Patch\visiumhd_patch\2\XZY\patch_images\patch_x16464_y10640.png,-1.7240167,-1.379,1.9268749,0.9297,0.9058713,1.054,0.83141506,0.384,0.47824636,0.3774,-1.7533973,-0.7505,-0.6750786,0.01087,-1.0646138,-1.17,1.2720413,0.599,0.44174865,0.2773,0.8863998,0.6357,1.152935,1.006,2.544214,0.999,1.5655183,0.514,0.152232,0.1023,0.8449516,0.8496,1.6763548,0.705,1.3186628,1.168,1.7615271,1.254,1.4117184,1.003,1.8175797,0.992,2.4014847,1.046,2.2686381,1.1045,1.8723544,0.926,1.3824219,0.911,0.055605397,-0.271,-0.42226845,0.1167,1.6042656,0.7656,1.0418302,0.5327,1.5752566,1.259
2,XZY,patch_x16464_y10864,external_test,external_test,D:\AIPatho\Patch\visiumhd_patch\2\XZY\patch_images\patch_x16464_y10864.png,-1.9987819,-1.685,1.8077208,1.079,0.7231388,1.152,0.5275448,0.286,0.48413184,0.449,-1.0360922,-0.9805,0.118359655,0.04596,-1.9081261,-1.686,1.3528423,0.7583,-0.38813224,0.1376,1.2862842,0.8896,2.0129762,1.449,1.9188468,1.634,1.0364769,0.4822,-0.38977835,-0.2903,1.2453139,1.282,1.4878783,1.461,1.3939539,1.399,1.6622458,1.379,1.3742281,1.372,1.8847735,1.561,2.4107997,1.927,2.2409306,1.964,1.5156175,1.293,1.5956504,1.428,0.6070818,-0.2388,0.11309506,0.7573,1.2424537,1.253,1.0563337,0.688,1.5924556,1.555
2,XZY,patch_x16464_y11088,external_test,external_test,D:\AIPatho\Patch\visiumhd_patch\2\XZY\patch_images\patch_x16464_y11088.png,-2.0460172,-1.543,1.4849846,0.7573,0.49754712,0.785,0.61987585,0.4697,0.48549002,0.2181,-1.9839928,-0.7437,-0.39057258,0.04483,-1.0928075,-1.617,1.6294597,0.615,-0.16759974,-0.2253,1.1099588,0.827,1.2205926,0.804,2.0664861,1.149,0.30936694,-0.02554,-0.12637673,-0.21,1.2739878,0.9746,1.4605061,0.7563,0.7078326,0.904,0.8511711,0.85,1.4737811,1.082,1.924147,1.186,2.623723,1.356,2.54214,1.376,1.8618306,0.9536,1.7319983,0.979,0.19848824,-0.06122,-0.96407795,-0.07855,1.6786776,0.6943,1.2399141,0.3489,0.7509703,1.015
2,XZY,patch_x16464_y11312,external_test,external_test,D:\AIPatho\Patch\visiumhd_patch\2\XZY\patch_images\patch_x16464_y11312.png,-2.0502346,-1.562,1.1891575,0.813,0.3072031,0.6943,0.8404693,0.3262,0.4759827,0.4478,-1.1163341,-0.3867,-0.124163,0.1122,-1.108729,-0.964,1.29606,0.8926,0.1685218,-0.10175,1.4166305,0.759,1.2246193,1.018,2.3406649,1.136,0.78710806,0.128,-0.005107555,-0.7354,1.2947841,1.287,1.2103351,0.9375,0.6377626,0.6177,0.8599532,0.6455,1.4731911,1.276,1.889423,1.327,2.4752371,1.572,2.0163856,1.435,1.6112007,0.98,0.80072755,1.2,-0.37772727,-0.2002,-0.86302024,-0.2461,1.6282704,1.258,1.6783491,0.5557,0.7721545,0.85
2,XZY,patch_x16464_y11536,external_test,external_test,D:\AIPatho\Patch\visiumhd_patch\2\XZY\patch_images\patch_x16464_y11536.png,-0.55252177,-1.341,1.0326227,0.8135,0.8120379,1.1,0.91286147,0.4116,0.48684824,0.4182,1.4067887,-0.6997,0.36041206,0.011795,-0.6739123,-1.257,0.9386013,0.59,0.61058706,-0.0675,1.2772174,0.661,1.0746247,0.738,2.8591416,1.2295,1.7816776,0.8193,-0.17021263,-0.04776,1.1379102,0.9287,1.6044387,0.954,1.660198,1.088,1.8484168,1.295,1.4219502,1.139,1.8203042,1.223,2.523163,1.308,2.4679701,1.405,1.7405586,0.984,0.24897668,0.876,0.50194144,-0.3086,-0.2626603,0.6714,1.5531179,0.6147,0.5211455,0.3994,1.7760081,1.35
2,XZY,patch_x16464_y11760,external_test,external_test,D:\AIPatho\Patch\visiumhd_patch\2\XZY\patch_images\patch_x16464_y11760.png,-0.8279811,-1.08,1.1568334,0.868,0.8303848,1.021,0.68566036,0.7393,0.48277366,0.555,-0.71177816,-0.514,-0.24489778,0.1946,-0.7759146,-1.295,1.2813599,0.689,0.543009,-0.2268,1.2130975,0.907,0.6570543,0.6343,2.3444228,1.288,0.24486685,0.1824,-0.35143623,0.1477,0.901807,0.8354,1.5846164,0.5977,1.6971581,1.13,1.629815,1.203,1.3244987,1.291,1.5379074,1.307,2.6094198,1.189,2.7308645,1.198,1.7368126,0.9717,0.9228457,0.9487,-0.7299731,-0.3577,-0.4013233,0.09955,0.88790464,0.889,1.1218709,0.4482,1.7080712,1.247
2,XZY,patch_x16464_y3696,external_test,external_test,D:\AIPatho\Patch\visiumhd_patch\2\XZY\patch_images\patch_x16464_y3696.png,4.7973704,0.2281,-0.7526515,0.2472,0.36874968,0.434,0.8779953,0.2798,0.46285352,-0.01924,-0.41302052,-0.2441,0.25819454,0.014946,-0.26370123,-0.1101,0.65753734,-0.01938,0.6894579,-0.3667,0.4549775,0.05798,-0.13913792,-0.02158,-0.7989178,0.5728,1.0768131,0.11273,-0.3698812,-0.07025,-1.1345204,0.00858,-0.6218103,0.3655,0.5020335,0.5244,0.44587293,0.5474,0.040185496,0.08075,-0.31079075,0.1498,-0.30784485,0.1009,0.09308593,0.1132,0.19083919,0.615,-0.330606,-0.224,0.6507233,-0.4985,-0.2859444,0.1376,0.573141,0.0816,1.2387972,-0.1786,0.5809295,0.61
2,XZY,patch_x16464_y3920,external_test,external_test,D:\AIPatho\Patch\visiumhd_patch\2\XZY\patch_images\patch_x16464_y3920.png,0.052441265,-1.189,0.68807465,0.9395,1.483155,1.165,1.2210833,0.3472,0.47190812,0.507,-0.4464221,-0.65,0.56121314,0.0828,0.07939071,-1.444,1.0205325,0.613,0.5972394,0.1387,1.516957,0.8657,1.599246,1.066,1.3731337,1.223,1.6610193,1.073,0.7320154,0.328,0.3183038,0.9976,0.2295164,0.9116,1.9062527,1.348,2.0041127,1.519,1.1609033,1.168,1.5528709,1.098,1.5146588,1.346,0.83496237,1.313,1.7838045,1.111,0.4465914,0.969,-0.6209638,-0.2067,0.2607215,0.7764,1.5310162,0.89,1.0705596,0.627,1.8107873,1.582
2,XZY,patch_x16464_y4144,external_test,external_test,D:\AIPatho\Patch\visiumhd_patch\2\XZY\patch_images\patch_x16464_y4144.png,0.5734777,-1.417,1.5695447,1.107,0.87290883,1.078,0.49558023,0.101,0.48865914,0.3894,-0.011827072,-0.3894,1.128049,0.2766,-0.2605861,-0.887,1.1420343,0.599,-0.07834062,0.297,1.2965512,0.6777,0.47039005,1.188,1.2995352,0.879,1.7385265,1.672,1.1989237,0.1755,0.9269222,1.089,1.3597243,1.217,2.0543547,1.368,1.9618471,1.561,1.4960433,1.079,1.2984821,0.894,2.339359,0.9985,2.4770732,0.998,1.2407305,1.038,0.9687246,1.129,0.5800341,0.00821,2.9433115,1.664,0.32128474,0.969,0.95307076,0.6104,1.813641,1.54
2,XZY,patch_x16464_y4368,external_test,external_test,D:\AIPatho\Patch\visiumhd_patch\2\XZY\patch_images\patch_x16464_y4368.png,0.77315235,-1.549,1.5533191,0.841,0.7993626,0.7905,0.71922976,0.534,0.48186818,0.3684,0.35714266,-0.4702,0.99008775,0.1465,0.12144747,-1.028,1.0929176,0.7793,0.9618677,0.1526,1.523152,0.728,1.614688,0.98,0.81622887,1.172,1.9261045,0.4343,0.0668507,-0.475,1.2373229,1.14,1.5030373,1.055,1.6447895,0.61,1.5454961,0.78,1.6677905,1.064,2.081888,1.168,2.0064242,1.411,1.8268502,1.351,1.4591682,1.065,1.4204394,1.108,-0.18077609,-0.589,0.36303768,-0.2025,1.9045473,0.848,1.1132514,0.6304,1.4786363,0.88
2,XZY,patch_x16464_y4592,external_test,external_test,D:\AIPatho\Patch\visiumhd_patch\2\XZY\patch_images\patch_x16464_y4592.png,1.6351141,-1.239,1.1138039,1.21,0.755806,1.393,0.5630348,0.2024,0.49001732,0.5776,-0.5689703,-0.2227,0.59098667,0.1376,-1.5736952,-0.925,1.4243362,0.611,1.2854991,1.097,1.462019,1.251,1.6381419,1.134,1.5296851,1.326,1.5799361,0.828,-0.9647932,0.04306,1.3276852,1.098,1.6711617,1.656,1.9578516,1.725,1.7643942,1.714,1.5224396,1.168,1.7132375,1.285,2.3309226,1.361,2.293269,1.35,1.5956681,1.161,0.9571771,1.26,-0.05548627,-0.505,2.3580456,1.724,1.005668,1.161,1.390066,1.261,1.6700175,1.754
2,XZY,patch_x16464_y4816,external_test,external_test,D:\AIPatho\Patch\visiumhd_patch\2\XZY\patch_images\patch_x16464_y4816.png,0.562966,-1.168,1.0257517,0.7266,-0.061252736,0.4473,0.6927688,0.712,0.47824636,0.4153,-0.07423004,-0.0744,0.06541252,0.6904,-1.5827335,0.012,0.7739877,1.041,0.8121403,0.2415,1.4691832,0.8667,2.1075704,0.99,2.144358,1.095,0.6146957,0.709,0.060166772,-0.7134,1.2008498,1.157,2.3637123,1.269,1.3371972,0.2163,0.595639,0.205,1.6327113,1.258,1.9571475,1.133,2.5533113,1.527,2.5126634,1.424,1.7554526,0.9946,1.3646768,1.18,0.49654004,-0.007244,-0.63859785,-0.4033,1.1788481,1.061,1.0942781,0.7417,0.352347,0.3848
2,XZY,patch_x16464_y5040,external_test,external_test,D:\AIPatho\Patch\visiumhd_patch\2\XZY\patch_images\patch_x16464_y5040.png,-2.113496,-1.395,1.3129106,0.795,-0.42309934,0.1332,0.55912596,0.5703,0.48005727,0.567,1.0045086,-0.0803,1.030077,0.3816,-1.2887723,-0.2078,1.8207021,1.098,0.87193215,0.2795,1.3707793,0.8394,1.5950155,0.73,2.1442583,0.9917,1.803216,0.516,0.33632717,-0.877,1.4589665,1.416,2.0379198,0.983,0.48491964,-0.05444,-0.2107349,0.0006204,1.4328709,1.313,1.8633405,1.229,2.2297251,1.391,2.1550207,1.306,1.3345388,0.9473,1.5032232,1.131,0.55092925,0.0365,-0.33694452,-0.3684,0.8351763,1.091,1.684606,0.8115,-0.18926477,0.2737
2,XZY,patch_x16464_y5264,external_test,external_test,D:\AIPatho\Patch\visiumhd_patch\2\XZY\patch_images\patch_x16464_y5264.png,-0.5089172,-1.535,1.4963638,0.867,0.26987615,0.9165,0.37633878,0.406,0.47281358,0.507,-0.91193074,-0.676,1.5329199,0.0662,-1.0017374,-1.278,1.4535524,0.654,-1.23916,-0.2437,1.1716821,0.749,1.3878461,0.856,2.3705635,1.312,1.4725085,0.46,-0.28524047,-0.8247,1.4709605,1.265,1.4175687,0.8433,0.53518635,0.843,0.9996886,0.9004,1.535709,1.219,1.7628002,1.397,2.07423,1.626,1.9191087,1.621,1.498503,0.971,1.39715,1.246,0.5891843,-0.01518,-1.1668599,0.07214,0.63982666,0.903,0.4221634,0.4358,0.9149234,1.179
2,XZY,patch_x16464_y5488,external_test,external_test,D:\AIPatho\Patch\visiumhd_patch\2\XZY\patch_images\patch_x16464_y5488.png,-0.16088723,-1.521,1.1753166,1.331,0.7967863,1.277,0.39268368,0.077,0.47960454,0.506,0.19949386,-0.081,1.5463839,-0.1766,-1.8680543,-1.16,1.3996692,0.6045,0.043798883,0.2502,1.6756552,0.914,1.9812857,1.316,1.3674798,1.505,1.2617949,0.818,-0.79528856,-0.3975,1.2932824,1.451,0.4245848,1.135,1.0844293,1.428,1.5374346,1.584,1.5652277,1.448,2.007178,1.332,2.5968294,1.135,2.4497664,1.282,1.9604391,1.348,1.3730954,1.253,0.98821366,-0.1855,-0.51218426,1.253,1.3340737,0.827,0.3683624,0.766,1.4479989,1.684
2,XZY,patch_x16464_y5712,external_test,external_test,D:\AIPatho\Patch\visiumhd_patch\2\XZY\patch_images\patch_x16464_y5712.png,-0.8912054,-1.317,0.636523,0.8647,0.7030982,0.94,0.10752111,0.3542,0.48549002,0.4717,-0.41338632,-0.6333,1.0452408,-0.0954,-1.4361047,-1.147,1.3070096,0.5425,-0.106943674,-0.2983,1.0214231,0.6577,0.893464,1.084,2.2352428,1.429,1.4393387,0.4053,-0.25120574,-0.4495,1.4356745,0.965,0.79109204,0.8535,1.0051415,0.982,1.1166126,1.072,1.4259235,1.028,1.9522485,1.223,2.7112122,1.556,2.3739974,1.498,1.6258799,1.098,1.5315248,1.181,0.46227905,-0.481,-0.38547263,-0.02266,1.4435177,0.6597,0.4365873,0.4275,1.177913,1.254
2,XZY,patch_x16464_y5936,external_test,external_test,D:\AIPatho\Patch\visiumhd_patch\2\XZY\patch_images\patch_x16464_y5936.png,-1.2124798,-1.639,1.063712,0.8164,0.8035072,0.622,-0.039390173,0.2174,0.4877537,0.4177,-0.31028152,-0.9404,1.1287653,-0.1575,-1.559442,-1.387,1.1941712,0.7266,-0.40303507,-0.3777,1.2950402,0.659,1.6116422,0.9443,2.4174256,1.428,1.4434288,0.1483,-0.048858926,-0.957,1.5564731,1.436,1.5439861,0.676,1.1778617,0.6763,1.4087266,0.742,1.5126239,1.305,2.0618086,1.592,2.8506594,1.533,2.696496,1.534,1.7045535,1.041,1.7876083,1.343,0.876261,-0.1924,-1.0134295,0.195,1.0493913,0.9165,0.99507076,0.3257,1.4269217,0.945
2,XZY,patch_x16464_y6160,external_test,external_test,D:\AIPatho\Patch\visiumhd_patch\2\XZY\patch_images\patch_x16464_y6160.png,-0.82840824,-1.443,1.0479028,0.8857,1.0069832,0.92,0.16621795,0.142,0.4895646,0.5566,-0.028225593,-0.3916,0.55508745,0.169,-1.5129796,-0.7827,1.4777043,0.5015,-0.5370302,-0.4663,1.0449585,0.3875,1.7125381,1.047,1.8112445,1.08,1.9456989,0.8623,-0.12164311,-0.9917,1.2779499,1.147,2.012826,0.8354,0.90413755,0.558,1.2293566,0.941,1.3160417,0.96,1.859591,1.052,1.858856,1.344,1.5488408,1.405,1.8468513,0.9805,1.5589656,0.9478,0.7074298,-0.4546,-0.43476626,0.2291,1.0232618,0.721,0.49892136,0.1577,1.278397,1.15
2,XZY,patch_x16464_y6384,external_test,external_test,D:\AIPatho\Patch\visiumhd_patch\2\XZY\patch_images\patch_x16464_y6384.png,0.27819943,-0.9897,0.616128,1.075,0.87593484,1.348,0.11072402,0.3179,0.49454463,0.5107,1.6377861,0.1962,0.16606471,0.5845,-1.7429708,-0.6406,1.2479272,0.652,-0.40126917,0.5464,1.3938508,0.8296,1.1838448,1.0,1.4839967,0.9463,2.1872773,2.078,0.6699509,-0.2227,1.2177564,1.076,2.4944103,1.103,1.1170866,1.301,1.4765677,1.583,1.3223119,1.049,1.7998703,0.888,1.0457628,1.146,1.0556054,1.08,1.9696364,1.298,1.4996239,0.9746,1.2054789,0.2484,1.3536801,1.231,1.2264667,1.006,0.5691135,0.85,1.6639899,1.652
2,XZY,patch_x16464_y6608,external_test,external_test,D:\AIPatho\Patch\visiumhd_patch\2\XZY\patch_images\patch_x16464_y6608.png,-1.1427091,-1.657,0.48080975,1.009,0.003973197,1.049,0.18393873,0.1658,0.48911187,0.564,1.1177009,-0.4067,0.23087554,-0.012886,0.023633651,-0.9023,1.3001099,0.4612,-0.70401895,-0.5977,1.078733,0.3926,1.793772,0.82,1.9501603,1.153,1.7182089,0.779,-0.3151491,-0.7974,1.3279446,1.276,1.9225506,1.045,0.37238923,0.815,0.69349796,1.036,1.2212386,1.246,1.1595057,1.341,2.4191573,1.848,2.3582268,1.707,1.3382728,0.913,1.3108138,1.198,1.1198678,-0.368,-1.4561565,0.09375,1.2925137,0.9287,0.90262735,0.1499,0.6405874,1.217
2,XZY,patch_x16464_y6832,external_test,external_test,D:\AIPatho\Patch\visiumhd_patch\2\XZY\patch_images\patch_x16464_y6832.png,-1.8462166,-1.151,1.6239295,0.797,-0.11262198,0.4702,-0.5505937,0.5615,0.48865914,0.553,-0.8211478,-0.506,0.80729365,-0.11975,-1.0137582,-0.5996,1.6616724,0.8564,-0.45456004,-0.3916,0.49654934,0.562,2.1341064,0.8696,1.8092141,0.5034,1.8089906,0.2179,-0.47951618,-0.307,1.3819273,0.942,2.1031215,0.7495,0.400705,0.3682,0.3455743,0.3806,1.206964,0.924,1.5302125,0.5996,1.2685616,0.6523,1.3954066,0.53,1.2978,0.6895,0.9995364,0.849,0.9370726,-0.3232,-1.6464138,-0.0638,0.69029003,0.574,1.0238477,0.2421,0.34588167,0.528
2,XZY,patch_x16464_y7056,external_test,external_test,D:\AIPatho\Patch\visiumhd_patch\2\XZY\patch_images\patch_x16464_y7056.png,-0.5512327,-0.9536,1.1512463,1.122,0.6681217,1.177,0.48351258,0.4229,0.49499735,0.3984,-0.032082632,-0.4568,1.0782045,0.1364,0.37948725,-0.6904,1.1491385,0.5825,0.20639998,0.1229,1.451728,0.628,1.8740597,0.9985,1.2246338,0.485,1.9634345,0.693,-0.159174,-0.1841,1.0791774,0.9556,1.8235031,0.6973,0.76486075,1.238,0.56675774,1.327,1.1456233,0.8857,1.6377691,0.631,1.9058042,0.5674,1.7493187,0.421,0.77486736,0.857,1.3247089,0.7065,1.0197253,-0.2148,0.078155935,0.654,1.4615883,0.6826,1.7685483,0.4814,0.7240435,1.317
2,XZY,patch_x16464_y7280,external_test,external_test,D:\AIPatho\Patch\visiumhd_patch\2\XZY\patch_images\patch_x16464_y7280.png,-1.8853332,-0.9863,0.81285006,0.6567,0.1689788,0.318,0.71722394,0.3738,0.49092278,0.53,0.4619056,-0.5854,0.3709842,-0.03464,-1.8157262,-0.858,0.93827826,0.693,-1.1814976,-0.377,1.5514649,0.4954,1.5976708,0.684,1.3203219,0.49,1.6238497,0.144,-1.2568415,-0.4807,1.1479578,0.869,1.3656429,0.4414,-0.007654807,0.302,0.07838903,0.2522,1.3738985,0.83,1.4726772,0.743,2.296821,0.749,1.8787026,0.611,1.2020991,0.7085,1.016376,0.7993,1.3481394,-0.0989,-0.2071864,-0.05713,1.6992172,0.6084,0.012264838,0.09326,0.2806243,0.484
2,XZY,patch_x16464_y7504,external_test,external_test,D:\AIPatho\Patch\visiumhd_patch\2\XZY\patch_images\patch_x16464_y7504.png,-0.98415285,-0.88,1.5376107,0.9106,0.7477168,0.654,0.47548044,0.095,0.49454463,0.5166,-1.220252,0.2118,0.8803998,0.2307,-1.4671999,-0.091,1.2375531,0.3528,-0.76384926,-0.334,1.5698271,0.6235,0.94475377,0.739,1.474627,1.003,2.1481242,0.7515,-0.2673082,-0.6143,1.3423322,0.848,1.8089647,0.493,1.0111936,0.824,0.9265349,0.955,1.3634633,0.83,1.6802022,0.854,2.414216,0.7896,2.5926929,0.6436,1.5505266,0.6597,1.6286764,0.692,1.0469588,0.0941,2.1850634,1.228,1.946138,0.7637,0.6933746,0.2737,1.0614582,1.134
2,XZY,patch_x16464_y7728,external_test,external_test,D:\AIPatho\Patch\visiumhd_patch\2\XZY\patch_images\patch_x16464_y7728.png,-1.8894452,-1.036,1.4236195,0.6694,0.6372547,0.6157,-0.042743903,0.4062,0.49092278,0.3582,0.29644108,-0.6675,-0.13216446,0.2937,-0.67990094,-0.682,0.9819373,0.704,-1.0317291,-0.14,1.0387872,0.5234,1.4784199,0.8784,1.6754689,0.476,1.8863382,0.513,-1.7332401,-0.549,1.4664685,0.852,1.344094,0.612,0.7835655,0.5776,0.7740555,0.7036,1.364872,0.8706,1.2848328,0.677,2.1144648,1.0205,1.9208791,0.854,0.4880331,0.766,1.2404307,1.069,0.898366,-0.07275,2.2824295,0.486,1.293761,0.9463,1.1415101,0.446,0.8775775,0.885
2,XZY,patch_x16464_y7952,external_test,external_test,D:\AIPatho\Patch\visiumhd_patch\2\XZY\patch_images\patch_x16464_y7952.png,-0.8751293,-1.346,0.9909203,0.9395,0.764564,0.881,0.14782318,0.4685,0.492281,0.508,-0.42710805,-0.3845,0.6226551,0.6567,-0.45490626,-0.8623,0.48155388,0.6504,-0.543889,0.05426,1.4102608,0.861,1.6022038,1.266,2.149725,0.728,1.864622,0.5566,-0.49097776,-0.4497,1.2397392,0.978,1.2768149,0.5005,0.65188867,1.031,0.7473718,1.171,1.2115688,1.073,2.0632367,0.646,2.3962827,0.72,2.4286876,0.6274,1.122013,1.034,0.98801863,1.044,0.91076314,0.1945,1.7023807,0.893,1.6533343,1.254,0.7338893,0.665,0.6614139,1.246
2,XZY,patch_x16464_y8176,external_test,external_test,D:\AIPatho\Patch\visiumhd_patch\2\XZY\patch_images\patch_x16464_y8176.png,-0.22991921,-0.7793,1.2433902,1.056,0.7960837,1.726,-0.06448149,-0.0715,0.49318644,0.535,-0.8783397,0.4214,1.3578179,0.8584,-1.8571019,-0.3855,1.2376572,0.3147,-0.7800408,0.3992,1.0924762,0.697,0.93871063,0.7827,1.6042122,0.528,2.3252985,1.274,0.10239986,-0.03928,1.2128626,0.835,2.1386497,0.6836,1.2431567,1.563,1.4315053,1.743,1.4238541,0.86,1.557522,0.8438,1.8012372,0.882,1.8969867,0.696,1.1525164,0.912,1.645551,0.6943,0.98847437,0.2372,2.5416899,1.609,0.80201644,0.676,0.6212539,0.7046,1.4174476,1.828
2,XZY,patch_x16464_y8400,external_test,external_test,D:\AIPatho\Patch\visiumhd_patch\2\XZY\patch_images\patch_x16464_y8400.png,-1.8880745,-1.306,1.6126046,1.206,0.77325237,1.053,0.57279265,0.2429,0.492281,0.6167,0.13927352,-0.2094,0.7445078,0.3303,-0.3664704,-0.7607,1.5846238,0.602,-0.03631008,-0.2162,1.5404316,0.5596,1.894015,0.826,2.3286994,0.904,1.876134,0.71,0.025851358,-0.2234,1.2405498,1.018,1.5962186,1.01,1.0052199,1.011,1.0856396,1.13,1.0859715,1.03,1.8948512,0.9404,1.7363385,1.24,1.3715291,1.072,1.1182729,0.8774,1.4300106,1.012,1.1854811,-0.1131,0.22491965,0.043,1.6360918,0.8506,1.3954484,0.3564,1.32275,1.254
2,XZY,patch_x16464_y8624,external_test,external_test,D:\AIPatho\Patch\visiumhd_patch\2\XZY\patch_images\patch_x16464_y8624.png,-1.8025662,-1.285,0.80694944,1.037,1.1118169,0.656,1.5835407,0.762,0.49273372,0.5063,-0.8922636,-0.498,1.1102172,0.1093,-1.7521847,-0.6797,2.0420594,0.842,-0.2521553,-0.0355,1.3129761,0.6987,1.4590337,0.7866,1.5000967,0.4932,2.2037914,0.3315,1.1022122,-0.2788,1.5147575,0.921,1.7407857,0.7896,1.3372784,0.6,1.0913721,0.626,1.2669452,0.9365,2.0778162,0.734,2.4714656,0.9375,2.207612,0.782,1.1940084,0.877,1.2775723,0.7886,0.934807,-0.4856,-0.28798375,-0.3032,0.62697524,0.5015,0.75805473,0.362,0.56280655,0.645
2,XZY,patch_x16464_y8848,external_test,external_test,D:\AIPatho\Patch\visiumhd_patch\2\XZY\patch_images\patch_x16464_y8848.png,-1.7682996,-1.357,1.3320804,0.98,0.6378815,0.618,1.8592551,0.476,0.49001732,0.4746,-0.4845227,-0.4585,-0.23688704,0.05396,-0.21077041,-0.6885,1.8783267,0.53,-0.57401556,-0.908,1.7073185,0.3296,1.1186885,0.7954,1.6754231,0.751,1.152478,0.34,-0.63150924,-0.6343,1.0331296,0.986,1.0697204,0.3975,1.1152405,0.616,1.1896192,0.7896,1.2242038,0.972,1.5241959,0.87,1.4024334,1.079,1.0169216,1.044,1.1192998,0.879,1.1679103,0.7964,0.7044282,-0.3643,-0.5194898,-0.03958,0.9946229,0.5977,0.74768364,-0.2091,0.80186146,0.8545
2,XZY,patch_x16464_y9072,external_test,external_test,D:\AIPatho\Patch\visiumhd_patch\2\XZY\patch_images\patch_x16464_y9072.png,-1.6881685,-0.776,1.1743393,0.4434,0.70038015,0.464,1.7048842,0.818,0.48277366,0.4512,-0.94714737,-0.649,-0.17889294,-0.04144,-1.6616101,-0.765,2.1051419,0.8115,-0.904702,-0.00988,1.4890839,0.5576,0.5977618,0.5093,1.3638008,0.201,1.1531445,-0.02084,-0.8885809,-0.3875,0.709899,0.7124,1.4437883,0.352,0.86142147,0.4597,1.1385427,0.598,0.6587102,0.8057,1.0407469,0.2864,0.46230564,0.299,-0.58398473,0.2253,1.2872542,0.5005,1.4708102,0.576,0.6451942,-0.2402,-0.762343,0.18,-0.110450916,0.3735,0.61440384,0.1442,0.87783694,0.759
2,XZY,patch_x16464_y9296,external_test,external_test,D:\AIPatho\Patch\visiumhd_patch\2\XZY\patch_images\patch_x16464_y9296.png,-1.0640364,-1.138,1.9611567,0.748,0.21116394,0.2161,1.8894175,0.5674,0.48639548,0.4448,-0.78974456,-0.837,-0.21472238,-0.1818,-0.38464066,-0.9243,1.8500487,0.7144,-0.7954262,-0.4026,1.4395969,0.6025,1.521727,0.867,0.95009834,0.5923,0.93687415,-0.2405,-0.4922077,-0.5435,1.1779374,0.9746,1.4134973,0.6997,0.014387882,0.2588,0.28675637,0.3345,1.1195853,0.8105,0.97179675,0.7017,2.1294348,0.824,1.5401833,0.659,1.0238134,0.79,1.133054,0.886,0.9539599,-0.422,-0.8242733,-0.10754,0.93962604,0.722,0.9035745,0.2216,0.16291618,0.443
2,XZY,patch_x16464_y9520,external_test,external_test,D:\AIPatho\Patch\visiumhd_patch\2\XZY\patch_images\patch_x16464_y9520.png,-1.7231731,-1.547,1.5423267,0.911,0.796189,0.6255,1.7216028,0.795,0.4877537,0.546,-1.7448243,-1.061,-0.20494507,-0.156,-1.6889043,-1.293,1.9209529,0.8975,-0.24529955,-0.4595,1.1036885,0.8057,1.6573431,1.287,1.7949805,1.005,1.0775753,-0.1993,-0.17277436,-0.336,1.1206793,0.917,0.71636564,0.3823,0.87150955,0.842,1.3731196,0.8857,1.2850494,1.05,1.3915168,0.907,1.4064308,0.7314,1.5412079,0.7524,0.83601844,0.94,0.82327753,1.069,0.7139323,-0.4111,-0.57590497,0.1614,0.37095883,0.72,1.0967921,0.2439,1.0949842,0.9478
2,XZY,patch_x16464_y9968,external_test,external_test,D:\AIPatho\Patch\visiumhd_patch\2\XZY\patch_images\patch_x16464_y9968.png,-1.3363298,-0.8384,0.15108289,0.704,0.38497713,0.1635,1.9228988,1.193,0.48367912,0.2083,1.5703118,-0.6577,0.81144,-0.0922,-1.3888432,-1.127,1.3783196,0.8447,1.0495661,-0.0712,1.221264,0.676,0.94021535,0.4197,1.2912153,0.2052,1.9274975,-0.4036,0.24240422,0.321,0.17738485,0.47,1.4136822,0.3904,1.0040306,0.334,0.6056815,0.2164,1.2605982,0.6353,0.53292346,0.0636,0.11484608,0.1613,0.2392329,0.1015,1.6634035,0.5103,1.4345274,0.3792,1.2838029,-0.6885,-0.37276325,-0.337,0.56972253,0.537,1.3802766,0.358,0.71570325,0.2067
2,XZY,patch_x16688_y10192,external_test,external_test,D:\AIPatho\Patch\visiumhd_patch\2\XZY\patch_images\patch_x16688_y10192.png,-1.4914256,-0.8813,0.90503013,0.5903,0.8718759,0.9614,1.5833588,0.52,0.4850373,0.449,0.19996202,-0.4421,0.076489046,0.2854,-1.5091457,-0.8394,1.8490782,0.5513,0.95804465,0.3503,1.5984467,0.714,1.7392209,0.499,0.06816975,0.926,1.8016856,0.2065,-0.123802826,0.3733,0.4584914,0.5044,1.3073655,0.748,1.1821579,0.958,1.2017887,0.891,1.1968157,0.8564,0.81491405,0.822,1.2518328,0.9233,1.1586024,0.937,1.2987559,0.8677,-0.5425629,0.5396,1.0426489,-0.1218,-0.43360785,-0.04205,-0.3987205,0.485,0.8316144,0.5337,1.0585278,1.179
2,XZY,patch_x16688_y10416,external_test,external_test,D:\AIPatho\Patch\visiumhd_patch\2\XZY\patch_images\patch_x16688_y10416.png,-0.6917801,-1.537,1.6557714,1.227,1.4289796,1.088,1.2056301,0.4329,0.48820642,0.5117,-0.25354347,-0.4014,-0.22933382,0.1316,0.12779006,-1.047,1.7389892,0.7114,0.35899973,0.1678,1.2682699,0.932,1.8480885,1.633,1.501784,1.319,1.6579053,0.8687,0.11664278,0.1523,0.82386464,0.958,1.7388228,1.02,1.1651783,1.39,1.681382,1.548,0.9882897,1.051,0.9361805,1.048,2.5012882,1.125,2.3788946,1.147,1.1181234,1.192,0.9260551,1.138,0.433757,-0.3984,-0.35160983,0.682,0.47454435,0.969,0.9684786,0.7715,1.5288657,1.524
2,XZY,patch_x16688_y10640,external_test,external_test,D:\AIPatho\Patch\visiumhd_patch\2\XZY\patch_images\patch_x16688_y10640.png,-0.4448296,-1.361,1.2418598,1.15,0.94215685,1.387,0.5875172,0.5894,0.48730096,0.594,-0.30846292,-0.06244,0.21869208,0.594,-1.0190903,-0.995,1.3461758,0.7593,0.26895446,0.4834,1.1108491,1.051,1.5710148,1.452,1.1738465,1.569,1.687555,1.685,0.2432159,0.3994,0.7808998,0.9023,0.6151003,1.181,1.409494,1.589,1.629523,1.776,1.4378405,1.223,1.8180189,1.209,1.8585157,1.24,1.8114421,1.376,1.8676647,1.3955,1.2120335,1.003,0.6079367,-0.2998,-0.61128026,0.3438,1.3221879,1.07,1.4081314,0.7812,1.5914819,1.728
2,XZY,patch_x16688_y10864,external_test,external_test,D:\AIPatho\Patch\visiumhd_patch\2\XZY\patch_images\patch_x16688_y10864.png,-1.9637773,-1.458,1.1722107,0.8096,0.41030732,0.5107,1.1443692,0.5093,0.48820642,0.2952,-0.017526995,-0.7466,0.36012536,0.1292,-1.8819621,-1.45,1.5029137,0.459,-0.08635658,-0.4849,1.0658536,0.5195,1.3804435,0.864,2.1357398,1.234,1.6195092,-0.264,-0.15820803,-0.2842,1.2285967,0.799,0.5095004,0.663,0.9516196,0.6255,1.0231682,0.741,1.5228068,0.9146,1.6377847,0.9727,1.80107,0.985,1.5430661,1.004,1.7593161,0.8623,1.3899328,0.884,0.27055058,-0.29,-0.1323657,-0.001567,1.4829324,0.8477,1.2312951,0.07385,1.169601,0.94
2,XZY,patch_x16688_y11088,external_test,external_test,D:\AIPatho\Patch\visiumhd_patch\2\XZY\patch_images\patch_x16688_y11088.png,-1.989609,-1.511,1.7466956,1.022,0.8746644,0.7144,0.62305826,0.2551,0.4832264,0.5244,-0.60860145,-0.3918,0.65980923,0.117,-1.1725252,-1.173,1.3323482,0.53,-0.5261763,-0.5347,0.84907854,0.6606,1.1032029,1.214,2.269414,1.276,1.4629605,0.666,-0.4342341,-0.3713,1.1916612,0.9756,0.94019276,0.4924,1.1556801,0.784,1.5391586,1.024,1.1680309,1.017,1.5484678,0.9854,2.5231104,1.253,2.4472988,1.272,1.3435426,1.187,0.6822156,0.978,0.24790208,0.02162,-0.6263116,0.02583,1.0409046,0.7397,0.79754966,0.2405,1.3886033,1.109
2,XZY,patch_x16688_y11312,external_test,external_test,D:\AIPatho\Patch\visiumhd_patch\2\XZY\patch_images\patch_x16688_y11312.png,-1.9457479,-1.378,1.42142,1.062,0.999598,1.237,0.5944393,0.2583,0.4786991,0.5405,-0.12866901,-0.3474,-0.3711843,0.3154,0.22347656,-1.058,1.6641134,0.498,0.3326665,0.1785,1.0000869,0.831,1.4279103,1.08,2.758834,1.288,0.2865652,0.716,-0.62332153,-0.2113,1.1424737,1.105,1.142682,0.9717,1.1340938,1.366,1.7332885,1.449,1.3762791,1.175,2.0548172,1.167,2.6967328,1.574,2.4709969,1.514,1.338462,1.083,1.0878406,1.036,0.08546856,-0.02515,-0.7466132,0.4143,1.5217375,0.8516,1.1836482,0.6396,1.5875778,1.51
2,XZY,patch_x16688_y11536,external_test,external_test,D:\AIPatho\Patch\visiumhd_patch\2\XZY\patch_images\patch_x16688_y11536.png,0.029929642,-1.707,1.0671368,0.7925,1.0248911,0.8228,0.6310914,0.534,0.48277366,0.0983,-1.9271683,-0.988,0.26234633,0.02132,-1.3939883,-1.595,1.4861907,0.6606,0.24923734,-0.2251,1.1522279,0.777,1.2526851,0.9243,2.2910259,1.458,0.2751406,-0.02934,0.7044276,-0.316,1.0834504,0.9624,0.49256262,0.678,1.6072183,0.932,1.4789475,0.973,1.3177538,1.161,1.7776135,1.403,2.6949122,1.661,2.469749,1.598,1.7903584,1.163,1.4177155,1.044,0.9488543,-0.351,-0.33596346,-0.2408,1.1021297,0.931,1.1183993,0.4272,1.5901942,1.055
2,XZY,patch_x16688_y3920,external_test,external_test,D:\AIPatho\Patch\visiumhd_patch\2\XZY\patch_images\patch_x16688_y3920.png,0.3334432,-0.926,-0.22558089,0.5303,-0.27714553,0.5166,0.506958,1.0,0.44021702,0.5117,-0.023041936,-0.77,-0.07216873,0.2856,-0.8882489,-1.071,0.23515832,0.8374,-1.4374344,0.2174,0.18271695,0.887,1.4547153,0.318,0.8111406,0.5845,0.9709233,-0.3228,1.4509717,0.3857,0.45800835,0.6167,-0.55466145,0.4177,0.110315435,0.706,0.21760985,0.571,0.68122977,0.77,0.14765991,0.6406,1.6484244,0.906,1.2909427,0.834,0.087329976,0.7085,0.99426603,0.697,-0.26300636,0.02014,-0.47372285,-0.2358,0.14380425,0.5503,-0.94332254,0.5293,0.20778057,0.6934
2,XZY,patch_x16688_y4144,external_test,external_test,D:\AIPatho\Patch\visiumhd_patch\2\XZY\patch_images\patch_x16688_y4144.png,-0.3960867,-1.321,1.2886299,0.6733,-0.033513952,-0.1453,0.7036207,0.9478,0.47190812,0.3933,0.3669046,-0.2869,0.8574045,-0.1268,-1.0785149,-0.6143,1.357377,1.228,-0.77598137,0.2764,1.4421155,0.8105,1.5853189,0.802,1.5167328,0.854,1.2150388,-0.237,-0.33731496,-0.4844,1.3475547,1.194,1.2869207,0.814,0.48228395,-0.182,0.13818416,-0.1315,1.4164206,0.9624,1.8645312,0.5093,2.7443392,0.489,2.8998113,0.3748,1.4555234,0.824,1.1213,0.9907,0.43707627,-0.6855,-0.40993938,-0.579,1.5422378,1.0,0.84703195,0.683,0.53437245,0.05576
2,XZY,patch_x16688_y4368,external_test,external_test,D:\AIPatho\Patch\visiumhd_patch\2\XZY\patch_images\patch_x16688_y4368.png,2.2554102,-0.931,0.47383866,0.823,1.3111643,1.254,0.4673564,0.1697,0.48594275,0.533,-0.90567845,0.697,1.9182023,0.866,-0.70941,-0.2913,1.2608392,0.5254,-0.024525546,0.9053,1.3652309,1.072,1.6381044,0.8335,0.99464357,0.6855,2.735223,1.79,0.29706532,0.1497,1.2673545,1.05,2.0604255,1.045,1.5381563,1.265,1.628236,1.403,1.2830362,1.165,1.4542235,0.7812,2.5370667,0.8345,2.2006457,0.741,1.7069799,1.004,1.7553781,0.869,0.2890258,0.163,0.0438119,0.6646,1.2443485,0.9185,1.166878,0.975,1.5958998,1.508
2,XZY,patch_x16688_y4592,external_test,external_test,D:\AIPatho\Patch\visiumhd_patch\2\XZY\patch_images\patch_x16688_y4592.png,0.61123025,-1.303,1.4887074,1.014,1.211378,1.306,0.52708006,0.4143,0.48096272,0.632,2.3527732,-0.7695,0.57510847,0.1065,-0.84648466,-1.212,1.1782137,0.912,0.54603183,0.617,1.3927897,1.1045,1.2855179,1.12,2.144089,1.3,1.6070877,0.8364,0.14072363,-0.2069,0.93887234,1.32,1.4640359,1.116,1.6768907,1.384,1.6771252,1.494,1.5134106,1.313,1.6652962,1.405,2.4010808,1.675,2.3131273,1.517,1.1567414,1.391,1.2015216,1.376,0.36061493,-0.1576,0.6445894,0.4265,1.3536605,1.126,1.0858237,1.101,1.68658,1.621
2,XZY,patch_x16688_y4816,external_test,external_test,D:\AIPatho\Patch\visiumhd_patch\2\XZY\patch_images\patch_x16688_y4816.png,-1.9732665,-1.673,1.0471226,0.784,-0.03168165,0.1882,0.26584828,0.9126,0.47371906,0.505,-0.5046265,-1.21,0.18086684,-0.382,-1.5367253,-1.405,1.2190417,1.438,0.29622868,-0.0971,1.1661193,0.9146,1.3393286,1.099,2.0178835,1.323,0.8611885,-0.08685,-0.15064427,-1.024,1.4968235,1.443,0.90640455,1.217,0.16338724,0.03001,0.10986946,0.01637,1.5797191,1.232,2.2294078,1.077,2.6646664,1.282,2.601602,1.235,0.8500545,1.273,1.5926592,1.357,0.30252302,-0.606,-0.9958999,-0.7124,1.3314325,1.001,1.5837191,0.7534,-0.12404791,0.2212
2,XZY,patch_x16688_y5040,external_test,external_test,D:\AIPatho\Patch\visiumhd_patch\2\XZY\patch_images\patch_x16688_y5040.png,-1.4241573,-1.333,1.3827437,0.573,-0.5096395,-0.2069,0.49496993,0.846,0.4746245,0.4712,-0.29900548,-0.1517,0.84902215,0.0057,-1.4777106,-0.408,1.3600513,1.154,-0.89765644,0.2522,1.2802142,0.8647,1.9198369,0.796,2.1034386,0.7534,1.0846469,-0.2244,-1.0141718,-0.515,1.3619311,0.9966,1.5934917,0.716,0.5162891,-0.2256,0.23397681,-0.294,1.5493776,0.914,2.0667708,0.577,2.9643707,0.7266,2.6402566,0.5967,1.5182586,0.9146,1.4170629,0.919,0.74896634,-0.3975,-1.4689642,-0.29,0.6662116,0.9937,0.8728664,0.9463,0.20062488,-0.132
2,XZY,patch_x16688_y5264,external_test,external_test,D:\AIPatho\Patch\visiumhd_patch\2\XZY\patch_images\patch_x16688_y5264.png,0.20971893,-1.439,1.1196282,0.963,1.1204208,1.392,0.6752184,0.3425,0.48186818,0.4807,0.57309926,-0.3535,1.1383227,-0.03455,-1.8495395,-0.945,1.2890965,0.5874,-0.600238,0.534,1.1548525,0.8037,1.535277,1.331,1.6181821,1.223,1.1317173,0.8984,-0.871253,-0.485,1.390005,1.4,0.82180643,1.275,1.3275928,1.378,1.5899062,1.53,1.6110047,1.342,1.8378179,1.243,2.6200385,1.412,2.208483,1.412,1.3166163,1.24,1.3040211,1.335,0.7617256,-0.2834,-0.3946344,0.888,1.2378134,0.739,0.8523764,0.869,1.3584784,1.686
2,XZY,patch_x16688_y5488,external_test,external_test,D:\AIPatho\Patch\visiumhd_patch\2\XZY\patch_images\patch_x16688_y5488.png,0.9408595,-0.748,1.5910772,1.292,0.8606717,1.572,0.60163385,0.455,0.4895646,0.6753,1.8187451,0.3342,2.0127792,0.5127,0.48949227,-0.394,1.2156808,0.877,1.2979897,1.132,1.681905,1.01,1.9456123,1.053,1.2724504,0.8345,2.1310198,1.844,0.6771415,0.3735,1.0193073,0.926,1.0413638,1.274,1.8094909,1.691,1.9181414,1.723,1.4411896,1.017,1.5841267,0.723,1.7110039,0.765,1.9266536,0.8047,1.8473953,1.244,1.1430272,0.806,1.5634012,0.08276,0.27553478,0.8237,1.4249226,0.643,1.4325055,1.183,1.6821398,1.769
2,XZY,patch_x16688_y5712,external_test,external_test,D:\AIPatho\Patch\visiumhd_patch\2\XZY\patch_images\patch_x16688_y5712.png,-1.4285972,-1.397,1.1004444,1.233,0.8386133,1.095,0.47343552,0.675,0.48639548,0.5,1.8593649,-0.3547,1.3827744,0.2391,-0.9097414,-0.7876,0.9842298,0.9414,1.3500609,0.7124,1.6047491,0.892,1.3595716,1.103,1.6227034,0.737,2.2592824,1.127,0.25133008,0.1185,1.438901,1.248,2.404145,0.99,1.8656673,1.229,1.6478212,1.413,1.4299554,1.272,1.892358,0.7827,2.3537211,0.8667,2.292267,0.862,1.650251,1.045,1.3547326,1.084,1.1792115,-0.06604,0.35594943,0.285,1.6316012,0.8564,1.7757704,0.873,1.4224062,1.537
2,XZY,patch_x16688_y5936,external_test,external_test,D:\AIPatho\Patch\visiumhd_patch\2\XZY\patch_images\patch_x16688_y5936.png,0.2395013,-0.785,1.1232083,1.155,1.4047645,1.81,-0.24649072,-0.0484,0.49499735,0.6733,3.3630192,-0.11273,1.9150583,0.2423,-1.1772175,-0.967,0.63699704,0.3286,0.5178971,0.6855,1.240286,1.0205,0.5950135,1.375,1.2710322,0.7993,2.6411161,2.229,0.025810119,0.735,1.0999908,0.772,2.0492,0.951,1.6125984,1.963,2.050904,2.16,1.3163671,0.9067,1.3532844,0.537,1.4557041,0.6084,1.0993638,0.6426,1.4549198,1.2705,1.7902687,0.754,1.2079735,0.09076,0.33654013,1.482,1.2893097,0.889,1.2550839,1.028,1.7746164,2.158
2,XZY,patch_x16688_y6160,external_test,external_test,D:\AIPatho\Patch\visiumhd_patch\2\XZY\patch_images\patch_x16688_y6160.png,-0.47600967,-1.201,1.3581849,1.086,0.8223925,1.639,0.49087292,0.3362,0.48413184,0.666,1.9785576,-0.03152,0.5430503,0.5044,0.3986375,-0.638,1.1400319,0.611,-0.514463,0.5054,1.232328,0.8545,0.89302087,1.251,2.095995,1.346,1.4588852,1.509,-0.7197318,-0.10645,1.2808452,1.217,1.4998275,1.225,1.2435794,1.759,1.6343637,1.822,1.3799347,1.304,1.7964095,1.324,2.1670043,1.475,2.217702,1.557,1.3550256,1.34,0.9735801,1.226,0.72228545,0.1663,0.18690473,0.772,1.331394,1.0205,0.68467754,0.895,1.5092916,1.87
2,XZY,patch_x16688_y6384,external_test,external_test,D:\AIPatho\Patch\visiumhd_patch\2\XZY\patch_images\patch_x16688_y6384.png,-1.2211121,-1.381,0.55625343,1.067,0.3587436,0.972,0.5333069,0.395,0.48413184,0.5396,-0.98098904,-0.536,0.96396554,0.376,-1.8539726,-1.083,1.453312,0.678,-1.3063445,-0.11597,0.98516244,0.719,1.48442,1.025,2.1435995,1.215,0.9942523,0.281,-0.0032070877,-0.859,1.3212347,1.374,0.8723966,0.9517,0.8112928,0.9346,0.6083713,1.036,1.5326053,1.245,1.651758,1.331,2.335667,1.63,2.3980064,1.594,1.664334,0.9575,1.4332945,1.21,0.52330285,-0.05182,-0.8102918,0.368,0.9204146,0.891,0.42235917,0.3464,0.9312044,1.176
2,XZY,patch_x16688_y6608,external_test,external_test,D:\AIPatho\Patch\visiumhd_patch\2\XZY\patch_images\patch_x16688_y6608.png,-1.8507503,-1.101,0.9005681,0.954,0.31560436,0.7363,0.12404891,0.3398,0.48730096,0.5674,-0.30524442,-0.4202,-0.27554762,0.1696,-1.7890406,-0.9224,0.6240262,0.6387,-0.97618544,-0.4785,0.9067211,0.627,2.3891358,0.8833,1.5250878,1.006,1.8621039,0.2588,-0.4728823,-0.69,1.0021464,1.163,1.7379814,0.693,0.39189637,0.7183,0.61321497,0.773,1.2762823,1.2,1.7940601,1.081,2.0409653,1.308,2.1028717,1.098,0.5504482,0.569,1.2578043,1.037,0.6808709,-0.1804,-1.2436187,0.1812,0.9412599,0.5874,0.712046,0.03287,0.48031613,0.984
2,XZY,patch_x16688_y6832,external_test,external_test,D:\AIPatho\Patch\visiumhd_patch\2\XZY\patch_images\patch_x16688_y6832.png,-1.870994,-1.511,0.88515157,0.873,-0.7363446,0.338,0.39285618,0.4675,0.48865914,0.536,-1.1524377,-0.718,0.7684202,-0.04877,-0.92235035,-0.9395,1.4655275,0.894,-0.7544262,-0.3796,1.3022362,0.639,0.8432923,0.8936,1.7808609,1.145,1.9224551,-0.03412,-1.114118,-0.8545,1.4130318,1.346,1.2461759,0.7725,-0.010531525,0.3018,-0.017543761,0.3616,1.4180129,1.212,1.839024,1.281,1.811531,1.317,1.6466776,1.172,0.45199636,0.7876,1.4417349,1.223,0.7262592,-0.3577,-0.78210723,-0.3228,0.48873773,1.012,0.669493,0.3806,-0.1120413,0.517
2,XZY,patch_x16688_y7056,external_test,external_test,D:\AIPatho\Patch\visiumhd_patch\2\XZY\patch_images\patch_x16688_y7056.png,-0.57147014,-0.912,1.322254,0.9326,0.6976526,1.251,-0.63852453,0.1722,0.49363917,0.553,2.295329,0.4377,1.4030707,0.7725,1.9903754,-0.4504,0.93219024,0.447,-0.9903631,0.1313,0.92721456,0.78,1.4850725,1.3125,2.2912583,0.9937,2.6044838,1.237,-0.5591618,-0.02133,1.3919451,0.913,1.660909,1.075,1.2566085,1.42,1.5791953,1.359,1.4289994,1.056,2.1679974,1.233,2.3946247,1.4375,2.581331,1.278,1.1497296,0.8706,0.7036752,0.9683,1.0149611,0.06354,0.30881652,0.502,1.1011646,0.9067,0.6258309,0.466,1.4733547,1.5
2,XZY,patch_x16688_y7280,external_test,external_test,D:\AIPatho\Patch\visiumhd_patch\2\XZY\patch_images\patch_x16688_y7280.png,-1.9400543,-1.141,0.8867505,0.984,0.7993321,0.9062,-0.37563866,0.3188,0.49318644,0.451,-0.16936426,-0.4072,0.3457998,0.1124,-1.176344,-0.8726,0.9518144,0.6626,-0.7495789,-0.376,0.6189389,0.6074,2.1264648,0.938,2.055045,0.931,1.5035596,0.5117,0.3913695,-0.9316,1.3559442,1.179,1.9067928,0.9453,1.4364076,0.7617,1.4372208,0.9517,1.4341756,1.099,1.6529413,1.039,1.6999311,1.144,1.289063,0.979,1.4796592,0.6675,1.7635745,1.029,0.6403454,-0.2878,2.4249861,1.124,0.8127523,0.678,0.5886855,0.1888,1.173381,1.145
2,XZY,patch_x16688_y7504,external_test,external_test,D:\AIPatho\Patch\visiumhd_patch\2\XZY\patch_images\patch_x16688_y7504.png,-1.8076271,-0.937,0.8586136,0.659,-0.8200684,-0.131,0.03808204,0.844,0.48865914,0.4692,-0.20759173,-0.4104,-0.24804291,-0.1504,-1.1135129,-0.6484,0.7788419,1.033,-1.0612302,-0.1339,0.7478877,0.685,1.5288318,0.688,0.5264857,0.01158,1.0393177,0.0317,-1.833235,-0.3296,1.0149506,0.879,0.8875207,0.655,-0.36550283,-0.2426,-0.39543542,-0.3054,1.2164253,0.6724,0.8648687,0.0692,0.722004,-0.04712,0.25415656,-0.2063,0.87461275,0.544,1.7001262,0.699,0.84357184,-0.619,-1.2705563,-0.4155,0.91098875,0.4895,0.1912601,0.421,-0.2700635,-0.2812
2,XZY,patch_x16688_y7728,external_test,external_test,D:\AIPatho\Patch\visiumhd_patch\2\XZY\patch_images\patch_x16688_y7728.png,-1.805413,-1.3955,1.6580324,0.9814,-0.38780016,0.5596,0.43738395,0.2286,0.48911187,0.5337,-0.25458848,-0.7354,0.3071837,0.1842,-1.3301947,-1.108,0.8014008,0.5493,-1.5345776,-0.5728,1.3094461,0.4595,2.443806,1.007,1.219361,0.6377,1.6310713,-0.07477,-0.8559024,-0.5713,1.4035399,1.122,1.1304184,0.2625,0.0015305663,0.6875,-0.21867308,0.75,1.1287307,0.9727,1.5389509,1.043,2.1985183,1.046,2.290893,0.8677,1.1826575,0.7197,1.1808906,0.9375,1.3750126,0.0531,-0.57188135,0.03244,0.97848624,0.81,0.20931327,0.1552,-0.30419293,0.834
2,XZY,patch_x16688_y7952,external_test,external_test,D:\AIPatho\Patch\visiumhd_patch\2\XZY\patch_images\patch_x16688_y7952.png,-1.8449514,-1.5625,1.8426261,0.4685,0.82845384,-0.1342,0.55433244,0.7153,0.49137554,0.702,-0.33818087,-0.729,0.010509799,0.1931,-0.32666254,-1.417,1.5679982,0.998,-0.73027015,-0.1018,0.9735874,0.8384,1.642144,1.113,2.2258236,0.4307,2.0598426,-0.553,-1.8870491,-0.2146,1.3651683,1.023,0.8218471,0.472,0.7964212,-0.0323,0.8315519,-0.1316,0.9709593,0.7837,1.4663433,0.4236,1.5274104,0.2341,1.4041718,0.1228,1.1128008,0.918,0.74428695,1.172,0.8135076,-0.00975,-0.24300659,-0.533,0.83606964,1.159,0.36142775,0.6533,0.27426302,0.04596
2,XZY,patch_x16688_y8176,external_test,external_test,D:\AIPatho\Patch\visiumhd_patch\2\XZY\patch_images\patch_x16688_y8176.png,-0.41089675,-1.076,1.9853848,0.767,0.9200561,0.986,0.18170588,0.7617,0.49137554,0.2878,0.7791252,-0.2822,0.48800254,0.02553,0.802069,-0.5176,1.3833888,0.836,-1.3045039,0.4873,0.32693395,0.612,1.5201203,0.702,1.8404845,0.4531,2.468234,0.427,-0.3921185,0.0999,1.1420641,0.7197,2.297532,0.507,1.1788182,0.962,1.3926433,0.9863,1.153435,0.8906,1.8192773,0.568,1.8188355,0.6025,1.2779151,0.4985,1.3514544,0.7114,1.1712074,0.738,0.9308453,-0.08777,-0.22754839,0.1508,0.54912484,0.5503,0.72745234,0.6978,0.9982466,1.0205
2,XZY,patch_x16688_y8400,external_test,external_test,D:\AIPatho\Patch\visiumhd_patch\2\XZY\patch_images\patch_x16688_y8400.png,-1.9334118,-1.176,1.0294812,1.05,0.687499,1.428,0.3821722,0.303,0.49545008,0.515,-0.8997693,-0.3706,0.74258494,0.2534,-1.8559718,-0.6357,1.2176635,0.4988,-0.87668175,-0.2896,1.2292,0.7476,1.481909,0.685,1.8780811,1.108,1.8804159,0.593,-0.7621451,-0.8857,0.83321625,1.0625,1.6678486,0.6084,1.0069292,1.352,1.022393,1.489,1.369828,1.049,1.705035,1.239,2.1771548,1.448,2.0889275,1.298,1.5070117,0.735,1.4447856,1.071,1.0990026,0.03122,2.2737536,1.394,1.0371618,0.7114,0.14018007,0.3247,1.0932093,1.573
2,XZY,patch_x16688_y8624,external_test,external_test,D:\AIPatho\Patch\visiumhd_patch\2\XZY\patch_images\patch_x16688_y8624.png,-1.0815052,-0.9673,1.1866397,1.0205,0.3310296,0.773,1.2627116,0.571,0.49454463,0.4705,-0.2558027,-0.472,1.169207,-0.00555,-1.7756542,-0.7866,1.94981,0.4675,-0.5818252,-0.1394,1.5356028,0.74,0.84335756,0.573,1.361976,0.757,1.8634448,0.351,0.16334435,-0.144,1.1589895,0.9927,1.0124863,0.599,0.4640106,0.9727,0.46121773,0.9697,1.2382274,0.991,1.6653212,0.928,1.1064062,0.6846,0.7589139,0.598,0.6292281,0.825,0.7571628,0.8867,1.0499936,-0.2356,-1.4074147,0.554,0.89572155,0.6074,0.73695683,0.3228,0.25093892,0.97
2,XZY,patch_x16688_y8848,external_test,external_test,D:\AIPatho\Patch\visiumhd_patch\2\XZY\patch_images\patch_x16688_y8848.png,-1.671088,-1.086,0.36245504,0.826,-0.1513377,0.485,1.4627699,0.2019,0.48730096,0.3586,-1.7144885,-0.2341,0.087901406,0.279,-0.8250753,-0.629,2.05718,0.557,-1.0517335,-0.228,1.2550492,0.4817,1.5081472,0.9766,1.3619523,0.8105,1.2919611,0.3848,0.111876346,-0.4397,1.36807,1.109,2.0461295,0.8013,0.29529873,0.51,0.35463962,0.607,0.9453806,1.017,1.1457297,0.932,0.8050716,0.655,0.46928668,0.608,1.0422415,0.7383,1.3421158,1.006,0.94167286,-0.1256,-0.4699011,0.3013,0.20272824,0.8125,0.14575186,0.2245,0.25621533,0.756
2,XZY,patch_x16688_y9072,external_test,external_test,D:\AIPatho\Patch\visiumhd_patch\2\XZY\patch_images\patch_x16688_y9072.png,-1.5891645,-1.049,1.1038098,0.733,0.5993017,0.727,1.2082458,0.796,0.49047005,0.3936,2.1756911,-0.253,0.0359786,0.1565,0.019234909,-0.926,1.8123399,0.921,-0.34092662,0.419,0.75651175,0.8228,1.7446055,1.047,0.9366266,0.4563,1.9369417,0.528,0.26735967,0.1696,1.2197564,0.767,1.4900528,0.5625,0.9427724,0.88,0.91158533,0.843,0.9117587,0.913,0.61776376,0.64,-0.89401585,0.3828,-0.8691668,0.2308,1.2451903,0.763,1.3510361,1.009,0.91538775,-0.333,0.055822868,0.546,0.46925884,0.945,0.60470235,0.7915,0.7024827,0.9897
2,XZY,patch_x16688_y9296,external_test,external_test,D:\AIPatho\Patch\visiumhd_patch\2\XZY\patch_images\patch_x16688_y9296.png,-1.6997664,-1.211,1.0212045,1.054,0.59236276,0.6904,1.5628262,0.6675,0.48730096,0.4526,0.2677288,-0.66,0.32485962,-0.04538,-1.1041902,-0.588,1.8160169,0.9253,-0.20962359,0.2205,1.4317112,0.7017,1.2019674,0.9263,1.4479804,0.4436,1.3009694,0.8154,-0.72809994,-0.2277,0.9636635,0.9424,1.1963401,0.7114,0.63471603,0.665,0.72242296,0.854,1.1488447,0.837,1.0781599,0.4023,0.784985,0.524,1.0640885,0.4211,0.9114036,0.962,0.58293855,0.877,0.7251103,-0.3594,-0.5174192,0.4429,0.42849967,0.9375,0.67780703,0.664,0.56231725,0.995
2,XZY,patch_x16688_y9520,external_test,external_test,D:\AIPatho\Patch\visiumhd_patch\2\XZY\patch_images\patch_x16688_y9520.png,-1.6490519,-0.8604,1.2338251,0.649,0.5090928,0.2693,1.5826899,0.8184,0.48820642,0.4863,-1.6981117,-0.5723,-0.025229974,-0.2217,-1.6346638,-0.756,2.1805634,0.745,-1.3330969,-0.2037,1.0233945,0.5557,1.8989098,0.6396,0.94457906,0.3464,1.2287499,-0.1276,-0.82971436,-0.1729,0.9274295,0.6636,1.1016904,0.4172,0.8722193,0.2585,0.7845696,0.377,0.79778224,0.7417,1.0803595,0.3062,2.2933679,0.2778,2.3842742,0.2903,1.2171717,0.5244,1.2877594,0.5454,0.49621034,-0.562,-0.8738841,-0.0384,0.7779882,0.3896,0.25621432,0.03577,0.7798972,0.3987
2,XZY,patch_x16688_y9744,external_test,external_test,D:\AIPatho\Patch\visiumhd_patch\2\XZY\patch_images\patch_x16688_y9744.png,-1.2694836,-0.87,0.3960148,0.566,0.3483929,-0.05725,1.331485,0.715,0.48277366,0.5425,-0.5327638,-0.4111,-0.68756074,-0.05362,-0.5881247,-0.733,1.9409298,0.6987,-0.9297916,-0.4111,0.7877004,0.563,1.8528317,0.7373,0.30191255,0.2037,0.37319475,-0.4885,-0.08003205,-0.4373,0.7136167,0.879,1.0022923,0.278,0.21636917,-0.12354,0.19740397,0.01836,1.3498005,0.86,0.62516016,0.2319,0.5349007,0.1449,0.1102434,0.1078,1.3448633,0.4355,1.1606152,0.615,0.124035224,-0.2222,-0.50534564,-0.4358,0.12958659,0.6904,-0.3179421,0.1428,0.046510126,0.1578
2,XZY,patch_x16688_y9968,external_test,external_test,D:\AIPatho\Patch\visiumhd_patch\2\XZY\patch_images\patch_x16688_y9968.png,-1.2254114,-1.076,1.242123,0.5747,0.9849872,0.6426,1.8418493,0.613,0.48277366,0.1914,-1.384093,-0.697,0.66383886,-0.2898,0.7668989,-1.1455,1.3380558,0.6235,-0.36020645,-0.3472,1.2565951,0.549,0.9395892,0.7144,1.724618,0.795,2.5725672,-0.0218,0.60343885,0.2131,0.8635278,0.7295,1.4915037,0.818,1.5712147,0.6846,1.9823452,0.772,0.96599483,0.748,1.2091643,0.5015,0.3904153,0.6436,-0.2025443,0.6846,1.4555706,0.648,-0.9870215,0.4539,0.32712618,-0.735,-0.40030086,-0.0693,0.44332436,0.212,1.9771333,0.1241,1.2278659,0.8296
2,XZY,patch_x16912_y10192,external_test,external_test,D:\AIPatho\Patch\visiumhd_patch\2\XZY\patch_images\patch_x16912_y10192.png,-1.9073693,-1.022,0.5598546,0.745,0.18511488,0.000842,0.03175422,1.262,0.48911187,0.5317,0.21023051,-0.658,0.23784664,-0.564,-1.8318939,-0.9487,1.4494308,1.257,-1.2200859,0.1143,1.0761092,0.8164,1.977854,0.848,1.95189,0.0736,1.2749704,-0.2001,-0.31410295,0.1115,1.2437813,0.794,1.3812944,0.611,0.072894335,0.11456,0.054088186,0.1587,1.3653353,0.7163,1.9822417,-0.0408,0.6496965,0.05386,0.5739227,-0.1302,1.2511461,0.702,1.0975798,0.6484,0.93463254,-0.754,-0.55284905,-0.1638,0.36681008,0.5747,0.99425846,0.5396,0.5173406,0.1884
2,XZY,patch_x16912_y10416,external_test,external_test,D:\AIPatho\Patch\visiumhd_patch\2\XZY\patch_images\patch_x16912_y10416.png,-1.8346187,-0.8027,1.7773608,0.8857,1.1690228,0.8145,0.44360936,0.6665,0.49047005,0.4412,1.1188722,0.3977,0.6871379,0.695,0.8226789,-0.5015,1.5749979,0.6406,-0.046747964,0.159,1.248824,0.843,1.2401326,1.029,1.5069602,0.756,1.7703046,0.7305,0.6553925,0.3008,1.0082787,0.7812,1.500943,0.785,0.4237679,0.991,1.3441452,1.033,1.1760324,1.023,1.8927876,0.4426,2.4638298,0.6396,2.4619653,0.63,1.2592205,0.9736,0.9701159,0.756,0.8189009,-0.02255,-1.1090795,0.1825,1.6694721,0.6216,1.2869778,0.4067,1.5273776,1.074
2,XZY,patch_x16912_y10640,external_test,external_test,D:\AIPatho\Patch\visiumhd_patch\2\XZY\patch_images\patch_x16912_y10640.png,-1.7166362,-1.003,1.0864774,0.8057,0.77272314,0.686,1.0419538,0.93,0.48865914,0.5195,-0.188109,-0.5786,0.04427132,0.3926,0.60523695,-0.5615,1.5541846,0.4153,0.42693657,-0.1302,1.1979052,0.7856,1.407521,0.86,1.1822574,0.53,1.8693255,0.1987,-0.20696567,0.4937,1.1202729,0.5195,1.390602,0.3237,1.4790013,0.932,1.3367409,0.884,1.5253748,0.8105,2.0986862,0.676,2.0152595,0.735,2.0244052,0.7505,1.5418309,0.836,0.5235756,0.6943,0.48107216,0.11096,-0.4592439,-0.002357,0.68615216,0.666,1.5399173,0.309,1.0653416,0.956
2,XZY,patch_x16912_y10864,external_test,external_test,D:\AIPatho\Patch\visiumhd_patch\2\XZY\patch_images\patch_x16912_y10864.png,-1.7406754,-1.138,1.5346403,0.844,1.0927824,0.787,0.929534,0.911,0.48730096,0.02892,0.23813134,-0.535,0.62788296,-0.07306,-1.7018559,-1.51,1.907656,0.796,-0.19650342,-0.3418,1.2703261,0.6274,1.132181,0.7383,0.8978592,1.102,1.3927343,0.001556,-0.14377992,0.1677,0.91676766,0.722,2.0445213,0.553,1.5542234,0.9834,1.7522397,1.057,1.4536449,1.01,1.3689908,0.8843,1.5934173,1.096,2.1046224,1.178,1.0904578,0.8623,1.127821,0.7837,-0.17030266,-0.5566,-0.6037618,0.193,1.6524603,0.2363,1.6185383,0.08875,1.7279372,1.097
2,XZY,patch_x16912_y11088,external_test,external_test,D:\AIPatho\Patch\visiumhd_patch\2\XZY\patch_images\patch_x16912_y11088.png,-0.63481945,-0.5356,1.659165,1.126,1.572035,1.715,0.27062675,0.02406,0.48549002,0.4028,-0.55243176,0.4893,0.3017969,0.5093,-1.5185336,-0.85,1.6618121,0.2201,0.6925118,0.3972,0.9510711,0.789,1.7679486,0.9575,-0.1358698,0.5713,1.7379848,2.164,0.4157563,0.911,0.9317014,0.7495,1.5316694,0.841,1.3917146,1.832,2.0150156,2.121,1.3351663,0.8765,1.4505433,0.6,1.6155875,0.645,1.47445,0.8647,1.1174316,1.169,1.2324297,0.573,0.37095693,0.3184,-0.46782455,1.79,0.15545282,0.5845,1.047178,0.56,1.7423753,2.014
2,XZY,patch_x16912_y11312,external_test,external_test,D:\AIPatho\Patch\visiumhd_patch\2\XZY\patch_images\patch_x16912_y11312.png,0.11738766,0.109,1.3792298,0.1134,1.2454593,0.9824,0.62847203,-0.354,0.49137554,0.02695,-1.1447047,-0.04642,-0.40950164,-0.595,-1.030891,-0.4312,1.0019183,-0.518,-0.18837865,-0.548,0.5341343,-0.4248,0.7605374,-0.2029,0.6786982,-0.164,0.48808044,0.372,0.40946138,0.669,0.16753656,-0.46,1.3465061,-0.3557,2.020815,0.7515,2.1834729,0.9976,1.217806,-0.367,1.0062708,-0.326,1.2191596,-0.1941,1.0322025,-0.0251,0.83556193,-0.3481,0.7590175,-0.3794,0.3584372,-0.5723,0.2095581,0.594,-0.23986663,-0.651,-0.10671549,-0.883,1.7436389,0.889
2,XZY,patch_x16912_y3920,external_test,external_test,D:\AIPatho\Patch\visiumhd_patch\2\XZY\patch_images\patch_x16912_y3920.png,-0.82441056,-1.299,1.7629322,0.4446,-0.44282734,0.0872,1.0487821,1.093,0.4877537,0.3694,2.741233,-0.7163,1.3366603,-0.3147,-0.6588216,-1.322,1.2539674,1.177,-0.24216841,-0.02657,1.3268641,0.7637,1.6603116,0.511,1.2918694,0.887,1.7161957,-0.4043,-0.7364723,-0.557,1.3231044,0.827,1.3369727,0.846,0.46522117,0.03069,0.44332415,-0.01517,1.514106,0.932,1.9007853,0.793,1.6722795,0.6763,1.4681661,0.6494,1.1600579,0.828,1.2051828,0.8647,0.2892817,-0.6924,-0.78265584,-0.3262,0.44290975,0.5728,0.10201321,0.6504,0.5963639,0.1868
2,XZY,patch_x16912_y4144,external_test,external_test,D:\AIPatho\Patch\visiumhd_patch\2\XZY\patch_images\patch_x16912_y4144.png,-2.1188731,-1.028,0.7010181,0.542,-0.024675528,-0.2094,0.73291075,1.305,0.48865914,0.3953,1.2579646,-0.10315,1.4551136,0.0667,-1.6506073,-0.3408,1.0853316,1.548,0.26233464,0.946,1.5961053,1.093,1.5327876,0.7646,2.1008162,0.142,1.6830666,0.127,0.20218693,0.05148,1.3213326,0.93,2.3307498,1.034,0.3366357,-0.1227,-0.15517567,-0.3518,1.435749,0.8433,1.8425884,0.1554,2.4012146,0.2708,2.328339,0.11597,1.663951,0.7827,1.6295259,0.8784,0.7825265,-0.353,-0.70038325,-0.3052,0.80543995,0.8926,1.2562808,1.253,0.04128251,-0.256
2,XZY,patch_x16912_y4368,external_test,external_test,D:\AIPatho\Patch\visiumhd_patch\2\XZY\patch_images\patch_x16912_y4368.png,-1.515116,-1.198,1.3179617,0.926,0.3272999,0.364,0.63927835,0.655,0.47824636,0.3608,1.7693018,-0.302,0.8434128,0.10834,0.2292883,-0.3389,1.0626341,1.078,-0.36065716,0.05865,1.5452507,0.8545,1.8584818,0.7075,1.1159106,1.033,2.1253896,0.2004,-0.7103191,-0.881,1.3647906,1.256,1.6112516,1.309,0.843996,0.2048,0.7141703,0.293,1.5619298,1.212,1.9828961,1.154,2.3304703,1.369,2.166395,1.341,1.8806114,0.7344,0.6993265,1.166,0.45743406,-0.382,-0.8533214,0.1902,1.2554653,0.6772,1.3946226,0.5645,0.7952159,0.4314
2,XZY,patch_x16912_y4592,external_test,external_test,D:\AIPatho\Patch\visiumhd_patch\2\XZY\patch_images\patch_x16912_y4592.png,-0.85347444,-1.493,1.1969792,0.8066,0.72952056,0.9893,0.50435585,0.2651,0.47734088,0.609,0.38808507,-0.1787,0.63107276,0.521,-2.0012217,-0.8857,1.2609385,0.651,0.54357356,0.321,1.7760068,0.887,2.0811675,1.287,1.8943251,1.295,0.50365454,1.149,-0.40242133,-0.567,1.3839263,1.225,1.3199517,1.126,1.4516476,0.8164,1.5605114,0.9746,1.4453516,1.225,1.9175192,1.169,2.3522196,1.315,2.2277448,1.253,1.7311299,1.133,1.1645291,1.199,0.07954955,0.01703,-0.5913122,-0.2384,0.97726756,1.204,1.015694,0.9995,1.4306608,1.191
2,XZY,patch_x16912_y4816,external_test,external_test,D:\AIPatho\Patch\visiumhd_patch\2\XZY\patch_images\patch_x16912_y4816.png,-1.3973045,-1.603,0.94317263,1.123,0.29458568,1.021,0.5882502,0.556,0.47281358,0.643,0.42637613,-0.1685,-0.32776332,0.125,-1.960715,-0.3071,1.3214747,1.043,-1.0243601,0.4553,1.1292653,0.9033,1.6015762,1.12,2.6290178,1.486,0.48470616,0.851,-1.1451696,-0.563,1.3679787,1.389,0.8834067,1.475,0.879192,0.9824,0.7614177,1.104,1.6018608,1.388,2.018989,1.486,2.777092,1.495,2.9130485,1.514,1.1820253,1.125,1.3517051,1.289,0.39596853,-0.676,-1.3969508,-0.00764,1.2970456,1.193,0.9266632,0.947,0.8923612,1.215
2,XZY,patch_x16912_y5040,external_test,external_test,D:\AIPatho\Patch\visiumhd_patch\2\XZY\patch_images\patch_x16912_y5040.png,-2.0614107,-1.463,0.75103927,0.891,-0.5709297,0.1044,0.39920074,1.218,0.48141545,0.511,0.18536082,-0.3403,-0.2660896,-0.05847,-0.23083743,-1.162,1.5347475,1.38,-0.4180111,0.3604,1.3208538,0.985,1.8846997,1.039,1.9136894,0.845,1.0738151,-0.1982,-0.2514857,-0.554,1.4485253,1.242,1.8884388,1.07,0.0012296475,0.07245,-0.1514306,0.0901,1.6090951,1.25,1.8049473,0.832,2.4966757,0.9487,2.0905845,0.8916,1.1670587,0.9956,1.0102973,1.255,0.6225611,-0.493,-1.2161661,-0.7144,1.584869,0.9473,0.9492781,1.068,-0.15801145,0.2378
2,XZY,patch_x16912_y5264,external_test,external_test,D:\AIPatho\Patch\visiumhd_patch\2\XZY\patch_images\patch_x16912_y5264.png,-1.9981494,-1.849,0.09403319,0.921,0.5684872,0.9585,0.7756892,0.2341,0.4850373,0.4521,0.24702016,-1.389,1.3798188,-0.4932,-1.5305263,-1.67,1.4203935,0.831,-0.17007978,-0.612,1.4610353,0.8374,1.5917063,1.37,2.2108767,1.934,1.4619858,-0.03476,-0.09225396,-1.033,1.3838848,1.555,1.4896293,0.9565,1.0458353,0.93,1.0001224,1.072,1.5315696,1.527,2.170882,1.784,2.2868204,2.111,2.0356526,2.19,1.8358283,1.438,1.408724,1.494,0.91220266,-0.6626,-0.72314847,-0.0929,1.6060358,1.033,1.229734,0.4587,0.98596567,1.294
2,XZY,patch_x16912_y5488,external_test,external_test,D:\AIPatho\Patch\visiumhd_patch\2\XZY\patch_images\patch_x16912_y5488.png,0.7102848,-0.7217,1.8176785,1.198,1.2884953,1.319,0.16976255,0.01131,0.49318644,0.659,3.0325398,-0.056,1.8038052,-0.02898,1.3585666,-0.631,1.2855775,0.547,0.5126927,0.753,1.4792776,0.894,1.2346665,0.9507,1.1009649,0.927,2.043339,1.639,0.89960885,0.465,0.94711363,1.005,2.2656422,1.353,1.910762,1.597,1.9812003,1.742,1.3189815,0.8833,0.9579735,0.829,1.6983774,0.8647,1.137858,1.02,1.9967703,0.9976,0.6871065,0.791,1.8868352,-0.1683,2.7955737,1.992,1.4498584,0.6504,0.39888427,0.8887,1.8042462,1.698
2,XZY,patch_x16912_y5712,external_test,external_test,D:\AIPatho\Patch\visiumhd_patch\2\XZY\patch_images\patch_x16912_y5712.png,0.58746904,0.6094,1.189982,0.809,1.3716655,1.132,0.25434032,-0.4417,0.49635556,0.5933,2.9483888,1.047,1.5781975,0.2122,2.561828,0.1312,0.8060992,0.1315,1.6119635,0.8955,1.4032495,0.6787,1.0942323,1.052,1.3744845,0.427,2.7420967,2.086,1.0773977,0.6255,1.3662525,0.2944,2.1999261,0.932,1.5826974,1.265,1.9139235,1.446,1.3680654,0.2406,1.4089783,-0.06946,0.49595588,-0.44,0.14554226,-0.227,2.4908957,1.48,0.99263084,0.3254,1.8894926,0.2664,1.5845441,1.059,1.9718018,0.577,1.2996492,0.8647,1.6976708,1.381
2,XZY,patch_x16912_y5936,external_test,external_test,D:\AIPatho\Patch\visiumhd_patch\2\XZY\patch_images\patch_x16912_y5936.png,0.982704,-0.0247,1.4614334,1.196,1.5702338,1.439,-0.2904747,-0.67,0.49590284,0.8306,0.18427327,0.6123,0.39274526,-0.56,0.5444418,-0.464,0.8151839,0.0996,-0.10545093,0.8447,1.1458778,0.7993,2.1132553,0.96,1.376136,0.2311,2.611765,2.127,0.6936199,0.6123,0.8566232,0.477,2.3343184,1.448,1.3134384,1.454,2.0196295,1.757,0.92579865,0.2266,0.16517745,-0.1613,0.23307897,-0.37,-0.13609932,-0.07025,2.4967144,0.982,0.7404189,0.2634,1.5258933,-0.09454,2.2836523,1.628,0.8302572,0.639,0.78853405,0.9917,1.7003511,1.629
2,XZY,patch_x16912_y6160,external_test,external_test,D:\AIPatho\Patch\visiumhd_patch\2\XZY\patch_images\patch_x16912_y6160.png,-1.9305651,-1.395,0.2005753,1.107,0.82444805,1.359,0.10444091,0.034,0.48684824,0.5806,-1.0313158,-0.3076,0.3717428,0.06192,-1.8514518,-0.9624,1.1707412,0.5415,-0.6644343,0.06143,1.1621968,0.669,2.032107,1.094,2.5255659,1.219,1.3199617,0.81,-0.6382612,-0.699,0.9933286,1.073,1.8322413,1.018,1.0741005,1.176,1.180305,1.394,1.3996886,1.138,1.7842627,1.309,2.1821103,1.357,2.5138922,1.384,1.7301381,1.138,1.3991069,0.8667,0.9715993,-0.46,-0.1714256,0.198,0.98042846,0.6934,0.83823067,0.502,1.3635755,1.492
2,XZY,patch_x16912_y6384,external_test,external_test,D:\AIPatho\Patch\visiumhd_patch\2\XZY\patch_images\patch_x16912_y6384.png,-0.44367084,-1.666,0.7004349,1.201,0.6113562,1.232,0.55130917,0.03256,0.4832264,0.609,-0.9760974,-0.6016,-0.08798315,0.2515,-1.2052761,-1.198,1.509885,0.535,-0.75072205,0.05667,1.4499469,0.8345,1.9281126,1.298,2.244705,1.745,1.4744735,0.743,0.3082838,-0.487,1.4085189,1.36,1.7717799,1.324,1.2059386,1.255,1.034069,1.459,1.4251202,1.343,1.6248363,1.706,2.7500193,1.847,2.3716066,1.854,1.197278,1.311,1.279349,1.433,0.638821,-0.199,-0.4388479,0.3872,1.1585351,1.387,0.9185264,0.6626,1.0793351,1.586
2,XZY,patch_x16912_y6608,external_test,external_test,D:\AIPatho\Patch\visiumhd_patch\2\XZY\patch_images\patch_x16912_y6608.png,-1.1746137,-1.352,1.3618,1.2,0.680829,0.9453,-0.09050308,0.3196,0.492281,0.513,2.3567953,-0.09454,1.3027891,0.2634,2.174924,-0.1895,1.0665636,0.7476,-0.15739162,-0.2627,0.8195035,0.5117,1.2778355,1.014,1.9944167,1.044,1.5764588,0.884,-0.46764,-1.245,1.1407729,1.59,2.1790814,1.039,0.8543266,0.622,1.0039821,0.978,1.4953194,1.355,1.6816405,1.178,2.2085667,1.704,1.707479,1.504,1.2402278,0.824,0.6913361,1.165,1.1979231,-0.2502,1.8309814,0.6147,0.27112997,0.9155,1.1095272,0.3042,0.9273484,1.152
2,XZY,patch_x16912_y6832,external_test,external_test,D:\AIPatho\Patch\visiumhd_patch\2\XZY\patch_images\patch_x16912_y6832.png,-1.8870201,-1.151,1.1350327,0.807,0.4820584,0.722,-0.06201256,0.3137,0.49318644,0.5396,-1.06532,-0.43,0.71883,0.02367,-1.8163346,-1.07,0.73473614,0.4377,-0.62106603,-0.447,1.2659421,0.628,1.4452813,0.8413,1.5618064,1.201,1.8259674,0.0607,0.30234534,-0.903,1.3690938,0.9287,1.489981,0.564,0.65894085,0.6426,0.6381925,0.7173,1.2494599,0.9844,1.3770412,1.35,2.052324,1.4375,1.7844285,1.503,1.3832386,0.6177,1.5082829,1.061,1.2176056,0.01102,-0.23174816,0.08594,1.0807997,0.684,1.0344424,0.1978,0.55317014,0.917
2,XZY,patch_x16912_y7056,external_test,external_test,D:\AIPatho\Patch\visiumhd_patch\2\XZY\patch_images\patch_x16912_y7056.png,-1.9614577,-1.563,1.3099476,0.751,-0.16977917,0.997,-0.14333844,-0.017,0.49363917,0.6504,-0.94683343,-0.0791,0.25580573,0.512,-0.34592465,-0.9126,1.1816555,0.3943,-0.73926735,-0.1659,1.4717228,0.7124,1.2223164,1.276,2.286364,1.542,1.4440279,0.42,-1.0223399,-0.6074,1.4216589,0.994,1.5370903,0.799,0.30425918,0.97,0.24060859,0.993,1.2256217,1.064,1.788538,1.449,2.4095428,1.686,2.1607413,1.577,0.56261015,1.1,1.3436239,1.101,1.1044632,-0.08215,-0.72324365,-0.044,1.6102555,0.9785,0.7912734,0.4832,0.47666922,1.177
2,XZY,patch_x16912_y7280,external_test,external_test,D:\AIPatho\Patch\visiumhd_patch\2\XZY\patch_images\patch_x16912_y7280.png,-1.8912376,-1.544,1.2036643,0.7676,-0.6370457,0.5503,0.57020056,0.3638,0.48820642,0.518,0.9095198,-0.954,0.4520431,-0.1832,0.11686008,-1.431,1.2115823,0.801,-1.5218893,-0.4604,1.0757619,0.6265,1.7863787,1.082,1.8490428,1.2,1.2759012,-0.2422,-1.5894898,-0.8364,1.3303485,1.192,1.6679045,0.7744,-0.5446713,0.4746,-0.3441695,0.5415,1.210313,1.163,1.4187596,1.142,2.6326776,1.139,2.2585046,1.176,0.8471705,0.893,1.1740454,0.9727,0.9571259,-0.562,-1.2011675,-0.325,0.6199367,0.788,0.48444754,0.2542,-0.114968404,0.7427
2,XZY,patch_x16912_y7504,external_test,external_test,D:\AIPatho\Patch\visiumhd_patch\2\XZY\patch_images\patch_x16912_y7504.png,-1.9678893,-0.8745,0.63902277,0.828,0.46707678,1.029,0.34339324,0.298,0.49273372,0.554,0.38717997,-0.1076,0.89041835,0.61,-1.8830051,-0.6855,1.1833818,0.5596,-1.1478382,-0.2416,1.0329871,0.511,1.0363528,0.9316,1.900087,0.75,1.9859717,0.8022,-0.25949347,-0.4211,1.0687487,0.956,1.8124942,0.633,0.744212,1.043,0.84721696,1.19,1.4183935,1.0205,1.6296184,1.185,1.9198449,1.148,1.5139023,0.9673,1.0090016,0.7935,1.4924644,1.112,1.003444,0.2147,0.4465229,0.72,0.40438777,0.8843,0.7302916,0.399,0.74133915,1.275
2,XZY,patch_x16912_y7728,external_test,external_test,D:\AIPatho\Patch\visiumhd_patch\2\XZY\patch_images\patch_x16912_y7728.png,-1.91844,-1.265,0.9188911,0.8804,-0.18619476,0.65,0.48060948,0.1475,0.49454463,0.3845,0.414792,-0.1396,0.89288324,0.268,-0.037881706,-0.624,1.1094832,0.5303,-0.36220983,-0.4248,1.6878017,0.487,1.6204398,0.9097,1.9723773,1.047,2.1142933,0.638,0.005977995,-0.9277,1.1014256,1.087,2.3063312,0.886,0.45973036,0.4692,-0.35793665,0.565,1.3939017,1.028,1.5197474,1.296,1.5325416,1.478,0.9417241,1.433,0.5542561,0.707,1.3799361,1.085,1.2436343,-0.2576,-0.16460131,-0.1328,0.71803904,0.972,0.8044382,0.32,-0.41273314,0.733
2,XZY,patch_x16912_y7952,external_test,external_test,D:\AIPatho\Patch\visiumhd_patch\2\XZY\patch_images\patch_x16912_y7952.png,-1.9048388,-1.3125,1.3353219,0.4636,0.29382735,0.06158,0.12052922,0.791,0.492281,0.71,0.23018529,-0.812,-0.03911916,0.175,0.20776962,-1.095,1.4006839,0.765,-0.31938747,-0.3962,1.4660231,0.6772,1.0831612,0.953,1.0549566,0.7573,2.149443,-0.4521,-0.30560035,-0.2986,1.1193519,0.8022,1.8491474,0.349,0.31807357,0.03125,0.41574925,0.0927,1.0118413,0.8135,1.3689541,0.792,1.3202698,0.4934,0.8805813,0.3203,1.2276717,0.7217,1.67352,1.077,1.0707133,-0.2319,-0.37390298,-0.4807,0.72054464,0.996,1.5774775,0.3052,0.42218667,0.2676
2,XZY,patch_x16912_y8176,external_test,external_test,D:\AIPatho\Patch\visiumhd_patch\2\XZY\patch_images\patch_x16912_y8176.png,-1.9080019,-1.157,0.12059198,0.6255,0.6507683,0.8486,0.66558135,0.4324,0.49363917,0.5693,1.6653132,-0.6597,0.5662427,-0.237,-1.8382394,-1.182,1.3472131,0.6016,-1.3372271,-0.345,1.7871901,0.648,1.6394207,1.022,0.93504655,0.694,2.6086233,-0.211,-0.38431153,-0.6025,1.1887056,0.901,1.3055774,0.6177,0.8298815,0.688,0.8356955,0.8237,1.3061724,0.9126,1.8064693,0.7544,1.7616761,0.693,0.94230473,0.673,1.1291492,0.7007,1.2533748,0.799,1.1174014,-0.343,0.7663162,0.2876,0.8011262,0.8623,0.6906123,0.3135,0.87004435,1.005
2,XZY,patch_x16912_y8400,external_test,external_test,D:\AIPatho\Patch\visiumhd_patch\2\XZY\patch_images\patch_x16912_y8400.png,-1.9345716,-1.483,1.4067235,0.9404,0.6642012,1.306,0.09273734,0.2664,0.49454463,0.594,0.4150753,-0.4421,0.4681564,-0.2417,-1.8564934,-1.491,0.9668392,0.6006,-0.6943593,-0.3196,1.01165,0.642,0.5483222,1.021,2.1393015,1.212,1.81353,0.3406,0.06325031,-0.3147,1.0698516,1.012,1.6484855,0.908,1.507014,1.196,1.4618716,1.305,1.2672392,1.017,1.3065827,1.115,1.8459911,1.328,1.6899712,1.345,0.8592629,1.156,0.40152827,0.956,0.3970759,-0.3801,0.57460326,0.07275,0.67372215,0.59,0.82683504,0.4373,1.5260862,1.342
2,XZY,patch_x16912_y8624,external_test,external_test,D:\AIPatho\Patch\visiumhd_patch\2\XZY\patch_images\patch_x16912_y8624.png,-1.9049442,-1.252,0.8536933,0.9946,-0.07403009,0.93,0.83386075,0.7495,0.49318644,0.619,0.9758168,-0.7764,0.9824924,-0.2125,-1.8308508,-0.7124,1.7526808,0.7207,-0.57233304,-0.1318,1.4490098,0.6665,1.3674997,0.814,1.7713515,0.3545,2.2027605,0.4497,-0.86418486,0.00176,1.2361071,0.7744,1.6520888,0.5938,0.5439627,0.9536,0.32711282,1.053,1.0967805,0.8276,1.2407602,0.3464,1.3905765,0.5327,1.4758166,0.4846,1.0959812,0.884,1.6402541,0.655,0.7723712,-0.5083,-0.50365835,0.11017,0.9107799,0.5073,0.7337344,0.2852,0.35312763,1.072
2,XZY,patch_x16912_y8848,external_test,external_test,D:\AIPatho\Patch\visiumhd_patch\2\XZY\patch_images\patch_x16912_y8848.png,-1.8648787,-1.1875,1.742055,0.7563,0.25919315,0.4106,0.6691696,0.2874,0.49047005,0.4329,0.87860864,-0.2085,0.27059162,0.2766,0.7064604,-0.5273,1.222382,0.6045,-0.42315975,-0.4507,1.1391369,0.483,1.5803802,0.796,1.6950576,0.61,2.3640692,0.4678,0.1520997,-0.666,1.2961999,0.9683,2.0677488,0.4956,0.46789688,0.2632,0.25038508,0.411,0.95078677,0.974,0.9620272,0.928,1.1538681,0.8545,0.66441494,0.8457,1.0677822,0.6836,0.72644323,1.039,0.8620458,0.0641,-0.5636424,-0.1844,1.4129486,0.808,1.3205247,0.2032,-0.13537627,0.5425
2,XZY,patch_x16912_y9072,external_test,external_test,D:\AIPatho\Patch\visiumhd_patch\2\XZY\patch_images\patch_x16912_y9072.png,-1.9039953,-1.235,0.8637438,0.8833,0.35901502,1.143,1.121903,0.3875,0.4940919,0.4583,-0.62685657,-0.02185,0.91832215,0.4548,0.014769069,-0.487,1.5405431,0.4397,-0.7966654,-0.02083,1.0568738,0.668,1.708669,1.029,1.120397,0.8623,1.9776375,0.896,-0.4177175,-0.323,1.0428017,0.8604,2.138673,0.7856,1.3007035,1.22,1.2338582,1.318,1.238908,0.9067,1.6708645,0.8887,1.7914681,0.767,1.5854616,0.7607,1.1508085,0.9004,0.91399556,0.8247,1.2177244,-0.08545,1.8324207,0.8306,0.49563557,1.097,0.59305954,0.5347,1.1242799,1.461
2,XZY,patch_x16912_y9296,external_test,external_test,D:\AIPatho\Patch\visiumhd_patch\2\XZY\patch_images\patch_x16912_y9296.png,-1.0088581,-1.226,1.350753,0.6846,0.09785365,0.5415,1.2437311,0.5205,0.4895646,0.569,-1.1411036,-0.6597,-0.14490382,-0.001707,0.047273666,-0.9517,1.7345574,0.6704,-0.8935941,-0.4766,1.5242797,0.505,1.0136558,0.7007,2.0743392,0.5244,1.8898046,0.1898,-0.4594417,-0.4236,1.0846603,0.8677,1.9756445,0.4878,0.48213825,0.3823,0.5043921,0.5796,1.1081506,0.8135,1.6302006,0.5796,1.8890079,0.639,1.9769998,0.5264,1.2420382,0.7144,0.9129958,0.7056,0.9701419,-0.1704,-0.6931505,0.1096,1.552148,0.64,1.0405681,0.1366,0.1516282,0.6714
2,XZY,patch_x16912_y9520,external_test,external_test,D:\AIPatho\Patch\visiumhd_patch\2\XZY\patch_images\patch_x16912_y9520.png,-1.8272382,-1.029,0.4833034,0.634,-0.72254586,-0.3008,1.751838,0.845,0.49092278,0.5586,-0.7897247,-0.3748,0.54646724,0.02032,-0.98366046,-0.7056,1.5924195,0.8647,-1.1306303,-0.08624,1.2739758,0.763,1.5143396,0.8833,2.3960896,0.3438,1.6792699,-0.2688,-1.3651832,-0.3225,1.2082299,0.8394,1.5458598,0.1271,0.33411098,-0.0194,0.32533813,-0.12286,1.2465514,0.7476,0.6941527,0.3862,0.6893469,0.247,0.48012576,0.1592,1.1171191,0.688,1.0104481,0.875,0.93274164,0.0474,-0.6596355,-0.276,0.8293288,0.975,1.0031832,0.515,0.65714586,0.005577
2,XZY,patch_x16912_y9744,external_test,external_test,D:\AIPatho\Patch\visiumhd_patch\2\XZY\patch_images\patch_x16912_y9744.png,-1.694811,-1.273,0.55938286,0.947,0.6157409,0.7183,1.261996,1.076,0.49137554,0.4346,1.701423,-0.433,0.82866424,-0.08954,1.2061054,-0.8384,1.8149598,1.149,-0.26582214,0.5596,1.448054,0.9536,1.5849036,0.921,0.5969426,0.9927,1.862165,0.1514,-0.61462903,0.3188,0.8716548,0.96,1.704174,1.106,1.0594035,0.7637,1.1061081,0.7866,1.4426328,1.134,1.4745355,0.698,1.915126,0.8574,1.5800401,0.8027,1.8894676,0.9946,0.9022921,0.9917,0.47698632,-0.6665,-0.71483845,0.00613,1.0748271,0.7227,0.99240655,0.979,0.8119153,0.901
2,XZY,patch_x16912_y9968,external_test,external_test,D:\AIPatho\Patch\visiumhd_patch\2\XZY\patch_images\patch_x16912_y9968.png,0.37285978,-1.346,0.712238,0.8223,0.90694994,0.9004,1.2719467,0.549,0.4895646,0.4685,1.70812,-0.2542,0.89598304,0.2683,1.3411939,-1.273,1.7165323,0.5234,-0.35311556,-0.3096,1.0914458,0.8,1.693813,0.9976,2.1177328,1.316,1.6206398,0.2261,-0.34440506,-0.00536,1.1989573,0.9004,1.4722387,0.715,1.1535447,0.999,1.5792913,1.066,1.0048184,1.157,1.464076,1.072,1.289036,1.34,0.5536135,1.346,1.2765999,0.9624,1.4816293,0.963,1.0299237,-0.2869,-0.8666754,0.1482,1.2100768,0.5615,0.48575348,0.3245,1.2958093,1.157
2,XZY,patch_x17136_y10192,external_test,external_test,D:\AIPatho\Patch\visiumhd_patch\2\XZY\patch_images\patch_x17136_y10192.png,-1.8780582,-1.188,1.5193475,0.7603,0.75557905,0.846,0.07851859,0.4475,0.4895646,0.6265,1.3103441,-0.5215,0.8683019,-0.00807,-0.4716388,-0.8335,0.957201,0.5117,-1.5598977,-0.425,1.0788869,0.64,2.0373902,0.9727,1.6285464,0.784,1.4975375,0.3887,-0.52041507,-0.2756,1.0649675,1.035,2.2065985,0.796,0.84859115,0.868,0.6442592,1.024,1.3202493,0.9453,2.4035082,0.7417,1.5935267,0.9927,1.822977,0.9604,1.4290205,0.9395,1.1129487,0.7666,1.0627663,-0.2372,1.0504211,0.898,0.95932144,0.5464,0.4884265,0.1866,1.0088958,1.068
2,XZY,patch_x17136_y10416,external_test,external_test,D:\AIPatho\Patch\visiumhd_patch\2\XZY\patch_images\patch_x17136_y10416.png,-1.4572644,-0.876,1.6435454,0.8145,0.47839326,0.905,0.6855588,0.803,0.48911187,0.3306,-1.5591829,-0.8164,-0.73678184,-0.04883,-1.0123554,-1.134,1.4169719,0.6655,-0.20812023,-0.2092,1.0985659,0.7163,1.2096877,0.8174,1.8491043,0.838,1.8299991,-0.222,0.47335827,0.2148,0.8701379,0.7803,1.5684488,0.777,0.92032325,1.025,0.93330884,1.048,1.2724425,0.988,1.7033907,0.731,1.9611679,0.6636,1.7777915,0.723,1.1057128,0.916,0.96523494,0.6104,0.4619619,-0.875,-0.16151108,0.2325,0.9018491,0.4465,1.1494607,0.0882,0.8809266,1.117
2,XZY,patch_x17136_y10640,external_test,external_test,D:\AIPatho\Patch\visiumhd_patch\2\XZY\patch_images\patch_x17136_y10640.png,-0.76852113,-1.569,1.4260921,0.976,0.45772463,0.2866,0.22880663,0.756,0.48730096,0.5347,-0.87018836,-1.06,0.47545674,-0.4631,-0.6612769,-1.276,1.2842625,0.719,-0.6077264,-0.7876,1.1189588,0.7466,1.4947435,1.091,1.1433625,1.261,1.6725001,-0.712,-0.3271492,-0.474,0.8656843,0.929,0.67683583,0.6143,0.5649485,0.403,0.39413098,0.559,1.3047757,0.827,1.6041305,0.8955,1.9108967,0.882,1.5978307,1.009,1.6516645,1.06,1.4288783,0.9126,0.8606729,-0.9453,-1.37763,-0.00689,1.3016282,0.764,1.254049,0.02667,0.5584718,0.663
2,XZY,patch_x17136_y10864,external_test,external_test,D:\AIPatho\Patch\visiumhd_patch\2\XZY\patch_images\patch_x17136_y10864.png,-1.9935101,-1.301,1.3261031,0.8877,0.68667144,0.5674,0.26177436,0.8594,0.49001732,0.4675,-0.13957861,-0.3452,0.93557036,0.6064,-1.3487738,-0.78,1.0219891,0.7314,-0.14452279,-0.273,1.0575305,0.9204,1.6032056,1.283,2.1310482,1.246,1.8574146,0.11743,0.4122413,-0.1605,1.3251959,1.144,1.8037895,0.7437,1.0604972,0.7764,1.3366464,0.785,1.5584747,1.244,2.2369854,0.987,2.438866,1.138,2.2639322,1.108,1.8899405,1.198,1.2502275,1.085,0.7335014,-0.1459,-1.0120684,-0.03897,1.3469001,1.22,1.2225777,0.4033,1.3294504,0.9834
2,XZY,patch_x17136_y11088,external_test,external_test,D:\AIPatho\Patch\visiumhd_patch\2\XZY\patch_images\patch_x17136_y11088.png,-1.060901,-0.89,1.5420611,0.9985,1.0400802,0.853,-0.43850556,0.568,0.48367912,0.4172,-0.08765115,0.372,-0.24694097,0.489,-1.3552693,-0.6343,1.3966913,0.514,-0.48050344,0.06836,0.7567544,0.723,1.8929435,1.016,2.578743,0.784,1.3459876,0.753,-0.7454554,-0.03177,1.1789521,0.985,1.258462,0.7744,1.3050715,0.902,1.5122956,1.15,1.5676502,1.031,1.9678392,0.7534,1.7520928,1.048,1.9647623,1.151,1.5894303,0.9565,1.340775,0.901,0.6071217,-0.1685,-0.8296831,0.2537,1.6030719,0.7866,0.8676065,0.2769,1.5366257,1.144
2,XZY,patch_x17136_y11312,external_test,external_test,D:\AIPatho\Patch\visiumhd_patch\2\XZY\patch_images\patch_x17136_y11312.png,-1.8692015,-1.336,1.1036664,0.7876,0.5106899,0.166,0.56413454,1.003,0.48277366,0.377,-0.06268056,-0.603,0.32942003,0.0859,-0.461434,-1.072,1.6663364,1.023,-0.41822025,-0.376,1.0688807,0.9897,1.4447355,0.939,2.3752012,1.472,0.32752514,-0.1957,-0.9407647,-0.1685,1.1083443,1.08,1.0807208,0.7646,0.7196456,0.2003,0.82560885,0.2178,1.2821249,1.194,2.0688055,1.145,1.318438,1.379,1.2839996,1.421,1.3704048,1.265,1.1181889,1.004,0.35104543,-0.4004,-0.56396425,-0.573,1.2183046,0.9814,1.1236897,0.3716,1.0481025,0.383
2,XZY,patch_x17136_y11536,external_test,external_test,D:\AIPatho\Patch\visiumhd_patch\2\XZY\patch_images\patch_x17136_y11536.png,-1.7716736,-1.003,1.7274959,0.4988,0.53445375,0.2125,0.802078,0.8203,0.48096272,0.421,-0.770509,-0.527,-0.12932982,0.2996,-1.7242823,-0.951,1.4421408,0.6333,-0.036617544,-0.648,1.0547035,0.729,1.1490383,0.4773,1.1812911,0.935,0.8230806,-0.3303,0.17723471,-0.4688,1.0496551,1.019,0.17763253,0.429,1.0232581,0.1743,1.0104767,0.1696,1.384172,1.085,1.4297982,1.125,2.428148,1.199,2.393655,1.242,1.8148113,1.055,1.5387663,0.9717,0.040408473,-0.06216,-0.58875734,-0.3884,0.7867977,0.9053,0.8278639,0.1749,0.9800801,0.3696
2,XZY,patch_x17136_y3920,external_test,external_test,D:\AIPatho\Patch\visiumhd_patch\2\XZY\patch_images\patch_x17136_y3920.png,-2.0945175,-1.713,1.3388733,0.677,0.16810057,0.1975,0.8644469,0.3909,0.48594275,0.2483,0.78337634,-1.091,1.0400169,-0.1495,-0.9497446,-1.707,1.8180941,0.9546,-0.73647803,-0.3022,1.4410733,0.832,1.7074904,1.005,1.300467,1.737,1.607929,-0.301,-0.073455416,-1.058,1.397365,1.303,1.5512569,0.9463,0.5826218,0.143,0.32768783,0.259,1.4510951,1.283,2.0353296,1.744,2.4086757,1.779,2.2560265,1.634,1.8306721,1.071,1.3042938,1.269,0.31344828,-0.4482,-0.6343265,-0.4646,1.8615723,1.201,0.92686284,0.7163,0.27790537,0.5215
2,XZY,patch_x17136_y4144,external_test,external_test,D:\AIPatho\Patch\visiumhd_patch\2\XZY\patch_images\patch_x17136_y4144.png,-2.1143394,-1.6,1.085993,0.541,0.72080463,-0.0891,0.35475707,0.6147,0.48865914,0.4114,2.0975718,-1.181,1.8441124,-0.3088,-1.4812181,-1.281,1.2599264,0.8774,0.7681216,-0.8853,1.1599187,0.649,2.0136316,0.9253,1.7651035,1.856,1.6852907,-0.654,0.04265303,-1.25,1.3519962,1.215,1.0220906,0.798,1.1661546,-0.1633,1.0895405,-0.1978,1.4723669,1.112,1.5927902,1.5,2.780571,1.6,2.6701913,1.578,1.7330184,1.208,1.3076667,1.101,0.39373285,-0.893,0.20401126,-0.6567,1.189685,0.947,1.148986,0.2031,1.0589929,0.1009
2,XZY,patch_x17136_y4368,external_test,external_test,D:\AIPatho\Patch\visiumhd_patch\2\XZY\patch_images\patch_x17136_y4368.png,-2.0596182,-1.376,1.3981386,0.78,0.76301354,0.864,0.7937491,0.5522,0.48684824,0.279,1.9384577,-0.7837,1.8960384,0.1356,0.091877386,-0.7993,1.2920332,0.668,0.6350509,0.166,1.5267453,1.0205,2.0513248,1.1875,1.6903045,1.429,1.4524238,0.288,0.21975635,-0.739,1.0773846,1.247,1.5787872,0.728,1.5951035,0.814,1.6764758,0.8257,1.2181529,1.217,1.5347731,1.352,2.3708296,1.474,2.400959,1.545,1.960127,1.006,0.96864974,1.124,0.90793526,-0.1182,1.617454,0.4731,1.110864,1.181,1.1335256,0.78,1.4657196,1.095
2,XZY,patch_x17136_y4592,external_test,external_test,D:\AIPatho\Patch\visiumhd_patch\2\XZY\patch_images\patch_x17136_y4592.png,-0.2555038,-1.542,0.9353442,0.7695,1.107788,0.2153,0.6929102,0.8047,0.47371906,0.4082,-1.3462697,-0.9316,2.1246166,-0.06494,-0.13603488,-1.228,1.4723197,1.164,0.47274095,0.0819,1.4183605,0.943,1.631465,1.424,1.8914005,1.553,1.7245061,-0.375,-0.43286225,-0.78,1.1371158,1.364,1.6436732,1.002,1.7844989,0.2007,1.765152,0.1987,1.496428,1.244,1.6806276,1.306,1.8298415,1.421,1.6235319,1.404,2.004357,1.207,1.3732059,1.317,0.21415411,-0.3352,0.45029822,-0.773,1.0772916,1.144,0.4097912,0.851,1.4745803,0.4565
2,XZY,patch_x17136_y4816,external_test,external_test,D:\AIPatho\Patch\visiumhd_patch\2\XZY\patch_images\patch_x17136_y4816.png,-1.216472,-1.432,0.9049135,0.849,0.7803466,0.817,0.7584135,0.3948,0.48458457,0.5664,0.4447579,-0.603,2.173073,0.0689,0.34353667,-1.192,1.1327102,0.787,-0.41146934,-0.168,1.2970885,0.6187,1.7664878,1.205,2.0131743,1.406,2.3424153,0.585,-0.34846532,-0.3354,1.223665,1.05,1.4523308,1.035,1.678587,0.877,1.5491906,0.9976,1.4487625,1.23,1.9077514,1.336,2.32054,1.408,2.1840768,1.545,1.7156874,1.164,1.277644,1.211,0.63928854,-0.2876,-0.013302929,0.1904,0.7816507,0.819,0.8679138,0.583,1.5293051,1.12
2,XZY,patch_x17136_y5040,external_test,external_test,D:\AIPatho\Patch\visiumhd_patch\2\XZY\patch_images\patch_x17136_y5040.png,-2.028093,-1.417,0.2952421,0.7305,0.18840311,-0.00587,0.46970266,0.675,0.47824636,0.47,-1.0921837,-0.7715,1.0884342,-0.6377,-0.97476363,-1.593,1.4062434,1.088,-0.8187699,-0.1098,1.3678956,0.823,1.7429031,1.114,2.0830884,1.43,1.1479697,-0.65,-0.83981454,-0.6455,1.2812518,1.323,1.0104048,0.9443,0.5854419,0.1823,0.6595594,0.1081,1.3258115,1.106,1.5426539,1.252,2.622265,1.1455,2.6516633,1.229,1.6255904,1.315,1.4369446,1.388,0.43644753,-0.7324,-0.5834035,-0.452,0.9641415,0.887,0.7704156,0.704,0.65824544,0.3862
2,XZY,patch_x17136_y5264,external_test,external_test,D:\AIPatho\Patch\visiumhd_patch\2\XZY\patch_images\patch_x17136_y5264.png,-0.5522599,-1.488,0.6958094,0.828,0.5548161,0.9404,0.6769232,0.5327,0.48232093,0.548,0.1920285,-0.5317,1.5826169,-0.1841,-1.8517995,-1.085,0.9596827,0.7754,0.41758212,0.1362,1.1409456,0.9497,1.8626423,1.275,2.3936741,1.679,1.3346868,-0.02373,-0.051008206,-0.1539,1.3186852,0.962,1.0970879,1.126,0.9721453,0.985,0.8415408,0.9067,1.3652194,1.114,1.9199528,1.282,2.550602,1.385,2.5486279,1.37,1.5646913,1.198,1.0016979,1.219,1.1114385,-0.2732,-0.6072802,0.0895,1.1215523,0.7905,0.89422417,0.756,0.83945245,1.103
2,XZY,patch_x17136_y5488,external_test,external_test,D:\AIPatho\Patch\visiumhd_patch\2\XZY\patch_images\patch_x17136_y5488.png,1.0791886,-1.126,0.7894824,1.088,0.897054,1.368,0.36547813,0.1921,0.49137554,0.7896,2.9906828,0.3386,2.2858307,0.2118,2.19018,-0.3904,1.1743295,0.6484,1.4326854,0.831,1.5544977,0.8496,1.6544993,1.066,1.3858851,1.0625,2.5194569,1.24,-0.06731693,0.543,1.1614218,0.854,1.7162462,1.219,1.8215055,1.576,1.8085324,1.709,1.5851475,0.973,1.8120799,0.7393,2.871309,0.9565,2.7552679,1.006,1.4953544,1.159,1.4370447,0.961,1.2842275,-0.425,0.24788995,1.073,1.5421696,0.8267,1.9552631,1.061,1.7028562,1.687
2,XZY,patch_x17136_y5712,external_test,external_test,D:\AIPatho\Patch\visiumhd_patch\2\XZY\patch_images\patch_x17136_y5712.png,1.7061319,0.8037,1.6168574,1.016,0.854053,1.182,-0.15225786,-0.78,0.49545008,0.9146,1.5223304,0.6543,1.840055,-0.003359,3.0554278,-0.3025,1.1084895,0.1318,1.2029907,0.8315,1.0883338,1.031,2.4179654,1.096,0.46658266,0.5366,2.2606552,2.135,0.85112494,0.1438,0.6562141,0.5996,1.2212474,1.166,1.5966197,1.41,1.934749,1.597,1.0389907,0.3667,0.5160252,-0.11554,1.029319,-0.3342,0.9365257,-0.044,2.5442646,1.869,0.4450989,0.6865,1.7201116,0.1832,2.090784,2.055,1.6192014,0.718,1.1530597,1.148,1.6664548,1.567
2,XZY,patch_x17136_y5936,external_test,external_test,D:\AIPatho\Patch\visiumhd_patch\2\XZY\patch_images\patch_x17136_y5936.png,-0.015135078,1.246,1.4725959,0.7314,0.46986315,1.202,0.6924542,-0.875,0.49499735,0.7915,2.070385,1.099,0.576505,0.2423,-0.9535288,0.312,0.25053218,-0.1381,1.1601526,1.002,1.2397001,0.813,1.9677807,0.553,1.5249559,0.00958,2.6273062,2.547,1.5801141,0.505,1.050968,0.2817,1.7721227,0.8794,1.3680339,1.271,1.8396033,1.401,0.855614,0.0449,0.21517885,-0.2463,-1.0922391,-0.5386,-1.03855,-0.4163,2.810574,1.364,0.54795766,0.3806,1.1896611,0.5435,0.49050823,1.148,2.1489484,0.4785,1.4633508,0.986,1.6412005,1.343
2,XZY,patch_x17136_y6160,external_test,external_test,D:\AIPatho\Patch\visiumhd_patch\2\XZY\patch_images\patch_x17136_y6160.png,-0.23332016,-0.497,1.2251529,1.314,0.8824122,1.469,0.41676775,0.2815,0.492281,0.7705,-1.0618312,-0.2108,0.4110932,0.3174,-1.0786637,-0.845,1.2680142,0.7603,-0.27370742,0.7695,1.254534,1.237,1.6705277,1.195,2.418401,1.339,2.0816274,1.243,-0.028086426,0.3472,1.1141154,0.9077,1.6503704,1.223,1.7147931,1.665,2.0015006,1.708,1.6524299,1.065,1.8991451,1.255,2.320103,1.051,2.2758446,1.155,2.1197944,1.592,1.287347,0.962,0.56135404,0.0629,2.2223594,0.7583,1.0443666,1.157,0.41486782,1.111,1.7395504,1.794
2,XZY,patch_x17136_y6384,external_test,external_test,D:\AIPatho\Patch\visiumhd_patch\2\XZY\patch_images\patch_x17136_y6384.png,0.86531556,-0.751,1.2257835,1.151,0.8368229,1.338,0.16775799,0.384,0.49318644,0.4976,0.7964445,0.624,1.4569564,0.526,1.0779458,0.00807,0.939292,0.581,-0.38414264,1.066,1.3725629,1.104,1.6960016,1.28,1.7015467,0.876,1.7186536,2.123,0.09736167,0.2006,1.4094111,0.825,1.5042741,1.043,1.9234006,1.605,1.7195933,1.62,1.5027252,1.031,1.6989539,0.896,2.6690154,0.794,2.5941942,0.717,1.6302322,1.208,1.3288658,0.831,0.83698416,0.04144,2.2243137,1.529,1.28768,0.912,0.9530335,1.194,1.6593338,1.67
2,XZY,patch_x17136_y6608,external_test,external_test,D:\AIPatho\Patch\visiumhd_patch\2\XZY\patch_images\patch_x17136_y6608.png,-1.9048388,-1.405,0.75675726,1.06,-0.479178,0.9897,-0.39173338,0.2708,0.4877537,0.511,-0.30945063,-0.768,0.2785509,0.0495,-1.8289385,-1.139,1.2211682,0.611,-0.86363566,-0.2727,0.71408725,0.7295,1.7062434,0.9795,1.9887464,1.112,1.5235224,0.2306,-0.20616147,-0.555,1.3279734,1.146,1.5885237,1.109,0.10019063,0.8945,0.060406927,0.9,1.3974853,1.141,1.9595708,1.309,2.6180499,1.601,2.3489182,1.577,1.4781173,0.8755,1.8348404,1.131,0.7702222,-0.3665,-0.9657477,-0.02583,1.3812401,0.864,0.636005,0.3162,0.22069061,1.082
2,XZY,patch_x17136_y6832,external_test,external_test,D:\AIPatho\Patch\visiumhd_patch\2\XZY\patch_images\patch_x17136_y6832.png,-1.8705722,-0.9565,1.2702127,0.578,-0.6508976,0.2622,0.9814907,0.9985,0.49182826,0.3965,1.4400055,-0.6855,0.22868523,-0.4988,-1.304609,-1.081,1.3155757,1.429,-1.0060652,0.2812,1.3549871,0.711,1.188108,0.8267,2.2398732,0.311,2.1236184,0.1267,-0.021403162,-0.4404,1.5637834,1.071,1.4637915,1.006,-0.39738166,0.03702,-0.334609,0.0212,1.2236304,0.898,1.1098837,0.4158,2.2794168,0.6436,1.7654114,0.477,1.0545266,0.8564,1.2598503,1.0,1.1540256,-0.3699,-0.61402345,-0.4963,0.57068396,0.4468,0.90446633,0.7837,-0.44849685,0.1559
2,XZY,patch_x17136_y7056,external_test,external_test,D:\AIPatho\Patch\visiumhd_patch\2\XZY\patch_images\patch_x17136_y7056.png,-1.8706776,-1.563,1.1062932,1.09,-0.66138047,0.7305,0.47828105,0.55,0.49092278,0.4836,-0.3742984,-1.029,-0.26493493,-0.1901,-1.8039914,-0.9614,1.6348403,0.9277,-0.164901,-0.1498,1.2326008,0.6484,2.2925897,0.976,1.8441443,0.8,1.225679,0.1251,-1.19683,-0.4802,1.5334152,1.11,1.8293566,0.792,-0.37187034,0.618,-0.6653742,0.683,0.9911579,1.145,0.911872,0.9336,2.281115,1.242,1.554055,1.167,1.1422776,0.7476,1.5052377,1.024,0.59186834,-0.4807,-0.7275084,-0.2947,1.1583538,0.58,0.74308306,0.4583,-0.35499945,0.7554
2,XZY,patch_x17136_y7280,external_test,external_test,D:\AIPatho\Patch\visiumhd_patch\2\XZY\patch_images\patch_x17136_y7280.png,-1.9366803,-1.347,1.0015693,0.733,-0.087558225,0.7246,0.54515,0.322,0.492281,0.5547,0.6771153,-0.308,0.05518297,0.2452,-1.8582319,-0.982,1.4997493,0.5176,-1.1803266,-0.5293,1.3053578,0.651,2.0156136,1.24,2.1995761,0.9272,1.7750082,0.07806,-0.8662138,-0.54,1.2166076,0.935,0.89276826,0.5874,-0.018098226,0.764,-0.47548997,0.695,1.1848987,0.962,0.85314775,0.995,2.0869303,0.7466,1.7076772,0.672,0.7373411,0.971,0.6699785,0.948,0.80635536,-0.2346,-0.4683495,0.1041,1.1625527,0.9272,0.8011769,0.192,-0.21968769,0.844
2,XZY,patch_x17136_y7504,external_test,external_test,D:\AIPatho\Patch\visiumhd_patch\2\XZY\patch_images\patch_x17136_y7504.png,-1.9444826,-1.31,1.278733,0.9146,0.13080138,0.713,-0.031705838,0.545,0.4940919,0.367,0.7167073,-0.2908,1.3351161,0.3909,-1.8634473,-0.6514,1.2109789,0.801,-1.2246711,-0.02963,1.3186733,0.7773,1.8269603,0.9194,2.534123,0.9805,1.9501657,0.4207,-1.87911,-0.4656,1.4661648,1.054,2.4396172,0.755,-0.18851589,0.6924,0.09507804,0.7134,1.2831188,0.97,1.7299404,0.921,2.1906033,1.1,2.118781,0.981,0.63750184,0.868,1.5396624,0.9595,1.2609646,-0.05765,-0.5969893,0.0929,1.0029149,0.9067,0.8726455,0.606,-0.22187659,0.7993
2,XZY,patch_x17136_y7728,external_test,external_test,D:\AIPatho\Patch\visiumhd_patch\2\XZY\patch_images\patch_x17136_y7728.png,-0.99792403,-1.148,0.7114515,0.7065,-0.525614,0.8726,1.1465257,0.3303,0.49047005,0.5503,0.9449657,-0.303,0.6233517,0.583,0.54107857,-0.9175,1.622684,0.4883,-0.9469537,0.0351,1.1694255,0.746,1.4546674,0.898,2.2623854,0.662,1.577675,0.731,-0.87688917,-0.1322,1.5493237,0.8438,2.0355105,0.4968,-0.19835897,0.967,-0.504507,0.944,1.2065476,0.937,1.3704308,0.9155,2.113298,1.165,2.1228795,1.023,0.8597749,0.8394,1.4109595,0.941,0.96252537,0.2917,-0.0016144133,0.2336,1.3324907,0.8647,0.015784733,0.581,-0.43911457,0.996
2,XZY,patch_x17136_y7952,external_test,external_test,D:\AIPatho\Patch\visiumhd_patch\2\XZY\patch_images\patch_x17136_y7952.png,-1.8207011,-1.091,1.716307,0.6875,0.4246775,0.6265,0.5531668,-0.0774,0.49047005,0.622,0.9114527,-0.1466,-0.6565836,0.3376,-1.1495742,-0.741,1.1655825,0.006714,-1.4048193,-0.6514,1.4412521,0.374,1.7744732,0.779,1.1804119,0.6055,2.2004561,0.4363,-1.9242327,-0.621,1.1326733,0.587,1.5447195,0.2766,0.5781541,0.639,0.7902465,0.7476,1.1145898,0.538,1.1815796,0.538,1.7010915,0.4597,1.4457116,0.317,1.0039968,0.632,1.2797248,0.748,0.6450536,0.1065,-0.8158876,0.476,1.5810343,0.648,0.8693671,-0.03099,0.7988031,0.909
2,XZY,patch_x17136_y8176,external_test,external_test,D:\AIPatho\Patch\visiumhd_patch\2\XZY\patch_images\patch_x17136_y8176.png,-1.9148551,-1.28,1.145578,0.568,-6.565465e-06,0.367,0.54039496,0.9355,0.49092278,0.5137,0.3153141,-0.597,0.0446443,-0.0613,-1.3363998,-1.15,1.5060561,1.088,-0.8011175,0.265,1.3211817,0.8447,2.1707115,0.9956,1.6235722,0.7896,1.9120834,0.012344,-0.46228227,0.00992,1.2496619,0.7524,1.9954705,0.5454,-0.06061195,0.391,-0.091281965,0.3904,0.98956436,0.813,1.0896571,0.4902,1.7680279,0.582,1.4257803,0.4683,1.2079873,0.8486,0.9516815,0.9443,1.0569261,-0.4734,-0.705283,-0.322,1.1763247,0.8374,0.9450725,0.8433,0.01709169,0.5513
2,XZY,patch_x17136_y8400,external_test,external_test,D:\AIPatho\Patch\visiumhd_patch\2\XZY\patch_images\patch_x17136_y8400.png,-1.0939332,-0.669,0.8329553,0.5977,0.9921101,1.2,0.492501,0.705,0.4940919,0.6733,0.26347387,-0.1326,0.60602313,0.2295,-1.1934384,-0.5884,1.0559247,0.2766,-0.45474637,0.0007095,0.83853316,0.667,0.43386018,0.3835,1.328284,0.3276,1.8246721,0.3882,0.3680557,0.572,0.5085394,0.3325,0.35584772,0.5664,1.3126915,1.305,0.8327346,1.368,0.8118259,0.6006,1.3053846,0.2365,1.5304766,0.0643,1.2184204,0.1394,1.5205084,0.654,0.49956313,0.2338,1.0579003,-0.336,-0.23863971,1.003,0.5662201,0.349,-0.16574539,0.1453,0.9977495,1.4375
2,XZY,patch_x17136_y8624,external_test,external_test,D:\AIPatho\Patch\visiumhd_patch\2\XZY\patch_images\patch_x17136_y8624.png,-1.038059,-1.33,1.4463983,1.004,0.7579283,1.261,0.38171008,0.4968,0.49182826,0.6455,0.040594354,-0.4084,0.6742621,0.0858,-1.7928652,-1.472,0.73610395,0.5347,-0.89009255,-0.4978,0.8812872,0.6997,0.8087596,0.932,2.074726,0.8613,2.3335357,0.753,-0.37028855,-0.058,0.88700724,0.919,1.3673937,0.62,1.2201067,1.408,1.3976481,1.61,1.459175,0.9717,1.7701068,0.914,1.6885136,0.725,1.5312564,0.7393,1.350434,1.062,1.8062553,1.048,0.71032345,-0.1032,1.4958103,1.529,1.1053283,0.814,0.3119456,0.261,1.578923,1.682
2,XZY,patch_x17136_y8848,external_test,external_test,D:\AIPatho\Patch\visiumhd_patch\2\XZY\patch_images\patch_x17136_y8848.png,-1.0934131,-1.173,1.3697616,0.6455,0.69143844,0.9,0.1633112,0.2303,0.49318644,0.4465,-0.823418,-0.7827,0.5089223,0.1824,-1.8172908,-0.611,0.92703724,0.3403,-1.4580394,-0.4253,0.9079773,0.775,0.78842884,0.615,0.7971268,0.8594,1.6114653,0.1604,-1.1299034,-0.623,1.1682119,0.8906,0.87649876,0.6143,1.0231476,1.042,1.1492331,1.035,1.0892005,0.9326,1.4770656,0.9707,1.8059645,0.8643,1.5651574,0.766,1.1666775,0.8003,1.0488644,0.861,1.4685571,-0.0001888,2.944968,1.345,1.1257133,0.783,0.8333474,0.3413,1.151525,1.136
2,XZY,patch_x17136_y9072,external_test,external_test,D:\AIPatho\Patch\visiumhd_patch\2\XZY\patch_images\patch_x17136_y9072.png,-1.9372076,-1.097,1.0319686,0.727,0.66836476,0.7573,0.4595051,0.3652,0.49273372,0.4656,-1.213643,-0.2493,-0.061689734,0.282,-1.361565,-0.8335,1.4141245,0.8105,-0.4931893,0.1868,0.9247897,0.8203,0.96798074,1.201,2.692342,1.187,1.3751011,0.345,-1.7190231,-0.4412,1.3353872,1.069,0.7107138,0.8145,0.57800055,0.843,0.74936986,0.738,1.1265504,1.103,1.7324582,1.269,1.9107797,1.5205,1.5630697,1.356,1.0171815,1.052,1.2123604,1.28,1.1551816,-0.2089,1.3093102,-0.0657,1.0891867,0.766,0.934153,0.702,0.68215096,0.9087
2,XZY,patch_x17136_y9296,external_test,external_test,D:\AIPatho\Patch\visiumhd_patch\2\XZY\patch_images\patch_x17136_y9296.png,-1.8386252,-1.291,1.0647236,0.7485,0.41803154,0.1528,0.9547819,0.7817,0.48911187,0.518,-0.8603788,-0.695,-0.0071928226,0.1197,0.582709,-1.004,1.750213,0.955,-0.98402005,0.002634,1.0846536,0.7354,1.9243747,1.013,1.567283,0.2355,0.6386989,-0.04898,-0.050183505,-0.2551,1.3833424,0.8975,1.2561613,0.4631,0.58607316,0.2056,0.28218475,0.2375,1.2891661,0.773,0.7138238,0.1525,1.7834859,0.1362,1.4812361,0.01921,1.4886193,0.7373,1.3030555,0.799,1.2727052,-0.1938,-0.9374732,-0.1465,0.35178706,0.742,0.77702075,0.4558,0.34082532,0.2822
2,XZY,patch_x17136_y9520,external_test,external_test,D:\AIPatho\Patch\visiumhd_patch\2\XZY\patch_images\patch_x17136_y9520.png,-1.896193,-1.502,1.1031164,0.6064,0.05739012,0.4536,0.6827756,0.3484,0.48911187,0.455,-0.28455448,-0.844,-0.12625235,-0.02994,1.4840572,-1.234,1.259678,0.562,-0.49798316,-0.4897,1.0636263,0.532,1.6772609,0.8965,1.8919643,1.231,1.649572,0.2456,-1.474199,-0.77,1.2968981,1.163,1.682242,0.4995,-0.022298114,0.2695,0.21470691,0.451,1.1654402,0.9575,1.453573,1.08,1.6841898,1.052,1.7818255,0.895,1.5225943,1.021,1.4903085,1.041,1.0947764,-0.261,-0.99280375,-0.3696,0.59954315,1.3,1.19898,0.3562,0.07641777,0.726
2,XZY,patch_x17136_y9744,external_test,external_test,D:\AIPatho\Patch\visiumhd_patch\2\XZY\patch_images\patch_x17136_y9744.png,-1.7517462,-1.475,1.8370038,0.765,0.7611637,0.5327,0.3877383,0.2396,0.49092278,0.547,0.7326823,-1.093,-0.20879084,-0.3801,-1.2631879,-1.394,1.5108739,0.392,-0.8403723,-1.004,1.1922985,0.355,1.8025643,0.764,1.4801798,1.101,2.3510184,-0.01643,0.49592543,-0.898,1.1449275,1.066,1.2983006,0.6562,1.1263134,0.3184,1.3575803,0.677,1.061647,0.9355,1.1790416,1.019,0.99405366,0.863,0.60823745,0.9165,1.2180266,0.623,0.8850491,0.6875,0.7928692,-0.477,1.6761065,0.424,0.9802218,0.6416,0.22466713,-0.02945,1.0078082,0.772
2,XZY,patch_x17136_y9968,external_test,external_test,D:\AIPatho\Patch\visiumhd_patch\2\XZY\patch_images\patch_x17136_y9968.png,-0.8128533,-1.053,1.3568339,0.671,0.864538,0.7104,0.8223407,0.3906,0.48911187,0.4434,-0.003979257,-0.4302,0.51007867,-0.02286,-1.685862,-1.025,1.4382131,0.4993,-1.0465889,-0.3633,1.424698,0.4036,1.0945832,0.711,1.795963,0.574,2.0001168,0.2115,0.34262714,-0.1715,1.1372739,0.74,1.5130657,0.6543,1.0016459,0.6416,1.3731453,0.7607,1.3206728,0.811,2.0636506,0.5986,1.1250023,0.7256,1.027798,0.69,0.7201555,0.792,1.4402816,0.758,1.127013,-0.3218,-0.3666426,-0.03058,0.637171,0.3516,0.83438563,0.0471,1.087901,0.8643
2,XZY,patch_x17360_y10192,external_test,external_test,D:\AIPatho\Patch\visiumhd_patch\2\XZY\patch_images\patch_x17360_y10192.png,-1.7131568,-1.259,1.645535,1.107,0.8147706,0.9077,1.2431132,0.4268,0.49454463,0.657,2.1581922,-0.5854,0.66594434,0.171,-0.34619868,-1.187,1.4632636,0.3713,-0.5541677,-0.569,1.2456245,0.538,0.5222766,0.9287,0.84889823,0.5527,2.35359,0.6943,0.8497319,-0.1649,0.64956653,0.5913,0.8903186,0.561,1.6112907,0.9316,1.9189843,1.155,1.2407951,0.708,1.1990129,0.5312,2.183859,0.6304,2.2126236,0.6274,1.6034868,0.6226,1.1291515,0.722,1.5410483,-0.1595,-0.04559464,0.489,1.1417294,0.4685,0.592349,0.004738,1.6306989,1.108
2,XZY,patch_x17360_y10416,external_test,external_test,D:\AIPatho\Patch\visiumhd_patch\2\XZY\patch_images\patch_x17360_y10416.png,-1.665289,-0.926,0.056687433,0.88,0.34246203,0.3762,0.5265127,0.7363,0.49001732,0.517,0.49897283,-0.02887,0.5088133,0.2328,0.921075,-0.35,1.124455,0.9297,-0.582996,-0.174,1.3494985,0.707,1.8829013,0.8657,1.0610172,0.0709,1.7182789,0.5435,-1.2120812,-0.3389,1.3032336,0.966,1.9557377,0.648,0.64379793,0.1841,0.7405733,0.3774,1.3105292,0.892,1.0664653,0.1738,1.4448957,0.3416,1.690236,0.225,1.7742009,0.717,0.52977693,0.6284,1.0973881,-0.2357,-0.28015622,0.0265,1.5840499,0.639,0.92671466,0.3103,0.7189902,0.3767
2,XZY,patch_x17360_y10640,external_test,external_test,D:\AIPatho\Patch\visiumhd_patch\2\XZY\patch_images\patch_x17360_y10640.png,-1.7881216,-1.293,1.7221119,0.9277,0.65949506,0.4463,-0.3782194,0.714,0.49001732,0.4055,-0.75290483,-0.4692,0.16004108,0.00204,-1.3163252,-1.041,1.1592011,0.682,-1.3225793,-0.302,0.22116259,0.669,2.2104175,0.8115,2.016293,0.5645,1.9116547,0.1511,-0.122190304,-0.03262,0.8439622,0.7793,1.531657,0.8594,0.2593628,0.4727,1.2501835,0.5464,1.2254657,0.761,1.671757,0.591,1.3970044,0.4973,0.8287903,0.418,1.6776172,0.8125,1.017737,0.7837,0.49810067,-0.3804,-1.6396117,-0.0843,1.1384045,0.702,0.52638996,0.1846,1.1381116,0.6665
2,XZY,patch_x17360_y10864,external_test,external_test,D:\AIPatho\Patch\visiumhd_patch\2\XZY\patch_images\patch_x17360_y10864.png,-1.9555533,-1.376,1.8691831,1.032,1.1024531,0.5137,0.19756448,0.678,0.48865914,0.3982,0.9728999,-0.1271,0.7481247,0.1841,1.0651199,-0.515,0.9017101,0.7373,0.16761449,-0.1274,1.2393786,0.7715,1.2708342,0.836,2.0595336,0.9146,2.34092,0.597,0.6532333,-0.4766,1.3013649,0.984,1.7301708,0.8716,1.4779752,0.4763,1.592375,0.75,1.3558313,0.94,1.7795513,0.7646,2.3167717,1.052,2.2707858,0.9927,1.1789947,0.94,1.6492106,0.837,1.0564454,-0.2905,0.16389608,-0.2283,0.99995923,0.9165,1.191311,0.4048,1.5151384,0.746
2,XZY,patch_x17360_y11088,external_test,external_test,D:\AIPatho\Patch\visiumhd_patch\2\XZY\patch_images\patch_x17360_y11088.png,-0.6389902,-1.115,1.5448316,0.998,1.0940691,1.127,0.3614359,0.4656,0.48865914,0.4758,-0.7887253,-0.2319,-0.008836701,0.2559,-0.98121345,-1.204,1.1704723,0.563,-0.19021599,0.03001,1.1688647,0.778,1.3065875,1.204,2.7302468,1.113,1.8087163,0.8105,-0.5405099,-0.05975,1.0270176,1.118,1.5357625,1.049,1.1859599,1.188,1.4495014,1.36,1.5571936,1.201,2.05302,0.985,1.5182856,1.25,1.8842076,1.314,1.5881284,1.096,0.88652575,1.063,1.0351257,-0.3083,-0.8269259,0.2666,0.53466564,0.768,1.0628358,0.4106,1.5662546,1.46
2,XZY,patch_x17360_y11312,external_test,external_test,D:\AIPatho\Patch\visiumhd_patch\2\XZY\patch_images\patch_x17360_y11312.png,-0.031678658,-0.839,1.7551427,0.7393,0.76071274,0.667,0.61608166,0.795,0.48730096,0.2289,2.267366,-0.4531,0.4474156,0.1547,-1.096655,-0.9507,1.2491086,0.616,-0.7255954,-0.5117,1.1965625,0.553,1.360926,0.6587,2.7146144,1.103,1.679259,0.3953,1.1615405,-0.01338,1.0489453,0.7207,1.3389102,0.4272,1.221807,0.821,1.4530355,1.029,1.5990072,0.9775,2.0332303,0.8877,1.0952164,1.0625,1.1082923,1.06,1.9756732,0.864,1.041289,0.7827,0.8872249,-0.2148,-0.0875464,0.579,1.9108585,0.5044,0.9078372,0.09875,1.4655299,0.982
2,XZY,patch_x17360_y11536,external_test,external_test,D:\AIPatho\Patch\visiumhd_patch\2\XZY\patch_images\patch_x17360_y11536.png,-1.8248131,-0.9717,1.2767444,0.8647,0.8722382,0.6797,0.3903852,0.7095,0.48684824,0.4382,0.06978105,-0.642,-0.13844235,0.3455,-1.1572193,-0.866,1.5301952,0.5596,0.8280224,0.07904,1.3213547,0.946,1.3237323,0.6455,1.4607062,0.9385,2.1040459,-0.337,0.2070783,0.4836,1.1841129,0.8076,1.554191,0.566,1.3262475,0.955,1.5719051,0.808,1.5190191,0.9834,1.8725067,0.8687,2.3990192,1.1045,2.3933299,1.164,1.7124897,1.09,1.0522144,0.8223,0.60780585,0.03104,-0.40724924,-0.1965,0.3702512,0.757,1.1157835,0.5337,1.701155,0.9243
2,XZY,patch_x17360_y3920,external_test,external_test,D:\AIPatho\Patch\visiumhd_patch\2\XZY\patch_images\patch_x17360_y3920.png,-0.09215536,-1.749,0.903531,0.615,0.112105966,-0.255,0.68928546,1.092,0.48639548,0.466,0.6757863,-1.229,0.1902939,-0.2676,-0.12553743,-1.82,1.5611616,1.35,0.18594179,-0.129,1.3467283,0.972,1.2913083,1.05,1.7710301,1.647,1.1718502,-1.063,0.9380978,-0.9966,1.1760287,1.275,0.7872552,0.595,1.1147418,-0.1086,0.36124426,-0.2095,1.4180115,1.178,1.7206868,1.464,2.4006898,1.421,2.2587297,1.261,1.5963682,1.373,1.2810309,1.548,-0.15605369,-0.6567,-0.5564661,-1.031,1.2026423,1.325,1.2053833,0.9316,0.46332625,0.105
2,XZY,patch_x17360_y4144,external_test,external_test,D:\AIPatho\Patch\visiumhd_patch\2\XZY\patch_images\patch_x17360_y4144.png,-1.5439785,-1.009,1.2137954,0.5923,1.1275973,0.7764,0.74343306,0.2314,0.48684824,0.643,1.5480528,0.2737,2.2499294,0.2452,-1.5332696,-0.3118,1.2960408,0.567,1.5346677,0.5137,1.870198,0.8833,1.5383524,1.093,1.4650848,1.006,1.6487424,0.7637,0.4393831,-0.323,0.98169136,1.004,1.841102,0.954,1.572332,0.861,1.5497241,1.036,1.3673992,0.996,1.4780266,0.762,1.4456869,0.871,1.1174387,0.7563,1.7632693,0.9946,1.7942272,0.9355,0.32652166,-0.316,2.2596297,0.9663,1.7607005,1.0625,1.312163,0.854,1.5252751,1.229
2,XZY,patch_x17360_y4368,external_test,external_test,D:\AIPatho\Patch\visiumhd_patch\2\XZY\patch_images\patch_x17360_y4368.png,-0.5999569,-1.109,1.2768711,0.87,0.8783743,0.7163,0.50881654,0.7153,0.4850373,0.6006,2.0721169,-0.6997,2.332081,-0.02826,0.30621004,-0.821,0.9133629,0.888,1.507744,0.3027,1.1193669,0.8926,1.0828127,1.255,-0.07556533,1.469,1.7666392,0.1434,0.09300585,0.0837,0.7577255,0.899,1.2400872,0.5557,1.7418094,0.862,1.6315675,0.929,1.4726318,1.157,1.386822,0.927,1.530706,0.917,1.3023212,0.994,1.9033686,1.229,1.0822892,1.146,0.5604451,-0.1571,1.2802513,0.4272,1.6350965,0.889,1.3539493,0.7593,1.5450393,1.085
2,XZY,patch_x17360_y4592,external_test,external_test,D:\AIPatho\Patch\visiumhd_patch\2\XZY\patch_images\patch_x17360_y4592.png,-0.3915499,-1.219,1.520392,0.655,0.7123498,0.687,0.6604197,0.4263,0.48141545,0.5923,0.2935526,-0.279,2.1333656,0.0988,1.7306787,-1.079,1.1233704,0.561,0.43264592,0.1359,1.4747069,0.811,1.941468,1.055,2.000984,1.49,1.7719485,0.226,-0.074742876,-0.3052,0.92947483,0.844,1.2243855,0.8525,1.5706828,0.849,1.56125,0.9004,1.5104573,0.9883,1.5895694,1.08,2.3060567,1.212,2.2455924,1.236,1.7018183,1.189,1.0593219,1.072,0.008781669,-0.306,-0.23488222,0.6523,1.6474771,0.823,0.9967273,0.657,1.2770846,1.016
2,XZY,patch_x17360_y4816,external_test,external_test,D:\AIPatho\Patch\visiumhd_patch\2\XZY\patch_images\patch_x17360_y4816.png,0.6016716,-0.10626,1.0589173,0.936,0.8432467,1.102,0.32851988,-0.05194,0.49273372,0.8857,1.1228303,0.0488,2.482069,0.266,2.788842,0.2332,1.210264,0.121,0.3114907,0.506,1.6251647,0.9663,1.547592,1.003,1.1629227,0.848,1.930717,1.228,-0.24681644,0.562,0.8633661,0.3499,0.80115885,0.7344,1.8505254,1.612,1.9157304,1.628,1.459792,0.4207,1.9096969,0.3782,2.3260324,0.3933,2.0137393,0.5396,1.3897549,1.001,0.7312891,0.5127,0.87624955,0.05038,2.5501435,2.092,1.6118356,0.629,0.7908941,0.793,1.6060313,1.536
2,XZY,patch_x17360_y5040,external_test,external_test,D:\AIPatho\Patch\visiumhd_patch\2\XZY\patch_images\patch_x17360_y5040.png,-1.0157409,-1.307,1.398168,0.9253,1.1229143,0.8516,0.07757351,0.548,0.48730096,0.6,2.194961,-0.534,2.274922,-0.1062,0.03400509,-0.999,0.62911755,0.814,0.45998657,-0.1316,1.5117505,0.9287,0.9446641,1.057,1.9125044,1.043,2.9000726,0.424,0.10920958,-0.1442,1.0472363,0.8066,2.3409085,0.622,1.6737788,0.864,1.5593054,0.9775,1.4228767,0.8755,1.5061783,0.7593,2.0747912,0.722,1.9471047,0.8745,1.5875674,1.032,1.0082884,1.011,0.56531864,0.08813,2.1590564,0.4045,0.52324027,0.755,1.4539963,0.633,1.5245881,1.136
2,XZY,patch_x17360_y5264,external_test,external_test,D:\AIPatho\Patch\visiumhd_patch\2\XZY\patch_images\patch_x17360_y5264.png,0.19679213,-0.8955,0.70868605,0.526,0.9153358,1.007,0.66998386,0.2732,0.48232093,0.6084,2.95067,0.000213,1.5857223,0.1091,0.7639676,-0.2803,1.1550791,0.5674,0.6149931,0.733,1.1777319,0.8184,1.4249104,1.003,1.1815931,0.84,1.1677471,0.8984,-0.34879604,0.000325,1.099457,0.82,1.7866372,0.691,1.3874823,0.978,1.2413919,1.198,1.294109,0.893,1.3950827,0.6787,1.6857642,0.8228,1.4033172,0.791,1.3683977,0.948,1.540852,0.9297,0.9680255,0.1803,0.5859544,0.7017,1.4378042,0.9673,0.9464282,0.992,1.347792,1.381
2,XZY,patch_x17360_y5488,external_test,external_test,D:\AIPatho\Patch\visiumhd_patch\2\XZY\patch_images\patch_x17360_y5488.png,3.871794,0.8125,1.1240181,1.058,1.0201923,1.508,0.5616899,-0.5825,0.49590284,1.013,2.1333048,1.233,0.8751987,0.473,2.3321373,0.3438,0.58312166,0.04227,1.3536685,1.568,1.6947509,0.887,1.7087741,0.9966,0.46250817,0.0773,2.460417,2.293,1.0112456,0.8926,0.8680177,0.3628,2.2522826,1.359,1.7944312,1.692,2.131039,1.959,0.88910663,0.161,-0.5424663,-0.159,0.5535653,-0.5073,0.7409857,-0.345,2.1821008,1.166,0.78000575,0.2051,1.4210407,0.4185,0.35679412,2.006,2.047578,0.543,1.5674636,1.443,1.7540115,1.768
2,XZY,patch_x17360_y5712,external_test,external_test,D:\AIPatho\Patch\visiumhd_patch\2\XZY\patch_images\patch_x17360_y5712.png,0.09816381,0.9,1.1470277,0.829,1.0709709,1.307,0.43047276,-0.485,0.49454463,0.835,2.2559443,1.023,0.8755379,0.03323,0.6593977,0.011246,1.2200472,0.2559,0.4126826,1.463,1.5139422,0.967,0.8648614,1.036,2.1745744,0.4873,1.8958706,1.951,0.36069804,0.4348,0.9371361,0.4207,1.5663583,1.129,1.4593831,1.308,1.9103054,1.562,1.1336753,0.4285,1.1354074,-0.03363,-1.1328572,-0.2478,-1.1106458,-0.07745,2.7202263,1.663,0.12178405,0.5103,1.3535919,-0.1306,1.9089359,1.13,1.4547148,0.871,-0.22208287,1.529,1.7237978,1.537
2,XZY,patch_x17360_y5936,external_test,external_test,D:\AIPatho\Patch\visiumhd_patch\2\XZY\patch_images\patch_x17360_y5936.png,0.8565011,0.2942,1.6268476,0.7896,0.64109147,1.335,-0.090595394,-0.3926,0.49499735,0.7417,3.1031814,0.554,0.73477244,0.334,-0.9928698,0.1431,1.168791,0.4167,0.8237297,0.6714,1.2366531,0.738,1.4230536,0.6704,1.890687,0.974,2.0495152,1.767,0.47402647,-0.3264,0.87132794,0.651,2.9243813,0.6924,0.97071683,1.081,2.1087906,1.44,0.71505874,0.3413,1.2824403,0.142,0.04253123,0.1486,-0.61273116,0.2351,2.7002747,1.378,1.0737813,0.539,1.1548887,0.2457,-0.14130141,0.3838,2.056053,0.9253,0.84639555,1.134,1.7834489,1.383
2,XZY,patch_x17360_y6160,external_test,external_test,D:\AIPatho\Patch\visiumhd_patch\2\XZY\patch_images\patch_x17360_y6160.png,0.8284494,0.1766,0.81366694,0.963,1.4365145,1.413,-0.8414235,-0.02162,0.49590284,0.378,-0.47976223,0.4458,1.7599902,-0.05933,0.45461142,-0.1254,0.21710648,0.6577,-0.017278703,1.28,0.91330427,1.313,1.9122945,1.297,1.4810747,0.965,2.5765214,1.424,1.0072303,-0.02187,1.1685472,0.9067,1.1099249,0.907,1.4110252,1.424,2.083383,1.5625,0.9839586,0.7983,0.5268072,0.4214,-0.31000134,0.3818,0.06908374,0.54,2.1938312,1.677,0.94412845,1.053,1.1335298,-0.1444,1.616356,0.448,0.087171175,0.9,-0.42569956,1.479,1.7475725,1.562
2,XZY,patch_x17360_y6384,external_test,external_test,D:\AIPatho\Patch\visiumhd_patch\2\XZY\patch_images\patch_x17360_y6384.png,-0.14234398,-1.225,0.74739736,0.9316,0.77036905,1.159,-0.08945451,0.2964,0.4877537,0.585,1.566419,-0.2362,1.1924353,0.5933,0.7716458,-0.9297,1.550497,0.585,-0.21512471,-0.1124,0.82919,0.6455,1.5462596,1.08,2.135537,0.95,1.6193378,0.955,-0.63669217,-0.584,1.384598,1.125,1.8845686,0.6167,1.2075456,1.026,1.2298276,1.23,1.3508908,1.068,1.8424207,1.078,2.466325,1.187,2.1876643,1.083,1.7536811,0.926,1.2520648,1.005,0.5203174,0.1288,0.26542002,0.5513,1.5957102,1.258,0.47619447,0.505,1.2514142,1.43
2,XZY,patch_x17360_y6608,external_test,external_test,D:\AIPatho\Patch\visiumhd_patch\2\XZY\patch_images\patch_x17360_y6608.png,-1.2489104,-1.453,1.0009984,0.946,0.47689807,0.8667,-0.05814917,0.3865,0.48820642,0.549,-0.03904497,-0.551,0.52989036,0.3684,-1.8783982,-0.844,1.5925443,0.74,-0.8052832,-0.1511,1.1102346,0.758,2.263086,1.008,1.8059617,1.444,1.178979,0.407,-0.2701143,-0.8403,1.4708487,1.277,0.8608871,0.7817,0.8446393,0.846,0.8367162,0.967,1.435545,1.348,1.627085,1.496,2.768228,2.201,2.6590676,2.04,1.6292144,1.098,1.3026491,1.299,0.9046694,-0.02988,-1.9549971,0.1143,1.8886654,1.093,1.1448643,0.542,0.5591103,1.122
2,XZY,patch_x17360_y6832,external_test,external_test,D:\AIPatho\Patch\visiumhd_patch\2\XZY\patch_images\patch_x17360_y6832.png,-1.9449043,-1.421,1.4661548,0.5996,-0.7048439,0.5044,0.48420736,0.4746,0.48730096,0.584,-0.5099555,-0.9355,-0.33585104,-0.1744,-0.7557232,-1.02,1.7598876,0.877,-1.2491076,-0.2598,0.9222996,0.6626,2.0007172,0.765,1.5262686,1.24,1.0199728,-0.2261,-0.31597373,-0.892,1.3577662,1.265,1.0472095,0.9043,0.32587573,0.3723,0.06456768,0.4026,1.4723777,1.049,1.9404508,1.395,2.4507053,1.522,2.3571262,1.381,1.1980717,1.051,1.7124847,1.206,0.6514797,-0.3245,-0.34138682,-0.2416,0.8940729,0.8364,0.78999907,0.4714,0.15239592,0.6094
2,XZY,patch_x17360_y7056,external_test,external_test,D:\AIPatho\Patch\visiumhd_patch\2\XZY\patch_images\patch_x17360_y7056.png,-1.927402,-1.359,1.4179435,1.065,-0.48985648,0.782,0.6721567,0.2224,0.492281,0.4912,0.44896886,-0.7144,0.44902727,-0.0706,-1.8528426,-0.8477,1.2744013,0.5596,-0.9674981,-0.6855,1.6048042,0.3906,1.8803223,0.6255,1.8526746,0.7285,2.2938557,0.3796,-1.0260538,-0.805,1.3160874,1.119,1.2238777,0.8154,0.32626134,0.67,0.08347196,0.9663,1.2817655,0.9663,1.4571979,0.9707,2.8509262,1.112,2.4565363,0.996,0.6876327,0.5493,1.3900396,0.8257,1.0472116,-0.3152,-0.3516643,0.4119,0.7142803,0.762,1.1818326,-0.1685,0.19273983,1.151
2,XZY,patch_x17360_y7280,external_test,external_test,D:\AIPatho\Patch\visiumhd_patch\2\XZY\patch_images\patch_x17360_y7280.png,-2.0003636,-1.357,1.250775,0.584,0.13791211,0.4512,0.2837312,0.8047,0.49318644,0.6865,0.27274665,-0.788,0.62703866,-0.2961,-1.1970688,-1.32,1.5199158,0.8564,-1.4668696,-0.1522,1.3971677,0.703,1.5292552,0.958,1.5962297,0.963,2.1185284,-0.186,-1.0970808,-0.349,1.3177379,0.9277,1.7894052,0.829,-0.013764134,0.4253,-0.27084976,0.5474,1.3624781,0.9443,1.800239,0.837,2.168527,0.7695,2.3291068,0.902,1.0562569,0.8877,1.6307758,1.182,0.8839095,-0.503,-0.61477625,-0.04272,1.1760306,0.787,0.8181986,0.532,0.0016823557,0.7476
2,XZY,patch_x17360_y7504,external_test,external_test,D:\AIPatho\Patch\visiumhd_patch\2\XZY\patch_images\patch_x17360_y7504.png,-1.9900308,-1.466,0.6713132,0.926,0.49772188,0.941,0.3330302,0.4854,0.49182826,0.4563,0.8683425,-0.8306,-0.30429637,-0.0721,-1.9006507,-1.102,1.2676097,0.768,-0.65457624,-0.1724,1.1331391,0.8223,1.0951248,0.8975,1.9006541,1.217,2.2787786,0.348,-0.419597,-0.4885,1.3366201,1.069,1.1501166,0.8936,0.96363986,0.837,0.40051618,0.9067,1.175299,1.005,2.0314524,1.1875,2.341775,1.47,1.9526378,1.364,1.1832099,1.037,1.4473892,1.209,1.0218405,-0.1891,-1.5787745,0.0503,1.2390782,1.002,0.46850058,0.5815,0.44531757,1.058
2,XZY,patch_x17360_y7728,external_test,external_test,D:\AIPatho\Patch\visiumhd_patch\2\XZY\patch_images\patch_x17360_y7728.png,-1.9132737,-1.209,1.3908749,0.535,-0.38200155,-0.2869,0.8891346,0.4988,0.48911187,0.4368,-1.186146,-0.973,0.37451947,-0.211,-1.2500999,-1.245,1.7589996,1.0205,-1.290267,-0.5083,1.2006569,0.4475,2.3484006,0.7593,0.66733587,0.873,1.3153929,-0.253,-1.1322733,-0.8247,1.1193966,0.903,1.990191,0.3118,-0.11072549,-0.3416,-0.5693341,-0.3352,1.1146535,0.8247,1.1235977,0.8765,1.9525735,0.867,1.7703587,0.7217,0.73442334,0.6963,1.1803374,1.014,0.77566224,-0.2705,-0.35113946,-0.791,0.4322981,0.6475,0.4421143,0.2174,-0.36141643,-0.1255
2,XZY,patch_x17360_y7952,external_test,external_test,D:\AIPatho\Patch\visiumhd_patch\2\XZY\patch_images\patch_x17360_y7952.png,-0.9681077,-0.9688,0.61800563,0.71,-0.5114428,0.6675,0.9020284,0.3914,0.4940919,0.4097,2.5162106,-0.6016,-0.0064502256,-0.06223,1.0996234,-0.8003,1.7200221,0.5386,0.15612334,-0.1884,0.9762554,0.7134,1.5313104,0.885,2.3584387,0.6133,2.2118843,0.4863,0.19211455,-0.0904,1.1862364,0.5786,1.7314099,0.7856,0.37814558,0.7866,-0.069423124,0.7617,1.1938088,0.691,1.2167476,0.4463,0.4874134,0.449,0.5856116,0.4292,0.4727248,0.663,1.0365345,0.6387,1.012442,-0.2979,-0.32040632,0.03885,1.3642997,0.574,1.3913124,0.2903,0.15135828,0.96
2,XZY,patch_x17360_y8176,external_test,external_test,D:\AIPatho\Patch\visiumhd_patch\2\XZY\patch_images\patch_x17360_y8176.png,-1.1196457,-1.124,1.6536698,0.7427,-0.5351097,0.1752,1.193652,0.6025,0.49318644,0.485,1.5852469,-0.4497,0.3671805,-0.1791,-1.2013004,-0.666,1.3027902,0.633,-0.836113,-0.53,1.7647605,0.511,0.7298187,0.516,1.4033986,0.3157,1.7745275,0.231,-0.5284032,-0.341,1.3407831,0.8306,3.0049877,0.3777,0.17827246,0.0931,-0.06116453,0.1924,0.88182354,0.8647,0.67034316,0.3667,1.5343803,0.707,1.106758,0.826,0.8500727,0.4216,1.2609031,0.5356,1.1653129,-0.2126,-0.23392904,-0.3848,1.2708148,0.5317,0.54839814,0.0851,-0.23873188,0.2488
2,XZY,patch_x17360_y8400,external_test,external_test,D:\AIPatho\Patch\visiumhd_patch\2\XZY\patch_images\patch_x17360_y8400.png,-0.052313153,-1.15,0.4986953,0.7925,0.43772042,0.5044,0.45770854,0.5635,0.48911187,0.669,-0.2846372,-0.5635,0.13280123,-0.0958,-1.599025,-1.074,1.1624671,0.4995,-1.0487924,-0.4568,1.3529625,0.5703,1.283166,0.6133,1.5534939,0.8135,1.3846956,0.06836,0.03769142,-0.0673,0.9562626,0.7563,1.1652641,0.662,0.21372844,0.6475,-0.047717325,0.62,1.1477169,0.904,0.74281496,0.8853,1.1321814,0.4802,1.6369518,0.651,0.97698677,0.6343,0.4671127,0.7197,1.3424232,-0.1599,0.37886646,0.3145,-0.03396577,0.54,0.8354354,-0.00787,-0.049420204,0.718
2,XZY,patch_x17360_y8624,external_test,external_test,D:\AIPatho\Patch\visiumhd_patch\2\XZY\patch_images\patch_x17360_y8624.png,-1.0430336,-1.528,1.3969777,0.654,0.12766412,0.08,1.0295855,0.4758,0.48865914,0.551,0.71842384,-0.554,0.0554181,-0.2037,-1.8299817,-0.9463,1.2233726,0.818,-1.628355,-0.5283,1.4730608,0.4932,1.3060383,1.119,0.42684045,0.8203,2.5431945,-0.02364,-0.43982327,-1.095,0.8328404,1.161,1.6345404,0.5312,0.41513973,-0.155,0.2033708,0.01321,1.2004333,0.951,1.0189874,0.724,0.13306306,0.833,0.15092197,0.716,0.76959777,0.8364,1.3127686,1.07,1.0630778,-0.4587,-0.5660679,-0.5464,1.761787,0.9424,0.26871547,0.4387,-0.22322525,0.2365
2,XZY,patch_x17360_y8848,external_test,external_test,D:\AIPatho\Patch\visiumhd_patch\2\XZY\patch_images\patch_x17360_y8848.png,-1.5192991,-1.501,1.5624195,0.629,0.68493366,0.327,0.3524015,0.5537,0.49318644,0.3706,-0.26748854,-0.801,0.7578159,-0.1247,-1.9161232,-0.944,1.2313293,0.8457,-0.49222657,-0.2512,1.4913024,0.7803,1.2001057,1.225,1.7527679,0.8486,2.6404278,-0.1674,-0.5278764,-0.86,1.0001845,1.0625,1.7608823,0.5083,1.0690929,0.1915,1.1900415,0.1681,1.0830181,1.06,1.6119207,1.103,1.8382001,1.046,1.2594671,0.975,1.0710866,0.831,0.86866343,1.172,1.4704466,-0.1631,0.08891766,-0.4402,1.1114286,1.099,1.2568963,0.563,1.2497708,0.4207
2,XZY,patch_x17360_y9072,external_test,external_test,D:\AIPatho\Patch\visiumhd_patch\2\XZY\patch_images\patch_x17360_y9072.png,-1.8756331,-0.8516,1.5758449,0.706,0.7181978,1.215,0.9155437,-0.2976,0.49726102,0.595,0.032106224,-0.1732,1.3941272,-0.2668,-1.3739673,-0.266,1.6895105,0.2505,0.42422572,-0.4238,1.5687039,0.3677,1.1659955,0.645,2.1155016,0.5757,1.9343314,1.285,0.17981677,-0.3862,1.3392097,0.5674,1.6910319,0.2898,1.5196304,1.06,1.4465945,1.372,0.98272663,0.4956,1.3142537,0.569,1.9553611,0.483,1.6172552,0.4495,0.92296237,0.4006,0.88889414,0.3406,1.2965825,-0.2184,2.624507,0.831,1.2412419,0.598,0.43243128,0.09454,1.2895945,1.487
2,XZY,patch_x17360_y9296,external_test,external_test,D:\AIPatho\Patch\visiumhd_patch\2\XZY\patch_images\patch_x17360_y9296.png,-1.859396,-1.455,1.4539815,0.8584,0.8357979,0.645,0.7058373,-0.1587,0.49273372,0.588,1.9857074,-0.673,0.92753226,-0.4556,-1.1847484,-1.255,0.9272265,0.2228,-0.74087876,-1.162,0.88515985,0.1892,1.3778249,0.9966,1.1897919,1.282,2.1909492,0.2644,-0.77791697,-0.8906,1.0926456,0.997,2.1048164,0.9263,0.9286018,0.6367,1.445433,0.992,1.1869525,0.913,1.4133981,1.181,1.9434366,1.29,2.0220363,1.353,1.1644192,0.7827,1.5140619,0.8794,1.2775054,-0.9463,1.7191358,0.952,0.5192057,0.657,0.52423984,-0.3142,1.3257394,1.09
2,XZY,patch_x17360_y9520,external_test,external_test,D:\AIPatho\Patch\visiumhd_patch\2\XZY\patch_images\patch_x17360_y9520.png,-1.0751647,-1.649,0.85354817,1.078,0.6197425,0.0616,1.5732328,0.663,0.49047005,0.55,0.5429771,-0.667,0.93495816,-0.2683,0.2498206,-1.156,1.5530099,0.9976,-0.31712818,-0.579,1.2330205,0.7446,1.820573,1.361,1.785122,0.817,2.0841641,-0.161,-0.025888652,-0.85,0.90281606,1.271,1.4007716,0.746,0.7876539,-0.01787,0.05761774,0.201,1.0821896,1.114,1.114732,0.6606,1.4524583,0.637,1.322964,0.707,1.2125239,1.056,1.1734483,1.123,0.86664736,-0.6553,-0.7518558,-0.3247,0.06993159,0.9473,1.2828228,0.4734,-0.012920053,0.267
2,XZY,patch_x17360_y9744,external_test,external_test,D:\AIPatho\Patch\visiumhd_patch\2\XZY\patch_images\patch_x17360_y9744.png,-0.8584737,-0.7524,0.35346332,0.7495,-0.043092053,0.7744,1.061668,0.891,0.49001732,0.475,1.6653718,0.4045,1.1895275,-0.0223,-0.5652104,-0.2236,1.490283,0.9253,-0.64203763,1.011,1.5579251,0.8843,2.200527,0.6655,1.6294147,-0.2405,1.1822965,1.052,-0.8092374,0.3264,1.2270156,0.5757,2.3922155,0.614,0.044876885,0.741,-0.4818066,0.6914,0.8145459,0.641,0.6739123,-0.3508,0.35442907,-0.2808,0.42501187,-0.4077,0.81977075,0.701,0.8160743,0.324,1.5685222,-0.3914,-0.86645377,0.2355,1.2562675,0.3716,1.4229809,1.152,-0.20291229,0.6606
2,XZY,patch_x17360_y9968,external_test,external_test,D:\AIPatho\Patch\visiumhd_patch\2\XZY\patch_images\patch_x17360_y9968.png,-1.7890705,-1.067,1.5756489,1.055,0.82107,1.071,0.34552848,0.772,0.4895646,0.4966,1.2103118,-0.2421,0.6483695,0.1675,-1.7418408,-0.6826,1.2489978,0.6606,-0.8171116,-0.3809,1.0594823,0.766,1.6528124,0.7114,1.9244595,0.67,2.088777,0.8784,-0.3791508,0.08105,1.0850099,0.9043,0.99503523,0.7676,0.6070438,1.17,1.2231313,1.257,1.1905553,0.9385,1.485037,0.4695,1.8886517,0.828,1.7904267,0.8335,1.4949743,0.9424,0.7156911,0.6953,1.5822594,-0.0717,-0.1667135,0.2595,1.7769822,0.453,1.016948,0.18,1.3999934,1.247
2,XZY,patch_x17584_y10192,external_test,external_test,D:\AIPatho\Patch\visiumhd_patch\2\XZY\patch_images\patch_x17584_y10192.png,-1.7793704,-1.329,1.6268365,0.8555,0.5102202,0.2118,0.48274875,0.519,0.48865914,0.487,-0.86097354,-0.723,0.16628942,-0.4756,-1.2038131,-0.8745,1.6065044,0.7324,-1.1914222,-0.728,1.1824362,0.4827,1.3489909,0.7617,1.7026762,0.5605,1.9209155,0.1528,0.6255063,-0.663,0.93238366,1.059,1.4701362,0.513,0.667167,0.08813,0.99547535,0.2957,1.0944004,0.867,1.2658514,0.4565,1.9026232,0.4045,1.4370617,0.3628,1.0009685,0.803,1.2905684,0.745,0.8986229,-0.4514,-0.60974765,-0.1423,1.1193478,0.5605,0.6808836,0.1294,0.6623726,0.3987
2,XZY,patch_x17584_y10416,external_test,external_test,D:\AIPatho\Patch\visiumhd_patch\2\XZY\patch_images\patch_x17584_y10416.png,-1.7094666,-1.099,0.44378093,1.115,0.8748201,0.4546,0.35840505,0.73,0.4895646,0.405,1.5681353,-0.829,-0.19930242,-0.3032,-0.5761725,-0.848,1.3519546,0.8486,0.36223474,-0.5605,1.4768041,0.54,1.5471468,0.545,1.8108681,0.4705,1.9061533,0.4463,-0.28633195,-0.469,1.2668022,1.183,2.2048473,0.675,0.4680233,0.4304,1.0721313,0.6255,1.3185755,1.038,1.185345,0.6074,1.7688684,0.6465,1.544749,0.6484,1.157065,0.769,1.3494581,0.836,0.47723997,-0.3884,-0.78616554,0.403,0.53253937,0.5503,1.2582603,0.1492,1.1465997,0.6484
2,XZY,patch_x17584_y10640,external_test,external_test,D:\AIPatho\Patch\visiumhd_patch\2\XZY\patch_images\patch_x17584_y10640.png,-1.7495321,-0.979,1.1389972,0.785,0.8649515,0.7134,0.5921112,0.32,0.48684824,0.633,0.41341424,-0.354,0.97213656,0.04327,-1.7095052,-0.773,0.91616017,0.477,-0.98404807,-0.534,1.2989961,0.4194,0.89013726,0.634,1.5482887,0.335,1.6743675,0.4578,0.416167,-0.2491,1.1327287,0.9126,0.82821774,0.363,0.99224746,0.6016,1.3934242,0.7734,1.4252768,0.765,0.78443,0.522,1.4185892,0.7705,1.3764154,0.691,0.97313935,0.598,1.693921,0.5737,0.72878015,-0.1349,-0.7029072,0.08466,1.2181892,0.2617,0.9472085,-0.07556,1.3741208,0.8247
2,XZY,patch_x17584_y10864,external_test,external_test,D:\AIPatho\Patch\visiumhd_patch\2\XZY\patch_images\patch_x17584_y10864.png,-0.31175202,-1.007,1.2767456,0.8423,1.0743972,0.7144,0.4677399,0.2778,0.48865914,0.4004,1.2439401,-0.4097,1.1579018,0.002068,-0.55079657,-0.98,1.0880063,0.432,-0.78985286,-0.603,0.9238831,0.5264,2.25367,0.9814,1.358653,0.4866,1.3484402,0.8057,0.66958636,-0.549,1.1420064,0.934,1.526151,0.719,1.3488332,0.691,1.4994646,0.983,1.4821334,0.7124,2.1713212,0.4404,1.3341208,0.4946,1.2226528,0.479,1.3055539,0.842,1.0318662,0.6733,1.1296582,-0.2883,0.6339304,1.029,0.95303833,0.5415,0.8452482,-0.03464,1.5057714,1.042
2,XZY,patch_x17584_y11088,external_test,external_test,D:\AIPatho\Patch\visiumhd_patch\2\XZY\patch_images\patch_x17584_y11088.png,-0.8717548,-1.417,1.1471046,0.7134,0.76503026,0.839,0.2798472,0.3792,0.4877537,0.5186,-1.0345526,-0.4307,0.8246919,0.25,-0.22086032,-1.237,1.1555436,0.5376,-0.7238657,-0.255,0.8606787,0.7314,1.6063005,1.191,2.1298406,1.276,1.8720915,0.2817,-0.2670945,-0.4448,1.2028456,0.9487,1.5243618,0.6885,0.83194906,0.84,1.4472368,0.964,1.3835711,1.018,1.7440217,1.051,1.9317554,1.087,2.1494038,1.149,1.2671125,1.174,1.043566,0.9805,0.8564741,-0.3762,-1.0248448,0.08093,1.2361604,0.919,1.3246338,0.3638,1.5110513,1.093
2,XZY,patch_x17584_y11312,external_test,external_test,D:\AIPatho\Patch\visiumhd_patch\2\XZY\patch_images\patch_x17584_y11312.png,0.0027396164,-1.345,1.3101574,0.915,0.78146356,0.916,0.7078753,0.6646,0.48820642,0.506,1.5035372,-0.717,-0.34408954,-0.001512,-1.9114293,-1.527,1.4211719,0.7544,-0.79149383,-0.6504,1.1183752,0.872,1.5038122,1.1875,1.748909,1.61,1.2465615,-0.014885,0.870885,-0.6587,1.0989766,1.173,1.8309195,1.251,1.4482332,0.8247,1.6687119,0.961,1.2956558,1.158,1.6501706,1.284,2.0751283,1.272,1.4525616,1.406,1.3599517,1.303,1.0040908,1.181,0.5475958,-0.532,1.0481907,0.1503,1.102561,0.9883,0.9005781,0.282,1.6672411,1.15
2,XZY,patch_x17584_y11536,external_test,external_test,D:\AIPatho\Patch\visiumhd_patch\2\XZY\patch_images\patch_x17584_y11536.png,-1.5169411,-0.9766,1.0731289,0.561,0.51713157,0.4539,0.1867858,1.266,0.48232093,0.812,-1.5946845,-0.4983,0.58830833,0.4062,-1.5215759,-0.841,0.32628393,0.956,-0.74454737,0.2625,1.2785836,1.079,1.3727952,1.102,2.0721824,0.4045,-0.46241316,-0.485,0.31695902,0.191,0.74087185,0.6724,0.057224255,0.581,0.96771634,0.5254,0.850589,0.3286,1.2869041,0.793,1.7924919,0.3909,2.3339365,0.2595,1.9246666,0.268,1.8518721,1.286,1.7406073,0.7393,0.85195804,-0.3306,-0.6328922,-0.3596,1.6010003,1.116,-0.17495373,0.788,1.0120318,0.5264
2,XZY,patch_x17584_y3920,external_test,external_test,D:\AIPatho\Patch\visiumhd_patch\2\XZY\patch_images\patch_x17584_y3920.png,-0.7737247,-1.448,1.516275,0.4219,0.13789739,-0.2277,0.95788646,0.9565,0.47054994,0.3052,0.123543404,-0.54,-0.0071948697,-0.3499,-1.0782762,-1.1875,2.025808,1.157,0.029585857,-0.2588,1.3053895,0.673,1.0364338,0.5225,1.5009248,1.192,1.1098058,-0.6357,0.43434486,-0.814,1.1671793,0.9556,1.1019717,0.4285,0.48880506,-0.1631,-0.014001411,-0.2068,1.3972007,1.118,1.4915462,1.188,0.45487535,1.121,-0.21861972,1.122,1.5903463,0.8535,0.82778025,0.934,-0.0039926665,-0.4812,-0.57981396,-0.7256,0.9613044,0.892,0.59752613,0.465,0.30848002,0.003622
2,XZY,patch_x17584_y4144,external_test,external_test,D:\AIPatho\Patch\visiumhd_patch\2\XZY\patch_images\patch_x17584_y4144.png,-1.8514884,-1.853,1.5843552,1.072,-0.41649446,1.012,1.1380352,0.81,0.46013716,0.4727,-1.039508,-0.7207,0.41615397,-0.3303,-0.64743036,-1.397,1.7759337,0.9287,0.610917,0.2369,1.7026374,1.101,2.0952067,1.538,1.0299029,2.22,1.0180354,-0.0002751,0.8963407,-0.3423,1.0598162,1.121,1.0873597,1.026,0.7561214,1.297,0.6059382,1.365,1.2461457,1.258,1.2495811,1.665,0.619463,1.886,0.8421225,1.958,1.9937942,1.672,0.8626853,1.449,0.24032009,-0.784,-0.8498407,0.2433,2.148411,1.311,0.7629183,0.9624,0.6478424,1.533
2,XZY,patch_x17584_y4368,external_test,external_test,D:\AIPatho\Patch\visiumhd_patch\2\XZY\patch_images\patch_x17584_y4368.png,0.6862942,0.728,-0.5435129,0.096,1.3601105,1.123,0.6797275,-0.1086,0.47960454,0.2878,1.4826838,1.225,0.9945479,0.2915,0.72685736,0.9316,0.662521,-0.2438,1.0980318,1.192,0.22317322,0.4807,0.88436025,0.37,1.3640305,0.0681,1.3808597,1.076,1.0082293,0.7344,0.30140045,-0.1879,1.0052325,1.093,1.4069124,0.965,0.7551581,1.093,0.6749417,-0.1508,0.25928417,-0.0803,-0.5784849,-0.2238,-0.39354247,-0.1276,0.47404003,0.3206,1.2912388,-0.2925,0.3118605,-0.05695,0.46779233,0.4224,0.19242226,0.283,-0.0085472,0.8184,0.7057625,1.125
2,XZY,patch_x17584_y4592,external_test,external_test,D:\AIPatho\Patch\visiumhd_patch\2\XZY\patch_images\patch_x17584_y4592.png,1.5738975,-0.9805,1.2132055,0.7124,0.84449095,0.9546,0.18660475,0.4753,0.47100267,0.5225,0.7620749,-0.0752,1.7933843,-0.02849,0.8925055,-0.2203,0.9719047,0.5933,0.7663296,-0.1136,0.6227659,0.5576,0.6597218,0.9087,1.288063,1.317,-0.24032936,0.4578,0.27059913,-0.1672,0.25865772,0.688,0.28523993,0.66,1.1351812,0.8936,0.9771185,1.062,1.4496268,0.838,0.932638,0.7607,1.8370125,0.7573,1.0004064,0.9077,1.6559945,0.856,0.7215844,0.762,-0.6152204,-0.3335,0.37598306,0.553,0.8380588,0.7373,0.5882283,0.284,1.3265017,1.177
2,XZY,patch_x17584_y4816,external_test,external_test,D:\AIPatho\Patch\visiumhd_patch\2\XZY\patch_images\patch_x17584_y4816.png,0.23501295,-1.402,0.10068366,0.7046,0.17938212,0.6167,0.8449189,0.69,0.47281358,0.5312,-1.7098722,-0.6846,0.5183627,0.1929,-1.104451,-1.319,0.93337965,1.013,-0.34546843,0.10126,1.1722622,1.22,1.7893815,1.339,1.8766352,2.03,1.1128628,0.02187,0.21706514,-0.242,0.88056815,1.157,0.25834772,1.17,0.6131032,0.7676,0.2889393,0.6865,1.4808481,1.258,2.1688073,1.603,2.3130965,1.802,1.9003259,1.878,1.7631857,1.571,0.85705614,1.37,0.5743434,0.1611,0.64278483,0.01085,1.1200198,1.313,0.40764686,0.9805,0.6449068,0.963
2,XZY,patch_x17584_y5040,external_test,external_test,D:\AIPatho\Patch\visiumhd_patch\2\XZY\patch_images\patch_x17584_y5040.png,0.49609134,-1.296,0.6087129,0.843,0.88709885,0.419,0.75237864,1.1455,0.48186818,0.594,0.47193912,-0.2468,1.1865182,-0.0822,0.48889902,-0.8237,0.95790684,1.115,0.49088868,0.544,1.7323138,0.9824,1.7839018,1.301,1.4712448,1.331,1.6090697,0.1925,0.4236839,0.1475,0.72235036,0.763,0.8578472,0.652,1.2381388,0.6743,1.2778559,0.671,1.2358184,1.032,1.5603848,0.781,2.081606,0.881,2.0545092,0.8667,1.0984538,1.277,1.1890105,1.12,-0.010336992,-0.441,0.2469429,-0.377,0.6273959,0.8843,0.29734847,1.17,1.3154747,0.817
2,XZY,patch_x17584_y5264,external_test,external_test,D:\AIPatho\Patch\visiumhd_patch\2\XZY\patch_images\patch_x17584_y5264.png,4.6029987,0.763,-0.22090095,0.6646,1.0010937,0.9995,0.9095185,0.06775,0.49273372,0.483,-0.96455896,1.522,1.4608996,0.8306,1.2582759,0.995,0.4367214,0.2074,0.43751332,1.287,1.1435463,0.5864,1.7548603,0.6387,-1.1379951,0.0001792,1.9121374,1.632,0.7650806,0.9272,-0.0017858408,0.0988,0.24916524,1.072,1.7906971,1.057,1.6466212,1.227,0.9129146,0.1774,0.8146996,0.03665,0.043055087,-0.1803,1.322144,-0.2703,0.20220171,0.627,-0.22071432,-0.1504,1.018174,0.2922,0.42807573,0.659,0.83868897,0.35,0.98092216,0.9834,1.2313362,1.091
2,XZY,patch_x17584_y5488,external_test,external_test,D:\AIPatho\Patch\visiumhd_patch\2\XZY\patch_images\patch_x17584_y5488.png,0.5700397,1.522,-0.15270594,0.1608,0.6473289,1.14,0.6694134,-0.7583,0.4850373,0.4497,1.9140023,1.145,0.43006504,-0.1428,0.03034632,0.5107,0.016954888,-0.508,0.12040173,0.935,0.47072664,0.1194,0.3399571,0.1674,-0.105588876,0.1799,2.1027043,1.211,2.3881452,0.4255,-0.99692583,-0.1877,1.425874,1.138,1.4630376,0.9126,1.3473438,1.164,0.47069943,-0.36,-0.8391349,-0.2217,-0.0034753853,-0.5444,0.31073454,-0.3962,-0.08894972,0.517,-0.40837693,-0.2825,1.0325099,-0.02934,0.12065579,0.367,1.0669532,-0.02,-0.75192463,0.664,1.4633905,1.18
2,XZY,patch_x17584_y5712,external_test,external_test,D:\AIPatho\Patch\visiumhd_patch\2\XZY\patch_images\patch_x17584_y5712.png,1.1928276,1.003,1.1735202,0.8203,1.274652,1.483,-0.11183141,-0.3418,0.49499735,0.6245,-0.010132639,1.3545,1.0593492,-0.1652,1.6673063,0.215,0.69288737,0.0867,2.0718265,1.029,1.3817787,0.8457,-0.18157144,0.895,1.1569556,0.2491,2.66814,1.779,1.1742054,0.309,0.29964578,0.2222,1.9603047,1.24,1.9946545,1.591,1.9169364,1.685,0.7594991,0.11816,-0.3704036,-0.3684,-0.36841714,-0.673,-0.85925645,-0.5254,2.1961281,1.058,1.3439989,0.2532,1.2880666,0.03625,0.8060897,1.149,2.469728,0.731,1.1115007,1.145,1.7305902,1.634
2,XZY,patch_x17584_y5936,external_test,external_test,D:\AIPatho\Patch\visiumhd_patch\2\XZY\patch_images\patch_x17584_y5936.png,-0.37939924,0.1458,1.5500892,1.593,1.2273129,1.424,-1.0869071,-0.707,0.49499735,0.768,1.1611962,1.239,1.6253276,0.1478,-0.7454167,-0.0345,-0.014786774,-0.06616,1.1882735,1.3545,1.2382885,1.36,0.8255066,1.35,-0.27094293,0.5874,2.2874477,2.363,1.166247,0.675,1.0521435,0.6724,0.46608788,1.37,1.6186601,1.701,2.1335146,1.99,0.53125566,0.482,0.3378624,-0.03934,0.70523536,0.03458,-0.19124794,0.2266,1.4155071,1.464,0.9129804,0.7456,1.3351378,0.371,3.348703,2.17,1.2379264,0.982,1.5842022,1.598,1.8244424,1.851
2,XZY,patch_x17584_y6160,external_test,external_test,D:\AIPatho\Patch\visiumhd_patch\2\XZY\patch_images\patch_x17584_y6160.png,1.0409571,-0.1973,1.3115205,1.295,0.9721453,1.526,0.2151762,-0.3506,0.49635556,0.647,0.025607947,0.4763,1.865185,0.1866,-1.5639948,-0.208,1.205672,0.2708,0.5862237,0.712,1.544663,1.013,0.8674112,0.9087,0.31785315,0.651,2.5615287,2.209,0.6906254,0.11615,0.2547335,0.795,1.2786916,1.004,1.7020111,1.65,1.9442892,1.946,1.1346816,0.651,1.2076586,0.7676,1.2322702,0.658,0.6779614,0.782,2.0096211,1.422,1.6128157,0.6416,1.4488763,0.1702,2.0446777,1.677,-0.4291556,1.001,1.3543948,0.9233,1.7933714,1.794
2,XZY,patch_x17584_y6384,external_test,external_test,D:\AIPatho\Patch\visiumhd_patch\2\XZY\patch_images\patch_x17584_y6384.png,-1.0775015,-1.264,1.1271498,0.747,0.77504337,0.721,0.26565725,0.1111,0.4895646,0.5894,-1.0668305,-0.5093,0.89900905,0.2979,-1.8761382,-1.175,1.3603325,0.563,-0.44210637,-0.2297,1.095231,0.6084,1.1569238,1.099,1.8939756,1.316,1.5032179,0.355,0.22075956,-0.7993,1.0208218,0.994,1.1078142,0.795,0.93991345,0.5737,1.433851,0.721,1.409107,1.091,1.7661971,1.3955,2.6411507,1.489,2.6546009,1.553,1.7522024,1.169,1.7296492,1.13,0.46040443,-0.1985,-0.757374,-0.177,0.8521504,0.965,0.375753,0.4783,1.5340526,0.914
2,XZY,patch_x17584_y6608,external_test,external_test,D:\AIPatho\Patch\visiumhd_patch\2\XZY\patch_images\patch_x17584_y6608.png,-1.1225951,-1.471,0.32747722,0.892,0.77203286,1.282,0.18253206,-0.00772,0.49047005,0.681,0.8496284,-0.5107,0.07088158,-0.1952,-1.807816,-1.337,1.3392762,0.3455,-0.9874864,-0.2296,1.1051077,0.5483,1.57552,1.001,1.4074591,1.122,2.215354,0.5586,-0.6281371,-0.454,1.2424846,1.18,1.1466835,0.9336,1.3781072,1.2295,1.2247074,1.404,1.5817693,1.023,1.961451,1.4,1.9607207,1.337,1.7370014,1.337,1.8679662,0.8745,0.9741282,0.985,0.92830396,-0.3586,-0.6189238,0.783,1.3542107,0.6895,0.7987998,0.1917,1.4361609,1.456
2,XZY,patch_x17584_y6832,external_test,external_test,D:\AIPatho\Patch\visiumhd_patch\2\XZY\patch_images\patch_x17584_y6832.png,-1.9316194,-1.249,0.4462817,0.8286,0.45919004,0.678,0.5510573,0.3245,0.48367912,0.6265,0.8516765,0.02303,0.71163344,0.663,1.7997677,-0.583,1.565937,0.5044,-1.0362338,-0.187,0.94209385,0.7153,1.5436169,0.9346,2.2908995,1.047,1.263826,0.712,-0.90565854,-0.752,1.3585275,1.206,1.4017702,0.8096,0.7905515,0.69,0.93709564,0.764,1.467096,1.119,2.2715185,1.4,2.4614625,1.616,2.3441808,1.457,1.4649246,0.981,1.6886512,1.072,0.99194705,-0.0944,-0.7660809,0.0868,1.2104157,1.041,0.7467647,0.3591,1.0655053,0.8936
2,XZY,patch_x17584_y7056,external_test,external_test,D:\AIPatho\Patch\visiumhd_patch\2\XZY\patch_images\patch_x17584_y7056.png,-1.8779527,-1.4795,1.3954674,0.3508,-0.41494095,-0.253,1.333415,0.6562,0.48865914,0.4626,2.0108786,-0.652,0.5975378,-0.00253,-0.46666256,-0.797,1.8194767,1.044,-0.18145293,-0.1804,1.3543037,0.724,1.4682249,1.027,1.8439137,0.912,2.0121744,-0.1882,-0.1251147,-0.918,1.2413962,1.0625,1.34295,0.486,0.057197247,-0.34,-0.017463757,-0.4626,1.4572082,0.907,1.6712742,0.8213,1.7711965,1.035,1.8597867,0.8657,0.7719691,0.893,1.5704523,1.089,1.3887589,-0.2191,-0.030117419,-0.731,1.0037098,0.9585,0.92718446,0.6094,-0.17021826,-0.2386
2,XZY,patch_x17584_y7280,external_test,external_test,D:\AIPatho\Patch\visiumhd_patch\2\XZY\patch_images\patch_x17584_y7280.png,-0.9699054,-1.005,1.2111468,0.684,0.5791119,0.7007,0.46740153,0.4268,0.49635556,0.771,2.2068088,-0.286,1.2062247,0.02138,-1.7901706,-0.683,1.6910949,0.5146,0.4756012,-0.01762,1.3549877,0.5474,1.6298586,1.041,1.3368224,0.5664,2.2224088,0.848,-0.091267884,0.02176,0.9868745,0.674,1.7982769,0.4956,1.227121,0.7065,0.8755772,0.925,0.9819269,0.674,1.283353,0.544,1.9490283,0.3862,2.1210918,0.4133,1.1885633,0.5586,1.3045443,0.674,1.1525145,-0.1267,0.06397184,0.5444,1.088974,0.5986,-0.079526745,0.452,0.7683131,0.9614
2,XZY,patch_x17584_y7504,external_test,external_test,D:\AIPatho\Patch\visiumhd_patch\2\XZY\patch_images\patch_x17584_y7504.png,-1.2554297,-0.8657,0.5987384,0.8115,0.39507756,1.375,-0.38847142,-0.1049,0.49590284,0.5073,0.17788593,0.0224,1.0443316,0.04013,-1.7468824,-0.6157,0.7165714,0.3076,-0.670468,0.08124,1.3119028,0.3704,1.3442963,0.695,1.39121,0.532,2.5350356,1.293,0.2509697,-0.1301,1.1196898,0.6426,2.2439346,0.5396,1.332983,1.206,1.3885485,1.457,1.2070729,0.702,1.1624955,0.816,1.7133763,0.739,1.6035751,0.6846,0.9797359,0.7476,1.0233872,0.6104,1.1020479,-0.2676,0.44561148,0.5547,1.0008894,0.5996,0.9719147,0.4194,1.4809461,1.525
2,XZY,patch_x17584_y7728,external_test,external_test,D:\AIPatho\Patch\visiumhd_patch\2\XZY\patch_images\patch_x17584_y7728.png,-1.9139062,-1.547,0.97917014,0.612,0.5296965,0.812,-0.3229431,0.2686,0.49047005,0.5596,1.2579931,-0.778,0.05228379,0.1238,-1.2302036,-1.198,1.1818202,0.6597,-1.4097389,-0.4915,0.55457073,0.6875,0.7599859,0.713,2.6234057,1.512,1.6526958,0.119,-1.8524575,-1.114,1.4550105,1.098,1.491966,0.8667,0.55149746,0.537,0.48715985,0.5605,1.3843049,1.13,1.7375935,1.64,2.6238432,1.905,2.4989734,1.897,1.3113768,1.109,1.3693948,1.32,1.0524468,-0.3486,-0.14770937,-0.4094,1.0776978,0.8965,0.40424454,0.3398,0.7876296,0.857
2,XZY,patch_x17584_y7952,external_test,external_test,D:\AIPatho\Patch\visiumhd_patch\2\XZY\patch_images\patch_x17584_y7952.png,-1.8736298,-1.204,0.70932585,0.82,0.7686892,1.047,-0.29546908,0.3455,0.49273372,0.6743,-0.19408827,-0.2803,0.89023566,0.3596,-1.0923866,-0.8003,1.563669,0.508,-1.4434884,-0.07513,0.85253465,0.531,1.3879439,0.78,1.8740002,0.7944,2.615556,0.9497,0.24672703,-0.355,1.2499187,0.9326,1.5056703,1.112,1.0034276,0.9062,1.1005749,1.149,1.4876511,0.922,1.4366112,0.9834,2.262805,1.1,2.118597,1.101,1.4659605,0.8403,1.2564946,0.9004,1.1944228,-0.287,-0.3767959,0.2942,0.88557446,0.8213,1.0461973,0.2451,1.2627168,1.232
2,XZY,patch_x17584_y8176,external_test,external_test,D:\AIPatho\Patch\visiumhd_patch\2\XZY\patch_images\patch_x17584_y8176.png,-1.8803778,-1.538,1.1961612,0.8667,0.030788168,0.09,0.47541118,0.36,0.49092278,0.645,1.3227595,-0.636,1.0822636,0.1298,-1.2150195,-1.0205,1.6473308,0.8174,-0.1725081,-0.74,1.6030271,0.7764,1.3469424,1.305,1.2879273,1.223,1.8207763,-0.2133,-2.0903394,-0.917,1.0390009,1.199,1.634444,0.622,-0.15177944,0.1267,0.15659125,0.1005,1.3419527,1.092,0.80891997,1.382,1.7716014,1.717,1.7830944,1.51,1.2492695,1.029,1.2261639,1.314,1.1977067,-0.057,-0.4703252,-0.4126,0.90662265,1.095,0.5449162,0.3447,-0.065700464,0.2783
2,XZY,patch_x17584_y8400,external_test,external_test,D:\AIPatho\Patch\visiumhd_patch\2\XZY\patch_images\patch_x17584_y8400.png,-1.8653004,-1.22,1.4722934,0.6533,0.1690284,0.5454,1.2528228,0.09467,0.4940919,0.4565,2.0912054,0.3088,0.60371476,0.1732,0.6325515,0.2573,1.799461,0.4236,0.5554175,-0.3271,1.6378089,0.4226,1.4601411,0.8384,2.464844,0.5425,1.8669446,0.6543,-0.1367477,-0.826,1.2179983,0.997,2.0620143,0.631,0.5558886,0.3362,0.49860328,0.509,1.3347738,0.8945,1.5449672,0.9526,1.8458697,1.028,1.7552973,0.9385,1.3794035,0.5586,1.312374,0.887,1.2684401,0.2198,-0.48418805,-0.03305,0.108970396,0.8784,0.95487154,0.2805,0.38612938,0.6924
2,XZY,patch_x17584_y8624,external_test,external_test,D:\AIPatho\Patch\visiumhd_patch\2\XZY\patch_images\patch_x17584_y8624.png,-0.98276645,-0.8135,0.42097044,0.778,0.4589218,0.8306,1.1500237,0.3801,0.49092278,0.5596,0.73812497,0.04764,0.7166076,0.694,-1.7277592,-0.1522,1.4335562,0.3708,-1.3699616,0.02412,1.3671647,0.5596,1.9130988,0.957,1.9034014,0.2137,1.8492754,0.8926,-0.08433485,-0.11017,1.3612994,0.7617,2.185495,0.3345,0.5931038,0.881,0.7820998,0.969,1.2923665,0.8086,1.0013053,0.4844,1.8059984,0.654,1.6763555,0.583,0.72344804,0.756,1.114137,0.612,1.2702459,0.004555,-0.9155578,0.373,0.25068963,0.6523,-0.32899135,0.3264,0.46982798,1.072
2,XZY,patch_x17584_y8848,external_test,external_test,D:\AIPatho\Patch\visiumhd_patch\2\XZY\patch_images\patch_x17584_y8848.png,-1.6748836,-0.864,1.9650729,0.6416,0.8681678,0.7217,1.4666886,0.2732,0.48911187,0.5703,1.0499065,0.04013,0.8052412,0.1655,-1.64918,-0.259,1.7446864,0.5425,0.37321758,0.0875,1.6645495,0.523,1.6952581,0.97,-0.075702004,0.1963,2.446374,0.543,-0.38223618,0.09973,1.0388805,0.622,2.1836152,0.332,1.9310993,0.774,1.9450722,0.886,0.8887304,0.6377,0.1879018,0.4265,0.5032053,0.3127,0.044192042,0.2354,1.3851724,0.5215,1.2058024,0.552,1.5925654,-0.1665,-0.19660087,0.4614,0.9049941,0.5605,0.5846378,0.391,1.4170225,0.8467
2,XZY,patch_x17584_y9072,external_test,external_test,D:\AIPatho\Patch\visiumhd_patch\2\XZY\patch_images\patch_x17584_y9072.png,-1.8430535,-1.477,0.76145524,0.9526,1.015802,0.7666,1.0435549,0.2842,0.48911187,0.5063,1.0507662,-0.653,1.7463262,-0.03433,-1.783999,-1.072,1.2379448,0.696,0.08886013,-0.359,1.851636,0.519,1.8094169,0.8926,1.1857022,0.7715,1.6800785,0.5435,0.6207649,-0.6763,1.1257552,1.046,1.8710006,0.6855,0.7861903,0.4856,1.0805653,0.759,1.268942,0.907,1.4556103,0.817,1.78747,0.6704,1.6925358,0.6265,0.95278394,0.8228,1.5782691,0.938,1.1695518,-0.3582,-0.6450766,0.10016,1.079405,0.94,0.55710155,0.39,1.1384774,0.8306
2,XZY,patch_x17584_y9296,external_test,external_test,D:\AIPatho\Patch\visiumhd_patch\2\XZY\patch_images\patch_x17584_y9296.png,-1.7757856,-1.229,1.193366,0.2325,0.6914139,-0.04932,0.61800396,0.1748,0.4877537,0.623,0.20895305,-0.4863,-0.040067315,-0.3408,-1.2874718,-0.681,1.4929546,0.3687,-1.3604088,-0.7656,1.6487083,0.204,1.103247,0.724,0.4412251,0.5107,1.8054218,-0.06134,-0.2902632,-0.9404,1.1827933,0.7305,1.7207276,0.02386,0.7810732,-0.3518,0.70583653,-0.2573,1.0455629,0.7256,1.0577791,0.7036,1.3651062,0.5146,0.8456391,0.4478,1.7508059,0.4497,1.1458242,0.544,1.0973592,-0.375,-0.29803744,-0.5063,1.590388,0.636,0.6259702,0.1313,0.72235566,0.01532
2,XZY,patch_x17584_y9520,external_test,external_test,D:\AIPatho\Patch\visiumhd_patch\2\XZY\patch_images\patch_x17584_y9520.png,-1.6942838,-1.231,1.6972716,0.5693,0.6507945,0.645,0.81776744,0.4426,0.49137554,0.3345,-0.41393238,-0.4648,-0.18683952,0.1744,-1.6666517,-0.7275,1.8347548,0.357,-0.9719438,-0.5405,1.3272514,0.4487,1.5541697,0.7744,0.32896513,0.692,2.2821748,0.555,0.026391128,-0.4446,0.91212237,0.7534,1.2773327,0.5806,1.5003036,0.5737,1.4205136,0.756,1.0317247,0.7314,0.35458946,0.6426,1.5178676,0.684,0.7166809,0.779,1.116344,0.789,1.0781734,0.602,1.1971961,-0.296,-0.5310061,0.11,0.85091925,0.569,1.0370936,0.04953,0.98897964,0.8677
2,XZY,patch_x17584_y9744,external_test,external_test,D:\AIPatho\Patch\visiumhd_patch\2\XZY\patch_images\patch_x17584_y9744.png,-1.7401483,-1.149,1.5423595,0.92,1.1693325,0.869,0.52299106,0.4373,0.48911187,0.554,0.69668156,-0.2173,-0.18884227,0.2957,-1.2651433,-0.6436,1.6642456,0.504,-0.07797751,-0.10736,0.84092116,0.662,1.2375548,0.9053,1.8125093,0.697,2.1218362,0.658,-0.010496548,-0.1786,1.1445249,0.9253,0.7853715,0.688,1.1590658,0.9497,1.0569744,1.101,1.1364447,0.9614,0.615314,0.7065,2.0072885,0.805,1.8697773,0.78,1.3399291,0.951,1.6224821,0.8286,0.92687,-0.0905,-0.3104601,0.669,1.8129164,0.752,0.7941755,0.3733,1.2718033,1.158
2,XZY,patch_x17584_y9968,external_test,external_test,D:\AIPatho\Patch\visiumhd_patch\2\XZY\patch_images\patch_x17584_y9968.png,-1.6826859,-1.183,1.7053857,0.864,1.0875969,0.749,1.2787597,0.7925,0.49363917,0.551,0.8263851,-0.7085,0.58365834,-0.10046,-1.6600455,-1.129,1.5570242,0.664,-0.9726044,-0.3062,1.4036165,0.593,2.3662393,0.7812,0.8106968,0.4854,2.2674208,0.3594,0.9508825,0.003637,1.2204673,0.6855,1.5735897,0.2588,1.2839682,0.7876,1.6122832,1.005,1.1476911,0.8335,1.1726191,0.3494,0.4161578,0.5703,0.7134107,0.545,1.1581,0.6216,1.1175959,0.6875,1.0859753,-0.09283,-1.0232818,0.4111,2.0831838,0.3499,0.76267445,0.2844,1.390975,0.9893
2,XZY,patch_x17808_y10192,external_test,external_test,D:\AIPatho\Patch\visiumhd_patch\2\XZY\patch_images\patch_x17808_y10192.png,-1.1336621,-1.141,1.6732239,0.6562,0.6889775,0.531,0.47962207,0.3093,0.4895646,0.587,0.7155457,-0.1748,0.10375205,-0.1514,-1.7687873,-0.418,1.0850071,0.4011,-0.639844,-0.3384,1.1680508,0.349,2.0258365,0.852,2.4436097,0.3608,2.1166663,0.8413,-0.34096208,-0.4368,1.2095343,0.9043,1.5315825,0.472,0.6066692,0.4255,1.1815666,0.7173,1.0517526,0.8784,1.6633364,0.4607,2.356964,0.589,2.4786158,0.566,1.376942,0.616,1.2812879,0.6157,1.1619344,-0.3975,-0.6043227,0.1989,0.8507416,0.4338,0.6485315,0.2406,1.0028116,0.8037
2,XZY,patch_x17808_y10416,external_test,external_test,D:\AIPatho\Patch\visiumhd_patch\2\XZY\patch_images\patch_x17808_y10416.png,-1.7331896,-1.493,1.0290629,1.157,0.8448407,0.8457,0.0045301607,0.0385,0.48865914,0.6084,1.5808855,-0.4773,0.35549688,-0.0897,-1.692642,-0.987,0.8327958,0.4502,-1.3542826,-0.8306,0.9416802,0.5366,1.4335314,1.305,1.666803,1.0205,1.566368,0.6895,0.08680126,-0.5376,0.9673199,1.157,0.5516103,0.8394,1.326662,0.8745,1.7100456,1.054,1.3129295,1.006,1.2977476,1.307,2.106465,1.403,2.1801875,1.498,1.0680639,0.9175,0.5119257,1.247,0.49481466,-0.4634,-1.0208062,0.6943,0.365413,0.829,-0.21399559,0.0988,1.3606138,1.131
2,XZY,patch_x17808_y10640,external_test,external_test,D:\AIPatho\Patch\visiumhd_patch\2\XZY\patch_images\patch_x17808_y10640.png,-0.76098126,-1.138,1.0001698,0.61,0.63068235,0.4397,0.15213649,0.2123,0.48865914,0.593,0.9908587,0.0002153,0.79058623,0.476,-1.3346827,-0.2556,0.64744717,0.378,-0.6273815,-0.3696,1.3241177,0.553,2.4471984,0.971,1.7176462,0.8667,1.887827,0.758,-0.3416301,-0.6787,1.3145492,1.031,2.0254173,0.6055,0.7479593,0.366,0.9811776,0.4675,1.244298,0.896,1.4820803,0.9995,2.1320417,1.163,1.9854842,1.212,1.3166238,0.6987,1.6296941,0.968,0.93398654,0.1213,-1.3746085,-0.1735,0.94825226,0.9556,1.0496083,0.254,1.0794883,0.64
2,XZY,patch_x17808_y10864,external_test,external_test,D:\AIPatho\Patch\visiumhd_patch\2\XZY\patch_images\patch_x17808_y10864.png,-1.1017026,-1.673,1.2576473,1.099,0.6458604,0.954,0.23893212,0.475,0.49047005,0.5312,1.7665392,0.014854,0.7614612,0.39,1.4651153,-0.6104,0.70288193,0.517,-0.5629509,-0.2937,1.2437879,0.6772,1.5530081,1.294,1.3417386,1.45,1.8377675,0.857,0.045623295,-0.4731,1.2306272,1.212,1.7660738,1.172,0.72335356,0.961,0.93867403,1.154,1.4800956,1.101,2.2281713,1.049,2.2613173,1.368,2.2695692,1.397,0.68621254,1.116,1.1729398,1.191,1.0217224,-0.4553,-0.5941581,0.1804,1.1556164,1.085,1.1627471,0.4292,1.0260451,1.209
2,XZY,patch_x17808_y11088,external_test,external_test,D:\AIPatho\Patch\visiumhd_patch\2\XZY\patch_images\patch_x17808_y11088.png,-2.0406399,-1.528,1.585363,0.8105,-0.18408395,0.4487,0.7260341,0.4277,0.48911187,0.6587,1.9641472,-0.623,0.34383038,0.00402,0.68171656,-0.8086,1.3630087,0.6035,-0.10373948,-0.3362,0.85232913,0.768,2.041228,1.377,2.1636055,1.654,1.8669267,0.2693,-0.4313803,-0.8843,1.1026967,1.114,1.4914289,0.9053,0.49809426,0.3584,0.87056565,0.491,1.5571969,1.04,1.7180241,1.201,1.5871751,1.405,1.4265856,1.523,1.2187176,1.308,1.3606776,1.155,0.7206113,-0.3562,-0.97900915,-0.4436,1.3811256,1.105,1.4216661,0.5845,0.8657992,0.7544
2,XZY,patch_x17808_y11312,external_test,external_test,D:\AIPatho\Patch\visiumhd_patch\2\XZY\patch_images\patch_x17808_y11312.png,-2.1051664,-1.608,1.6401452,0.8345,0.62522054,0.0883,0.5090077,0.855,0.4895646,0.318,-1.1536258,-1.203,-0.4173904,-0.1256,-1.9910514,-1.5205,1.0240788,0.9414,-0.43113977,-0.681,1.3015618,0.8647,1.9021558,1.268,1.3512133,1.6,1.2381059,-0.6904,0.16473593,-0.5674,1.0035797,1.1875,1.4492122,0.65,0.8592156,0.1012,1.3494797,0.1392,1.4926074,1.175,2.17559,1.22,1.3467814,1.366,1.2406112,1.331,1.5380148,1.232,1.4739461,1.204,0.6541072,-0.6772,-0.19225752,-0.5474,1.0622668,1.127,0.87404484,0.4001,1.3433275,0.411
2,XZY,patch_x17808_y11536,external_test,external_test,D:\AIPatho\Patch\visiumhd_patch\2\XZY\patch_images\patch_x17808_y11536.png,-1.9749535,-1.334,1.240217,0.4875,-0.1576338,0.1462,0.6535689,0.3616,0.48594275,0.2347,-0.9224011,-1.191,-0.2188479,-0.3293,-1.8890898,-1.317,1.2013768,0.4395,-1.0444787,-1.004,1.3716589,0.525,0.90872556,0.797,2.7808568,1.624,0.3341898,-0.7007,-0.5949758,-0.942,1.0062095,1.092,1.217221,0.278,0.7442238,0.1307,0.5578884,0.1716,1.5441282,1.184,2.0784478,1.415,2.6193516,1.689,2.6269445,1.76,1.9639105,0.9355,1.1479591,0.8257,0.23207243,-0.532,-1.1869085,-0.7305,1.3055767,0.6323,1.1212949,0.0006456,0.7680304,0.4333
2,XZY,patch_x17808_y4144,external_test,external_test,D:\AIPatho\Patch\visiumhd_patch\2\XZY\patch_images\patch_x17808_y4144.png,-1.4748722,-1.267,0.8816007,0.7188,1.3622901,0.636,0.944372,0.548,0.39720768,0.542,0.16009597,-0.45,0.038173974,-0.289,-0.34244075,-1.011,1.5295525,0.689,1.4633393,-0.0574,1.101178,0.7227,1.9171549,0.879,1.4985852,1.523,0.37069714,0.04535,1.3868365,-0.365,0.76295096,0.9316,-0.14537255,0.8853,1.6462358,0.751,1.150486,0.8115,1.1129776,0.9946,0.9830441,1.199,0.8561676,1.504,0.7165518,1.495,0.941685,0.955,0.54871607,0.843,-0.63251585,-0.6094,-0.09926097,0.1864,-0.18230252,0.8145,0.9735237,0.6255,1.1717417,0.985
2,XZY,patch_x17808_y4368,external_test,external_test,D:\AIPatho\Patch\visiumhd_patch\2\XZY\patch_images\patch_x17808_y4368.png,0.26684538,0.3516,-0.6594081,0.209,1.0925022,0.7925,0.68696886,0.09656,0.3858894,0.3179,0.45001307,0.7905,-0.3238512,0.0812,-0.10078887,0.4004,1.2941544,-0.03058,0.9033816,0.8228,0.40867066,0.3333,-0.98776394,0.37,0.88820523,0.2091,-0.31394377,0.9097,2.5075696,0.5234,-0.3129398,-0.1271,0.4298344,0.5015,1.4861104,0.6626,0.66494787,0.893,1.1536195,-0.0567,0.49675685,-0.1638,0.11002876,-0.2455,-0.6758419,-0.213,0.68951446,0.335,0.9561889,-0.2152,-0.876173,-0.534,1.2155219,0.601,-0.66679907,0.2273,0.24247064,0.4749,1.2901903,0.91
2,XZY,patch_x17808_y4592,external_test,external_test,D:\AIPatho\Patch\visiumhd_patch\2\XZY\patch_images\patch_x17808_y4592.png,2.7984178,0.621,0.102109596,-0.04303,0.58722436,0.823,-0.3802757,-0.8433,0.492281,-0.0892,-0.6189956,0.3054,1.305907,-0.2874,2.273476,0.2169,0.73512053,-1.013,0.7097715,0.4397,0.22677603,-0.0222,0.16952118,-0.0523,-0.71517575,0.1514,0.22737542,0.7607,1.4790297,0.273,-1.1833144,-0.4746,-0.7267089,0.2654,1.1688608,0.5312,1.4307463,0.7573,0.7647333,-0.645,-0.18541588,-0.4602,-0.25435984,-0.4756,-0.30103284,-0.3918,0.34657407,-0.18,0.9764697,-0.2388,0.03434065,-0.4973,1.0996786,0.957,-0.37074608,-0.0867,0.03675452,0.2307,0.7754628,0.8022
2,XZY,patch_x17808_y4816,external_test,external_test,D:\AIPatho\Patch\visiumhd_patch\2\XZY\patch_images\patch_x17808_y4816.png,2.3094397,0.9146,1.7516601,0.52,1.2068132,0.597,0.21883589,-0.8154,0.48141545,0.3347,-0.787161,0.5815,0.027768157,0.1567,0.030795295,0.4236,0.38997585,-0.611,0.276483,0.2908,0.6096405,0.1979,-1.3208467,0.318,-0.0863302,0.2156,1.0672661,0.8726,0.29074514,0.2418,-0.4491466,-0.2156,-0.3122366,0.5996,1.7973032,0.597,1.6887746,0.787,0.7005885,-0.4365,-0.7021144,-0.465,-0.20408703,-0.4788,-0.39872676,-0.449,0.6599332,0.3335,-0.68664014,-0.2822,0.17986974,-0.1636,2.9120836,1.346,-0.6421811,0.4297,-0.47030136,0.2832,1.1800694,0.748
2,XZY,patch_x17808_y5040,external_test,external_test,D:\AIPatho\Patch\visiumhd_patch\2\XZY\patch_images\patch_x17808_y5040.png,0.12753151,1.037,0.18056762,0.5293,1.0351446,1.158,0.61746407,-0.379,0.48820642,0.4746,1.7768732,1.439,0.26399973,0.1595,1.6383173,0.6997,0.08265867,-0.2119,-0.07528773,1.146,1.0308853,0.6147,1.0499601,0.677,-0.034705263,0.242,1.6451981,1.428,0.29282504,0.7217,-1.1289163,-0.002506,0.8696588,1.316,1.4793642,1.118,1.3414668,1.352,0.54336756,-0.06058,0.7219281,-0.11676,-0.74827814,-0.1737,-0.27144623,-0.101,1.3554718,0.483,-0.3195462,-0.0781,-0.26054326,-0.188,2.7185051,0.807,-0.7780348,0.2161,-0.090736054,0.7896,1.0441365,1.289
2,XZY,patch_x17808_y5264,external_test,external_test,D:\AIPatho\Patch\visiumhd_patch\2\XZY\patch_images\patch_x17808_y5264.png,5.542747,1.539,0.12557352,0.9106,1.1063005,1.102,-0.4138169,-0.595,0.49182826,0.415,3.251216,1.9795,0.5720935,0.7373,2.888385,1.318,0.5771164,-0.1555,0.9667778,1.089,1.5997409,0.801,0.4097341,0.849,-0.9152038,0.279,1.0258039,1.84,-0.35585943,0.4966,-0.1402641,0.2487,-0.78357834,1.18,1.3650112,1.278,1.3104804,1.417,0.13202024,0.2471,-0.35674286,-0.066,-0.810474,-0.365,0.48542398,-0.35,1.766173,0.946,0.22379091,0.2556,0.34094757,0.2986,0.82979447,1.031,0.65009296,0.825,0.7626248,0.929,1.032556,1.31
2,XZY,patch_x17808_y5488,external_test,external_test,D:\AIPatho\Patch\visiumhd_patch\2\XZY\patch_images\patch_x17808_y5488.png,5.1792793,1.522,1.0970192,0.823,1.4450805,1.501,-0.27137116,-1.033,0.48005727,0.7827,1.0576129,1.986,-1.3094949,0.624,1.7912005,1.513,0.4397312,-0.478,0.16234219,1.295,-0.38531646,0.6367,1.377053,0.7495,-0.22557263,0.1231,1.9045888,2.232,1.2714076,0.674,0.094490424,-0.0649,0.8918722,1.146,1.137618,1.587,1.4747471,1.752,0.020249965,-0.1964,-0.89664024,-0.2815,-1.1783928,-0.4219,-0.8255356,-0.3953,0.36545208,0.844,-0.77951366,-0.1396,-0.17175306,0.4587,1.7392596,1.47,1.4600614,0.6465,0.3180975,1.0205,1.4496052,1.792
2,XZY,patch_x17808_y5712,external_test,external_test,D:\AIPatho\Patch\visiumhd_patch\2\XZY\patch_images\patch_x17808_y5712.png,-0.24766234,0.8574,1.6243312,1.149,1.8840251,1.365,-1.5805527,-0.57,0.49454463,0.8027,-1.3458437,1.58,1.5588578,0.2583,0.60159373,0.706,1.2639501,0.05548,0.25743264,1.527,1.0827363,1.242,0.21302602,1.283,-0.49790168,0.2874,2.509841,2.271,1.6323905,0.8794,0.45195293,0.5293,0.08321627,1.412,1.7374372,1.742,2.0395257,1.866,0.3520654,0.606,0.5283774,0.0944,-0.8143698,-0.2234,-0.707872,-0.0597,1.2645814,1.225,1.0651405,0.4937,0.3923941,0.2379,2.4360921,1.898,2.7821522,1.119,0.8044851,1.631,1.8195436,1.775
2,XZY,patch_x17808_y5936,external_test,external_test,D:\AIPatho\Patch\visiumhd_patch\2\XZY\patch_images\patch_x17808_y5936.png,-0.3568191,-0.136,1.8192662,1.552,1.6864647,2.238,0.27750695,-0.2966,0.49590284,0.6587,2.8769674,1.649,1.6954527,0.533,2.849607,0.6475,1.1759775,0.1517,0.23596407,1.6,1.6229981,1.278,1.4279974,1.149,0.9470881,0.4783,2.7585576,2.643,0.6824747,0.9243,0.7070707,0.621,0.8226369,1.576,2.2288754,2.365,2.1636817,2.582,1.1335539,0.569,1.5202281,0.02129,0.8657423,0.2483,0.8924024,0.3894,0.9313392,1.36,0.46568787,0.583,0.73680776,0.1088,1.5504838,1.819,1.7355679,0.8477,0.32282203,1.536,1.8109965,2.455
2,XZY,patch_x17808_y6160,external_test,external_test,D:\AIPatho\Patch\visiumhd_patch\2\XZY\patch_images\patch_x17808_y6160.png,-1.9697871,-1.335,0.048972234,0.685,0.54946756,0.4248,0.62111515,0.2278,0.48277366,0.641,0.80824715,-0.3586,1.6205758,0.409,-0.58547974,-1.019,1.3598136,0.743,-0.17804553,-0.3293,1.44121,0.784,1.3481333,0.97,1.6926734,1.498,1.6911911,0.3586,0.25533515,-1.286,1.3244145,1.453,1.6258699,0.9126,0.74542016,0.1404,0.7103356,0.376,1.4837962,1.373,1.9883617,1.556,2.53633,1.853,2.6554122,1.782,1.6622617,1.196,1.668697,1.411,0.2216399,-0.1522,-0.48487166,-0.401,0.7942901,1.294,1.1248492,0.5806,1.0198326,0.643
2,XZY,patch_x17808_y6384,external_test,external_test,D:\AIPatho\Patch\visiumhd_patch\2\XZY\patch_images\patch_x17808_y6384.png,0.38749385,-1.294,1.2504084,0.861,0.81960076,1.293,0.37875462,0.5693,0.492281,0.8037,3.2583454,-0.05203,2.33178,0.1021,1.539837,-0.7134,1.1040353,0.7217,0.39136958,0.431,1.3513327,0.8477,2.4823108,1.205,1.6735859,1.315,2.514464,1.167,0.086470775,-0.1257,1.2501234,1.236,1.6761554,1.283,1.4534605,1.502,1.5322884,1.645,1.3879689,1.228,1.6897328,1.223,2.6336732,1.434,2.5784717,1.502,1.3515701,1.196,1.227363,1.298,0.8691635,-0.2537,0.35696417,1.27,1.0630058,1.212,1.4269228,0.8735,1.6112143,1.707
2,XZY,patch_x17808_y6608,external_test,external_test,D:\AIPatho\Patch\visiumhd_patch\2\XZY\patch_images\patch_x17808_y6608.png,-1.9673622,-1.574,1.2203883,0.9087,0.6689802,1.024,0.20025194,0.3906,0.49182826,0.523,-0.75243485,-0.5254,1.1534066,0.2344,-1.883266,-1.25,1.1749754,0.588,-0.43666652,0.0196,0.9878661,0.922,1.5720688,1.121,1.7513703,1.496,2.0491617,0.35,-0.37908995,-0.3726,1.3824457,1.179,1.103749,0.943,1.0023971,1.176,1.3753903,1.137,1.0666059,1.127,1.5832089,1.526,2.6085165,1.648,2.757843,1.668,1.2572173,1.236,1.4371383,1.252,0.5989577,0.04144,-0.6015479,0.2083,0.88293093,0.987,0.5775719,0.7134,1.1639025,1.299
2,XZY,patch_x17808_y6832,external_test,external_test,D:\AIPatho\Patch\visiumhd_patch\2\XZY\patch_images\patch_x17808_y6832.png,-1.9475403,-1.26,1.5553583,0.9087,0.7415799,0.87,0.86193806,0.2002,0.49318644,0.5493,0.02045641,-0.3389,1.585743,0.4595,-1.4456729,-1.147,1.9076377,0.3179,0.260484,-0.364,1.2490486,0.5625,1.1805352,1.076,2.6137362,0.848,2.052217,1.04,0.32629076,-0.381,1.3322031,0.967,2.057487,0.836,1.1152965,0.8853,1.5190284,1.033,1.1784086,0.9365,1.6252884,1.014,2.177451,1.209,1.8908225,1.185,1.4367266,0.97,1.2736396,1.114,0.7311188,0.1555,0.114725664,0.275,-0.050410546,0.7515,1.1237917,0.2356,1.449529,1.195
2,XZY,patch_x17808_y7056,external_test,external_test,D:\AIPatho\Patch\visiumhd_patch\2\XZY\patch_images\patch_x17808_y7056.png,-1.9048388,-1.461,1.8608607,0.622,0.6547676,0.799,1.4187632,0.3818,0.492281,0.565,0.03178835,-0.555,0.2195383,0.1349,-1.0721934,-1.074,2.0497298,0.621,-1.5692474,-0.4587,0.9570757,0.719,1.6982661,0.933,2.370359,1.246,1.7541223,0.4443,-0.9388582,-0.941,1.3725905,1.171,1.0382242,0.8203,0.8487623,0.617,1.3679177,0.7495,1.1282359,1.058,1.3931557,1.224,2.271475,1.444,2.2685611,1.381,0.74589163,1.042,1.5850112,1.151,1.0416688,-0.1921,-0.52971995,0.5776,0.23009536,1.011,-0.04300996,0.3442,0.93237907,0.904
2,XZY,patch_x17808_y7280,external_test,external_test,D:\AIPatho\Patch\visiumhd_patch\2\XZY\patch_images\patch_x17808_y7280.png,-1.8802723,-1.149,1.3501188,1.075,0.83928597,1.684,0.26967683,0.1278,0.492281,0.6147,0.27156475,0.05417,0.35410058,0.3506,-1.4010549,-0.352,1.7604848,0.6455,-1.1649238,0.4758,0.6465603,0.749,1.6828885,1.123,1.7832701,1.135,2.0262122,1.111,-0.04655395,-0.156,1.2758667,0.998,2.117824,0.983,1.4590182,1.617,0.8962576,1.677,1.3321575,1.096,1.9964007,1.398,1.8253087,1.494,1.9075601,1.427,1.2311925,1.137,1.6461713,0.9663,1.3278464,-0.1783,-0.7445605,0.387,0.6303671,0.974,0.03180858,0.7637,1.0592021,1.749
2,XZY,patch_x17808_y7504,external_test,external_test,D:\AIPatho\Patch\visiumhd_patch\2\XZY\patch_images\patch_x17808_y7504.png,-1.9183346,-1.331,1.3499764,0.762,0.09499268,0.8184,-0.106266275,0.3208,0.49137554,0.6665,0.6655845,-0.843,0.9363406,0.1738,-0.1816774,-1.206,1.1608282,0.5894,-1.2467004,-0.4836,0.70333916,0.581,1.1177412,0.801,1.7936143,1.174,1.8555816,-0.1608,-1.4618813,-0.995,1.2730774,1.179,1.5942641,0.7817,0.7435093,0.6333,0.31148317,0.698,1.3775238,1.041,1.9121875,1.392,1.9502499,1.577,2.0484529,1.543,1.4027048,0.8237,1.1031541,1.159,0.9922937,-0.0971,-1.1673038,0.02702,0.7211561,0.815,0.3642229,0.3025,0.47808275,0.855
2,XZY,patch_x17808_y7728,external_test,external_test,D:\AIPatho\Patch\visiumhd_patch\2\XZY\patch_images\patch_x17808_y7728.png,-1.929089,-1.752,1.0490111,0.9307,-0.07830819,0.556,-0.26055852,0.3313,0.492281,0.6543,0.33081055,-0.799,-0.14785334,0.1427,-0.7303116,-0.988,0.7268798,0.607,-0.97062576,-0.713,1.3559874,0.6826,2.0741596,1.047,2.2611816,1.487,1.480743,0.3118,-0.8462868,-1.038,1.1336458,1.226,1.6007727,0.983,0.1827756,0.422,-0.09982489,0.581,1.4530919,1.101,2.0271077,1.473,2.6530282,1.887,2.402673,1.906,0.6854454,1.098,0.9941437,1.224,1.2645609,-0.1803,-0.5276224,-0.2225,1.0966493,1.072,0.6134838,0.2893,0.10410884,0.777
2,XZY,patch_x17808_y7952,external_test,external_test,D:\AIPatho\Patch\visiumhd_patch\2\XZY\patch_images\patch_x17808_y7952.png,-1.3349313,-0.828,0.17900945,0.6904,0.7670501,0.9707,0.018213307,0.2961,0.49137554,0.719,1.1793423,-0.2542,1.2303641,0.3132,1.9941039,-0.643,1.4431659,0.518,-0.60220057,-0.10596,0.8955257,0.7437,1.7980565,0.871,1.431214,0.8984,2.5066373,0.944,-0.1842266,-0.2976,1.4128505,1.025,2.051025,0.6914,0.9777292,1.016,1.2154548,1.217,1.3439171,1.039,1.4899819,0.889,1.1577324,0.782,1.3139385,0.7324,1.2782302,0.8633,0.85071445,0.74,0.76865715,0.02771,0.012154837,0.855,1.5397285,0.8,0.9990451,0.383,1.2953368,1.295
2,XZY,patch_x17808_y8176,external_test,external_test,D:\AIPatho\Patch\visiumhd_patch\2\XZY\patch_images\patch_x17808_y8176.png,-1.723384,-1.226,1.3160177,0.7095,0.79707474,0.7656,0.9542293,0.2006,0.49454463,0.652,2.5770383,-0.7505,1.266835,-0.2299,-0.28903076,-1.128,1.6443096,0.4604,-1.5233729,-0.6484,1.1834652,0.435,1.3102615,0.857,1.6717404,0.6074,2.1753564,0.352,-0.57737654,-0.2426,1.0019634,0.88,1.1666733,0.1973,0.8608778,0.832,1.4021363,0.9526,1.2442359,0.9326,0.9339298,0.9097,0.98913294,0.7104,0.62345564,0.764,0.5275441,0.6177,1.5502203,0.716,1.5446446,-0.2927,0.39332777,0.6274,1.0437409,0.6094,0.2694644,0.0175,1.3207804,1.077
2,XZY,patch_x17808_y8400,external_test,external_test,D:\AIPatho\Patch\visiumhd_patch\2\XZY\patch_images\patch_x17808_y8400.png,-1.2517773,-1.305,0.83792794,0.7534,0.68992126,0.718,1.5579041,0.1142,0.492281,0.571,3.8473299,-0.1407,0.8740802,0.3071,1.9795843,-0.584,2.0383787,0.26,-0.10110871,-0.4421,1.2493539,0.528,2.2922297,0.769,2.4849336,0.7393,2.0442255,0.585,-0.28686404,-0.4846,1.2353853,0.809,1.4960605,0.4695,1.3289042,0.6367,1.3726257,0.8584,1.56688,0.824,1.7611052,0.798,2.2483459,0.881,2.0013173,0.8022,1.2195944,0.8384,0.70504004,0.765,0.83376455,-0.05646,-0.41053167,0.3745,1.2022713,0.7876,0.4904455,0.2803,1.2449541,0.984
2,XZY,patch_x17808_y8624,external_test,external_test,D:\AIPatho\Patch\visiumhd_patch\2\XZY\patch_images\patch_x17808_y8624.png,-1.7298156,-1.266,0.8606818,0.9565,-0.58334655,0.1134,1.1551594,0.599,0.49001732,0.5254,-0.049466863,-0.3418,0.06420497,-0.1582,-1.6925551,-0.5576,1.6706735,0.933,-1.4639868,-0.479,1.5780704,0.628,1.3240328,1.019,1.7199717,0.5073,1.2144346,0.311,-0.594378,-0.518,1.1383765,0.899,1.1816633,0.3843,0.24431796,-0.02887,0.069849476,0.05054,1.1189871,0.7593,1.7369666,0.476,1.0698524,0.5547,1.0017146,0.4812,1.1778215,0.7363,1.770677,0.742,0.7795045,-0.601,-0.48256528,-0.5674,0.37408793,0.874,0.61204433,0.3545,0.1247674,0.0999
2,XZY,patch_x17808_y8848,external_test,external_test,D:\AIPatho\Patch\visiumhd_patch\2\XZY\patch_images\patch_x17808_y8848.png,-0.3809079,-0.6113,1.3236032,0.6235,0.2042755,0.2715,1.6610813,0.86,0.48911187,0.4668,0.6384111,0.2886,-0.14637673,0.1417,-0.026235413,-0.5845,2.1658692,1.016,-0.24325268,0.506,1.5159088,0.7314,1.9742043,0.7573,0.19930579,-0.05222,1.8735877,0.4785,-0.7277623,-0.0742,1.2579836,0.634,1.1217892,0.663,0.61576235,0.2118,0.4806541,0.2135,0.89601773,0.6357,0.07107687,0.04456,-0.15848882,-0.00623,-0.2599095,-0.06088,0.7614322,0.544,1.1144907,0.4253,1.2581655,-0.3298,-0.21064524,0.0949,1.6717843,0.502,0.8963543,0.8145,0.19763352,0.1597
2,XZY,patch_x17808_y9072,external_test,external_test,D:\AIPatho\Patch\visiumhd_patch\2\XZY\patch_images\patch_x17808_y9072.png,-0.36708418,-1.105,1.854884,0.3516,0.5315284,0.2322,1.075405,0.503,0.49047005,0.509,0.26910204,-0.7075,0.5127849,-0.1317,-1.0918858,-0.53,1.8826407,0.4824,-0.5617781,-0.1825,1.5409611,0.42,2.2018912,0.565,0.27943113,0.02068,1.6956908,0.3323,-0.24933442,-0.05728,1.4440739,0.583,1.4028966,0.3408,0.9395937,0.1135,1.0528326,0.2727,0.88400126,0.537,0.35789722,-0.07104,0.19073004,-0.1534,-0.7004651,-0.1288,0.74880815,0.4133,0.72423685,0.2769,1.3803687,-0.321,-0.42692608,-0.0965,0.26014826,0.4617,0.34194887,0.3376,0.8583941,0.259
2,XZY,patch_x17808_y9296,external_test,external_test,D:\AIPatho\Patch\visiumhd_patch\2\XZY\patch_images\patch_x17808_y9296.png,-1.648841,-0.874,1.1180271,0.653,0.520266,0.2327,0.9143066,0.9707,0.49092278,0.7036,-0.90162176,-0.2412,0.19890034,-0.02315,-1.6304915,-0.747,1.1985089,1.073,-1.4111083,0.4739,1.1144129,0.778,2.1044016,0.8994,0.82987076,-0.3718,2.1713605,0.4275,-0.33362582,0.1311,0.81222594,0.5356,1.5104258,0.4253,0.89036834,0.2834,1.0340719,0.3027,1.094702,0.6914,0.9549553,-0.3188,0.24617584,-0.5234,0.23679577,-0.7266,1.0105826,0.6973,0.96419597,0.412,1.1636834,-0.2607,-0.10588501,0.172,1.0419745,0.5894,0.08751446,0.8613,1.0359178,0.297
2,XZY,patch_x17808_y9520,external_test,external_test,D:\AIPatho\Patch\visiumhd_patch\2\XZY\patch_images\patch_x17808_y9520.png,-1.7043002,-1.099,1.4099741,0.785,0.45836273,0.2974,0.98230064,1.039,0.4877537,0.377,-0.9732244,-0.6284,-0.036676977,-0.3252,-0.49024326,-1.239,1.4971925,0.889,-1.0569371,-0.1888,1.0758116,0.4534,1.1508994,0.7676,0.6892496,0.3625,2.2227538,-0.0875,-1.0143547,-0.01927,1.0410379,0.5547,0.8543953,0.3467,0.3785286,0.3613,0.4550164,0.378,0.8624494,0.597,0.48115847,0.2338,1.7568849,0.0896,1.6738485,0.09,1.6108099,0.647,0.48637828,0.6147,0.91318864,-0.772,-0.49236062,-0.0382,0.83320695,0.382,0.2547655,0.3604,0.5135475,0.4495
2,XZY,patch_x17808_y9744,external_test,external_test,D:\AIPatho\Patch\visiumhd_patch\2\XZY\patch_images\patch_x17808_y9744.png,-0.4462718,-1.297,1.454686,0.9927,0.95612794,0.517,1.1585335,0.6733,0.49001732,0.6284,0.29106274,-0.276,-0.07002414,0.04807,-0.8308837,-0.8525,1.0750872,0.775,-0.4746289,-0.3743,1.5011563,0.586,1.6596854,1.098,0.65916204,0.5737,1.8635259,0.4546,-0.6639255,-0.1081,0.8287757,0.7817,1.777917,0.545,1.3194213,0.5674,1.4627588,0.7725,1.2901618,0.9355,1.7292562,0.568,1.6731727,0.4133,1.687162,0.4802,1.4114765,0.7563,1.1229324,0.7817,1.0422965,-0.3257,-0.5354964,-0.1301,1.4187192,0.4692,1.1374424,0.141,1.2913064,0.7646
2,XZY,patch_x17808_y9968,external_test,external_test,D:\AIPatho\Patch\visiumhd_patch\2\XZY\patch_images\patch_x17808_y9968.png,-1.6667651,-0.8975,1.449988,0.9365,0.29865685,0.5376,0.5620576,0.4824,0.49047005,0.371,0.76803595,-0.3186,0.39190233,0.02492,-1.6430085,-0.4172,1.4802374,0.502,-0.2857447,-0.6255,0.87127185,0.3154,1.8625137,0.5723,2.1658852,0.3965,1.6292105,0.6387,-0.30975285,-0.2448,1.0822552,0.8325,2.1974883,0.4685,0.8705655,0.5317,1.1885406,0.7046,1.3152947,0.8486,1.4095112,0.405,1.5437229,0.756,1.0821579,0.837,1.3751022,0.642,0.874838,0.6255,1.1249828,0.006844,-0.22696584,0.0534,0.34722835,0.268,0.1589241,-0.1494,1.0812205,0.743
2,XZY,patch_x18032_y10192,external_test,external_test,D:\AIPatho\Patch\visiumhd_patch\2\XZY\patch_images\patch_x18032_y10192.png,-1.7825334,-1.039,0.3513585,0.85,-0.5989445,0.4377,0.7225811,0.764,0.48911187,0.5273,-0.54368025,-0.45,0.8595191,0.04974,-1.7380162,-0.726,0.8431167,0.7007,-1.0022517,-0.2365,0.8317782,0.624,1.8596742,0.837,1.6327767,-0.0753,1.8157655,0.1936,-0.7991901,-0.26,1.0870138,0.719,1.5176495,0.2482,-0.25910032,0.481,-0.27816525,0.5864,1.2280896,0.834,1.8366834,0.47,1.8519912,0.4192,1.9858953,0.4622,1.1561489,0.4202,0.4484545,0.537,0.8505582,-0.116,-0.76773113,0.0128,0.15270595,0.4932,0.57492965,0.1797,-0.0055221664,0.6084
2,XZY,patch_x18032_y10416,external_test,external_test,D:\AIPatho\Patch\visiumhd_patch\2\XZY\patch_images\patch_x18032_y10416.png,-1.7604973,-1.572,0.3516145,0.9087,0.27382833,0.5645,0.06093978,0.4246,0.49001732,0.6846,-0.20572801,-0.678,0.58543277,0.04672,-1.7160245,-1.077,0.98998487,0.599,-0.46724162,-1.022,0.8925703,0.5464,1.8077095,1.086,1.3569312,0.9097,1.6274389,0.3374,0.015931178,-0.5454,0.9707815,1.076,2.296229,0.72,1.0735644,0.5454,0.9257078,0.732,1.0513994,1.023,0.8419208,0.8086,1.7015946,0.6733,1.015925,0.7144,0.8503738,0.944,0.836497,0.864,0.8467562,-0.1956,-0.6836937,0.4314,1.3144953,0.795,0.5578493,-0.06186,0.97315526,0.8135
2,XZY,patch_x18032_y10640,external_test,external_test,D:\AIPatho\Patch\visiumhd_patch\2\XZY\patch_images\patch_x18032_y10640.png,-1.8374654,-1.631,1.0450213,0.681,0.8277187,0.1857,0.2895866,0.588,0.49092278,0.574,0.22224025,-1.1,1.1806878,-0.411,-1.7709603,-1.326,0.4804237,0.7456,-0.212562,-0.7686,0.91721535,0.612,1.6103839,1.197,0.078622356,0.9985,1.4338664,-0.2461,-0.21392086,-0.64,1.5559734,0.943,0.73666,0.608,0.87269604,0.1664,1.2155567,0.2478,1.0071657,0.902,0.96318877,0.847,2.0735703,0.7295,1.6783593,0.8423,1.2002817,1.0,1.4664887,0.9443,0.96201354,-0.5947,-0.6960324,-0.3281,0.9209616,0.7383,0.37298006,0.1735,1.244112,0.4026
2,XZY,patch_x18032_y10864,external_test,external_test,D:\AIPatho\Patch\visiumhd_patch\2\XZY\patch_images\patch_x18032_y10864.png,-1.8452677,-1.311,1.5527531,0.827,1.1761771,0.2213,0.38594326,0.7793,0.4895646,0.3118,0.2198282,-0.73,0.28118283,-0.1569,-1.3698496,-0.9326,1.3178823,0.7207,-0.41296464,-0.266,1.3916343,0.648,1.7759452,1.043,1.5429479,0.6807,1.9399241,0.1477,-0.8469456,-0.0377,1.1378171,0.677,1.7305655,0.7085,1.1362946,0.1709,1.2970414,0.2961,1.064941,0.701,1.2760123,0.336,0.9458578,0.388,0.91684294,0.4792,0.55557644,0.8022,0.87940836,0.6675,0.9096955,-0.666,-0.80697984,-0.1802,1.2382756,0.764,1.0877774,0.3625,1.1161153,0.3015
2,XZY,patch_x18032_y11088,external_test,external_test,D:\AIPatho\Patch\visiumhd_patch\2\XZY\patch_images\patch_x18032_y11088.png,-1.03438,-1.497,1.2397789,0.8657,0.082943276,-0.2637,0.35559046,1.235,0.4895646,0.638,1.1583848,-0.4768,0.61358106,-0.4094,-1.9087346,-0.8022,1.4744865,1.573,-0.27991238,0.0741,1.2197472,0.922,1.3462542,1.117,1.4149438,0.5854,1.7670695,-0.04868,-0.38227102,-0.3179,1.3140118,1.13,0.81148565,0.5996,0.94716024,-0.317,0.25300217,-0.2455,1.267166,1.007,1.617756,0.4924,1.3958874,0.6997,1.6346061,0.6475,0.98026896,1.13,1.2194197,1.183,0.781549,-0.6543,0.24146552,-0.7104,1.721172,1.031,1.1148797,0.968,0.3909878,-0.1455
2,XZY,patch_x18032_y11312,external_test,external_test,D:\AIPatho\Patch\visiumhd_patch\2\XZY\patch_images\patch_x18032_y11312.png,-1.9771676,-1.552,1.7305899,0.8286,0.20168039,0.3162,0.918602,0.819,0.49137554,0.3914,1.5703167,-1.012,0.16582693,-0.1259,-1.8917844,-1.37,1.5710478,0.848,-0.18752605,-0.6353,1.2035482,0.8833,1.2851198,1.294,2.3841133,1.344,2.0757024,-0.4492,-0.15802044,-0.3699,1.1152772,0.8945,1.7508553,0.5596,0.96925807,0.4788,0.8415071,0.4883,1.3445528,1.129,1.7220383,1.137,1.5897247,1.106,1.3628954,1.195,1.0950594,1.124,1.6183617,1.069,0.790119,-0.602,-0.46397522,-0.4421,0.4650477,0.9385,1.3175459,0.351,0.6735852,0.6494
2,XZY,patch_x18032_y11536,external_test,external_test,D:\AIPatho\Patch\visiumhd_patch\2\XZY\patch_images\patch_x18032_y11536.png,-1.4262664,-0.739,1.5558468,0.3816,0.89642906,0.9824,0.17911306,0.6465,0.49137554,0.1046,-0.6786272,-0.4102,0.9608194,-0.1917,-1.4516891,-0.4978,0.6581642,0.3215,-0.5723093,0.2437,0.7044277,0.566,0.4083024,0.12427,1.6830388,0.3813,1.1667117,-0.2123,0.60028887,0.5615,0.86265415,0.2332,0.96012443,0.2323,1.3444556,1.126,1.2395835,1.074,1.4461173,0.4998,1.3891978,0.3638,0.71303475,0.202,0.5263167,0.3337,1.3550057,0.5054,0.6183433,0.371,0.41883862,-0.757,-0.5022182,0.4426,0.91803443,0.1627,0.36543593,0.1918,1.3452383,1.051
2,XZY,patch_x18032_y4144,external_test,external_test,D:\AIPatho\Patch\visiumhd_patch\2\XZY\patch_images\patch_x18032_y4144.png,-0.5736083,-1.076,1.8067235,0.7036,1.0780863,1.015,0.84015054,0.6475,0.4759827,0.4185,-0.9063056,-0.4092,-0.68306863,0.4524,-0.7788987,-1.022,1.0691454,0.79,-0.39351556,-0.097,0.8415896,0.9805,-0.5873454,0.722,0.3842941,0.9834,-0.001497681,0.54,1.0608461,-0.3962,-0.5024007,1.13,0.13547742,0.5776,1.5625412,1.062,1.4749389,1.118,0.9442739,1.148,0.45987865,1.111,-0.9331471,1.331,-0.44047529,1.278,0.11284007,1.158,-0.13321,1.196,-0.8758099,0.2795,2.9192088,0.8545,0.21581016,0.879,-0.2651249,0.563,1.4353288,1.264
2,XZY,patch_x18032_y4368,external_test,external_test,D:\AIPatho\Patch\visiumhd_patch\2\XZY\patch_images\patch_x18032_y4368.png,1.6137835,-0.7817,0.5292777,0.55,1.1528223,1.213,0.5612868,1.204,0.32522357,0.6416,0.030664872,-0.8447,-0.08748787,-0.2009,0.605809,-0.9824,1.6130023,0.9053,1.0869129,0.6875,0.36219096,0.785,1.8116416,0.7446,-0.1804589,1.243,0.51578003,-0.0462,1.3119682,0.7617,-0.21463993,0.5166,-0.39231336,0.7124,1.3156732,1.445,1.250715,1.346,0.9125251,0.892,-0.034532186,0.59,0.063553244,0.691,-0.8286331,0.749,0.6668775,1.22,0.020096183,0.766,-0.4681062,-1.004,-0.5254617,0.8286,-0.61690944,0.538,0.33365032,0.7734,1.2509888,1.534
2,XZY,patch_x18032_y4592,external_test,external_test,D:\AIPatho\Patch\visiumhd_patch\2\XZY\patch_images\patch_x18032_y4592.png,0.14799333,0.1962,-0.95745474,0.477,1.8548219,1.126,0.95485634,-0.0467,-2.7352319,0.1766,-0.37279272,0.9243,-0.19590464,0.2225,-0.21137309,0.2434,-0.12571837,-0.1076,0.29662126,1.17,0.6190904,0.6084,0.1667635,0.7603,-0.4407885,0.5483,0.8472432,1.117,2.033675,0.3818,-0.89088356,0.0913,0.40952954,1.091,1.3849937,1.169,1.3245841,1.299,0.3557845,-0.0006847,-0.43735084,0.02116,0.15012375,-0.01668,-0.5237388,-0.03026,0.037394248,0.8276,-0.6467995,0.2203,0.6049338,-0.4272,0.13234086,0.7456,-0.106186494,0.6367,0.5181176,1.002,1.1002587,1.312
2,XZY,patch_x18032_y4816,external_test,external_test,D:\AIPatho\Patch\visiumhd_patch\2\XZY\patch_images\patch_x18032_y4816.png,0.14451395,0.4019,-0.13324106,0.6226,0.82953966,0.945,-1.6155349,-0.1389,0.41214776,0.182,0.705123,0.279,-0.20111667,-0.08356,-0.22145624,0.1213,-0.22008957,-0.29,-0.6875148,0.7856,-0.8589525,0.6494,-0.55795735,0.5005,0.3016334,0.715,-0.6883822,0.7007,2.5330455,0.533,-0.026300702,0.10876,-0.38383985,0.9897,0.65928286,1.315,1.3774014,1.393,-1.118744,0.1469,0.05788838,0.142,0.22911687,0.2537,-0.45936102,0.3281,0.39550778,0.69,-0.5982248,0.0844,-1.0464606,-0.7495,2.034821,1.357,-0.9823385,0.5615,-0.899586,0.722,1.2929245,1.329
2,XZY,patch_x18032_y5040,external_test,external_test,D:\AIPatho\Patch\visiumhd_patch\2\XZY\patch_images\patch_x18032_y5040.png,2.639471,1.171,2.2502456,0.7046,1.1813666,1.13,-2.0234833,-0.5283,0.47734088,0.4414,2.0952392,0.949,-0.37530813,0.0966,1.6186874,0.4424,0.42170468,-0.2637,0.20939417,1.316,0.80302346,0.597,0.6629024,0.5283,0.66676927,0.417,0.10298589,0.96,0.6656019,0.818,-0.5126594,-0.0951,0.11118038,1.293,1.7751753,1.385,1.9038601,1.448,0.31145927,-0.1244,0.012341069,-0.04596,-0.24702078,-0.1526,-0.6332276,-0.1758,0.8993811,0.6045,-0.5240213,-0.06033,0.80010843,-0.4563,0.22706403,1.322,1.3849783,0.5356,0.80451715,0.8535,1.3575058,1.417
2,XZY,patch_x18032_y5264,external_test,external_test,D:\AIPatho\Patch\visiumhd_patch\2\XZY\patch_images\patch_x18032_y5264.png,5.3743377,1.534,1.7509482,0.3965,0.44342682,0.6523,0.87297297,-0.594,0.49771374,0.1085,4.374036,1.751,0.963363,1.23,2.8532817,1.419,0.7828933,-0.7075,-0.11388311,1.484,1.8178377,0.49,1.1606628,0.474,0.74680334,0.3018,0.9161923,1.242,-0.3465132,0.411,-0.058990825,-0.2854,0.21045619,0.989,1.4702939,0.9854,1.4400896,0.868,0.95421356,-0.3552,0.6754703,-0.11725,0.9444224,-0.2654,0.43592048,-0.3223,1.3872201,0.4856,0.61918056,-0.11847,0.71912956,0.05728,1.7342681,0.6772,1.5055441,0.626,1.3814487,1.113,1.5042078,0.8496
2,XZY,patch_x18032_y5488,external_test,external_test,D:\AIPatho\Patch\visiumhd_patch\2\XZY\patch_images\patch_x18032_y5488.png,5.271735,1.239,0.7924595,0.3037,0.38661677,1.06,-0.30288145,-0.612,0.492281,0.3157,3.79699,1.242,1.3938838,0.19,2.3626294,0.8857,0.056737576,-0.605,-0.021838613,1.367,1.3366375,0.4033,1.7574759,-0.0429,0.38794714,0.1382,1.0733202,0.889,0.013589756,0.758,-0.26517686,-0.2822,1.1666005,1.03,1.0026176,1.118,1.3996567,1.213,0.69976175,-0.2773,0.3760871,-0.1716,0.21888186,-0.2092,0.19525266,-0.2023,1.0660192,0.1862,0.4878796,-0.4033,0.7754601,-0.1575,-0.092601515,0.93,0.22304259,0.177,0.7197141,0.72,1.6757756,1.213
2,XZY,patch_x18032_y5712,external_test,external_test,D:\AIPatho\Patch\visiumhd_patch\2\XZY\patch_images\patch_x18032_y5712.png,-1.1371619,-0.03674,1.1723359,0.3813,1.6012697,1.109,0.2245173,-0.653,0.4877537,0.3657,-1.3185855,0.4136,2.1268294,-0.0894,1.217686,-0.005016,0.3576599,-0.347,0.7725925,0.4373,1.3424319,0.317,1.5688162,0.412,0.9298518,0.528,2.4440565,1.397,0.69818133,0.2644,0.85880417,0.328,1.8407208,0.626,1.9913809,0.9873,1.8670658,1.292,0.79322135,0.2039,1.513127,0.3533,1.9258385,0.2563,1.4033017,0.382,1.4976196,0.4783,0.029445006,0.4038,0.59379387,0.01686,1.5111958,1.328,0.53890204,0.484,-0.019876352,0.4456,1.7517167,1.374
2,XZY,patch_x18032_y5936,external_test,external_test,D:\AIPatho\Patch\visiumhd_patch\2\XZY\patch_images\patch_x18032_y5936.png,-0.8989809,-1.046,0.8685102,1.291,0.9028597,1.344,0.45274785,0.0418,0.49092278,0.565,1.7992256,0.1326,2.5359519,0.404,0.33626634,-0.6104,0.8862587,0.6504,0.08135358,0.6294,1.2564068,1.042,1.4356732,1.427,1.648683,1.445,2.2838418,1.412,0.11189662,0.0945,0.9811714,1.346,1.7994041,1.059,1.7009394,1.566,1.8351681,1.824,1.2403153,1.328,1.2650698,1.365,1.7833635,1.279,1.3247945,1.4375,1.6694977,1.378,1.4759306,1.323,0.7480212,-0.1768,1.2308493,1.777,1.7859591,1.257,0.6814012,1.133,1.6626542,1.794
2,XZY,patch_x18032_y6160,external_test,external_test,D:\AIPatho\Patch\visiumhd_patch\2\XZY\patch_images\patch_x18032_y6160.png,-1.1402508,-1.188,0.4645628,0.9604,0.80579144,1.032,0.2243098,0.1783,0.49318644,0.676,2.5119147,-0.553,2.1196017,-0.1412,2.1372104,-0.8765,1.309057,0.3948,0.6176822,0.0863,1.2451677,0.9644,1.7858858,1.23,1.2417581,1.446,1.9944048,0.667,0.23789668,-0.4956,0.9352113,0.954,0.9360226,0.7935,1.3281235,1.13,1.3209788,1.125,1.2574266,1.062,1.3170512,1.232,2.6873362,1.342,2.5586114,1.5205,1.0992538,1.142,0.4465656,1.005,0.47519183,-0.2605,1.8005989,0.966,1.2604719,0.8467,1.3837352,0.7866,1.2862519,1.208
2,XZY,patch_x18032_y6384,external_test,external_test,D:\AIPatho\Patch\visiumhd_patch\2\XZY\patch_images\patch_x18032_y6384.png,-0.9736753,-1.595,1.2813507,0.9165,1.3484633,1.311,0.20379604,-0.02142,0.49454463,0.711,0.6834589,-0.5967,2.2544272,-0.0259,-0.782082,-1.328,1.1014435,0.347,0.06388846,-0.2803,1.2626692,0.727,1.8070766,1.328,0.7531795,1.706,2.627005,0.678,0.21361601,-0.4329,1.1740394,1.192,1.6599474,0.807,1.5591526,1.33,1.7643404,1.599,1.5765227,1.127,1.3761915,1.489,2.0319223,1.64,1.7225732,1.747,1.8546771,1.437,1.0797276,1.298,0.89750814,-0.101,2.682348,1.141,0.8111049,0.959,0.80953425,0.577,1.7208134,1.733
2,XZY,patch_x18032_y6608,external_test,external_test,D:\AIPatho\Patch\visiumhd_patch\2\XZY\patch_images\patch_x18032_y6608.png,-1.5525986,-1.44,1.2219471,0.843,0.7864411,0.973,0.28573442,0.2217,0.49092278,0.4712,1.4799471,-0.273,1.6238232,0.3325,-1.9261193,-0.885,1.6465305,0.5317,0.16144188,-0.1148,1.2850301,0.6523,1.8762748,0.9497,1.9181408,1.25,1.9672381,0.9517,-0.039975494,-0.807,1.2792432,1.219,1.0578861,1.163,1.2747627,0.7646,1.4274055,1.111,1.1192828,1.069,1.9002144,1.24,2.9374363,1.393,2.6637669,1.4,1.5416309,1.187,1.5066973,1.145,1.1080709,-0.0967,-0.57270616,0.3672,0.88161516,1.102,0.5526775,0.632,1.4612238,1.273
2,XZY,patch_x18032_y6832,external_test,external_test,D:\AIPatho\Patch\visiumhd_patch\2\XZY\patch_images\patch_x18032_y6832.png,-1.1425935,-1.3125,0.96742046,0.8916,0.2427454,0.5547,1.3091582,0.2032,0.48820642,0.4734,1.2033142,-0.02983,0.1866701,0.3914,-1.878572,-0.7437,1.8077853,0.4468,-0.86924803,-0.4307,0.78405267,0.5596,2.025998,0.9263,1.6320417,1.034,1.6972779,0.4163,0.13278158,-1.117,1.4314317,1.157,1.586395,0.556,0.72303736,0.3245,0.82673633,0.5093,1.3105258,1.001,1.8501314,1.265,2.3324113,1.344,1.8616562,1.306,1.1130543,0.885,1.6221294,1.021,1.0219363,0.00911,-0.6674122,-0.1075,0.56866,0.9604,0.6360327,0.3735,0.6841662,0.717
2,XZY,patch_x18032_y7056,external_test,external_test,D:\AIPatho\Patch\visiumhd_patch\2\XZY\patch_images\patch_x18032_y7056.png,-1.8817484,-1.474,0.99046946,0.6445,0.17933956,0.0647,1.0994531,0.3428,0.49182826,0.518,-0.98027366,-0.4072,0.093966275,0.2551,-1.3027648,-0.9414,1.8120443,0.812,-1.2498544,-0.708,0.9570593,0.5356,1.8566484,0.876,0.8938336,1.081,1.4046727,0.3374,0.3080025,-1.29,1.333062,1.395,0.9445717,0.67,0.83552086,-0.2499,0.7426823,-0.1267,0.99899346,1.252,1.3710488,1.295,2.4164126,1.645,1.7685829,1.53,0.856542,0.747,1.8812573,1.275,0.675782,0.0086,-0.88746333,-0.692,0.5706396,1.122,0.5051919,0.2783,0.6042669,0.1567
2,XZY,patch_x18032_y7280,external_test,external_test,D:\AIPatho\Patch\visiumhd_patch\2\XZY\patch_images\patch_x18032_y7280.png,-1.8485361,-1.34,0.9069744,1.057,0.7864112,0.7207,0.54803264,0.3938,0.49273372,0.554,-0.8199062,-0.3137,0.96566397,0.2162,-1.7860851,-0.5947,1.621618,0.5337,-0.8212872,-0.3848,1.0961547,0.6934,1.5372661,1.051,1.2211876,1.17,1.8316712,0.682,-0.104205154,-0.6064,1.3842477,1.157,1.5377957,0.6875,1.1124334,0.8125,0.75140095,0.923,1.389592,1.169,2.1887016,1.289,2.4436424,1.644,2.424073,1.505,0.9444027,0.872,1.1668352,1.126,0.99070436,-0.12463,-0.7718466,0.5444,0.36039624,0.931,0.55694944,0.422,0.57501876,0.973
2,XZY,patch_x18032_y7504,external_test,external_test,D:\AIPatho\Patch\visiumhd_patch\2\XZY\patch_images\patch_x18032_y7504.png,-1.9189671,-1.339,1.8657116,0.559,-0.56388694,0.3484,0.58707863,0.05472,0.49047005,0.4502,-0.4082162,-0.2169,0.6307685,0.3533,-1.4572773,-0.887,1.2980585,0.3596,-1.5239933,-0.4895,0.88960856,0.3572,1.1363308,0.787,2.2533596,0.7896,1.8705587,0.414,-0.9498011,-0.7793,1.5067507,0.8447,1.2835141,0.6724,0.10344769,0.1366,0.0034155976,0.2588,1.2807945,0.6743,2.1530075,0.9956,1.9912256,1.023,1.9748769,0.8794,0.6077055,0.8,1.0501943,0.899,1.0367229,-0.0844,-1.4979217,-0.3064,0.20280865,0.812,0.20228769,0.153,0.10428865,0.4983
2,XZY,patch_x18032_y7728,external_test,external_test,D:\AIPatho\Patch\visiumhd_patch\2\XZY\patch_images\patch_x18032_y7728.png,-1.9186509,-1.164,0.5557653,0.4866,0.61038643,0.4717,-0.18219222,0.722,0.49363917,0.576,2.2123077,-0.746,1.2434313,-0.185,-0.14351417,-1.185,1.1652132,0.584,-0.9998126,-0.5225,0.8704005,0.7446,0.5202805,0.757,1.4813788,1.136,2.0611415,0.2494,0.05424435,-0.3699,1.497359,0.833,2.567329,0.726,0.8715696,0.3638,1.1208494,0.4485,0.9451167,0.7773,1.8110582,0.849,2.213264,0.7095,2.4034736,0.7344,0.88256615,0.8774,1.4218342,0.831,1.2273775,-0.4556,-0.015599307,-0.06726,0.7162364,0.6973,0.56955534,0.2217,1.155899,0.613
2,XZY,patch_x18032_y7952,external_test,external_test,D:\AIPatho\Patch\visiumhd_patch\2\XZY\patch_images\patch_x18032_y7952.png,-1.7351928,-1.186,0.50436026,0.8423,0.8929545,0.827,0.408213,0.5,0.492281,0.5283,1.3952299,-0.5312,1.0275404,-0.0402,-1.250728,-0.936,1.5415077,0.6763,-1.132954,-0.3416,1.0941347,0.5938,1.4486616,0.871,0.20435628,1.037,2.1463826,0.6313,0.20964964,-0.1903,1.0125617,0.704,1.9623187,0.8237,1.8221358,0.7207,1.5923866,0.915,1.3286719,0.6987,0.92122597,0.714,1.5217175,0.863,0.86022073,0.8115,0.3335292,0.7925,0.028477933,0.87,1.5098915,-0.569,0.5489871,0.0636,0.70521384,0.83,0.5051898,0.3423,1.5390844,0.9634
2,XZY,patch_x18032_y8176,external_test,external_test,D:\AIPatho\Patch\visiumhd_patch\2\XZY\patch_images\patch_x18032_y8176.png,-1.6152071,-1.331,1.3133768,0.661,0.94578207,0.8843,0.9734042,-0.04416,0.49454463,0.465,0.93159145,-0.5015,0.28244042,-0.06,-0.22875375,-1.027,1.5616163,0.1608,-1.1074028,-0.9424,0.97109604,0.1453,2.4074357,0.891,1.8793144,0.9087,2.4266176,0.7046,-0.052633204,-0.334,1.0731766,0.8906,2.2482078,0.663,1.3724661,0.8213,1.9078097,1.09,1.1082247,0.7886,1.2748986,0.927,1.7520779,0.929,2.069931,1.009,1.357112,0.591,0.17207162,0.8125,1.2544374,-0.522,0.25004956,0.513,0.21956527,0.634,0.3073331,-0.2666,1.6547996,1.2
2,XZY,patch_x18032_y8400,external_test,external_test,D:\AIPatho\Patch\visiumhd_patch\2\XZY\patch_images\patch_x18032_y8400.png,-1.682475,-1.349,1.669114,0.7554,0.51859015,0.379,1.0564882,0.1831,0.49047005,0.582,0.5026713,-0.1324,0.7795864,0.05804,0.55833757,-0.6074,1.3628643,0.3098,-1.1491209,-0.8994,1.194034,0.3906,2.0976658,0.687,1.9519652,0.612,1.6222278,0.2878,-1.1040378,-0.3203,0.961726,0.609,0.8198133,0.1216,1.4299389,0.4014,1.3513061,0.5474,1.0478884,0.682,1.1890876,0.6323,1.0630008,0.558,1.0802001,0.5645,1.2659358,0.637,1.4887747,0.572,1.101626,-0.1377,-0.5624003,-0.0197,0.6498072,0.7456,0.4304201,-0.1758,1.0161875,0.6147
2,XZY,patch_x18032_y8624,external_test,external_test,D:\AIPatho\Patch\visiumhd_patch\2\XZY\patch_images\patch_x18032_y8624.png,-1.7819009,-1.072,1.6351953,0.559,0.20502603,0.275,1.0551926,0.427,0.4877537,0.6763,-0.16992399,-0.1506,0.05116211,-0.04477,-0.5129698,-0.3167,1.7192023,0.4785,-1.2684512,-0.5312,1.4095966,0.352,1.7566564,0.693,1.8816514,0.503,1.1844727,0.258,-0.65240794,-0.636,1.1056144,0.7695,0.3231822,0.616,0.2788841,0.015076,0.6740421,0.3044,1.2700051,0.6763,1.5125095,0.44,1.213994,0.7573,1.2182325,0.708,1.3624847,0.838,1.2849936,0.5864,1.4633918,-0.3953,-0.9594605,-0.4255,1.1884081,0.492,0.2526253,0.06213,0.69869965,0.426
2,XZY,patch_x18032_y8848,external_test,external_test,D:\AIPatho\Patch\visiumhd_patch\2\XZY\patch_images\patch_x18032_y8848.png,-1.8135315,-1.404,1.1932322,0.6724,0.30683884,-0.2546,0.9667397,0.872,0.4877537,0.5034,0.33372656,-0.649,-0.24020123,-0.459,1.6793684,-0.7876,1.9448622,1.052,-1.2899916,-0.1819,1.3889098,0.6533,1.6041541,0.939,0.96930975,0.1611,1.2861207,-0.0804,-0.7135857,-0.2224,0.80415154,0.636,1.141085,0.326,0.6443733,-0.2693,0.71749806,-0.1991,1.2113972,0.5493,1.0755516,-0.03317,2.285636,-0.06052,1.5486815,-0.11346,1.4114342,0.67,1.673172,0.7227,1.2809868,-0.5835,-0.67827064,-0.3147,0.69139296,0.7793,0.5515281,0.498,0.47199753,-0.06464
2,XZY,patch_x18032_y9072,external_test,external_test,D:\AIPatho\Patch\visiumhd_patch\2\XZY\patch_images\patch_x18032_y9072.png,-0.23002179,-1.153,1.7931491,0.846,0.59667766,0.786,1.2596146,0.5137,0.49001732,0.5737,1.0042386,0.0862,-0.21516523,0.06232,-0.2622048,-0.505,1.1955909,0.4412,-0.5352147,-0.0812,1.2386465,0.6626,2.0123405,0.815,1.750758,1.144,2.2430234,0.8696,0.021561226,-0.05,0.98856986,0.8267,1.2208151,0.8276,1.1773028,0.843,1.3983601,1.058,1.2669963,0.8213,0.9643425,0.8223,1.5994217,0.6904,0.8586171,0.807,1.1508235,0.9736,1.1175538,0.7026,0.920319,-0.528,-0.40865466,0.3337,-0.019055238,0.6616,1.0035653,0.3853,0.86535406,1.087
2,XZY,patch_x18032_y9296,external_test,external_test,D:\AIPatho\Patch\visiumhd_patch\2\XZY\patch_images\patch_x18032_y9296.png,-1.8014064,-1.576,1.5956814,0.784,0.25946653,-0.1884,1.2447883,1.04,0.49092278,0.6064,0.6762545,-0.6987,0.8953512,-0.4233,1.3754004,-0.9165,1.5381247,1.186,0.5237551,-0.4414,1.53751,0.78,1.5981479,1.144,1.5242257,0.7114,2.3972573,-0.1549,-0.77404004,-0.575,0.8184243,0.893,1.5718219,0.6587,0.80945206,-0.1326,0.6626758,-0.131,1.0104488,0.8267,0.11531439,0.5933,0.32107344,0.6387,-0.37124807,0.5317,0.69962543,0.928,0.8686838,0.955,1.4184625,-0.7344,-0.2661034,-0.3933,0.5945409,0.871,0.7902841,0.504,0.34708184,0.02405
2,XZY,patch_x18032_y9520,external_test,external_test,D:\AIPatho\Patch\visiumhd_patch\2\XZY\patch_images\patch_x18032_y9520.png,-1.8796396,-1.314,1.438607,0.8105,-0.45294487,0.659,0.33007088,0.3694,0.49363917,0.6646,2.1068306,0.1779,0.717993,0.2306,-1.0989921,-0.2544,1.3451116,0.481,-0.1312138,-0.228,1.574891,0.672,1.8358746,1.265,1.161828,0.4163,2.614455,0.7183,0.08868139,-0.1775,0.9835568,0.618,2.0907485,0.2866,0.38014805,0.6636,0.47923997,0.7695,0.97306,0.692,1.2594373,0.2827,2.2680342,0.05072,2.1588101,0.0714,0.8922158,0.8833,1.5139567,0.7144,1.1136657,-0.06433,-0.5171458,0.12103,0.75545096,0.877,0.8255388,0.3833,0.33564693,0.8906
2,XZY,patch_x18032_y9744,external_test,external_test,D:\AIPatho\Patch\visiumhd_patch\2\XZY\patch_images\patch_x18032_y9744.png,-0.6264912,-1.439,1.5754706,1.307,0.898069,0.816,0.751451,1.09,0.49363917,0.652,0.33106583,-0.7246,0.5303624,0.559,-1.1833582,-0.5894,1.7706059,1.056,0.26904345,0.281,1.5222487,0.9526,0.85028523,0.9917,1.6772009,0.1831,2.1081414,0.8145,-0.43733656,0.06683,1.1002548,0.9707,1.6715119,0.683,0.86842066,0.9756,1.2879244,1.116,1.2647563,0.9565,1.4758121,0.093,0.78281844,0.11615,0.95510685,0.01254,0.7039506,1.106,1.2479745,0.7734,1.3042254,0.1655,0.26631314,0.7427,0.6433126,0.9243,1.2837485,0.8184,1.0652604,0.99
2,XZY,patch_x18032_y9968,external_test,external_test,D:\AIPatho\Patch\visiumhd_patch\2\XZY\patch_images\patch_x18032_y9968.png,-1.6951272,-0.9287,0.31625372,0.3428,0.5579082,0.525,0.44332093,0.1497,0.4895646,0.5,0.95374024,0.0045,0.89329267,0.0377,-0.91127425,-0.2185,1.2004575,0.2578,-0.9055141,-0.3044,1.1939069,0.3,1.7767289,0.7427,1.4015408,0.607,1.4225557,0.859,-0.67127013,-0.4111,1.1768444,0.7974,1.5148535,0.4553,0.42831495,0.3042,0.50286484,0.487,1.4923215,0.683,1.8557242,0.597,2.1821358,0.5444,1.8850895,0.537,1.0540768,0.6846,1.5249604,0.5186,0.6631846,-0.0508,-0.85882914,-0.1009,0.6336927,0.429,0.35023674,0.1796,0.5272144,0.642
2,XZY,patch_x18256_y10192,external_test,external_test,D:\AIPatho\Patch\visiumhd_patch\2\XZY\patch_images\patch_x18256_y10192.png,-1.2053176,-1.208,1.7770029,0.8687,0.8234516,0.9644,0.21508105,0.6416,0.48684824,0.3887,2.6638985,-0.02824,0.52815694,0.3818,-1.4541651,-0.5093,0.5463231,0.707,-0.6065353,0.2297,1.1394641,0.9375,1.4380741,1.209,1.5994841,0.6133,1.6252446,0.6714,0.050551277,-0.1648,0.9772518,0.9263,2.0305228,1.044,1.1388463,1.061,1.5881892,1.142,1.2529182,1.125,1.5648412,0.6924,2.1634405,0.6465,1.9277173,0.6064,1.4099114,1.001,1.7499642,0.9404,0.72325754,-0.01842,0.166189,0.655,1.2882166,0.9336,0.7107023,0.5874,1.5042912,1.161
2,XZY,patch_x18256_y10416,external_test,external_test,D:\AIPatho\Patch\visiumhd_patch\2\XZY\patch_images\patch_x18256_y10416.png,-1.8533862,-1.519,0.9009711,0.8506,0.7781761,0.9736,0.12948479,0.4119,0.48911187,0.3916,1.1188741,-1.02,1.0061996,-0.11505,-0.8421312,-1.386,1.0675684,0.7227,-0.638457,-0.6016,0.89962435,0.7163,1.6510264,1.396,1.9171629,1.414,1.9850456,0.01148,-0.513454,-0.7886,1.0219165,1.077,1.6627753,0.7563,0.7728643,0.998,1.0311265,1.12,1.4554105,1.244,1.634224,1.245,1.6035516,1.428,1.3979563,1.444,1.2396358,1.1045,1.5055145,1.029,0.8910157,-0.669,-1.6702908,0.295,1.4251578,0.6914,1.10278,0.1426,1.0339174,1.272
2,XZY,patch_x18256_y10640,external_test,external_test,D:\AIPatho\Patch\visiumhd_patch\2\XZY\patch_images\patch_x18256_y10640.png,-1.9822285,-1.395,0.8176414,1.01,1.0399218,0.5063,-0.01382859,0.8223,0.4940919,0.4697,1.0557472,-0.755,1.5862579,-0.1982,-1.4040673,-1.427,0.6103031,0.934,-0.7331845,-0.2134,1.2748448,0.823,1.9859165,1.237,1.2729526,0.532,1.644557,0.1,0.39085624,-0.09955,0.9931901,0.881,0.5991766,0.592,0.743613,0.65,1.0726907,0.7505,1.1090579,0.9097,1.391736,0.2825,1.4684829,0.3755,1.2091564,0.3867,1.4441924,1.063,1.479976,0.853,0.7391795,-0.5103,-1.2916361,0.1912,1.2140574,0.6104,1.5194926,0.3438,0.92618823,0.741
2,XZY,patch_x18256_y10864,external_test,external_test,D:\AIPatho\Patch\visiumhd_patch\2\XZY\patch_images\patch_x18256_y10864.png,-2.015019,-1.821,0.85169876,0.7993,0.2533961,0.454,0.091396764,0.4973,0.49137554,0.5845,1.3467357,-1.169,1.6735009,-0.3506,-1.9160362,-1.456,1.1430207,0.7026,0.3148048,-0.965,1.5313917,0.707,2.0602252,1.358,1.2210401,1.459,1.8226532,-0.334,-0.78821677,-0.7627,1.0259858,1.135,1.155674,0.649,0.38454783,0.5786,0.35040534,0.59,1.4056783,1.15,2.0292103,1.219,1.5261998,0.941,1.7830585,1.06,1.6341668,1.163,1.2090946,1.156,0.89834404,-0.5195,-0.9013874,-0.2405,1.243219,0.8506,0.82477236,0.1333,0.06294657,0.7754
2,XZY,patch_x18256_y11088,external_test,external_test,D:\AIPatho\Patch\visiumhd_patch\2\XZY\patch_images\patch_x18256_y11088.png,-2.0171278,-1.177,1.143319,1.328,0.048133593,0.0153,1.0742778,1.687,0.49137554,0.494,1.828849,-0.5938,0.8844121,-0.3794,0.21212241,-1.045,1.3609272,1.677,0.3309094,0.247,2.0401287,1.021,1.8330303,1.281,1.5658953,0.714,2.1065276,-0.2517,-0.17413558,0.1334,1.0426224,0.9614,1.2888657,0.4707,0.023851367,0.261,-0.05050964,0.1964,1.2154957,0.948,0.7068735,0.2448,1.5644692,0.3955,1.102191,0.3408,1.1733099,1.269,1.3680186,0.917,1.2678231,-1.038,-0.38309842,-0.3875,1.212605,0.9136,1.356935,1.016,-0.16924462,0.127
2,XZY,patch_x18256_y11312,external_test,external_test,D:\AIPatho\Patch\visiumhd_patch\2\XZY\patch_images\patch_x18256_y11312.png,-1.9016757,-1.278,1.3195406,1.037,0.8259906,0.4802,0.46510887,0.9766,0.49047005,0.5806,1.1203539,-0.4673,0.36192012,0.288,-0.09762161,-1.196,1.2891282,0.8867,-0.635158,-0.145,1.2362273,1.067,1.6380829,0.9365,1.5987456,0.6167,1.9453514,-0.1952,-1.3017899,0.1866,1.364957,0.8364,1.7002134,0.306,0.94779855,0.566,1.0107623,0.5757,0.96392083,0.9604,1.1420814,0.3125,0.97792345,0.613,0.5901011,0.5454,1.0864006,1.107,1.3652006,0.8984,0.96417505,-0.2295,0.4213646,-0.2375,1.1725764,0.8047,0.89197135,0.6274,0.9221824,0.58
2,XZY,patch_x18256_y11984,external_test,external_test,D:\AIPatho\Patch\visiumhd_patch\2\XZY\patch_images\patch_x18256_y11984.png,-1.4824636,-0.7397,1.7935038,0.6333,-0.07847524,0.8716,0.091663405,0.449,0.48820642,0.3997,-0.029555734,-0.5723,1.3740053,0.307,-1.4963679,-0.6772,1.1434166,0.412,-1.0659162,-0.2063,1.1327355,0.674,0.8176675,0.3435,0.47459337,0.6836,1.4989781,0.4297,0.23080947,0.2893,0.8809669,0.6196,1.8234015,0.1793,0.47897497,0.9814,0.28054398,0.9287,1.0462905,0.798,1.3130447,0.7847,1.479448,0.9365,1.51222,1.047,0.9642422,0.663,0.43565214,0.7476,0.7086202,0.3918,-1.2774131,0.764,-0.5647298,0.551,-0.07109732,0.3025,0.3982636,1.051
2,XZY,patch_x18256_y12208,external_test,external_test,D:\AIPatho\Patch\visiumhd_patch\2\XZY\patch_images\patch_x18256_y12208.png,-0.45520404,-0.286,1.576794,0.6235,0.38007993,0.672,-0.46238613,0.4392,0.49182826,0.6255,0.189453,-0.855,0.27748236,-0.04602,-0.68693334,-1.154,0.6861273,0.1542,-0.80785495,-0.5327,-0.49093407,0.4854,0.4297734,0.2218,0.67618525,0.637,1.4016266,-0.4504,-0.102956735,0.5693,0.43386784,0.5664,1.3723162,-0.3057,-0.05359425,0.8145,0.19933364,0.726,0.91457283,0.7837,1.3996018,0.9263,2.4116657,0.883,1.9018978,0.951,-0.43455714,0.6294,1.0545171,0.7217,0.6677214,0.1205,-1.2093103,0.2031,-0.66545486,0.5903,-0.2532529,0.03041,-0.32410535,0.8696
2,XZY,patch_x18256_y4368,external_test,external_test,D:\AIPatho\Patch\visiumhd_patch\2\XZY\patch_images\patch_x18256_y4368.png,2.0464678,-1.051,-0.5928152,0.808,0.24137732,1.011,0.70116293,1.2705,0.12511687,0.1824,-0.7195651,-0.6313,-0.52618796,-0.1098,-0.062032107,-1.081,1.210095,0.96,-0.024343634,0.2024,-0.18688048,0.8984,-1.4779619,0.5083,-0.27952474,1.125,-0.77375394,-0.1326,2.1637335,0.4797,-0.19565025,0.552,-0.70884615,0.71,0.8715142,1.336,0.27462745,1.169,0.6843735,1.02,-0.52108496,0.95,1.0284691,1.005,0.697303,0.9873,0.21730533,1.063,-0.09432129,0.7437,-0.2141366,-0.592,-0.16059509,0.04684,-1.1624677,0.662,-0.462467,0.5386,0.46367112,1.284
2,XZY,patch_x18256_y4592,external_test,external_test,D:\AIPatho\Patch\visiumhd_patch\2\XZY\patch_images\patch_x18256_y4592.png,3.505208,0.4446,-0.16541496,0.0723,-0.20126706,0.717,0.9103453,-0.354,0.46194807,0.151,-0.17044474,0.341,-0.9753183,-0.172,0.008631112,-0.2583,0.056879573,-0.2666,0.63053757,1.037,0.07878786,0.3486,-1.5279388,0.04633,0.8802501,0.2035,-0.5348768,0.3354,1.874101,0.6357,-1.3254706,-0.262,-1.7265675,0.836,0.8599462,0.876,0.45598438,0.7856,0.058625326,-0.2556,-0.99678123,-0.3047,-0.80773187,-0.3257,-0.8135275,-0.3154,-0.6581537,0.488,-0.5492785,-0.289,-1.4013921,-0.8096,0.17084214,0.05945,-0.32511693,0.136,-0.4423833,0.5127,0.4015755,0.7935
2,XZY,patch_x18256_y4816,external_test,external_test,D:\AIPatho\Patch\visiumhd_patch\2\XZY\patch_images\patch_x18256_y4816.png,1.536372,0.911,-1.3320721,-0.3096,0.942135,0.737,0.06346008,-0.371,-2.4726484,-0.05267,1.5199807,0.8926,-0.9907091,0.4958,1.4010407,0.526,-0.14638862,-0.957,0.3570976,0.716,-0.7428634,-0.239,-0.38121748,-0.4668,0.3683368,0.04715,-0.2246277,0.1807,0.7971221,0.7153,-1.5924304,-0.61,1.053667,0.43,0.7389048,0.7393,0.5080945,0.596,-0.4430107,-0.683,-1.0223111,-0.4424,-0.8329045,-0.2134,-0.844671,-0.11755,-0.59272194,-0.1343,-1.1513152,-0.5684,-0.58918333,-0.3638,-0.4706153,0.5425,-0.9139187,-0.0967,-0.6288717,0.1283,0.41770262,0.547
2,XZY,patch_x18256_y5040,external_test,external_test,D:\AIPatho\Patch\visiumhd_patch\2\XZY\patch_images\patch_x18256_y5040.png,5.349488,1.421,0.77720344,0.5537,0.2425954,1.076,0.23740636,-0.1448,0.46194807,-0.1907,3.6562588,1.366,-0.28483778,0.95,3.3810253,1.072,-0.16419956,-0.254,0.062172994,1.615,0.60122985,0.393,0.5152289,0.4497,-0.05657453,0.5625,0.7786922,0.768,-1.750262,0.566,-1.3276448,-0.1553,-1.1848937,1.345,0.48862115,1.178,1.053119,1.182,0.37505037,-0.2117,-0.5021271,0.1663,-0.2559463,-0.00795,0.5944485,-0.183,-0.56193477,0.976,-0.3805301,-0.1276,0.28971282,-0.637,-1.250184,0.539,2.0922978,0.7905,0.30942068,1.028,0.8641974,1.123
2,XZY,patch_x18256_y5264,external_test,external_test,D:\AIPatho\Patch\visiumhd_patch\2\XZY\patch_images\patch_x18256_y5264.png,5.926478,1.536,1.0088207,0.6533,0.6173989,1.463,-1.7361314,-0.7793,0.4968083,0.1589,1.7386782,1.679,2.026895,1.283,2.823396,1.016,-0.697792,-0.769,0.2324129,0.976,0.6713848,0.2449,0.7632125,0.4595,0.18857005,0.4934,1.7835464,1.196,0.82956713,0.5894,-0.75541574,-0.3455,-0.06430136,1.048,0.9256388,1.441,1.3152764,1.724,0.7658766,-0.391,-0.48344517,-0.08966,0.42344746,-0.07465,0.8433278,-0.1917,0.82876915,0.8022,0.2058627,-0.1605,0.91689646,-0.392,1.4845405,0.9624,1.5213822,0.715,1.4565048,0.4468,1.1034642,1.663
2,XZY,patch_x18256_y5488,external_test,external_test,D:\AIPatho\Patch\visiumhd_patch\2\XZY\patch_images\patch_x18256_y5488.png,5.3751383,0.959,1.2898339,0.631,1.2680504,1.127,-1.3076106,-0.674,0.4940919,0.372,2.8732665,1.57,0.65611404,0.3254,1.7134086,0.9243,-0.16936454,-0.453,-0.3358888,1.467,1.0327712,0.6323,0.47530425,0.4531,1.3279423,0.2478,1.6283832,1.302,0.35765088,0.8003,-0.42981625,-0.1109,-0.24965206,1.092,1.5363106,1.351,1.745635,1.465,0.025823947,-0.1724,-0.11698786,-0.2578,-1.0776325,-0.2485,-1.1790794,-0.2434,1.5375603,0.6523,0.23773445,-0.1021,-0.029466622,-0.10046,-0.14529331,1.381,-0.2805224,0.479,0.27745444,1.046,1.3731376,1.451
2,XZY,patch_x18256_y5712,external_test,external_test,D:\AIPatho\Patch\visiumhd_patch\2\XZY\patch_images\patch_x18256_y5712.png,1.1879785,1.361,0.743055,1.154,1.5631158,1.917,-0.04021994,-0.7876,0.49273372,0.804,0.97156334,1.266,1.4415344,0.0975,-0.47318766,0.8164,-0.60244375,-0.396,-0.014899484,1.172,0.14239322,0.7217,1.6278222,0.6562,-1.2719815,-0.1935,2.1493824,2.416,0.4636233,0.8604,-0.036418676,0.1572,0.29682457,0.9204,1.1290905,1.885,1.6135603,2.08,0.2621848,-0.01807,-0.42897633,-0.507,0.11790546,-0.8726,-0.1308745,-0.814,1.2803931,0.7324,0.039013572,-0.0863,1.152614,0.07196,0.35936394,1.436,1.5438048,0.6772,0.28522506,0.9175,1.2856212,2.006
2,XZY,patch_x18256_y5936,external_test,external_test,D:\AIPatho\Patch\visiumhd_patch\2\XZY\patch_images\patch_x18256_y5936.png,-0.9178557,0.5576,1.9132321,1.016,1.2489163,1.187,0.78278166,-0.6685,0.49092278,0.5605,0.84233105,0.3271,1.1836946,-0.0759,-0.51161,-0.0404,0.68231446,-0.1672,0.2953773,0.909,1.441994,0.56,2.0002112,0.919,-0.59701794,0.337,2.331975,2.115,1.6363262,0.7065,1.0018522,0.498,1.6791513,1.04,1.7618313,1.4375,2.0113149,1.772,1.0803847,0.372,0.7591909,0.013725,1.5351187,0.0028,1.2998315,0.1449,0.61048126,0.9478,-0.40652686,0.1807,0.48622003,-0.3662,3.1940937,2.258,2.3426418,0.7104,0.8701934,0.8555,1.7496803,1.634
2,XZY,patch_x18256_y6160,external_test,external_test,D:\AIPatho\Patch\visiumhd_patch\2\XZY\patch_images\patch_x18256_y6160.png,-1.881432,-0.7383,1.811538,0.935,0.7620519,1.149,0.4538156,0.1926,0.492281,0.567,0.365439,-0.2593,1.5581254,0.2473,-1.8118145,-0.7305,1.2604988,0.506,-0.40760598,0.1417,1.3338513,0.806,1.007388,1.046,1.4691243,1.017,1.8095782,1.429,-0.3050336,-0.3623,1.355109,0.915,1.610317,1.029,1.4346676,1.146,1.4666678,1.465,1.5630695,0.841,1.9172554,0.76,2.828735,0.9834,2.685224,0.9736,1.24732,1.11,1.0036854,0.8667,0.42990685,-0.1578,1.4738032,1.224,1.3492423,0.9097,0.66756773,0.5234,1.2098228,1.577
2,XZY,patch_x18256_y6384,external_test,external_test,D:\AIPatho\Patch\visiumhd_patch\2\XZY\patch_images\patch_x18256_y6384.png,0.69214386,-1.114,1.1884662,0.964,1.5447031,1.059,0.14867754,0.457,0.4940919,0.7393,2.8321457,0.07666,1.630305,0.1631,1.2174989,-0.378,1.1389748,0.685,0.16589542,0.0776,1.2520607,0.8433,2.1465442,1.337,1.8611622,0.753,2.6347888,0.994,-0.6877532,-0.1067,1.0036092,0.978,1.7285726,0.884,1.7268392,1.104,1.4933306,1.236,1.516624,0.968,1.6757853,0.748,2.4068277,0.807,2.1233146,0.812,1.1673203,0.9595,1.4166213,0.936,0.9151568,-0.09973,-0.6617962,0.691,0.9634035,0.849,0.98509765,0.6675,1.4775884,1.262
2,XZY,patch_x18256_y6608,external_test,external_test,D:\AIPatho\Patch\visiumhd_patch\2\XZY\patch_images\patch_x18256_y6608.png,-2.0342083,-1.484,1.1087974,0.869,0.65247196,0.9263,0.37344941,0.4468,0.49182826,0.5703,0.686103,-0.542,1.6393367,0.1213,-0.59441924,-0.869,1.1166232,0.9155,-0.47446162,-0.12036,1.3163265,0.7153,1.9343929,1.01,2.4004939,1.438,2.1652434,0.6973,-0.52040076,-0.8955,1.298466,1.342,1.6739316,1.105,0.98864067,0.6206,1.234146,0.9546,1.4673193,1.26,2.0596921,1.37,2.140305,1.621,1.7917063,1.519,1.3229022,1.092,1.8344164,1.118,1.0436089,-0.2742,-0.4870707,-0.0002196,1.6756973,1.04,0.23840772,0.723,1.390499,1.147
2,XZY,patch_x18256_y6832,external_test,external_test,D:\AIPatho\Patch\visiumhd_patch\2\XZY\patch_images\patch_x18256_y6832.png,-1.9645153,-1.184,1.5811989,0.8574,0.7757878,0.8433,0.29595494,0.3906,0.49454463,0.581,0.3331806,-0.1654,1.501132,0.3408,-0.37039837,-1.003,1.594743,0.6074,-0.8190317,-0.05197,1.1929796,0.6797,1.9798247,0.953,1.6428236,0.886,2.0569205,0.9453,0.052669834,-0.1473,1.4228138,1.013,1.3638923,0.733,1.2287524,0.8774,1.3669431,1.03,1.2658927,1.012,2.0169497,0.9155,2.4025578,1.12,2.3273876,1.074,1.2149658,0.9146,1.3604647,1.034,1.3513705,0.2573,-0.59412855,0.3484,1.1416749,0.9946,0.5965861,0.4744,1.5774091,1.149
2,XZY,patch_x18256_y7056,external_test,external_test,D:\AIPatho\Patch\visiumhd_patch\2\XZY\patch_images\patch_x18256_y7056.png,-1.1863078,-1.632,1.6640288,0.6533,-0.60187995,-0.292,0.1755891,0.7754,0.49001732,0.4924,0.575799,-0.7676,1.343238,-0.05496,-1.5849631,-0.964,1.4278446,1.197,-1.301145,-0.5664,0.88283294,0.6816,1.1208632,0.8447,1.3807652,1.125,1.9640757,-0.1315,-0.59869623,-1.45,1.3592329,1.34,0.9653305,0.951,-0.06776247,-0.5522,-0.22507064,-0.4617,1.3652174,1.226,1.661171,1.334,2.1753435,1.451,1.894116,1.268,1.1427852,0.88,1.8017793,1.243,0.97761184,-0.4453,-1.339148,-0.8193,1.2045839,1.098,0.12291614,0.4468,-0.0297997,-0.1925
2,XZY,patch_x18256_y7280,external_test,external_test,D:\AIPatho\Patch\visiumhd_patch\2\XZY\patch_images\patch_x18256_y7280.png,-1.9485946,-1.798,1.223716,0.813,0.09964041,0.9927,0.22849892,0.2607,0.49001732,0.602,1.4761362,-0.6885,0.95899105,0.3252,-0.8358681,-1.154,1.2671564,0.6475,-1.2244288,-0.518,1.0074766,0.73,1.5023285,0.951,1.931138,1.19,1.9501933,0.4805,-0.470296,-0.867,1.441918,1.269,1.436045,0.9507,0.6307149,0.696,0.64480555,0.947,1.165626,1.096,1.5798593,1.157,2.169901,1.422,2.5288267,1.343,0.6373077,1.02,1.3971956,1.111,0.81619745,-0.2556,-1.0403898,0.1589,1.042333,1.172,0.7848449,0.378,0.65740937,1.146
2,XZY,patch_x18256_y7504,external_test,external_test,D:\AIPatho\Patch\visiumhd_patch\2\XZY\patch_images\patch_x18256_y7504.png,-2.0087984,-1.415,1.3034924,0.7964,0.34909362,0.651,0.31254753,0.614,0.49363917,0.534,2.1167827,-0.17,0.79166627,0.257,2.190571,-0.597,1.5923234,0.68,-1.6092427,-0.10175,1.1380849,0.859,1.502895,1.218,1.0580692,1.213,2.0500774,0.439,-0.49239248,-0.6504,0.9101457,1.144,2.4237359,0.8613,0.94377255,0.601,1.2121538,0.7915,1.3272969,1.027,1.8668361,0.9165,2.7913492,1.067,2.992821,1.084,1.2053803,1.05,1.4511113,1.107,1.104694,-0.304,0.10315144,0.456,1.5956893,1.188,0.012497684,0.604,1.2133118,0.8784
2,XZY,patch_x18256_y7728,external_test,external_test,D:\AIPatho\Patch\visiumhd_patch\2\XZY\patch_images\patch_x18256_y7728.png,-1.958611,-1.071,0.8895723,0.9097,0.6621743,0.4639,0.28940526,0.869,0.49363917,0.569,0.52025837,-0.294,1.3230923,-0.2192,0.0474711,-0.9497,0.98222756,0.77,-1.1334571,-0.1798,1.2005005,0.721,2.0358188,1.205,1.7997053,0.6416,1.8830311,0.0286,-0.6291166,-0.06445,1.3760242,0.8364,1.7028073,0.7847,0.8162653,0.634,1.0840312,0.773,1.2101548,0.894,1.8519037,0.519,2.4135976,0.6094,2.1416442,0.594,1.4159968,0.816,1.4135381,0.8604,1.166143,-0.8174,0.37733728,0.619,1.0701474,0.708,0.80222446,0.314,1.2376332,0.796
2,XZY,patch_x18256_y7952,external_test,external_test,D:\AIPatho\Patch\visiumhd_patch\2\XZY\patch_images\patch_x18256_y7952.png,-1.5174682,-0.7925,1.2127556,0.4783,-0.3569626,0.424,0.357704,0.531,0.49182826,0.4258,0.37622416,-0.973,0.502739,-0.556,-1.524879,-1.255,1.5822084,0.437,-0.8017506,-0.9785,0.75588423,0.0823,2.2472272,0.5273,2.0063686,0.696,2.233799,-0.3438,-1.5260001,-0.2876,0.96993965,0.595,1.0841123,0.1554,1.1442696,0.3684,0.35942215,0.5044,1.2937098,0.7314,1.2924302,0.6553,1.419417,0.6533,1.2435162,0.7256,0.7501666,0.409,0.41014537,0.542,0.9902518,-0.9062,-0.44414628,0.03885,0.83092487,0.3237,0.40085766,-0.366,0.41254497,0.6826
2,XZY,patch_x18256_y8176,external_test,external_test,D:\AIPatho\Patch\visiumhd_patch\2\XZY\patch_images\patch_x18256_y8176.png,-1.5633327,-0.973,0.7154958,0.7485,0.87800753,1.086,-0.69534856,0.4773,0.48865914,0.5186,0.20866776,-0.12134,0.6046686,0.2173,-0.88626564,-0.933,1.3593564,0.448,-1.2581395,-0.566,0.6447412,0.5854,1.9195695,0.749,1.3807595,0.856,2.0565152,0.6104,-0.11541607,0.4758,0.7822749,0.6206,0.9225855,0.8237,1.1764785,1.313,1.6200514,1.407,1.0849552,0.8687,1.4225425,0.662,1.3088,0.759,1.1078526,0.8345,0.74826604,0.8135,1.9378036,0.4963,1.0687202,-0.4644,-1.4292201,0.9224,1.002401,0.3215,0.34995928,-0.1338,1.4331404,1.388
2,XZY,patch_x18256_y8400,external_test,external_test,D:\AIPatho\Patch\visiumhd_patch\2\XZY\patch_images\patch_x18256_y8400.png,-0.7489426,-0.529,0.7367133,0.6226,1.2605389,0.947,0.9856698,0.265,0.49047005,0.5107,1.7091408,0.0665,1.2154169,-0.02318,-0.78938967,-0.737,0.6352128,0.3428,-0.9134892,-0.425,1.7682548,0.4082,1.5728341,0.524,0.5226189,0.6353,2.426128,0.719,0.12643963,0.2979,0.036855973,0.4329,0.44194153,0.4766,1.2973169,1.139,1.411886,1.326,1.2348113,0.698,1.2924101,0.579,1.4032434,0.5415,1.1780013,0.5767,1.916511,0.577,1.0999444,0.3035,1.3262502,-0.46,0.063412905,1.093,1.4256356,0.289,-0.24387047,-0.2068,1.5183457,1.266
2,XZY,patch_x18256_y8624,external_test,external_test,D:\AIPatho\Patch\visiumhd_patch\2\XZY\patch_images\patch_x18256_y8624.png,-0.7210865,-1.201,1.3018879,0.7515,0.77102923,0.792,0.004952682,0.1617,0.4895646,0.651,1.2221041,-0.419,1.270144,-0.1896,-0.001651449,-1.161,1.1368461,0.2993,0.01293909,-0.475,1.2379133,0.4055,1.5202084,1.185,1.0551735,1.082,2.6853237,0.8867,-0.21294188,-0.149,1.2045935,0.8794,1.4746403,0.9536,1.3664246,0.9077,1.6573005,1.134,1.4553095,0.853,1.7238407,0.9136,2.1983812,0.983,1.9248226,1.046,1.8874313,0.8926,1.6107386,0.937,0.9813694,-0.582,-0.48084524,0.4456,1.5140077,0.592,0.8113987,0.1694,1.5474782,1.216
2,XZY,patch_x18256_y8848,external_test,external_test,D:\AIPatho\Patch\visiumhd_patch\2\XZY\patch_images\patch_x18256_y8848.png,-1.2072897,-1.206,1.7051228,1.023,0.7269363,1.121,0.2080573,0.4304,0.49092278,0.5845,2.998141,-0.2433,1.1120431,0.1029,1.1112307,-0.9673,1.1384356,0.6035,-0.47743154,-0.01552,1.1800214,0.704,1.4962121,1.306,1.9974045,1.063,2.2561836,0.9946,0.23592483,-0.015205,1.1558692,0.959,0.82471424,0.9487,1.0449845,1.217,1.5274748,1.459,1.0340178,1.04,1.5073268,0.7744,2.037978,0.9336,1.9614904,1.042,2.0214415,1.064,1.3071313,0.8906,0.6659151,-0.5845,-0.8681092,0.4795,1.0332413,0.9883,0.751942,0.555,1.5227156,1.502
2,XZY,patch_x18256_y9072,external_test,external_test,D:\AIPatho\Patch\visiumhd_patch\2\XZY\patch_images\patch_x18256_y9072.png,-1.6513715,-0.7847,1.7540457,0.7393,0.090636745,0.6626,0.10775068,0.6045,0.49273372,0.5337,3.1739593,-0.3535,1.1563958,-0.2151,-0.65008616,-0.5195,1.4051421,0.4414,-0.5707028,-0.369,0.84763944,0.301,2.7395184,0.5513,1.8702116,0.3943,2.2244213,0.705,-0.45914856,0.438,0.81218475,0.342,1.9826971,0.7314,0.6797183,0.667,1.0904735,0.851,1.3986925,0.654,1.6900737,0.2311,1.2048731,0.2164,1.3211894,0.3267,0.6563387,0.4998,0.62450343,0.269,1.0914236,-0.4333,-0.7190296,0.407,1.5169672,0.2085,1.0140947,-0.06128,1.01816,0.885
2,XZY,patch_x18256_y9296,external_test,external_test,D:\AIPatho\Patch\visiumhd_patch\2\XZY\patch_images\patch_x18256_y9296.png,-1.9205487,-1.438,1.5931966,1.095,0.19501552,0.872,0.79659754,0.2023,0.49273372,0.5073,0.96616155,-0.3188,0.32893455,-0.2234,-1.8465841,-1.046,1.2746862,0.528,-1.556208,-0.778,1.1706828,0.5186,1.773009,1.146,1.9989611,1.072,2.5349386,1.073,-0.11144339,-0.6533,1.1764504,1.137,2.2875602,1.1455,0.33751795,0.625,0.6438876,1.056,1.180692,0.894,1.3716947,1.004,1.1149286,1.207,0.77897817,1.235,0.57355464,1.066,1.2956451,1.068,0.97993964,-0.4941,-0.1815349,0.557,0.7560467,0.855,0.42242762,0.11395,0.5197866,1.242
2,XZY,patch_x18256_y9520,external_test,external_test,D:\AIPatho\Patch\visiumhd_patch\2\XZY\patch_images\patch_x18256_y9520.png,-0.021475177,-1.503,1.265274,0.885,0.044886913,0.6147,-0.12174584,0.2837,0.49273372,0.4954,0.90561,-0.8403,0.4692792,-0.1703,-1.803383,-1.125,0.92477137,0.51,-1.3891443,-0.93,1.1883126,0.536,1.5962844,1.043,1.6381217,1.435,2.1839569,0.1599,-1.5220215,-0.8687,1.1156301,1.022,2.1266112,0.792,0.45503336,0.4983,1.0705776,0.683,1.3050267,0.99,1.8081158,1.164,1.5448616,1.047,0.96000904,1.1045,1.2135177,0.955,1.2857764,1.034,0.8408611,-0.683,0.5414125,0.0957,0.9465454,0.819,0.662039,0.09186,1.0795404,0.872
2,XZY,patch_x18256_y9744,external_test,external_test,D:\AIPatho\Patch\visiumhd_patch\2\XZY\patch_images\patch_x18256_y9744.png,-1.8268164,-1.257,1.114316,0.6616,0.6572204,0.6533,-0.097192675,0.3323,0.4895646,0.7017,-0.342262,-0.874,1.5719562,-0.391,-1.7688742,-1.27,0.6001272,0.571,-0.886884,-0.6665,0.7208436,0.6104,1.678497,0.768,2.05621,1.231,1.8347615,-0.246,-0.07209363,-1.116,1.3414648,1.072,0.8894249,0.7686,1.0067403,0.3481,1.1804905,0.603,1.3944602,0.9546,1.6249195,1.152,1.1478814,1.074,0.7630172,1.046,0.52886945,0.846,0.93492067,1.01,0.92556745,-0.4497,-1.0389994,-0.03354,1.1262238,0.756,0.3843269,0.1652,1.1700342,0.906
2,XZY,patch_x18256_y9968,external_test,external_test,D:\AIPatho\Patch\visiumhd_patch\2\XZY\patch_images\patch_x18256_y9968.png,-1.1367079,-0.99,1.2593975,1.111,0.6767185,0.8457,0.5769403,0.848,0.49001732,0.5566,-0.955407,-0.409,0.3758019,0.11255,-1.6633487,-0.9404,0.5536267,0.8228,-0.7182028,0.1676,1.1936893,0.842,0.95560694,0.932,0.7615771,-0.035,1.8344821,0.55,-0.78597605,0.07275,0.85803163,0.8423,1.4389129,0.4539,1.2003471,0.8823,0.9496239,1.026,1.3094634,0.922,1.7157798,0.1602,1.7825514,0.3074,1.7348698,0.2825,1.5331459,0.704,0.54776376,0.5693,0.8877305,-0.2233,1.1938825,0.8115,0.8656949,0.613,1.0210512,0.4802,1.2070042,1.05
2,XZY,patch_x18480_y10192,external_test,external_test,D:\AIPatho\Patch\visiumhd_patch\2\XZY\patch_images\patch_x18480_y10192.png,-1.2895932,-0.763,1.5674689,0.8125,1.2448338,1.155,-0.39946586,0.11176,0.48865914,0.4238,1.4780937,-0.0799,1.475929,0.001942,0.5424768,-0.546,0.9065234,0.395,-1.2499975,-0.0403,0.8748812,0.6265,0.6826382,0.719,2.429382,0.8706,1.1945561,0.618,-0.80984443,0.0765,1.0101941,0.8174,1.5039558,0.953,0.9567054,1.1,1.4793718,1.277,1.2931539,0.9297,2.208611,0.92,1.7357619,0.881,1.9414169,1.064,1.3761322,0.834,0.8581561,0.5923,0.96768016,-0.2202,-1.0986218,0.533,0.83808684,0.3484,0.9076476,0.2449,1.5768127,1.295
2,XZY,patch_x18480_y10416,external_test,external_test,D:\AIPatho\Patch\visiumhd_patch\2\XZY\patch_images\patch_x18480_y10416.png,-1.1424377,-1.475,1.16922,0.971,0.49994984,0.619,0.14406192,0.684,0.49454463,0.4062,-0.26940838,-0.7676,1.1440272,-0.10004,-1.8816143,-1.4,0.43069923,0.788,-0.5755933,-0.3545,1.0141486,0.752,1.146288,1.152,1.8049663,1.282,2.0882673,-0.3506,-0.565647,-0.4304,1.2439927,0.9307,1.6184188,0.692,0.69568527,0.6987,0.6471305,0.783,1.338011,1.102,1.9782023,1.183,2.117284,1.111,2.2143192,1.193,1.511849,1.07,0.80908257,1.088,1.1327568,-0.665,-0.8325906,-0.0674,1.4217691,0.8867,1.2716628,0.4585,0.87272173,0.906
2,XZY,patch_x18480_y10640,external_test,external_test,D:\AIPatho\Patch\visiumhd_patch\2\XZY\patch_images\patch_x18480_y10640.png,-0.5949913,-1.864,1.3860196,0.9614,-0.035271052,0.4556,0.5671025,0.4604,0.49137554,0.335,1.4338459,-1.73,0.93010217,-0.7344,1.3694912,-2.047,0.8477211,0.862,-0.33514306,-1.102,1.2853584,0.6665,1.8430587,1.58,1.57286,2.072,1.7293447,-0.9277,-0.7904754,-1.359,1.3715792,1.4375,1.5214572,0.625,0.25965595,0.3542,0.38218057,0.4236,1.407638,1.396,2.1579406,1.809,1.9633627,1.795,1.5768745,1.907,1.4880221,1.486,1.5124305,1.39,1.1889443,-1.053,-0.7672165,-0.8643,1.40436,0.965,1.1843221,0.1993,0.4326055,0.7266
2,XZY,patch_x18480_y10864,external_test,external_test,D:\AIPatho\Patch\visiumhd_patch\2\XZY\patch_images\patch_x18480_y10864.png,-2.103585,-1.513,1.265585,0.843,0.7505752,0.63,0.046205744,0.7334,0.49092278,0.528,1.1356087,-0.7554,1.3544123,-0.1594,-0.5526986,-1.222,0.92117774,0.751,-0.16608852,-0.3696,0.861735,0.9404,1.4992914,1.313,2.3410213,1.301,2.005364,-0.142,-0.109584294,-0.1665,1.1521031,1.029,0.9480644,0.6504,0.9262851,0.907,1.6785786,0.8823,1.5175246,1.101,2.158781,0.989,1.9279783,0.7974,1.550863,0.9062,1.3473157,1.12,1.1473467,1.103,1.1342167,-0.29,1.4799771,0.4607,1.238921,1.001,0.83357906,0.4917,1.5307378,1.048
2,XZY,patch_x18480_y11088,external_test,external_test,D:\AIPatho\Patch\visiumhd_patch\2\XZY\patch_images\patch_x18480_y11088.png,-0.36515382,-1.667,1.4759609,1.044,1.0773411,0.82,0.32137802,0.386,0.49363917,0.459,-0.06529871,-1.074,0.45249897,-0.1542,0.57856214,-1.493,0.64123344,0.5693,-0.30216464,-0.85,1.1976253,0.8145,2.0239975,1.245,2.126498,1.622,2.204421,0.114,-0.13581797,-0.4673,1.1345065,1.053,2.015094,0.8643,1.1371766,0.913,1.7176417,1.073,1.371581,1.156,1.3440589,1.251,2.2867634,1.297,2.3985753,1.452,1.2993865,1.163,0.75302917,1.027,0.955014,-0.6816,0.83667505,0.3406,0.930482,0.9565,0.6658821,0.1118,1.5677856,1.1045
2,XZY,patch_x18480_y11312,external_test,external_test,D:\AIPatho\Patch\visiumhd_patch\2\XZY\patch_images\patch_x18480_y11312.png,-1.3475059,-0.938,1.7780083,0.601,1.1107714,0.4182,0.9686092,1.031,0.48820642,0.5835,1.2398543,-0.6772,-0.15514222,-0.0736,-0.4328818,-1.188,1.2731724,0.6597,-1.0149099,-0.0539,0.79320514,0.708,1.2830652,0.726,2.1297584,0.4211,0.08099224,-0.613,-0.15817352,0.2527,1.1096807,0.443,1.7254846,0.4338,0.9953946,0.4512,1.4102447,0.4204,0.7900747,0.6587,1.2268119,0.237,2.0190933,0.3928,2.1621442,0.4058,1.6366603,0.6953,0.90771145,0.679,0.7590099,-0.2378,-0.70847225,-0.566,0.62910765,0.7993,-0.7350164,0.4475,1.075527,0.4724
2,XZY,patch_x18480_y11536,external_test,external_test,D:\AIPatho\Patch\visiumhd_patch\2\XZY\patch_images\patch_x18480_y11536.png,-0.8339289,-0.5645,0.3242175,0.2695,0.46378636,0.4324,0.93043417,1.04,0.48730096,0.3293,1.3926934,-0.7188,0.94800466,-0.1699,-0.98908055,-0.7866,0.7205437,0.9883,-1.1612587,0.1537,0.89539814,0.6177,1.7237737,0.3901,0.2933932,0.775,0.9934837,-0.2314,-0.5126029,-0.02068,-0.026610186,0.499,1.8348701,0.7827,-0.5724406,0.2544,-0.73736143,0.1953,0.73638815,0.718,0.9483116,0.4854,0.6037183,0.6455,0.74221176,0.62,0.6628346,0.8335,0.74570096,0.3308,0.49832603,-0.7173,-1.2840558,-0.2517,0.63350356,0.1506,-0.3010815,0.3706,-0.4286582,0.3647
2,XZY,patch_x18480_y11760,external_test,external_test,D:\AIPatho\Patch\visiumhd_patch\2\XZY\patch_images\patch_x18480_y11760.png,-1.2234726,-1.319,1.7755002,0.9805,-0.19212432,0.3323,-0.68834746,0.576,0.4895646,0.5894,-1.9062849,-0.9214,0.806108,-0.2142,-1.8609265,-1.216,0.90268964,0.6816,-1.03388,-0.4922,0.57754886,0.8,1.1629845,0.8467,1.6983266,1.187,1.4887278,-0.586,0.26635182,-0.2856,1.1896961,1.206,1.5169826,0.4194,-0.09336481,0.3276,0.13434213,0.3237,1.0586962,1.186,1.4463097,1.192,2.428915,1.352,2.2021353,1.357,1.5861,1.007,1.0032164,0.982,1.38351,-0.4363,-1.551751,-0.771,0.74816746,0.8945,0.7024784,0.3105,0.030593859,0.505
2,XZY,patch_x18480_y11984,external_test,external_test,D:\AIPatho\Patch\visiumhd_patch\2\XZY\patch_images\patch_x18480_y11984.png,-1.2069602,-0.667,1.4791763,0.4038,0.80412066,0.65,-0.06595475,0.4858,0.48911187,0.6084,-1.3684856,-0.551,0.25246742,-0.05112,-1.2797538,-0.8916,0.3811451,0.3691,-0.4896891,-1.015,0.2869115,0.325,1.950133,0.2695,1.1137068,0.8643,1.5652933,-0.377,-0.9499819,-0.2355,1.016249,0.7114,0.16761377,0.10657,0.39368507,0.5645,1.2428001,0.59,1.1042471,0.97,2.0175796,1.004,1.5540289,0.982,1.5965565,1.106,0.5647478,0.79,1.0039387,0.613,0.5280423,-0.4187,-1.5704417,0.2915,1.084475,0.5522,0.29003218,-0.2903,1.0806013,0.843
2,XZY,patch_x18480_y4592,external_test,external_test,D:\AIPatho\Patch\visiumhd_patch\2\XZY\patch_images\patch_x18480_y4592.png,1.2707775,-1.241,-0.87232053,0.653,0.28413752,0.387,0.6887723,0.8115,0.121947765,0.5176,0.45238158,-0.6167,0.15122396,0.2399,-0.63225824,-0.8896,0.9541264,0.7314,-0.5249295,-0.3208,0.40059528,0.7197,-1.9103292,0.5737,0.61082065,1.056,0.22972874,0.03012,1.1614712,-0.3535,-0.58474195,0.8887,0.20241441,0.2722,0.72291183,0.4976,0.5219621,0.5366,-0.08552619,1.055,0.41845495,1.097,-1.1888946,0.8716,-0.42490864,0.9414,0.11701003,1.057,0.25159705,1.0,-0.88262254,-0.165,-0.046807796,-0.2094,0.1336001,0.875,-0.45532954,0.3848,0.619778,0.7
2,XZY,patch_x18480_y4816,external_test,external_test,D:\AIPatho\Patch\visiumhd_patch\2\XZY\patch_images\patch_x18480_y4816.png,2.666177,0.4387,-0.8751575,0.728,1.7020388,0.9985,0.95630485,0.10626,0.09885853,0.1643,-0.3186061,0.8135,-0.26080298,0.5747,-0.15391643,0.6973,-0.47743613,-0.01329,-0.1439353,1.613,0.23502254,0.6855,0.17409961,0.343,7.960357e-05,0.1318,-0.30951366,0.6304,1.9518679,1.08,-1.1859566,-0.0164,0.63266796,1.056,1.2337431,1.355,0.68541765,1.276,0.4744626,0.1459,-0.120770335,0.0776,-0.27172452,-0.00904,-0.21755385,-0.0723,-0.1669719,0.631,-0.16202153,-0.1305,-0.96312183,-0.368,0.7436965,0.8647,-0.53036976,0.4592,-0.69674635,1.016,0.068065606,1.223
2,XZY,patch_x18480_y5040,external_test,external_test,D:\AIPatho\Patch\visiumhd_patch\2\XZY\patch_images\patch_x18480_y5040.png,4.062086,1.642,-0.23251116,0.3232,1.5796909,0.6045,-0.25875843,-0.7607,0.48730096,-0.1406,1.3522018,1.425,1.2457265,1.137,0.39660403,0.773,-1.1266043,-0.9497,-0.5193822,0.8857,-0.028150728,-0.0917,0.68102103,0.1017,-1.0843799,0.5215,1.2359537,0.913,-0.027099347,0.3652,-1.5059301,-0.355,-0.37909678,0.7393,0.0011704355,0.8394,0.13267833,0.847,-0.6708939,-0.4575,-0.62899023,0.05386,-0.174724,0.0619,-0.8368552,-0.0105,-0.05438665,0.4104,-0.583395,-0.2878,-0.15734723,-0.6436,-0.30751407,0.5137,1.5509654,0.3733,-0.4047357,0.387,0.71027035,0.8325
2,XZY,patch_x18480_y5264,external_test,external_test,D:\AIPatho\Patch\visiumhd_patch\2\XZY\patch_images\patch_x18480_y5264.png,4.2088523,0.696,0.8889008,0.1313,0.40164328,0.3318,0.13412412,-0.4553,0.48367912,-0.279,1.0391223,0.8047,1.1514976,0.6753,1.7077483,0.4517,-1.3566753,-0.848,-0.63069177,0.91,0.57860124,-0.1239,-0.67500335,-0.077,1.2588177,0.5386,0.5438326,-0.1272,-1.9260627,0.2842,-1.0822242,-0.3738,-0.08506141,0.884,0.13578807,0.4167,0.6947618,0.3464,0.27375582,-0.674,0.7174411,0.1081,0.94708985,0.1797,1.0883881,0.04626,-0.7969865,0.1731,0.1433839,-0.2915,-0.17264985,-0.798,-0.4220022,0.1389,2.2206857,0.2151,1.0398195,0.3584,0.72784436,0.3306
2,XZY,patch_x18480_y5488,external_test,external_test,D:\AIPatho\Patch\visiumhd_patch\2\XZY\patch_images\patch_x18480_y5488.png,4.396412,1.028,-0.7014411,0.639,0.779485,0.7446,-0.432232,-0.6567,0.45832622,0.06152,-0.482375,1.343,0.44850135,0.9253,-0.32802486,0.9634,-0.15665156,-0.4502,0.36020163,1.371,-0.041985244,0.4539,-0.17079797,0.6396,-0.3822196,0.472,0.6608222,1.07,0.50533336,0.1565,-1.4201075,-0.1111,-0.43018225,1.141,0.69698215,1.03,0.97673976,1.063,-0.41615123,-0.3564,-0.9600665,-0.0634,-0.4128244,-0.10065,0.021955764,-0.1704,-0.3704687,0.767,-0.97458607,-0.1411,-0.2919225,-0.0626,1.3828001,0.7837,-0.49633342,0.7173,0.5463922,1.057,0.9405277,1.046
2,XZY,patch_x18480_y5712,external_test,external_test,D:\AIPatho\Patch\visiumhd_patch\2\XZY\patch_images\patch_x18480_y5712.png,1.7822958,0.847,-0.7894015,1.154,1.6921468,1.714,-0.03038433,-0.1305,0.16586259,0.778,-0.2789279,1.264,-0.030837556,0.08295,1.2770292,0.4272,-0.34467477,0.10516,0.13746749,1.681,-1.5165857,0.986,-0.33267918,0.7764,0.117966756,0.195,0.3548332,1.487,0.5467202,0.8623,-1.4338301,0.262,-0.3559199,1.207,0.20375569,1.957,0.23753457,1.994,-0.24596314,0.266,-0.64242667,-0.00791,-0.92336667,-0.4578,-0.64857364,-0.3525,-0.24362624,1.238,-1.2484906,0.2458,0.059963036,-0.2396,-0.456983,1.167,-0.7067746,0.803,-0.36238936,1.232,1.1221772,1.841
2,XZY,patch_x18480_y5936,external_test,external_test,D:\AIPatho\Patch\visiumhd_patch\2\XZY\patch_images\patch_x18480_y5936.png,0.7594894,0.1076,1.1630515,0.8594,0.44801405,1.422,0.3531162,0.2186,0.48820642,0.3347,0.46518168,0.8975,1.715247,0.1488,-0.04751907,0.469,0.19970487,0.292,0.9124941,1.583,0.87656987,0.8813,-0.31093287,0.9985,0.111707434,0.4497,1.9509258,1.713,1.2204272,0.7344,0.49263945,0.3752,0.8417569,1.078,1.2298906,1.745,1.4424423,1.707,0.54739326,0.508,0.9553625,0.269,-0.51317835,0.1589,-0.52994853,0.2136,2.0799665,1.238,0.3387334,0.543,0.88264143,-0.1775,1.1924014,0.998,0.14833334,1.012,0.319436,1.369,1.2988576,1.624
2,XZY,patch_x18480_y6160,external_test,external_test,D:\AIPatho\Patch\visiumhd_patch\2\XZY\patch_images\patch_x18480_y6160.png,0.29902437,-0.8843,0.59708947,0.7744,0.86894256,1.038,0.64300346,0.2966,0.4895646,0.4563,0.5203616,0.0586,1.6519477,-0.1455,1.4627478,-0.7773,0.98207664,0.521,0.6168643,0.2554,1.7093302,0.6655,1.9541274,1.164,2.1530867,1.144,1.7917804,1.264,0.2347218,0.3052,1.0438566,0.66,0.5949843,0.9863,1.6749244,1.105,1.7586503,1.239,1.4040726,0.8696,1.5525683,0.892,2.5848784,0.6465,2.5568726,0.786,2.020082,1.092,1.5000073,0.8867,0.64646983,-0.348,-0.13203633,0.3208,1.1428902,0.738,0.7356436,0.656,1.6175123,1.293
2,XZY,patch_x18480_y6384,external_test,external_test,D:\AIPatho\Patch\visiumhd_patch\2\XZY\patch_images\patch_x18480_y6384.png,1.2484224,-0.3892,1.7902895,1.237,0.9348825,1.543,0.615837,0.001205,0.49590284,0.7026,2.2076826,0.605,2.2997942,0.385,0.7241816,-0.475,0.79392534,0.729,0.80362576,1.286,1.5538226,1.291,1.5956118,1.824,1.2249024,1.232,2.4316359,2.58,0.550487,0.8086,0.98543894,1.044,1.9320143,1.251,1.8205718,2.018,2.132096,2.195,1.4199923,1.195,0.6062732,1.014,1.7091225,0.758,1.8870186,1.025,2.1284618,1.845,1.2446839,1.11,0.9123358,0.09375,2.6046796,2.281,1.503451,1.348,0.68798983,1.462,1.8145999,2.047
2,XZY,patch_x18480_y6608,external_test,external_test,D:\AIPatho\Patch\visiumhd_patch\2\XZY\patch_images\patch_x18480_y6608.png,-0.648318,-0.574,1.5716751,0.9487,1.1898516,1.229,0.084321015,-0.1382,0.49454463,0.591,3.00636,0.1985,1.9362509,0.4219,-1.2167026,-0.9106,0.660445,0.3567,0.78231657,0.244,1.0766585,0.741,1.5428936,1.241,1.0445112,0.7124,2.5107281,1.714,0.936134,0.181,1.1251906,0.759,0.85289687,1.154,1.6943395,1.376,2.0011725,1.644,1.3670145,0.811,1.3781132,0.694,1.1771792,0.4358,0.78454036,0.485,1.8917499,1.158,1.0183123,0.658,1.3734406,-0.005653,2.2649474,1.432,1.1134405,0.839,0.75323397,0.5713,1.7738669,1.667
2,XZY,patch_x18480_y6832,external_test,external_test,D:\AIPatho\Patch\visiumhd_patch\2\XZY\patch_images\patch_x18480_y6832.png,-0.72491276,-1.447,1.2901857,0.8906,0.8981016,0.9067,0.04712143,0.2812,0.48911187,0.5815,2.659731,-0.5957,1.2768782,0.1084,1.7009814,-1.151,0.665092,0.7134,0.04721306,-0.3257,1.1008766,0.587,2.1875582,0.978,2.0236237,1.446,2.2170348,0.5815,0.18674643,-0.7446,1.2991608,1.09,1.7802763,1.022,1.2034975,0.7974,1.3712828,0.971,1.5607638,1.096,2.0008547,1.3955,2.8786547,1.637,2.7549071,1.614,1.5379543,1.092,0.8906228,1.151,0.96591496,-0.3516,0.32770962,0.1991,0.99009633,1.034,0.92947525,0.489,1.3129488,1.083
2,XZY,patch_x18480_y7056,external_test,external_test,D:\AIPatho\Patch\visiumhd_patch\2\XZY\patch_images\patch_x18480_y7056.png,-1.6041831,-1.244,1.1544062,0.492,-0.5622352,0.1205,0.64971244,0.633,0.49092278,0.57,2.2614846,-0.2401,1.430495,0.03998,0.46837467,-0.762,1.4780986,0.97,-1.066714,-0.3362,0.7817845,0.5386,1.7663769,0.6216,2.2393138,0.6616,1.3694351,0.2637,-1.1119802,-0.9004,1.3104055,1.091,1.0083338,0.8115,0.14013669,-0.1403,0.35360685,0.04153,1.5342731,1.031,2.1497505,0.8345,2.4942083,0.715,2.2492507,0.597,0.9080469,0.703,1.857871,0.875,1.2266523,-0.1987,-1.3687121,-0.2406,0.8323637,0.821,0.9988335,0.34,0.2993177,0.2175
2,XZY,patch_x18480_y7280,external_test,external_test,D:\AIPatho\Patch\visiumhd_patch\2\XZY\patch_images\patch_x18480_y7280.png,-0.717211,-1.463,1.3389914,0.9453,0.88601476,0.7754,-0.11744159,0.2305,0.49137554,0.573,1.9169852,-0.4832,0.43508554,0.02768,-1.9250762,-0.708,1.3834732,0.474,-1.3272055,-0.522,0.9012326,0.566,1.6499071,0.854,2.0516999,1.214,1.8415191,0.539,0.2731499,-0.6514,1.2171098,1.203,1.2596849,1.092,1.0660917,0.7095,1.3750851,0.91,1.3524534,1.128,1.5798388,1.174,2.7299304,1.316,2.6697953,1.261,1.1193782,0.8506,1.5617332,0.9634,0.90618044,-0.5845,-0.69374394,0.08234,0.3752105,0.8306,-0.052317616,0.2354,1.4189049,0.9614
2,XZY,patch_x18480_y7504,external_test,external_test,D:\AIPatho\Patch\visiumhd_patch\2\XZY\patch_images\patch_x18480_y7504.png,0.38501015,-1.216,1.1381434,0.855,0.5483154,0.8267,-0.67517686,0.12085,0.49092278,0.679,1.6088175,-0.424,1.1788796,0.0778,0.4023177,-0.9946,0.8403452,0.547,-0.8336471,-0.3481,1.0102243,0.5303,1.7526256,1.009,1.7065504,1.042,1.7302572,0.708,-0.6272137,-0.1619,1.0103562,1.114,0.8259731,1.019,0.5797431,0.8496,1.1235293,1.04,1.3275055,0.934,1.4196898,0.991,2.145937,1.014,1.5428642,1.016,1.0663366,0.861,1.4380257,1.099,0.8333074,-0.1252,-1.098925,0.46,1.2061691,1.012,0.80803895,0.3433,1.3569682,1.201
2,XZY,patch_x18480_y7728,external_test,external_test,D:\AIPatho\Patch\visiumhd_patch\2\XZY\patch_images\patch_x18480_y7728.png,-2.0120668,-1.138,0.8256463,0.2396,-0.707081,-0.657,0.81944716,1.123,0.49092278,0.524,-1.3093164,-0.594,0.2911575,-0.601,0.29588696,-0.9575,1.4053911,1.262,-1.5252066,-0.1337,0.9539715,0.5044,1.3456876,0.897,1.7061284,0.3447,1.3893799,-0.6543,-1.3918015,-0.3225,1.22892,0.621,1.506556,0.5938,0.46814173,-0.721,-0.28181708,-0.6885,1.2443417,0.512,1.8561355,0.1619,2.320175,0.082,1.7876859,0.05585,0.92111456,0.6436,1.0243613,0.7954,0.8289292,-0.799,-1.0922748,-0.786,0.6691344,0.7476,0.94470024,0.4778,-0.19932105,-0.4631
2,XZY,patch_x18480_y7952,external_test,external_test,D:\AIPatho\Patch\visiumhd_patch\2\XZY\patch_images\patch_x18480_y7952.png,-1.0116642,-0.8643,1.1271805,0.607,0.10117497,0.3542,-0.82534176,0.729,0.49273372,0.3354,0.7251063,-0.5786,0.88134867,-0.135,-1.1485814,-1.041,1.2535676,0.4253,-0.63783073,-0.5635,1.0498363,0.516,1.0031427,0.636,2.6583643,0.849,2.0059838,-0.2576,-0.30224955,0.08905,0.9560341,0.4724,1.064875,0.3953,0.09422433,0.5327,0.546135,0.594,1.101751,0.5874,1.8543274,0.41,1.9985199,0.364,1.8246188,0.5015,1.3045005,0.737,1.8481407,0.3992,0.9393284,-0.662,-0.36282408,0.1663,0.3520552,0.38,0.6405214,-0.01578,0.61112094,0.758
2,XZY,patch_x18480_y8176,external_test,external_test,D:\AIPatho\Patch\visiumhd_patch\2\XZY\patch_images\patch_x18480_y8176.png,-1.6828967,-0.8716,0.69554216,0.5303,0.6228314,0.2367,0.85265076,0.6396,0.48865914,0.599,-1.7221824,-0.7227,0.388746,-0.11786,-1.6596979,-1.042,1.3204063,0.704,-1.5143483,-0.7266,1.1584295,0.4216,1.2557535,0.6895,2.2432365,0.6577,1.5217793,-0.662,-0.936529,-0.5176,1.0721688,0.812,0.9638395,0.304,1.0745527,0.0958,1.0523509,0.2369,1.3763034,0.862,2.060352,0.6426,1.484117,0.674,1.810297,0.61,1.0656725,0.634,0.3940476,0.5825,0.9216821,-0.56,-1.3311315,-0.4036,0.5488291,0.4846,0.36607715,-0.1227,1.0376705,0.4622
2,XZY,patch_x18480_y8624,external_test,external_test,D:\AIPatho\Patch\visiumhd_patch\2\XZY\patch_images\patch_x18480_y8624.png,0.13637586,-0.4795,0.8753657,0.474,-0.12167367,0.7715,0.32739305,0.4417,0.49318644,0.5894,0.34361324,-0.1294,0.29323766,-0.1411,-0.60220295,-0.73,1.1489135,0.23,-1.3983155,-0.3826,0.78426725,0.4937,1.5994503,0.4688,2.492608,0.691,2.415043,0.1981,-0.96969193,0.2152,0.8804774,0.4182,0.3626643,0.7485,-0.02028268,0.835,0.115492605,0.8574,1.2723182,0.826,1.0036852,0.821,2.2862606,0.53,2.051594,0.565,1.3350043,0.611,0.6607281,0.4465,0.68382186,-0.3865,-0.6822467,0.10236,1.8282727,0.4385,-0.57006776,-0.1164,0.3112804,0.9233
2,XZY,patch_x18480_y8848,external_test,external_test,D:\AIPatho\Patch\visiumhd_patch\2\XZY\patch_images\patch_x18480_y8848.png,-1.9424794,-1.239,1.5411266,1.314,0.7723387,1.075,0.34695882,0.4404,0.49273372,0.5425,-0.29352242,0.1504,0.2450164,0.645,-0.81442785,-0.7793,1.018036,0.3916,-0.5197195,-0.03647,1.2336781,0.8955,1.7756646,1.261,2.2825105,0.788,1.8844857,1.011,-0.21571954,0.1655,1.2378598,0.932,0.63009936,0.7227,0.9378186,1.474,1.4391272,1.606,1.454792,1.061,1.9452931,0.6523,2.6495266,0.754,2.6798,0.6987,1.2179102,1.08,1.7080189,0.9233,0.94920075,0.02322,-0.7714379,1.162,1.1103945,0.865,0.7851345,0.4187,1.3826067,1.577
2,XZY,patch_x18480_y9072,external_test,external_test,D:\AIPatho\Patch\visiumhd_patch\2\XZY\patch_images\patch_x18480_y9072.png,-1.9226574,-1.454,0.9823301,0.8643,-0.5136052,0.6895,0.34663597,0.797,0.49182826,0.319,1.6500336,-0.739,0.6153327,-0.2166,-0.0005151228,-1.378,1.3162159,0.8706,-1.1411724,0.1583,1.1572454,0.8203,1.6970859,1.129,2.3095582,0.7256,1.9452492,0.10626,-0.08581874,0.04013,1.2628808,0.7524,1.0384926,0.7383,0.3600781,0.793,0.33060443,0.8457,1.3807063,0.8403,1.4786323,0.4731,1.7386897,0.7236,1.6969553,0.668,1.2659789,1.143,1.1919614,0.7705,1.221937,-0.526,-1.2778476,-0.1131,1.0606353,0.5435,0.515456,0.6445,0.20773238,0.9336
2,XZY,patch_x18480_y9296,external_test,external_test,D:\AIPatho\Patch\visiumhd_patch\2\XZY\patch_images\patch_x18480_y9296.png,-1.8956659,-0.965,1.5939897,0.748,0.4744779,0.739,0.21527596,0.3896,0.49318644,0.562,2.5692923,-0.5107,1.8453401,-0.1005,-0.46113268,-0.4192,0.942754,0.403,-0.39723063,-0.279,1.348383,0.7217,2.0098882,0.967,1.7429256,0.476,2.521424,0.6055,-0.9833339,0.07465,1.3031873,0.5835,1.0026636,0.617,0.3819084,0.959,0.9305665,0.9897,1.3165808,0.6724,1.1398324,0.2568,1.3499446,0.1182,1.7438884,0.04706,1.6123769,0.7344,1.2327933,0.475,0.92639107,-0.1677,0.60949415,0.6777,1.5291477,0.694,0.61583555,0.2908,0.91696304,0.992
2,XZY,patch_x18480_y9520,external_test,external_test,D:\AIPatho\Patch\visiumhd_patch\2\XZY\patch_images\patch_x18480_y9520.png,-1.8615048,-1.2705,1.2229252,0.9844,0.30914703,0.7905,0.38282144,0.468,0.49454463,0.4978,1.9556645,-0.9473,1.4239396,-0.3352,-1.1313809,-1.123,0.5526751,0.726,-0.21648861,-0.604,1.4869311,0.6387,1.638026,1.041,1.3176275,1.145,2.2406735,0.1544,0.24784023,-0.6357,0.959486,1.132,1.8645729,0.9844,0.6699653,0.762,0.5629285,0.948,1.1670619,1.028,0.48526046,0.953,-0.37973842,1.158,-0.294064,1.185,1.2233098,1.01,1.3047596,1.049,0.9085952,-0.666,1.6138715,0.9556,1.2408835,0.693,1.3537424,0.2578,0.85491025,1.048
2,XZY,patch_x18480_y9744,external_test,external_test,D:\AIPatho\Patch\visiumhd_patch\2\XZY\patch_images\patch_x18480_y9744.png,-1.8578146,-1.203,0.87471765,0.7104,0.2503212,0.505,0.43439704,0.7407,0.49001732,0.573,0.48003832,-0.4512,1.5002183,0.01997,-1.7933867,-0.689,1.0483181,0.7354,-0.9498842,0.07446,1.423659,0.734,2.059384,0.7705,1.2376747,0.5034,2.2135277,0.1373,-0.3936725,-0.3223,1.1817471,0.8896,2.095991,0.7104,0.14870681,0.427,-0.093575746,0.4988,1.3127208,0.8555,0.65958774,0.4077,0.972661,0.4744,1.3720825,0.3638,1.216202,0.7686,1.2605828,0.65,1.3336731,-0.454,-0.3079064,0.1914,1.77761,0.7393,0.5577294,0.6553,0.35305166,0.5913
2,XZY,patch_x18480_y9968,external_test,external_test,D:\AIPatho\Patch\visiumhd_patch\2\XZY\patch_images\patch_x18480_y9968.png,-1.9087399,-1.691,0.36137092,1.095,0.96730965,1.415,0.2137127,0.42,0.4895646,0.4949,1.2540532,-0.2079,1.2782105,0.2073,-1.4314929,-1.148,1.1625443,0.5444,-1.0033435,-0.1704,1.2544405,0.849,1.3597628,1.302,1.797987,1.469,1.8000275,1.037,0.6347487,-0.186,1.3230981,0.8774,1.8099155,0.9062,1.2317796,1.459,1.4001918,1.722,1.4075168,1.115,2.4200752,1.236,2.1554427,1.643,2.0686579,1.816,1.5413722,1.151,1.6909281,1.125,0.93506444,-0.2244,-0.7666163,0.5273,1.1203289,0.7383,1.0541009,0.3826,1.4686047,1.69
2,XZY,patch_x18704_y10192,external_test,external_test,D:\AIPatho\Patch\visiumhd_patch\2\XZY\patch_images\patch_x18704_y10192.png,-1.6413552,-0.5557,1.3374709,0.3953,0.06677613,0.4153,-0.17109817,0.657,0.49137554,0.512,-1.7022883,-0.4941,0.91525525,-0.4053,-0.8497157,-0.6846,1.4314528,0.4553,-0.8671298,-0.0747,0.29137424,0.4646,0.5921299,0.598,0.8953069,0.6113,-0.0071235234,-0.5396,-0.61659104,0.136,1.1136879,0.2444,1.7165039,0.5586,0.5731946,0.482,0.70479095,0.332,0.77861136,0.4246,1.0677435,0.3909,1.5132399,0.2281,1.6171359,0.4128,1.1018716,0.555,1.3900884,0.1827,1.1785603,-0.8667,-0.8200803,-0.2935,0.7294724,-0.02399,0.50519764,0.2505,0.94985646,0.4155
2,XZY,patch_x18704_y10416,external_test,external_test,D:\AIPatho\Patch\visiumhd_patch\2\XZY\patch_images\patch_x18704_y10416.png,-1.3391814,-1.198,1.0589912,1.073,-0.64922535,0.5303,-0.6213153,1.046,0.49182826,0.3352,-0.84021443,-0.8965,0.9562066,-0.2502,0.16911723,-1.304,0.97653675,0.814,-1.3073722,0.1915,0.9519895,0.8345,1.804642,1.212,2.1891215,0.802,1.648727,-0.4297,-0.53408337,0.2507,1.0663139,0.61,1.0663787,0.6353,-0.46066308,0.7993,-0.39200887,0.809,1.4677289,0.825,1.9188418,0.3086,1.5649447,0.2935,1.6448023,0.2983,1.230705,0.9404,1.1960921,0.9395,1.0659493,-0.8916,-1.9188358,0.10315,0.7871634,0.7476,0.5025656,0.798,-0.27016497,0.7905
2,XZY,patch_x18704_y10640,external_test,external_test,D:\AIPatho\Patch\visiumhd_patch\2\XZY\patch_images\patch_x18704_y10640.png,-1.582522,-0.933,1.1576035,0.3594,-0.23231319,-0.05127,0.38671693,0.7817,0.49137554,0.04254,-0.032975603,-0.787,0.2815937,-0.665,-1.5788587,-0.7935,1.240029,0.723,-0.9376944,-0.3455,0.85181046,0.4197,1.6550064,0.498,1.6600176,0.789,1.122708,-0.8765,-0.875709,-0.02806,0.7985284,0.4067,0.8699731,0.0789,-0.13750923,0.0841,0.11649642,-0.04645,1.1800264,0.5835,1.4635143,0.644,1.2348726,0.654,1.3833714,0.641,1.7889742,0.606,1.1509445,0.6387,0.6851774,-0.8496,-1.1486679,-0.582,1.10051,0.434,0.2397849,0.232,-0.4906023,0.0867
2,XZY,patch_x18704_y10864,external_test,external_test,D:\AIPatho\Patch\visiumhd_patch\2\XZY\patch_images\patch_x18704_y10864.png,-1.5110366,-0.809,0.7061087,0.506,1.2231202,0.741,-0.34888837,0.7104,0.49273372,0.4514,1.5665505,-0.314,0.7497311,0.03677,0.2992999,-0.8213,0.6186341,0.3418,-1.0999396,-0.2893,0.49982598,0.536,1.621902,0.4417,1.9373889,0.463,1.6403688,-0.1116,-0.28221267,0.305,0.8370522,0.3835,0.13747379,0.286,1.212222,0.8403,1.6239597,0.839,0.76610404,0.6665,1.801864,0.3484,1.3842927,0.2532,1.2946045,0.334,0.98505414,0.6216,0.7591361,0.417,0.6926973,-0.2793,0.1625888,0.02327,0.31076896,0.3828,0.5145163,0.1016,1.4449656,0.9375
2,XZY,patch_x18704_y11088,external_test,external_test,D:\AIPatho\Patch\visiumhd_patch\2\XZY\patch_images\patch_x18704_y11088.png,-0.91901547,0.2034,1.3219467,-0.07654,1.1442497,0.9263,0.42920387,0.0354,0.4940919,-0.0984,-1.1613014,-0.04025,1.4197178,-0.3425,-0.50896364,-0.142,1.1179076,-0.3467,-0.5315988,-0.02986,0.86501616,-0.065,1.0564512,-0.1907,1.5582237,-0.07715,2.3816726,0.2842,0.59974504,0.809,1.0081098,-0.4048,1.942368,-0.1975,1.0785652,1.008,1.6632715,0.91,1.3993322,-0.3083,1.4328532,-0.32,1.1946076,-0.1926,0.8815797,-0.03183,0.99200016,-0.1774,-1.0727391,-0.365,1.1573628,-0.4373,1.9938347,0.823,-0.7968073,-0.416,-0.5718971,-0.4727,1.6995165,0.9326
2,XZY,patch_x18704_y11536,external_test,external_test,D:\AIPatho\Patch\visiumhd_patch\2\XZY\patch_images\patch_x18704_y11536.png,-1.0922462,-0.1561,1.1289734,-0.02272,-0.087196805,0.1943,-0.35032284,0.725,0.49092278,0.1771,3.425708,-0.1731,1.0049279,-0.1572,-0.52479106,-0.4692,1.0024352,0.2896,-0.6258837,0.345,0.8309496,0.2031,0.8651492,-0.1877,0.45507252,-0.1876,1.4089972,-0.7607,-0.3242488,0.82,0.8193658,-0.2507,0.8817987,0.3564,-0.25140914,0.1687,0.23991069,-0.05167,0.5230006,0.02568,0.7989084,-0.2686,0.04848706,-0.288,0.607152,-0.234,0.6502596,0.1968,0.91859174,-0.0768,1.0298111,-0.5063,-0.950528,-0.3486,0.4107065,-0.03134,0.71811825,0.1422,0.08337108,0.0625
2,XZY,patch_x18704_y11760,external_test,external_test,D:\AIPatho\Patch\visiumhd_patch\2\XZY\patch_images\patch_x18704_y11760.png,-1.9983603,-1.236,1.0530432,0.7764,-0.66806626,0.4526,0.25357163,0.8037,0.49001732,0.2456,2.1647055,-0.4934,0.01894311,-0.04645,-1.9073439,-0.76,1.1559799,0.8223,-0.33039522,-0.01572,1.3918439,0.7573,2.0111516,0.921,1.6089871,0.8657,1.807614,0.0744,-0.32676116,0.1571,1.077719,0.775,1.3519524,0.8022,-0.3352128,0.4773,-0.45409322,0.4111,1.4915718,0.952,1.4901394,0.676,2.0049438,0.772,1.6916214,0.76,1.4156116,0.919,1.3714209,0.7793,1.1841507,-0.763,-0.7081277,-0.422,1.0043786,0.671,0.6068466,0.4873,-0.38581875,0.4934
2,XZY,patch_x18704_y11984,external_test,external_test,D:\AIPatho\Patch\visiumhd_patch\2\XZY\patch_images\patch_x18704_y11984.png,-1.0934061,-0.2886,-0.7795245,-0.2024,-0.38997358,-0.00572,0.6584013,0.658,0.49092278,0.32,-0.38217846,-0.7603,0.015656367,-0.1567,-1.1898745,-0.7017,1.2683918,0.335,-1.5034915,-0.148,1.5716437,0.188,-0.018580167,-0.3408,1.7394944,0.1444,0.20814502,-0.942,-0.22023274,0.517,0.7232601,0.1262,1.4415275,-0.2452,0.14205478,-0.05286,-0.71222574,-0.2603,0.7298537,0.3682,1.5258584,0.2979,1.5107772,0.2225,1.923813,0.2917,1.1487062,0.0861,0.21818659,0.1654,0.095224276,-0.2595,-0.36460403,-0.5137,0.37606853,0.00859,-0.36398914,-0.05896,-0.12466805,-0.1508
2,XZY,patch_x18704_y4592,external_test,external_test,D:\AIPatho\Patch\visiumhd_patch\2\XZY\patch_images\patch_x18704_y4592.png,0.33819923,-0.5654,0.045907147,0.3088,-1.1775082,0.4446,0.029158996,0.84,-2.5179214,0.2374,-0.24870208,-0.405,-1.0178155,-0.287,-0.06368951,-0.2917,0.68465924,0.607,0.04095174,-0.5166,-0.7402243,0.489,-1.614463,0.0751,-0.93994325,0.821,-0.20609646,-0.658,-0.6062985,-0.001344,-0.45694646,0.2472,-0.7093136,0.3796,-0.5422534,0.4565,0.19289061,0.2903,-0.18548751,0.563,-0.08367826,0.5093,-0.7047443,0.3525,-0.8954148,0.4348,-1.6749024,0.8975,-0.85910356,0.3086,-0.7368871,-0.8335,0.2645878,-0.521,-1.3931575,0.2883,0.0030159198,-0.07074,-0.48699376,0.5474
2,XZY,patch_x18704_y4816,external_test,external_test,D:\AIPatho\Patch\visiumhd_patch\2\XZY\patch_images\patch_x18704_y4816.png,0.92799675,1.197,0.6819086,0.3096,0.22840649,0.4604,-1.7990481,-0.7285,0.47100267,-0.05676,1.0598532,0.823,-0.43260643,0.6133,0.8284787,0.898,-0.67764074,-0.6665,0.48205963,0.644,0.074059635,0.1509,-1.089641,0.08453,-0.23618127,0.02151,0.37507623,0.9995,1.4969779,0.1681,-0.90626436,-0.2412,0.45425078,0.2974,0.6028464,0.643,0.94184464,0.7583,-0.57916385,-0.4297,-0.55172855,-0.2546,0.3613112,-0.2001,-0.73089314,-0.23,-0.753551,0.2534,-1.0512637,-0.3289,-1.1144766,-0.1375,1.8170905,1.118,-0.6750878,0.4175,-0.5000295,0.392,0.7716959,0.7573
2,XZY,patch_x18704_y5040,external_test,external_test,D:\AIPatho\Patch\visiumhd_patch\2\XZY\patch_images\patch_x18704_y5040.png,2.9873815,1.503,1.1807859,0.6953,0.20303719,0.8267,-0.54166937,-0.6763,0.48594275,0.1506,1.7376208,1.479,0.8344723,1.218,-0.635909,0.9976,-0.08782609,-0.731,0.75810444,1.467,0.6841313,0.569,0.048931338,0.6245,0.40441608,0.3,0.60673535,1.311,-0.43880716,0.589,-0.13404372,-0.3337,0.09483908,1.079,1.0719707,1.274,1.0463723,1.28,0.35333854,-0.485,0.2036409,-0.4124,-0.32717177,-0.2883,-0.049603444,-0.3918,-0.4181119,0.838,0.08119126,-0.2233,0.11594796,-0.4019,2.4514737,1.472,0.09878409,0.775,0.035136998,0.9004,0.51881534,1.228
2,XZY,patch_x18704_y5264,external_test,external_test,D:\AIPatho\Patch\visiumhd_patch\2\XZY\patch_images\patch_x18704_y5264.png,4.383913,0.7983,1.1044596,0.4194,0.24107684,0.3933,-1.5012249,-0.433,0.3736657,0.5454,1.8701315,1.22,-0.35904834,1.974,-0.82392526,0.8193,-0.044722024,-0.704,0.039343845,1.264,-0.5430124,0.4783,-0.021222105,0.4446,1.0958834,0.556,-0.4255881,1.125,-1.4686216,0.2603,0.1320871,-0.131,0.36839247,1.035,-0.43234184,0.6445,0.586818,0.491,-0.64088947,-0.422,-0.27991888,0.02887,-0.79090315,-0.04117,-1.4965783,-0.1523,0.7439517,1.072,-0.5144934,-0.03284,0.885509,-0.02933,-0.9924367,0.6455,0.98352426,0.72,0.024622342,0.836,0.50328183,0.5854
2,XZY,patch_x18704_y5488,external_test,external_test,D:\AIPatho\Patch\visiumhd_patch\2\XZY\patch_images\patch_x18704_y5488.png,1.8338512,0.956,-0.98401153,0.8203,0.6819572,1.596,0.728343,-0.6914,-2.6315567,0.04315,4.1370254,1.525,-1.0508943,1.294,2.3213794,0.897,0.40851405,-0.7627,-0.14819558,1.401,-0.16113229,0.2537,-0.7818246,0.297,0.73833805,0.3499,-0.9930965,1.065,-0.06280761,0.815,-1.3292389,-0.2299,0.7339977,0.746,1.2262763,1.656,0.63783747,1.711,-0.3826851,-0.4316,-0.582753,-0.1635,-0.77783984,0.1295,-0.98098207,-0.001317,0.26766288,0.6177,-0.454623,-0.1273,-0.9826893,-0.2979,0.02518474,0.931,-0.7805009,0.53,-0.99691933,0.755,0.19618857,1.622
2,XZY,patch_x18704_y5712,external_test,external_test,D:\AIPatho\Patch\visiumhd_patch\2\XZY\patch_images\patch_x18704_y5712.png,2.1515517,0.73,-1.2485001,0.81,-0.18296115,0.7466,0.105359785,-0.6504,0.3333727,0.3694,-0.15615618,1.48,-0.96739316,0.313,0.02879744,0.6396,-1.0353955,-0.4995,-0.76602334,1.109,-1.2840103,0.5327,-1.2624637,0.637,-0.4705747,0.5396,0.004753866,1.409,-0.40515962,0.328,-0.94932574,0.1248,-0.5233817,1.363,-0.33169845,1.036,0.024056876,1.125,-0.68921804,0.0883,-0.9701972,0.166,-0.78588015,0.1853,-0.79175806,0.2349,0.29728875,1.044,-0.8809514,0.2257,-0.8397456,-0.477,-0.7860758,0.9424,-0.011968699,0.8486,-1.3979548,0.8984,0.5379984,1.075
2,XZY,patch_x18704_y5936,external_test,external_test,D:\AIPatho\Patch\visiumhd_patch\2\XZY\patch_images\patch_x18704_y5936.png,1.2333949,0.4976,-1.1403114,1.213,1.5495403,1.315,0.6496062,0.3591,0.4850373,0.7534,2.3619704,0.9287,2.0023735,-0.4512,2.0630069,0.05023,0.14966191,0.4856,-0.5871242,1.326,1.0241065,0.882,0.11834218,1.031,-0.4132609,0.1747,0.9981778,1.324,1.7294635,0.6177,-0.9929079,0.1506,1.8718859,1.3955,1.2361548,1.645,0.79269594,1.574,0.6599724,0.2659,-1.1814339,-0.2507,-0.32841375,-0.4292,0.07720398,-0.4111,0.1395414,1.445,-0.5480483,-0.002176,0.16385324,-1.064,0.89827734,1.473,-1.4371052,0.4878,-0.28423762,1.194,1.3994163,1.4
2,XZY,patch_x18704_y6160,external_test,external_test,D:\AIPatho\Patch\visiumhd_patch\2\XZY\patch_images\patch_x18704_y6160.png,-0.6931694,-0.6772,1.6325183,1.253,1.0807755,1.877,0.7693545,0.2822,0.49318644,0.7676,1.0180167,0.07916,1.3610957,-0.0878,-0.7267625,-0.5737,1.1152191,0.4353,0.7284458,1.351,1.2123418,1.086,1.3795669,1.101,1.5187266,0.4414,2.4116044,1.669,0.4577417,1.179,0.521208,0.4688,1.2781056,1.011,2.1173534,2.162,1.8357738,2.195,1.2293816,0.6445,0.796092,0.0097,1.8534927,0.1497,1.8504094,0.314,1.9854505,1.297,0.8017298,0.4546,1.1882801,-0.6094,0.45981583,1.509,0.5378529,0.4375,0.035336524,1.088,1.5470852,1.995
2,XZY,patch_x18704_y6384,external_test,external_test,D:\AIPatho\Patch\visiumhd_patch\2\XZY\patch_images\patch_x18704_y6384.png,-1.5792063,-1.457,1.1787614,0.841,0.7697039,0.7686,0.51638293,0.4377,0.48413184,0.566,-0.2483361,-0.656,1.1075814,0.1146,-1.9223816,-1.547,0.8746411,0.762,0.43092754,-0.4602,1.1902694,0.7944,1.5643278,1.1875,2.3229423,1.179,1.3841895,0.2467,-0.25875998,-0.682,1.0925922,1.252,0.28707948,0.649,1.2333376,0.782,1.488304,0.9688,1.4393666,1.156,1.7387381,1.24,2.2495642,1.534,2.0768464,1.457,1.5831232,1.13,1.4112378,1.095,0.971649,-0.01848,-0.38558,0.1442,0.85068816,0.8467,0.5791259,0.3596,1.497685,1.164
2,XZY,patch_x18704_y6608,external_test,external_test,D:\AIPatho\Patch\visiumhd_patch\2\XZY\patch_images\patch_x18704_y6608.png,-0.41829905,-1.249,1.0720301,1.053,0.97332805,1.38,0.14428465,0.851,0.49137554,0.731,1.0482967,-0.242,1.7922423,0.053,-0.6012142,-1.277,0.98038703,0.956,-0.0406531,0.6133,1.6774292,1.087,2.0511262,1.373,0.7933362,1.063,2.3537264,0.604,0.43382934,0.51,1.2059084,0.95,1.7191279,1.128,1.4060413,1.499,1.7323811,1.499,1.273876,1.216,1.4674082,0.757,2.4552221,0.8735,2.3121376,0.9126,1.9809253,1.251,1.0245702,0.996,1.188003,-0.3477,-0.06437379,0.6255,1.1297499,0.4539,-0.20473656,0.923,1.7045141,1.54
2,XZY,patch_x18704_y6832,external_test,external_test,D:\AIPatho\Patch\visiumhd_patch\2\XZY\patch_images\patch_x18704_y6832.png,0.4026152,-1.198,0.9994519,0.6045,0.2624521,-0.2318,0.5455711,0.535,0.49001732,0.5,1.9917095,-0.3418,2.1038115,0.04614,-0.6309372,-0.8657,1.3202409,0.9795,0.91365606,-0.4556,1.3296483,0.5005,2.1388364,0.7383,2.6720433,0.6377,1.9413569,0.2051,0.14819218,-1.045,1.2973025,1.311,2.267657,0.6094,0.21910073,-0.524,-0.09800076,-0.2542,1.417159,1.101,1.8741523,0.9043,2.593747,1.031,2.3673515,0.922,1.4039007,0.776,1.4846946,1.018,1.1734023,-0.006565,-0.7088418,-0.6265,1.1502488,0.9097,1.7778555,0.412,0.3551467,-0.03796
2,XZY,patch_x18704_y7056,external_test,external_test,D:\AIPatho\Patch\visiumhd_patch\2\XZY\patch_images\patch_x18704_y7056.png,-1.4462174,-1.419,1.3929144,0.719,0.57632655,0.9526,0.09237296,0.2114,0.49273372,0.6196,-0.2387049,-0.319,1.2369462,0.1842,0.76067346,-0.9663,1.4737902,0.605,0.8514169,-0.04196,1.562724,0.774,1.4084127,1.045,2.143115,1.37,2.307395,0.3955,-0.20395486,-0.776,1.0943012,1.227,1.9278831,0.6655,1.0094181,0.952,1.2854995,1.045,1.0901711,1.198,1.2745134,1.577,2.5126655,1.493,2.2837012,1.508,1.53862,0.935,1.3019826,1.17,1.1370088,-0.05322,-0.5512882,0.324,0.7805986,0.9854,2.0027218,0.5205,1.3613861,1.2295
2,XZY,patch_x18704_y7280,external_test,external_test,D:\AIPatho\Patch\visiumhd_patch\2\XZY\patch_images\patch_x18704_y7280.png,-0.25379124,-0.673,0.9720239,0.9937,1.3291546,1.632,0.122168094,0.4604,0.49545008,0.5386,1.8269819,0.1039,0.9855583,0.3254,-1.8371093,-0.9067,1.2368329,0.4832,-0.39315692,0.5215,1.0261148,0.7617,1.2977108,1.033,1.7738807,0.5996,2.195892,1.541,-0.4365187,0.4565,1.3296287,0.9043,2.2859714,0.994,1.5995758,1.8,1.8049446,1.877,1.2076632,1.033,1.2139328,0.836,1.7514483,0.739,1.2671456,0.713,1.3310162,0.909,1.473087,0.9385,1.1522068,-0.12396,-0.19643143,0.92,0.93298316,0.5376,0.6533959,0.6987,1.6999404,1.864
2,XZY,patch_x18704_y7504,external_test,external_test,D:\AIPatho\Patch\visiumhd_patch\2\XZY\patch_images\patch_x18704_y7504.png,-1.606122,-1.624,1.3526539,1.178,0.7301195,1.138,0.5405958,0.3665,0.49092278,0.435,0.8773091,-0.2135,0.8288022,0.4888,-1.406056,-0.7085,1.6124947,0.7217,-0.7558446,0.04163,1.3413732,0.8984,1.9573784,1.213,2.1257904,1.317,1.679815,0.71,-0.95197666,-0.764,1.2792995,1.332,1.4615718,1.004,1.0279274,0.937,1.4301311,1.13,1.4886125,1.377,1.837419,1.477,2.8126624,1.52,2.6561418,1.502,1.2524596,1.103,1.1530082,1.286,0.9999509,-0.1719,0.71368325,-0.09454,0.92339355,1.3,0.5057573,0.7725,1.2995526,1.275
2,XZY,patch_x18704_y7728,external_test,external_test,D:\AIPatho\Patch\visiumhd_patch\2\XZY\patch_images\patch_x18704_y7728.png,-1.9737937,-1.14,0.95188195,1.017,0.8008409,1.102,0.01403065,0.5854,0.49454463,0.6167,1.1577948,0.323,0.57708913,0.4744,-1.8861344,-0.222,1.3569705,0.611,-0.72677636,0.4844,0.9035072,0.9214,1.2984099,1.219,2.1684806,0.664,2.265284,0.9727,-0.09072163,0.0853,1.33405,0.9766,1.6382493,1.044,1.5627395,1.27,1.468008,1.368,1.3390538,1.061,1.975942,0.791,1.5594988,0.9663,1.4660575,0.9297,1.1549773,0.9575,1.1805968,1.066,0.9134575,0.0004,-0.15851077,0.7393,0.79908067,1.082,0.3318964,0.7793,1.3035353,1.352
2,XZY,patch_x18704_y7952,external_test,external_test,D:\AIPatho\Patch\visiumhd_patch\2\XZY\patch_images\patch_x18704_y7952.png,-2.0498128,-1.8545,1.2217714,1.081,0.75967276,0.949,0.11756452,0.6167,0.49182826,0.604,-0.49802175,-0.8677,1.0086607,0.2229,-0.47411674,-1.353,0.9509143,0.98,-1.2212658,-0.2278,0.8238033,1.02,1.75621,1.478,2.4638283,1.622,2.343714,0.5513,0.33534706,-1.079,1.1236445,1.53,1.3011949,1.16,1.1309084,0.8574,1.3411808,1.145,1.6075385,1.39,2.0001853,1.611,2.3329582,1.787,2.194933,1.784,1.493213,1.342,1.2675412,1.456,0.98468524,-0.077,0.3399598,0.0972,1.2195233,1.336,0.7732953,0.682,1.2539502,1.327
2,XZY,patch_x18704_y8176,external_test,external_test,D:\AIPatho\Patch\visiumhd_patch\2\XZY\patch_images\patch_x18704_y8176.png,-2.1107547,-0.8955,0.65156764,0.9204,0.7146296,0.8306,-0.06351248,0.534,0.49137554,0.5195,0.50075644,0.1597,1.2336777,0.59,0.016570378,-0.05624,0.47408307,0.688,-0.64558244,0.3164,1.3479054,0.8555,1.7407526,1.039,1.3516723,0.7275,2.322951,1.123,-1.2142935,0.07495,1.1982125,0.928,1.4306564,0.8184,1.2048062,0.889,1.4281399,1.061,1.1751263,0.8955,1.7250248,0.561,1.7377495,0.773,1.7279677,0.7007,1.3448257,0.9644,1.2295473,0.8413,0.9308436,0.076,0.95846844,0.2407,0.7211533,0.854,0.839001,0.779,1.5035034,1.131
2,XZY,patch_x18704_y8848,external_test,external_test,D:\AIPatho\Patch\visiumhd_patch\2\XZY\patch_images\patch_x18704_y8848.png,-1.2840337,-0.8647,0.49851874,0.9385,0.2327542,0.3967,0.76698434,1.066,0.48684824,0.2185,-1.424101,-0.9224,-0.51454145,-0.1321,0.050050553,-1.264,1.6274006,0.7046,-1.3805085,0.2218,1.2438473,0.7124,2.2759898,0.6543,0.8441398,0.7393,0.9106885,-0.569,-0.7831338,0.532,0.64213395,0.4333,1.0037742,0.3247,0.4598466,0.77,-0.11593724,0.619,1.0247782,0.5693,1.6252885,0.4226,1.5767229,0.5845,1.2346954,0.5513,1.1774447,0.8394,1.2145895,0.798,0.54593337,-0.4973,-0.5715517,-0.1448,0.0646803,0.6733,-0.2971747,0.701,0.18287122,0.6646
2,XZY,patch_x18704_y9072,external_test,external_test,D:\AIPatho\Patch\visiumhd_patch\2\XZY\patch_images\patch_x18704_y9072.png,-1.6332365,-0.7363,1.3514806,0.632,0.08021018,0.501,0.91855663,0.703,0.49092278,0.437,0.5816626,-0.478,0.36082473,-0.1505,-0.8531038,-0.8345,1.5867416,0.3894,-1.2530038,-0.383,0.77917385,0.4873,0.8738982,0.8413,1.6280895,0.46,1.6206689,-0.61,-0.88741237,0.1595,0.85667104,0.412,1.0219705,0.2214,0.53458756,0.6,0.26921654,0.5605,1.2148523,0.5596,2.0817044,0.2688,1.7440914,0.3389,1.7629987,0.385,1.036615,0.548,0.1726127,0.468,0.8405493,-0.6504,-0.68866146,-0.1233,0.40812084,0.553,0.70725745,0.05713,0.088238195,0.698
2,XZY,patch_x18704_y9296,external_test,external_test,D:\AIPatho\Patch\visiumhd_patch\2\XZY\patch_images\patch_x18704_y9296.png,0.026898256,-1.026,1.303579,0.6123,0.20486397,0.1251,0.43714482,0.784,0.49273372,0.25,2.5151987,-0.4404,1.598204,-0.0786,2.0069206,-0.853,0.99597067,0.5435,-0.9743642,-0.3108,1.351483,0.346,1.6994604,0.577,0.69423914,0.808,2.2609003,-0.5103,-0.20851846,-0.1082,0.9578003,0.398,1.0924087,0.3599,0.7008701,0.2007,0.52744097,0.1814,1.2103128,0.542,1.2909739,0.624,2.2705953,0.624,2.2479224,0.5557,1.4314063,0.658,1.3219899,0.601,1.5693606,-0.4966,-0.7305176,-0.641,1.4799653,0.646,0.6839006,0.1863,0.23966642,0.3374
2,XZY,patch_x18704_y9520,external_test,external_test,D:\AIPatho\Patch\visiumhd_patch\2\XZY\patch_images\patch_x18704_y9520.png,-0.92262036,-1.213,1.4047445,0.7437,0.89996994,0.627,0.39765698,0.9873,0.49273372,0.1981,1.3899804,-0.8877,1.1721607,-0.4783,-0.12765203,-1.266,1.5462058,0.767,-1.1836911,0.084,1.1018816,0.7246,2.2189214,1.14,1.7738788,0.2578,1.7397588,-0.05255,-0.1171297,0.4104,0.84068483,0.4866,1.6151376,0.438,0.7687256,0.8115,1.2086384,0.8325,1.2026829,0.6724,1.3007667,0.1008,1.8704778,0.172,1.737304,0.2313,1.1723323,0.7144,1.4053708,0.5444,1.1475235,-0.7373,-0.271194,0.593,1.0921327,0.405,0.7890167,0.3372,1.1786364,0.7847
2,XZY,patch_x18704_y9744,external_test,external_test,D:\AIPatho\Patch\visiumhd_patch\2\XZY\patch_images\patch_x18704_y9744.png,-0.8876064,-0.9517,0.9831747,0.884,0.89362794,1.174,0.31959444,0.3816,0.49137554,0.6245,0.32088205,-0.3633,1.0904465,0.2754,-1.6610886,-0.893,1.1063542,0.3162,-0.79036564,0.0641,1.1128465,0.594,1.410987,1.059,1.2289131,0.6694,1.4173914,0.9907,0.8552121,0.4578,1.0751817,0.7695,1.7555937,0.8926,1.3757722,1.355,1.4766452,1.545,1.5498449,1.056,1.2822238,0.759,1.5541525,0.738,1.2716311,0.823,0.7251512,0.9175,1.0134922,0.6714,0.87379175,-0.1261,-0.73666173,1.438,0.43275744,0.3367,0.3479461,0.2913,1.3602927,1.52
2,XZY,patch_x18704_y9968,external_test,external_test,D:\AIPatho\Patch\visiumhd_patch\2\XZY\patch_images\patch_x18704_y9968.png,-1.5892699,-0.789,0.92046136,0.666,0.8822296,0.5894,0.40635306,0.538,0.4895646,0.2646,-0.867513,-0.631,0.54271597,-0.2411,-0.9109597,-1.2,1.3685904,0.4312,-1.0270208,-0.1893,1.1643678,0.5625,2.2681293,1.076,1.7935566,0.872,1.332885,-0.3606,-0.24816425,0.0756,1.2023466,0.7227,1.1537365,0.679,0.9428346,0.849,1.2736077,0.795,1.0247247,1.026,1.5660752,1.143,2.1609416,1.089,2.1778374,1.257,0.8951906,0.79,1.2595501,0.661,1.2080704,-0.6333,-0.8531401,0.06287,0.93581104,0.5825,0.86414725,0.3198,0.9471706,0.863
2,XZY,patch_x18928_y10192,external_test,external_test,D:\AIPatho\Patch\visiumhd_patch\2\XZY\patch_images\patch_x18928_y10192.png,-1.7858019,-1.055,1.6441153,0.5864,0.270832,0.05853,0.65388066,1.224,0.492281,0.3755,0.92120796,-0.3882,0.41141728,0.442,-0.75724983,-0.7383,1.6282904,0.9473,-0.6318616,0.1401,1.07788,0.9707,1.7087201,1.357,2.3335981,0.608,0.77098686,-0.518,-0.8325017,0.1003,0.9802918,0.595,0.8319536,0.6543,-0.038387675,0.4192,0.31805524,0.228,1.213481,0.8613,2.1807582,0.5107,1.922183,0.2462,2.101202,0.2842,1.3470614,1.127,0.68710536,0.8867,0.7407801,-0.267,-1.5439311,-0.5815,0.9943827,1.04,0.3060447,0.7773,0.076261245,0.3372
2,XZY,patch_x18928_y10416,external_test,external_test,D:\AIPatho\Patch\visiumhd_patch\2\XZY\patch_images\patch_x18928_y10416.png,-1.6597009,-1.105,0.95612943,0.963,-0.13961485,0.397,0.43203273,0.8096,0.49363917,0.4155,0.18891111,-0.495,0.6476207,0.093,-1.1916113,-0.8306,0.8821776,0.7827,-0.73332286,-0.00797,1.2112488,0.76,2.0391045,0.9263,1.6121883,0.4854,1.6174948,-0.03702,0.1505007,-0.0187,1.1381586,0.665,1.1634876,0.3442,0.0016618271,0.4807,-0.13742206,0.591,1.172654,0.821,1.2513034,0.3472,2.1560152,0.539,2.163576,0.4946,1.6127416,0.744,0.7781016,0.911,0.3245198,-0.4915,-1.3428874,0.0639,0.82464164,0.6494,0.26765823,0.53,0.029384343,0.5703
2,XZY,patch_x18928_y10640,external_test,external_test,D:\AIPatho\Patch\visiumhd_patch\2\XZY\patch_images\patch_x18928_y10640.png,-1.0439366,-0.7847,1.4728096,0.778,-0.43766043,0.2102,0.6290276,0.808,0.49499735,0.1721,-0.8673153,-0.4954,-0.19019231,-0.295,1.9843739,-0.6963,1.287195,0.7554,-0.8649701,0.0732,1.4706795,0.595,1.6468451,0.744,1.9461168,0.6035,0.9908403,-0.4004,-0.5473167,0.1128,1.1250501,0.4802,1.1330553,0.3408,0.12881164,0.3293,0.07233385,0.2678,1.397535,0.728,1.5811522,0.3708,1.3472615,0.507,1.5016441,0.5376,0.83095115,0.7104,1.6701134,0.657,0.5531124,-0.7456,-0.8813828,-0.06555,0.5905202,0.4739,0.39428523,0.6016,0.045073975,0.3335
2,XZY,patch_x18928_y10864,external_test,external_test,D:\AIPatho\Patch\visiumhd_patch\2\XZY\patch_images\patch_x18928_y10864.png,-1.616156,-0.6646,0.9591811,0.4453,-0.5606671,0.2365,0.44413453,0.991,0.492281,0.1561,0.33466443,-0.6045,0.732057,-0.1984,-0.8238434,-0.7812,1.6453152,0.6025,-1.2889796,0.00566,1.2534262,0.5605,1.2303145,0.515,1.7738605,0.3428,1.0340481,-0.7334,0.934696,0.5625,0.8952859,0.1648,0.9945609,0.188,0.2707006,0.5093,0.25297773,0.3274,0.7137676,0.515,1.5108373,0.2161,1.946597,0.10956,2.1345818,0.1685,1.2664433,0.5,1.0402242,0.4639,0.88173014,-0.6494,-1.4449621,-0.2776,0.46742862,0.3835,-0.57338035,0.3337,0.29771438,0.3625
2,XZY,patch_x18928_y11088,external_test,external_test,D:\AIPatho\Patch\visiumhd_patch\2\XZY\patch_images\patch_x18928_y11088.png,-1.8198577,-0.9185,1.58831,0.5854,0.16201356,-0.05566,0.45540622,0.813,0.49182826,0.2009,2.2567604,-0.559,1.0328292,-0.004692,0.44886988,-0.872,1.1356554,0.743,-1.3162401,-0.4626,1.3478906,0.5474,2.010023,0.6475,2.220567,0.7114,1.2560933,-0.2126,-1.2353618,-0.0855,0.9175831,0.6113,1.270118,0.1714,0.09287771,0.01584,0.13787217,0.001643,1.3985978,0.791,2.204192,0.7056,2.1140614,0.682,1.5441123,0.722,1.270107,0.7046,0.8813193,0.664,1.0168802,-0.578,-0.6614779,-0.672,1.1746274,0.659,0.672092,0.2832,0.027270412,0.05884
2,XZY,patch_x18928_y11760,external_test,external_test,D:\AIPatho\Patch\visiumhd_patch\2\XZY\patch_images\patch_x18928_y11760.png,-1.1946243,-0.8066,0.61590093,0.0613,-0.7977701,-0.3972,0.15555228,0.91,0.48911187,0.33,-0.13556245,-1.008,0.22034305,-0.04584,-1.2688015,-1.066,0.14454564,0.5835,-1.3867751,-0.654,0.98596966,0.6323,1.1031293,0.3354,1.6418782,0.634,-0.061646484,-1.187,-0.44969365,-0.0774,0.8032728,0.4326,1.1615688,-0.2095,-0.19312806,-0.3608,-0.5208244,-0.5728,0.99772245,0.6357,1.2683831,0.537,2.3586063,0.348,2.3436592,0.396,0.7732893,0.6895,1.8816032,0.5103,0.18170953,-0.4468,-0.6891212,-0.9253,1.0858835,0.795,-0.7227481,0.1493,-0.29356658,-0.2744
2,XZY,patch_x18928_y4816,external_test,external_test,D:\AIPatho\Patch\visiumhd_patch\2\XZY\patch_images\patch_x18928_y4816.png,4.109418,0.8965,0.17050286,-0.0432,0.891085,0.1547,0.7790721,-0.566,0.11244043,0.08264,1.320145,0.8545,-0.16536567,0.6636,1.1877764,0.6445,-0.538504,-0.6304,0.43575132,0.3481,0.8107698,-0.2141,0.44876602,-0.558,-1.1338935,-0.0647,0.38037768,0.333,0.61277175,0.2827,-0.87878585,-0.439,0.3182271,0.03946,0.82601696,0.1962,0.57863337,0.11127,-0.81220335,-0.612,-0.6650218,-0.2698,0.6492208,-0.2194,1.2784204,-0.2228,-1.8099388,-0.1439,-0.47906992,-0.539,-0.31287518,-0.256,0.85314864,0.014755,0.22019728,-0.1,-0.8134437,-0.003527,0.67540944,0.123
2,XZY,patch_x18928_y5040,external_test,external_test,D:\AIPatho\Patch\visiumhd_patch\2\XZY\patch_images\patch_x18928_y5040.png,5.239626,-0.0735,1.7634956,0.6436,-0.8212713,0.679,-0.3281525,-0.2191,0.46194807,0.2343,1.0141875,1.07,0.9374148,1.313,1.8136355,0.6543,-0.1501762,-0.5806,0.020014962,0.4744,1.0200672,0.4949,0.03535719,0.488,-0.6661298,1.106,0.102152936,0.847,-0.0450161,-0.3613,-1.2147605,0.4043,0.024702149,0.4565,0.385679,0.736,1.2479035,0.8403,0.7253215,0.33,-0.076908745,0.654,-0.86386955,0.844,-0.68855536,0.674,-0.43980473,1.114,-0.039689537,0.3347,-0.9491173,0.0674,2.166732,1.217,1.1262044,0.7134,1.2103572,0.7,1.1275748,0.9346
2,XZY,patch_x18928_y5264,external_test,external_test,D:\AIPatho\Patch\visiumhd_patch\2\XZY\patch_images\patch_x18928_y5264.png,5.325845,0.806,0.89102155,0.5063,0.9072361,0.49,0.91622156,-0.5503,0.47688815,-0.08765,1.1472567,1.069,-1.2804935,0.9683,1.673422,1.049,-1.1894177,-0.8037,-0.07990097,1.008,0.77323294,0.3367,0.3943188,0.2267,1.9243199,0.521,0.13386399,0.6855,0.77927315,0.426,-0.41398585,-0.2137,-1.9274975,0.7124,0.03610777,0.7026,0.5569078,0.6577,-0.47440755,-0.4207,-0.0121835815,-0.0719,-0.89562553,-0.11053,-1.217991,-0.1736,-0.5283322,0.5146,-0.10111133,-0.2888,-1.2508806,-0.6045,-0.42179838,0.5483,-0.29157332,0.6465,0.02936589,0.737,0.4222147,0.569
2,XZY,patch_x18928_y5488,external_test,external_test,D:\AIPatho\Patch\visiumhd_patch\2\XZY\patch_images\patch_x18928_y5488.png,1.6394516,0.7666,-0.23988001,1.092,0.9612239,1.301,-0.028911931,-0.2527,0.49318644,0.5137,-0.17341237,1.279,-0.9750886,0.3855,0.0077618742,0.595,-0.24541485,-0.271,-0.20873316,1.33,-1.2724552,0.7773,0.58525527,0.95,-0.48612237,0.7505,-0.35396004,1.486,0.3119988,0.4834,-0.7527187,0.09875,-1.5153004,1.319,-0.051433954,1.539,0.4705636,1.46,-0.7981099,0.002352,-0.8733807,0.2339,-0.80832964,-0.000757,-0.81790465,-0.126,-0.40949875,1.346,-1.466296,0.00956,-0.6354047,-0.644,-0.19206345,1.252,-0.59570813,0.6963,-0.6168315,1.153,0.10113703,1.426
2,XZY,patch_x18928_y5712,external_test,external_test,D:\AIPatho\Patch\visiumhd_patch\2\XZY\patch_images\patch_x18928_y5712.png,1.4888208,0.649,-0.7692608,0.5176,1.3789326,0.9087,0.08286428,-0.2223,0.29217428,0.3477,1.1644092,0.772,1.375826,0.3054,0.44028723,0.4238,-1.0559801,-0.3916,-0.18771812,0.948,-1.2562929,0.4712,-0.33275226,0.2019,0.76820576,-0.010994,0.015927708,1.145,-0.15357511,0.892,-0.93795884,-0.05148,-0.85868526,0.539,0.31980467,1.131,0.7127505,1.169,-0.35471544,0.0663,-0.090725414,0.00139,-0.79886496,-0.2168,-0.80442464,-0.1611,-0.8113525,0.6094,-1.4542634,-0.1401,-0.83050734,-0.4387,-0.80175817,1.086,0.5019686,0.345,0.045086596,0.5474,0.63059646,1.15
2,XZY,patch_x18928_y5936,external_test,external_test,D:\AIPatho\Patch\visiumhd_patch\2\XZY\patch_images\patch_x18928_y5936.png,-0.24517621,-0.4236,-0.20166829,0.785,1.4855934,1.317,0.5031603,0.8003,0.45696804,0.4497,3.0782156,0.08527,2.2466419,-0.334,1.4018828,-0.2267,0.8520447,0.8267,0.5390684,0.948,-0.019416407,0.814,0.1153671,0.9834,-0.89665556,0.6587,2.6664586,1.123,1.1802937,0.869,-0.14954436,0.4211,0.3135324,1.204,1.3716875,1.507,1.5882764,1.57,0.41922927,0.758,-0.203202,0.4385,-0.8443943,0.3083,-1.1378083,0.466,-1.1752937,1.217,-0.56769955,0.5254,0.9164958,-0.7197,-0.51785827,0.861,-0.33458546,0.5376,0.14890318,0.884,1.442312,1.439
2,XZY,patch_x18928_y6160,external_test,external_test,D:\AIPatho\Patch\visiumhd_patch\2\XZY\patch_images\patch_x18928_y6160.png,-0.4308087,-0.6777,0.8332101,0.5083,0.96285117,0.801,0.27131104,0.9404,0.48594275,0.4746,1.0343597,0.299,0.8479198,0.2566,-0.23322107,0.06015,0.9605973,0.8267,0.6122609,1.345,1.9144853,0.769,0.81130004,0.67,1.1563876,0.4202,1.9323367,0.3132,0.9323729,0.7407,0.7738526,0.2247,1.1364673,0.6025,1.6609819,0.8716,1.4343547,0.7607,1.3772665,0.5903,0.99030983,0.07245,1.1872603,0.05344,1.1025267,0.03934,1.5857171,0.795,1.1884065,0.5386,1.1807841,-0.1957,0.4848508,-0.01642,-0.26169655,0.5117,1.5288409,1.151,1.409661,0.8438
2,XZY,patch_x18928_y6384,external_test,external_test,D:\AIPatho\Patch\visiumhd_patch\2\XZY\patch_images\patch_x18928_y6384.png,-1.726758,-1.118,1.3545587,1.213,0.88256997,1.068,0.46715513,0.659,0.49273372,0.606,2.3576267,0.2488,2.6012084,0.303,1.2407173,-0.7104,1.1148548,0.9263,0.18792266,1.056,1.3776699,1.1,1.2137603,1.327,0.2363366,0.924,2.0153499,1.67,-0.016331498,0.4282,1.1709503,0.873,1.8834127,1.365,1.671405,1.338,2.012253,1.517,1.3448796,1.067,1.233156,0.944,2.1487212,0.9946,2.038815,1.047,1.0134845,1.139,0.17852034,0.988,1.355889,0.010895,-0.19511703,0.614,1.6087435,1.014,0.56848776,1.241,1.733366,1.523
2,XZY,patch_x18928_y6608,external_test,external_test,D:\AIPatho\Patch\visiumhd_patch\2\XZY\patch_images\patch_x18928_y6608.png,1.8303145,-1.078,0.73195034,1.127,0.873134,2.049,0.47812912,0.1714,0.49363917,0.695,1.7688029,0.3955,2.334006,0.4915,2.4016776,-0.8438,0.8714468,0.5356,0.90477926,0.851,1.1676503,1.237,2.0695362,1.355,1.9548163,0.9795,2.3368375,2.2,0.6738894,0.7363,1.0342716,1.1045,2.2732954,1.363,1.6401837,2.098,1.9231006,2.28,1.4355301,1.098,1.5275797,0.8057,2.0319905,1.025,1.6287581,1.003,1.5072131,1.413,1.1702129,0.9414,1.5411634,0.163,0.39855018,1.486,0.89705145,0.8604,0.62735003,1.091,1.7287003,2.244
2,XZY,patch_x18928_y6832,external_test,external_test,D:\AIPatho\Patch\visiumhd_patch\2\XZY\patch_images\patch_x18928_y6832.png,-0.74992955,-1.749,1.0884186,0.774,0.4665156,0.661,0.36091983,0.3672,0.48911187,0.643,0.8067058,-0.4648,1.7891622,-0.2625,-0.3670064,-1.394,1.1356124,0.6626,-0.36031327,-0.1422,1.2206672,0.748,1.9095427,1.151,1.9989802,1.682,2.086037,0.10425,-0.08960562,-1.079,1.2439716,1.321,1.50134,1.047,1.2969664,0.6006,1.3408123,0.805,1.3522339,1.179,1.8985796,1.662,2.500112,1.733,2.4105515,1.835,1.6133696,1.297,1.4909159,1.286,1.3752255,-0.3767,-0.27295622,-0.1926,1.40077,0.974,0.94975793,0.5835,1.2357306,1.041
2,XZY,patch_x18928_y7056,external_test,external_test,D:\AIPatho\Patch\visiumhd_patch\2\XZY\patch_images\patch_x18928_y7056.png,-0.9527795,-1.184,0.97758013,0.998,0.36907887,1.338,0.36357868,0.613,0.49137554,0.3584,2.390362,-0.148,1.7909238,0.4102,0.17320344,-0.9277,1.3324976,0.593,0.42913324,0.563,1.1242087,1.08,1.4991269,1.175,1.861987,1.222,1.7581985,0.804,0.39584374,-0.03793,1.3196653,1.001,1.2066061,1.035,0.7604714,1.425,1.1436992,1.494,1.3934449,1.168,1.8236855,1.2705,2.6672497,1.542,2.5374947,1.539,1.6609923,1.149,1.0877386,1.106,1.1479349,-0.02864,-1.3504063,0.3552,1.6477696,0.7397,1.0502002,0.9517,1.2383952,1.538
2,XZY,patch_x18928_y7280,external_test,external_test,D:\AIPatho\Patch\visiumhd_patch\2\XZY\patch_images\patch_x18928_y7280.png,-2.0333648,-1.262,1.2992872,1.094,0.7315364,1.338,-0.0235225,0.4421,0.49047005,0.6323,-1.3269757,0.1682,1.1676844,0.735,-1.9332471,-0.414,1.3641876,0.8584,-0.44978103,0.601,0.9780158,1.127,1.4917896,1.443,1.7508023,1.445,1.7239289,1.082,0.53428084,-0.4185,1.2471415,1.372,1.9556102,1.418,1.090412,1.316,1.0799255,1.418,1.3293821,1.427,1.5491266,1.558,2.6776128,1.753,2.6604111,1.625,1.3284396,1.243,1.6744508,1.378,1.0001639,0.1691,-0.7059132,0.1741,0.7572374,1.347,1.0931741,1.127,0.7650096,1.559
2,XZY,patch_x18928_y7504,external_test,external_test,D:\AIPatho\Patch\visiumhd_patch\2\XZY\patch_images\patch_x18928_y7504.png,-1.2430563,-1.386,0.6689641,0.8594,-0.5274245,1.046,0.17953978,0.3062,0.48820642,0.528,-1.3405182,-0.535,0.9595776,0.2717,-1.9368979,-1.226,1.3750861,0.661,-1.699011,0.1868,1.0979168,0.971,1.3048925,1.207,1.78539,1.447,1.2614443,0.5625,-0.33386216,-0.6895,1.340334,1.259,1.6538037,1.108,0.38804743,0.9414,0.44140834,1.047,1.5180644,1.284,1.9653045,1.543,2.301677,1.753,2.4532042,1.675,1.5803386,1.153,1.5419446,1.203,1.0998673,-0.07947,-0.9369432,-0.1418,1.2600454,0.989,0.8757888,0.828,0.71577805,1.247
2,XZY,patch_x18928_y7728,external_test,external_test,D:\AIPatho\Patch\visiumhd_patch\2\XZY\patch_images\patch_x18928_y7728.png,-2.0616217,-1.74,1.6875873,1.008,0.552168,0.6797,-0.40859172,0.1605,0.48684824,0.6206,-1.9967426,-0.8267,-0.0155189615,0.0791,-0.9086475,-0.9453,1.2015821,0.791,-1.4095025,-0.3752,0.70912915,0.775,1.5278407,1.247,2.7506306,1.93,1.1780766,0.0357,-1.638689,-1.454,1.4949229,1.568,1.1049168,1.044,0.64094293,0.5845,0.9043124,0.7676,1.4050684,1.423,2.2527435,1.972,2.3986688,2.223,2.2214332,2.168,1.526697,1.208,0.8934567,1.625,0.7823384,-0.2993,-1.814202,0.006603,1.3474932,1.34,-0.017193051,0.7114,0.6438812,0.9883
2,XZY,patch_x18928_y7952,external_test,external_test,D:\AIPatho\Patch\visiumhd_patch\2\XZY\patch_images\patch_x18928_y7952.png,-2.010169,-1.405,0.6160141,1.05,0.7009898,0.981,-0.10668798,0.285,0.49137554,0.631,-0.12645076,-0.5845,1.6454545,0.514,-1.0858626,-1.289,1.2503017,0.7344,-0.7452495,0.02136,0.98105526,0.9233,1.3641487,1.513,2.4871314,1.41,2.0305307,1.067,-0.30574125,-0.7554,1.1103017,1.329,1.3017831,1.226,0.9290828,0.868,1.1928926,0.985,1.3151417,1.332,2.167792,1.431,2.163038,1.671,2.1634855,1.585,1.646524,1.349,1.6345383,1.318,1.0329144,-0.12213,0.40050066,-0.23,1.4050972,1.213,1.021058,0.683,1.1348124,1.195
2,XZY,patch_x18928_y8176,external_test,external_test,D:\AIPatho\Patch\visiumhd_patch\2\XZY\patch_images\patch_x18928_y8176.png,-2.010169,-1.047,1.5270274,1.015,0.65466326,1.11,0.1311293,0.3838,0.49137554,0.571,1.8331606,-0.1903,1.2087702,0.2825,-1.914037,-0.902,1.1260794,0.608,-0.9424454,-0.0543,1.1682901,0.751,1.5209523,1.099,1.9942863,1.446,2.0553472,0.7563,-0.4172898,-0.005608,1.2790436,0.9927,1.4089278,0.961,1.097115,1.133,1.365249,1.261,1.5040859,1.095,2.3366802,1.21,2.3085768,1.337,2.4621463,1.378,1.6927088,1.03,1.1520069,0.931,0.85545516,-0.215,-0.23954995,-0.2242,0.8559673,0.705,0.3696827,0.4512,1.3338964,1.404
2,XZY,patch_x18928_y8400,external_test,external_test,D:\AIPatho\Patch\visiumhd_patch\2\XZY\patch_images\patch_x18928_y8400.png,-1.2432301,-1.169,0.981928,0.1707,0.6222657,0.4937,0.6228098,0.7676,0.49182826,0.447,-0.28045148,-0.843,0.8059535,-0.5337,-0.8121995,-1.118,0.86490047,0.5625,-0.91601354,-1.325,0.62862206,0.2966,0.18735677,0.32,1.8921653,1.763,1.6837821,-0.781,-0.056967154,-0.933,0.98160946,0.7705,1.4144439,0.514,0.90847933,0.16,1.1510742,0.304,1.2809955,0.903,1.647269,1.266,1.546324,1.288,1.1782838,1.365,0.87718844,0.898,0.5350091,0.6543,0.52320814,-1.273,0.35879332,-0.6436,-0.08528331,0.3481,0.078896925,-0.4683,1.3913279,0.739
2,XZY,patch_x18928_y9072,external_test,external_test,D:\AIPatho\Patch\visiumhd_patch\2\XZY\patch_images\patch_x18928_y9072.png,-0.9282938,-0.3708,0.032518286,0.596,-0.16294865,0.5854,0.42234632,0.3792,0.49092278,0.199,0.9344342,-0.3923,-0.40580726,-0.1293,0.029332675,-0.604,1.6372833,0.26,-1.0077513,-0.705,-0.35439578,0.05786,1.3021059,0.319,2.2552197,0.269,1.3484038,-0.0321,-0.085386135,0.00443,1.078042,0.19,0.83094275,0.1539,0.39469287,0.605,0.042868793,0.7583,0.9142614,0.376,1.4993818,0.2651,1.2453213,0.117,1.0221336,0.2411,0.9313581,0.1859,1.4443027,0.06714,0.6203901,-0.7407,-0.8840772,0.5176,0.6101708,0.00518,-0.33257192,-0.344,-0.20599979,0.77
2,XZY,patch_x18928_y9520,external_test,external_test,D:\AIPatho\Patch\visiumhd_patch\2\XZY\patch_images\patch_x18928_y9520.png,-1.4136142,-0.9214,1.6454874,0.6255,-0.28158718,0.657,0.3248837,0.537,0.49092278,0.4114,-0.3888108,-0.859,0.5362127,-0.2603,-0.50505763,-0.996,1.1175804,0.6475,-1.5300844,-0.4531,0.6627805,0.487,1.3187592,0.645,0.9112516,1.437,0.43355742,-0.757,-0.8935768,-0.3313,1.318966,0.694,0.49526453,1.01,0.06048013,0.66,0.2197943,0.575,1.3034791,0.8145,1.2700471,1.099,2.4113874,1.12,2.4814892,1.27,1.1243763,1.134,0.9916388,0.73,0.7903342,-0.9116,-0.49374223,-0.1437,0.86493254,0.54,0.17979477,0.0354,0.19836806,0.9062
2,XZY,patch_x18928_y9744,external_test,external_test,D:\AIPatho\Patch\visiumhd_patch\2\XZY\patch_images\patch_x18928_y9744.png,-1.2239354,-0.6294,2.0764349,0.524,-0.41644093,0.612,-0.052195232,0.7236,0.48820642,0.2615,-1.3832138,-0.8237,-0.038636945,-0.438,-1.2948786,-0.924,0.9437612,0.4653,-1.8334237,-0.2966,-0.16176455,0.4795,2.1513357,0.39,0.775233,0.9697,0.39778274,-0.6934,-0.05632822,0.01538,1.2653913,0.4248,1.1257771,0.8467,0.5276586,0.556,0.2573984,0.524,1.2303226,0.539,1.6306027,0.67,1.6217769,0.589,1.6855127,0.6772,1.3622981,0.6636,0.9093922,0.2893,0.76552635,-0.926,-1.0831016,-0.1279,0.3862071,0.298,0.039613996,0.2231,0.029625732,0.678
2,XZY,patch_x18928_y9968,external_test,external_test,D:\AIPatho\Patch\visiumhd_patch\2\XZY\patch_images\patch_x18928_y9968.png,-1.6451508,-0.8696,1.0120373,0.9756,0.19889769,0.772,0.38330662,0.6636,0.49001732,0.5376,-0.7181391,-0.2976,0.663774,-0.006474,-1.625276,-0.873,1.150018,0.4475,-1.2073382,-0.524,1.0890316,0.479,1.1619037,0.8403,1.741173,0.6313,1.8291936,0.003601,-0.3695919,0.06885,0.8411523,0.6523,1.0012267,0.4734,0.1996502,0.786,0.63599813,0.9775,1.1326817,0.8374,1.7979369,0.4033,1.1941311,0.3623,0.75145435,0.4993,1.0053804,0.7285,1.4238046,0.605,0.8760117,-0.608,-0.73900145,0.12103,1.1497265,0.392,0.4608182,-0.06287,0.8140503,1.014
2,XZY,patch_x19152_y10192,external_test,external_test,D:\AIPatho\Patch\visiumhd_patch\2\XZY\patch_images\patch_x19152_y10192.png,-1.9495435,-1.482,1.3176564,0.7324,0.5863521,0.4294,0.14119364,0.329,0.49318644,0.5815,0.79075843,-0.9834,-0.69273347,-0.3347,-0.82898706,-1.46,1.0772499,0.65,-1.3169693,-0.826,0.7691714,0.729,1.7541224,1.104,1.9018428,1.768,1.2015381,-0.7476,-0.78773636,-1.049,0.92335194,1.254,1.2866716,1.048,0.67782205,0.2646,0.9021081,0.4023,1.0237937,1.216,1.6290747,1.458,2.256256,1.559,2.2983344,1.626,0.9337913,1.062,1.1317887,1.35,1.0025897,-0.8574,-1.5222821,-0.625,0.5128464,1.009,0.37749726,0.1783,0.7405701,0.687
2,XZY,patch_x19152_y10416,external_test,external_test,D:\AIPatho\Patch\visiumhd_patch\2\XZY\patch_images\patch_x19152_y10416.png,-1.9043117,-1.582,0.23254044,0.9634,-0.23307166,0.4285,0.32223296,0.6143,0.49137554,0.444,-0.29258385,-1.078,-0.09001074,-0.1109,-0.50972855,-1.541,1.4812014,0.841,-0.975698,-0.3728,1.0769976,0.931,1.6639937,1.449,2.0909288,0.7515,0.92155206,-0.264,-1.4254899,-0.3938,0.84689486,1.151,1.7209343,0.4524,-0.110170625,0.6094,-0.26379883,0.6016,1.2211521,1.049,1.7350744,0.8506,1.8073199,0.89,1.8922497,0.865,1.0858905,1.024,1.1674871,1.143,0.8903205,-0.28,-1.4757978,-0.5854,1.2053332,0.873,0.5012453,0.4243,0.16983421,0.818
2,XZY,patch_x19152_y10640,external_test,external_test,D:\AIPatho\Patch\visiumhd_patch\2\XZY\patch_images\patch_x19152_y10640.png,-1.0027243,-1.46,0.71947086,0.669,0.38188925,-0.07153,0.8133939,0.6426,0.49363917,0.52,2.0955317,-1.022,-0.41765356,-0.542,-1.8445848,-1.288,1.639241,0.9004,-1.6815732,-0.6807,1.2584656,0.663,1.2740036,1.12,1.7211949,1.393,1.886296,-0.7437,-1.443108,-0.945,1.0916718,1.107,1.4196903,0.7705,0.7590151,-0.09656,0.62426096,-0.1074,1.2214206,1.047,1.3210196,1.137,2.488598,1.381,2.3127959,1.401,0.9474888,0.973,1.2618879,1.155,0.9312694,-0.814,-0.5081742,-0.6865,0.33505157,0.7734,-0.1874073,0.3052,0.29356235,0.09607
2,XZY,patch_x19152_y10864,external_test,external_test,D:\AIPatho\Patch\visiumhd_patch\2\XZY\patch_images\patch_x19152_y10864.png,-1.0845484,-1.905,1.3928612,0.8374,0.7290587,0.3428,0.68082905,0.3682,0.49047005,0.523,-0.8982396,-1.038,0.6560712,-0.1242,-1.8467579,-1.518,1.159177,0.7036,-0.27492118,-0.7725,1.3858443,0.8857,1.3589247,1.387,1.4832761,1.442,1.6059707,-0.1754,-1.0784692,-1.086,0.70522827,1.365,1.5118605,0.6675,0.71756434,0.2402,1.055205,0.4104,1.2516977,1.225,1.851418,1.323,2.1334174,1.266,2.0409267,1.228,0.9699932,1.233,0.8720498,1.308,0.8059372,-0.506,-0.36782342,-0.2118,1.5073793,1.255,0.7340991,0.534,1.1888007,0.66
2,XZY,patch_x19152_y11088,external_test,external_test,D:\AIPatho\Patch\visiumhd_patch\2\XZY\patch_images\patch_x19152_y11088.png,-1.3791367,-0.734,1.4982244,0.3994,0.95943826,0.8955,0.16456866,0.287,0.49092278,0.04657,0.4518486,-0.788,0.6821409,-0.614,-1.4186581,-0.9165,0.6354471,0.1198,-1.4269674,-0.7305,1.302762,-0.02213,2.0039935,0.1552,2.3938487,0.6807,1.4648107,-0.1302,-0.74529564,0.304,0.9428022,0.1383,0.7663172,0.0677,1.391557,1.0205,1.3381026,1.125,1.425581,0.4775,1.8141425,0.6323,1.8273265,0.528,1.5908394,0.6636,0.688732,0.4187,1.281027,0.07227,1.0635091,-1.012,-1.3686033,0.2686,0.9904653,0.006485,0.9317574,-0.609,1.2829356,1.122
2,XZY,patch_x19152_y5040,external_test,external_test,D:\AIPatho\Patch\visiumhd_patch\2\XZY\patch_images\patch_x19152_y5040.png,5.8719487,0.498,-1.0483897,-0.07983,0.33600464,0.0728,0.8239588,-0.6055,0.10610221,-0.1371,-0.854537,0.8955,0.9388154,0.9243,0.016439145,0.2654,-0.47425154,-0.5527,0.60575765,0.2563,0.9800794,-0.342,0.20426676,-0.4019,-0.102949806,0.409,0.9445549,-0.05548,-1.2902191,-0.0926,-0.68260556,-0.2014,-0.41957545,0.4148,0.4149426,-0.08856,-0.0069237254,-0.02711,-0.7718232,-0.4285,0.7355474,0.2693,-0.663005,0.1721,-1.1547745,0.1766,-1.1155455,0.1431,0.7099847,-0.06085,-0.09893208,-0.4153,-0.10060243,-0.4553,-0.82383704,0.00594,0.9094704,0.08765,0.20536111,0.10486
2,XZY,patch_x19152_y5264,external_test,external_test,D:\AIPatho\Patch\visiumhd_patch\2\XZY\patch_images\patch_x19152_y5264.png,5.0256853,0.1272,0.42041665,0.06934,0.74302363,-0.12103,0.2351027,0.0705,0.37004384,0.05414,3.1765518,0.772,0.46098492,0.851,0.580384,0.4448,-0.1714358,-0.002478,0.5494611,1.031,1.6359581,0.1433,-0.14583719,0.2114,0.75927234,0.8774,1.215298,-0.2517,-1.6390392,0.2412,-0.23884034,-0.04108,0.91189414,0.925,0.11188058,-0.1631,0.02232064,-0.2815,0.56666726,-0.2583,-0.31133768,0.393,-0.3809799,0.2742,-0.1999972,0.1484,-0.20330097,1.043,-0.9039824,0.2072,0.8698972,-0.995,-0.59400004,-0.672,1.6214839,0.653,0.6610489,0.9453,-0.048897285,-0.1656
2,XZY,patch_x19152_y5488,external_test,external_test,D:\AIPatho\Patch\visiumhd_patch\2\XZY\patch_images\patch_x19152_y5488.png,4.6781588,1.282,0.9046941,0.412,-0.67148864,0.2876,-1.2398046,-0.5293,0.47190812,-0.2842,0.5627534,0.624,0.20313662,0.05377,-0.5427267,0.509,-1.6025008,-0.631,0.3081336,0.99,0.9107747,0.2031,-0.109252624,0.3167,0.12573352,0.7007,0.22025281,0.621,0.6843108,0.3088,-0.99864906,-0.5527,0.6666943,0.854,0.25649992,0.57,0.9883033,0.66,-0.8928433,-0.6743,-0.0013921752,-0.2478,0.013646831,-0.2869,0.12347097,-0.435,-1.0956266,0.586,0.23466985,-0.5244,-0.27204758,-1.128,1.5466243,0.6094,-0.33880123,0.2703,0.68071985,0.5474,0.2095771,0.599
2,XZY,patch_x19152_y5712,external_test,external_test,D:\AIPatho\Patch\visiumhd_patch\2\XZY\patch_images\patch_x19152_y5712.png,1.7909565,0.9062,-0.59839016,0.3188,0.4062374,0.3787,0.58317506,-0.328,0.49092278,0.3103,-0.38697138,0.8,-0.27590632,0.177,-0.23153941,0.6206,-0.28120917,-0.5303,0.04732131,1.33,-0.3728168,0.4487,-1.0171976,0.1089,-1.2287484,-0.2122,0.17277601,1.093,0.8417147,0.791,-0.47568962,-0.5195,-0.89351594,0.61,0.51773864,0.6807,0.30334336,0.852,-0.43780988,-0.3333,-0.34663755,-0.4624,-0.5920114,-0.396,-1.0954074,-0.4673,-1.2305973,0.257,-0.6724293,-0.5527,1.0710052,-0.733,2.1257346,1.43,0.0067868847,-0.03056,-1.5907526,0.6665,0.63916296,0.816
2,XZY,patch_x19152_y5936,external_test,external_test,D:\AIPatho\Patch\visiumhd_patch\2\XZY\patch_images\patch_x19152_y5936.png,1.3843273,-0.8257,-1.605133,0.975,0.88966125,1.283,-0.07116335,0.5396,0.3872476,0.5176,-0.3447652,0.6953,0.60279804,-0.05957,-0.1774728,-0.3806,0.29960424,0.5176,-0.085827135,1.1045,-0.09153968,1.12,-0.57452446,1.416,0.098262124,0.823,0.85075235,1.69,2.3461158,0.938,-1.5176227,0.5317,-1.0867145,1.282,0.8121601,1.834,1.0350633,1.905,0.33273473,0.98,0.16557923,0.638,-0.79971784,0.4248,-1.0288206,0.618,-0.3905076,1.241,-1.0752041,0.7417,1.0361651,-0.5757,-0.05209013,1.545,-1.555547,0.8667,0.25457197,0.966,1.0241631,1.709
2,XZY,patch_x19152_y6160,external_test,external_test,D:\AIPatho\Patch\visiumhd_patch\2\XZY\patch_images\patch_x19152_y6160.png,0.715137,-0.9116,-1.7103609,0.78,1.1018318,1.275,0.57561344,0.727,0.45153528,0.3025,0.892201,0.1338,0.66062933,0.5864,0.4983682,-1.019,0.50221,0.3953,-0.792364,0.62,-0.30610344,0.955,-1.8194853,1.133,0.11205795,0.94,0.40783468,1.044,1.4137368,0.4685,-0.79533386,0.61,-1.610662,0.7515,1.5752553,1.726,0.94918555,1.725,0.50152934,1.039,0.84550154,0.971,0.49615353,0.742,0.92103714,0.7876,-0.16181539,1.202,-0.62195987,0.8037,-0.06747484,-0.1384,0.39520192,1.078,-0.08508879,0.82,-0.4009105,0.747,0.8862883,1.68
2,XZY,patch_x19152_y6384,external_test,external_test,D:\AIPatho\Patch\visiumhd_patch\2\XZY\patch_images\patch_x19152_y6384.png,-0.23916638,-0.38,1.0349207,0.6934,1.4723665,1.418,1.2298388,0.465,0.4338788,0.551,-0.6599928,0.6636,2.4009676,0.4233,0.22002944,0.267,0.4917263,0.357,-0.54225135,1.022,-0.10139584,0.83,-0.32619536,0.848,0.5613472,0.347,0.6421629,1.356,0.3439007,0.986,0.24756643,0.2328,0.9926698,0.5996,1.1394216,1.579,1.4665666,1.562,0.5381802,0.612,0.05011972,0.0784,-0.06640203,-0.1733,0.66426927,-0.01932,0.5838659,0.704,-0.35105768,0.292,0.6650401,-0.3926,0.21315104,0.801,0.64265954,0.478,-0.39953026,0.8735,0.81713724,1.5
2,XZY,patch_x19152_y6608,external_test,external_test,D:\AIPatho\Patch\visiumhd_patch\2\XZY\patch_images\patch_x19152_y6608.png,0.502012,-1.194,0.0248817,0.7617,0.9918172,0.736,0.42710713,0.5713,0.47960454,0.3855,1.9577324,-0.5396,1.9427265,-0.3696,1.4535705,-1.493,0.45168656,0.691,0.30114472,-0.5586,0.8751583,0.686,0.6506774,1.049,1.3604586,1.457,2.3094783,-0.05093,0.6354343,-0.2189,0.68633574,1.014,1.7038162,0.8613,0.85904217,0.69,1.2496717,0.8076,1.3357269,1.136,1.160328,1.29,1.6551602,1.179,1.6253585,1.409,1.1389178,1.022,1.0942715,0.9966,1.780134,-0.3762,-0.26364097,-0.04413,1.4788641,0.8174,0.94015753,0.2418,1.4475805,0.9214
2,XZY,patch_x19152_y6832,external_test,external_test,D:\AIPatho\Patch\visiumhd_patch\2\XZY\patch_images\patch_x19152_y6832.png,2.5395448,-0.9146,1.0664209,0.384,0.799614,0.881,-0.1701067,0.473,0.49273372,0.4268,1.4913154,-0.391,2.2920094,-0.1484,0.89416116,-0.4443,1.0479897,0.3972,0.6101922,0.1866,1.6463573,0.7964,1.3614984,0.7085,1.6022534,1.267,2.335383,0.289,0.2164634,-0.2025,1.2390172,0.7085,1.2782841,0.985,1.0149214,1.111,1.5144016,1.034,1.4317969,0.88,1.9987322,1.169,2.1028142,1.254,2.3077464,1.367,1.5016445,0.7554,1.7608533,0.77,1.490925,-0.2394,1.9658514,1.133,2.1433594,0.724,1.2805698,0.5645,1.4570493,1.142
2,XZY,patch_x19152_y7056,external_test,external_test,D:\AIPatho\Patch\visiumhd_patch\2\XZY\patch_images\patch_x19152_y7056.png,-1.3790087,-1.532,1.3319931,0.831,-0.5027905,0.4287,0.6247213,0.3765,0.49363917,0.574,0.8167525,-0.4268,1.0966064,0.05624,-0.564011,-0.8667,1.4091122,0.757,-0.94351673,-0.653,1.6633837,0.661,1.6141285,0.8613,2.2283595,1.678,1.8472471,0.1471,-0.5036607,-1.081,1.1929693,1.371,1.1365585,0.9717,0.5512108,0.2106,0.24809036,0.4534,1.5061656,1.178,1.8716629,1.493,2.8234973,1.457,2.622416,1.44,1.410503,1.078,1.6158799,1.006,0.9458795,-0.288,-0.3787965,-0.2886,1.580926,1.088,0.9310339,0.3901,0.32670286,0.6577
2,XZY,patch_x19152_y7280,external_test,external_test,D:\AIPatho\Patch\visiumhd_patch\2\XZY\patch_images\patch_x19152_y7280.png,-2.0446465,-1.715,0.42930046,0.9165,-0.54512334,0.6187,0.28531536,0.503,0.48865914,0.564,1.659977,-0.909,0.10059445,0.2305,-1.9357679,-1.178,1.1436205,1.045,-1.7122589,-0.0742,1.0653666,1.0205,1.6316851,1.381,2.0903468,1.636,1.1981132,-0.0952,-1.2799964,-0.996,1.5516013,1.383,1.5468107,1.006,0.054605886,0.524,-0.35368165,0.5522,1.5809057,1.246,2.1895938,1.588,2.9511657,1.978,2.7769675,1.83,1.3691224,1.282,1.5559645,1.461,0.9527228,-0.1738,-1.2743816,-0.602,1.4056426,1.193,0.16232118,0.822,0.015233403,0.7666
2,XZY,patch_x19152_y7504,external_test,external_test,D:\AIPatho\Patch\visiumhd_patch\2\XZY\patch_images\patch_x19152_y7504.png,-1.2807469,-1.496,1.265242,0.8237,0.13007392,0.686,0.17517678,0.4124,0.49001732,0.623,-0.5605488,-0.743,1.0562072,0.2205,1.1837393,-1.172,1.4011053,0.8433,-1.3807465,-0.1682,0.6471028,0.907,1.8516409,1.323,2.3065453,1.568,1.0302105,0.1176,-0.9828033,-1.06,1.3866339,1.489,0.7717534,1.2295,0.20194198,0.593,0.411607,0.71,1.5478032,1.328,1.7456475,1.639,2.5426302,1.964,2.526604,1.978,1.2545179,1.156,0.86520857,1.495,0.47177762,-0.2001,-0.94037527,-0.3025,1.0341976,1.2,0.7705457,0.657,0.5083775,0.9243
2,XZY,patch_x19152_y7728,external_test,external_test,D:\AIPatho\Patch\visiumhd_patch\2\XZY\patch_images\patch_x19152_y7728.png,-0.9989145,-1.335,1.2501818,0.7227,-0.58535206,0.1913,0.17731066,0.533,0.49273372,0.6523,2.2567706,-0.4373,1.6982161,0.3508,2.3722932,-0.1644,1.1993996,0.9224,-1.4026166,-0.503,0.6761698,0.606,1.7163609,0.9663,2.4588237,0.9727,1.6812397,0.2001,-0.7570274,-1.078,1.3212007,1.299,1.250377,0.699,-0.050907936,-0.02809,-0.41112736,0.1382,1.3978343,1.189,1.83879,1.197,2.9718492,1.295,2.845485,1.22,1.3210455,0.956,1.5427693,1.013,1.1848643,-0.08954,-1.0333099,-0.6094,1.2029943,1.249,0.69003624,0.3284,-0.08221975,0.3
2,XZY,patch_x19152_y7952,external_test,external_test,D:\AIPatho\Patch\visiumhd_patch\2\XZY\patch_images\patch_x19152_y7952.png,1.0938612,-1.086,1.5072997,0.834,1.0454845,1.2295,-0.7561046,0.1145,0.49363917,0.6113,0.14638123,0.2389,1.8293979,0.8794,-0.42220044,0.1087,0.8733797,0.4868,-0.25193435,0.5547,1.1127346,0.8486,1.5972846,1.056,1.3041376,1.273,2.1403828,1.347,0.13602337,-0.71,1.3243879,1.111,2.1642559,1.278,1.210199,0.9863,1.3069216,1.263,1.3224819,1.146,1.6742563,1.363,2.4392567,1.62,2.2070649,1.596,1.224008,1.076,1.4228652,1.136,1.1406842,0.3147,1.4916157,0.6606,1.2892857,1.254,0.23410234,1.035,1.5111433,1.458
2,XZY,patch_x19152_y8176,external_test,external_test,D:\AIPatho\Patch\visiumhd_patch\2\XZY\patch_images\patch_x19152_y8176.png,-0.65262884,-0.52,0.4838209,0.9746,0.8700261,1.07,-0.22407144,0.5347,0.49454463,0.1746,3.2318428,0.6094,0.8237442,0.476,-0.03335423,-0.2091,1.2755198,0.3513,-0.35360217,0.489,0.75410676,0.7266,1.7800825,0.9517,1.5723184,0.863,2.5145235,1.695,1.1984195,0.3582,0.8497248,0.564,0.18468064,0.852,1.669313,1.401,1.6840127,1.538,1.2644027,0.9556,1.8695457,0.7754,1.2530538,0.7847,1.4303191,0.8413,1.4381323,0.936,0.74103737,0.6616,0.48982033,-0.2568,-0.17576665,0.8794,0.8894554,0.794,0.12917623,0.627,1.6784708,1.483
2,XZY,patch_x19152_y8624,external_test,external_test,D:\AIPatho\Patch\visiumhd_patch\2\XZY\patch_images\patch_x19152_y8624.png,-1.7846421,-1.099,0.8313156,0.6895,-0.52408147,-0.157,0.10442171,1.247,0.48911187,0.3945,-0.7442375,-0.2852,0.66653174,-0.06024,-1.7383639,-0.8354,0.99861693,1.176,-1.2052747,0.1708,1.2430657,0.7686,0.5294112,0.7275,2.0129464,0.2466,1.9724468,-0.2615,-0.84677416,0.0859,1.0282935,0.607,1.138032,0.3254,-0.15583067,-0.0998,-0.7049997,-0.05206,1.1665515,0.6787,1.6650553,0.1289,2.5634456,0.3706,2.4843683,0.2874,1.0777934,0.7593,1.0245749,0.586,0.97481805,-0.59,-0.4633852,-0.7715,0.41815227,0.7734,0.57469773,0.664,-0.31388527,-0.06134
2,XZY,patch_x19152_y8848,external_test,external_test,D:\AIPatho\Patch\visiumhd_patch\2\XZY\patch_images\patch_x19152_y8848.png,-2.0235593,-1.5,0.8380824,0.8354,0.12351154,0.2004,1.0280077,0.788,0.49137554,0.483,-0.4276133,-0.796,0.032247905,-0.1542,-1.3756847,-1.627,1.291188,0.956,-0.9335843,-0.3132,1.0694556,0.7524,0.95364714,1.219,1.9039881,1.32,1.6433429,-0.2583,-0.8332808,-0.2776,1.1323899,1.101,1.7938136,0.6016,0.6355826,0.3374,0.64048755,0.464,1.4613062,1.184,1.9643618,1.076,1.710969,1.249,1.493257,1.24,1.221166,1.234,1.2739067,1.152,0.9188893,-0.587,-1.4556139,-0.2864,1.1257017,1.217,0.40375555,0.5796,0.81085587,0.6465
2,XZY,patch_x19152_y9072,external_test,external_test,D:\AIPatho\Patch\visiumhd_patch\2\XZY\patch_images\patch_x19152_y9072.png,-0.94975,-1.6875,1.3421586,0.8027,0.7082412,0.6855,0.60537684,0.3645,0.49137554,0.571,0.37287214,-0.6826,1.342532,-0.1802,-0.81723624,-1.447,1.1193892,0.6875,-0.74857044,-0.2615,1.2347023,0.775,1.5582078,1.117,1.3700688,0.593,1.6720086,0.304,-0.91239756,-0.374,0.6585042,1.001,1.133061,0.673,1.6033669,0.7715,1.5593756,0.884,1.0034884,0.93,1.264002,0.6543,1.4971275,0.4805,1.0851237,0.5864,1.2405953,0.934,1.0557047,1.022,0.99072844,-0.2622,1.028492,1.142,0.34683022,1.047,0.8179613,0.4993,1.427837,1.011
2,XZY,patch_x19152_y9296,external_test,external_test,D:\AIPatho\Patch\visiumhd_patch\2\XZY\patch_images\patch_x19152_y9296.png,-1.9057877,-1.631,1.3971908,0.849,0.72592735,0.6157,-0.06300726,0.4888,0.49137554,0.7603,0.33665338,-0.601,1.4328413,-0.0928,-1.4253554,-1.327,1.5991566,0.747,-1.50535,0.01967,1.0670791,0.778,1.8811103,1.499,1.7142262,0.9155,1.8930327,0.1868,-0.08758683,-0.4968,1.0198466,1.184,1.2212621,1.065,0.8834531,0.67,1.3998116,0.8315,1.1084125,1.149,1.6596608,0.9272,1.7539448,0.8657,1.221798,0.869,1.0404605,1.084,0.8484718,1.151,0.98129976,-0.334,-0.84033734,0.2133,1.1916063,1.146,0.5495526,0.6685,1.4237751,1.0205
2,XZY,patch_x19152_y9520,external_test,external_test,D:\AIPatho\Patch\visiumhd_patch\2\XZY\patch_images\patch_x19152_y9520.png,-0.62442327,-1.082,1.5604004,1.141,0.83531356,0.7915,-0.5652518,0.647,0.492281,0.4236,1.5824364,-1.1455,1.7044199,-0.3374,2.2529006,-1.419,0.65571034,0.5537,-0.9403647,-0.4934,0.8050483,0.767,1.9351784,1.157,1.4674518,1.202,1.6211305,-0.10114,-0.44338158,-0.2202,1.0802842,0.945,1.557032,0.604,0.5740744,0.886,1.1096517,1.015,1.3788805,1.02,1.5015899,1.125,2.4685647,1.202,2.2607434,1.362,0.41509354,1.051,0.9256108,0.8867,1.5553071,-0.5874,-0.7867383,0.5244,0.73534715,0.697,0.7338636,0.262,0.97273386,1.111
2,XZY,patch_x19152_y9968,external_test,external_test,D:\AIPatho\Patch\visiumhd_patch\2\XZY\patch_images\patch_x19152_y9968.png,-0.81850266,-1.029,1.3957609,0.682,1.5570996,0.581,0.2507603,0.7183,0.49182826,0.4937,1.5500913,-0.3765,0.8365354,0.2206,-1.6981182,-1.107,0.8474913,0.596,-0.2899293,-0.1389,1.1436195,0.745,1.5832698,0.908,0.34173605,0.6763,2.0572143,0.07666,-1.395823,-0.2014,1.0501399,0.7593,0.9875208,0.6343,1.2095687,0.663,1.6761166,0.777,1.2370608,0.83,1.4813731,0.7173,2.2930043,0.854,1.9782794,0.782,1.0320873,0.765,1.3729253,0.95,0.8900481,-0.03091,0.9773095,0.1373,1.1789237,0.8906,-0.4962221,0.388,1.4308679,0.8994
2,XZY,patch_x19376_y10192,external_test,external_test,D:\AIPatho\Patch\visiumhd_patch\2\XZY\patch_images\patch_x19376_y10192.png,-1.038685,-0.644,1.9344761,0.3862,0.78308004,0.8833,-0.13096753,0.46,0.48367912,0.2773,-1.2528582,-0.942,-0.46335375,-0.397,-0.2449945,-1.032,0.7674671,0.10376,-0.9326502,-0.3784,0.4397585,0.3152,0.7720112,0.3997,1.8082002,0.5386,1.1042353,-0.5923,-0.7373218,0.1505,0.78220147,0.3242,-0.039659757,0.4143,0.613383,0.866,0.902463,0.935,0.64574873,0.5264,0.8338359,0.603,1.9582202,0.4648,2.3003523,0.5938,0.6565492,0.43,0.3141765,0.2316,0.8977845,-0.694,-0.80325264,0.0402,0.30426258,0.3152,0.03935845,-0.1081,1.1197864,0.972
2,XZY,patch_x19376_y10416,external_test,external_test,D:\AIPatho\Patch\visiumhd_patch\2\XZY\patch_images\patch_x19376_y10416.png,-0.9826222,-0.703,0.98969305,0.9126,0.9582412,1.356,0.2666567,0.5728,0.49454463,0.6914,1.9566847,-0.10205,0.8365533,0.3823,-1.5697317,-0.634,0.5177202,0.6934,-0.3667446,-0.319,0.9405367,0.499,1.4980096,0.7153,1.2397993,0.3367,2.220766,1.136,-0.22937499,0.333,0.83873016,0.7637,2.0768347,0.947,0.96751004,1.437,1.6949095,1.505,0.9928976,0.889,0.78356385,0.3713,0.8797062,0.4949,0.17943431,0.5146,1.1498674,0.811,0.82720584,0.545,0.8623942,0.02516,-0.29252255,1.107,1.1003109,0.493,0.09209218,-0.12024,1.6333425,1.497
2,XZY,patch_x19376_y10640,external_test,external_test,D:\AIPatho\Patch\visiumhd_patch\2\XZY\patch_images\patch_x19376_y10640.png,-1.4461545,-0.903,1.1433767,0.5117,0.6758336,0.6274,-0.09640888,0.686,0.4940919,0.25,0.48556212,-0.534,0.55925584,-0.1927,-1.1315153,-1.033,0.6195442,0.6626,-0.5595106,0.07086,1.0041003,0.931,2.1206303,1.073,2.0447786,0.8623,2.4048948,0.0881,0.02182158,-0.2527,0.9481017,0.847,1.9110105,0.7036,0.84821874,0.7183,1.3795438,0.7256,1.140125,0.912,1.2900279,0.722,2.5396254,0.916,2.5634315,0.933,1.1924852,0.753,1.3472937,0.7476,0.7984292,-0.251,-1.1913906,-0.05267,0.93958956,0.5435,0.8509594,0.4478,1.4638613,0.89
2,XZY,patch_x19376_y10864,external_test,external_test,D:\AIPatho\Patch\visiumhd_patch\2\XZY\patch_images\patch_x19376_y10864.png,-1.5721893,-0.814,1.6928968,0.859,1.522937,0.7944,0.09612967,0.3367,0.49318644,0.7627,2.1649797,-0.02051,1.2299207,0.2356,0.0011847016,-0.523,0.49725607,0.2678,0.87403023,-0.2488,1.5748814,0.6562,0.122428134,0.8394,1.349353,0.468,2.7882476,1.238,0.26067302,0.1691,0.48614374,0.685,1.0226334,0.4165,1.0778373,1.044,1.5068821,1.115,1.185173,0.8325,0.5237657,0.2434,2.0294433,0.0932,2.608453,0.1148,1.6956248,0.614,1.5553646,0.5645,1.1773088,-0.04654,1.8469836,1.336,1.2364464,0.6675,1.3275714,0.0119,1.7114096,1.148
2,XZY,patch_x19376_y5264,external_test,external_test,D:\AIPatho\Patch\visiumhd_patch\2\XZY\patch_images\patch_x19376_y5264.png,5.792911,0.333,1.6684163,0.1029,0.3255506,-0.145,0.4351419,-0.5454,0.48096272,-0.004925,3.2770338,-0.2029,-0.65340006,0.4807,-0.7426515,-0.4277,0.522377,-0.567,-0.22765774,-0.05682,-0.24061714,-0.2554,0.80881137,-0.1687,1.2652495,0.895,0.5974974,-0.4084,-2.076973,-0.11096,-1.2621262,-0.35,1.0597483,0.2605,0.24854203,-0.1616,0.6437022,-0.204,0.57537144,-0.4946,-0.3219217,0.3684,-1.5496941,0.2109,-1.695385,0.1459,0.87199897,0.4026,-0.81177616,-0.1945,-0.6610734,-1.143,-0.036996424,-0.6636,0.43916538,0.1284,0.049776707,-0.02605,-0.053583495,-0.05814
2,XZY,patch_x19376_y5488,external_test,external_test,D:\AIPatho\Patch\visiumhd_patch\2\XZY\patch_images\patch_x19376_y5488.png,5.8717737,0.1299,0.6537338,-0.05124,0.52934843,0.0743,-0.8820254,-0.3604,0.47281358,-0.12354,2.882124,0.948,0.13517854,0.965,-1.3143495,0.4268,0.7708894,-0.509,0.40421227,0.95,0.8509964,0.08386,0.58233446,0.0673,-0.2737641,1.033,0.61950886,-0.333,-2.7845244,0.1376,-0.6719802,-0.06067,0.20466031,1.107,0.05529721,0.1907,0.921398,-0.04623,0.38234925,-0.3037,-1.0987449,0.4045,-0.62835175,0.3257,-0.5624263,0.2417,0.535185,0.706,-0.88827896,0.1794,1.5147061,-0.976,0.9437348,-0.602,1.7670832,0.7095,1.1568868,0.859,0.4060259,0.0574
2,XZY,patch_x19376_y5712,external_test,external_test,D:\AIPatho\Patch\visiumhd_patch\2\XZY\patch_images\patch_x19376_y5712.png,6.577531,0.271,0.8377404,0.293,1.2248417,0.8877,0.46560967,0.06287,0.47326633,-0.02234,2.0482368,0.752,0.5403018,0.9863,-0.93084157,0.2637,0.339569,-0.2256,-0.28759733,1.213,0.35018143,0.4104,-1.199539,0.223,-0.6418631,0.7036,0.44475138,0.2432,-0.49090973,0.3398,-0.44443625,-0.002245,-0.3997556,1.131,0.7864458,0.8057,1.2017034,0.7773,0.7153682,-0.05496,-0.38273033,0.2458,-0.64092463,0.2585,-0.12362836,0.1864,0.26192972,0.8047,0.4387837,0.121,1.0248363,-0.721,0.08319231,0.3467,-0.4449386,0.6704,0.737729,0.962,0.6733288,0.8384
2,XZY,patch_x19376_y5936,external_test,external_test,D:\AIPatho\Patch\visiumhd_patch\2\XZY\patch_images\patch_x19376_y5936.png,1.4587166,1.122,-0.043215547,0.453,0.92299396,0.9355,0.38278896,0.2434,0.48911187,0.268,-0.30673563,1.394,1.2792255,0.6475,2.074027,0.8535,-0.6690776,-0.11835,0.14677325,1.075,-0.12681144,0.4575,0.1966108,0.5034,-1.0566275,-0.1464,0.80200696,0.821,1.2287989,0.909,-0.9720347,-0.4617,-0.83163095,0.7485,0.25443384,1.145,0.89159614,1.099,-0.68417597,-0.01347,-0.67946285,0.1487,-0.39736915,0.04745,0.2710686,-0.014465,-1.5754817,0.488,-0.14830114,-0.08044,-0.053530913,-0.1116,-0.32462916,0.7744,-0.59573066,0.446,-0.5953686,0.6816,0.57588345,1.042
2,XZY,patch_x19376_y6160,external_test,external_test,D:\AIPatho\Patch\visiumhd_patch\2\XZY\patch_images\patch_x19376_y6160.png,0.13818781,-0.7324,-1.6775818,0.4197,0.42090565,0.2903,-0.08921863,0.9404,0.47054994,0.2893,-0.38686147,-0.54,0.56833696,-0.2908,1.1314678,-0.556,1.177998,0.5547,0.8736331,0.08374,-0.51786655,0.5713,-0.6146579,0.3591,-0.6133223,0.6895,0.81332237,-0.4883,1.460568,0.10187,-0.6863615,0.2393,0.43685207,0.1247,0.36696592,0.4773,-0.18965754,0.3684,0.44943902,0.4644,0.04373082,0.432,-1.0294039,0.1951,-0.46145266,0.2382,-0.9780979,0.637,-1.7526704,0.3074,0.15526734,-0.8413,-0.83721566,-0.2957,-1.6146642,0.4436,0.007890161,0.422,-0.5014965,0.479
2,XZY,patch_x19376_y6384,external_test,external_test,D:\AIPatho\Patch\visiumhd_patch\2\XZY\patch_images\patch_x19376_y6384.png,-0.8794771,-0.6914,1.56585,0.6177,1.1697778,0.4817,1.2070832,1.002,0.48186818,0.5225,0.34741056,0.4597,0.5402466,0.7847,0.06380639,0.1995,0.94198865,0.7114,0.30961758,1.314,1.3276138,1.183,1.3421066,0.653,-0.39354157,0.199,1.7411642,-0.010124,0.18127128,0.664,-0.15145114,0.3835,-0.45056885,0.4358,1.2497716,0.7456,1.1689188,0.573,1.1227572,0.6323,1.4155389,0.108,-1.1791252,-0.1989,-0.61018205,-0.2556,0.77278745,1.006,0.56974345,0.5293,1.0655304,-0.04962,-0.22382037,0.143,0.68849677,0.843,-0.27608186,1.337,0.5940399,0.624
2,XZY,patch_x19376_y6608,external_test,external_test,D:\AIPatho\Patch\visiumhd_patch\2\XZY\patch_images\patch_x19376_y6608.png,-0.49565423,-1.6,1.6223855,1.11,0.83571607,0.7593,0.42678344,0.5957,0.49590284,0.5483,2.4362457,-0.282,2.3585768,0.1609,0.54168606,-0.784,0.84649986,0.7383,0.4200177,0.332,1.7028937,1.054,1.2534007,1.398,2.457916,1.529,2.8220437,0.8247,0.18630068,-0.141,1.1681244,1.091,2.7328029,1.492,1.4629205,1.029,1.379544,1.083,1.3536438,1.095,1.3545545,1.249,1.7845901,1.396,1.4380188,1.446,1.8464739,1.239,1.2388002,1.187,1.8066286,-0.0267,0.25381687,0.2277,1.7459332,1.015,1.3206973,0.8706,1.3718294,1.228
2,XZY,patch_x19376_y6832,external_test,external_test,D:\AIPatho\Patch\visiumhd_patch\2\XZY\patch_images\patch_x19376_y6832.png,-0.37450212,-1.491,1.3029579,1.037,0.5159153,0.973,0.42323694,0.389,0.4940919,0.6147,3.7498205,-0.4377,2.241172,-0.01391,1.8877789,-0.665,0.93110913,0.864,-0.39574203,0.1387,1.0555218,0.642,2.0290895,0.9224,2.2006829,1.313,1.7282217,0.777,-0.03834148,-0.526,1.4998084,1.2295,1.7563009,1.32,1.4476037,0.8096,0.7100128,1.002,1.5022007,1.22,1.8459624,1.422,2.4944062,1.594,1.9568568,1.511,1.4268711,0.748,1.1087844,1.2,1.5973104,-0.289,-0.6168625,-0.04388,1.9705747,1.101,0.937096,0.61,0.58809197,1.16
2,XZY,patch_x19376_y7056,external_test,external_test,D:\AIPatho\Patch\visiumhd_patch\2\XZY\patch_images\patch_x19376_y7056.png,-1.3719904,-1.8545,1.1246943,0.7104,0.79042006,1.048,0.30168572,0.2311,0.49273372,0.5825,0.7427037,-0.522,1.5906863,0.1721,-1.589196,-0.992,0.91637933,0.7764,-0.55783516,-0.2155,0.91355777,0.691,2.061983,1.385,1.5634354,1.995,1.9269493,0.5537,0.31705263,-1.269,1.1683863,1.551,1.5872476,1.425,1.6153609,0.754,1.2274165,0.9873,1.5480477,1.437,2.0779757,2.094,2.7020564,2.385,2.526854,2.54,1.5863359,1.409,1.5180918,1.522,1.309862,-0.6035,0.4767878,-0.4116,1.0773847,1.28,0.65127367,0.521,1.1990987,1.206
2,XZY,patch_x19376_y7280,external_test,external_test,D:\AIPatho\Patch\visiumhd_patch\2\XZY\patch_images\patch_x19376_y7280.png,-0.3268887,-1.233,1.1940752,0.8076,0.6731109,1.135,-0.31043693,0.261,0.49318644,0.7554,0.47619054,-0.3333,1.6336279,0.2008,-1.9765352,-1.0625,1.1536144,0.476,-0.57389534,-0.2432,0.5147439,0.7544,2.3218424,1.198,1.6468561,1.377,1.8378363,0.655,-0.51753414,-0.562,1.4257853,1.26,0.7965136,1.062,1.0881999,1.126,1.4881833,1.375,1.444411,1.17,1.8469543,1.357,2.4409318,1.4795,2.1973202,1.595,1.4414678,1.164,1.5282342,1.197,0.7387799,-0.5093,1.0885818,0.7827,1.47092,1.051,0.8465255,0.4233,1.2828172,1.448
2,XZY,patch_x19376_y7504,external_test,external_test,D:\AIPatho\Patch\visiumhd_patch\2\XZY\patch_images\patch_x19376_y7504.png,-2.0812325,-1.343,1.2361393,0.586,-0.17730874,0.772,-0.3411635,0.2964,0.4940919,0.554,0.6335812,-0.542,0.95362395,0.06915,0.46891472,-0.892,1.1176834,0.7925,-1.1088439,0.1102,0.8543625,0.6416,1.8615443,0.956,2.0487378,1.254,2.2280376,0.5776,-0.42342463,-0.816,1.3220226,1.123,1.5660664,1.251,0.079404086,0.5454,0.6840246,0.815,1.6746738,1.1045,2.2357724,1.289,1.921087,1.274,1.9753772,1.298,1.4997891,1.025,1.1485913,1.225,0.83829355,-0.3704,-0.46824777,-0.0711,1.131966,0.966,0.80875653,0.52,0.7571105,1.073
2,XZY,patch_x19376_y7728,external_test,external_test,D:\AIPatho\Patch\visiumhd_patch\2\XZY\patch_images\patch_x19376_y7728.png,-0.8329956,-1.286,0.23161437,0.9517,-0.0010571929,0.712,0.4403684,0.7314,0.4940919,0.5244,3.9098597,0.1515,0.944141,0.6147,3.0280576,-0.2188,0.96281785,1.064,-0.29836604,0.55,1.0085956,1.036,1.7693058,1.137,1.7551122,0.916,1.7559322,0.7734,-0.5205066,-0.634,1.1761426,1.201,1.2668235,0.9854,0.5780122,0.5728,0.3092551,0.6943,1.4183751,1.246,1.7472502,1.083,2.645787,1.517,2.8079555,1.3545,1.3519045,1.061,1.3699623,1.125,0.75590783,-0.09106,-1.2744023,0.0666,1.8237858,1.187,1.1359242,1.124,0.47152266,0.77
2,XZY,patch_x19376_y7952,external_test,external_test,D:\AIPatho\Patch\visiumhd_patch\2\XZY\patch_images\patch_x19376_y7952.png,-2.004897,-1.192,1.5632527,1.009,0.7562826,1.289,0.41811326,0.4473,0.492281,0.5776,2.4329972,-0.01715,1.3901395,0.7656,-1.185983,-0.668,1.0960056,0.688,0.12282685,0.6074,1.2025045,1.097,2.2751105,1.52,1.9821072,1.289,2.1713305,1.218,0.13785765,-0.2195,1.1701839,0.9937,0.679387,1.053,1.1426638,1.412,1.602814,1.528,1.5873241,1.189,2.3136072,1.216,2.797285,1.539,2.8586757,1.475,1.6696483,1.414,1.311797,1.217,0.82152903,0.1322,-0.9004323,0.2834,1.5211058,1.106,1.4698862,1.086,1.4417917,1.596
2,XZY,patch_x19376_y8176,external_test,external_test,D:\AIPatho\Patch\visiumhd_patch\2\XZY\patch_images\patch_x19376_y8176.png,-0.56043905,-0.8857,1.8750559,0.775,1.483933,0.957,-0.295933,0.4758,0.49545008,0.5513,0.5442116,-0.01631,-0.03915491,0.3438,-0.25654888,-0.5474,1.6173253,0.3008,-0.645728,-0.03098,0.08744033,0.789,1.3477932,1.028,1.7614561,1.156,2.3499439,0.5566,-0.33212414,-0.1261,1.0518275,0.801,1.0084757,0.449,1.7499468,1.333,1.8057235,1.382,1.1896707,1.063,1.872245,0.8813,1.9456375,1.1,1.5561292,1.057,1.4658005,0.7383,0.63203096,0.77,0.71390307,0.1128,0.1417841,1.001,1.0107132,1.03,0.23803401,0.454,1.6151235,1.35
2,XZY,patch_x19376_y8624,external_test,external_test,D:\AIPatho\Patch\visiumhd_patch\2\XZY\patch_images\patch_x19376_y8624.png,-2.0158625,-1.419,1.2403425,0.6157,-0.166075,-0.1559,0.4135667,0.9077,0.49182826,0.4094,1.8186517,-0.4092,1.1498781,0.4207,-1.0358499,-0.9385,1.1148055,1.077,-1.5489963,0.1957,1.3439169,0.998,1.6793885,1.103,2.588459,0.6875,2.214384,-0.0912,-1.3204206,-0.3027,1.2720857,1.054,1.7594029,0.608,0.112409,-0.11,-0.22894216,-0.052,1.4103394,1.011,2.018753,0.7314,2.0254352,0.898,2.1848762,0.797,1.274357,1.098,0.7099417,1.109,1.1070558,-0.1203,-0.9159741,-0.611,0.5126568,1.452,0.63613236,0.931,-0.093785636,0.088
2,XZY,patch_x19376_y8848,external_test,external_test,D:\AIPatho\Patch\visiumhd_patch\2\XZY\patch_images\patch_x19376_y8848.png,-1.9714742,-1.302,1.5572331,0.6035,0.5524481,0.3843,0.2821611,0.2964,0.49182826,0.52,2.31101,-0.558,0.6232498,-0.11896,0.17886089,-0.937,1.109415,0.6973,-0.9324292,-0.1219,1.0741181,0.5127,1.9588017,0.773,2.3445468,0.6143,1.4219806,0.34,-0.69311446,-0.4963,0.9891385,0.865,1.5815167,0.3503,1.0394545,0.2009,1.2216188,0.454,1.4626856,0.8013,1.5904578,0.619,2.6330645,0.761,2.1510987,0.694,1.3046436,0.759,1.7691348,0.838,0.8142232,-0.3027,-1.2319005,-0.1674,0.89646554,0.9995,0.830729,0.523,0.99460626,0.672
2,XZY,patch_x19376_y9072,external_test,external_test,D:\AIPatho\Patch\visiumhd_patch\2\XZY\patch_images\patch_x19376_y9072.png,-1.0736655,-1.307,1.0670776,0.7,0.61869025,0.001585,-0.56604266,0.744,0.49182826,0.4844,1.2718114,-0.3374,0.99665886,0.5254,-1.7704388,-0.804,0.609608,1.047,-1.1098069,0.2162,0.46146455,0.816,1.4216771,1.03,1.4232934,0.5757,1.9095117,0.0808,-0.14865415,-0.1675,1.1078119,0.9946,1.3234733,0.615,0.9068217,0.0948,0.83267623,0.09766,1.2717198,0.9727,2.031995,0.5693,2.6369607,0.966,2.5852277,0.7964,0.625548,0.987,1.0941075,0.945,0.959129,-0.0378,-0.24648887,-0.522,0.7164758,1.08,0.7476209,0.8247,0.95487136,0.2537
2,XZY,patch_x19376_y9296,external_test,external_test,D:\AIPatho\Patch\visiumhd_patch\2\XZY\patch_images\patch_x19376_y9296.png,-1.8525428,-0.695,1.4368792,0.8184,0.8479319,1.245,0.19812322,-0.04254,0.49001732,0.4978,1.3030652,-0.01492,0.7917189,0.2751,-1.3497399,-0.616,1.0043365,0.301,-0.64613664,0.589,1.0101105,0.752,1.2644362,1.179,0.88957125,0.3955,1.9337752,1.399,-1.4747239,0.2979,1.4698719,0.6157,1.0417721,0.5728,1.4294913,1.401,1.8357425,1.637,0.99076664,0.7173,1.1068265,0.379,2.0294106,0.3118,1.676694,0.3242,1.2855735,0.749,0.67246956,0.4636,1.1881543,0.00839,2.2051222,1.775,1.2146759,0.5444,0.7759184,0.6353,1.7468089,1.634
2,XZY,patch_x19376_y9520,external_test,external_test,D:\AIPatho\Patch\visiumhd_patch\2\XZY\patch_images\patch_x19376_y9520.png,-1.0647129,-0.8047,0.8073029,0.712,0.716991,0.719,0.3700419,0.9507,0.49545008,0.437,3.3457108,-0.01624,1.1106591,0.4685,1.8102207,-0.697,0.71410084,0.626,-0.5918143,0.2198,1.3963654,0.883,1.007149,1.225,1.7513767,0.4075,2.3973038,0.3425,-0.040808253,0.3762,1.0422945,0.4507,2.2494009,0.11774,1.182633,0.992,1.3357593,0.967,1.059176,0.811,0.8168224,0.343,1.6346247,0.238,1.5758021,0.1642,1.4636773,0.857,1.0479091,0.7363,1.2979984,0.0909,-0.32720858,0.3672,1.3931762,0.8457,0.8729651,0.6016,1.3303566,1.007
2,XZY,patch_x19376_y9744,external_test,external_test,D:\AIPatho\Patch\visiumhd_patch\2\XZY\patch_images\patch_x19376_y9744.png,-1.7924443,-1.107,1.6028062,0.5186,0.28576767,-0.3176,0.111222796,1.431,0.49273372,0.3833,0.6324817,-0.2507,0.47769594,-0.3477,-1.7421886,-0.935,1.2243099,1.107,-1.238723,0.4658,1.0075231,0.827,1.2985433,0.9917,2.1603436,-0.0791,2.3520977,-0.3623,0.375313,0.224,1.2867327,0.3396,2.1293623,0.3914,0.55586797,-0.2612,0.20119493,-0.4685,1.1187412,0.4365,1.13041,-0.3064,1.5826387,-0.3284,1.7880969,-0.3918,1.0862153,0.7305,1.2262563,0.571,0.8320249,-0.7026,9.800562e-05,-0.4666,0.7396855,0.7407,1.0392247,1.025,0.17482038,-0.4182
2,XZY,patch_x19376_y9968,external_test,external_test,D:\AIPatho\Patch\visiumhd_patch\2\XZY\patch_images\patch_x19376_y9968.png,-1.5975993,-1.063,0.83806896,0.3845,-0.5736292,-0.079,0.1468664,0.909,0.49092278,0.1704,-0.28572965,-0.5527,0.5742501,-0.08997,1.6099349,-0.857,0.6142676,0.6255,-0.7584949,-0.0461,0.81756926,0.536,2.2284453,0.867,2.0192776,0.76,1.6959504,-0.7935,-0.17548095,-0.3992,0.98591185,0.549,1.2736673,0.3699,0.47548097,-0.1503,-0.19730814,-0.2087,0.9554607,0.77,1.7877278,0.6724,1.7856039,0.7275,1.6581256,0.6807,0.7255392,0.7637,0.7701049,0.659,0.7169459,-0.593,-0.3678493,-0.7505,1.1817124,1.011,0.40871394,0.706,-0.19565287,-0.0443
2,XZY,patch_x19600_y10416,external_test,external_test,D:\AIPatho\Patch\visiumhd_patch\2\XZY\patch_images\patch_x19600_y10416.png,-0.52228886,-1.258,1.4549295,0.752,0.8584116,0.4583,1.5574521,0.3877,0.48911187,0.4731,-1.6183156,-0.9004,-0.24183777,-0.3442,0.16300048,-1.019,1.2268441,0.6167,0.675283,-0.952,0.9057764,0.533,1.5282267,1.014,0.32490528,1.427,1.5683167,-0.3264,-0.3729607,-0.5127,0.9245225,1.003,2.1140742,0.985,0.7149774,0.4893,0.98535275,0.524,1.204521,1.141,1.4028789,1.134,2.4093835,1.285,2.3584766,1.401,1.45697,0.924,1.484944,0.8936,0.45509967,-0.7114,-0.66908634,-0.3262,1.1523938,0.7446,0.8313746,-0.05203,0.93909633,0.7275
2,XZY,patch_x19600_y10640,external_test,external_test,D:\AIPatho\Patch\visiumhd_patch\2\XZY\patch_images\patch_x19600_y10640.png,-1.5371847,-0.6733,1.6127164,0.7153,0.86471665,0.7124,1.1035349,0.2625,0.49318644,0.588,0.5344928,-0.4568,0.4994574,-0.266,-0.5796902,-0.728,1.4706342,0.1985,0.9006529,-0.4,0.75378114,0.398,2.3514726,0.49,2.5673573,0.71,2.2112935,0.3235,1.2900809,0.2732,0.5859753,0.5205,1.4567481,0.5415,1.0800407,0.7397,1.2645723,0.769,1.3560574,0.6196,1.2646374,0.6562,1.6922803,0.476,0.98156244,0.6323,0.669343,0.544,0.6133322,0.312,0.7755518,-0.4163,0.639227,0.2512,0.8366285,0.369,1.2836276,-0.1714,1.335088,0.8555
2,XZY,patch_x19600_y10864,external_test,external_test,D:\AIPatho\Patch\visiumhd_patch\2\XZY\patch_images\patch_x19600_y10864.png,0.98829824,-0.1516,-0.2714405,0.1489,1.4790766,0.5435,-0.42882872,0.2437,0.49273372,0.1862,-0.75572616,-0.3083,0.4310532,-0.44,0.48031962,-0.1859,0.9488259,0.01545,-0.4651143,-0.1516,-0.6362313,-0.001039,0.48446274,-0.2034,0.19760242,0.1483,2.4175212,-0.02763,1.5280932,0.6987,-0.11614302,-0.08514,0.7331479,-0.0549,1.4641143,0.5723,1.6501409,0.5728,0.9885228,0.1592,0.29557976,0.03793,-0.048967242,0.3083,-0.1062009,0.3528,0.43883094,-0.007042,-0.40571317,-0.1644,0.51783925,-0.3892,1.3207138,0.1575,0.14242226,-0.2842,-0.7931339,-0.3853,1.1423261,0.4636
2,XZY,patch_x19600_y5712,external_test,external_test,D:\AIPatho\Patch\visiumhd_patch\2\XZY\patch_images\patch_x19600_y5712.png,2.42294,0.565,-0.9997759,-0.3418,0.761866,-0.1754,-1.5481805,-0.1161,0.49635556,-0.3376,-0.3082744,0.4995,0.61890763,0.1974,-0.14287712,0.5186,-1.6118687,-0.3572,-0.4113261,0.0233,-1.1924624,-0.328,-1.4372073,-0.3013,0.53849447,0.02728,1.1530436,0.04175,-0.46965557,0.1738,-0.28380942,-0.575,0.16797516,-0.2341,0.3677373,-0.2145,0.4622917,-0.2954,-0.94240594,-0.4841,-0.7670515,-0.1904,-0.9585353,-0.2042,-0.9953917,-0.2737,-1.5557876,-0.298,-0.56637335,-0.516,-0.30692714,-0.376,2.189265,-0.4407,-0.79758,0.00837,-0.20307863,-0.0353,1.0592333,-0.2283
2,XZY,patch_x19600_y5936,external_test,external_test,D:\AIPatho\Patch\visiumhd_patch\2\XZY\patch_images\patch_x19600_y5936.png,1.1104417,0.709,-1.0154041,-0.572,-0.09022057,-0.1643,-0.22124982,-0.5195,0.4895646,-0.8525,-0.025910456,0.08185,-0.89503324,-0.5015,0.16561554,0.1323,-1.4973757,-0.692,-0.38661635,-0.3713,-1.1498638,-0.845,-1.1182735,-0.6816,-0.26329976,-0.1772,-0.5376166,-0.0351,0.6024035,0.00797,-1.1382345,-0.747,-0.16224913,-0.3667,0.7607056,-0.2922,-0.30246034,-0.248,-1.5446562,-0.745,-0.7127777,-0.4758,-0.6520135,-0.3381,-0.094151154,-0.362,-1.3985835,-0.722,-1.2618353,-0.764,-0.87121,-0.581,0.40244412,-0.1532,-0.317223,-0.6025,-1.2927537,-0.6294,-0.27258965,-0.2725
2,XZY,patch_x19600_y6160,external_test,external_test,D:\AIPatho\Patch\visiumhd_patch\2\XZY\patch_images\patch_x19600_y6160.png,0.38817573,-0.239,-0.1203444,0.1307,-1.1292429,-0.1746,1.052087,0.327,-2.461783,-0.08716,0.86431724,-0.893,-0.99559057,-0.3093,1.2101935,-0.776,0.7516787,-0.04755,0.37319037,-0.3396,0.45673525,-0.1461,0.7585151,-0.0647,0.017305838,0.0793,-0.23988855,-0.585,1.9097469,0.4795,-1.5969331,-0.3267,-0.25066936,-0.4382,0.54591197,0.06805,-0.09049179,-0.1237,-0.34986618,-0.03293,-0.3527865,0.1605,-0.24119106,0.006214,-0.84567815,-0.05234,-1.1016338,-0.169,-0.8757865,0.01782,-0.7665679,-0.2563,0.11751364,-0.713,-0.20231277,-0.03046,-0.73454756,-0.154,-0.15012836,-0.02135
2,XZY,patch_x19600_y6384,external_test,external_test,D:\AIPatho\Patch\visiumhd_patch\2\XZY\patch_images\patch_x19600_y6384.png,1.3556138,0.384,0.5263025,0.4192,0.71217257,1.203,-0.24606802,0.3176,0.47915182,0.0428,-0.53678143,-0.1215,1.3635356,-0.8,-0.38261303,-0.3079,-0.060178608,0.2285,-0.46734673,1.291,-0.3945102,0.329,-0.95179856,0.013306,1.7024558,-0.518,1.864599,0.1863,1.8135586,1.306,0.109769344,-0.3057,0.69990045,0.4958,0.9147133,1.337,1.5931507,1.23,0.478341,-0.2512,0.0050974726,-0.3137,0.63048065,-0.5586,0.46710497,-0.5083,-0.39157197,-0.0723,-1.4953936,-0.4597,1.076708,-0.9336,-0.3566649,0.5723,0.34175026,-0.1244,0.7406927,0.5835,1.1514565,1.093
2,XZY,patch_x19600_y6608,external_test,external_test,D:\AIPatho\Patch\visiumhd_patch\2\XZY\patch_images\patch_x19600_y6608.png,-1.9600871,-1.633,0.6986579,0.8335,0.40465805,0.6787,0.7620565,0.832,0.49273372,0.4114,2.9894555,-0.7456,1.6227926,-0.1,0.5743234,-1.324,1.102666,0.913,-0.22519155,-0.3823,1.121227,0.9272,1.2816005,1.12,1.7266854,1.808,1.8825697,-0.0569,-0.32683063,-0.6226,1.1511004,1.163,1.1622475,0.911,0.83470273,0.749,0.5714302,0.6807,1.3554317,1.244,1.8638219,1.523,2.370362,1.6,2.1430202,1.6875,1.2944504,1.114,1.1393924,1.337,1.5781842,-0.4146,-0.1663314,-0.3137,1.3012555,1.087,1.3762804,0.6343,0.59104896,0.935
2,XZY,patch_x19600_y6832,external_test,external_test,D:\AIPatho\Patch\visiumhd_patch\2\XZY\patch_images\patch_x19600_y6832.png,-2.0465443,-1.416,1.5216295,0.613,0.74800956,0.844,0.37279916,0.4287,0.49273372,0.6494,2.5537143,-0.2322,1.6079625,0.07056,0.8542416,-0.8887,1.1203456,0.6,-0.77153045,-0.4944,1.2849417,0.5522,1.5452317,0.6743,1.4481688,1.561,1.4814585,0.4226,-0.10852357,-0.5913,1.1546592,0.983,1.0103759,0.915,1.2247204,0.7197,0.9853046,0.762,1.3742331,1.09,1.8812916,1.522,2.9054096,1.537,2.8957474,1.5,1.8478403,0.9976,1.8230889,1.034,1.4535457,-0.359,-0.9433987,-0.3508,1.4397348,0.8403,0.69699806,0.1733,0.9301281,0.975
2,XZY,patch_x19600_y7056,external_test,external_test,D:\AIPatho\Patch\visiumhd_patch\2\XZY\patch_images\patch_x19600_y7056.png,-0.21636966,-1.6045,0.69031656,0.7524,0.8043609,0.896,0.5325442,0.1896,0.49273372,0.6343,0.9217734,-0.7676,0.41101345,-0.1752,-0.6442949,-1.051,1.2630363,0.6426,-0.55181265,-0.6743,1.4365466,0.4624,2.1123967,0.952,1.6968478,1.569,2.2942338,0.734,0.35544598,-0.8047,1.2591553,1.326,0.93301356,1.104,1.4560897,0.585,1.5984594,0.854,1.3071285,1.153,1.8727478,1.592,2.5591633,1.668,2.358061,1.615,1.9552019,1.09,1.4418627,1.247,0.83861035,-0.575,-0.50069445,0.02415,1.5910412,0.8936,1.0274317,0.1967,1.378279,1.101
2,XZY,patch_x19600_y7280,external_test,external_test,D:\AIPatho\Patch\visiumhd_patch\2\XZY\patch_images\patch_x19600_y7280.png,-2.0528705,-1.586,1.5748197,0.904,1.224701,1.372,-0.48553643,0.2222,0.49454463,0.6494,0.60925305,-0.545,1.3867595,-0.1906,-1.944808,-1.501,1.0322363,0.5845,-0.8322675,-0.2197,0.58705086,0.7837,1.9590118,1.283,1.951038,1.658,2.3337502,0.623,-0.89450336,-0.507,0.804123,1.225,1.0535887,1.287,1.6512326,1.418,2.00052,1.622,1.366138,1.122,1.6859307,1.429,2.2258596,1.642,2.063606,1.871,1.4446036,1.598,1.6088415,1.34,1.024102,-0.684,1.778812,1.551,1.6922169,0.829,1.170712,0.5703,1.7250453,1.682
2,XZY,patch_x19600_y7504,external_test,external_test,D:\AIPatho\Patch\visiumhd_patch\2\XZY\patch_images\patch_x19600_y7504.png,-1.5734591,-1.29,0.713465,0.9263,0.7526135,1.086,-0.23090775,0.4766,0.49545008,0.6553,2.551337,-0.001793,0.251936,-0.02072,-1.1792746,-0.3782,0.887773,0.732,-0.6435339,0.2261,0.75750875,0.912,1.3780446,1.229,1.9052467,1.687,1.6016557,0.682,-0.54265505,-0.306,1.0402265,0.9727,0.89442575,1.089,1.3081487,1.009,1.3241518,1.122,1.3482172,1.04,1.5957999,1.215,2.318207,1.439,2.1435401,1.45,1.7601894,1.325,1.3261076,0.941,0.66021556,-0.4004,0.8215807,-0.13,1.3304899,0.989,0.8805128,0.719,1.276269,1.196
2,XZY,patch_x19600_y7728,external_test,external_test,D:\AIPatho\Patch\visiumhd_patch\2\XZY\patch_images\patch_x19600_y7728.png,0.12766178,-1.616,0.8232212,1.271,0.7231512,1.15,0.19698463,0.4988,0.4968083,0.4814,1.3266643,0.264,0.9526759,0.77,1.4197646,-0.3242,1.0288111,0.87,-1.4209152,0.5835,0.97759676,1.166,1.6776012,1.722,1.6587273,1.682,2.2072377,1.253,-0.91818714,-0.4023,1.3057066,1.229,0.92910683,1.449,1.3919185,1.202,1.334525,1.267,1.3288621,1.394,1.6968601,1.582,2.7254744,2.11,2.61934,2.15,1.4028766,1.614,1.3696675,1.377,0.5080033,-0.11957,0.09867855,-0.1736,0.5285879,1.636,0.5843699,1.263,1.4784218,1.417
2,XZY,patch_x19600_y7952,external_test,external_test,D:\AIPatho\Patch\visiumhd_patch\2\XZY\patch_images\patch_x19600_y7952.png,-1.286001,-1.623,0.8283458,0.8423,-0.5336805,0.4211,0.21454655,0.418,0.492281,0.7427,1.7793778,-0.2979,1.0996855,0.24,-0.932064,-0.5806,1.094276,0.6685,-1.2151654,-0.2783,0.8633769,0.78,1.8383029,1.225,1.9885995,1.391,1.2781599,0.643,-1.4564357,-0.352,0.99481165,1.042,0.8049003,0.8096,0.10050578,0.3923,-0.08178096,0.4812,1.4557192,1.06,1.7314645,0.995,3.0991144,1.498,3.0038133,1.475,1.7287362,1.2295,1.4262745,0.956,0.37288693,-0.211,-1.2605884,-0.6133,1.3831501,1.113,0.3843133,0.627,0.27697182,0.6343
2,XZY,patch_x19600_y8176,external_test,external_test,D:\AIPatho\Patch\visiumhd_patch\2\XZY\patch_images\patch_x19600_y8176.png,-0.7546772,-1.433,1.6086344,0.9272,0.037986938,0.6436,-0.0028155902,0.601,0.49137554,0.6045,0.48575392,-0.4036,0.09653048,-0.02116,2.2382774,-0.961,1.433914,0.538,-0.58555806,-0.61,0.8384674,0.6436,1.3718476,1.07,2.4346085,1.401,1.6403997,-0.10156,-0.7774772,-0.3723,0.94096035,0.8765,1.3423312,0.418,0.18961796,0.7964,0.84335274,0.963,1.5837768,1.045,1.9457263,0.968,2.8735647,1.177,2.622676,1.178,2.0127385,1.07,1.0638874,0.8438,0.5019747,-0.4387,-1.2787564,0.02548,0.74121815,0.9995,0.7584237,0.1802,0.8754165,1.05
2,XZY,patch_x19600_y8400,external_test,external_test,D:\AIPatho\Patch\visiumhd_patch\2\XZY\patch_images\patch_x19600_y8400.png,-1.5738763,-0.8066,0.9172507,0.507,0.20756637,0.2223,-0.34763724,0.9253,0.48730096,0.4146,2.519902,-0.2205,0.32078856,0.3174,2.0703173,-0.544,0.5837055,0.711,-1.1635232,0.1936,0.44808877,0.655,1.1903177,0.4265,1.7896764,0.4673,1.0294498,0.00914,-0.8899105,0.2666,1.1000732,0.526,0.12909839,0.3945,0.16525765,0.3206,0.14936867,0.348,1.3267301,0.7104,2.1197598,0.3745,1.9493873,0.2018,1.7357242,0.175,1.7098682,0.6675,1.0740613,0.6353,0.49264625,-0.12036,-1.4761119,-0.1469,0.44956586,0.7227,0.4093244,0.4985,0.35407886,0.4985
2,XZY,patch_x19600_y8624,external_test,external_test,D:\AIPatho\Patch\visiumhd_patch\2\XZY\patch_images\patch_x19600_y8624.png,-2.0098526,-1.63,0.5494389,0.6924,-0.5605453,0.0376,0.54975325,1.04,0.49182826,0.4382,0.31857777,-0.515,1.3256329,-0.08746,-1.190914,-1.079,1.3952565,1.168,-1.3077942,-0.309,1.4570214,0.855,2.179124,1.174,2.5883784,1.253,1.6598862,-0.4805,-0.3067255,-0.6475,1.2920741,1.044,1.1562822,0.6953,0.10008647,0.04855,-0.25981033,0.09045,1.4113747,1.016,2.0835154,0.992,2.3378925,1.144,2.3441172,1.078,1.7458391,1.271,1.4775885,1.296,0.7300509,-0.3936,-0.41179553,-0.552,0.97079414,1.246,0.6375706,0.7075,0.18812983,0.3943
2,XZY,patch_x19600_y8848,external_test,external_test,D:\AIPatho\Patch\visiumhd_patch\2\XZY\patch_images\patch_x19600_y8848.png,-1.0522643,-0.808,1.0355086,0.988,0.76777494,0.996,-0.081135154,0.4644,0.49137554,0.417,-0.5277938,0.1909,0.50656754,0.536,-0.7603066,-0.29,0.9588339,0.5103,-0.2901471,0.184,0.59456754,0.874,1.9554083,1.02,1.6103446,0.6426,1.9892278,0.87,-1.4099885,-0.1642,1.4056455,1.0,1.5954343,0.6494,0.7154344,1.13,1.3967549,1.117,1.2239926,1.14,1.8294145,0.92,2.735917,1.025,2.6590707,0.8936,1.3554565,0.955,1.5585791,0.9946,0.99787754,0.4211,-1.364149,0.1259,0.24043629,0.875,0.49300674,0.6846,1.312747,1.203
2,XZY,patch_x19600_y9072,external_test,external_test,D:\AIPatho\Patch\visiumhd_patch\2\XZY\patch_images\patch_x19600_y9072.png,-1.1930785,-1.694,0.91260743,0.7227,0.6778882,0.903,0.27712902,0.1344,0.49047005,0.542,-0.2543607,-0.3604,1.0549927,0.136,-1.907257,-1.257,1.1401293,0.4304,-1.1598278,-0.0829,1.1767879,0.6753,1.9085342,1.158,1.9138232,1.294,1.6637162,0.4885,-0.5157855,-0.7725,1.2815219,1.093,1.6988393,0.858,0.73148304,0.8228,1.0640068,0.9175,1.3756196,1.104,1.7452295,1.386,2.8453255,1.695,2.4985547,1.687,1.6840048,1.306,1.4334276,1.237,0.7936778,-0.08997,0.6386621,-0.1057,0.7795301,0.9443,1.2492754,0.6587,1.102329,1.119
2,XZY,patch_x19600_y9296,external_test,external_test,D:\AIPatho\Patch\visiumhd_patch\2\XZY\patch_images\patch_x19600_y9296.png,-1.9433228,-1.533,1.1187595,1.124,0.92517424,1.133,-0.4175329,0.4968,0.49273372,0.524,0.2392313,-0.661,-0.7312098,0.1305,-0.62435967,-1.414,0.9548293,0.717,-1.2496747,-0.018,1.1594112,0.9375,1.8827803,1.523,1.6636046,1.201,1.9069638,0.622,-1.084253,-0.1071,1.200959,1.085,1.19672,0.948,0.7799967,1.205,1.3186427,1.44,1.3617584,1.198,2.059147,1.011,1.6665673,1.144,1.6168809,1.13,1.5379572,1.288,1.4222,1.134,0.8988737,-0.3232,1.2644103,1.065,0.5116282,1.307,0.82181007,0.698,1.1649884,1.5
2,XZY,patch_x19600_y9520,external_test,external_test,D:\AIPatho\Patch\visiumhd_patch\2\XZY\patch_images\patch_x19600_y9520.png,-1.7322407,-1.188,0.58357626,0.744,0.7845013,0.501,0.13066672,0.4636,0.49047005,0.369,-0.47846866,-0.5664,0.2712267,0.333,-1.0661144,-1.003,1.1617169,0.5728,-1.3638191,-0.2416,1.1543847,0.654,2.117902,1.06,1.7724485,1.297,1.5981779,-0.10126,-1.8261623,-0.39,1.3228801,1.0205,1.2182918,0.6113,0.67426115,0.4812,0.6415888,0.603,1.291883,1.147,1.6949413,1.241,2.4987674,1.365,2.495792,1.292,0.9876792,0.955,1.2010673,0.8896,1.2454904,-0.2102,-1.1031024,-0.3135,0.62333894,1.057,1.0082175,0.34,0.7500075,0.81
2,XZY,patch_x19600_y9744,external_test,external_test,D:\AIPatho\Patch\visiumhd_patch\2\XZY\patch_images\patch_x19600_y9744.png,-1.6420932,-0.958,1.5022295,0.8706,0.84645593,0.2368,0.95474464,0.5723,0.49001732,0.237,-0.6505545,-0.0433,-0.010054151,0.04852,-0.98230577,-0.3784,0.9478007,0.3225,-0.2624942,-0.3757,1.3775138,0.5713,2.1730669,0.8965,2.3457522,1.3,1.4688312,-0.04843,-0.4301882,-0.261,1.0048712,0.6807,1.3563689,0.4634,1.1094468,0.59,1.3081042,0.5327,0.98925465,0.8975,1.9508153,0.932,2.3036764,0.8022,2.3407671,0.8364,1.1379496,0.768,1.0868307,0.856,0.716785,-0.539,-1.3681308,-0.429,1.5456171,0.929,0.70207053,0.1915,1.4110287,0.7236
2,XZY,patch_x19824_y10192,external_test,external_test,D:\AIPatho\Patch\visiumhd_patch\2\XZY\patch_images\patch_x19824_y10192.png,-1.9439554,-1.452,1.2886845,0.7715,0.71923494,0.7617,0.5411991,0.737,0.4895646,0.4001,1.9270163,-1.167,-0.048629858,-0.324,-1.8606657,-1.79,0.88820755,0.8154,0.13072434,-0.3752,1.5293769,0.8833,2.204752,1.2705,1.9264723,1.466,2.0675693,-0.07275,0.34319857,-0.1409,0.92917407,0.982,1.8057919,0.377,1.0230553,0.9824,1.3799146,0.995,1.3214434,1.166,1.0750003,1.22,2.354596,1.395,2.4120238,1.4375,1.4085196,1.097,1.4205321,1.107,0.8305593,-0.7495,-0.97425836,0.5366,0.7228147,0.722,1.3026139,0.3806,1.3354831,1.137
2,XZY,patch_x19824_y10416,external_test,external_test,D:\AIPatho\Patch\visiumhd_patch\2\XZY\patch_images\patch_x19824_y10416.png,-1.0220596,-1.135,1.1940826,0.7744,-0.50175905,0.2004,1.3063325,0.943,0.49047005,0.551,0.86156857,-0.406,0.84642345,-0.4668,-0.6637242,-0.982,1.6401526,0.9795,-0.16125709,-0.321,0.9171242,0.592,2.0957987,1.01,2.119281,0.6772,2.026322,-0.3374,0.62679666,-0.04385,1.0196277,0.738,1.2987494,0.2076,0.25386363,0.366,0.16418718,0.4077,0.8931683,0.7783,1.6312901,0.4033,2.5320754,0.543,2.3342228,0.4348,1.0872685,0.8716,1.2538202,0.794,1.0191933,-0.628,-0.31315792,-0.1893,0.57439846,0.7046,1.1134952,0.4243,-0.042259414,0.4834
2,XZY,patch_x19824_y10640,external_test,external_test,D:\AIPatho\Patch\visiumhd_patch\2\XZY\patch_images\patch_x19824_y10640.png,-1.6266996,-1.093,1.6936018,0.8447,0.4442295,0.5586,1.5224274,0.5386,0.49047005,0.49,0.57271665,-0.4473,0.8679919,-0.01913,-1.615019,-1.035,1.5055741,0.4976,-0.082417496,-0.7183,1.1873118,0.433,1.4936138,0.6357,1.0963899,0.814,1.8222922,-0.1404,-0.13147259,0.05252,0.80165267,0.7505,2.183694,0.3772,0.7570077,0.723,1.056129,0.852,1.1210988,0.8315,1.4035004,0.6406,1.9398199,0.68,1.694859,0.737,1.4757459,0.6396,1.1751647,0.604,1.1195253,-0.2395,-0.54680455,0.1271,0.29058406,0.496,0.3769859,-0.1997,1.0980461,0.8926
2,XZY,patch_x19824_y10864,external_test,external_test,D:\AIPatho\Patch\visiumhd_patch\2\XZY\patch_images\patch_x19824_y10864.png,-1.0207609,-0.9014,0.5599586,0.684,1.0614856,0.656,0.9087301,0.742,0.49092278,0.4878,0.08594419,-0.661,0.9556654,-0.2627,-0.0898206,-1.252,1.4396762,0.4363,-1.8319848,-0.494,1.2042043,0.5493,2.2784405,0.337,1.3794748,1.131,1.7331812,-0.13,0.060274307,0.2277,0.032518864,0.5425,1.3658025,0.3577,0.7878344,0.934,0.90201247,0.965,0.93955743,0.84,1.1435122,0.8545,1.9643587,0.7505,2.398894,0.897,0.94921213,0.915,1.1090921,0.5435,1.1068426,-0.751,-0.84241766,0.1565,0.56024045,0.4827,-0.3075544,0.04752,1.3343085,1.03
2,XZY,patch_x19824_y7056,external_test,external_test,D:\AIPatho\Patch\visiumhd_patch\2\XZY\patch_images\patch_x19824_y7056.png,0.3253782,-0.9307,-0.60638094,0.8496,1.203319,0.8354,0.33933464,0.8413,0.48367912,0.3433,2.3760269,-0.686,-0.40536922,-0.1342,0.17035784,-0.9893,0.7907945,0.587,-0.89763975,-0.6523,0.65773696,0.7354,2.1441867,0.457,0.7030717,1.122,2.0248046,0.2573,1.5040989,0.11224,-0.15014455,0.8003,-0.15613006,0.3804,0.8811519,1.106,1.0299964,1.133,1.3396568,0.988,1.6943269,0.9585,1.1655877,0.9263,0.8518112,1.095,1.5622624,0.8076,0.3334413,0.64,0.2037077,-0.5537,-0.22852889,0.4873,-0.38218334,0.4028,0.14376426,-0.12305,1.0813013,1.183
2,XZY,patch_x19824_y7280,external_test,external_test,D:\AIPatho\Patch\visiumhd_patch\2\XZY\patch_images\patch_x19824_y7280.png,-0.21246456,-1.258,1.0848463,0.7476,1.1245884,0.6455,0.36233863,0.842,0.49001732,0.4368,0.8152294,0.005444,1.1138196,0.2373,-1.4658898,-0.565,1.0859747,0.693,0.51136196,0.186,1.2500916,0.941,0.80563056,0.8745,1.9764374,1.278,2.118738,0.7476,-0.051406134,-0.03662,1.0516993,0.8984,1.0434327,0.943,1.3796068,0.924,1.6690285,0.904,1.6127506,1.01,1.6768304,0.839,2.424223,0.928,2.512863,1.006,1.8081728,1.092,1.4236821,0.9644,0.61106664,-0.1434,-0.029464971,0.094,0.8517987,1.165,1.2278908,0.7,1.6077104,0.939
2,XZY,patch_x19824_y7504,external_test,external_test,D:\AIPatho\Patch\visiumhd_patch\2\XZY\patch_images\patch_x19824_y7504.png,0.46062994,-0.09265,1.2806861,0.7847,0.6840673,1.386,0.23987031,0.10376,0.4968083,0.7007,3.7418456,0.6553,1.9469672,0.4346,0.82029474,0.7417,1.0413319,0.36,1.4762928,1.098,1.539609,0.785,1.9153428,0.543,1.8017192,0.418,2.943443,1.294,0.6537384,0.3806,0.67820644,0.4097,1.5603637,0.803,2.0665112,1.446,2.0543058,1.328,1.0814694,0.512,1.6387933,0.3774,2.6621487,0.2578,2.1388943,0.3203,1.592806,0.9546,1.5391382,0.4395,0.71921957,-0.03958,2.3877602,0.0328,1.0624774,0.599,2.1692147,1.201,1.8207612,1.333
2,XZY,patch_x19824_y7728,external_test,external_test,D:\AIPatho\Patch\visiumhd_patch\2\XZY\patch_images\patch_x19824_y7728.png,2.3047073,-0.958,1.7127517,1.256,0.75726604,1.711,0.30478433,0.6245,0.49590284,0.673,3.575396,0.554,1.544345,0.7666,-0.61052305,-0.146,0.6039696,0.686,-1.1452981,0.74,1.345482,0.99,1.8643333,0.947,1.6634374,0.825,2.4093773,1.682,0.56761044,0.2563,1.25832,0.876,1.3573965,0.912,1.7587904,1.859,1.9366099,2.027,1.592212,0.9956,1.9218506,0.7393,2.6566386,0.6733,2.5479825,0.731,1.5984559,1.263,1.0955195,0.8853,0.8266503,0.0606,2.5323422,1.119,2.2879367,1.025,0.118726745,0.9604,1.8222921,2.002
2,XZY,patch_x19824_y7952,external_test,external_test,D:\AIPatho\Patch\visiumhd_patch\2\XZY\patch_images\patch_x19824_y7952.png,0.005919336,-1.208,1.0233954,0.952,-0.48228723,0.468,0.007966774,0.6006,0.492281,0.3862,0.3144478,-0.01477,0.9664819,0.3262,-0.31430376,-0.843,1.0364075,0.4958,-1.2042531,-0.156,1.0127565,0.8237,1.4871775,1.043,2.3920922,1.686,1.6748781,0.1006,-0.47190773,-0.3345,1.155905,0.8545,1.2740239,0.829,0.35391676,0.699,0.11445221,0.8203,1.2789958,1.144,2.0894294,1.401,2.9194345,1.392,2.9479249,1.422,1.8857479,1.143,1.2582809,0.898,0.37868387,-0.511,-0.63645947,-0.2034,1.4545871,1.24,0.7349101,0.614,0.14402156,0.956
2,XZY,patch_x19824_y8176,external_test,external_test,D:\AIPatho\Patch\visiumhd_patch\2\XZY\patch_images\patch_x19824_y8176.png,-0.9329602,-1.079,1.3022535,0.521,-0.28341025,0.2264,0.6040539,0.8613,0.49137554,0.5083,-0.66516525,-0.8086,0.2746961,0.0282,-0.9302847,-1.29,1.5064224,0.877,-1.0234761,-0.8096,1.0426052,0.6655,0.9258713,0.4573,1.8156474,1.18,1.6918639,-0.716,-0.6297329,-0.5146,1.2042418,0.8853,0.20793384,0.2109,0.7680128,0.1919,0.5463396,0.2133,1.1266054,1.025,1.7686945,1.057,2.5234044,1.184,2.2535396,1.163,1.8344065,0.926,0.7213946,0.9536,0.2486668,-0.309,-0.51389474,-0.4832,0.8303094,0.826,0.3887931,0.09937,0.50002545,0.563
2,XZY,patch_x19824_y8400,external_test,external_test,D:\AIPatho\Patch\visiumhd_patch\2\XZY\patch_images\patch_x19824_y8400.png,-1.3922106,-0.9805,-0.66692746,0.442,0.37895006,0.4233,-0.17320856,0.623,0.49047005,0.2155,0.0035084449,-0.863,0.43033347,-0.419,-1.425612,-0.8745,1.3504088,0.8057,-1.012616,-0.3718,0.8358047,0.537,1.6884545,0.738,1.8039515,0.77,2.0115602,0.0935,0.35725814,0.2615,0.9164432,0.412,0.71334904,0.2979,0.14431947,0.463,0.00032628232,0.413,1.034876,0.65,1.4197146,0.658,2.3651922,0.4363,2.583899,0.576,0.83015054,0.66,1.3196204,0.5176,0.98158914,-0.382,-0.7890339,-0.1293,0.26559377,0.4238,0.59558535,0.1436,0.60851544,0.5674
2,XZY,patch_x19824_y8624,external_test,external_test,D:\AIPatho\Patch\visiumhd_patch\2\XZY\patch_images\patch_x19824_y8624.png,-1.9004105,-1.313,0.7856849,0.854,0.41508734,0.4832,-0.63265765,0.549,0.492281,0.6914,-1.1824442,-0.774,-0.15089977,-0.06122,-1.108267,-1.414,1.110851,0.507,-1.3356855,-0.728,0.9198296,0.6665,1.1016682,0.83,2.0224745,1.508,1.4117773,-0.4463,-0.7226825,-0.4846,0.96651745,1.094,0.5499338,0.593,0.64828575,0.5186,0.5833224,0.609,1.5136325,1.0625,1.940032,1.281,2.3589742,1.399,2.1306257,1.3955,1.776725,1.142,1.4431838,1.042,0.9931065,-0.542,-1.6303979,-0.2727,1.1076677,0.9043,0.3586933,0.157,0.8294562,0.821
2,XZY,patch_x19824_y8848,external_test,external_test,D:\AIPatho\Patch\visiumhd_patch\2\XZY\patch_images\patch_x19824_y8848.png,-1.9485946,-1.338,1.0465679,0.797,0.74426615,0.7495,-0.039262224,0.4116,0.49001732,0.4988,0.099821076,-0.4192,-0.30766487,0.05258,-1.0921435,-1.34,1.3606213,0.4277,-0.9838433,-0.3545,0.99189556,0.5537,1.85225,0.9453,1.9990404,1.123,1.7651865,0.0955,-0.8125747,-0.3857,1.1417767,0.9067,1.4394614,0.666,1.2535548,0.695,1.3390354,0.8413,1.4522134,0.983,2.0810869,1.057,2.2066362,1.173,2.1253364,1.25,0.87965596,0.735,1.5418628,0.836,0.8803926,-0.07916,-0.6482413,0.0388,0.14398175,0.6357,-0.11091562,0.2134,1.1890037,0.9883
2,XZY,patch_x19824_y9072,external_test,external_test,D:\AIPatho\Patch\visiumhd_patch\2\XZY\patch_images\patch_x19824_y9072.png,-1.9204433,-1.77,1.6213049,1.104,0.8450336,1.159,-0.48330015,0.2595,0.49137554,0.5684,0.105755754,-0.3394,0.43477795,0.176,-1.8443241,-1.531,1.0861157,0.4937,-1.0742215,-0.149,0.6476924,0.797,1.4808322,1.386,1.7458062,1.371,0.8308037,0.7285,-1.593305,-0.4172,1.1316733,1.3,1.4669117,1.197,1.0728369,1.188,1.7446523,1.401,1.4285613,1.202,2.0923924,1.469,2.0650089,1.669,1.8988103,1.604,1.5093633,1.198,0.999496,1.422,0.9317318,-0.1946,0.43826082,1.121,0.78532183,1.093,0.3198478,0.589,1.5812707,1.431
2,XZY,patch_x19824_y9296,external_test,external_test,D:\AIPatho\Patch\visiumhd_patch\2\XZY\patch_images\patch_x19824_y9296.png,-1.9541826,-1.375,1.4956793,0.7505,0.6717726,0.6953,-0.25870997,0.2925,0.49047005,0.388,-1.9163969,-0.816,-0.2931969,0.2966,-1.8705751,-1.131,1.2337694,0.5825,-0.7156621,-0.1261,0.9384979,0.738,1.1910642,1.01,2.0718193,1.325,1.5734094,0.228,-0.22634272,-0.5103,1.3255377,1.118,0.916871,0.644,0.7309423,0.6235,1.3428619,0.7476,1.420053,1.125,1.8984967,1.338,1.497196,1.574,1.2077799,1.53,1.1029326,0.9116,1.0020812,1.162,0.98373014,0.1184,-1.0029818,0.11914,0.15784769,0.991,0.17013615,0.557,1.2908742,0.972
2,XZY,patch_x19824_y9520,external_test,external_test,D:\AIPatho\Patch\visiumhd_patch\2\XZY\patch_images\patch_x19824_y9520.png,-1.0845288,-1.111,0.46888608,0.8364,1.0406152,0.7637,0.7755061,0.6616,0.49273372,0.1359,0.9849009,-0.3486,1.6965294,0.438,-1.3142134,-1.247,0.7411685,0.5693,-0.8170474,0.1732,1.4303234,0.7324,1.588583,1.121,1.5553038,0.899,2.121507,0.5615,-0.46658507,-0.001868,1.2448049,0.819,1.487562,0.4404,1.3014848,1.007,1.6058098,1.199,1.2767025,1.009,1.7173396,1.029,2.5425298,1.014,2.36672,1.016,1.5158998,1.001,1.136847,0.8765,1.1942652,0.03857,-0.6748171,0.2413,1.0775839,0.8843,1.1157929,0.545,1.4858547,1.202
2,XZY,patch_x19824_y9744,external_test,external_test,D:\AIPatho\Patch\visiumhd_patch\2\XZY\patch_images\patch_x19824_y9744.png,-1.0760804,-1.561,0.6203924,0.8354,1.0274913,0.744,0.020777054,0.3958,0.49318644,0.5615,-0.89459246,-0.2217,1.2447793,0.3865,-1.064582,-1.19,0.9398479,0.757,-1.3438748,0.02931,1.0687476,0.8833,1.412726,1.364,1.050707,1.754,2.4246187,0.8154,-0.3959041,-0.4792,1.257103,1.254,0.5829587,1.107,1.384015,0.802,1.7311227,0.996,1.0477495,1.218,1.7624539,1.738,2.890294,1.859,2.6989381,1.811,1.5790458,1.362,1.5767994,1.388,0.94394207,-0.2261,-1.305274,-0.08417,1.6290064,1.414,0.90273875,0.8647,1.6054142,1.121
2,XZY,patch_x19824_y9968,external_test,external_test,D:\AIPatho\Patch\visiumhd_patch\2\XZY\patch_images\patch_x19824_y9968.png,0.2106811,-1.581,0.98833805,0.5283,0.8433036,0.1705,-0.66056865,0.312,0.49273372,0.3425,1.4867569,-0.9443,0.5482224,-0.1499,0.70469433,-1.536,1.4112746,0.6855,-1.2366601,-0.553,0.67105263,0.645,1.1515082,1.313,1.5226629,1.419,1.2103082,-0.4014,-0.4939641,-0.881,0.91252023,1.052,1.0397007,0.6904,0.9282169,0.03093,1.2648216,0.09814,1.3735802,0.96,2.0302746,1.146,2.5684564,1.173,2.4148269,1.162,1.7210084,1.1,0.7991581,1.109,1.406666,-0.3857,-1.2687122,-0.624,0.30067682,1.021,0.8942142,0.4294,1.072084,0.3982
2,XZY,patch_x20048_y10192,external_test,external_test,D:\AIPatho\Patch\visiumhd_patch\2\XZY\patch_images\patch_x20048_y10192.png,-1.6699282,-1.075,1.4276744,0.745,0.8897519,0.634,0.33999038,0.3477,0.49092278,0.2052,0.25204784,-0.1929,0.80823034,-0.0194,-0.7901257,-0.6763,1.1199623,0.1749,-0.17102024,-0.4397,1.2266551,0.459,1.4351761,0.918,1.8362943,0.8823,1.8587949,0.3838,-0.44396725,-0.1082,1.1262537,0.709,0.38033125,0.6504,0.87701434,0.717,1.7040321,0.8716,1.1069577,0.733,1.7740964,0.664,1.942622,0.4114,2.004083,0.562,1.1126117,0.728,0.9799348,0.5327,1.0158124,-0.7812,-1.0983682,0.0498,0.57906425,0.675,0.7635191,0.04468,1.4542015,0.927
2,XZY,patch_x20048_y10416,external_test,external_test,D:\AIPatho\Patch\visiumhd_patch\2\XZY\patch_images\patch_x20048_y10416.png,-1.8456894,-1.197,1.2464112,0.845,-0.14429694,0.0423,1.2165548,1.13,0.49047005,0.3892,3.4926426,-0.1345,0.6476121,0.0583,-1.1868862,-0.268,1.5422821,0.88,-0.4484605,-0.09644,1.8248854,0.7393,1.3680075,0.992,1.6077651,0.4639,2.0538986,-0.1566,-0.5734598,0.2937,1.0220234,0.455,1.3427658,0.3987,0.35852948,0.2664,0.28162593,0.2498,1.2195073,0.694,1.1986665,0.1538,1.7559898,0.12256,1.4480665,-0.02744,1.2047731,0.756,1.4191555,0.5356,0.76702124,-0.5444,-0.6387743,-0.347,0.81993437,0.8267,1.1587336,0.552,0.17030962,0.2036
2,XZY,patch_x20048_y10640,external_test,external_test,D:\AIPatho\Patch\visiumhd_patch\2\XZY\patch_images\patch_x20048_y10640.png,-1.1576164,-0.7666,2.1296554,0.3958,1.0663482,0.42,-0.4030399,0.609,0.49092278,0.0599,-1.3418869,-0.862,-0.47319645,-0.2047,-1.2444627,-1.135,2.00946,0.3228,-0.6732254,-0.21,1.0624002,0.393,0.45776385,0.5063,-0.19615228,0.7373,2.2055893,-0.1873,-0.34942704,0.2622,0.29614887,0.3154,0.2887244,0.281,0.94376904,0.651,1.6892678,0.5996,0.92602915,0.6753,0.6128043,0.6895,2.434548,0.5215,2.604441,0.6167,1.6908072,0.5864,0.8165206,0.4993,0.63548106,-0.4292,-1.1530949,0.02162,0.1749908,0.3706,0.11465285,0.1292,1.6350071,0.7407
2,XZY,patch_x20048_y11088,external_test,external_test,D:\AIPatho\Patch\visiumhd_patch\2\XZY\patch_images\patch_x20048_y11088.png,-0.3202464,0.1782,-0.31309798,0.0889,1.833915,0.9146,0.4469992,-0.2181,0.48865914,-0.3223,0.83726704,0.08527,1.2024442,-0.256,-0.5813209,-0.2098,0.45197293,-0.457,-0.63876855,-0.2512,-0.4950611,-0.355,0.6098257,-0.4104,0.31197485,-0.1709,1.5118921,0.3142,0.42283407,0.9,0.6297963,-0.513,0.3780993,-0.2482,1.7848965,0.8853,1.7459549,0.9395,0.082067125,-0.288,1.013976,-0.366,1.6617703,-0.2113,1.5566708,-0.03693,0.25714034,-0.5366,0.24710399,-0.4229,0.97576004,-0.5527,-0.69994706,0.5737,-0.80818033,-0.6655,-0.21564983,-0.5967,1.6329428,0.832
2,XZY,patch_x20048_y7504,external_test,external_test,D:\AIPatho\Patch\visiumhd_patch\2\XZY\patch_images\patch_x20048_y7504.png,1.912762,-0.9375,2.2031288,1.458,1.3295188,1.591,0.42676067,0.05734,0.49545008,0.7705,2.1381593,-0.302,1.6842448,-0.26,1.2930582,-1.426,0.9584133,0.4788,-0.42509985,0.9062,1.176834,0.909,1.0536555,1.27,2.143061,1.344,2.276363,1.177,-0.2231029,0.7134,1.0621176,0.901,0.791249,1.069,1.7590823,1.926,2.102647,2.121,1.5005255,1.075,1.7716893,0.746,2.1760063,0.824,1.8557739,1.151,1.1396971,1.367,1.3668561,0.834,1.1419634,-0.6035,2.9379776,2.31,0.81932765,0.7935,0.25007683,1.0625,1.8365302,2.02
2,XZY,patch_x20048_y7728,external_test,external_test,D:\AIPatho\Patch\visiumhd_patch\2\XZY\patch_images\patch_x20048_y7728.png,1.0449218,-1.422,1.1977007,0.8745,1.1429594,1.014,0.46386573,0.7324,0.492281,0.3816,0.32220954,-0.2568,1.20596,0.1981,-0.9750867,-1.126,1.1792877,0.653,-0.92667353,0.0707,1.6205175,0.6445,1.3350089,1.01,2.3096912,1.32,2.1543555,0.8296,-0.3644295,-0.1069,1.1538333,0.813,1.017177,0.8257,1.3896704,1.122,1.6125271,1.326,1.4668347,1.123,1.4157759,0.996,2.198467,1.073,1.902966,1.186,1.9045265,1.054,0.86417514,0.8706,0.3977431,-0.3677,0.554843,0.2255,0.050390292,1.056,-0.029286884,0.564,1.4483402,1.406
2,XZY,patch_x20048_y8848,external_test,external_test,D:\AIPatho\Patch\visiumhd_patch\2\XZY\patch_images\patch_x20048_y8848.png,-1.7310809,-1.185,1.1771239,0.93,0.8433393,0.1228,-0.327855,0.88,0.48820642,0.6104,0.844218,-0.57,-0.20740713,-0.1971,-1.6917727,-0.9097,0.9751185,0.944,-1.4793748,-0.585,0.77879095,0.742,1.5315715,1.011,1.3730887,1.107,0.17959046,0.1087,-0.6699152,-0.3176,1.3194072,1.092,0.71164405,0.781,-0.051518347,0.2158,0.30089843,0.2396,1.409708,1.05,2.1183546,1.026,2.6571808,0.965,2.5030859,1.02,1.5709049,1.128,1.2364315,0.972,0.9869847,-0.777,-1.6079748,-0.1586,1.4487684,0.8896,-0.041746654,0.38,0.6578042,0.358
2,XZY,patch_x20048_y9072,external_test,external_test,D:\AIPatho\Patch\visiumhd_patch\2\XZY\patch_images\patch_x20048_y9072.png,-1.8723646,-1.273,0.7445528,0.3833,0.63784647,-0.1791,0.040907364,0.537,0.4895646,0.4526,0.88709426,-0.3584,0.07299684,0.2029,-1.217959,-0.8604,0.68172115,0.5605,-1.2843735,-1.003,1.0321339,0.4033,2.0781095,1.025,0.8401601,1.067,1.3286629,-0.3062,-0.94552225,-0.9736,0.9740812,0.98,1.5375322,0.4773,0.5535134,-0.2502,0.64128035,-0.0906,1.4635468,0.896,2.1441557,1.059,2.160778,1.026,1.6027523,1.035,1.4257795,0.8467,0.8486503,1.042,0.8862498,-0.1324,-1.0951916,-0.5835,0.8785887,1.056,0.59223306,-0.0382,0.93681896,0.1409
2,XZY,patch_x20048_y9296,external_test,external_test,D:\AIPatho\Patch\visiumhd_patch\2\XZY\patch_images\patch_x20048_y9296.png,-1.7891759,-1.134,1.7302265,0.747,0.807214,0.848,0.2317593,0.9014,0.49363917,0.4795,1.5338193,-0.5117,1.3108985,0.567,0.88297534,-1.208,1.0723857,0.9067,0.48757175,0.4988,1.1674176,0.839,1.2779931,1.33,1.5995636,0.3809,2.6447525,0.5913,-0.86411756,0.483,1.6171398,0.808,2.5431938,0.7314,0.83047074,1.055,1.3509425,1.1,1.2135097,0.9917,1.5342349,0.3606,1.892334,0.3035,1.5027674,0.11676,0.87489027,0.969,1.239844,0.6763,1.0430125,0.0427,-0.70649487,0.596,1.3299282,0.7964,1.575624,0.688,1.2026986,1.125
2,XZY,patch_x20048_y9520,external_test,external_test,D:\AIPatho\Patch\visiumhd_patch\2\XZY\patch_images\patch_x20048_y9520.png,-1.2187957,-1.362,1.2664478,0.6216,0.5059927,0.5337,0.5831256,0.02617,0.492281,0.5933,0.73764217,-0.3523,0.5327608,0.3203,-1.807816,-0.9385,1.2126445,0.378,-0.6228575,-0.5767,1.4295893,0.3027,1.4980243,0.8315,1.6512028,0.878,1.5969392,0.222,-0.6858057,-0.789,1.1261119,1.078,1.8058673,0.2732,0.8706536,0.3662,0.90063095,0.6406,1.3534067,0.9897,1.6558436,1.044,2.4408748,1.101,2.5699992,0.977,1.3601487,0.6445,1.3989649,1.056,0.6038644,0.11725,-0.29612938,-0.01569,1.3020295,1.028,0.58626986,0.1504,0.73477143,0.8413
2,XZY,patch_x20048_y9744,external_test,external_test,D:\AIPatho\Patch\visiumhd_patch\2\XZY\patch_images\patch_x20048_y9744.png,0.22921237,-1.301,0.9940621,1.078,0.90611017,1.385,0.11013565,0.0282,0.49545008,0.5923,3.7766707,-0.2472,1.1687077,-0.04865,4.504861,-0.611,1.1331782,0.4294,0.9099579,-0.05478,1.2045906,0.6855,2.36731,1.092,1.7935295,1.324,2.8223088,1.551,0.25820804,-0.1609,1.0170959,1.125,2.3237655,0.9277,1.1449866,1.324,1.720566,1.704,1.2085431,1.0625,1.9351101,1.263,2.1960611,1.058,2.0721645,1.164,0.8237692,1.127,1.6645929,0.951,1.3525453,-0.2465,-0.72002625,1.045,1.0493692,0.8687,1.6667116,0.5083,1.5711391,1.688
2,XZY,patch_x20048_y9968,external_test,external_test,D:\AIPatho\Patch\visiumhd_patch\2\XZY\patch_images\patch_x20048_y9968.png,-1.4402893,-0.775,0.9673713,1.229,1.3808473,1.194,0.5541405,0.3225,0.49545008,0.4348,1.5504029,0.1526,0.1036346,0.6045,0.85902715,-0.4707,0.971073,0.3743,-0.24947171,0.9717,1.2476871,1.003,1.9635416,1.514,0.78141916,0.827,2.5263584,1.399,0.8255312,0.8135,0.5200111,0.742,1.1938355,0.886,1.7543246,1.619,1.9856255,1.72,0.88758236,0.8687,0.9134958,0.52,2.4530096,0.0897,2.4991388,0.287,0.80158246,1.039,0.74251693,0.77,1.4765075,-0.1545,0.08761484,1.215,0.76122814,0.9263,0.19806735,0.905,1.6562313,1.552
2,XZY,patch_x20272_y10192,external_test,external_test,D:\AIPatho\Patch\visiumhd_patch\2\XZY\patch_images\patch_x20272_y10192.png,-0.22373995,-0.1439,0.84187055,0.832,1.4739577,1.248,0.37722057,-0.412,0.49545008,0.3884,3.1925592,0.004295,1.7848256,0.04257,0.87565047,-0.2534,0.8059084,-0.2954,-0.11910496,0.00443,0.7013159,0.2666,1.7584435,0.323,2.0147252,-0.10254,2.6759756,1.22,0.42051852,0.7173,0.14725375,0.01259,0.72756344,0.1583,1.3297924,1.32,2.0164163,1.53,1.4356534,0.0487,1.7520605,-0.0693,0.70693725,-0.009995,0.449995,0.05396,1.6472038,0.2151,0.62351227,0.0397,1.3185234,-0.1045,-1.0917026,1.497,1.1225704,-0.1227,-0.20790075,-0.02701,1.5415702,1.373
2,XZY,patch_x20272_y10416,external_test,external_test,D:\AIPatho\Patch\visiumhd_patch\2\XZY\patch_images\patch_x20272_y10416.png,-0.5875475,-0.984,1.3746449,0.6406,0.99901456,0.9473,-0.08188405,0.574,0.49092278,0.298,-0.6086419,-0.3875,1.6700798,0.0854,-0.6612949,-0.9766,1.1281242,0.4067,0.44437158,-0.1231,0.49056482,0.4556,1.0751283,0.8403,1.3838042,0.722,1.5859249,0.542,0.12874523,0.4048,1.1348916,0.529,1.7569197,0.657,1.2865906,1.099,1.7318755,1.243,1.2302389,0.8325,1.6383023,0.523,1.5133474,0.645,1.9295648,0.7246,1.0949435,0.8564,1.0734702,0.5093,1.0609523,-0.555,-0.49563414,0.3975,1.0662572,0.5015,0.46342748,0.1802,1.4949133,1.213
2,XZY,patch_x20272_y10640,external_test,external_test,D:\AIPatho\Patch\visiumhd_patch\2\XZY\patch_images\patch_x20272_y10640.png,-0.5834138,-0.4897,1.731109,0.365,1.0808363,0.8647,-0.54704434,0.4036,0.49318644,0.2185,-0.91301024,-0.6855,0.8223479,-0.193,-0.78811264,-0.864,0.38549805,0.0956,-0.51456654,-0.1632,-0.6879304,0.33,1.2658836,0.1349,0.47168446,0.2656,1.1637177,-0.0407,0.5769863,0.526,0.10836001,0.1738,0.415054,0.1807,1.6425754,1.057,1.9459679,1.051,0.64118433,0.3547,0.6105842,0.4243,1.3924911,0.3816,0.8977575,0.528,0.70316696,0.2313,-0.45680323,0.1262,0.28178236,-0.1494,-0.97358274,0.5815,-0.30973575,0.02898,-0.70721155,-0.1995,1.5368884,0.997
2,XZY,patch_x20272_y10864,external_test,external_test,D:\AIPatho\Patch\visiumhd_patch\2\XZY\patch_images\patch_x20272_y10864.png,-1.4878408,-1.332,0.23305868,0.8643,0.8111559,0.741,0.57435405,0.5693,0.49047005,0.4775,-0.74239093,-0.972,0.5425045,-0.0983,-1.5002795,-1.259,1.1114873,0.6235,-1.1043987,-0.1921,0.72514987,0.6206,0.49622327,1.003,0.7232154,0.4487,1.018712,0.09625,-1.2224803,0.07874,0.571672,0.772,1.9046901,0.6025,1.2282403,0.9233,1.4117924,0.998,1.0996275,0.8833,0.5991632,0.606,1.9111663,0.889,1.6125455,0.899,1.7559699,0.7017,1.0808052,0.889,1.0693692,-0.2358,-1.6278316,0.412,-0.08793169,0.622,0.50108624,0.317,1.3602854,1.036
2,XZY,patch_x20272_y11088,external_test,external_test,D:\AIPatho\Patch\visiumhd_patch\2\XZY\patch_images\patch_x20272_y11088.png,-1.7368798,-1.396,1.9288052,0.9697,0.24395895,0.3074,0.6972036,1.025,0.4895646,0.4795,-1.7620804,-0.7314,0.82944113,-0.09033,-1.7012475,-0.991,2.0145655,1.066,-1.4784796,0.127,1.2502185,0.824,2.5240903,1.14,1.4318647,0.4355,0.948594,0.0854,-1.90377,0.291,1.0099193,0.752,0.5568112,0.391,0.90166265,0.5073,1.0342454,0.496,0.89116424,0.7886,0.88554245,0.202,2.3089278,0.457,2.5113866,0.4055,0.93577147,0.9863,1.4397697,0.816,0.862513,-0.4568,-1.1561451,-0.2201,1.8978227,0.7705,0.08188428,0.7163,0.89042515,0.4932
2,XZY,patch_x20272_y11312,external_test,external_test,D:\AIPatho\Patch\visiumhd_patch\2\XZY\patch_images\patch_x20272_y11312.png,-0.8249416,-1.008,1.5348291,0.83,0.12676772,0.1299,1.9226621,0.9077,0.49001732,0.3696,1.3540249,0.2067,-0.038157504,0.2068,1.2477223,-0.08124,1.8788244,0.732,-0.93329215,-0.1467,1.1363804,0.7515,1.4478666,0.8438,1.1663218,0.4526,1.4001573,0.2198,-0.76471716,-0.241,0.99115354,0.7686,0.35370904,0.39,0.7307988,0.0659,0.5030577,0.1056,0.90513295,0.8257,0.9543175,0.3267,2.4484518,0.4446,2.221285,0.506,1.7944567,0.7095,1.5145564,0.588,0.9786479,-0.1609,-1.0082957,-0.3416,1.3099813,0.9844,0.6279792,0.491,0.38411155,0.10187
2,XZY,patch_x20272_y11536,external_test,external_test,D:\AIPatho\Patch\visiumhd_patch\2\XZY\patch_images\patch_x20272_y11536.png,-1.0906647,-0.5293,1.822136,0.12085,-0.3363764,-0.2238,1.1943618,1.208,0.492281,0.5215,-1.296713,-0.5063,0.42588615,-0.3376,-0.25728852,-0.7764,1.2776475,0.678,-1.3940891,0.06726,0.6368464,0.4429,1.6540359,0.1971,1.0586958,-0.3462,0.97362214,-0.688,-0.9613604,0.503,0.61268854,0.0621,1.916439,-0.04767,0.031267513,-0.2018,0.064794965,-0.4292,0.53272957,0.2563,0.21306196,-0.6265,1.9748963,-0.509,2.2422614,-0.4521,1.8534341,0.1893,0.36380437,-0.02312,1.0282142,-0.448,-0.5440776,-0.5747,0.7474861,0.09186,-0.18740918,0.2208,0.20865045,-0.4521
2,XZY,patch_x20272_y7280,external_test,external_test,D:\AIPatho\Patch\visiumhd_patch\2\XZY\patch_images\patch_x20272_y7280.png,-1.002626,-0.9067,0.5681377,0.676,1.0708991,0.8276,0.7185684,0.779,0.48413184,0.503,-1.2308757,-0.447,-0.4226996,-0.0806,-1.1184232,-0.736,0.8798385,0.413,-0.862056,-0.7363,0.45104805,0.5933,0.7561774,0.354,1.5344216,1.47,0.49607,-0.355,0.06868275,0.001758,1.1513506,0.504,0.49278468,0.721,0.85705864,0.8984,0.9512726,0.853,1.3199135,0.9946,1.2870774,1.067,2.6163118,1.373,2.7918751,1.487,1.4927044,0.6523,0.2601447,0.511,-0.23171504,-0.3728,-0.19195792,-0.1573,-0.019951949,0.373,-0.3246639,-0.1383,0.8407999,0.902
2,XZY,patch_x20272_y7504,external_test,external_test,D:\AIPatho\Patch\visiumhd_patch\2\XZY\patch_images\patch_x20272_y7504.png,-0.88673747,-1.723,1.0704181,0.9556,0.57938486,0.564,0.51591563,0.4243,0.49001732,0.483,-0.18114802,-0.6294,0.14912046,-0.0746,-1.4049339,-1.148,1.2602316,0.6646,-0.6833645,-0.4556,1.4771167,0.592,1.5980998,1.081,1.9654574,1.642,1.5898904,0.1499,-0.52585006,-0.7837,1.0611764,1.011,1.1679715,0.595,1.3720725,0.5786,1.2739525,0.772,1.6261853,1.173,1.72135,1.545,2.3396306,1.804,2.2801006,1.818,1.9546115,1.017,1.3348523,1.349,0.23872384,-0.2786,-0.66536176,-0.1898,1.4141836,1.112,0.85665995,0.4766,1.2261891,0.9355
2,XZY,patch_x20272_y7728,external_test,external_test,D:\AIPatho\Patch\visiumhd_patch\2\XZY\patch_images\patch_x20272_y7728.png,-0.10289155,-1.626,1.2104081,0.8354,0.7402098,0.671,0.77239805,0.5786,0.49182826,0.5396,-0.7168137,-0.948,1.1173369,-0.286,-0.016048973,-1.735,1.3164454,0.66,-0.9985448,-0.667,0.8786513,0.725,1.7299939,1.1875,1.734685,1.694,1.555921,-0.591,-0.55051756,-0.7393,0.9234224,1.251,1.0135893,0.575,1.0621206,0.743,1.1026416,0.892,1.376093,1.211,1.7681911,1.478,2.5125442,1.64,2.4095128,1.713,1.7958046,1.2705,1.6159745,1.393,0.7679985,-0.2847,-0.9168129,0.02333,-0.12763411,1.096,0.64589494,0.3389,1.0526147,1.126
2,XZY,patch_x20272_y7952,external_test,external_test,D:\AIPatho\Patch\visiumhd_patch\2\XZY\patch_images\patch_x20272_y7952.png,-0.7404628,-1.504,1.0861896,0.938,1.1936917,0.7886,0.76220113,0.5845,0.49318644,0.485,1.5823202,-1.201,0.5408904,-0.55,1.6805301,-1.337,1.4777403,0.846,-0.99096274,-0.698,1.5175958,0.7456,1.4207661,1.188,2.0193117,1.515,1.7966357,-0.3794,-0.055614635,-0.745,1.2237611,1.052,1.7672029,0.8906,1.8782336,0.744,1.244925,0.8633,1.2956425,1.108,1.7920233,1.236,2.3118582,1.22,2.6027746,1.448,1.6456226,0.9443,1.1985414,0.9995,0.8846975,-0.822,-0.5180029,-0.01578,2.0721903,0.6904,0.7916186,0.1219,1.1538252,1.027
2,XZY,patch_x20272_y8176,external_test,external_test,D:\AIPatho\Patch\visiumhd_patch\2\XZY\patch_images\patch_x20272_y8176.png,-1.9999417,-1.873,1.3502034,1.0,0.6918138,0.9224,0.33988902,0.3037,0.49318644,0.574,0.33392337,-0.703,1.0905613,0.1047,-1.9077785,-1.365,1.1518219,0.4502,-1.3285127,-1.102,1.2670574,0.8076,2.0805535,1.391,2.1510487,1.697,1.8788278,0.129,0.0436207,-1.052,1.0400163,1.154,0.83287674,0.7065,1.2059742,0.908,1.3652648,1.15,1.1309917,1.237,1.651666,1.516,2.362275,1.588,2.1982944,1.69,0.81064105,1.275,0.9258705,1.249,0.71621215,-0.2998,-0.8061432,0.921,1.0203539,1.339,-0.18783231,0.177,1.3291959,1.254
2,XZY,patch_x20272_y8400,external_test,external_test,D:\AIPatho\Patch\visiumhd_patch\2\XZY\patch_images\patch_x20272_y8400.png,-0.7091915,-1.128,1.580919,0.9546,1.1445411,0.9766,-0.30724394,0.3555,0.4940919,0.4722,1.2799878,0.0746,0.83104956,0.3462,1.0656775,-0.744,1.2990985,0.5254,-0.37426922,-0.3113,1.2705362,0.807,2.0624218,0.865,2.2232544,0.6885,2.3096666,0.776,-0.06248189,-0.3716,1.2811476,0.957,1.4727579,0.7666,1.0421028,0.9487,1.517575,1.131,1.1561077,1.011,1.4879763,0.7363,1.7926012,0.8545,1.6432164,0.8257,1.6081789,0.727,1.1499112,0.87,1.1415769,0.1252,0.8548207,1.096,2.0146623,0.6035,-0.08079571,0.1318,1.5596514,1.207
2,XZY,patch_x20272_y8624,external_test,external_test,D:\AIPatho\Patch\visiumhd_patch\2\XZY\patch_images\patch_x20272_y8624.png,-2.0133321,-1.067,1.2103918,1.03,0.9723029,0.825,-0.080589965,0.3787,0.48911187,0.5454,1.6007663,0.1349,0.6945405,0.3145,1.4487892,-0.5835,1.1449966,0.6357,-0.6369555,-0.1705,0.7816456,0.512,1.3136947,0.952,2.6633728,0.9565,1.8542057,0.708,-0.53788465,-0.2477,1.2886186,0.973,1.3292313,0.912,1.2303855,0.8003,1.4625458,1.056,1.466684,1.074,2.0820467,0.876,2.5570111,1.299,2.4432635,1.249,1.1705714,0.867,1.2842009,0.842,0.85003066,-0.1819,-0.7610584,0.2247,0.9833116,0.819,0.60444665,0.2615,1.4126388,1.174
2,XZY,patch_x20272_y8848,external_test,external_test,D:\AIPatho\Patch\visiumhd_patch\2\XZY\patch_images\patch_x20272_y8848.png,-0.79296046,-0.999,1.3775849,1.118,-0.47190192,0.979,-0.0072166766,0.2147,0.49047005,0.7207,-1.198336,-0.0639,0.5332522,0.1843,-0.54510576,-0.3057,1.0054959,0.4917,-0.8884706,-0.605,0.7455724,0.536,1.6521349,1.086,1.8982525,1.073,1.5135792,0.997,-0.15501148,-0.6963,1.1949456,1.063,1.0551624,0.892,-0.22517304,0.791,-0.42083308,1.099,1.4230571,0.9556,2.2827642,1.168,2.1145902,1.73,2.0963352,1.708,1.454254,1.06,1.170986,1.062,0.79112476,-0.3254,-1.3674457,0.1781,0.27882817,0.918,0.9195455,0.1666,0.101174824,1.211
2,XZY,patch_x20272_y9072,external_test,external_test,D:\AIPatho\Patch\visiumhd_patch\2\XZY\patch_images\patch_x20272_y9072.png,-1.8311393,-1.117,0.7201808,0.284,-0.0060028285,0.1467,0.35144734,0.3948,0.48911187,0.4219,-0.28118694,-0.2323,0.41006547,-0.0289,-1.7740896,-0.6606,1.1290851,0.4373,-1.1983109,-0.583,1.2520738,0.377,2.3723435,0.6587,2.187,0.4294,2.1096017,0.1328,-0.81639814,-0.626,1.3665583,0.816,1.3056034,0.4934,-0.18728629,-0.079,-0.6035516,-0.003397,1.0737953,0.8013,1.5675564,0.634,2.8459938,0.6777,2.785525,0.697,1.0122808,0.572,0.7964114,0.6045,1.1520352,-0.1362,-1.1335977,-0.1063,1.1887813,0.5977,0.35703525,0.0668,-0.0077550127,0.1394
2,XZY,patch_x20272_y9296,external_test,external_test,D:\AIPatho\Patch\visiumhd_patch\2\XZY\patch_images\patch_x20272_y9296.png,-1.8269218,-1.374,0.87233853,0.9463,-0.011638477,0.598,0.7161204,0.4778,0.49137554,0.3564,2.560337,-0.1466,0.4778653,0.677,-0.8677136,-0.887,1.1931384,0.7837,-0.59824383,0.1411,1.1443307,0.7866,2.0287547,1.316,2.4298923,0.846,2.1472802,0.4592,-0.7082115,-0.4553,1.2302247,1.097,1.765547,0.9844,0.53909206,0.5083,0.54767376,0.722,1.0505667,1.125,1.8303943,1.059,2.6441424,1.407,2.57261,1.282,1.5846542,1.061,0.6927933,1.15,0.916796,-0.2191,-0.29821402,0.02849,0.7159063,1.217,0.8218192,0.8022,0.49733698,0.8755
2,XZY,patch_x20272_y9520,external_test,external_test,D:\AIPatho\Patch\visiumhd_patch\2\XZY\patch_images\patch_x20272_y9520.png,-1.8084706,-0.9746,1.1986502,0.795,1.141543,0.768,0.063661605,0.791,0.49318644,0.512,0.57120293,-0.2607,0.023600314,0.3655,-1.7553141,-0.7446,0.81577206,0.851,-0.17865354,0.3088,0.6387632,0.631,2.056541,0.782,1.2594932,0.438,2.1531472,0.639,-1.0862149,0.2042,1.1375313,0.6753,2.277075,0.956,1.4213989,0.8633,1.3551399,0.9795,0.85401624,0.9346,1.1075953,0.623,2.2894416,0.6685,2.262708,0.6187,1.3921849,0.694,1.0743786,0.65,1.0152602,-0.2346,1.7471313,0.428,1.2879972,0.8115,0.99223113,0.528,1.1412485,0.953
2,XZY,patch_x20272_y9744,external_test,external_test,D:\AIPatho\Patch\visiumhd_patch\2\XZY\patch_images\patch_x20272_y9744.png,0.28324115,-1.454,1.6732553,0.6934,0.19765568,0.3926,-0.36733013,0.2422,0.49182826,0.2837,2.0909207,-0.9395,0.4903581,-0.2362,-0.18801679,-1.376,0.7209759,0.545,-0.75477165,-0.7554,1.0389761,0.492,1.9019573,0.981,2.3619227,1.391,1.9005933,-0.331,-1.7109551,-0.8477,1.2197477,1.118,1.1491041,0.822,0.31643558,0.2332,0.8130857,0.43,1.3993757,1.079,2.1597173,1.141,2.500585,1.349,2.8118885,1.411,1.4813758,0.951,1.2239797,1.029,1.0913662,-0.5205,-1.5114284,-0.3582,0.5502797,0.75,0.69043374,0.04117,0.7302576,0.6406
2,XZY,patch_x20272_y9968,external_test,external_test,D:\AIPatho\Patch\visiumhd_patch\2\XZY\patch_images\patch_x20272_y9968.png,-1.7443657,-1.38,0.57966363,0.7285,0.86809975,0.1819,0.34824896,0.4067,0.49047005,0.186,-0.7121317,-1.126,0.9432171,-0.523,-1.2817534,-1.294,0.8013855,0.4746,-0.7244653,-1.255,0.775578,0.4116,1.1391648,0.9897,1.6823993,1.405,1.5109364,-0.262,0.3196609,-0.715,1.1085395,1.058,0.41071922,0.596,0.8230665,0.07544,1.2574763,0.3462,1.1215675,1.037,1.8469325,1.12,1.7453439,1.345,1.4771714,1.443,1.4964119,0.778,0.788646,0.938,0.90901285,-0.867,-1.0203333,-0.2483,-0.058651365,0.64,0.025537714,-0.2483,1.4385589,0.5107
2,XZY,patch_x20496_y10192,external_test,external_test,D:\AIPatho\Patch\visiumhd_patch\2\XZY\patch_images\patch_x20496_y10192.png,-1.5643871,-1.269,1.1132106,0.4915,0.3668457,0.1188,0.50670666,0.5264,0.49182826,0.3184,1.9931536,-0.7944,0.40625337,0.1461,-0.69673336,-0.9126,1.2234672,0.517,-1.4179155,-0.658,1.5012063,0.5576,1.8349422,0.798,1.3540832,1.079,1.3916904,-0.3394,-0.4189028,-0.2512,0.72564715,0.895,0.4187326,0.4026,0.64895856,0.2356,0.51342255,0.2754,1.2017692,1.008,1.6924995,1.191,2.0996206,1.146,2.5251627,1.217,0.99045044,0.834,1.410943,0.921,1.7108057,-0.0713,-0.52881104,-0.3909,0.63216406,0.9106,-0.21071953,0.1454,0.5180004,0.4343
2,XZY,patch_x20496_y10416,external_test,external_test,D:\AIPatho\Patch\visiumhd_patch\2\XZY\patch_images\patch_x20496_y10416.png,1.3197476,-0.895,0.48338285,0.5894,0.7995268,1.058,0.64975834,0.3784,0.49001732,0.6284,1.6476105,-0.02147,-0.035748452,0.2045,2.1957815,-0.5923,1.4158121,0.3035,-0.9454532,-0.351,0.79512984,0.495,1.4437643,0.5703,1.3616285,0.592,1.4283452,0.1462,-0.8256656,0.3293,1.1902684,0.5767,1.6216685,0.581,0.6033665,1.053,0.7418808,1.127,1.0166408,0.749,1.7909571,0.5874,1.9537636,0.228,1.7802527,0.4858,-0.10441233,0.675,-0.5228504,0.4731,0.5259583,-0.3674,-1.181569,0.12384,-0.06071615,0.406,0.097593285,-0.0325,1.0240346,1.159
2,XZY,patch_x20496_y10640,external_test,external_test,D:\AIPatho\Patch\visiumhd_patch\2\XZY\patch_images\patch_x20496_y10640.png,-1.4166718,-1.233,1.0082525,0.563,1.275218,0.8906,0.8500602,0.653,0.48820642,0.368,-0.45864078,-1.087,-0.20953882,0.02072,-1.4469084,-1.593,1.4822285,0.4111,-0.54265666,-0.3547,1.1308507,0.7188,1.4262561,0.7695,1.41839,0.9175,1.4167242,0.04544,-0.1668356,0.0702,0.5860646,0.628,1.76784,0.5825,1.3494369,1.083,1.6887393,1.078,1.2903012,0.9155,2.0808942,0.923,1.0979772,0.882,1.0793732,0.984,1.3273236,0.839,0.4947104,0.729,0.6532341,-0.3455,-0.27023757,0.5527,0.7638103,0.7207,0.17741147,0.0933,1.6140565,1.168
2,XZY,patch_x20496_y10864,external_test,external_test,D:\AIPatho\Patch\visiumhd_patch\2\XZY\patch_images\patch_x20496_y10864.png,-1.4265827,-1.246,1.7883314,0.7656,1.0212262,0.993,1.2266964,0.441,0.48911187,0.4106,-1.535332,-0.9995,0.09912677,-0.1137,-0.96769017,-1.152,1.6943532,0.544,-1.1225512,-0.291,0.99753207,0.6343,1.8629721,0.7856,1.4474065,0.9185,1.0552716,0.567,1.1258202,0.0763,0.8503389,0.657,1.6477119,0.5967,1.6568166,0.964,1.7191299,1.097,1.0447822,0.774,1.3749232,0.681,2.1674883,0.697,1.7533733,0.7305,0.6029124,0.7812,0.6095924,0.569,0.60014683,-0.4514,-1.0799623,0.05298,-0.2988511,0.539,0.37890905,0.1543,1.5629288,1.139
2,XZY,patch_x20496_y11088,external_test,external_test,D:\AIPatho\Patch\visiumhd_patch\2\XZY\patch_images\patch_x20496_y11088.png,-1.6427258,-1.219,0.9429202,1.187,0.9335545,1.229,1.8100483,0.4294,0.48639548,0.4236,-0.5945227,-0.2668,0.9351189,0.1559,-1.6164967,-1.022,1.4070151,0.4585,-1.006001,0.002628,1.0562472,0.8535,1.4856311,1.067,0.7358863,0.792,1.6962444,1.047,0.40574306,0.42,1.0999128,0.9526,0.7339762,0.7397,1.3239286,1.447,1.4836345,1.538,0.934991,1.074,1.2596598,0.7485,1.5435507,0.8145,1.5286274,0.9175,0.5347771,0.9736,0.80849296,0.936,0.9687264,-0.0248,-0.42443913,1.077,0.49435842,0.6367,0.38220635,0.4668,1.738299,1.487
2,XZY,patch_x20496_y11312,external_test,external_test,D:\AIPatho\Patch\visiumhd_patch\2\XZY\patch_images\patch_x20496_y11312.png,-1.2913088,-0.9854,0.703098,0.724,0.9845278,0.9697,1.5413493,0.5005,0.4877537,0.397,1.8671852,-0.502,-0.50641245,0.08606,0.5655404,-0.686,1.7663194,0.302,-0.28317863,-0.581,1.6637646,0.5083,1.4786437,0.6157,1.4147482,0.9326,1.4583697,0.56,0.85980046,0.4485,0.45805272,0.617,0.44330522,0.3708,1.4501435,1.09,0.91058266,1.178,0.6036145,0.959,0.80451655,0.6147,1.7951509,0.9087,1.5115763,0.9404,1.5298,0.7646,0.91523653,0.4783,0.9137858,-0.3528,-1.0231326,0.388,0.9817427,0.2471,0.9005786,-0.1273,0.99542946,1.126
2,XZY,patch_x20496_y11536,external_test,external_test,D:\AIPatho\Patch\visiumhd_patch\2\XZY\patch_images\patch_x20496_y11536.png,-1.0444528,-1.168,0.80294627,0.492,-0.4199403,-0.5093,1.467251,1.156,0.48865914,0.0781,-1.0281929,-0.9927,-0.05822839,-0.404,-1.7070713,-1.289,1.5387183,0.9307,-1.1637806,-0.4578,1.4234828,0.6387,2.18476,0.6406,0.9192007,0.3765,0.46648812,-0.773,-1.0193616,0.05035,0.53282803,0.623,-0.03284305,0.4058,0.13378091,-0.328,0.13819823,-0.379,0.94957787,0.591,0.8026587,0.088,2.0473108,0.2063,1.9540429,0.2467,1.4342122,0.6006,1.2622212,0.5176,0.81217086,-0.741,-0.90416116,-0.615,1.5556419,0.6255,0.40836212,0.356,0.4947827,-0.4058
2,XZY,patch_x20496_y11760,external_test,external_test,D:\AIPatho\Patch\visiumhd_patch\2\XZY\patch_images\patch_x20496_y11760.png,-1.1853459,-0.7935,1.6789445,0.2274,-0.1501251,-0.0453,1.7334737,0.6104,0.48549002,0.5054,-1.3535376,-0.4902,0.21004322,0.2164,-1.2643683,-1.051,1.9522479,0.359,-1.2426864,-0.718,0.711205,0.5034,3.1625593,0.536,0.8876364,0.898,1.1203531,-0.799,0.06324271,-0.2576,0.6148414,0.806,0.26040944,-0.2593,0.20104088,0.09186,0.05281525,-0.0944,0.8355623,0.898,0.48215732,1.078,2.457287,1.055,2.5495462,1.0205,0.97312665,0.8716,0.10508635,0.7837,0.7618305,0.05182,-0.16461425,-0.765,0.4500637,1.025,0.22722283,0.0738,-0.17493485,0.2375
2,XZY,patch_x20496_y7280,external_test,external_test,D:\AIPatho\Patch\visiumhd_patch\2\XZY\patch_images\patch_x20496_y7280.png,-0.6766189,-0.06537,0.13646197,0.00959,-0.08603972,0.1339,0.16783358,0.6963,0.47688815,0.2554,0.014273029,0.05325,1.0495876,0.12195,-0.86573565,0.02525,0.4155456,0.2734,-0.26671982,0.4282,-0.08399699,0.2532,0.2980972,-0.2075,0.6847854,-0.2773,1.3730448,0.04324,-0.3282955,0.609,0.8431141,0.00935,-0.468818,0.178,0.47355905,0.1678,0.64239913,0.007523,1.0638075,0.0323,1.0124378,-0.4526,1.3875825,-0.5273,1.5542312,-0.3794,1.0637493,0.2274,-0.22973242,-0.0893,0.19043261,-0.0851,-0.5421629,-0.00658,0.38263363,0.2096,0.1595075,0.27,1.0375636,0.009636
2,XZY,patch_x20496_y7504,external_test,external_test,D:\AIPatho\Patch\visiumhd_patch\2\XZY\patch_images\patch_x20496_y7504.png,-2.0973642,-1.738,1.317305,1.034,0.62776256,0.1993,0.64753944,0.931,0.49001732,0.5713,0.0074434294,-0.7485,1.267654,0.4387,-1.9792298,-1.275,1.2322642,0.9834,-1.2004187,-0.1185,1.2250296,1.092,1.9713862,1.111,2.226456,1.444,1.6370788,-0.523,-0.85900253,-0.7793,0.98877496,1.407,0.015750924,0.3545,0.95408624,0.312,0.5778163,0.2998,1.3408422,1.39,1.7247334,1.26,2.744353,1.252,2.4986207,1.274,1.5337844,1.625,1.0027037,1.404,0.3437381,-0.09454,-1.3619808,-0.4998,0.36461598,1.477,0.6186155,0.8926,0.6628777,0.6
2,XZY,patch_x20496_y7728,external_test,external_test,D:\AIPatho\Patch\visiumhd_patch\2\XZY\patch_images\patch_x20496_y7728.png,0.05144544,-1.361,0.50902796,0.783,0.68929243,0.565,0.6571894,0.7065,0.49001732,0.622,1.9626381,-0.02553,0.52602506,0.4993,1.5967016,-0.594,1.5023801,0.575,-1.2425374,-0.7803,0.82191175,0.545,1.6063089,0.906,2.4089687,1.132,1.6131704,-0.11426,-0.5163523,-0.782,1.1751708,1.083,0.92288417,-0.02982,1.1611917,0.4941,0.98857355,0.764,1.2139426,1.234,1.5091896,1.091,2.0794158,1.207,1.8302454,1.288,1.3396354,0.8003,1.4718106,0.9404,0.80817944,0.084,-0.8762886,-0.119,1.4545882,1.096,0.016776735,0.0993,0.68551064,0.8687
2,XZY,patch_x20496_y7952,external_test,external_test,D:\AIPatho\Patch\visiumhd_patch\2\XZY\patch_images\patch_x20496_y7952.png,-1.9776949,-1.509,1.9180069,0.9146,0.09693371,0.1759,0.75926614,0.7065,0.49318644,0.603,0.7950047,-0.3406,0.8026206,0.27,-1.2171817,-1.106,1.5700278,0.91,-1.0132804,-0.2426,0.6041319,0.856,1.7177485,1.3,1.3394581,0.949,1.9008949,-0.000388,-0.639512,-0.513,0.8340344,1.125,0.68828154,0.7,0.73453647,0.1298,0.7209702,0.34,1.1132367,1.122,1.0514423,0.946,2.2317936,0.9893,2.229476,1.009,1.3194717,1.02,1.8472822,1.271,0.82224065,-0.0227,0.21000636,-0.3872,0.7231425,1.347,0.9797245,0.651,0.57015294,0.437
2,XZY,patch_x20496_y8176,external_test,external_test,D:\AIPatho\Patch\visiumhd_patch\2\XZY\patch_images\patch_x20496_y8176.png,-1.9578729,-1.463,1.2093134,0.882,0.7966146,0.888,0.8651818,0.03937,0.49545008,0.567,1.594626,-0.571,1.0913643,0.1718,-1.4679315,-1.022,1.2840962,0.2847,-1.2231978,-0.458,0.94848996,0.668,1.4072931,0.9404,1.7248062,1.457,2.1103601,0.2683,-1.8246131,-0.5107,1.1204417,1.032,1.9684802,0.84,1.0103076,0.7983,1.140835,0.979,1.2292439,1.01,1.6651732,1.097,2.7277513,1.128,2.60805,1.112,0.915179,0.984,1.4927958,0.889,0.9357432,-0.1201,-0.28251788,-0.0931,0.89455765,0.9165,0.7404335,0.3416,1.1638476,1.086
2,XZY,patch_x20496_y8400,external_test,external_test,D:\AIPatho\Patch\visiumhd_patch\2\XZY\patch_images\patch_x20496_y8400.png,-1.9807525,-1.8125,1.8648944,0.705,-0.08680907,0.1107,0.18308695,0.5757,0.49273372,0.545,0.0015331574,-0.646,0.78794503,0.0812,-1.509301,-1.03,1.647151,0.917,-1.0845914,-0.4932,0.7329469,0.646,2.0978465,1.018,2.004916,1.0,2.184534,0.0734,-0.694295,-0.973,0.9584507,1.146,1.8269824,0.682,0.6047449,-0.1608,0.79423904,0.09534,1.2705529,0.9775,1.4366516,0.922,1.1245899,1.087,1.1256824,0.954,1.2084979,1.018,1.4469494,1.114,0.81674826,-0.2842,-0.8947131,-0.6655,0.7039974,1.303,0.39026436,0.506,0.6742821,0.3188
2,XZY,patch_x20496_y8624,external_test,external_test,D:\AIPatho\Patch\visiumhd_patch\2\XZY\patch_images\patch_x20496_y8624.png,-1.2464691,-1.192,1.3097032,1.081,0.7680191,1.168,0.30600703,0.3198,0.49137554,0.5415,0.69099003,-0.3926,0.22744945,0.2605,-0.20940281,-0.9873,1.5196913,0.5923,-0.7264632,-0.2979,1.6077803,0.7725,1.1117549,1.032,1.8410326,1.271,2.200825,0.489,-0.19912009,-0.0993,1.1594622,1.232,2.1916606,1.128,1.3511163,1.071,1.3066622,1.196,1.2706313,1.273,1.6231095,1.151,2.1244566,1.33,1.9832786,1.421,1.5762972,0.9214,1.2248305,0.9473,1.051651,-0.1009,-0.08148166,0.05325,1.6234546,0.7534,0.6057951,0.2852,1.3182352,1.352
2,XZY,patch_x20496_y8848,external_test,external_test,D:\AIPatho\Patch\visiumhd_patch\2\XZY\patch_images\patch_x20496_y8848.png,-0.2112698,-1.3545,0.8138537,0.914,-0.04971025,0.619,0.7211894,0.902,0.49092278,0.47,2.6778128,-0.6187,0.974848,-0.11804,1.6205528,-1.081,0.99852556,0.95,-0.79486966,-0.4658,1.185805,0.6597,2.1138732,0.9937,2.132819,0.7017,2.1120625,0.1376,-1.2538749,-0.4172,1.0106881,0.859,1.2272618,0.7954,0.10673014,0.5605,-0.0075069163,0.6235,0.9108767,0.9023,1.4407829,0.629,1.36572,0.7695,0.7647169,0.6973,0.8913814,1.127,0.87964684,0.8364,1.1792768,-0.6987,-0.60964733,0.07733,0.5868872,0.6963,1.262972,0.3171,0.12366959,0.706
2,XZY,patch_x20496_y9072,external_test,external_test,D:\AIPatho\Patch\visiumhd_patch\2\XZY\patch_images\patch_x20496_y9072.png,-1.8113173,-1.22,1.6889062,0.821,0.27588624,0.777,0.30553123,0.424,0.49182826,0.53,0.4152095,-0.5034,1.2479889,-0.1328,-1.7583565,-0.8203,0.90139073,0.5723,-1.29932,-0.509,1.312405,0.5073,1.6811644,0.726,0.22149237,0.5576,1.8579957,0.4485,-0.22965813,-0.4946,0.6799579,0.876,1.3286623,0.9165,0.9089764,0.429,1.161384,0.7393,1.1477697,0.7246,1.2895786,0.507,1.7641274,0.553,1.3687475,0.4739,1.5725586,0.698,1.0262419,0.592,0.9700905,-0.5396,1.106411,0.4595,1.3395945,0.5728,0.5094352,0.1947,0.9666772,0.76
2,XZY,patch_x20496_y9296,external_test,external_test,D:\AIPatho\Patch\visiumhd_patch\2\XZY\patch_images\patch_x20496_y9296.png,-1.8636135,-1.304,1.225186,0.7686,-0.5527988,0.703,-0.0525302,0.2266,0.4895646,0.3447,2.3149743,-0.4363,1.2017128,0.2634,-1.3955637,-0.956,0.9653017,0.4756,-1.146642,-0.3384,0.61931074,0.482,1.5945605,0.814,1.5664109,0.6924,2.3536513,0.729,-0.9002188,-0.4165,1.0090895,0.9556,1.4086452,0.537,-0.5598124,0.6636,-0.32441577,0.849,1.4437958,0.97,2.2515562,0.921,1.9273329,0.8716,1.7251508,0.831,1.2122525,0.735,1.311111,0.842,0.49896204,-0.0748,-0.8999144,0.343,1.0498937,0.718,0.76111215,0.2014,-0.1888087,0.9277
2,XZY,patch_x20496_y9520,external_test,external_test,D:\AIPatho\Patch\visiumhd_patch\2\XZY\patch_images\patch_x20496_y9520.png,-1.8128989,-1.263,0.6679764,0.827,0.832499,0.9883,-0.7006373,0.3918,0.492281,0.505,-0.75827485,-0.5376,0.7738973,0.4478,-1.7577479,-0.8716,0.9692951,0.517,-1.4659297,-0.5923,0.8571623,0.335,1.5266451,0.5366,2.1085865,0.3787,1.1516184,0.715,-0.7439496,-0.4878,1.1220417,1.018,1.8642043,0.299,0.814192,0.9014,0.82159317,1.1455,1.2096865,0.995,1.7201877,0.7305,2.0270944,0.9937,2.2121472,0.8594,1.7131209,0.6743,1.2654372,0.7515,1.0815059,0.075,1.5161213,1.008,0.8812365,0.4663,0.5345988,-0.08124,1.2224513,1.162
2,XZY,patch_x20496_y9744,external_test,external_test,D:\AIPatho\Patch\visiumhd_patch\2\XZY\patch_images\patch_x20496_y9744.png,-1.6867979,-1.397,1.2728058,0.7305,0.90382993,0.8687,0.29569358,0.552,0.48911187,0.6064,-0.38743696,-0.7544,-0.010549361,-0.0599,-1.6606541,-0.7407,0.46675527,0.4785,-0.8720002,-0.577,1.2681845,0.7026,0.69554275,0.817,1.7543277,0.3098,1.5482872,0.4065,-0.8782162,-0.2832,0.5378136,0.7153,1.571496,0.5522,1.268165,0.8735,1.3086885,1.0205,1.041828,0.717,1.1968484,0.28,1.4904613,0.001275,1.288245,0.05038,1.1388874,0.7065,1.0770746,0.6323,1.2324221,-0.218,1.1054564,1.279,1.2351105,0.7173,0.7167847,0.1237,1.2989845,1.007
2,XZY,patch_x20496_y9968,external_test,external_test,D:\AIPatho\Patch\visiumhd_patch\2\XZY\patch_images\patch_x20496_y9968.png,-1.6791011,-1.58,1.7992945,0.993,0.5455926,0.743,0.35679728,0.6826,0.49001732,0.3376,0.9760923,-0.8696,0.89244926,-0.2002,-1.6502231,-1.157,0.9136785,0.65,-1.0180044,-0.517,1.2316178,0.659,1.3193419,0.889,1.1877265,0.6665,1.8144728,0.0344,-0.9860313,-0.05017,1.0137788,0.714,0.5021503,0.614,0.68746305,0.807,1.09117,0.879,1.093104,0.8047,2.0493646,0.5,1.273772,0.6416,1.3229436,0.5444,0.5406947,1.037,1.0423697,0.662,1.4492898,-0.5933,-0.5308659,0.06195,0.81924313,0.548,0.6044111,0.2103,0.78269595,0.857
2,XZY,patch_x20720_y10192,external_test,external_test,D:\AIPatho\Patch\visiumhd_patch\2\XZY\patch_images\patch_x20720_y10192.png,-1.4009619,-0.6006,1.8422594,0.2269,-0.46626782,0.5635,0.56925046,0.7173,0.492281,0.3828,1.5323368,-0.3103,1.6921542,-0.198,-0.58943045,-0.7476,1.1773136,0.3464,-0.19134623,-0.3384,0.9104292,0.4055,1.8951495,0.1814,2.2195714,0.637,1.9442956,-0.2898,-0.0010109658,0.09076,0.37638158,0.3804,1.879248,0.3809,0.6774288,0.622,1.1369432,0.616,1.0339656,0.846,1.1769184,0.4048,2.2650023,0.2197,2.409045,0.3232,1.14684,0.6045,0.6930444,0.2161,1.4521682,-0.616,-0.7985209,0.2228,0.7696239,0.2498,0.6710002,-0.1026,0.8379318,0.775
2,XZY,patch_x20720_y10640,external_test,external_test,D:\AIPatho\Patch\visiumhd_patch\2\XZY\patch_images\patch_x20720_y10640.png,0.46434584,-0.9424,1.715909,0.6304,0.9871904,1.11,0.64559704,0.3066,0.49318644,0.4622,-1.4769686,-0.3105,0.95176655,0.0886,-1.3914509,-0.709,1.1368722,0.338,-0.66053194,-0.02008,0.8148787,0.5728,1.1680087,0.6284,0.07546663,0.598,2.0000267,0.973,0.3222641,0.3523,0.20137043,0.6187,1.5073695,0.544,1.3905216,1.385,1.8975699,1.468,1.1271788,0.869,1.463139,0.677,1.5764465,0.6646,1.3780937,0.7324,1.2248037,0.677,0.69815725,0.685,0.17050242,-0.03864,1.2199484,1.587,0.26854193,0.523,0.5240711,0.2169,1.7479465,1.402
2,XZY,patch_x20720_y10864,external_test,external_test,D:\AIPatho\Patch\visiumhd_patch\2\XZY\patch_images\patch_x20720_y10864.png,-0.38747764,-1.382,1.2650205,1.323,0.7586561,0.633,1.1243957,0.9795,0.48911187,0.561,0.42618024,-0.6045,0.84453046,-0.1223,-1.6861227,-1.119,1.2702113,0.9634,-0.1170272,-0.165,1.7815101,0.7954,1.7221867,1.06,1.4578556,0.5703,2.1501608,0.6274,0.55880034,0.2908,1.0243446,0.807,0.81306654,0.684,0.9398561,0.7725,1.0076628,1.002,0.99822557,0.9214,1.020285,0.4219,1.4551594,0.5933,1.1758859,0.6284,1.1491212,0.89,0.96414137,0.7314,1.3804018,-0.622,-0.14108132,-0.1222,1.0831002,0.5356,1.326975,0.3853,0.8476866,0.796
2,XZY,patch_x20720_y11088,external_test,external_test,D:\AIPatho\Patch\visiumhd_patch\2\XZY\patch_images\patch_x20720_y11088.png,-1.7942368,-1.336,1.3354292,0.5825,0.7303678,0.02805,0.53506905,0.3943,0.48911187,0.3281,-1.0750687,-0.4956,-0.10704125,0.0956,-1.7454916,-0.839,1.1427402,0.4658,-0.5617888,-0.7466,1.4495952,0.51,1.3419657,0.847,2.0898662,0.85,1.2521875,0.0805,0.8646975,-0.597,1.001764,0.8745,0.97507995,0.712,1.2458148,-0.006195,1.3734201,0.1815,1.0038537,0.9165,1.4917709,0.7686,2.8741047,0.8184,2.6112137,0.9365,1.3958939,0.729,1.2666111,0.7305,0.803344,-0.2163,-0.8240498,-0.323,0.6089237,0.646,0.764938,0.00908,0.97620076,0.253
2,XZY,patch_x20720_y11312,external_test,external_test,D:\AIPatho\Patch\visiumhd_patch\2\XZY\patch_images\patch_x20720_y11312.png,-1.8357785,-1.464,0.7007753,0.872,0.93475366,0.815,0.5335538,0.6343,0.49001732,0.637,-0.9194177,-0.726,0.1443171,-0.1061,0.07878358,-0.998,1.5242295,0.6353,-0.31808692,-0.4456,1.4531705,0.824,2.0043101,0.9844,1.9933598,1.138,1.8753903,0.7183,-0.053203225,-0.2285,0.81388664,0.988,1.6451775,0.9844,1.3526796,1.0,1.4685012,1.1045,1.3135841,1.029,1.8237445,0.8296,2.71911,0.8696,2.4048612,0.9062,1.7086834,1.117,1.3092417,0.9116,1.0145735,-0.32,-0.45372057,0.3625,1.0806642,0.666,0.21067663,0.261,1.6036258,1.173
2,XZY,patch_x20720_y11536,external_test,external_test,D:\AIPatho\Patch\visiumhd_patch\2\XZY\patch_images\patch_x20720_y11536.png,-1.2160277,-0.812,1.1396223,0.825,1.395286,1.201,2.0204067,0.4148,0.49273372,0.3826,1.5552733,-0.283,-0.0005839753,0.4805,-0.53270614,-0.7964,1.9541061,0.3547,-0.24832837,-0.0685,1.3991838,0.6665,2.0649962,0.622,0.44708267,0.3171,2.1560059,0.8975,1.2356964,0.9966,0.3788278,0.5215,1.9174381,0.588,1.8610779,1.466,1.8727481,1.442,0.9136516,0.8657,0.73755443,0.526,1.6411645,0.5586,1.7793758,0.5522,1.095993,0.827,0.84919566,0.452,0.7448912,-0.02104,0.25866657,0.9785,1.2397647,0.129,0.63022274,0.0662,1.6595149,1.367
2,XZY,patch_x20720_y11760,external_test,external_test,D:\AIPatho\Patch\visiumhd_patch\2\XZY\patch_images\patch_x20720_y11760.png,-1.5158867,-0.5986,1.5931385,0.2832,0.38733885,0.04764,1.7203513,0.6226,0.48911187,0.2072,0.09299901,-0.1246,0.05768365,0.2683,-1.5246183,-0.455,1.8450525,0.4978,0.11587454,-0.1775,1.117834,0.4639,1.4176719,0.4421,1.8668401,0.688,2.0912488,-0.03616,0.50216424,-0.1066,0.40756553,0.6187,1.8371458,0.3374,1.0608116,-0.03418,0.8235384,-0.2472,1.0409912,0.856,0.2310535,0.8276,1.7032622,0.874,1.0836563,0.892,0.70034426,0.655,1.1125631,0.633,1.183712,0.0572,-0.17550315,-0.4783,1.4157921,0.742,0.8211826,0.4143,0.3171189,-0.03442
2,XZY,patch_x20720_y7280,external_test,external_test,D:\AIPatho\Patch\visiumhd_patch\2\XZY\patch_images\patch_x20720_y7280.png,0.08030364,0.1077,-1.0526712,0.2128,0.5421953,0.414,0.888183,0.593,0.44248068,0.362,-0.4246712,-0.03076,-0.33506423,0.3586,-0.2610066,0.1749,0.24229427,0.1527,-1.3054537,0.202,0.18059504,0.5425,-0.7670258,-0.00869,-0.44056422,0.395,-0.34829262,-0.08734,0.59913874,0.579,-0.6489048,0.094,-0.9353886,0.6323,0.29249105,0.534,0.23159778,0.2754,-0.5799365,0.5146,0.5614897,0.3901,0.29532468,0.402,0.44037622,0.433,-0.7441288,0.54,-0.32911602,0.2041,-1.4237874,0.0754,-0.5504855,-0.367,-1.2143934,0.3406,-1.2965469,0.3047,0.23608343,0.368
2,XZY,patch_x20720_y7504,external_test,external_test,D:\AIPatho\Patch\visiumhd_patch\2\XZY\patch_images\patch_x20720_y7504.png,0.3523989,-0.05493,0.9101951,0.2925,1.2226468,0.534,0.6978794,0.1663,0.492281,0.293,4.2221174,0.04733,1.2990217,-0.1488,0.66856974,-0.1203,1.4073712,0.0295,-0.6250237,-0.7866,0.95610577,-0.1191,0.93329567,-0.3113,0.15147637,0.0327,1.8231258,0.1306,0.78654015,0.2279,-0.30263594,0.1519,1.7906595,-0.2383,0.8673616,0.506,1.140096,0.4692,1.2218684,0.3787,1.4542409,0.2847,1.2124426,0.1091,1.4544708,0.2688,1.1295768,0.3276,0.9527709,-0.2141,0.6902687,-0.4485,0.22867085,0.1257,1.604347,-0.1705,-0.051326808,-0.7583,1.1882731,0.4614
2,XZY,patch_x20720_y7728,external_test,external_test,D:\AIPatho\Patch\visiumhd_patch\2\XZY\patch_images\patch_x20720_y7728.png,-0.6955707,-0.657,1.4169457,0.8164,0.6791278,0.744,0.99251527,0.7573,0.4940919,0.6914,0.9403558,-0.05063,0.6301027,0.01102,-1.9386364,-0.7944,1.9482893,0.6367,-0.33967757,-0.1062,1.4467735,0.5684,2.0983899,0.79,1.1355096,0.944,2.3767178,0.304,-0.55809844,0.2004,1.1146884,0.789,1.785776,0.643,1.1049639,0.9043,1.126033,0.9976,1.2031232,0.9937,1.7048779,0.823,2.1465273,0.868,1.736095,0.8496,1.3417534,0.924,0.8656567,0.61,0.8638214,-0.4778,-0.93481594,0.4446,1.0051447,0.604,1.0904496,0.4177,1.2963197,1.087
2,XZY,patch_x20720_y7952,external_test,external_test,D:\AIPatho\Patch\visiumhd_patch\2\XZY\patch_images\patch_x20720_y7952.png,-1.9030464,-1.54,1.5495539,0.8354,0.76372933,0.7544,0.45301217,0.3745,0.49726102,0.521,1.4115214,-0.8936,0.7861416,-0.1222,-1.8278085,-1.1455,1.5460017,0.4993,-1.1305724,-0.3188,1.37449,0.7134,1.8953406,1.034,2.1083322,1.084,2.060188,0.253,-0.30751565,0.01501,0.70642215,0.759,1.2512817,0.3281,1.2514342,0.971,1.5515559,1.045,1.3328569,1.033,1.960222,0.8594,2.3989103,0.822,2.1700351,0.9204,1.5816158,0.942,1.4189483,0.771,0.81459767,-0.2512,-0.5839686,0.1401,1.1388898,0.7314,0.11792346,0.33,1.3285283,1.085
2,XZY,patch_x20720_y8176,external_test,external_test,D:\AIPatho\Patch\visiumhd_patch\2\XZY\patch_images\patch_x20720_y8176.png,-1.2982918,-1.572,1.2070072,1.176,1.2403384,1.477,0.21696004,0.1433,0.49545008,0.712,1.9333457,-0.62,1.361336,-0.4888,-1.7823473,-1.673,1.6623279,0.7437,-0.3349202,-0.4492,0.4076404,0.9673,0.9791517,1.267,0.64410794,1.371,2.2950704,1.217,0.13840055,-0.1417,1.2392589,1.265,1.9247102,1.217,1.6738025,1.669,1.9622272,1.916,1.2419044,1.403,1.5738943,1.369,1.79297,0.9067,1.777393,1.052,0.97989327,1.529,0.92040926,1.047,1.1776123,-0.5674,1.6075073,1.509,0.8661875,0.937,0.5030476,0.3477,1.6562521,1.909
2,XZY,patch_x20720_y8400,external_test,external_test,D:\AIPatho\Patch\visiumhd_patch\2\XZY\patch_images\patch_x20720_y8400.png,-1.1190497,-2.154,1.0543143,0.759,0.5859223,1.123,0.533743,0.4097,0.4940919,0.682,-1.0575533,-1.151,0.5030164,-0.2039,-1.872835,-1.587,1.7214861,0.738,-1.4634794,-0.4604,1.2279876,0.8354,1.9105535,1.225,1.2678977,2.041,2.0413365,0.201,0.49773505,-1.117,0.9270067,1.046,0.9213475,1.116,1.0547571,0.7964,0.53519505,0.9585,1.3455622,1.1,1.4792217,1.758,2.5183516,1.816,2.7177906,1.897,1.0339291,1.359,1.0809125,1.315,0.4919837,-0.6934,-0.6768821,-0.7773,1.2997615,1.041,0.81861186,0.5166,0.74072355,1.215
2,XZY,patch_x20720_y8624,external_test,external_test,D:\AIPatho\Patch\visiumhd_patch\2\XZY\patch_images\patch_x20720_y8624.png,-1.8971419,-1.42,1.4672762,0.5894,-0.15324841,0.2396,1.1340255,0.4287,0.49499735,0.6045,-0.50703835,-0.844,-0.13417475,-0.377,-1.8235493,-1.452,1.7794901,0.5225,-1.6449214,-0.953,1.01893,0.514,1.5725957,0.853,2.1648452,1.348,1.3742548,-0.3918,0.07128366,-0.7744,1.346079,0.9263,1.3835007,0.7334,0.23587102,0.10126,0.38585928,0.1987,1.215054,0.887,1.6792109,1.018,2.3014338,1.058,2.1027167,1.094,1.03167,1.024,0.9528981,0.8584,1.0124547,-0.71,-0.73906595,-0.511,0.9860121,0.701,0.54562545,0.11865,0.15478137,0.3228
2,XZY,patch_x20720_y8848,external_test,external_test,D:\AIPatho\Patch\visiumhd_patch\2\XZY\patch_images\patch_x20720_y8848.png,-1.8819592,-1.423,0.62207246,0.8687,-0.53574103,0.742,-0.0051544355,0.75,0.49182826,0.4797,0.9310108,-0.4302,0.44422537,0.0824,0.6159403,-1.071,1.195978,0.839,-1.1008092,-0.1788,1.2029442,0.741,1.4403521,1.044,1.0969582,0.7964,2.0502682,0.3704,-0.14954911,-0.347,1.0273651,0.9556,1.0877302,0.7,-0.19228598,0.686,-0.2942743,0.795,1.3404554,0.997,1.445901,0.658,1.778839,0.8115,1.9870332,0.673,1.0017143,1.082,1.0904946,0.8887,0.7144409,-0.4001,-1.1868566,0.0871,0.83948785,0.8364,0.09191768,0.5654,-0.05063123,0.907
2,XZY,patch_x20720_y9072,external_test,external_test,D:\AIPatho\Patch\visiumhd_patch\2\XZY\patch_images\patch_x20720_y9072.png,-1.092116,-1.632,1.1001041,0.9585,0.10082594,0.7026,0.062126014,0.6875,0.49182826,0.646,1.8611729,-0.1415,1.0542037,0.2925,0.2510712,-0.5254,0.8564596,0.99,-0.9192783,-0.0363,0.84999967,0.839,1.3199359,1.059,1.7361145,0.7915,2.0373344,0.763,-0.5775818,-0.3896,1.3034679,1.152,1.9877491,0.82,0.7106422,0.5127,0.720656,0.6753,1.413769,1.101,1.8204151,0.735,1.946681,1.135,1.8633442,1.105,0.7641153,1.133,1.2061409,1.0625,1.1232553,0.02373,-0.5454856,-0.03458,1.2221185,0.7827,1.0308789,0.624,0.3815255,0.6426
2,XZY,patch_x20720_y9296,external_test,external_test,D:\AIPatho\Patch\visiumhd_patch\2\XZY\patch_images\patch_x20720_y9296.png,-1.8608721,-1.502,1.6948948,0.8276,-0.5218791,0.2678,0.051751412,0.9062,0.492281,0.711,-0.32838348,-0.8135,1.0794266,-0.1782,-1.7944298,-0.832,1.1262057,1.035,-1.362888,-0.3608,0.8228667,0.643,0.98959506,0.852,0.9274266,0.2695,1.6612967,0.0251,-1.1280105,-0.3455,1.1421093,0.9062,1.4116049,0.3582,0.3192328,0.2157,0.3583151,0.3494,1.2301967,0.8433,1.5334935,0.325,1.8222711,0.3206,2.2385738,0.2186,1.1471516,0.8843,1.235634,0.7344,1.1401453,-0.438,-0.9497612,-0.363,1.022568,0.6675,0.7358602,0.3152,0.0729947,0.4023
2,XZY,patch_x20720_y9520,external_test,external_test,D:\AIPatho\Patch\visiumhd_patch\2\XZY\patch_images\patch_x20720_y9520.png,-1.8378872,-1.431,1.4453009,0.808,0.7092159,1.234,0.002788848,0.6216,0.49454463,0.6646,0.90607494,-0.3862,0.80170035,0.1003,-1.2620776,-0.9805,0.9907026,0.791,-1.4580055,0.122,1.3905478,0.7773,1.6640385,1.239,1.8172833,1.294,1.7029067,1.169,-0.5799962,-0.1699,0.8386833,1.03,1.1115324,1.208,0.55871105,1.291,1.1842364,1.482,1.2023709,1.069,1.3591568,1.017,1.6630397,1.242,1.2916769,1.321,1.3497844,1.369,1.714055,1.119,1.0657483,-0.526,-0.5928228,0.6133,0.9347685,0.8433,0.48479354,0.673,1.1060473,1.555
2,XZY,patch_x20720_y9744,external_test,external_test,D:\AIPatho\Patch\visiumhd_patch\2\XZY\patch_images\patch_x20720_y9744.png,-1.9346771,-1.531,1.7828516,0.896,0.78296715,1.031,0.24692553,0.6484,0.49047005,0.4565,-0.098972775,-0.2527,-0.16530663,0.673,-0.06018204,-0.5083,1.45752,0.8296,-1.1267499,0.0955,0.95323753,0.882,1.2504046,0.9546,2.01625,1.181,1.8462154,1.133,-1.3717552,-0.766,0.9255743,1.441,1.1046965,1.056,1.0686318,0.9907,1.5083358,1.133,1.4998456,1.348,1.7852674,1.233,1.6892644,1.589,1.363454,1.412,0.76760405,1.2705,0.64230376,1.453,0.69192547,0.3955,-1.2817553,0.721,1.4457314,1.414,-0.004176593,0.792,1.4996642,1.353
2,XZY,patch_x20720_y9968,external_test,external_test,D:\AIPatho\Patch\visiumhd_patch\2\XZY\patch_images\patch_x20720_y9968.png,-1.8362002,-1.143,1.9652601,0.8564,-0.44978538,0.661,1.1343789,0.6665,0.492281,0.4902,0.6569274,-0.155,0.7365406,0.21,-1.2377303,-0.769,1.5169696,0.5005,0.37612534,-0.337,1.526069,0.6655,1.95926,0.823,1.8871291,0.513,2.2635076,0.337,0.42014793,-0.147,0.92680174,0.62,0.3903801,0.3516,0.8769354,0.7134,1.1314642,0.8394,0.8112186,0.759,0.7608639,0.3438,1.485158,0.4036,1.7354884,0.3308,1.0859538,0.765,0.9639123,0.522,1.3376656,-0.09424,-0.5662458,0.2234,1.117655,0.6025,1.4153461,0.2094,1.0584368,0.8374
2,XZY,patch_x20944_y10192,external_test,external_test,D:\AIPatho\Patch\visiumhd_patch\2\XZY\patch_images\patch_x20944_y10192.png,-1.4696004,-0.4717,1.1588047,0.535,0.9655582,1.2295,1.2059417,0.587,0.48865914,0.3823,-0.72941524,-0.2712,-0.10880592,-0.0274,-1.0060325,-0.292,1.5553867,0.2598,-0.42076567,-0.02007,0.4912646,0.5703,0.9936254,0.4866,1.0925122,0.54,1.7854726,0.2456,0.4187115,0.6733,0.7444539,0.2651,0.8072948,0.0548,1.3992401,1.331,1.7276348,1.274,1.1598327,0.822,1.281812,0.514,2.625249,0.7695,2.6398842,0.8105,1.0588266,0.6304,0.62355155,0.4668,0.98085964,-0.03064,-0.7257905,0.5557,0.85308224,0.1649,0.38313425,0.0644,1.6356637,1.3545
2,XZY,patch_x20944_y10416,external_test,external_test,D:\AIPatho\Patch\visiumhd_patch\2\XZY\patch_images\patch_x20944_y10416.png,-0.6581441,-1.2705,1.5271605,0.6875,0.27466244,-0.1067,0.58478177,0.911,0.4895646,0.5674,0.3078344,-0.855,-0.26623914,-0.2477,1.4297827,-1.308,1.3746133,0.784,-0.62541056,-0.3398,1.3980811,0.7173,1.6406566,0.9233,1.00406,0.774,1.7765135,-0.9434,0.1568245,-0.2195,0.9739523,0.7803,0.91178256,0.2255,0.33608347,0.07214,0.43976504,0.0303,1.1438603,0.9087,1.3755134,0.6724,1.7834604,0.68,1.7717044,0.6807,1.2769897,0.7744,1.1257622,1.01,0.94782794,-0.282,-1.1519204,-0.6455,0.62160295,1.034,0.19637853,0.5776,0.5340617,0.186
2,XZY,patch_x20944_y10640,external_test,external_test,D:\AIPatho\Patch\visiumhd_patch\2\XZY\patch_images\patch_x20944_y10640.png,-1.6872196,-0.981,1.5701464,0.684,0.777483,0.566,0.6373067,0.658,0.49092278,0.2421,2.3040705,-0.715,0.8328919,0.06555,-1.6594371,-1.152,0.93149984,0.4795,-0.7849673,-0.07947,0.91352975,0.596,0.9848309,0.712,2.0065825,0.6577,1.8252903,-0.0992,-0.4436148,0.2773,0.88086665,0.563,1.3181311,0.596,0.9095096,0.935,1.2491665,0.9766,1.1208204,0.723,1.9611206,0.5723,2.2515337,0.673,2.1081908,0.621,1.7781212,0.7183,0.39180878,0.5728,0.7630189,-0.395,-0.3946315,0.2654,-0.58273464,0.6426,0.77896845,0.292,1.2535084,1.0625
2,XZY,patch_x20944_y10864,external_test,external_test,D:\AIPatho\Patch\visiumhd_patch\2\XZY\patch_images\patch_x20944_y10864.png,-1.8746842,-1.543,1.6351521,0.5728,0.80914736,0.06805,0.1448668,0.576,0.4895646,0.4614,-0.96416825,-0.64,0.24701661,-0.1523,-1.8099022,-1.155,1.0903916,0.7896,-1.2036586,-0.782,1.310752,0.628,1.9810305,0.7725,2.1640227,0.746,1.2674674,0.0917,-0.51508236,-0.669,1.2076577,0.9395,1.4817866,0.4004,0.9961055,-0.1517,1.1530405,0.03793,1.1869519,0.795,1.213129,0.6533,1.3951967,0.595,1.1760579,0.6426,1.398451,0.8916,1.4419794,0.8516,0.6572149,-0.42,0.3671567,-0.363,0.007923001,0.707,0.350868,0.177,1.0773584,0.2383
2,XZY,patch_x20944_y11088,external_test,external_test,D:\AIPatho\Patch\visiumhd_patch\2\XZY\patch_images\patch_x20944_y11088.png,-1.3401896,-1.53,1.3301601,0.8574,0.8145303,0.554,0.554763,0.762,0.49047005,0.2466,1.9681616,-1.113,-0.122403905,-0.237,-1.7879974,-1.072,1.2398123,0.793,-0.655744,-0.5225,1.1588938,0.689,2.053289,0.9165,1.8479962,0.8276,1.611033,0.3105,-0.42076826,-0.2776,1.1136271,0.859,1.6319698,0.869,1.1318297,0.588,1.2947674,0.5703,1.0883191,0.9097,0.8196613,0.8237,2.0910146,0.7764,2.2554414,0.8823,1.1754395,1.031,0.65783304,1.01,1.0070246,-0.4858,-0.78725606,-0.08984,0.5160452,0.663,0.7402085,0.1984,1.4954839,0.672
2,XZY,patch_x20944_y11312,external_test,external_test,D:\AIPatho\Patch\visiumhd_patch\2\XZY\patch_images\patch_x20944_y11312.png,-1.6731967,-0.973,1.5551338,0.896,0.43351445,0.619,0.72360545,0.689,0.49001732,0.1821,0.97103,-0.3271,0.24329455,0.04932,1.5672325,-0.5137,1.2950846,0.5264,-0.2922427,-0.3682,0.9328345,0.738,1.4873836,0.3555,0.8278096,0.418,1.1569489,0.4622,0.23619422,0.5117,1.15345,0.541,1.7356329,0.5005,1.1345533,0.8506,1.3164977,0.78,0.8666891,0.7876,0.9286845,0.37,2.0474715,0.2883,1.712521,0.3752,1.2064934,0.6807,0.9017895,0.451,0.9364678,-0.1881,-0.7259858,0.1912,1.4553565,0.4526,0.39224985,0.0438,0.91480696,0.7344
2,XZY,patch_x20944_y11536,external_test,external_test,D:\AIPatho\Patch\visiumhd_patch\2\XZY\patch_images\patch_x20944_y11536.png,-1.8755277,-0.9565,1.1700426,0.2275,0.7122123,-0.0468,0.9498797,0.6304,0.48865914,0.291,-0.19209728,-0.09906,-0.1083728,0.3486,0.15479214,-0.3848,1.5121077,0.3728,-0.15158346,-0.1724,0.90169084,0.6587,1.773117,0.8203,1.8284221,0.1142,1.7162303,0.1236,0.17831868,0.2122,0.9983934,0.566,2.1218193,0.0602,0.9008627,0.3418,1.1968781,0.1084,1.3270442,0.755,1.7176342,0.397,0.89993525,0.282,0.9735069,0.2222,1.2735615,0.6777,1.114476,0.754,0.99086744,0.3682,-1.0202161,-0.06335,0.7022482,0.6807,1.2705126,0.3752,1.191714,0.1871
2,XZY,patch_x20944_y11760,external_test,external_test,D:\AIPatho\Patch\visiumhd_patch\2\XZY\patch_images\patch_x20944_y11760.png,-0.49790546,-0.9453,-0.472839,-0.0751,1.2340201,0.04233,1.0941886,0.4443,0.4895646,0.514,-0.8623408,-0.6294,-0.38610673,0.2817,-0.71692204,-0.946,1.6417863,0.2722,-0.64996856,-0.82,0.57184196,0.4458,0.86389595,0.3445,-0.27273566,0.5996,0.3266755,-0.304,-0.5994326,-0.3948,-0.102724284,0.8325,-0.14418532,-0.5547,0.35878357,-0.127,0.700396,-0.07465,0.48432425,1.053,0.8744381,1.215,0.8068703,0.852,0.6353343,0.8525,-0.26907715,0.765,0.98987204,0.78,0.7296504,0.2427,-0.5462081,-0.496,0.5144103,0.862,0.91693014,0.03062,0.5974392,0.2067
2,XZY,patch_x20944_y7504,external_test,external_test,D:\AIPatho\Patch\visiumhd_patch\2\XZY\patch_images\patch_x20944_y7504.png,0.10676799,0.4893,-0.34215614,-0.2104,0.824289,0.4568,0.7768651,-0.0753,0.48639548,-0.3518,-0.40609607,0.118,-1.1043028,0.05103,2.8078105,0.3132,0.66127163,-0.3481,-0.31582916,0.1931,-0.19296333,-0.1583,-1.4785839,-0.299,-0.5463586,-0.182,1.5740378,0.2445,0.4606913,0.376,-0.20840311,-0.2913,-1.2605519,0.0965,1.141247,0.2683,1.2249082,0.1833,0.06603989,-0.2915,0.18351388,-0.1705,0.13984026,-0.1514,1.106997,-0.09503,-0.5836905,0.1078,-1.0729294,-0.2491,-1.1092957,-0.2263,0.118584976,0.0222,0.84961754,-0.2922,-0.022315793,-0.2103,0.7570502,0.2593
2,XZY,patch_x20944_y7728,external_test,external_test,D:\AIPatho\Patch\visiumhd_patch\2\XZY\patch_images\patch_x20944_y7728.png,-1.8731027,-1.153,1.5376474,0.932,0.81884146,1.06,0.34034342,0.567,0.492281,0.56,0.23728667,-0.4814,-0.2887501,0.434,-1.2770911,-0.817,1.4377294,0.576,-0.7122334,-0.2883,0.77406704,0.798,0.7602696,0.9624,2.5740914,0.929,1.7686954,0.88,-0.3609248,0.1037,0.9942614,1.03,1.1796547,0.547,1.084881,1.269,1.077914,1.3125,1.1095129,1.1455,1.401035,0.945,1.7742926,0.846,1.6744235,0.836,1.0818592,1.132,1.2253745,1.076,0.8710447,0.2627,-0.5966739,0.769,0.41506168,1.004,1.0594726,0.4185,1.2910945,1.391
2,XZY,patch_x20944_y7952,external_test,external_test,D:\AIPatho\Patch\visiumhd_patch\2\XZY\patch_images\patch_x20944_y7952.png,-1.8815376,-1.159,0.9876799,0.589,0.8608009,1.224,0.46170995,0.1172,0.49363917,0.7144,2.5849671,0.0852,0.9655424,0.2534,-1.8065991,-0.311,1.1626014,0.379,-0.49532092,-0.194,1.472277,0.4575,1.3822788,0.715,1.9332744,0.8965,2.2504234,1.047,-1.1942351,-0.4502,0.8664201,0.782,2.193182,0.426,1.501301,1.038,1.6812128,1.318,1.2403755,0.901,1.7606932,0.962,2.3542368,1.296,2.23819,1.329,0.8175968,0.8276,0.8457532,0.8433,1.0370173,0.04865,-0.17274061,0.1638,0.3452194,0.8984,0.24915385,0.3914,1.517756,1.43
2,XZY,patch_x20944_y8176,external_test,external_test,D:\AIPatho\Patch\visiumhd_patch\2\XZY\patch_images\patch_x20944_y8176.png,-1.0454053,-1.72,0.80532855,0.833,0.8277117,0.973,1.0975784,0.2695,0.49318644,0.5254,0.0125228865,-0.534,0.13698189,-0.09674,-1.3100784,-1.261,1.6729577,0.8394,-1.4844207,0.1598,1.1868917,0.8296,1.3718808,1.291,1.4018087,1.758,1.7893418,0.2278,-0.3024514,-0.6475,0.67856115,1.185,-0.014539771,1.192,1.745939,0.987,1.3017312,1.008,1.2344501,1.313,1.4505438,1.833,2.2702794,2.074,2.1066206,2.13,1.3257647,1.624,1.0434703,1.466,0.582126,-0.7246,-0.3049056,-0.803,0.5456311,1.254,0.001241629,0.884,1.4042873,1.274
2,XZY,patch_x20944_y8400,external_test,external_test,D:\AIPatho\Patch\visiumhd_patch\2\XZY\patch_images\patch_x20944_y8400.png,-0.09170197,-1.669,1.3465317,0.864,0.7593527,1.08,0.90490484,0.4302,0.49499735,0.604,2.2041757,-0.146,-0.19960897,0.381,0.23992231,-0.9517,1.6776699,0.6226,-1.4608493,0.1606,1.3926991,0.788,1.5254719,1.064,1.5188419,1.253,1.5680269,0.4346,-0.11964495,-0.651,1.0433996,1.297,1.3576057,0.882,1.462508,0.9585,0.8578294,1.175,1.0765619,1.269,1.9165453,1.369,2.1747663,1.229,2.0044012,1.246,1.1990626,1.234,1.1347328,1.172,1.330306,0.323,0.64038014,0.2974,0.3254387,1.168,0.64643824,0.89,0.8603256,1.251
2,XZY,patch_x20944_y8624,external_test,external_test,D:\AIPatho\Patch\visiumhd_patch\2\XZY\patch_images\patch_x20944_y8624.png,-1.9689437,-1.56,1.1264336,0.9814,0.35891247,0.611,0.36428335,0.6655,0.492281,0.6284,1.4563466,-0.4631,0.77394617,0.0865,-0.22750147,-1.005,1.040311,0.8325,-0.656339,0.0687,1.2669194,0.859,1.9426379,0.994,2.1983418,0.886,2.4918222,0.0874,-1.4994622,0.0087,1.1890893,0.9775,1.8900108,0.435,0.51014817,0.765,0.17140414,0.764,1.1963682,0.9976,1.520271,0.6533,1.7065309,0.738,1.5347953,0.707,1.0727242,0.9756,0.65674114,0.9565,0.98445904,-0.3105,-0.20237124,-0.01307,1.6657757,1.09,0.5867941,0.6836,0.25899288,0.839
2,XZY,patch_x20944_y8848,external_test,external_test,D:\AIPatho\Patch\visiumhd_patch\2\XZY\patch_images\patch_x20944_y8848.png,-1.8365165,-1.534,0.80716974,0.3474,-0.2597124,-0.2474,0.36196098,0.506,0.4895646,0.651,1.5649599,-0.537,0.005774007,0.3623,-0.19730118,-1.091,1.257604,0.591,-1.2902211,-0.8945,0.923751,0.6245,1.3838274,0.894,1.3426075,1.034,1.4092492,-0.4565,-1.0559686,-1.105,1.2579323,1.288,1.3409029,-0.0461,-0.458261,-0.3306,-0.6249748,-0.2257,1.2390379,1.1875,1.7545221,1.125,2.0887623,0.9517,2.0089736,0.9478,1.3995752,0.988,1.0761737,1.086,1.0991856,0.1411,-0.8444717,-1.01,1.0374758,1.212,0.011802559,0.2487,-0.32472152,0.03035
2,XZY,patch_x20944_y9072,external_test,external_test,D:\AIPatho\Patch\visiumhd_patch\2\XZY\patch_images\patch_x20944_y9072.png,-1.5814676,-0.804,1.2237996,0.646,0.90077746,0.185,0.11142238,0.7363,0.4940919,0.637,1.3282121,-0.12305,1.0536354,-0.02739,-1.113345,-0.7554,0.9187368,0.5435,-1.1319023,-0.4746,1.1630399,0.531,1.9996731,0.4407,0.39049086,0.1909,1.7130008,0.1989,-0.35790244,0.01528,1.0952992,0.5986,1.9796352,0.4487,1.0673106,0.10443,1.218054,0.1414,1.046347,0.688,1.9601953,0.4675,1.9482234,0.556,1.5738969,0.631,0.41880974,0.3918,1.0047966,0.361,0.9872769,-0.09546,-0.25377223,-0.2644,0.4746187,0.573,-0.07648543,0.01785,0.7766092,0.2222
2,XZY,patch_x20944_y9296,external_test,external_test,D:\AIPatho\Patch\visiumhd_patch\2\XZY\patch_images\patch_x20944_y9296.png,-1.3980097,-0.4778,1.2719716,0.993,0.9005759,1.6455,-0.37637955,-0.0001223,0.4940919,0.533,-0.33379066,-0.2091,1.4105383,0.0372,-1.431262,-0.7593,0.77582306,0.1483,-1.0016671,-0.189,1.1192008,0.3655,1.2005806,0.4395,0.8146036,0.844,2.5303028,1.394,-0.8344458,0.8613,0.96783113,0.3862,1.2907501,0.4397,1.4298869,1.726,2.053405,1.923,1.2542747,0.622,0.88955736,0.519,1.2562271,0.1711,0.863078,0.5522,1.1485165,0.7397,0.29899526,0.2947,1.09623,-0.3003,-1.0519888,1.616,0.85171986,0.1355,0.9762054,0.006313,1.7388934,1.731
2,XZY,patch_x20944_y9520,external_test,external_test,D:\AIPatho\Patch\visiumhd_patch\2\XZY\patch_images\patch_x20944_y9520.png,-0.8737046,-1.397,1.0839744,0.725,1.3619787,0.8374,0.28476724,0.5244,0.49047005,0.4968,1.4167594,-0.681,0.20694843,0.2036,-1.061902,-1.098,1.3383783,0.6934,-0.7436008,-0.559,0.8595934,0.698,0.88568604,0.8906,2.687232,1.31,1.5474463,0.8022,-0.8975041,-0.3887,1.3971831,0.9917,1.5925237,0.7373,1.0471185,0.7666,1.1609256,0.9873,1.3400507,1.127,2.0055084,1.305,1.857883,1.144,1.5154097,1.188,1.4302547,1.153,0.9096118,1.068,0.9937379,-0.3247,-0.4332697,-0.0599,1.0688891,0.995,1.0782577,0.269,1.6112137,1.121
2,XZY,patch_x20944_y9744,external_test,external_test,D:\AIPatho\Patch\visiumhd_patch\2\XZY\patch_images\patch_x20944_y9744.png,-1.8741571,-1.455,1.4238231,1.298,0.9612411,1.362,0.485995,0.713,0.4895646,0.478,-1.8536371,-0.2338,0.80234057,0.03903,-1.8074684,-1.199,1.0829777,0.8193,-0.86781996,0.1048,0.8219145,0.911,1.5930074,1.129,1.9042901,1.34,2.2636855,1.124,-0.46716297,0.2637,1.1342865,0.995,1.6945491,1.007,1.2422961,1.481,1.4782107,1.704,1.1988716,1.357,1.6684679,1.314,1.895459,1.415,1.733363,1.286,1.4043918,1.458,0.68672335,1.083,0.38876167,-0.649,-1.1887378,0.4888,0.93086207,0.9956,0.20807911,0.6387,1.5352726,1.683
2,XZY,patch_x20944_y9968,external_test,external_test,D:\AIPatho\Patch\visiumhd_patch\2\XZY\patch_images\patch_x20944_y9968.png,-1.5419292,-1.331,1.757557,0.2076,-0.40037835,-0.2751,1.2396505,1.058,0.4895646,0.5034,2.8188186,-0.497,0.7698964,0.32,-1.5446107,-1.218,1.6120912,0.8457,-0.98144686,-0.2284,1.4375683,0.8853,0.8014986,0.6353,1.947081,0.553,1.6972739,-0.6606,0.015016582,-0.6543,1.1220894,0.8433,1.89099,0.07983,0.124726295,-0.4011,0.38499844,-0.4443,0.5865629,1.042,0.8024781,0.7993,1.7142725,0.6924,1.8527999,0.6304,1.2888888,0.767,0.8160107,0.931,0.96526384,0.1866,-0.2816848,-0.7925,0.624958,1.157,0.5086989,0.67,0.4591153,-0.1531
2,XZY,patch_x21168_y10192,external_test,external_test,D:\AIPatho\Patch\visiumhd_patch\2\XZY\patch_images\patch_x21168_y10192.png,-1.1617284,-0.4885,-0.374293,0.1997,0.9684869,-0.1344,1.70159,0.5596,0.48413184,0.1493,-0.42685345,-0.1971,0.3134278,0.141,-0.72768295,-0.3508,1.7507118,0.3538,-0.59935504,-0.688,1.0317405,0.3723,1.4951056,0.2351,0.9918752,0.8086,1.6317421,-0.3545,0.7935613,-0.2028,0.5392775,0.66,1.0885658,-0.1098,0.98039895,-0.1176,0.8703698,-0.2075,0.9920556,0.9253,0.80718493,1.044,1.4981617,0.889,1.1246053,0.8555,0.5804371,0.625,0.50817007,0.527,0.4149512,-0.1924,-0.36646965,-0.4602,-0.086755276,0.7383,0.8472421,0.008446,1.0583131,0.0773
2,XZY,patch_x21168_y10640,external_test,external_test,D:\AIPatho\Patch\visiumhd_patch\2\XZY\patch_images\patch_x21168_y10640.png,-1.629968,-0.903,1.6216553,0.2301,-0.13475181,-0.2856,0.7583947,0.628,0.49047005,0.8374,0.09407942,-0.462,-0.0019992976,0.2698,-0.9655223,-0.668,1.6314676,0.5376,-1.665746,-0.156,1.4224738,0.749,1.2504258,0.7695,2.1366014,0.4937,1.920577,-0.488,-0.66062987,-0.2035,1.1613699,0.666,1.874925,0.1229,0.051999245,-0.2214,-0.32551837,-0.433,1.1018826,0.6704,1.3368434,0.7246,1.9268335,0.569,1.9310758,0.5713,1.0573237,0.841,0.84002715,0.8726,0.7641436,0.1825,-1.3286641,-0.643,0.22966616,1.186,0.07881393,0.5435,0.1454189,-0.1725
2,XZY,patch_x21168_y10864,external_test,external_test,D:\AIPatho\Patch\visiumhd_patch\2\XZY\patch_images\patch_x21168_y10864.png,-1.9703144,-1.051,0.9587373,0.8374,0.7205715,0.78,-0.0722899,0.5625,0.49047005,0.342,3.5304046,-0.2583,-0.32407042,0.267,-0.86080766,-0.4226,0.76235735,0.641,-1.1843107,-0.1071,0.93568695,0.8667,2.2471924,0.817,1.4016817,1.291,1.3975121,0.552,-0.6760756,-0.3777,1.3832539,1.089,0.7890776,0.888,1.1229646,0.777,1.5201045,0.8164,1.3671758,1.192,1.7259861,1.042,2.268058,1.447,2.1265082,1.452,1.3746283,0.9976,1.2412982,1.092,1.0627904,-0.2678,1.1168022,0.2493,0.7462574,0.8057,0.8100542,0.464,1.4865255,0.957
2,XZY,patch_x21168_y11088,external_test,external_test,D:\AIPatho\Patch\visiumhd_patch\2\XZY\patch_images\patch_x21168_y11088.png,-1.7766291,-1.111,1.9119891,0.5557,-0.4535376,0.11926,-0.54127383,0.8735,0.492281,0.4143,2.1630535,-0.8916,-0.06879482,-0.3562,-1.7261077,-1.221,1.3973684,0.8037,-1.2682933,-0.7173,0.5864116,0.682,1.7017665,0.569,1.6699605,1.172,0.6067669,-0.606,-0.7592999,-0.5127,1.1624604,0.962,1.0417873,0.4346,-0.10518463,0.1663,0.6120461,0.02455,1.3473852,1.167,1.4662156,1.2,2.1622634,1.316,2.051102,1.368,1.4692773,0.9863,0.71639603,1.017,1.0225178,-0.674,-1.4456722,-0.321,0.86971474,0.816,0.5106852,0.2025,0.41789588,0.2583
2,XZY,patch_x21168_y11312,external_test,external_test,D:\AIPatho\Patch\visiumhd_patch\2\XZY\patch_images\patch_x21168_y11312.png,-1.1749078,0.1273,0.9641619,-0.08215,0.47213864,0.3037,0.86344105,0.865,0.48911187,0.2935,-1.3527682,0.1566,0.74634624,0.7725,-1.2571536,-0.01604,1.4589827,0.438,-1.3947885,0.75,1.496116,0.713,1.0413148,0.3962,1.2000697,-0.2206,1.2459481,-0.3528,-0.7477276,0.808,0.42431572,0.05515,1.0928224,0.429,0.91968703,0.389,0.5459462,0.09033,1.2977763,0.505,1.8674107,0.0751,1.9444797,-0.2075,2.0048983,-0.2411,1.2334325,0.692,0.7964781,0.073,1.3930296,0.04752,-0.7949958,-0.3018,0.020836323,0.6177,-0.75027287,0.754,0.51864135,0.262
2,XZY,patch_x21168_y7952,external_test,external_test,D:\AIPatho\Patch\visiumhd_patch\2\XZY\patch_images\patch_x21168_y7952.png,-1.0809646,-0.6553,1.1629537,0.2328,0.83897173,-0.1415,1.1332675,0.886,0.49273372,0.402,-1.2897886,-0.782,0.12012963,-0.2086,0.2957244,-0.6064,1.58392,0.8115,-0.78145826,-0.4478,0.90281975,0.557,1.1371324,0.2598,1.6836246,0.8335,1.2601024,-0.7886,-0.68903285,-0.345,0.50119615,0.626,0.30225804,0.01575,0.53735447,-0.2344,0.9355358,-0.393,1.1830053,0.902,1.4672649,0.878,2.1302454,0.864,2.1923606,0.7686,1.1558254,0.597,0.832535,0.44,0.9796016,-0.6416,-1.1558849,-0.723,-0.38843092,0.8164,1.1299706,0.1984,0.83074147,-0.1417
2,XZY,patch_x21168_y8176,external_test,external_test,D:\AIPatho\Patch\visiumhd_patch\2\XZY\patch_images\patch_x21168_y8176.png,-1.2079091,-1.279,0.50496393,0.183,0.97418296,-0.0463,0.51421887,0.5483,0.49182826,0.3245,-0.47209343,-1.334,-0.48934746,-0.643,-1.2821877,-1.513,1.2322916,0.7974,-1.267308,-1.177,0.42569926,0.528,1.1178495,0.3987,1.4621183,1.769,1.9142174,-1.081,-0.7451228,-1.023,0.9871691,1.005,1.535495,0.2367,1.4070526,-0.1624,1.0587901,-0.2178,1.2594221,1.286,0.9563291,1.583,2.0763097,1.186,2.1849217,1.375,0.8149885,0.883,0.48655227,0.7637,0.63431835,-1.333,-1.2868742,-0.8447,0.7262734,0.7583,0.46196312,-0.1826,0.9933484,0.1515
2,XZY,patch_x21168_y8400,external_test,external_test,D:\AIPatho\Patch\visiumhd_patch\2\XZY\patch_images\patch_x21168_y8400.png,-0.75400865,-0.7837,1.4651971,0.1991,0.057230387,0.4917,0.4842114,0.542,0.49363917,0.516,-0.062233157,-0.844,-0.36952013,-0.4119,-0.9254523,-1.379,1.6939195,0.4014,-1.3503964,-1.045,-0.6066833,0.397,1.1702347,0.439,1.2213185,1.085,1.8962634,-0.98,-0.22787777,-0.8105,0.47017065,0.9053,-0.09114483,-0.0437,-0.05976306,0.3076,0.10430214,0.2803,0.46960473,1.034,1.3367077,1.21,2.7138062,1.002,2.9353936,1.134,-0.037376016,0.8706,0.15867773,0.922,0.84707767,-0.2178,-1.4653097,0.1613,0.6589679,0.795,-0.4457246,-0.1356,0.22446409,0.525
2,XZY,patch_x21168_y9072,external_test,external_test,D:\AIPatho\Patch\visiumhd_patch\2\XZY\patch_images\patch_x21168_y9072.png,0.5958551,-0.1299,0.7729734,0.577,1.2828915,0.766,0.1713876,0.1833,0.49273372,0.2335,1.1085844,-0.05356,-0.326431,0.0601,0.83861464,0.1306,1.0565346,0.1871,-1.3022405,-0.4578,0.84546375,0.3718,0.57935184,0.0911,-0.12220231,0.654,1.8300612,0.4224,-1.4059865,0.2059,0.255145,0.423,0.69402003,0.1698,1.2204541,0.83,1.062798,0.837,1.4198463,0.5864,-0.18412061,0.3909,0.8435457,0.3157,0.41596442,0.3643,0.4812217,0.594,0.027251324,0.2996,0.7815956,0.01582,-0.026060756,0.3386,0.5262249,0.3113,-0.6260938,-0.1725,0.91132426,0.897
2,XZY,patch_x21168_y9296,external_test,external_test,D:\AIPatho\Patch\visiumhd_patch\2\XZY\patch_images\patch_x21168_y9296.png,-0.33849514,-1.078,1.1016407,0.3496,0.22112413,-0.1376,-0.6201626,0.935,0.49137554,0.3906,0.2915766,-0.9287,1.4359516,0.06076,-0.3603193,-1.217,1.0341281,0.7563,-1.2778978,-0.4587,1.0428213,0.6953,1.610838,0.5513,1.0966374,0.726,2.1072333,-0.86,-0.857624,-0.3943,0.7546903,0.8843,0.83885384,-0.0809,0.61378723,-0.04376,0.6491921,-0.2039,1.136305,0.891,1.3593351,0.7114,1.0444093,0.8955,1.6991769,0.862,0.86972326,0.6987,0.8114694,0.825,1.1254493,-0.0812,-0.5680204,-0.53,0.23865151,0.9443,0.15796474,0.3477,0.8605308,0.0871
2,XZY,patch_x21168_y9520,external_test,external_test,D:\AIPatho\Patch\visiumhd_patch\2\XZY\patch_images\patch_x21168_y9520.png,-1.0720987,-1.133,0.35066366,0.574,0.9017857,0.891,0.4330026,0.6025,0.49001732,0.5254,1.1917851,0.06494,1.9650869,0.5835,-0.6054268,-0.488,0.7515154,0.369,0.057140943,-0.1365,1.5879399,0.7153,0.66500604,0.6284,1.4819922,0.8203,2.0072565,0.403,-0.3235703,-0.527,0.93083805,0.8096,1.6997391,-0.1934,0.9498161,0.874,1.4371716,0.979,0.80717283,1.031,1.175081,0.8423,1.7440321,0.9146,1.4114387,0.882,0.8635898,0.751,-0.07088068,1.009,1.4760121,0.464,1.6385298,0.7305,1.1613221,1.13,0.8578923,0.5137,1.5101348,1.249
