comparison,control,candidate,split,pathway,metric,control_value,candidate_value,delta_candidate_better
lora_s0_vs_lora_s1,lora_s0,lora_s1,external_test,tls,pcc,0.670981328037018,0.6576477270492955,-0.013333600987722516
lora_s0_vs_lora_s1,lora_s0,lora_s1,external_test,tls,ccc,0.5034799437398614,0.5139966543810042,0.01051671064114279
lora_s0_vs_lora_s1,lora_s0,lora_s1,external_test,tls,z_rmse,1.058802904734181,1.0627079321608297,-0.0039050274266487772
lora_s0_vs_lora_s1,lora_s0,lora_s1,external_test,tls,ssim,0.20134269413500222,0.18490540205479258,-0.016437292080209637
lora_s0_vs_lora_s1,lora_s0,lora_s1,external_test,tls,abs_moran_delta,0.02318276102169703,0.04080377563793025,-0.01762101461623322
lora_s0_vs_lora_s1,lora_s0,lora_s1,external_test,tgfb,pcc,0.3885786368727636,0.42109433368478616,0.03251569681202254
lora_s0_vs_lora_s1,lora_s0,lora_s1,external_test,tgfb,ccc,0.26291337410385945,0.30402329727895255,0.0411099231750931
lora_s0_vs_lora_s1,lora_s0,lora_s1,external_test,tgfb,z_rmse,0.6732458101091163,0.6417723814522686,0.03147342865684777
lora_s0_vs_lora_s1,lora_s0,lora_s1,external_test,tgfb,ssim,0.18681247726319467,0.1760751917903616,-0.010737285472833064
lora_s0_vs_lora_s1,lora_s0,lora_s1,external_test,tgfb,abs_moran_delta,0.012308685171266098,0.01653010170682484,-0.004221416535558742
lora_s0_vs_lora_s1,lora_s0,lora_s1,external_test,emt,pcc,0.5813549547492062,0.5666497270302066,-0.014705227718999625
lora_s0_vs_lora_s1,lora_s0,lora_s1,external_test,emt,ccc,0.539969304577182,0.5205321316229555,-0.019437172954226423
lora_s0_vs_lora_s1,lora_s0,lora_s1,external_test,emt,z_rmse,0.5196464390983164,0.5272126356065524,-0.007566196508235978
lora_s0_vs_lora_s1,lora_s0,lora_s1,external_test,emt,ssim,0.5325986981278895,0.5144466618859311,-0.01815203624195838
lora_s0_vs_lora_s1,lora_s0,lora_s1,external_test,emt,abs_moran_delta,0.002701674186349423,0.013567087897725316,-0.010865413711375893
lora_s0_vs_lora_s1,lora_s0,lora_s1,external_test,hypoxia,pcc,0.36066541401533997,0.3366593347108888,-0.024006079304451144
lora_s0_vs_lora_s1,lora_s0,lora_s1,external_test,hypoxia,ccc,0.33039847567097186,0.29929304568514997,-0.031105429985821886
lora_s0_vs_lora_s1,lora_s0,lora_s1,external_test,hypoxia,z_rmse,0.5861046988781142,0.6005666476481303,-0.014461948770016053
lora_s0_vs_lora_s1,lora_s0,lora_s1,external_test,hypoxia,ssim,0.2589860822354932,0.21544319367470824,-0.04354288856078495
lora_s0_vs_lora_s1,lora_s0,lora_s1,external_test,hypoxia,abs_moran_delta,0.020474649234364373,0.025223366710650674,-0.004748717476286302
lora_s0_vs_lora_s1,lora_s0,lora_s1,external_test,mhc,pcc,0.49338382870588493,0.4493148895220855,-0.04406893918379945
lora_s0_vs_lora_s1,lora_s0,lora_s1,external_test,mhc,ccc,0.4044377686079563,0.37066424088411937,-0.03377352772383696
lora_s0_vs_lora_s1,lora_s0,lora_s1,external_test,mhc,z_rmse,0.3746154641949545,0.389506905408602,-0.014891441213647494
lora_s0_vs_lora_s1,lora_s0,lora_s1,external_test,mhc,ssim,0.7086113189770274,0.6748427361489827,-0.033768582828044735
lora_s0_vs_lora_s1,lora_s0,lora_s1,external_test,mhc,abs_moran_delta,0.0010622717329039633,0.0006079343522191749,0.00045433738068478835
lora_s0_vs_lora_s1,lora_s0,lora_s1,external_test,icp,pcc,0.30700695879658807,0.30450297364844603,-0.0025039851481420405
lora_s0_vs_lora_s1,lora_s0,lora_s1,external_test,icp,ccc,0.1658754765201881,0.17130546782264428,0.005429991302456166
lora_s0_vs_lora_s1,lora_s0,lora_s1,external_test,icp,z_rmse,1.4412564806389176,1.4550158557313744,-0.013759375092456727
lora_s0_vs_lora_s1,lora_s0,lora_s1,external_test,icp,ssim,-0.06905958068853645,-0.09012862788903557,-0.021069047200499125
lora_s0_vs_lora_s1,lora_s0,lora_s1,external_test,icp,abs_moran_delta,0.3409587101828234,0.3272674491376829,0.013691261045140513
lora_s0_vs_lora_s1,lora_s0,lora_s1,external_test,ifng,pcc,0.16506189785736297,0.12037379747856046,-0.04468810037880251
lora_s0_vs_lora_s1,lora_s0,lora_s1,external_test,ifng,ccc,0.10577137620532195,0.07543460375724988,-0.030336772448072077
lora_s0_vs_lora_s1,lora_s0,lora_s1,external_test,ifng,z_rmse,0.8328555076843214,0.8372344620287163,-0.0043789543443949475
lora_s0_vs_lora_s1,lora_s0,lora_s1,external_test,ifng,ssim,0.058470918021957204,0.04218518591657158,-0.01628573210538562
lora_s0_vs_lora_s1,lora_s0,lora_s1,external_test,ifng,abs_moran_delta,0.08304352300656676,0.10864006717673275,-0.02559654417016599
lora_s0_vs_lora_s1,lora_s0,lora_s1,external_test,toxic,pcc,0.36870511233428044,0.3609862587449633,-0.007718853589317121
lora_s0_vs_lora_s1,lora_s0,lora_s1,external_test,toxic,ccc,0.2699562418983145,0.2811279220904809,0.011171680192166356
lora_s0_vs_lora_s1,lora_s0,lora_s1,external_test,toxic,z_rmse,1.0941292612419207,1.1022659557956824,-0.008136694553761759
lora_s0_vs_lora_s1,lora_s0,lora_s1,external_test,toxic,ssim,0.0971809624620993,0.10638837390054796,0.009207411438448665
lora_s0_vs_lora_s1,lora_s0,lora_s1,external_test,toxic,abs_moran_delta,0.27116373549727846,0.256165512981805,0.014998222515473447
lora_s0_vs_lora_s1,lora_s0,lora_s1,external_test,Glycolysis,pcc,0.6058237103430195,0.5989988416029315,-0.00682486874008803
lora_s0_vs_lora_s1,lora_s0,lora_s1,external_test,Glycolysis,ccc,0.33426426540249715,0.3476678752872408,0.01340360988474365
lora_s0_vs_lora_s1,lora_s0,lora_s1,external_test,Glycolysis,z_rmse,0.7550303413041034,0.7263298221277039,0.028700519176399486
lora_s0_vs_lora_s1,lora_s0,lora_s1,external_test,Glycolysis,ssim,0.30369989432597505,0.30458069116752856,0.0008807968415535106
lora_s0_vs_lora_s1,lora_s0,lora_s1,external_test,Glycolysis,abs_moran_delta,0.11503195073525829,0.10515517026478594,0.009876780470472357
lora_s0_vs_lora_s1,lora_s0,lora_s1,external_test,Inflammatory_Response,pcc,0.42767744560817317,0.42661743709145306,-0.0010600085167201123
lora_s0_vs_lora_s1,lora_s0,lora_s1,external_test,Inflammatory_Response,ccc,0.3576979067063473,0.35560997953359785,-0.002087927172749471
lora_s0_vs_lora_s1,lora_s0,lora_s1,external_test,Inflammatory_Response,z_rmse,0.924972689139807,0.9222171743280578,0.0027555148117491823
lora_s0_vs_lora_s1,lora_s0,lora_s1,external_test,Inflammatory_Response,ssim,0.11944299290401016,0.17893468176448327,0.05949168886047311
lora_s0_vs_lora_s1,lora_s0,lora_s1,external_test,Inflammatory_Response,abs_moran_delta,0.206423466250929,0.23641754277252963,-0.029994076521600632
lora_s0_vs_lora_s1,lora_s0,lora_s1,external_test,IL6_JAK_STAT3,pcc,0.5504545132658233,0.5210931710091008,-0.02936134225672249
lora_s0_vs_lora_s1,lora_s0,lora_s1,external_test,IL6_JAK_STAT3,ccc,0.3110457830631695,0.2614298356338219,-0.04961594742934761
lora_s0_vs_lora_s1,lora_s0,lora_s1,external_test,IL6_JAK_STAT3,z_rmse,0.6874378841909011,0.7630924551964892,-0.07565457100558803
lora_s0_vs_lora_s1,lora_s0,lora_s1,external_test,IL6_JAK_STAT3,ssim,0.2760692255447795,0.23198295784195916,-0.044086267702820314
lora_s0_vs_lora_s1,lora_s0,lora_s1,external_test,IL6_JAK_STAT3,abs_moran_delta,0.1673879404118538,0.18505943474352016,-0.01767149433166637
lora_s0_vs_lora_s1,lora_s0,lora_s1,external_test,P53_Pathway,pcc,0.5333217674054459,0.5300817569572547,-0.0032400104481912217
lora_s0_vs_lora_s1,lora_s0,lora_s1,external_test,P53_Pathway,ccc,0.3141630296470885,0.2835192353360809,-0.030643794311007555
lora_s0_vs_lora_s1,lora_s0,lora_s1,external_test,P53_Pathway,z_rmse,0.8380632402103297,0.9052073549077672,-0.06714411469743742
lora_s0_vs_lora_s1,lora_s0,lora_s1,external_test,P53_Pathway,ssim,0.16577696291751565,0.15842724843525652,-0.007349714482259129
lora_s0_vs_lora_s1,lora_s0,lora_s1,external_test,P53_Pathway,abs_moran_delta,0.03039226022488717,0.037130940561259373,-0.006738680336372205
lora_s0_vs_lora_s1,lora_s0,lora_s1,external_test,DNA_Damage_Response,pcc,0.4379225193701701,0.48306160144273563,0.045139082072565506
lora_s0_vs_lora_s1,lora_s0,lora_s1,external_test,DNA_Damage_Response,ccc,0.2757919829564313,0.35243776093131973,0.07664577797488842
lora_s0_vs_lora_s1,lora_s0,lora_s1,external_test,DNA_Damage_Response,z_rmse,0.9539151494829724,0.8810330207739423,0.0728821287090301
lora_s0_vs_lora_s1,lora_s0,lora_s1,external_test,DNA_Damage_Response,ssim,0.29781843513766737,0.3393441957333669,0.04152576059569951
lora_s0_vs_lora_s1,lora_s0,lora_s1,external_test,DNA_Damage_Response,abs_moran_delta,0.07039360479099349,0.0470509678411668,0.02334263694982669
lora_s0_vs_lora_s1,lora_s0,lora_s1,external_test,Complement,pcc,0.38065011837064816,0.37694888339519794,-0.0037012349754502183
lora_s0_vs_lora_s1,lora_s0,lora_s1,external_test,Complement,ccc,0.18864413267467656,0.20522213412326792,0.016578001448591367
lora_s0_vs_lora_s1,lora_s0,lora_s1,external_test,Complement,z_rmse,1.3510097712931388,1.2527998539878722,0.09820991730526663
lora_s0_vs_lora_s1,lora_s0,lora_s1,external_test,Complement,ssim,0.26390360480101616,0.2836997394452897,0.019796134644273544
lora_s0_vs_lora_s1,lora_s0,lora_s1,external_test,Complement,abs_moran_delta,0.07881174902886062,0.12120647042421312,-0.0423947213953525
lora_s0_vs_lora_s1,lora_s0,lora_s1,external_test,Coagulation,pcc,0.4303478172226688,0.42116839827180513,-0.00917941895086366
lora_s0_vs_lora_s1,lora_s0,lora_s1,external_test,Coagulation,ccc,0.39071255035543945,0.3875337165914013,-0.003178833764038158
lora_s0_vs_lora_s1,lora_s0,lora_s1,external_test,Coagulation,z_rmse,0.7188862949003724,0.7317164582847231,-0.012830163384350723
lora_s0_vs_lora_s1,lora_s0,lora_s1,external_test,Coagulation,ssim,0.17488750714074724,0.19082290323701692,0.015935396096269677
lora_s0_vs_lora_s1,lora_s0,lora_s1,external_test,Coagulation,abs_moran_delta,0.01403647133918745,0.02419587970289011,-0.01015940836370266
lora_s0_vs_lora_s1,lora_s0,lora_s1,external_test,Oxidative_Phosphorylation,pcc,0.7736800144520635,0.760693200701128,-0.012986813750935466
lora_s0_vs_lora_s1,lora_s0,lora_s1,external_test,Oxidative_Phosphorylation,ccc,0.7114113808854249,0.7335026470644572,0.022091266179032343
lora_s0_vs_lora_s1,lora_s0,lora_s1,external_test,Oxidative_Phosphorylation,z_rmse,0.4192016203657115,0.4122217637973512,0.00697985656836031
lora_s0_vs_lora_s1,lora_s0,lora_s1,external_test,Oxidative_Phosphorylation,ssim,0.5230690570135895,0.4952177831632784,-0.02785127385031111
lora_s0_vs_lora_s1,lora_s0,lora_s1,external_test,Oxidative_Phosphorylation,abs_moran_delta,0.12618269566802243,0.1413797785438793,-0.01519708287585686
lora_s0_vs_lora_s1,lora_s0,lora_s1,external_test,Reactive_Oxygen_Species,pcc,0.23871730839329935,0.19459961426917283,-0.04411769412412653
lora_s0_vs_lora_s1,lora_s0,lora_s1,external_test,Reactive_Oxygen_Species,ccc,0.13309482050218271,0.1026389973931242,-0.03045582310905852
lora_s0_vs_lora_s1,lora_s0,lora_s1,external_test,Reactive_Oxygen_Species,z_rmse,0.9187160878099023,0.9482296513236689,-0.02951356351376655
lora_s0_vs_lora_s1,lora_s0,lora_s1,external_test,Reactive_Oxygen_Species,ssim,0.10900465556439042,0.0720333074981801,-0.036971348066210316
lora_s0_vs_lora_s1,lora_s0,lora_s1,external_test,Reactive_Oxygen_Species,abs_moran_delta,0.02396106421763522,0.0011279290143720866,0.022833135203263133
lora_s0_vs_lora_s1,lora_s0,lora_s1,external_test,Wound_Healing,pcc,0.6317085154538686,0.6129611285316596,-0.01874738692220901
lora_s0_vs_lora_s1,lora_s0,lora_s1,external_test,Wound_Healing,ccc,0.5914561697681517,0.5865536263949861,-0.0049025433731656465
lora_s0_vs_lora_s1,lora_s0,lora_s1,external_test,Wound_Healing,z_rmse,0.5372560167392205,0.5258053392988828,0.011450677440337675
lora_s0_vs_lora_s1,lora_s0,lora_s1,external_test,Wound_Healing,ssim,0.6409506861281056,0.6198854182817789,-0.021065267846326674
lora_s0_vs_lora_s1,lora_s0,lora_s1,external_test,Wound_Healing,abs_moran_delta,0.17103190909788019,0.19476463528885746,-0.02373272619097727
lora_s0_vs_lora_s1,lora_s0,lora_s1,external_test,Fibrosis,pcc,0.7165065282658891,0.6986081398753899,-0.017898388390499176
lora_s0_vs_lora_s1,lora_s0,lora_s1,external_test,Fibrosis,ccc,0.6887567540241071,0.6810193060231842,-0.0077374480009229085
lora_s0_vs_lora_s1,lora_s0,lora_s1,external_test,Fibrosis,z_rmse,0.5094892359189371,0.501396786166071,0.00809244975286616
lora_s0_vs_lora_s1,lora_s0,lora_s1,external_test,Fibrosis,ssim,0.702659224467396,0.6695844866408569,-0.033074737826539136
lora_s0_vs_lora_s1,lora_s0,lora_s1,external_test,Fibrosis,abs_moran_delta,0.13357495380824724,0.1543844410389158,-0.020809487230668555
lora_s0_vs_lora_s1,lora_s0,lora_s1,external_test,MYC_Targets,pcc,0.7700783746705548,0.7467201420198957,-0.023358232650659172
lora_s0_vs_lora_s1,lora_s0,lora_s1,external_test,MYC_Targets,ccc,0.6386970749400807,0.6400452681905793,0.0013481932504986194
lora_s0_vs_lora_s1,lora_s0,lora_s1,external_test,MYC_Targets,z_rmse,0.44029294892834,0.43458741354231323,0.00570553538602675
lora_s0_vs_lora_s1,lora_s0,lora_s1,external_test,MYC_Targets,ssim,0.556076620253742,0.5434871957467593,-0.01258942450698275
lora_s0_vs_lora_s1,lora_s0,lora_s1,external_test,MYC_Targets,abs_moran_delta,0.06824155722069714,0.09292510529429354,-0.024683548073596406
lora_s0_vs_lora_s1,lora_s0,lora_s1,external_test,E2F_Targets,pcc,0.6021705511458177,0.583643429666962,-0.018527121478855713
lora_s0_vs_lora_s1,lora_s0,lora_s1,external_test,E2F_Targets,ccc,0.3926874262871097,0.4403577540403052,0.04767032775319552
lora_s0_vs_lora_s1,lora_s0,lora_s1,external_test,E2F_Targets,z_rmse,0.8249077451591121,0.7609999777143867,0.06390776744472548
lora_s0_vs_lora_s1,lora_s0,lora_s1,external_test,E2F_Targets,ssim,0.41114096942410566,0.44113369995714563,0.02999273053303997
lora_s0_vs_lora_s1,lora_s0,lora_s1,external_test,E2F_Targets,abs_moran_delta,0.15785622263463434,0.1670952007019862,-0.009238978067351855
lora_s0_vs_lora_s1,lora_s0,lora_s1,external_test,G2M_Checkpoint,pcc,0.6504166735512908,0.6319925660015988,-0.018424107549692037
lora_s0_vs_lora_s1,lora_s0,lora_s1,external_test,G2M_Checkpoint,ccc,0.370347924731144,0.37367407852275947,0.0033261537916154937
lora_s0_vs_lora_s1,lora_s0,lora_s1,external_test,G2M_Checkpoint,z_rmse,1.0943834526789462,1.0803700457629106,0.014013406916035587
lora_s0_vs_lora_s1,lora_s0,lora_s1,external_test,G2M_Checkpoint,ssim,0.42130791189625444,0.4313537754004753,0.010045863504220875
lora_s0_vs_lora_s1,lora_s0,lora_s1,external_test,G2M_Checkpoint,abs_moran_delta,0.140527021449662,0.15018050369897934,-0.009653482249317336
lora_s0_vs_lora_s1,lora_s0,lora_s1,external_test,Mitotic_Spindle,pcc,0.607067243442523,0.6045856496178127,-0.0024815938247103597
lora_s0_vs_lora_s1,lora_s0,lora_s1,external_test,Mitotic_Spindle,ccc,0.37485758441231715,0.41437208536787495,0.03951450095555781
lora_s0_vs_lora_s1,lora_s0,lora_s1,external_test,Mitotic_Spindle,z_rmse,1.0362971413420752,0.9753211142941062,0.060976027047969006
lora_s0_vs_lora_s1,lora_s0,lora_s1,external_test,Mitotic_Spindle,ssim,0.40873695658242837,0.44459710912918615,0.035860152546757784
lora_s0_vs_lora_s1,lora_s0,lora_s1,external_test,Mitotic_Spindle,abs_moran_delta,0.11145728922014264,0.10339341365179233,0.00806387556835031
lora_s0_vs_lora_s1,lora_s0,lora_s1,external_test,Unfolded_Protein_Response,pcc,0.5706438593985745,0.5739452205017118,0.003301361103137279
lora_s0_vs_lora_s1,lora_s0,lora_s1,external_test,Unfolded_Protein_Response,ccc,0.3857742156345769,0.40869005985125195,0.02291584421667503
lora_s0_vs_lora_s1,lora_s0,lora_s1,external_test,Unfolded_Protein_Response,z_rmse,0.6743601018539248,0.669286784416447,0.005073317437477853
lora_s0_vs_lora_s1,lora_s0,lora_s1,external_test,Unfolded_Protein_Response,ssim,0.3214073761419507,0.2898239976819403,-0.031583378460010414
lora_s0_vs_lora_s1,lora_s0,lora_s1,external_test,Unfolded_Protein_Response,abs_moran_delta,0.17525156412376452,0.17948241582916463,-0.004230851705400107
lora_s0_vs_lora_s1,lora_s0,lora_s1,external_test,mTOR_Signaling,pcc,0.648115128320547,0.6315622857015288,-0.016552842619018127
lora_s0_vs_lora_s1,lora_s0,lora_s1,external_test,mTOR_Signaling,ccc,0.5749907886104223,0.5768085884078376,0.0018177997974152538
lora_s0_vs_lora_s1,lora_s0,lora_s1,external_test,mTOR_Signaling,z_rmse,0.5204661778274398,0.5286179056440073,-0.008151727816567589
lora_s0_vs_lora_s1,lora_s0,lora_s1,external_test,mTOR_Signaling,ssim,0.3661505394799197,0.34497652998131867,-0.021174009498601043
lora_s0_vs_lora_s1,lora_s0,lora_s1,external_test,mTOR_Signaling,abs_moran_delta,0.025999859500052847,0.021702767437429882,0.004297092062622965
lora_s0_vs_lora_s1,lora_s0,lora_s1,external_test,Interferon_Alpha,pcc,0.20932015334065684,0.18054135338360225,-0.028778799957054596
lora_s0_vs_lora_s1,lora_s0,lora_s1,external_test,Interferon_Alpha,ccc,0.0559134734491635,0.04879102212860484,-0.007122451320558665
lora_s0_vs_lora_s1,lora_s0,lora_s1,external_test,Interferon_Alpha,z_rmse,1.150906101974695,1.1576324361543466,-0.006726334179651738
lora_s0_vs_lora_s1,lora_s0,lora_s1,external_test,Interferon_Alpha,ssim,-0.12307036753817294,-0.11481842379739707,0.008251943740775869
lora_s0_vs_lora_s1,lora_s0,lora_s1,external_test,Interferon_Alpha,abs_moran_delta,0.306340344463761,0.29752217328796965,0.008818171175791367
lora_s0_vs_lora_s1,lora_s0,lora_s1,external_test,Angiogenesis,pcc,0.6413749324473383,0.609683329614868,-0.0316916028324703
lora_s0_vs_lora_s1,lora_s0,lora_s1,external_test,Angiogenesis,ccc,0.5247685227145684,0.4949750087796031,-0.02979351393496532
lora_s0_vs_lora_s1,lora_s0,lora_s1,external_test,Angiogenesis,z_rmse,0.8748019700136933,0.8729092829093249,0.0018926871043684068
lora_s0_vs_lora_s1,lora_s0,lora_s1,external_test,Angiogenesis,ssim,-0.05783863700219697,-0.034234802883874885,0.023603834118322085
lora_s0_vs_lora_s1,lora_s0,lora_s1,external_test,Angiogenesis,abs_moran_delta,0.09385825487637356,0.1443261445939239,-0.05046788971755034
lora_s0_vs_lora_s1,lora_s0,lora_s1,external_test,Apoptosis,pcc,0.42556412479231337,0.4148955165487826,-0.010668608243530775
lora_s0_vs_lora_s1,lora_s0,lora_s1,external_test,Apoptosis,ccc,0.3357628722129514,0.3232731005306617,-0.012489771682289708
lora_s0_vs_lora_s1,lora_s0,lora_s1,external_test,Apoptosis,z_rmse,0.6291958993130659,0.6374258304541958,-0.00822993114112991
lora_s0_vs_lora_s1,lora_s0,lora_s1,external_test,Apoptosis,ssim,0.1959818169924494,0.1971423729829311,0.0011605559904817042
lora_s0_vs_lora_s1,lora_s0,lora_s1,external_test,Apoptosis,abs_moran_delta,0.032844362949487116,0.009007469670701818,0.0238368932787853
lora_s0_vs_lora_s1,lora_s0,lora_s1,external_test,TNF_Signaling,pcc,0.29827433165095085,0.322337929400544,0.024063597749593157
lora_s0_vs_lora_s1,lora_s0,lora_s1,external_test,TNF_Signaling,ccc,0.22004976546139784,0.21669894508829649,-0.0033508203731013597
lora_s0_vs_lora_s1,lora_s0,lora_s1,external_test,TNF_Signaling,z_rmse,0.7447434475974707,0.7638502857697541,-0.019106838172283425
lora_s0_vs_lora_s1,lora_s0,lora_s1,external_test,TNF_Signaling,ssim,0.19520810459488747,0.16779483927317787,-0.027413265321709596
lora_s0_vs_lora_s1,lora_s0,lora_s1,external_test,TNF_Signaling,abs_moran_delta,0.07902048166335762,0.10776864095090538,-0.02874815928754776
lora_s0_vs_lora_s1,lora_s0,lora_s1,external_test,ECM_Organization,pcc,0.7305805694927303,0.7152281381086385,-0.015352431384091814
lora_s0_vs_lora_s1,lora_s0,lora_s1,external_test,ECM_Organization,ccc,0.720019712531626,0.6944253549720925,-0.025594357559533543
lora_s0_vs_lora_s1,lora_s0,lora_s1,external_test,ECM_Organization,z_rmse,0.44357264042323624,0.45823137781820383,-0.014658737394967591
lora_s0_vs_lora_s1,lora_s0,lora_s1,external_test,ECM_Organization,ssim,0.7154302674230615,0.6809370742481314,-0.03449319317493005
lora_s0_vs_lora_s1,lora_s0,lora_s1,external_test,ECM_Organization,abs_moran_delta,0.15407557612925488,0.16259511048222203,-0.00851953435296715
lora_s0_vs_lora_s1,lora_s0,lora_s1,internal_val,tls,pcc,0.7567795709879062,0.7508973627956149,-0.005882208192291238
lora_s0_vs_lora_s1,lora_s0,lora_s1,internal_val,tls,ccc,0.704942518194753,0.7052814665959843,0.00033894840123138703
lora_s0_vs_lora_s1,lora_s0,lora_s1,internal_val,tls,z_rmse,0.54383434080258,0.5469041142553149,-0.0030697734527349585
lora_s0_vs_lora_s1,lora_s0,lora_s1,internal_val,tls,ssim,,,
lora_s0_vs_lora_s1,lora_s0,lora_s1,internal_val,tls,abs_moran_delta,0.1427172211519874,0.13788278041561025,0.004834440736377149
lora_s0_vs_lora_s1,lora_s0,lora_s1,internal_val,tgfb,pcc,0.5336644663248403,0.5243167893397152,-0.009347676985125175
lora_s0_vs_lora_s1,lora_s0,lora_s1,internal_val,tgfb,ccc,0.4270602207011929,0.4240723315893196,-0.0029878891118733097
lora_s0_vs_lora_s1,lora_s0,lora_s1,internal_val,tgfb,z_rmse,0.6590087541702895,0.6625057474301163,-0.003496993259826775
lora_s0_vs_lora_s1,lora_s0,lora_s1,internal_val,tgfb,ssim,,,
lora_s0_vs_lora_s1,lora_s0,lora_s1,internal_val,tgfb,abs_moran_delta,0.197368977865141,0.2179142263005307,-0.020545248435389712
lora_s0_vs_lora_s1,lora_s0,lora_s1,internal_val,emt,pcc,0.7193214677732394,0.7161000065392699,-0.0032214612339694915
lora_s0_vs_lora_s1,lora_s0,lora_s1,internal_val,emt,ccc,0.68176181217755,0.6741376703533284,-0.007624141824221664
lora_s0_vs_lora_s1,lora_s0,lora_s1,internal_val,emt,z_rmse,0.5956211138064242,0.6020626522658329,-0.006441538459408647
lora_s0_vs_lora_s1,lora_s0,lora_s1,internal_val,emt,ssim,,,
lora_s0_vs_lora_s1,lora_s0,lora_s1,internal_val,emt,abs_moran_delta,0.18727908028227755,0.1981079239282956,-0.01082884364601805
lora_s0_vs_lora_s1,lora_s0,lora_s1,internal_val,hypoxia,pcc,0.6604707226697057,0.6605645286946391,9.380602493336276e-05
lora_s0_vs_lora_s1,lora_s0,lora_s1,internal_val,hypoxia,ccc,0.6072885995457864,0.609006171816999,0.0017175722712126085
lora_s0_vs_lora_s1,lora_s0,lora_s1,internal_val,hypoxia,z_rmse,0.6272355584420835,0.6266023179732515,0.0006332404688319526
lora_s0_vs_lora_s1,lora_s0,lora_s1,internal_val,hypoxia,ssim,,,
lora_s0_vs_lora_s1,lora_s0,lora_s1,internal_val,hypoxia,abs_moran_delta,0.15050308768111334,0.13757850361141066,0.012924584069702677
lora_s0_vs_lora_s1,lora_s0,lora_s1,internal_val,mhc,pcc,0.450799317997463,0.4336625055634795,-0.01713681243398346
lora_s0_vs_lora_s1,lora_s0,lora_s1,internal_val,mhc,ccc,0.36865962069979824,0.34937115702174165,-0.01928846367805659
lora_s0_vs_lora_s1,lora_s0,lora_s1,internal_val,mhc,z_rmse,0.5935831682491192,0.5962816494677631,-0.002698481218643911
lora_s0_vs_lora_s1,lora_s0,lora_s1,internal_val,mhc,ssim,,,
lora_s0_vs_lora_s1,lora_s0,lora_s1,internal_val,mhc,abs_moran_delta,0.27884100855392185,0.2671492601360071,0.01169174841791476
lora_s0_vs_lora_s1,lora_s0,lora_s1,internal_val,icp,pcc,0.4687785792646486,0.47013402757888995,0.0013554483142413365
lora_s0_vs_lora_s1,lora_s0,lora_s1,internal_val,icp,ccc,0.38666397289502763,0.401720252594032,0.01505627969900436
lora_s0_vs_lora_s1,lora_s0,lora_s1,internal_val,icp,z_rmse,0.8953852520788922,0.9003039222719532,-0.0049186701930610255
lora_s0_vs_lora_s1,lora_s0,lora_s1,internal_val,icp,ssim,,,
lora_s0_vs_lora_s1,lora_s0,lora_s1,internal_val,icp,abs_moran_delta,0.254745576970627,0.25725205191371614,-0.002506474943089143
lora_s0_vs_lora_s1,lora_s0,lora_s1,internal_val,ifng,pcc,0.45780174410732943,0.4484920049224845,-0.009309739184844956
lora_s0_vs_lora_s1,lora_s0,lora_s1,internal_val,ifng,ccc,0.3864136020720285,0.3749378061865371,-0.011475795885491413
lora_s0_vs_lora_s1,lora_s0,lora_s1,internal_val,ifng,z_rmse,0.7476070487430765,0.7530186831715596,-0.005411634428483136
lora_s0_vs_lora_s1,lora_s0,lora_s1,internal_val,ifng,ssim,,,
lora_s0_vs_lora_s1,lora_s0,lora_s1,internal_val,ifng,abs_moran_delta,0.09923267818774399,0.10579881472220853,-0.006566136534464542
lora_s0_vs_lora_s1,lora_s0,lora_s1,internal_val,toxic,pcc,0.5761372047724621,0.5909030068178239,0.01476580204536182
lora_s0_vs_lora_s1,lora_s0,lora_s1,internal_val,toxic,ccc,0.5031447721707031,0.5261479360896902,0.023003163918987157
lora_s0_vs_lora_s1,lora_s0,lora_s1,internal_val,toxic,z_rmse,0.7638378392536423,0.7555901390565815,0.008247700197060892
lora_s0_vs_lora_s1,lora_s0,lora_s1,internal_val,toxic,ssim,,,
lora_s0_vs_lora_s1,lora_s0,lora_s1,internal_val,toxic,abs_moran_delta,0.19566705366929718,0.21005130094111876,-0.014384247271821582
lora_s0_vs_lora_s1,lora_s0,lora_s1,internal_val,Glycolysis,pcc,0.7488509471423981,0.7425515384543918,-0.006299408688006269
lora_s0_vs_lora_s1,lora_s0,lora_s1,internal_val,Glycolysis,ccc,0.7069165084351575,0.7025738670580878,-0.004342641377069745
lora_s0_vs_lora_s1,lora_s0,lora_s1,internal_val,Glycolysis,z_rmse,0.528068487113567,0.5365262583426796,-0.00845777122911262
lora_s0_vs_lora_s1,lora_s0,lora_s1,internal_val,Glycolysis,ssim,,,
lora_s0_vs_lora_s1,lora_s0,lora_s1,internal_val,Glycolysis,abs_moran_delta,0.09032650867118093,0.08544869775231674,0.004877810918864189
lora_s0_vs_lora_s1,lora_s0,lora_s1,internal_val,Inflammatory_Response,pcc,0.694787803911439,0.7022714774192168,0.007483673507777788
lora_s0_vs_lora_s1,lora_s0,lora_s1,internal_val,Inflammatory_Response,ccc,0.5999395467954839,0.6137149533411351,0.013775406545651236
lora_s0_vs_lora_s1,lora_s0,lora_s1,internal_val,Inflammatory_Response,z_rmse,0.634456569691932,0.631633826873633,0.0028227428182989733
lora_s0_vs_lora_s1,lora_s0,lora_s1,internal_val,Inflammatory_Response,ssim,,,
lora_s0_vs_lora_s1,lora_s0,lora_s1,internal_val,Inflammatory_Response,abs_moran_delta,0.07993610151793316,0.08770437305321793,-0.007768271535284768
lora_s0_vs_lora_s1,lora_s0,lora_s1,internal_val,IL6_JAK_STAT3,pcc,0.7016997442300396,0.6926788647572462,-0.009020879472793397
lora_s0_vs_lora_s1,lora_s0,lora_s1,internal_val,IL6_JAK_STAT3,ccc,0.6477806269339291,0.6357114658562217,-0.012069161077707391
lora_s0_vs_lora_s1,lora_s0,lora_s1,internal_val,IL6_JAK_STAT3,z_rmse,0.5148013471691878,0.5209042175544618,-0.006102870385274017
lora_s0_vs_lora_s1,lora_s0,lora_s1,internal_val,IL6_JAK_STAT3,ssim,,,
lora_s0_vs_lora_s1,lora_s0,lora_s1,internal_val,IL6_JAK_STAT3,abs_moran_delta,0.11578334325953073,0.10929420806041344,0.006489135199117285
lora_s0_vs_lora_s1,lora_s0,lora_s1,internal_val,P53_Pathway,pcc,0.5972162995412656,0.5832430486442973,-0.013973250896968326
lora_s0_vs_lora_s1,lora_s0,lora_s1,internal_val,P53_Pathway,ccc,0.5494849422661979,0.5316893095850983,-0.017795632681099627
lora_s0_vs_lora_s1,lora_s0,lora_s1,internal_val,P53_Pathway,z_rmse,0.6257270620396936,0.6325654438065761,-0.006838381766882451
lora_s0_vs_lora_s1,lora_s0,lora_s1,internal_val,P53_Pathway,ssim,,,
lora_s0_vs_lora_s1,lora_s0,lora_s1,internal_val,P53_Pathway,abs_moran_delta,0.2820666661228321,0.2718981732350219,0.010168492887810188
lora_s0_vs_lora_s1,lora_s0,lora_s1,internal_val,DNA_Damage_Response,pcc,0.5825884817297295,0.5872435398645011,0.004655058134771517
lora_s0_vs_lora_s1,lora_s0,lora_s1,internal_val,DNA_Damage_Response,ccc,0.47425588664871904,0.4889670739391283,0.014711187290409267
lora_s0_vs_lora_s1,lora_s0,lora_s1,internal_val,DNA_Damage_Response,z_rmse,0.6831766936363904,0.683222274862011,-4.558122562059452e-05
lora_s0_vs_lora_s1,lora_s0,lora_s1,internal_val,DNA_Damage_Response,ssim,,,
lora_s0_vs_lora_s1,lora_s0,lora_s1,internal_val,DNA_Damage_Response,abs_moran_delta,0.2553451377788678,0.27253954011034237,-0.017194402331474568
lora_s0_vs_lora_s1,lora_s0,lora_s1,internal_val,Complement,pcc,0.740470053875934,0.7350172819475602,-0.00545277192837379
lora_s0_vs_lora_s1,lora_s0,lora_s1,internal_val,Complement,ccc,0.6826747142687246,0.668106720083939,-0.014567994184785604
lora_s0_vs_lora_s1,lora_s0,lora_s1,internal_val,Complement,z_rmse,0.6362635134239061,0.6494343333451306,-0.013170819921224486
lora_s0_vs_lora_s1,lora_s0,lora_s1,internal_val,Complement,ssim,,,
lora_s0_vs_lora_s1,lora_s0,lora_s1,internal_val,Complement,abs_moran_delta,0.1043827994687311,0.10163402987693625,0.0027487695917948474
lora_s0_vs_lora_s1,lora_s0,lora_s1,internal_val,Coagulation,pcc,0.6915099991927579,0.6947279819162383,0.003217982723480395
lora_s0_vs_lora_s1,lora_s0,lora_s1,internal_val,Coagulation,ccc,0.6300685921007765,0.6398049638612561,0.00973637176047959
lora_s0_vs_lora_s1,lora_s0,lora_s1,internal_val,Coagulation,z_rmse,0.6881597684658427,0.6937298593279596,-0.005570090862116905
lora_s0_vs_lora_s1,lora_s0,lora_s1,internal_val,Coagulation,ssim,,,
lora_s0_vs_lora_s1,lora_s0,lora_s1,internal_val,Coagulation,abs_moran_delta,0.1786610713642772,0.19085628310699884,-0.012195211742721646
lora_s0_vs_lora_s1,lora_s0,lora_s1,internal_val,Oxidative_Phosphorylation,pcc,0.8270247406118612,0.8227321205799188,-0.004292620031942307
lora_s0_vs_lora_s1,lora_s0,lora_s1,internal_val,Oxidative_Phosphorylation,ccc,0.8075806323284764,0.8083150784787737,0.0007344461502972743
lora_s0_vs_lora_s1,lora_s0,lora_s1,internal_val,Oxidative_Phosphorylation,z_rmse,0.42527730361805194,0.4359885346856059,-0.01071123106755395
lora_s0_vs_lora_s1,lora_s0,lora_s1,internal_val,Oxidative_Phosphorylation,ssim,,,
lora_s0_vs_lora_s1,lora_s0,lora_s1,internal_val,Oxidative_Phosphorylation,abs_moran_delta,0.08145218139352361,0.07980631860878094,0.0016458627847426716
lora_s0_vs_lora_s1,lora_s0,lora_s1,internal_val,Reactive_Oxygen_Species,pcc,0.46897750370010843,0.46641855771947427,-0.002558945980634164
lora_s0_vs_lora_s1,lora_s0,lora_s1,internal_val,Reactive_Oxygen_Species,ccc,0.399303124041146,0.396228798035567,-0.003074326005578998
lora_s0_vs_lora_s1,lora_s0,lora_s1,internal_val,Reactive_Oxygen_Species,z_rmse,0.7417500143639724,0.7422253586752947,-0.00047534431132234545
lora_s0_vs_lora_s1,lora_s0,lora_s1,internal_val,Reactive_Oxygen_Species,ssim,,,
lora_s0_vs_lora_s1,lora_s0,lora_s1,internal_val,Reactive_Oxygen_Species,abs_moran_delta,0.326999613268183,0.31523030770921656,0.011769305558966436
lora_s0_vs_lora_s1,lora_s0,lora_s1,internal_val,Wound_Healing,pcc,0.8139227637662778,0.8118129570495334,-0.0021098067167444334
lora_s0_vs_lora_s1,lora_s0,lora_s1,internal_val,Wound_Healing,ccc,0.7760761927492451,0.7724859620862605,-0.0035902306629845837
lora_s0_vs_lora_s1,lora_s0,lora_s1,internal_val,Wound_Healing,z_rmse,0.49800428963393584,0.5006974983630922,-0.002693208729156349
lora_s0_vs_lora_s1,lora_s0,lora_s1,internal_val,Wound_Healing,ssim,,,
lora_s0_vs_lora_s1,lora_s0,lora_s1,internal_val,Wound_Healing,abs_moran_delta,0.10047654120473125,0.11284194610429854,-0.012365404899567292
lora_s0_vs_lora_s1,lora_s0,lora_s1,internal_val,Fibrosis,pcc,0.8493153168279114,0.8463294970458735,-0.002985819782037935
lora_s0_vs_lora_s1,lora_s0,lora_s1,internal_val,Fibrosis,ccc,0.8171446701292738,0.81431026832503,-0.00283440180424388
lora_s0_vs_lora_s1,lora_s0,lora_s1,internal_val,Fibrosis,z_rmse,0.4792619774369056,0.4743972067483045,0.004864770688601083
lora_s0_vs_lora_s1,lora_s0,lora_s1,internal_val,Fibrosis,ssim,,,
lora_s0_vs_lora_s1,lora_s0,lora_s1,internal_val,Fibrosis,abs_moran_delta,0.08480774658766033,0.09567553158960812,-0.010867785001947794
lora_s0_vs_lora_s1,lora_s0,lora_s1,internal_val,MYC_Targets,pcc,0.8316647388357039,0.8274250795476589,-0.004239659288045039
lora_s0_vs_lora_s1,lora_s0,lora_s1,internal_val,MYC_Targets,ccc,0.8018930907773512,0.8007547009967965,-0.0011383897805546939
lora_s0_vs_lora_s1,lora_s0,lora_s1,internal_val,MYC_Targets,z_rmse,0.42535494835369847,0.43044358552371964,-0.005088637170021171
lora_s0_vs_lora_s1,lora_s0,lora_s1,internal_val,MYC_Targets,ssim,,,
lora_s0_vs_lora_s1,lora_s0,lora_s1,internal_val,MYC_Targets,abs_moran_delta,0.07679103570444297,0.07593353056167103,0.0008575051427719416
lora_s0_vs_lora_s1,lora_s0,lora_s1,internal_val,E2F_Targets,pcc,0.7376981561681235,0.7357597760422414,-0.0019383801258820998
lora_s0_vs_lora_s1,lora_s0,lora_s1,internal_val,E2F_Targets,ccc,0.6905329481461813,0.6915467276959063,0.0010137795497250357
lora_s0_vs_lora_s1,lora_s0,lora_s1,internal_val,E2F_Targets,z_rmse,0.5692808789355106,0.5779610392277018,-0.008680160292191208
lora_s0_vs_lora_s1,lora_s0,lora_s1,internal_val,E2F_Targets,ssim,,,
lora_s0_vs_lora_s1,lora_s0,lora_s1,internal_val,E2F_Targets,abs_moran_delta,0.10964089556341916,0.11198685884949346,-0.0023459632860742957
lora_s0_vs_lora_s1,lora_s0,lora_s1,internal_val,G2M_Checkpoint,pcc,0.7165203674430701,0.7210636103048428,0.004543242861772656
lora_s0_vs_lora_s1,lora_s0,lora_s1,internal_val,G2M_Checkpoint,ccc,0.6608545216431351,0.663163623772094,0.002309102128958962
lora_s0_vs_lora_s1,lora_s0,lora_s1,internal_val,G2M_Checkpoint,z_rmse,0.5896297173003272,0.5858261587163494,0.0038035585839778507
lora_s0_vs_lora_s1,lora_s0,lora_s1,internal_val,G2M_Checkpoint,ssim,,,
lora_s0_vs_lora_s1,lora_s0,lora_s1,internal_val,G2M_Checkpoint,abs_moran_delta,0.1106261524308431,0.10997205497366351,0.0006540974571795921
lora_s0_vs_lora_s1,lora_s0,lora_s1,internal_val,Mitotic_Spindle,pcc,0.6960070132113608,0.6935494581563403,-0.002457555055020544
lora_s0_vs_lora_s1,lora_s0,lora_s1,internal_val,Mitotic_Spindle,ccc,0.6388457082362967,0.6313791231998537,-0.007466585036443041
lora_s0_vs_lora_s1,lora_s0,lora_s1,internal_val,Mitotic_Spindle,z_rmse,0.6083472558344304,0.6124304368570285,-0.004083181022598081
lora_s0_vs_lora_s1,lora_s0,lora_s1,internal_val,Mitotic_Spindle,ssim,,,
lora_s0_vs_lora_s1,lora_s0,lora_s1,internal_val,Mitotic_Spindle,abs_moran_delta,0.1411664737225209,0.1314124584538097,0.009754015268711197
lora_s0_vs_lora_s1,lora_s0,lora_s1,internal_val,Unfolded_Protein_Response,pcc,0.6129357508816105,0.6193957232518852,0.006459972370274736
lora_s0_vs_lora_s1,lora_s0,lora_s1,internal_val,Unfolded_Protein_Response,ccc,0.5507276508368438,0.5617700864310186,0.011042435594174727
lora_s0_vs_lora_s1,lora_s0,lora_s1,internal_val,Unfolded_Protein_Response,z_rmse,0.5738487019150837,0.5694367768010192,0.004411925114064519
lora_s0_vs_lora_s1,lora_s0,lora_s1,internal_val,Unfolded_Protein_Response,ssim,,,
lora_s0_vs_lora_s1,lora_s0,lora_s1,internal_val,Unfolded_Protein_Response,abs_moran_delta,0.270932171418121,0.26932747825671904,0.0016046931614019377
lora_s0_vs_lora_s1,lora_s0,lora_s1,internal_val,mTOR_Signaling,pcc,0.6884332993727902,0.6869425816398377,-0.0014907177329525068
lora_s0_vs_lora_s1,lora_s0,lora_s1,internal_val,mTOR_Signaling,ccc,0.6497574309189728,0.6447230372961877,-0.005034393622785016
lora_s0_vs_lora_s1,lora_s0,lora_s1,internal_val,mTOR_Signaling,z_rmse,0.5684952494692878,0.5727823148580667,-0.004287065388778988
lora_s0_vs_lora_s1,lora_s0,lora_s1,internal_val,mTOR_Signaling,ssim,,,
lora_s0_vs_lora_s1,lora_s0,lora_s1,internal_val,mTOR_Signaling,abs_moran_delta,0.26055714900081767,0.2546164114283623,0.00594073757245539
lora_s0_vs_lora_s1,lora_s0,lora_s1,internal_val,Interferon_Alpha,pcc,0.595548355921238,0.5918329494209036,-0.0037154065003344172
lora_s0_vs_lora_s1,lora_s0,lora_s1,internal_val,Interferon_Alpha,ccc,0.5553632574958521,0.5528655134984138,-0.0024977439974382953
lora_s0_vs_lora_s1,lora_s0,lora_s1,internal_val,Interferon_Alpha,z_rmse,0.5557499637809259,0.5614671272526409,-0.0057171634717150255
lora_s0_vs_lora_s1,lora_s0,lora_s1,internal_val,Interferon_Alpha,ssim,,,
lora_s0_vs_lora_s1,lora_s0,lora_s1,internal_val,Interferon_Alpha,abs_moran_delta,0.12521085456447514,0.1400790222124734,-0.014868167647998254
lora_s0_vs_lora_s1,lora_s0,lora_s1,internal_val,Angiogenesis,pcc,0.7644376530235834,0.7666874400170918,0.002249786993508418
lora_s0_vs_lora_s1,lora_s0,lora_s1,internal_val,Angiogenesis,ccc,0.719398699459764,0.7004535793083981,-0.018945120151365846
lora_s0_vs_lora_s1,lora_s0,lora_s1,internal_val,Angiogenesis,z_rmse,0.604530187201258,0.6027746590629931,0.0017555281382648502
lora_s0_vs_lora_s1,lora_s0,lora_s1,internal_val,Angiogenesis,ssim,,,
lora_s0_vs_lora_s1,lora_s0,lora_s1,internal_val,Angiogenesis,abs_moran_delta,0.09660180643041782,0.09107919770908234,0.00552260872133549
lora_s0_vs_lora_s1,lora_s0,lora_s1,internal_val,Apoptosis,pcc,0.5252562706695116,0.5161497820730985,-0.009106488596413165
lora_s0_vs_lora_s1,lora_s0,lora_s1,internal_val,Apoptosis,ccc,0.4588243405748231,0.4405052366537579,-0.018319103921065172
lora_s0_vs_lora_s1,lora_s0,lora_s1,internal_val,Apoptosis,z_rmse,0.6012936455300367,0.6066656714742952,-0.005372025944258452
lora_s0_vs_lora_s1,lora_s0,lora_s1,internal_val,Apoptosis,ssim,,,
lora_s0_vs_lora_s1,lora_s0,lora_s1,internal_val,Apoptosis,abs_moran_delta,0.3250737580937871,0.29825256451342685,0.026821193580360225
lora_s0_vs_lora_s1,lora_s0,lora_s1,internal_val,TNF_Signaling,pcc,0.6407820677288707,0.642185775710088,0.0014037079812172504
lora_s0_vs_lora_s1,lora_s0,lora_s1,internal_val,TNF_Signaling,ccc,0.586055544474085,0.5859784791218418,-7.706535224327737e-05
lora_s0_vs_lora_s1,lora_s0,lora_s1,internal_val,TNF_Signaling,z_rmse,0.5835310141646534,0.5815261210253289,0.002004893139324504
lora_s0_vs_lora_s1,lora_s0,lora_s1,internal_val,TNF_Signaling,ssim,,,
lora_s0_vs_lora_s1,lora_s0,lora_s1,internal_val,TNF_Signaling,abs_moran_delta,0.13886133916348153,0.14140811571352707,-0.0025467765500455375
lora_s0_vs_lora_s1,lora_s0,lora_s1,internal_val,ECM_Organization,pcc,0.8699869701020106,0.867503271107674,-0.002483698994336647
lora_s0_vs_lora_s1,lora_s0,lora_s1,internal_val,ECM_Organization,ccc,0.8424874722558952,0.8359428483539272,-0.006544623901967972
lora_s0_vs_lora_s1,lora_s0,lora_s1,internal_val,ECM_Organization,z_rmse,0.41726554777374764,0.42274006515234586,-0.00547451737859822
lora_s0_vs_lora_s1,lora_s0,lora_s1,internal_val,ECM_Organization,ssim,,,
lora_s0_vs_lora_s1,lora_s0,lora_s1,internal_val,ECM_Organization,abs_moran_delta,0.11431738900746859,0.1218913526552176,-0.00757396364774901
lora_s0_vs_lora_dropout10,lora_s0,lora_dropout10,external_test,tls,pcc,0.670981328037018,0.6673633172985065,-0.0036180107385115345
lora_s0_vs_lora_dropout10,lora_s0,lora_dropout10,external_test,tls,ccc,0.5034799437398614,0.5195180463397936,0.016038102599932214
lora_s0_vs_lora_dropout10,lora_s0,lora_dropout10,external_test,tls,z_rmse,1.058802904734181,1.0550163445936864,0.0037865601404944993
lora_s0_vs_lora_dropout10,lora_s0,lora_dropout10,external_test,tls,ssim,0.20134269413500222,0.19197380342367218,-0.009368890711330041
lora_s0_vs_lora_dropout10,lora_s0,lora_dropout10,external_test,tls,abs_moran_delta,0.02318276102169703,0.030395240968939863,-0.007212479947242834
lora_s0_vs_lora_dropout10,lora_s0,lora_dropout10,external_test,tgfb,pcc,0.3885786368727636,0.4270622095381841,0.03848357266542046
lora_s0_vs_lora_dropout10,lora_s0,lora_dropout10,external_test,tgfb,ccc,0.26291337410385945,0.31198110919918887,0.04906773509532941
lora_s0_vs_lora_dropout10,lora_s0,lora_dropout10,external_test,tgfb,z_rmse,0.6732458101091163,0.6298814776494166,0.04336433245969973
lora_s0_vs_lora_dropout10,lora_s0,lora_dropout10,external_test,tgfb,ssim,0.18681247726319467,0.18058430577849952,-0.00622817148469515
lora_s0_vs_lora_dropout10,lora_s0,lora_dropout10,external_test,tgfb,abs_moran_delta,0.012308685171266098,0.021302484760009233,-0.008993799588743134
lora_s0_vs_lora_dropout10,lora_s0,lora_dropout10,external_test,emt,pcc,0.5813549547492062,0.5727637547427901,-0.008591200006416111
lora_s0_vs_lora_dropout10,lora_s0,lora_dropout10,external_test,emt,ccc,0.539969304577182,0.5115250353768414,-0.0284442692003406
lora_s0_vs_lora_dropout10,lora_s0,lora_dropout10,external_test,emt,z_rmse,0.5196464390983164,0.5398693679099573,-0.020222928811640895
lora_s0_vs_lora_dropout10,lora_s0,lora_dropout10,external_test,emt,ssim,0.5325986981278895,0.5097790136565108,-0.02281968447137872
lora_s0_vs_lora_dropout10,lora_s0,lora_dropout10,external_test,emt,abs_moran_delta,0.002701674186349423,0.01223028350480554,-0.009528609318456116
lora_s0_vs_lora_dropout10,lora_s0,lora_dropout10,external_test,hypoxia,pcc,0.36066541401533997,0.338482308566359,-0.022183105448980944
lora_s0_vs_lora_dropout10,lora_s0,lora_dropout10,external_test,hypoxia,ccc,0.33039847567097186,0.2991532569108406,-0.031245218760131255
lora_s0_vs_lora_dropout10,lora_s0,lora_dropout10,external_test,hypoxia,z_rmse,0.5861046988781142,0.6077792598097675,-0.02167456093165332
lora_s0_vs_lora_dropout10,lora_s0,lora_dropout10,external_test,hypoxia,ssim,0.2589860822354932,0.2031623531290321,-0.05582372910646108
lora_s0_vs_lora_dropout10,lora_s0,lora_dropout10,external_test,hypoxia,abs_moran_delta,0.020474649234364373,0.030716963380242435,-0.010242314145878062
lora_s0_vs_lora_dropout10,lora_s0,lora_dropout10,external_test,mhc,pcc,0.49338382870588493,0.44921033440987557,-0.044173494296009364
lora_s0_vs_lora_dropout10,lora_s0,lora_dropout10,external_test,mhc,ccc,0.4044377686079563,0.3786867612357643,-0.025751007372192047
lora_s0_vs_lora_dropout10,lora_s0,lora_dropout10,external_test,mhc,z_rmse,0.3746154641949545,0.3907070854348975,-0.01609162123994301
lora_s0_vs_lora_dropout10,lora_s0,lora_dropout10,external_test,mhc,ssim,0.7086113189770274,0.6658378042772571,-0.04277351469977031
lora_s0_vs_lora_dropout10,lora_s0,lora_dropout10,external_test,mhc,abs_moran_delta,0.0010622717329039633,0.031811797461325064,-0.0307495257284211
lora_s0_vs_lora_dropout10,lora_s0,lora_dropout10,external_test,icp,pcc,0.30700695879658807,0.2987509713850509,-0.008255987411537158
lora_s0_vs_lora_dropout10,lora_s0,lora_dropout10,external_test,icp,ccc,0.1658754765201881,0.17035458991871302,0.004479113398524914
lora_s0_vs_lora_dropout10,lora_s0,lora_dropout10,external_test,icp,z_rmse,1.4412564806389176,1.4528708030935749,-0.011614322454657211
lora_s0_vs_lora_dropout10,lora_s0,lora_dropout10,external_test,icp,ssim,-0.06905958068853645,-0.08374668477964096,-0.01468710409110452
lora_s0_vs_lora_dropout10,lora_s0,lora_dropout10,external_test,icp,abs_moran_delta,0.3409587101828234,0.3632763554760925,-0.022317645293269073
lora_s0_vs_lora_dropout10,lora_s0,lora_dropout10,external_test,ifng,pcc,0.16506189785736297,0.11826299332511381,-0.046798904532249164
lora_s0_vs_lora_dropout10,lora_s0,lora_dropout10,external_test,ifng,ccc,0.10577137620532195,0.07378102610008964,-0.03199035010523231
lora_s0_vs_lora_dropout10,lora_s0,lora_dropout10,external_test,ifng,z_rmse,0.8328555076843214,0.8503785684277,-0.017523060743378616
lora_s0_vs_lora_dropout10,lora_s0,lora_dropout10,external_test,ifng,ssim,0.058470918021957204,0.019994506110388742,-0.03847641191156846
lora_s0_vs_lora_dropout10,lora_s0,lora_dropout10,external_test,ifng,abs_moran_delta,0.08304352300656676,0.07994562005616807,0.00309790295039869
lora_s0_vs_lora_dropout10,lora_s0,lora_dropout10,external_test,toxic,pcc,0.36870511233428044,0.3636512502969413,-0.005053862037339152
lora_s0_vs_lora_dropout10,lora_s0,lora_dropout10,external_test,toxic,ccc,0.2699562418983145,0.28225457168792895,0.012298329789614426
lora_s0_vs_lora_dropout10,lora_s0,lora_dropout10,external_test,toxic,z_rmse,1.0941292612419207,1.104298871292194,-0.010169610050273281
lora_s0_vs_lora_dropout10,lora_s0,lora_dropout10,external_test,toxic,ssim,0.0971809624620993,0.10218159824810116,0.005000635786001864
lora_s0_vs_lora_dropout10,lora_s0,lora_dropout10,external_test,toxic,abs_moran_delta,0.27116373549727846,0.28750427546416213,-0.01634053996688367
lora_s0_vs_lora_dropout10,lora_s0,lora_dropout10,external_test,Glycolysis,pcc,0.6058237103430195,0.605087917591404,-0.000735792751615505
lora_s0_vs_lora_dropout10,lora_s0,lora_dropout10,external_test,Glycolysis,ccc,0.33426426540249715,0.355193472401557,0.02092920699905987
lora_s0_vs_lora_dropout10,lora_s0,lora_dropout10,external_test,Glycolysis,z_rmse,0.7550303413041034,0.7151763119114394,0.039854029392664025
lora_s0_vs_lora_dropout10,lora_s0,lora_dropout10,external_test,Glycolysis,ssim,0.30369989432597505,0.30986247641959014,0.006162582093615088
lora_s0_vs_lora_dropout10,lora_s0,lora_dropout10,external_test,Glycolysis,abs_moran_delta,0.11503195073525829,0.09170222401759365,0.023329726717664645
lora_s0_vs_lora_dropout10,lora_s0,lora_dropout10,external_test,Inflammatory_Response,pcc,0.42767744560817317,0.42819256727718147,0.0005151216690083005
lora_s0_vs_lora_dropout10,lora_s0,lora_dropout10,external_test,Inflammatory_Response,ccc,0.3576979067063473,0.3563117424479809,-0.0013861642583664069
lora_s0_vs_lora_dropout10,lora_s0,lora_dropout10,external_test,Inflammatory_Response,z_rmse,0.924972689139807,0.9207042466291199,0.004268442510687143
lora_s0_vs_lora_dropout10,lora_s0,lora_dropout10,external_test,Inflammatory_Response,ssim,0.11944299290401016,0.1628920001357351,0.04344900723172494
lora_s0_vs_lora_dropout10,lora_s0,lora_dropout10,external_test,Inflammatory_Response,abs_moran_delta,0.206423466250929,0.23391568878694408,-0.027492222536015076
lora_s0_vs_lora_dropout10,lora_s0,lora_dropout10,external_test,IL6_JAK_STAT3,pcc,0.5504545132658233,0.5143988817823205,-0.03605563148350277
lora_s0_vs_lora_dropout10,lora_s0,lora_dropout10,external_test,IL6_JAK_STAT3,ccc,0.3110457830631695,0.261266583677176,-0.04977919938599351
lora_s0_vs_lora_dropout10,lora_s0,lora_dropout10,external_test,IL6_JAK_STAT3,z_rmse,0.6874378841909011,0.7506224638741137,-0.06318457968321256
lora_s0_vs_lora_dropout10,lora_s0,lora_dropout10,external_test,IL6_JAK_STAT3,ssim,0.2760692255447795,0.24346383040947728,-0.032605395135302195
lora_s0_vs_lora_dropout10,lora_s0,lora_dropout10,external_test,IL6_JAK_STAT3,abs_moran_delta,0.1673879404118538,0.18036612727142537,-0.012978186859571583
lora_s0_vs_lora_dropout10,lora_s0,lora_dropout10,external_test,P53_Pathway,pcc,0.5333217674054459,0.536133645988495,0.002811878583049099
lora_s0_vs_lora_dropout10,lora_s0,lora_dropout10,external_test,P53_Pathway,ccc,0.3141630296470885,0.2960701932411164,-0.01809283640597209
lora_s0_vs_lora_dropout10,lora_s0,lora_dropout10,external_test,P53_Pathway,z_rmse,0.8380632402103297,0.8779820807600426,-0.03991884054971284
lora_s0_vs_lora_dropout10,lora_s0,lora_dropout10,external_test,P53_Pathway,ssim,0.16577696291751565,0.16200891302780862,-0.003768049889707026
lora_s0_vs_lora_dropout10,lora_s0,lora_dropout10,external_test,P53_Pathway,abs_moran_delta,0.03039226022488717,0.031526508837115996,-0.0011342486122288276
lora_s0_vs_lora_dropout10,lora_s0,lora_dropout10,external_test,DNA_Damage_Response,pcc,0.4379225193701701,0.46999186191513487,0.03206934254496474
lora_s0_vs_lora_dropout10,lora_s0,lora_dropout10,external_test,DNA_Damage_Response,ccc,0.2757919829564313,0.3228263774197256,0.04703439446329427
lora_s0_vs_lora_dropout10,lora_s0,lora_dropout10,external_test,DNA_Damage_Response,z_rmse,0.9539151494829724,0.9039726970028829,0.04994245248008955
lora_s0_vs_lora_dropout10,lora_s0,lora_dropout10,external_test,DNA_Damage_Response,ssim,0.29781843513766737,0.31712553080121575,0.01930709566354838
lora_s0_vs_lora_dropout10,lora_s0,lora_dropout10,external_test,DNA_Damage_Response,abs_moran_delta,0.07039360479099349,0.04965095600260261,0.020742648788390883
lora_s0_vs_lora_dropout10,lora_s0,lora_dropout10,external_test,Complement,pcc,0.38065011837064816,0.36795534011220066,-0.012694778258447503
lora_s0_vs_lora_dropout10,lora_s0,lora_dropout10,external_test,Complement,ccc,0.18864413267467656,0.20200537422817613,0.013361241553499575
lora_s0_vs_lora_dropout10,lora_s0,lora_dropout10,external_test,Complement,z_rmse,1.3510097712931388,1.2526590869941534,0.09835068429898541
lora_s0_vs_lora_dropout10,lora_s0,lora_dropout10,external_test,Complement,ssim,0.26390360480101616,0.2837970364755094,0.019893431674493256
lora_s0_vs_lora_dropout10,lora_s0,lora_dropout10,external_test,Complement,abs_moran_delta,0.07881174902886062,0.10834406681170727,-0.02953231778284665
lora_s0_vs_lora_dropout10,lora_s0,lora_dropout10,external_test,Coagulation,pcc,0.4303478172226688,0.41896087319137604,-0.011386944031292756
lora_s0_vs_lora_dropout10,lora_s0,lora_dropout10,external_test,Coagulation,ccc,0.39071255035543945,0.3818320417202674,-0.008880508635172035
lora_s0_vs_lora_dropout10,lora_s0,lora_dropout10,external_test,Coagulation,z_rmse,0.7188862949003724,0.7271051412791133,-0.00821884637874093
lora_s0_vs_lora_dropout10,lora_s0,lora_dropout10,external_test,Coagulation,ssim,0.17488750714074724,0.18567465281225498,0.010787145671507736
lora_s0_vs_lora_dropout10,lora_s0,lora_dropout10,external_test,Coagulation,abs_moran_delta,0.01403647133918745,0.025173572229734098,-0.011137100890546647
lora_s0_vs_lora_dropout10,lora_s0,lora_dropout10,external_test,Oxidative_Phosphorylation,pcc,0.7736800144520635,0.765516877769101,-0.008163136682962424
lora_s0_vs_lora_dropout10,lora_s0,lora_dropout10,external_test,Oxidative_Phosphorylation,ccc,0.7114113808854249,0.7311692299728249,0.01975784908739997
lora_s0_vs_lora_dropout10,lora_s0,lora_dropout10,external_test,Oxidative_Phosphorylation,z_rmse,0.4192016203657115,0.40935368969745767,0.009847930668253846
lora_s0_vs_lora_dropout10,lora_s0,lora_dropout10,external_test,Oxidative_Phosphorylation,ssim,0.5230690570135895,0.4962172433988769,-0.026851813614712616
lora_s0_vs_lora_dropout10,lora_s0,lora_dropout10,external_test,Oxidative_Phosphorylation,abs_moran_delta,0.12618269566802243,0.13694953451205671,-0.010766838844034288
lora_s0_vs_lora_dropout10,lora_s0,lora_dropout10,external_test,Reactive_Oxygen_Species,pcc,0.23871730839329935,0.2160070809989477,-0.022710227394351662
lora_s0_vs_lora_dropout10,lora_s0,lora_dropout10,external_test,Reactive_Oxygen_Species,ccc,0.13309482050218271,0.11600936062382321,-0.017085459878359507
lora_s0_vs_lora_dropout10,lora_s0,lora_dropout10,external_test,Reactive_Oxygen_Species,z_rmse,0.9187160878099023,0.9171114020001798,0.0016046858097225059
lora_s0_vs_lora_dropout10,lora_s0,lora_dropout10,external_test,Reactive_Oxygen_Species,ssim,0.10900465556439042,0.07872465732726727,-0.030279998237123143
lora_s0_vs_lora_dropout10,lora_s0,lora_dropout10,external_test,Reactive_Oxygen_Species,abs_moran_delta,0.02396106421763522,0.007975289672815633,0.015985774544819586
lora_s0_vs_lora_dropout10,lora_s0,lora_dropout10,external_test,Wound_Healing,pcc,0.6317085154538686,0.6156956052973851,-0.01601291015648354
lora_s0_vs_lora_dropout10,lora_s0,lora_dropout10,external_test,Wound_Healing,ccc,0.5914561697681517,0.5921158362814631,0.0006596665133113966
lora_s0_vs_lora_dropout10,lora_s0,lora_dropout10,external_test,Wound_Healing,z_rmse,0.5372560167392205,0.5221411849503333,0.015114831788887173
lora_s0_vs_lora_dropout10,lora_s0,lora_dropout10,external_test,Wound_Healing,ssim,0.6409506861281056,0.6239292267448078,-0.0170214593832978
lora_s0_vs_lora_dropout10,lora_s0,lora_dropout10,external_test,Wound_Healing,abs_moran_delta,0.17103190909788019,0.1912446856751907,-0.02021277657731052
lora_s0_vs_lora_dropout10,lora_s0,lora_dropout10,external_test,Fibrosis,pcc,0.7165065282658891,0.7016094601988373,-0.014897068067051822
lora_s0_vs_lora_dropout10,lora_s0,lora_dropout10,external_test,Fibrosis,ccc,0.6887567540241071,0.6869939685572194,-0.0017627854668876841
lora_s0_vs_lora_dropout10,lora_s0,lora_dropout10,external_test,Fibrosis,z_rmse,0.5094892359189371,0.5010173386565527,0.008471897262384398
lora_s0_vs_lora_dropout10,lora_s0,lora_dropout10,external_test,Fibrosis,ssim,0.702659224467396,0.6761498720125152,-0.02650935245488084
lora_s0_vs_lora_dropout10,lora_s0,lora_dropout10,external_test,Fibrosis,abs_moran_delta,0.13357495380824724,0.14718126607345638,-0.013606312265209142
lora_s0_vs_lora_dropout10,lora_s0,lora_dropout10,external_test,MYC_Targets,pcc,0.7700783746705548,0.7519455708516256,-0.018132803818929233
lora_s0_vs_lora_dropout10,lora_s0,lora_dropout10,external_test,MYC_Targets,ccc,0.6386970749400807,0.6371811330871038,-0.0015159418529768764
lora_s0_vs_lora_dropout10,lora_s0,lora_dropout10,external_test,MYC_Targets,z_rmse,0.44029294892834,0.4309991803541292,0.00929376857421077
lora_s0_vs_lora_dropout10,lora_s0,lora_dropout10,external_test,MYC_Targets,ssim,0.556076620253742,0.5538394753265671,-0.002237144927174972
lora_s0_vs_lora_dropout10,lora_s0,lora_dropout10,external_test,MYC_Targets,abs_moran_delta,0.06824155722069714,0.09471359506785604,-0.026472037847158902
lora_s0_vs_lora_dropout10,lora_s0,lora_dropout10,external_test,E2F_Targets,pcc,0.6021705511458177,0.5830562790130773,-0.019114272132740417
lora_s0_vs_lora_dropout10,lora_s0,lora_dropout10,external_test,E2F_Targets,ccc,0.3926874262871097,0.43287922274082696,0.04019179645371729
lora_s0_vs_lora_dropout10,lora_s0,lora_dropout10,external_test,E2F_Targets,z_rmse,0.8249077451591121,0.7587223119917376,0.06618543316737457
lora_s0_vs_lora_dropout10,lora_s0,lora_dropout10,external_test,E2F_Targets,ssim,0.41114096942410566,0.437129275114057,0.025988305689951363
lora_s0_vs_lora_dropout10,lora_s0,lora_dropout10,external_test,E2F_Targets,abs_moran_delta,0.15785622263463434,0.16475168463079343,-0.006895461996159091
lora_s0_vs_lora_dropout10,lora_s0,lora_dropout10,external_test,G2M_Checkpoint,pcc,0.6504166735512908,0.6413773307447835,-0.009039342806507311
lora_s0_vs_lora_dropout10,lora_s0,lora_dropout10,external_test,G2M_Checkpoint,ccc,0.370347924731144,0.3611799278739971,-0.009167996857146865
lora_s0_vs_lora_dropout10,lora_s0,lora_dropout10,external_test,G2M_Checkpoint,z_rmse,1.0943834526789462,1.0948865346126824,-0.0005030819337361603
lora_s0_vs_lora_dropout10,lora_s0,lora_dropout10,external_test,G2M_Checkpoint,ssim,0.42130791189625444,0.4143304130176052,-0.006977498878649235
lora_s0_vs_lora_dropout10,lora_s0,lora_dropout10,external_test,G2M_Checkpoint,abs_moran_delta,0.140527021449662,0.1481828271342429,-0.0076558056845809075
lora_s0_vs_lora_dropout10,lora_s0,lora_dropout10,external_test,Mitotic_Spindle,pcc,0.607067243442523,0.6051592666241552,-0.0019079768183678514
lora_s0_vs_lora_dropout10,lora_s0,lora_dropout10,external_test,Mitotic_Spindle,ccc,0.37485758441231715,0.3800749285397606,0.005217344127443457
lora_s0_vs_lora_dropout10,lora_s0,lora_dropout10,external_test,Mitotic_Spindle,z_rmse,1.0362971413420752,1.019018877542887,0.017278263799188176
lora_s0_vs_lora_dropout10,lora_s0,lora_dropout10,external_test,Mitotic_Spindle,ssim,0.40873695658242837,0.41332677581596955,0.004589819233541181
lora_s0_vs_lora_dropout10,lora_s0,lora_dropout10,external_test,Mitotic_Spindle,abs_moran_delta,0.11145728922014264,0.10267589290017226,0.00878139631997038
lora_s0_vs_lora_dropout10,lora_s0,lora_dropout10,external_test,Unfolded_Protein_Response,pcc,0.5706438593985745,0.5794104721799506,0.008766612781376026
lora_s0_vs_lora_dropout10,lora_s0,lora_dropout10,external_test,Unfolded_Protein_Response,ccc,0.3857742156345769,0.3987564262961258,0.012982210661548865
lora_s0_vs_lora_dropout10,lora_s0,lora_dropout10,external_test,Unfolded_Protein_Response,z_rmse,0.6743601018539248,0.6766369754371109,-0.0022768735831860676
lora_s0_vs_lora_dropout10,lora_s0,lora_dropout10,external_test,Unfolded_Protein_Response,ssim,0.3214073761419507,0.3029644383914218,-0.01844293775052891
lora_s0_vs_lora_dropout10,lora_s0,lora_dropout10,external_test,Unfolded_Protein_Response,abs_moran_delta,0.17525156412376452,0.17100940784961038,0.004242156274154141
lora_s0_vs_lora_dropout10,lora_s0,lora_dropout10,external_test,mTOR_Signaling,pcc,0.648115128320547,0.6321764148137003,-0.015938713506846613
lora_s0_vs_lora_dropout10,lora_s0,lora_dropout10,external_test,mTOR_Signaling,ccc,0.5749907886104223,0.5701259680920051,-0.00486482051841719
lora_s0_vs_lora_dropout10,lora_s0,lora_dropout10,external_test,mTOR_Signaling,z_rmse,0.5204661778274398,0.529440945633242,-0.008974767805802197
lora_s0_vs_lora_dropout10,lora_s0,lora_dropout10,external_test,mTOR_Signaling,ssim,0.3661505394799197,0.3407956732499156,-0.025354866230004103
lora_s0_vs_lora_dropout10,lora_s0,lora_dropout10,external_test,mTOR_Signaling,abs_moran_delta,0.025999859500052847,0.027943248350779715,-0.0019433888507268682
lora_s0_vs_lora_dropout10,lora_s0,lora_dropout10,external_test,Interferon_Alpha,pcc,0.20932015334065684,0.17360595886313546,-0.03571419447752139
lora_s0_vs_lora_dropout10,lora_s0,lora_dropout10,external_test,Interferon_Alpha,ccc,0.0559134734491635,0.048564913773491175,-0.007348559675672328
lora_s0_vs_lora_dropout10,lora_s0,lora_dropout10,external_test,Interferon_Alpha,z_rmse,1.150906101974695,1.1280965321348524,0.022809569839842503
lora_s0_vs_lora_dropout10,lora_s0,lora_dropout10,external_test,Interferon_Alpha,ssim,-0.12307036753817294,-0.0989095817006344,0.024160785837538543
lora_s0_vs_lora_dropout10,lora_s0,lora_dropout10,external_test,Interferon_Alpha,abs_moran_delta,0.306340344463761,0.29893016552470597,0.007410178939055045
lora_s0_vs_lora_dropout10,lora_s0,lora_dropout10,external_test,Angiogenesis,pcc,0.6413749324473383,0.6160554509194135,-0.025319481527924848
lora_s0_vs_lora_dropout10,lora_s0,lora_dropout10,external_test,Angiogenesis,ccc,0.5247685227145684,0.4879860108557962,-0.03678251185877224
lora_s0_vs_lora_dropout10,lora_s0,lora_dropout10,external_test,Angiogenesis,z_rmse,0.8748019700136933,0.8958074550332137,-0.021005485019520376
lora_s0_vs_lora_dropout10,lora_s0,lora_dropout10,external_test,Angiogenesis,ssim,-0.05783863700219697,-0.0587819067053168,-0.0009432697031198298
lora_s0_vs_lora_dropout10,lora_s0,lora_dropout10,external_test,Angiogenesis,abs_moran_delta,0.09385825487637356,0.1355871337945746,-0.04172887891820104
lora_s0_vs_lora_dropout10,lora_s0,lora_dropout10,external_test,Apoptosis,pcc,0.42556412479231337,0.4185267475147487,-0.007037377277564649
lora_s0_vs_lora_dropout10,lora_s0,lora_dropout10,external_test,Apoptosis,ccc,0.3357628722129514,0.31651631728639074,-0.01924655492656069
lora_s0_vs_lora_dropout10,lora_s0,lora_dropout10,external_test,Apoptosis,z_rmse,0.6291958993130659,0.6448068513499163,-0.015610952036850478
lora_s0_vs_lora_dropout10,lora_s0,lora_dropout10,external_test,Apoptosis,ssim,0.1959818169924494,0.19182023413651192,-0.0041615828559374846
lora_s0_vs_lora_dropout10,lora_s0,lora_dropout10,external_test,Apoptosis,abs_moran_delta,0.032844362949487116,0.01822130264671762,0.014623060302769497
lora_s0_vs_lora_dropout10,lora_s0,lora_dropout10,external_test,TNF_Signaling,pcc,0.29827433165095085,0.32219265680893855,0.023918325157987697
lora_s0_vs_lora_dropout10,lora_s0,lora_dropout10,external_test,TNF_Signaling,ccc,0.22004976546139784,0.21929629147039362,-0.0007534739910042276
lora_s0_vs_lora_dropout10,lora_s0,lora_dropout10,external_test,TNF_Signaling,z_rmse,0.7447434475974707,0.7547539457558354,-0.010010498158364745
lora_s0_vs_lora_dropout10,lora_s0,lora_dropout10,external_test,TNF_Signaling,ssim,0.19520810459488747,0.17469815877172767,-0.020509945823159792
lora_s0_vs_lora_dropout10,lora_s0,lora_dropout10,external_test,TNF_Signaling,abs_moran_delta,0.07902048166335762,0.1053254907923134,-0.02630500912895578
lora_s0_vs_lora_dropout10,lora_s0,lora_dropout10,external_test,ECM_Organization,pcc,0.7305805694927303,0.7193018344236803,-0.011278735069049972
lora_s0_vs_lora_dropout10,lora_s0,lora_dropout10,external_test,ECM_Organization,ccc,0.720019712531626,0.6972411157224375,-0.02277859680918848
lora_s0_vs_lora_dropout10,lora_s0,lora_dropout10,external_test,ECM_Organization,z_rmse,0.44357264042323624,0.4613666130534803,-0.01779397263024407
lora_s0_vs_lora_dropout10,lora_s0,lora_dropout10,external_test,ECM_Organization,ssim,0.7154302674230615,0.6859867157176205,-0.029443551705440996
lora_s0_vs_lora_dropout10,lora_s0,lora_dropout10,external_test,ECM_Organization,abs_moran_delta,0.15407557612925488,0.1593537327947988,-0.005278156665543932
lora_s0_vs_lora_dropout10,lora_s0,lora_dropout10,internal_val,tls,pcc,0.7567795709879062,0.7507505047739719,-0.0060290662139342865
lora_s0_vs_lora_dropout10,lora_s0,lora_dropout10,internal_val,tls,ccc,0.704942518194753,0.7025395336775407,-0.0024029845172122144
lora_s0_vs_lora_dropout10,lora_s0,lora_dropout10,internal_val,tls,z_rmse,0.54383434080258,0.5480789909212637,-0.0042446501186836905
lora_s0_vs_lora_dropout10,lora_s0,lora_dropout10,internal_val,tls,ssim,,,
lora_s0_vs_lora_dropout10,lora_s0,lora_dropout10,internal_val,tls,abs_moran_delta,0.1427172211519874,0.13469276314818895,0.008024458003798446
lora_s0_vs_lora_dropout10,lora_s0,lora_dropout10,internal_val,tgfb,pcc,0.5336644663248403,0.5309159203258575,-0.0027485459989827765
lora_s0_vs_lora_dropout10,lora_s0,lora_dropout10,internal_val,tgfb,ccc,0.4270602207011929,0.42813516745842883,0.0010749467572359062
lora_s0_vs_lora_dropout10,lora_s0,lora_dropout10,internal_val,tgfb,z_rmse,0.6590087541702895,0.6590387853065386,-3.0031136249109025e-05
lora_s0_vs_lora_dropout10,lora_s0,lora_dropout10,internal_val,tgfb,ssim,,,
lora_s0_vs_lora_dropout10,lora_s0,lora_dropout10,internal_val,tgfb,abs_moran_delta,0.197368977865141,0.21518248136962895,-0.01781350350448796
lora_s0_vs_lora_dropout10,lora_s0,lora_dropout10,internal_val,emt,pcc,0.7193214677732394,0.7164283087975288,-0.002893158975710519
lora_s0_vs_lora_dropout10,lora_s0,lora_dropout10,internal_val,emt,ccc,0.68176181217755,0.6763975507005705,-0.005364261476979548
lora_s0_vs_lora_dropout10,lora_s0,lora_dropout10,internal_val,emt,z_rmse,0.5956211138064242,0.6027148221964911,-0.007093708390066844
lora_s0_vs_lora_dropout10,lora_s0,lora_dropout10,internal_val,emt,ssim,,,
lora_s0_vs_lora_dropout10,lora_s0,lora_dropout10,internal_val,emt,abs_moran_delta,0.18727908028227755,0.1909356654989597,-0.003656585216682162
lora_s0_vs_lora_dropout10,lora_s0,lora_dropout10,internal_val,hypoxia,pcc,0.6604707226697057,0.6620377405221538,0.0015670178524480605
lora_s0_vs_lora_dropout10,lora_s0,lora_dropout10,internal_val,hypoxia,ccc,0.6072885995457864,0.609554698485642,0.002266098939855632
lora_s0_vs_lora_dropout10,lora_s0,lora_dropout10,internal_val,hypoxia,z_rmse,0.6272355584420835,0.6280818883689274,-0.0008463299268439695
lora_s0_vs_lora_dropout10,lora_s0,lora_dropout10,internal_val,hypoxia,ssim,,,
lora_s0_vs_lora_dropout10,lora_s0,lora_dropout10,internal_val,hypoxia,abs_moran_delta,0.15050308768111334,0.13992992533385842,0.010573162347254916
lora_s0_vs_lora_dropout10,lora_s0,lora_dropout10,internal_val,mhc,pcc,0.450799317997463,0.4382714489996,-0.012527868997862956
lora_s0_vs_lora_dropout10,lora_s0,lora_dropout10,internal_val,mhc,ccc,0.36865962069979824,0.3492073503764128,-0.019452270323385423
lora_s0_vs_lora_dropout10,lora_s0,lora_dropout10,internal_val,mhc,z_rmse,0.5935831682491192,0.5976136653414704,-0.0040304970923512595
lora_s0_vs_lora_dropout10,lora_s0,lora_dropout10,internal_val,mhc,ssim,,,
lora_s0_vs_lora_dropout10,lora_s0,lora_dropout10,internal_val,mhc,abs_moran_delta,0.27884100855392185,0.2597123554693684,0.01912865308455347
lora_s0_vs_lora_dropout10,lora_s0,lora_dropout10,internal_val,icp,pcc,0.4687785792646486,0.4667894004966955,-0.001989178767953126
lora_s0_vs_lora_dropout10,lora_s0,lora_dropout10,internal_val,icp,ccc,0.38666397289502763,0.39755546479654486,0.010891491901517225
lora_s0_vs_lora_dropout10,lora_s0,lora_dropout10,internal_val,icp,z_rmse,0.8953852520788922,0.9027794793344706,-0.007394227255578367
lora_s0_vs_lora_dropout10,lora_s0,lora_dropout10,internal_val,icp,ssim,,,
lora_s0_vs_lora_dropout10,lora_s0,lora_dropout10,internal_val,icp,abs_moran_delta,0.254745576970627,0.2634497798019851,-0.008704202831358088
lora_s0_vs_lora_dropout10,lora_s0,lora_dropout10,internal_val,ifng,pcc,0.45780174410732943,0.44275208026210583,-0.015049663845223604
lora_s0_vs_lora_dropout10,lora_s0,lora_dropout10,internal_val,ifng,ccc,0.3864136020720285,0.37028013702698365,-0.01613346504504487
lora_s0_vs_lora_dropout10,lora_s0,lora_dropout10,internal_val,ifng,z_rmse,0.7476070487430765,0.7537394555708649,-0.0061324068277883725
lora_s0_vs_lora_dropout10,lora_s0,lora_dropout10,internal_val,ifng,ssim,,,
lora_s0_vs_lora_dropout10,lora_s0,lora_dropout10,internal_val,ifng,abs_moran_delta,0.09923267818774399,0.10770491859903275,-0.008472240411288759
lora_s0_vs_lora_dropout10,lora_s0,lora_dropout10,internal_val,toxic,pcc,0.5761372047724621,0.595854837444414,0.019717632671951923
lora_s0_vs_lora_dropout10,lora_s0,lora_dropout10,internal_val,toxic,ccc,0.5031447721707031,0.5290220412820785,0.025877269111375445
lora_s0_vs_lora_dropout10,lora_s0,lora_dropout10,internal_val,toxic,z_rmse,0.7638378392536423,0.7526524724112091,0.011185366842433209
lora_s0_vs_lora_dropout10,lora_s0,lora_dropout10,internal_val,toxic,ssim,,,
lora_s0_vs_lora_dropout10,lora_s0,lora_dropout10,internal_val,toxic,abs_moran_delta,0.19566705366929718,0.20902985714756542,-0.013362803478268237
lora_s0_vs_lora_dropout10,lora_s0,lora_dropout10,internal_val,Glycolysis,pcc,0.7488509471423981,0.7416348325149299,-0.007216114627468184
lora_s0_vs_lora_dropout10,lora_s0,lora_dropout10,internal_val,Glycolysis,ccc,0.7069165084351575,0.6971547158344612,-0.009761792600696317
lora_s0_vs_lora_dropout10,lora_s0,lora_dropout10,internal_val,Glycolysis,z_rmse,0.528068487113567,0.5362391570831139,-0.008170669969546851
lora_s0_vs_lora_dropout10,lora_s0,lora_dropout10,internal_val,Glycolysis,ssim,,,
lora_s0_vs_lora_dropout10,lora_s0,lora_dropout10,internal_val,Glycolysis,abs_moran_delta,0.09032650867118093,0.08409271856777063,0.006233790103410297
lora_s0_vs_lora_dropout10,lora_s0,lora_dropout10,internal_val,Inflammatory_Response,pcc,0.694787803911439,0.7023192619442263,0.007531458032787319
lora_s0_vs_lora_dropout10,lora_s0,lora_dropout10,internal_val,Inflammatory_Response,ccc,0.5999395467954839,0.6117160723839378,0.011776525588453879
lora_s0_vs_lora_dropout10,lora_s0,lora_dropout10,internal_val,Inflammatory_Response,z_rmse,0.634456569691932,0.6266652520053972,0.007791317686534738
lora_s0_vs_lora_dropout10,lora_s0,lora_dropout10,internal_val,Inflammatory_Response,ssim,,,
lora_s0_vs_lora_dropout10,lora_s0,lora_dropout10,internal_val,Inflammatory_Response,abs_moran_delta,0.07993610151793316,0.08830711178086102,-0.008371010262927858
lora_s0_vs_lora_dropout10,lora_s0,lora_dropout10,internal_val,IL6_JAK_STAT3,pcc,0.7016997442300396,0.6944106413131551,-0.007289102916884449
lora_s0_vs_lora_dropout10,lora_s0,lora_dropout10,internal_val,IL6_JAK_STAT3,ccc,0.6477806269339291,0.6352185196926173,-0.012562107241311793
lora_s0_vs_lora_dropout10,lora_s0,lora_dropout10,internal_val,IL6_JAK_STAT3,z_rmse,0.5148013471691878,0.5153077942692103,-0.0005064471000224557
lora_s0_vs_lora_dropout10,lora_s0,lora_dropout10,internal_val,IL6_JAK_STAT3,ssim,,,
lora_s0_vs_lora_dropout10,lora_s0,lora_dropout10,internal_val,IL6_JAK_STAT3,abs_moran_delta,0.11578334325953073,0.10716299692416091,0.008620346335369816
lora_s0_vs_lora_dropout10,lora_s0,lora_dropout10,internal_val,P53_Pathway,pcc,0.5972162995412656,0.5890617264683891,-0.008154573072876592
lora_s0_vs_lora_dropout10,lora_s0,lora_dropout10,internal_val,P53_Pathway,ccc,0.5494849422661979,0.5378295718480988,-0.011655370418099165
lora_s0_vs_lora_dropout10,lora_s0,lora_dropout10,internal_val,P53_Pathway,z_rmse,0.6257270620396936,0.6260509129986603,-0.00032385095896669824
lora_s0_vs_lora_dropout10,lora_s0,lora_dropout10,internal_val,P53_Pathway,ssim,,,
lora_s0_vs_lora_dropout10,lora_s0,lora_dropout10,internal_val,P53_Pathway,abs_moran_delta,0.2820666661228321,0.2761419957190178,0.0059246704038142806
lora_s0_vs_lora_dropout10,lora_s0,lora_dropout10,internal_val,DNA_Damage_Response,pcc,0.5825884817297295,0.5830762814907177,0.00048779976098811684
lora_s0_vs_lora_dropout10,lora_s0,lora_dropout10,internal_val,DNA_Damage_Response,ccc,0.47425588664871904,0.47968558883210816,0.005429702183389118
lora_s0_vs_lora_dropout10,lora_s0,lora_dropout10,internal_val,DNA_Damage_Response,z_rmse,0.6831766936363904,0.6863357917424389,-0.003159098106048419
lora_s0_vs_lora_dropout10,lora_s0,lora_dropout10,internal_val,DNA_Damage_Response,ssim,,,
lora_s0_vs_lora_dropout10,lora_s0,lora_dropout10,internal_val,DNA_Damage_Response,abs_moran_delta,0.2553451377788678,0.26902074754653743,-0.013675609767669628
lora_s0_vs_lora_dropout10,lora_s0,lora_dropout10,internal_val,Complement,pcc,0.740470053875934,0.738062683633365,-0.0024073702425689847
lora_s0_vs_lora_dropout10,lora_s0,lora_dropout10,internal_val,Complement,ccc,0.6826747142687246,0.6716344359131057,-0.011040278355618938
lora_s0_vs_lora_dropout10,lora_s0,lora_dropout10,internal_val,Complement,z_rmse,0.6362635134239061,0.648434066017783,-0.012170552593876893
lora_s0_vs_lora_dropout10,lora_s0,lora_dropout10,internal_val,Complement,ssim,,,
lora_s0_vs_lora_dropout10,lora_s0,lora_dropout10,internal_val,Complement,abs_moran_delta,0.1043827994687311,0.09780176806399221,0.006581031404738882
lora_s0_vs_lora_dropout10,lora_s0,lora_dropout10,internal_val,Coagulation,pcc,0.6915099991927579,0.6957715181875151,0.004261518994757241
lora_s0_vs_lora_dropout10,lora_s0,lora_dropout10,internal_val,Coagulation,ccc,0.6300685921007765,0.6363244199332208,0.006255827832444272
lora_s0_vs_lora_dropout10,lora_s0,lora_dropout10,internal_val,Coagulation,z_rmse,0.6881597684658427,0.6907925157401592,-0.002632747274316505
lora_s0_vs_lora_dropout10,lora_s0,lora_dropout10,internal_val,Coagulation,ssim,,,
lora_s0_vs_lora_dropout10,lora_s0,lora_dropout10,internal_val,Coagulation,abs_moran_delta,0.1786610713642772,0.1900309335955445,-0.011369862231267291
lora_s0_vs_lora_dropout10,lora_s0,lora_dropout10,internal_val,Oxidative_Phosphorylation,pcc,0.8270247406118612,0.823932644269798,-0.0030920963420631997
lora_s0_vs_lora_dropout10,lora_s0,lora_dropout10,internal_val,Oxidative_Phosphorylation,ccc,0.8075806323284764,0.8079139462699865,0.00033331394151003835
lora_s0_vs_lora_dropout10,lora_s0,lora_dropout10,internal_val,Oxidative_Phosphorylation,z_rmse,0.42527730361805194,0.43164581191804013,-0.006368508299988196
lora_s0_vs_lora_dropout10,lora_s0,lora_dropout10,internal_val,Oxidative_Phosphorylation,ssim,,,
lora_s0_vs_lora_dropout10,lora_s0,lora_dropout10,internal_val,Oxidative_Phosphorylation,abs_moran_delta,0.08145218139352361,0.07773317953758581,0.0037190018559378063
lora_s0_vs_lora_dropout10,lora_s0,lora_dropout10,internal_val,Reactive_Oxygen_Species,pcc,0.46897750370010843,0.46744023195504414,-0.0015372717450642948
lora_s0_vs_lora_dropout10,lora_s0,lora_dropout10,internal_val,Reactive_Oxygen_Species,ccc,0.399303124041146,0.39413197291404556,-0.005171151127100426
lora_s0_vs_lora_dropout10,lora_s0,lora_dropout10,internal_val,Reactive_Oxygen_Species,z_rmse,0.7417500143639724,0.7399834515927132,0.0017665627712591947
lora_s0_vs_lora_dropout10,lora_s0,lora_dropout10,internal_val,Reactive_Oxygen_Species,ssim,,,
lora_s0_vs_lora_dropout10,lora_s0,lora_dropout10,internal_val,Reactive_Oxygen_Species,abs_moran_delta,0.326999613268183,0.30836345466625636,0.018636158601926633
lora_s0_vs_lora_dropout10,lora_s0,lora_dropout10,internal_val,Wound_Healing,pcc,0.8139227637662778,0.8114808231900061,-0.002441940576271673
lora_s0_vs_lora_dropout10,lora_s0,lora_dropout10,internal_val,Wound_Healing,ccc,0.7760761927492451,0.7699667066716964,-0.006109486077548687
lora_s0_vs_lora_dropout10,lora_s0,lora_dropout10,internal_val,Wound_Healing,z_rmse,0.49800428963393584,0.5005374734124985,-0.0025331837785627087
lora_s0_vs_lora_dropout10,lora_s0,lora_dropout10,internal_val,Wound_Healing,ssim,,,
lora_s0_vs_lora_dropout10,lora_s0,lora_dropout10,internal_val,Wound_Healing,abs_moran_delta,0.10047654120473125,0.10686725717174671,-0.006390715967015459
lora_s0_vs_lora_dropout10,lora_s0,lora_dropout10,internal_val,Fibrosis,pcc,0.8493153168279114,0.8471954293218599,-0.002119887506051521
lora_s0_vs_lora_dropout10,lora_s0,lora_dropout10,internal_val,Fibrosis,ccc,0.8171446701292738,0.8155456869779648,-0.0015989831513090191
lora_s0_vs_lora_dropout10,lora_s0,lora_dropout10,internal_val,Fibrosis,z_rmse,0.4792619774369056,0.47529966690900977,0.003962310527895807
lora_s0_vs_lora_dropout10,lora_s0,lora_dropout10,internal_val,Fibrosis,ssim,,,
lora_s0_vs_lora_dropout10,lora_s0,lora_dropout10,internal_val,Fibrosis,abs_moran_delta,0.08480774658766033,0.08896288334606299,-0.004155136758402664
lora_s0_vs_lora_dropout10,lora_s0,lora_dropout10,internal_val,MYC_Targets,pcc,0.8316647388357039,0.8278113514480827,-0.003853387387621199
lora_s0_vs_lora_dropout10,lora_s0,lora_dropout10,internal_val,MYC_Targets,ccc,0.8018930907773512,0.7991363090801274,-0.002756781697223709
lora_s0_vs_lora_dropout10,lora_s0,lora_dropout10,internal_val,MYC_Targets,z_rmse,0.42535494835369847,0.42828914856118877,-0.0029342002074903006
lora_s0_vs_lora_dropout10,lora_s0,lora_dropout10,internal_val,MYC_Targets,ssim,,,
lora_s0_vs_lora_dropout10,lora_s0,lora_dropout10,internal_val,MYC_Targets,abs_moran_delta,0.07679103570444297,0.0730957195129058,0.003695316191537165
lora_s0_vs_lora_dropout10,lora_s0,lora_dropout10,internal_val,E2F_Targets,pcc,0.7376981561681235,0.7303493944620348,-0.007348761706088669
lora_s0_vs_lora_dropout10,lora_s0,lora_dropout10,internal_val,E2F_Targets,ccc,0.6905329481461813,0.6803583237925843,-0.01017462435359695
lora_s0_vs_lora_dropout10,lora_s0,lora_dropout10,internal_val,E2F_Targets,z_rmse,0.5692808789355106,0.5841612828912113,-0.014880403955700672
lora_s0_vs_lora_dropout10,lora_s0,lora_dropout10,internal_val,E2F_Targets,ssim,,,
lora_s0_vs_lora_dropout10,lora_s0,lora_dropout10,internal_val,E2F_Targets,abs_moran_delta,0.10964089556341916,0.11085667415925615,-0.0012157785958369915
lora_s0_vs_lora_dropout10,lora_s0,lora_dropout10,internal_val,G2M_Checkpoint,pcc,0.7165203674430701,0.7201589901569561,0.0036386227138859306
lora_s0_vs_lora_dropout10,lora_s0,lora_dropout10,internal_val,G2M_Checkpoint,ccc,0.6608545216431351,0.6542313369650139,-0.0066231846781211745
lora_s0_vs_lora_dropout10,lora_s0,lora_dropout10,internal_val,G2M_Checkpoint,z_rmse,0.5896297173003272,0.5896128315449563,1.688575537095449e-05
lora_s0_vs_lora_dropout10,lora_s0,lora_dropout10,internal_val,G2M_Checkpoint,ssim,,,
lora_s0_vs_lora_dropout10,lora_s0,lora_dropout10,internal_val,G2M_Checkpoint,abs_moran_delta,0.1106261524308431,0.11352750572784474,-0.002901353297001641
lora_s0_vs_lora_dropout10,lora_s0,lora_dropout10,internal_val,Mitotic_Spindle,pcc,0.6960070132113608,0.6905870159335267,-0.005419997277834154
lora_s0_vs_lora_dropout10,lora_s0,lora_dropout10,internal_val,Mitotic_Spindle,ccc,0.6388457082362967,0.621228095679738,-0.017617612556558693
lora_s0_vs_lora_dropout10,lora_s0,lora_dropout10,internal_val,Mitotic_Spindle,z_rmse,0.6083472558344304,0.615131172471306,-0.006783916636875609
lora_s0_vs_lora_dropout10,lora_s0,lora_dropout10,internal_val,Mitotic_Spindle,ssim,,,
lora_s0_vs_lora_dropout10,lora_s0,lora_dropout10,internal_val,Mitotic_Spindle,abs_moran_delta,0.1411664737225209,0.1293015835033676,0.011864890219153296
lora_s0_vs_lora_dropout10,lora_s0,lora_dropout10,internal_val,Unfolded_Protein_Response,pcc,0.6129357508816105,0.6148481123364156,0.0019123614548051115
lora_s0_vs_lora_dropout10,lora_s0,lora_dropout10,internal_val,Unfolded_Protein_Response,ccc,0.5507276508368438,0.5515598577842186,0.0008322069473747362
lora_s0_vs_lora_dropout10,lora_s0,lora_dropout10,internal_val,Unfolded_Protein_Response,z_rmse,0.5738487019150837,0.5691760401244504,0.0046726617906333034
lora_s0_vs_lora_dropout10,lora_s0,lora_dropout10,internal_val,Unfolded_Protein_Response,ssim,,,
lora_s0_vs_lora_dropout10,lora_s0,lora_dropout10,internal_val,Unfolded_Protein_Response,abs_moran_delta,0.270932171418121,0.2631000791765558,0.00783209224156517
lora_s0_vs_lora_dropout10,lora_s0,lora_dropout10,internal_val,mTOR_Signaling,pcc,0.6884332993727902,0.6868675896826384,-0.0015657096901517953
lora_s0_vs_lora_dropout10,lora_s0,lora_dropout10,internal_val,mTOR_Signaling,ccc,0.6497574309189728,0.6413502175271578,-0.008407213391814938
lora_s0_vs_lora_dropout10,lora_s0,lora_dropout10,internal_val,mTOR_Signaling,z_rmse,0.5684952494692878,0.5712890240409652,-0.0027937745716773987
lora_s0_vs_lora_dropout10,lora_s0,lora_dropout10,internal_val,mTOR_Signaling,ssim,,,
lora_s0_vs_lora_dropout10,lora_s0,lora_dropout10,internal_val,mTOR_Signaling,abs_moran_delta,0.26055714900081767,0.25023956779560397,0.0103175812052137
lora_s0_vs_lora_dropout10,lora_s0,lora_dropout10,internal_val,Interferon_Alpha,pcc,0.595548355921238,0.5898968981650116,-0.005651457756226441
lora_s0_vs_lora_dropout10,lora_s0,lora_dropout10,internal_val,Interferon_Alpha,ccc,0.5553632574958521,0.5492761528665989,-0.006087104629253215
lora_s0_vs_lora_dropout10,lora_s0,lora_dropout10,internal_val,Interferon_Alpha,z_rmse,0.5557499637809259,0.5613241222619286,-0.005574158481002733
lora_s0_vs_lora_dropout10,lora_s0,lora_dropout10,internal_val,Interferon_Alpha,ssim,,,
lora_s0_vs_lora_dropout10,lora_s0,lora_dropout10,internal_val,Interferon_Alpha,abs_moran_delta,0.12521085456447514,0.1394016903430671,-0.014190835778591954
lora_s0_vs_lora_dropout10,lora_s0,lora_dropout10,internal_val,Angiogenesis,pcc,0.7644376530235834,0.770071015634395,0.005633362610811599
lora_s0_vs_lora_dropout10,lora_s0,lora_dropout10,internal_val,Angiogenesis,ccc,0.719398699459764,0.7063126369777267,-0.013086062482037253
lora_s0_vs_lora_dropout10,lora_s0,lora_dropout10,internal_val,Angiogenesis,z_rmse,0.604530187201258,0.6037245867016064,0.0008056004996515043
lora_s0_vs_lora_dropout10,lora_s0,lora_dropout10,internal_val,Angiogenesis,ssim,,,
lora_s0_vs_lora_dropout10,lora_s0,lora_dropout10,internal_val,Angiogenesis,abs_moran_delta,0.09660180643041782,0.09428955031106928,0.0023122561193485436
lora_s0_vs_lora_dropout10,lora_s0,lora_dropout10,internal_val,Apoptosis,pcc,0.5252562706695116,0.516189044492172,-0.009067226177339682
lora_s0_vs_lora_dropout10,lora_s0,lora_dropout10,internal_val,Apoptosis,ccc,0.4588243405748231,0.43734547901118465,-0.02147886156363843
lora_s0_vs_lora_dropout10,lora_s0,lora_dropout10,internal_val,Apoptosis,z_rmse,0.6012936455300367,0.604203227552743,-0.002909582022706303
lora_s0_vs_lora_dropout10,lora_s0,lora_dropout10,internal_val,Apoptosis,ssim,,,
lora_s0_vs_lora_dropout10,lora_s0,lora_dropout10,internal_val,Apoptosis,abs_moran_delta,0.3250737580937871,0.2930597443145206,0.03201401377926649
lora_s0_vs_lora_dropout10,lora_s0,lora_dropout10,internal_val,TNF_Signaling,pcc,0.6407820677288707,0.6406270023938242,-0.00015506533504650033
lora_s0_vs_lora_dropout10,lora_s0,lora_dropout10,internal_val,TNF_Signaling,ccc,0.586055544474085,0.5842397072170354,-0.0018158372570495906
lora_s0_vs_lora_dropout10,lora_s0,lora_dropout10,internal_val,TNF_Signaling,z_rmse,0.5835310141646534,0.5782514006349043,0.005279613529749039
lora_s0_vs_lora_dropout10,lora_s0,lora_dropout10,internal_val,TNF_Signaling,ssim,,,
lora_s0_vs_lora_dropout10,lora_s0,lora_dropout10,internal_val,TNF_Signaling,abs_moran_delta,0.13886133916348153,0.13108808374436434,0.007773255419117192
lora_s0_vs_lora_dropout10,lora_s0,lora_dropout10,internal_val,ECM_Organization,pcc,0.8699869701020106,0.8680504818341224,-0.001936488267888281
lora_s0_vs_lora_dropout10,lora_s0,lora_dropout10,internal_val,ECM_Organization,ccc,0.8424874722558952,0.8356216562164994,-0.0068658160393957335
lora_s0_vs_lora_dropout10,lora_s0,lora_dropout10,internal_val,ECM_Organization,z_rmse,0.41726554777374764,0.42558498291039587,-0.008319435136648234
lora_s0_vs_lora_dropout10,lora_s0,lora_dropout10,internal_val,ECM_Organization,ssim,,,
lora_s0_vs_lora_dropout10,lora_s0,lora_dropout10,internal_val,ECM_Organization,abs_moran_delta,0.11431738900746859,0.11573565863807646,-0.0014182696306078713
w007_fbr_vs_w007_rcc,w007_fbr,w007_rcc,XZY,tls,pcc,0.6639869499026133,0.6736468940370053,0.009659944134391973
w007_fbr_vs_w007_rcc,w007_fbr,w007_rcc,XZY,tls,ccc,0.48896516533942985,0.5095313473511166,0.02056618201168675
w007_fbr_vs_w007_rcc,w007_fbr,w007_rcc,XZY,tls,z_rmse,1.0692421538010195,1.0521701470602387,0.0170720067407808
w007_fbr_vs_w007_rcc,w007_fbr,w007_rcc,XZY,tls,ssim,0.20383804712079653,0.21497619031189769,0.011138143191101152
w007_fbr_vs_w007_rcc,w007_fbr,w007_rcc,XZY,tls,abs_moran_delta,0.035070697186690314,0.011870410794943886,0.023200286391746427
w007_fbr_vs_w007_rcc,w007_fbr,w007_rcc,XZY,tgfb,pcc,0.439034724192423,0.43777814070718846,-0.0012565834852345525
w007_fbr_vs_w007_rcc,w007_fbr,w007_rcc,XZY,tgfb,ccc,0.31133037368135863,0.33659544441598854,0.025265070734629913
w007_fbr_vs_w007_rcc,w007_fbr,w007_rcc,XZY,tgfb,z_rmse,0.6268514356714918,0.6080737129050655,0.018777722766426308
w007_fbr_vs_w007_rcc,w007_fbr,w007_rcc,XZY,tgfb,ssim,0.1969250419648279,0.2025801986351407,0.0056551566703128
w007_fbr_vs_w007_rcc,w007_fbr,w007_rcc,XZY,tgfb,abs_moran_delta,0.038450086943033146,0.052113369665736486,-0.01366328272270334
w007_fbr_vs_w007_rcc,w007_fbr,w007_rcc,XZY,emt,pcc,0.5918671411376281,0.5842982933130625,-0.007568847824565572
w007_fbr_vs_w007_rcc,w007_fbr,w007_rcc,XZY,emt,ccc,0.5298464376012474,0.5270794070679525,-0.0027670305332948564
w007_fbr_vs_w007_rcc,w007_fbr,w007_rcc,XZY,emt,z_rmse,0.5213707184129307,0.5341072907464082,-0.01273657233347747
w007_fbr_vs_w007_rcc,w007_fbr,w007_rcc,XZY,emt,ssim,0.5344392138500436,0.5263771254326516,-0.008062088417391977
w007_fbr_vs_w007_rcc,w007_fbr,w007_rcc,XZY,emt,abs_moran_delta,0.009527284979813144,0.007061810331828622,0.0024654746479845224
w007_fbr_vs_w007_rcc,w007_fbr,w007_rcc,XZY,hypoxia,pcc,0.35557005549063403,0.358351986309283,0.00278193081864897
w007_fbr_vs_w007_rcc,w007_fbr,w007_rcc,XZY,hypoxia,ccc,0.32498261867857,0.32798733590793466,0.003004717229364684
w007_fbr_vs_w007_rcc,w007_fbr,w007_rcc,XZY,hypoxia,z_rmse,0.5812582872436641,0.5859679378985198,-0.004709650654855624
w007_fbr_vs_w007_rcc,w007_fbr,w007_rcc,XZY,hypoxia,ssim,0.2645589742255373,0.24288441529453914,-0.021674558930998178
w007_fbr_vs_w007_rcc,w007_fbr,w007_rcc,XZY,hypoxia,abs_moran_delta,0.020704008756252834,0.03634718066627368,-0.015643171910020848
w007_fbr_vs_w007_rcc,w007_fbr,w007_rcc,XZY,mhc,pcc,0.5032254641886251,0.49340170149594065,-0.009823762692684479
w007_fbr_vs_w007_rcc,w007_fbr,w007_rcc,XZY,mhc,ccc,0.4296624890494552,0.41605101142352746,-0.013611477625927737
w007_fbr_vs_w007_rcc,w007_fbr,w007_rcc,XZY,mhc,z_rmse,0.37886740783939965,0.3769271424991154,0.0019402653402842418
w007_fbr_vs_w007_rcc,w007_fbr,w007_rcc,XZY,mhc,ssim,0.6812379828433616,0.6859874029989694,0.004749420155607864
w007_fbr_vs_w007_rcc,w007_fbr,w007_rcc,XZY,mhc,abs_moran_delta,0.052257858824007464,0.04149175518470555,0.010766103639301916
w007_fbr_vs_w007_rcc,w007_fbr,w007_rcc,XZY,icp,pcc,0.30584107545329736,0.3133102339021332,0.007469158448835833
w007_fbr_vs_w007_rcc,w007_fbr,w007_rcc,XZY,icp,ccc,0.16549434370982827,0.17010526919755556,0.004610925487727291
w007_fbr_vs_w007_rcc,w007_fbr,w007_rcc,XZY,icp,z_rmse,1.4482992430419752,1.435631230831105,0.012668012210870216
w007_fbr_vs_w007_rcc,w007_fbr,w007_rcc,XZY,icp,ssim,-0.08397933290687672,-0.07754981435286296,0.006429518554013761
w007_fbr_vs_w007_rcc,w007_fbr,w007_rcc,XZY,icp,abs_moran_delta,0.34950420241683566,0.3564588877800712,-0.006954685363235513
w007_fbr_vs_w007_rcc,w007_fbr,w007_rcc,XZY,ifng,pcc,0.15060564397132303,0.1827819989385098,0.032176354967186765
w007_fbr_vs_w007_rcc,w007_fbr,w007_rcc,XZY,ifng,ccc,0.10251364826511088,0.1248441528606762,0.02233050459556532
w007_fbr_vs_w007_rcc,w007_fbr,w007_rcc,XZY,ifng,z_rmse,0.8185979344946854,0.7981555622750222,0.020442372219663274
w007_fbr_vs_w007_rcc,w007_fbr,w007_rcc,XZY,ifng,ssim,0.07766518606712816,0.09934559450256567,0.021680408435437504
w007_fbr_vs_w007_rcc,w007_fbr,w007_rcc,XZY,ifng,abs_moran_delta,0.07771298891727291,0.07269553012175911,0.005017458795513796
w007_fbr_vs_w007_rcc,w007_fbr,w007_rcc,XZY,toxic,pcc,0.3802570827895441,0.3804627571093568,0.00020567431981266537
w007_fbr_vs_w007_rcc,w007_fbr,w007_rcc,XZY,toxic,ccc,0.2877314677429608,0.2878216443612222,9.01766182613839e-05
w007_fbr_vs_w007_rcc,w007_fbr,w007_rcc,XZY,toxic,z_rmse,1.0885989319612805,1.084226067183091,0.004372864778189545
w007_fbr_vs_w007_rcc,w007_fbr,w007_rcc,XZY,toxic,ssim,0.11335460081018596,0.11296826638023458,-0.0003863344299513821
w007_fbr_vs_w007_rcc,w007_fbr,w007_rcc,XZY,toxic,abs_moran_delta,0.28710556310165525,0.2774417219169557,0.00966384118469954
w007_fbr_vs_w007_rcc,w007_fbr,w007_rcc,XZY,Glycolysis,pcc,0.6073809731412932,0.6026406585638038,-0.004740314577489468
w007_fbr_vs_w007_rcc,w007_fbr,w007_rcc,XZY,Glycolysis,ccc,0.3712021755245671,0.33836647725973173,-0.032835698264835345
w007_fbr_vs_w007_rcc,w007_fbr,w007_rcc,XZY,Glycolysis,z_rmse,0.7016223014981928,0.7339624235968457,-0.03234012209865289
w007_fbr_vs_w007_rcc,w007_fbr,w007_rcc,XZY,Glycolysis,ssim,0.3327809035524702,0.31985475023473436,-0.012926153317735833
w007_fbr_vs_w007_rcc,w007_fbr,w007_rcc,XZY,Glycolysis,abs_moran_delta,0.11119802554960545,0.12186476493014353,-0.010666739380538082
w007_fbr_vs_w007_rcc,w007_fbr,w007_rcc,XZY,Inflammatory_Response,pcc,0.4489064153219139,0.4466592132242263,-0.002247202097687584
w007_fbr_vs_w007_rcc,w007_fbr,w007_rcc,XZY,Inflammatory_Response,ccc,0.3778511282159772,0.3805765755973841,0.002725447381406898
w007_fbr_vs_w007_rcc,w007_fbr,w007_rcc,XZY,Inflammatory_Response,z_rmse,0.9092948768940169,0.9121996001180216,-0.0029047232240047016
w007_fbr_vs_w007_rcc,w007_fbr,w007_rcc,XZY,Inflammatory_Response,ssim,0.20465968691927774,0.2097283559920788,0.005068669072801069
w007_fbr_vs_w007_rcc,w007_fbr,w007_rcc,XZY,Inflammatory_Response,abs_moran_delta,0.18218220902256688,0.17250729625121097,0.009674912771355904
w007_fbr_vs_w007_rcc,w007_fbr,w007_rcc,XZY,IL6_JAK_STAT3,pcc,0.5584903460611647,0.5501614211820285,-0.008328924879136168
w007_fbr_vs_w007_rcc,w007_fbr,w007_rcc,XZY,IL6_JAK_STAT3,ccc,0.29359589005532943,0.29446382920435255,0.0008679391490231114
w007_fbr_vs_w007_rcc,w007_fbr,w007_rcc,XZY,IL6_JAK_STAT3,z_rmse,0.7175418451159595,0.7108476098750399,0.00669423524091961
w007_fbr_vs_w007_rcc,w007_fbr,w007_rcc,XZY,IL6_JAK_STAT3,ssim,0.26308346432780916,0.2682473762490155,0.0051639119212063544
w007_fbr_vs_w007_rcc,w007_fbr,w007_rcc,XZY,IL6_JAK_STAT3,abs_moran_delta,0.16453771523017985,0.16230632449088245,0.002231390739297401
w007_fbr_vs_w007_rcc,w007_fbr,w007_rcc,XZY,P53_Pathway,pcc,0.561748167364237,0.5512968319625433,-0.01045133540169374
w007_fbr_vs_w007_rcc,w007_fbr,w007_rcc,XZY,P53_Pathway,ccc,0.31375835515315226,0.30563753286469314,-0.008120822288459117
w007_fbr_vs_w007_rcc,w007_fbr,w007_rcc,XZY,P53_Pathway,z_rmse,0.8481608242840984,0.8592754789433512,-0.011114654659252765
w007_fbr_vs_w007_rcc,w007_fbr,w007_rcc,XZY,P53_Pathway,ssim,0.18889160031230054,0.18316326786710146,-0.005728332445199075
w007_fbr_vs_w007_rcc,w007_fbr,w007_rcc,XZY,P53_Pathway,abs_moran_delta,0.024137804077569325,0.025864692429190206,-0.001726888351620881
w007_fbr_vs_w007_rcc,w007_fbr,w007_rcc,XZY,DNA_Damage_Response,pcc,0.5041214281619145,0.5029963524706317,-0.0011250756912828397
w007_fbr_vs_w007_rcc,w007_fbr,w007_rcc,XZY,DNA_Damage_Response,ccc,0.3406315488289672,0.3475438502425346,0.006912301413567412
w007_fbr_vs_w007_rcc,w007_fbr,w007_rcc,XZY,DNA_Damage_Response,z_rmse,0.8800846850149687,0.8689456299362476,0.01113905507872115
w007_fbr_vs_w007_rcc,w007_fbr,w007_rcc,XZY,DNA_Damage_Response,ssim,0.33306943397019023,0.33866614493694724,0.0055967109667570125
w007_fbr_vs_w007_rcc,w007_fbr,w007_rcc,XZY,DNA_Damage_Response,abs_moran_delta,0.03667498202601527,0.034287521190461745,0.002387460835553523
w007_fbr_vs_w007_rcc,w007_fbr,w007_rcc,XZY,Complement,pcc,0.36128577992886596,0.3611127711743996,-0.00017300875446635278
w007_fbr_vs_w007_rcc,w007_fbr,w007_rcc,XZY,Complement,ccc,0.16981278067562486,0.17866716786612852,0.00885438719050366
w007_fbr_vs_w007_rcc,w007_fbr,w007_rcc,XZY,Complement,z_rmse,1.3397187323692878,1.336380077531779,0.0033386548375089475
w007_fbr_vs_w007_rcc,w007_fbr,w007_rcc,XZY,Complement,ssim,0.24180364531264217,0.2515086743426819,0.009705029030039752
w007_fbr_vs_w007_rcc,w007_fbr,w007_rcc,XZY,Complement,abs_moran_delta,0.09503945760145999,0.09110000413427832,0.003939453467181664
w007_fbr_vs_w007_rcc,w007_fbr,w007_rcc,XZY,Coagulation,pcc,0.4286053217271615,0.4247586317288695,-0.0038466899982919633
w007_fbr_vs_w007_rcc,w007_fbr,w007_rcc,XZY,Coagulation,ccc,0.3916308168673301,0.38931997503252375,-0.002310841834806343
w007_fbr_vs_w007_rcc,w007_fbr,w007_rcc,XZY,Coagulation,z_rmse,0.7103173336328013,0.7184115738353171,-0.008094240202515812
w007_fbr_vs_w007_rcc,w007_fbr,w007_rcc,XZY,Coagulation,ssim,0.18454642246845993,0.17345159176641387,-0.01109483070204606
w007_fbr_vs_w007_rcc,w007_fbr,w007_rcc,XZY,Coagulation,abs_moran_delta,0.028804404101013092,0.028876388579377965,-7.198447836487265e-05
w007_fbr_vs_w007_rcc,w007_fbr,w007_rcc,XZY,Oxidative_Phosphorylation,pcc,0.7854307027829281,0.7774502106103334,-0.007980492172594778
w007_fbr_vs_w007_rcc,w007_fbr,w007_rcc,XZY,Oxidative_Phosphorylation,ccc,0.7563415015008274,0.7404156830083796,-0.015925818492447785
w007_fbr_vs_w007_rcc,w007_fbr,w007_rcc,XZY,Oxidative_Phosphorylation,z_rmse,0.3950025455142476,0.4031242896019658,-0.008121744087718152
w007_fbr_vs_w007_rcc,w007_fbr,w007_rcc,XZY,Oxidative_Phosphorylation,ssim,0.5332815177251108,0.532434516237533,-0.0008470014875777698
w007_fbr_vs_w007_rcc,w007_fbr,w007_rcc,XZY,Oxidative_Phosphorylation,abs_moran_delta,0.10351264185276632,0.11574180628645248,-0.012229164433686157
w007_fbr_vs_w007_rcc,w007_fbr,w007_rcc,XZY,Reactive_Oxygen_Species,pcc,0.28059080737993636,0.25949402214626155,-0.02109678523367481
w007_fbr_vs_w007_rcc,w007_fbr,w007_rcc,XZY,Reactive_Oxygen_Species,ccc,0.15018356441329508,0.13480966782291504,-0.015373896590380048
w007_fbr_vs_w007_rcc,w007_fbr,w007_rcc,XZY,Reactive_Oxygen_Species,z_rmse,0.9028781937789014,0.9094489958712078,-0.006570802092306316
w007_fbr_vs_w007_rcc,w007_fbr,w007_rcc,XZY,Reactive_Oxygen_Species,ssim,0.10428250338429625,0.0977221407236585,-0.006560362660637753
w007_fbr_vs_w007_rcc,w007_fbr,w007_rcc,XZY,Reactive_Oxygen_Species,abs_moran_delta,0.01266294356731651,0.009050679864565148,0.0036122637027513615
w007_fbr_vs_w007_rcc,w007_fbr,w007_rcc,XZY,Wound_Healing,pcc,0.6335773352404949,0.6320488808275306,-0.0015284544129642308
w007_fbr_vs_w007_rcc,w007_fbr,w007_rcc,XZY,Wound_Healing,ccc,0.6027300109767235,0.6104245328657357,0.007694521889012207
w007_fbr_vs_w007_rcc,w007_fbr,w007_rcc,XZY,Wound_Healing,z_rmse,0.5109543326355832,0.5103968063999252,0.000557526235657968
w007_fbr_vs_w007_rcc,w007_fbr,w007_rcc,XZY,Wound_Healing,ssim,0.6433471295407813,0.6440345007626935,0.000687371221912203
w007_fbr_vs_w007_rcc,w007_fbr,w007_rcc,XZY,Wound_Healing,abs_moran_delta,0.1863335482543828,0.17879726675301316,0.007536281501369646
w007_fbr_vs_w007_rcc,w007_fbr,w007_rcc,XZY,Fibrosis,pcc,0.7206142801746659,0.7180977186301425,-0.002516561544523399
w007_fbr_vs_w007_rcc,w007_fbr,w007_rcc,XZY,Fibrosis,ccc,0.6963613617878587,0.7035192943424379,0.007157932554579194
w007_fbr_vs_w007_rcc,w007_fbr,w007_rcc,XZY,Fibrosis,z_rmse,0.4848772725253984,0.487888792850881,-0.003011520325482575
w007_fbr_vs_w007_rcc,w007_fbr,w007_rcc,XZY,Fibrosis,ssim,0.6971264713985758,0.697779810681391,0.0006533392828153017
w007_fbr_vs_w007_rcc,w007_fbr,w007_rcc,XZY,Fibrosis,abs_moran_delta,0.1390817277770885,0.13400677760887136,0.005074950168217129
w007_fbr_vs_w007_rcc,w007_fbr,w007_rcc,XZY,MYC_Targets,pcc,0.772968291068159,0.7705610382001689,-0.0024072528679901506
w007_fbr_vs_w007_rcc,w007_fbr,w007_rcc,XZY,MYC_Targets,ccc,0.69115773123624,0.673182225131342,-0.017975506104898065
w007_fbr_vs_w007_rcc,w007_fbr,w007_rcc,XZY,MYC_Targets,z_rmse,0.4013694707268194,0.41099474807070113,-0.009625277343881744
w007_fbr_vs_w007_rcc,w007_fbr,w007_rcc,XZY,MYC_Targets,ssim,0.5704529351763383,0.5725768107112884,0.0021238755349500815
w007_fbr_vs_w007_rcc,w007_fbr,w007_rcc,XZY,MYC_Targets,abs_moran_delta,0.06488734532972296,0.07289688973691377,-0.008009544407190816
w007_fbr_vs_w007_rcc,w007_fbr,w007_rcc,XZY,E2F_Targets,pcc,0.633888229075229,0.6252109250072867,-0.008677304067942315
w007_fbr_vs_w007_rcc,w007_fbr,w007_rcc,XZY,E2F_Targets,ccc,0.4768330806063365,0.47580309098712453,-0.0010299896192119684
w007_fbr_vs_w007_rcc,w007_fbr,w007_rcc,XZY,E2F_Targets,z_rmse,0.7301029288301136,0.7273040894000243,0.002798839430089295
w007_fbr_vs_w007_rcc,w007_fbr,w007_rcc,XZY,E2F_Targets,ssim,0.44692350381022466,0.4509021035431548,0.003978599732930133
w007_fbr_vs_w007_rcc,w007_fbr,w007_rcc,XZY,E2F_Targets,abs_moran_delta,0.13499762263929405,0.1346586761890881,0.0003389464502059347
w007_fbr_vs_w007_rcc,w007_fbr,w007_rcc,XZY,G2M_Checkpoint,pcc,0.6742574776842368,0.6689297813447924,-0.00532769633944441
w007_fbr_vs_w007_rcc,w007_fbr,w007_rcc,XZY,G2M_Checkpoint,ccc,0.41899216635585523,0.4189686416521186,-2.3524703736621522e-05
w007_fbr_vs_w007_rcc,w007_fbr,w007_rcc,XZY,G2M_Checkpoint,z_rmse,1.016458102263653,1.0125054099217374,0.003952692341915531
w007_fbr_vs_w007_rcc,w007_fbr,w007_rcc,XZY,G2M_Checkpoint,ssim,0.45377989007015423,0.46199035330743327,0.008210463237279031
w007_fbr_vs_w007_rcc,w007_fbr,w007_rcc,XZY,G2M_Checkpoint,abs_moran_delta,0.12095150715849345,0.1271570721654321,-0.00620556500693864
w007_fbr_vs_w007_rcc,w007_fbr,w007_rcc,XZY,Mitotic_Spindle,pcc,0.6354781675326147,0.6303178945554658,-0.005160272977148828
w007_fbr_vs_w007_rcc,w007_fbr,w007_rcc,XZY,Mitotic_Spindle,ccc,0.4163733082304922,0.4216523465827297,0.005279038352237531
w007_fbr_vs_w007_rcc,w007_fbr,w007_rcc,XZY,Mitotic_Spindle,z_rmse,0.9756388916938523,0.9609990878474507,0.014639803846401622
w007_fbr_vs_w007_rcc,w007_fbr,w007_rcc,XZY,Mitotic_Spindle,ssim,0.43616960814270694,0.4481046085505837,0.011935000407876761
w007_fbr_vs_w007_rcc,w007_fbr,w007_rcc,XZY,Mitotic_Spindle,abs_moran_delta,0.08304256818007988,0.09236557067833506,-0.009323002498255184
w007_fbr_vs_w007_rcc,w007_fbr,w007_rcc,XZY,Unfolded_Protein_Response,pcc,0.6025634469265497,0.5806793898170801,-0.021884057109469612
w007_fbr_vs_w007_rcc,w007_fbr,w007_rcc,XZY,Unfolded_Protein_Response,ccc,0.4306072294094899,0.39573222370367106,-0.03487500570581886
w007_fbr_vs_w007_rcc,w007_fbr,w007_rcc,XZY,Unfolded_Protein_Response,z_rmse,0.6411878107435587,0.6674638277104817,-0.026276016966923055
w007_fbr_vs_w007_rcc,w007_fbr,w007_rcc,XZY,Unfolded_Protein_Response,ssim,0.313738040712482,0.30228175061964435,-0.011456290092837662
w007_fbr_vs_w007_rcc,w007_fbr,w007_rcc,XZY,Unfolded_Protein_Response,abs_moran_delta,0.16308556117227402,0.19068015124988263,-0.027594590077608616
w007_fbr_vs_w007_rcc,w007_fbr,w007_rcc,XZY,mTOR_Signaling,pcc,0.6623655710330237,0.6585394594284442,-0.003826111604579574
w007_fbr_vs_w007_rcc,w007_fbr,w007_rcc,XZY,mTOR_Signaling,ccc,0.5919558932749509,0.5868843843187582,-0.005071508956192683
w007_fbr_vs_w007_rcc,w007_fbr,w007_rcc,XZY,mTOR_Signaling,z_rmse,0.5120760742403915,0.514566387446028,-0.0024903132056365296
w007_fbr_vs_w007_rcc,w007_fbr,w007_rcc,XZY,mTOR_Signaling,ssim,0.3748468426955124,0.36969236950571416,-0.0051544731897982254
w007_fbr_vs_w007_rcc,w007_fbr,w007_rcc,XZY,mTOR_Signaling,abs_moran_delta,0.04769616182613845,0.04429763119657959,0.00339853062955886
w007_fbr_vs_w007_rcc,w007_fbr,w007_rcc,XZY,Interferon_Alpha,pcc,0.21723213402714392,0.20719821055075374,-0.010033923476390177
w007_fbr_vs_w007_rcc,w007_fbr,w007_rcc,XZY,Interferon_Alpha,ccc,0.06091711776052003,0.06087929220634616,-3.7825554173871734e-05
w007_fbr_vs_w007_rcc,w007_fbr,w007_rcc,XZY,Interferon_Alpha,z_rmse,1.1414282822026758,1.1161000014032096,0.02532828079946614
w007_fbr_vs_w007_rcc,w007_fbr,w007_rcc,XZY,Interferon_Alpha,ssim,-0.09819135326511134,-0.07819461068171206,0.019996742583399285
w007_fbr_vs_w007_rcc,w007_fbr,w007_rcc,XZY,Interferon_Alpha,abs_moran_delta,0.2729590671768161,0.2492727831779935,0.02368628399882261
w007_fbr_vs_w007_rcc,w007_fbr,w007_rcc,XZY,Angiogenesis,pcc,0.6370193717625345,0.641452044306261,0.004432672543726479
w007_fbr_vs_w007_rcc,w007_fbr,w007_rcc,XZY,Angiogenesis,ccc,0.5232138560869393,0.5260751750047329,0.0028613189177936205
w007_fbr_vs_w007_rcc,w007_fbr,w007_rcc,XZY,Angiogenesis,z_rmse,0.8464886078876868,0.8594596991075414,-0.012971091219854625
w007_fbr_vs_w007_rcc,w007_fbr,w007_rcc,XZY,Angiogenesis,ssim,-0.016338309997133055,-0.0431481927538765,-0.026809882756743442
w007_fbr_vs_w007_rcc,w007_fbr,w007_rcc,XZY,Angiogenesis,abs_moran_delta,0.11679731905110996,0.09740974055327828,0.01938757849783168
w007_fbr_vs_w007_rcc,w007_fbr,w007_rcc,XZY,Apoptosis,pcc,0.4252418035880821,0.4276565375766062,0.002414733988524098
w007_fbr_vs_w007_rcc,w007_fbr,w007_rcc,XZY,Apoptosis,ccc,0.3362577837064711,0.33204003168356777,-0.004217752022903309
w007_fbr_vs_w007_rcc,w007_fbr,w007_rcc,XZY,Apoptosis,z_rmse,0.6230293629887141,0.6251533009822847,-0.0021239379935705793
w007_fbr_vs_w007_rcc,w007_fbr,w007_rcc,XZY,Apoptosis,ssim,0.19678440277030967,0.20046578847850943,0.003681385708199758
w007_fbr_vs_w007_rcc,w007_fbr,w007_rcc,XZY,Apoptosis,abs_moran_delta,0.02363753768580279,0.029828077198659708,-0.0061905395128569185
w007_fbr_vs_w007_rcc,w007_fbr,w007_rcc,XZY,TNF_Signaling,pcc,0.30415236508730525,0.29952457942955857,-0.004627785657746686
w007_fbr_vs_w007_rcc,w007_fbr,w007_rcc,XZY,TNF_Signaling,ccc,0.20270686097004487,0.20582226623469513,0.0031154052646502617
w007_fbr_vs_w007_rcc,w007_fbr,w007_rcc,XZY,TNF_Signaling,z_rmse,0.7571257775297362,0.7564302702261161,0.0006955073036201131
w007_fbr_vs_w007_rcc,w007_fbr,w007_rcc,XZY,TNF_Signaling,ssim,0.18088980627615425,0.1765612342240112,-0.004328572052143043
w007_fbr_vs_w007_rcc,w007_fbr,w007_rcc,XZY,TNF_Signaling,abs_moran_delta,0.08845906742939286,0.06879641294435301,0.019662654485039843
w007_fbr_vs_w007_rcc,w007_fbr,w007_rcc,XZY,ECM_Organization,pcc,0.7352796469027839,0.7336366880113351,-0.0016429588914488313
w007_fbr_vs_w007_rcc,w007_fbr,w007_rcc,XZY,ECM_Organization,ccc,0.7121056042931119,0.7141742585683417,0.002068654275229842
w007_fbr_vs_w007_rcc,w007_fbr,w007_rcc,XZY,ECM_Organization,z_rmse,0.4382925992884713,0.448263104407281,-0.009970505118809703
w007_fbr_vs_w007_rcc,w007_fbr,w007_rcc,XZY,ECM_Organization,ssim,0.707291471568408,0.7078404612050951,0.0005489896366871472
w007_fbr_vs_w007_rcc,w007_fbr,w007_rcc,XZY,ECM_Organization,abs_moran_delta,0.1577167864115327,0.15123537490165162,0.006481411509881074
w007_fbr_vs_w007_rcc,w007_fbr,w007_rcc,internal_val,tls,pcc,0.7533012725492164,0.7566045354890896,0.0033032629398731528
w007_fbr_vs_w007_rcc,w007_fbr,w007_rcc,internal_val,tls,ccc,0.6935770640125404,0.698960955493357,0.005383891480816638
w007_fbr_vs_w007_rcc,w007_fbr,w007_rcc,internal_val,tls,z_rmse,0.5427234511607598,0.5398408746931622,0.0028825764675975973
w007_fbr_vs_w007_rcc,w007_fbr,w007_rcc,internal_val,tls,ssim,,,
w007_fbr_vs_w007_rcc,w007_fbr,w007_rcc,internal_val,tls,abs_moran_delta,0.13840022976561547,0.13710160675424082,0.00129862301137465
w007_fbr_vs_w007_rcc,w007_fbr,w007_rcc,internal_val,tgfb,pcc,0.5322034103546749,0.53554238065354,0.003338970298865096
w007_fbr_vs_w007_rcc,w007_fbr,w007_rcc,internal_val,tgfb,ccc,0.41994522307633847,0.43153548899620847,0.011590265919870002
w007_fbr_vs_w007_rcc,w007_fbr,w007_rcc,internal_val,tgfb,z_rmse,0.6607324350746788,0.6568361893106615,0.0038962457640173698
w007_fbr_vs_w007_rcc,w007_fbr,w007_rcc,internal_val,tgfb,ssim,,,
w007_fbr_vs_w007_rcc,w007_fbr,w007_rcc,internal_val,tgfb,abs_moran_delta,0.2206667785639479,0.23472500675316424,-0.014058228189216343
w007_fbr_vs_w007_rcc,w007_fbr,w007_rcc,internal_val,emt,pcc,0.7226069431603768,0.7243338633231556,0.0017269201627788666
w007_fbr_vs_w007_rcc,w007_fbr,w007_rcc,internal_val,emt,ccc,0.6816450761529786,0.68689501525221,0.005249939099231327
w007_fbr_vs_w007_rcc,w007_fbr,w007_rcc,internal_val,emt,z_rmse,0.5913969277192881,0.5921500043410619,-0.0007530766217738183
w007_fbr_vs_w007_rcc,w007_fbr,w007_rcc,internal_val,emt,ssim,,,
w007_fbr_vs_w007_rcc,w007_fbr,w007_rcc,internal_val,emt,abs_moran_delta,0.18225974434087366,0.18632082486463744,-0.004061080523763777
w007_fbr_vs_w007_rcc,w007_fbr,w007_rcc,internal_val,hypoxia,pcc,0.6634799081554914,0.6631865557429537,-0.0002933524125376952
w007_fbr_vs_w007_rcc,w007_fbr,w007_rcc,internal_val,hypoxia,ccc,0.6006061697739127,0.6077678628802748,0.007161693106362166
w007_fbr_vs_w007_rcc,w007_fbr,w007_rcc,internal_val,hypoxia,z_rmse,0.6228953945961706,0.620263835395228,0.0026315592009426014
w007_fbr_vs_w007_rcc,w007_fbr,w007_rcc,internal_val,hypoxia,ssim,,,
w007_fbr_vs_w007_rcc,w007_fbr,w007_rcc,internal_val,hypoxia,abs_moran_delta,0.1438266298526387,0.14697856037768173,-0.003151930525043034
w007_fbr_vs_w007_rcc,w007_fbr,w007_rcc,internal_val,mhc,pcc,0.4459136582577285,0.44014295468775677,-0.005770703569971725
w007_fbr_vs_w007_rcc,w007_fbr,w007_rcc,internal_val,mhc,ccc,0.36688847012905473,0.35868268833853795,-0.008205781790516786
w007_fbr_vs_w007_rcc,w007_fbr,w007_rcc,internal_val,mhc,z_rmse,0.5940502894833316,0.5904195030534791,0.003630786429852484
w007_fbr_vs_w007_rcc,w007_fbr,w007_rcc,internal_val,mhc,ssim,,,
w007_fbr_vs_w007_rcc,w007_fbr,w007_rcc,internal_val,mhc,abs_moran_delta,0.3157181119755803,0.29454079592145604,0.021177316054124262
w007_fbr_vs_w007_rcc,w007_fbr,w007_rcc,internal_val,icp,pcc,0.46976403403267836,0.4720064482799657,0.0022424142472873276
w007_fbr_vs_w007_rcc,w007_fbr,w007_rcc,internal_val,icp,ccc,0.39133546308356526,0.3885796602020423,-0.0027558028815229396
w007_fbr_vs_w007_rcc,w007_fbr,w007_rcc,internal_val,icp,z_rmse,0.8931390874949557,0.8935894509435763,-0.0004503634486205943
w007_fbr_vs_w007_rcc,w007_fbr,w007_rcc,internal_val,icp,ssim,,,
w007_fbr_vs_w007_rcc,w007_fbr,w007_rcc,internal_val,icp,abs_moran_delta,0.266910851116848,0.25261180491915797,0.014299046197690013
w007_fbr_vs_w007_rcc,w007_fbr,w007_rcc,internal_val,ifng,pcc,0.44132991484000206,0.460573332655444,0.01924341781544192
w007_fbr_vs_w007_rcc,w007_fbr,w007_rcc,internal_val,ifng,ccc,0.36762018839703486,0.3838536301149374,0.01623344171790253
w007_fbr_vs_w007_rcc,w007_fbr,w007_rcc,internal_val,ifng,z_rmse,0.7474844930539378,0.7408481125153927,0.006636380538545095
w007_fbr_vs_w007_rcc,w007_fbr,w007_rcc,internal_val,ifng,ssim,,,
w007_fbr_vs_w007_rcc,w007_fbr,w007_rcc,internal_val,ifng,abs_moran_delta,0.11083316443226714,0.11962639803431259,-0.008793233602045453
w007_fbr_vs_w007_rcc,w007_fbr,w007_rcc,internal_val,toxic,pcc,0.5875494761857399,0.5840038686248629,-0.003545607560877073
w007_fbr_vs_w007_rcc,w007_fbr,w007_rcc,internal_val,toxic,ccc,0.5123145314331854,0.5101823066953837,-0.0021322247378017245
w007_fbr_vs_w007_rcc,w007_fbr,w007_rcc,internal_val,toxic,z_rmse,0.7606388758536674,0.7594494546835514,0.0011894211701160007
w007_fbr_vs_w007_rcc,w007_fbr,w007_rcc,internal_val,toxic,ssim,,,
w007_fbr_vs_w007_rcc,w007_fbr,w007_rcc,internal_val,toxic,abs_moran_delta,0.20238382445790606,0.19531696095330653,0.007066863504599535
w007_fbr_vs_w007_rcc,w007_fbr,w007_rcc,internal_val,Glycolysis,pcc,0.7424509776031242,0.7429356996211399,0.00048472201801574855
w007_fbr_vs_w007_rcc,w007_fbr,w007_rcc,internal_val,Glycolysis,ccc,0.6976755457519794,0.6976787460332815,3.2002813020737264e-06
w007_fbr_vs_w007_rcc,w007_fbr,w007_rcc,internal_val,Glycolysis,z_rmse,0.5292844111040774,0.5279011967377577,0.0013832143663197183
w007_fbr_vs_w007_rcc,w007_fbr,w007_rcc,internal_val,Glycolysis,ssim,,,
w007_fbr_vs_w007_rcc,w007_fbr,w007_rcc,internal_val,Glycolysis,abs_moran_delta,0.08905957805913411,0.08638214814856034,0.002677429910573778
w007_fbr_vs_w007_rcc,w007_fbr,w007_rcc,internal_val,Inflammatory_Response,pcc,0.6968772315007442,0.7027778327160209,0.005900601215276691
w007_fbr_vs_w007_rcc,w007_fbr,w007_rcc,internal_val,Inflammatory_Response,ccc,0.6108127333635799,0.6169722907866415,0.0061595574230616235
w007_fbr_vs_w007_rcc,w007_fbr,w007_rcc,internal_val,Inflammatory_Response,z_rmse,0.6253587789932831,0.6160805951185104,0.009278183874772639
w007_fbr_vs_w007_rcc,w007_fbr,w007_rcc,internal_val,Inflammatory_Response,ssim,,,
w007_fbr_vs_w007_rcc,w007_fbr,w007_rcc,internal_val,Inflammatory_Response,abs_moran_delta,0.07110169831311253,0.070492276350207,0.000609421962905532
w007_fbr_vs_w007_rcc,w007_fbr,w007_rcc,internal_val,IL6_JAK_STAT3,pcc,0.696839482506157,0.7020613514850629,0.005221868978905864
w007_fbr_vs_w007_rcc,w007_fbr,w007_rcc,internal_val,IL6_JAK_STAT3,ccc,0.6375713772572814,0.6492426890368986,0.011671311779617222
w007_fbr_vs_w007_rcc,w007_fbr,w007_rcc,internal_val,IL6_JAK_STAT3,z_rmse,0.5137835949751505,0.5082654410687253,0.005518153906425183
w007_fbr_vs_w007_rcc,w007_fbr,w007_rcc,internal_val,IL6_JAK_STAT3,ssim,,,
w007_fbr_vs_w007_rcc,w007_fbr,w007_rcc,internal_val,IL6_JAK_STAT3,abs_moran_delta,0.12279717909155345,0.1260057248071452,-0.0032085457155917457
w007_fbr_vs_w007_rcc,w007_fbr,w007_rcc,internal_val,P53_Pathway,pcc,0.5958256802835644,0.5979659259383358,0.0021402456547713333
w007_fbr_vs_w007_rcc,w007_fbr,w007_rcc,internal_val,P53_Pathway,ccc,0.5414655679999446,0.5434198492747538,0.001954281274809233
w007_fbr_vs_w007_rcc,w007_fbr,w007_rcc,internal_val,P53_Pathway,z_rmse,0.6216105031345146,0.6222997607627232,-0.0006892576282085949
w007_fbr_vs_w007_rcc,w007_fbr,w007_rcc,internal_val,P53_Pathway,ssim,,,
w007_fbr_vs_w007_rcc,w007_fbr,w007_rcc,internal_val,P53_Pathway,abs_moran_delta,0.28437758948092645,0.285167906325705,-0.000790316844778538
w007_fbr_vs_w007_rcc,w007_fbr,w007_rcc,internal_val,DNA_Damage_Response,pcc,0.5876478090683749,0.5901390028715353,0.0024911938031604297
w007_fbr_vs_w007_rcc,w007_fbr,w007_rcc,internal_val,DNA_Damage_Response,ccc,0.47624634540433525,0.48323636537450027,0.006990019970165018
w007_fbr_vs_w007_rcc,w007_fbr,w007_rcc,internal_val,DNA_Damage_Response,z_rmse,0.6795117768418598,0.6741528861134176,0.0053588907284422005
w007_fbr_vs_w007_rcc,w007_fbr,w007_rcc,internal_val,DNA_Damage_Response,ssim,,,
w007_fbr_vs_w007_rcc,w007_fbr,w007_rcc,internal_val,DNA_Damage_Response,abs_moran_delta,0.28416307407387814,0.2843631740390576,-0.0002000999651794455
w007_fbr_vs_w007_rcc,w007_fbr,w007_rcc,internal_val,Complement,pcc,0.737656751214179,0.7388688155995877,0.0012120643854087731
w007_fbr_vs_w007_rcc,w007_fbr,w007_rcc,internal_val,Complement,ccc,0.6706598331617082,0.6771916647702594,0.006531831608551197
w007_fbr_vs_w007_rcc,w007_fbr,w007_rcc,internal_val,Complement,z_rmse,0.6426656307828792,0.640274443565031,0.0023911872178481453
w007_fbr_vs_w007_rcc,w007_fbr,w007_rcc,internal_val,Complement,ssim,,,
w007_fbr_vs_w007_rcc,w007_fbr,w007_rcc,internal_val,Complement,abs_moran_delta,0.09959429890447981,0.10935949527167127,-0.009765196367191462
w007_fbr_vs_w007_rcc,w007_fbr,w007_rcc,internal_val,Coagulation,pcc,0.6975852547877379,0.6984201469723177,0.0008348921845797719
w007_fbr_vs_w007_rcc,w007_fbr,w007_rcc,internal_val,Coagulation,ccc,0.6318483706648416,0.635045849221555,0.0031974785567134845
w007_fbr_vs_w007_rcc,w007_fbr,w007_rcc,internal_val,Coagulation,z_rmse,0.6813390894372606,0.6777947880728865,0.003544301364374114
w007_fbr_vs_w007_rcc,w007_fbr,w007_rcc,internal_val,Coagulation,ssim,,,
w007_fbr_vs_w007_rcc,w007_fbr,w007_rcc,internal_val,Coagulation,abs_moran_delta,0.1933311262918204,0.19381403497285507,-0.0004829086810346772
w007_fbr_vs_w007_rcc,w007_fbr,w007_rcc,internal_val,Oxidative_Phosphorylation,pcc,0.8288158045802712,0.8257916118475691,-0.003024192732702047
w007_fbr_vs_w007_rcc,w007_fbr,w007_rcc,internal_val,Oxidative_Phosphorylation,ccc,0.8114553747733447,0.8085291394748753,-0.0029262352984694706
w007_fbr_vs_w007_rcc,w007_fbr,w007_rcc,internal_val,Oxidative_Phosphorylation,z_rmse,0.4247919817402946,0.42694588584501814,-0.0021539041047235474
w007_fbr_vs_w007_rcc,w007_fbr,w007_rcc,internal_val,Oxidative_Phosphorylation,ssim,,,
w007_fbr_vs_w007_rcc,w007_fbr,w007_rcc,internal_val,Oxidative_Phosphorylation,abs_moran_delta,0.09103630606445012,0.08700135894130721,0.00403494712314291
w007_fbr_vs_w007_rcc,w007_fbr,w007_rcc,internal_val,Reactive_Oxygen_Species,pcc,0.47446347959183915,0.4745736298331485,0.00011015024130933693
w007_fbr_vs_w007_rcc,w007_fbr,w007_rcc,internal_val,Reactive_Oxygen_Species,ccc,0.3979380076647532,0.39569477551380783,-0.0022432321509453512
w007_fbr_vs_w007_rcc,w007_fbr,w007_rcc,internal_val,Reactive_Oxygen_Species,z_rmse,0.737469892910978,0.7372465931168425,0.00022329979413548973
w007_fbr_vs_w007_rcc,w007_fbr,w007_rcc,internal_val,Reactive_Oxygen_Species,ssim,,,
w007_fbr_vs_w007_rcc,w007_fbr,w007_rcc,internal_val,Reactive_Oxygen_Species,abs_moran_delta,0.3376747382244396,0.3351659975158581,0.0025087407085814806
w007_fbr_vs_w007_rcc,w007_fbr,w007_rcc,internal_val,Wound_Healing,pcc,0.8164630498851642,0.8193869689428629,0.0029239190576987317
w007_fbr_vs_w007_rcc,w007_fbr,w007_rcc,internal_val,Wound_Healing,ccc,0.7778112211731409,0.7841176332772767,0.006306412104135739
w007_fbr_vs_w007_rcc,w007_fbr,w007_rcc,internal_val,Wound_Healing,z_rmse,0.49050983847939794,0.48773432341856315,0.002775515060834788
w007_fbr_vs_w007_rcc,w007_fbr,w007_rcc,internal_val,Wound_Healing,ssim,,,
w007_fbr_vs_w007_rcc,w007_fbr,w007_rcc,internal_val,Wound_Healing,abs_moran_delta,0.09646453988216996,0.10239284555779678,-0.005928305675626813
w007_fbr_vs_w007_rcc,w007_fbr,w007_rcc,internal_val,Fibrosis,pcc,0.8510531372466119,0.8525638483912592,0.001510711144647292
w007_fbr_vs_w007_rcc,w007_fbr,w007_rcc,internal_val,Fibrosis,ccc,0.818992681998148,0.8245544710217539,0.005561789023605934
w007_fbr_vs_w007_rcc,w007_fbr,w007_rcc,internal_val,Fibrosis,z_rmse,0.4646827161238271,0.46367681933115507,0.0010058967926720452
w007_fbr_vs_w007_rcc,w007_fbr,w007_rcc,internal_val,Fibrosis,ssim,,,
w007_fbr_vs_w007_rcc,w007_fbr,w007_rcc,internal_val,Fibrosis,abs_moran_delta,0.08960589506641992,0.08594557828035243,0.0036603167860674857
w007_fbr_vs_w007_rcc,w007_fbr,w007_rcc,internal_val,MYC_Targets,pcc,0.8292577437130655,0.8287899749651967,-0.00046776874786880196
w007_fbr_vs_w007_rcc,w007_fbr,w007_rcc,internal_val,MYC_Targets,ccc,0.8010289170750085,0.8022240576656507,0.0011951405906422963
w007_fbr_vs_w007_rcc,w007_fbr,w007_rcc,internal_val,MYC_Targets,z_rmse,0.42528007822452457,0.42323462277086593,0.00204545545365864
w007_fbr_vs_w007_rcc,w007_fbr,w007_rcc,internal_val,MYC_Targets,ssim,,,
w007_fbr_vs_w007_rcc,w007_fbr,w007_rcc,internal_val,MYC_Targets,abs_moran_delta,0.07870121252977638,0.07709376156718796,0.001607450962588422
w007_fbr_vs_w007_rcc,w007_fbr,w007_rcc,internal_val,E2F_Targets,pcc,0.7390683841691582,0.7363709252675273,-0.002697458901630867
w007_fbr_vs_w007_rcc,w007_fbr,w007_rcc,internal_val,E2F_Targets,ccc,0.6953292550655036,0.6971538163845628,0.0018245613190591703
w007_fbr_vs_w007_rcc,w007_fbr,w007_rcc,internal_val,E2F_Targets,z_rmse,0.5670808854079826,0.5677889840123459,-0.000708098604363272
w007_fbr_vs_w007_rcc,w007_fbr,w007_rcc,internal_val,E2F_Targets,ssim,,,
w007_fbr_vs_w007_rcc,w007_fbr,w007_rcc,internal_val,E2F_Targets,abs_moran_delta,0.11748309822688581,0.12028578010099637,-0.002802681874110563
w007_fbr_vs_w007_rcc,w007_fbr,w007_rcc,internal_val,G2M_Checkpoint,pcc,0.7179303553631455,0.7160712539203953,-0.001859101442750255
w007_fbr_vs_w007_rcc,w007_fbr,w007_rcc,internal_val,G2M_Checkpoint,ccc,0.665785767929186,0.6665921098367115,0.0008063419075254874
w007_fbr_vs_w007_rcc,w007_fbr,w007_rcc,internal_val,G2M_Checkpoint,z_rmse,0.5883371391239535,0.5889886372848396,-0.0006514981608861659
w007_fbr_vs_w007_rcc,w007_fbr,w007_rcc,internal_val,G2M_Checkpoint,ssim,,,
w007_fbr_vs_w007_rcc,w007_fbr,w007_rcc,internal_val,G2M_Checkpoint,abs_moran_delta,0.12554359020412825,0.1252371347742878,0.00030645542984045204
w007_fbr_vs_w007_rcc,w007_fbr,w007_rcc,internal_val,Mitotic_Spindle,pcc,0.6935306906645754,0.6925950964913496,-0.0009355941732257511
w007_fbr_vs_w007_rcc,w007_fbr,w007_rcc,internal_val,Mitotic_Spindle,ccc,0.6337834096663623,0.6365304072583432,0.0027469975919809375
w007_fbr_vs_w007_rcc,w007_fbr,w007_rcc,internal_val,Mitotic_Spindle,z_rmse,0.6105177327952344,0.6101441870892829,0.0003735457059514946
w007_fbr_vs_w007_rcc,w007_fbr,w007_rcc,internal_val,Mitotic_Spindle,ssim,,,
w007_fbr_vs_w007_rcc,w007_fbr,w007_rcc,internal_val,Mitotic_Spindle,abs_moran_delta,0.14336125348108766,0.1421319448901008,0.001229308590986855
w007_fbr_vs_w007_rcc,w007_fbr,w007_rcc,internal_val,Unfolded_Protein_Response,pcc,0.6211728306099541,0.622730173986754,0.0015573433767999134
w007_fbr_vs_w007_rcc,w007_fbr,w007_rcc,internal_val,Unfolded_Protein_Response,ccc,0.5585300872695559,0.5583392452513279,-0.00019084201822794356
w007_fbr_vs_w007_rcc,w007_fbr,w007_rcc,internal_val,Unfolded_Protein_Response,z_rmse,0.5692845563496552,0.5655737022751545,0.00371085407450078
w007_fbr_vs_w007_rcc,w007_fbr,w007_rcc,internal_val,Unfolded_Protein_Response,ssim,,,
w007_fbr_vs_w007_rcc,w007_fbr,w007_rcc,internal_val,Unfolded_Protein_Response,abs_moran_delta,0.28612214109424106,0.27278972195553636,0.013332419138704699
w007_fbr_vs_w007_rcc,w007_fbr,w007_rcc,internal_val,mTOR_Signaling,pcc,0.6915744575573654,0.6906225686189124,-0.0009518889384529938
w007_fbr_vs_w007_rcc,w007_fbr,w007_rcc,internal_val,mTOR_Signaling,ccc,0.6455871025341106,0.6455660520110148,-2.1050523095755835e-05
w007_fbr_vs_w007_rcc,w007_fbr,w007_rcc,internal_val,mTOR_Signaling,z_rmse,0.5662227523410218,0.566002411538432,0.00022034080258981348
w007_fbr_vs_w007_rcc,w007_fbr,w007_rcc,internal_val,mTOR_Signaling,ssim,,,
w007_fbr_vs_w007_rcc,w007_fbr,w007_rcc,internal_val,mTOR_Signaling,abs_moran_delta,0.27197467826582944,0.2672461381125955,0.004728540153233929
w007_fbr_vs_w007_rcc,w007_fbr,w007_rcc,internal_val,Interferon_Alpha,pcc,0.584216430769739,0.5928408339779462,0.008624403208207232
w007_fbr_vs_w007_rcc,w007_fbr,w007_rcc,internal_val,Interferon_Alpha,ccc,0.5402254785861034,0.5482075871456175,0.00798210855951409
w007_fbr_vs_w007_rcc,w007_fbr,w007_rcc,internal_val,Interferon_Alpha,z_rmse,0.5539491163274958,0.5548479431938822,-0.0008988268663864263
w007_fbr_vs_w007_rcc,w007_fbr,w007_rcc,internal_val,Interferon_Alpha,ssim,,,
w007_fbr_vs_w007_rcc,w007_fbr,w007_rcc,internal_val,Interferon_Alpha,abs_moran_delta,0.11260666200431783,0.1214492789385594,-0.00884261693424157
w007_fbr_vs_w007_rcc,w007_fbr,w007_rcc,internal_val,Angiogenesis,pcc,0.765126659908957,0.7659407777801869,0.0008141178712298691
w007_fbr_vs_w007_rcc,w007_fbr,w007_rcc,internal_val,Angiogenesis,ccc,0.7155390322275306,0.7169420865793299,0.0014030543517993266
w007_fbr_vs_w007_rcc,w007_fbr,w007_rcc,internal_val,Angiogenesis,z_rmse,0.5971887770714653,0.5985185216023249,-0.0013297445308595446
w007_fbr_vs_w007_rcc,w007_fbr,w007_rcc,internal_val,Angiogenesis,ssim,,,
w007_fbr_vs_w007_rcc,w007_fbr,w007_rcc,internal_val,Angiogenesis,abs_moran_delta,0.09031921437556895,0.08393063701599313,0.00638857735957582
w007_fbr_vs_w007_rcc,w007_fbr,w007_rcc,internal_val,Apoptosis,pcc,0.5262266113946837,0.5232677595054264,-0.0029588518892573745
w007_fbr_vs_w007_rcc,w007_fbr,w007_rcc,internal_val,Apoptosis,ccc,0.45080349465672676,0.4442736021105598,-0.006529892546166982
w007_fbr_vs_w007_rcc,w007_fbr,w007_rcc,internal_val,Apoptosis,z_rmse,0.5973949768798318,0.5990049695336489,-0.001609992653817116
w007_fbr_vs_w007_rcc,w007_fbr,w007_rcc,internal_val,Apoptosis,ssim,,,
w007_fbr_vs_w007_rcc,w007_fbr,w007_rcc,internal_val,Apoptosis,abs_moran_delta,0.33184217662318816,0.32679382631911885,0.0050483503040693045
w007_fbr_vs_w007_rcc,w007_fbr,w007_rcc,internal_val,TNF_Signaling,pcc,0.6378026281280124,0.6457805826625633,0.007977954534550968
w007_fbr_vs_w007_rcc,w007_fbr,w007_rcc,internal_val,TNF_Signaling,ccc,0.5778608981396444,0.5884968665281679,0.010635968388523542
w007_fbr_vs_w007_rcc,w007_fbr,w007_rcc,internal_val,TNF_Signaling,z_rmse,0.5727566307525193,0.5665745512442195,0.006182079508299743
w007_fbr_vs_w007_rcc,w007_fbr,w007_rcc,internal_val,TNF_Signaling,ssim,,,
w007_fbr_vs_w007_rcc,w007_fbr,w007_rcc,internal_val,TNF_Signaling,abs_moran_delta,0.13493162757649524,0.13601925212163785,-0.001087624545142607
w007_fbr_vs_w007_rcc,w007_fbr,w007_rcc,internal_val,ECM_Organization,pcc,0.873342958318462,0.8750090901974169,0.001666131878954924
w007_fbr_vs_w007_rcc,w007_fbr,w007_rcc,internal_val,ECM_Organization,ccc,0.8438368416311314,0.849714953739004,0.005878112107872591
w007_fbr_vs_w007_rcc,w007_fbr,w007_rcc,internal_val,ECM_Organization,z_rmse,0.40673811455363434,0.406086599210212,0.0006515153434223375
w007_fbr_vs_w007_rcc,w007_fbr,w007_rcc,internal_val,ECM_Organization,ssim,,,
w007_fbr_vs_w007_rcc,w007_fbr,w007_rcc,internal_val,ECM_Organization,abs_moran_delta,0.11339806806781694,0.11101630424096098,0.0023817638268559538
w007_fbr_vs_w007_hcr,w007_fbr,w007_hcr,XZY,tls,pcc,0.6639869499026133,0.6662091656679094,0.0022222157652961316
w007_fbr_vs_w007_hcr,w007_fbr,w007_hcr,XZY,tls,ccc,0.48896516533942985,0.48902323877507714,5.807343564728784e-05
w007_fbr_vs_w007_hcr,w007_fbr,w007_hcr,XZY,tls,z_rmse,1.0692421538010195,1.065831642862467,0.003410510938552491
w007_fbr_vs_w007_hcr,w007_fbr,w007_hcr,XZY,tls,ssim,0.20383804712079653,0.2071145524969994,0.0032765053762028595
w007_fbr_vs_w007_hcr,w007_fbr,w007_hcr,XZY,tls,abs_moran_delta,0.035070697186690314,0.03337091048432661,0.0016997867023637037
w007_fbr_vs_w007_hcr,w007_fbr,w007_hcr,XZY,tgfb,pcc,0.439034724192423,0.4387953771775897,-0.00023934701483330212
w007_fbr_vs_w007_hcr,w007_fbr,w007_hcr,XZY,tgfb,ccc,0.31133037368135863,0.32363223132498087,0.012301857643622238
w007_fbr_vs_w007_hcr,w007_fbr,w007_hcr,XZY,tgfb,z_rmse,0.6268514356714918,0.6159297988347745,0.010921636836717319
w007_fbr_vs_w007_hcr,w007_fbr,w007_hcr,XZY,tgfb,ssim,0.1969250419648279,0.1960141259649946,-0.0009109159998333116
w007_fbr_vs_w007_hcr,w007_fbr,w007_hcr,XZY,tgfb,abs_moran_delta,0.038450086943033146,0.04427172523179912,-0.0058216382887659734
w007_fbr_vs_w007_hcr,w007_fbr,w007_hcr,XZY,emt,pcc,0.5918671411376281,0.5942015058510431,0.0023343647134150824
w007_fbr_vs_w007_hcr,w007_fbr,w007_hcr,XZY,emt,ccc,0.5298464376012474,0.5402118120940793,0.010365374492831925
w007_fbr_vs_w007_hcr,w007_fbr,w007_hcr,XZY,emt,z_rmse,0.5213707184129307,0.5146514628902369,0.006719255522693812
w007_fbr_vs_w007_hcr,w007_fbr,w007_hcr,XZY,emt,ssim,0.5344392138500436,0.5422914812623002,0.007852267412256642
w007_fbr_vs_w007_hcr,w007_fbr,w007_hcr,XZY,emt,abs_moran_delta,0.009527284979813144,0.009016736229729316,0.0005105487500838279
w007_fbr_vs_w007_hcr,w007_fbr,w007_hcr,XZY,hypoxia,pcc,0.35557005549063403,0.35522059847399706,-0.00034945701663696704
w007_fbr_vs_w007_hcr,w007_fbr,w007_hcr,XZY,hypoxia,ccc,0.32498261867857,0.3240004037949459,-0.0009822148836240996
w007_fbr_vs_w007_hcr,w007_fbr,w007_hcr,XZY,hypoxia,z_rmse,0.5812582872436641,0.5839407113407803,-0.002682424097116165
w007_fbr_vs_w007_hcr,w007_fbr,w007_hcr,XZY,hypoxia,ssim,0.2645589742255373,0.25664394121666934,-0.007915033008867978
w007_fbr_vs_w007_hcr,w007_fbr,w007_hcr,XZY,hypoxia,abs_moran_delta,0.020704008756252834,0.020793693180389372,-8.968442413653799e-05
w007_fbr_vs_w007_hcr,w007_fbr,w007_hcr,XZY,mhc,pcc,0.5032254641886251,0.4995877079312688,-0.0036377562573563504
w007_fbr_vs_w007_hcr,w007_fbr,w007_hcr,XZY,mhc,ccc,0.4296624890494552,0.42227639874590556,-0.007386090303549642
w007_fbr_vs_w007_hcr,w007_fbr,w007_hcr,XZY,mhc,z_rmse,0.37886740783939965,0.3772096529901744,0.001657754849225257
w007_fbr_vs_w007_hcr,w007_fbr,w007_hcr,XZY,mhc,ssim,0.6812379828433616,0.6852847811656385,0.0040467983222769455
w007_fbr_vs_w007_hcr,w007_fbr,w007_hcr,XZY,mhc,abs_moran_delta,0.052257858824007464,0.03946822048678533,0.012789638337222131
w007_fbr_vs_w007_hcr,w007_fbr,w007_hcr,XZY,icp,pcc,0.30584107545329736,0.3068723636965869,0.0010312882432895187
w007_fbr_vs_w007_hcr,w007_fbr,w007_hcr,XZY,icp,ccc,0.16549434370982827,0.1653936786683857,-0.00010066504144257138
w007_fbr_vs_w007_hcr,w007_fbr,w007_hcr,XZY,icp,z_rmse,1.4482992430419752,1.4378570039471554,0.010442239094819783
w007_fbr_vs_w007_hcr,w007_fbr,w007_hcr,XZY,icp,ssim,-0.08397933290687672,-0.08169500588351254,0.0022843270233641744
w007_fbr_vs_w007_hcr,w007_fbr,w007_hcr,XZY,icp,abs_moran_delta,0.34950420241683566,0.34427960717492023,0.005224595241915431
w007_fbr_vs_w007_hcr,w007_fbr,w007_hcr,XZY,ifng,pcc,0.15060564397132303,0.15461406047152246,0.004008416500199424
w007_fbr_vs_w007_hcr,w007_fbr,w007_hcr,XZY,ifng,ccc,0.10251364826511088,0.1051249558817596,0.0026113076166487253
w007_fbr_vs_w007_hcr,w007_fbr,w007_hcr,XZY,ifng,z_rmse,0.8185979344946854,0.8164268944560061,0.002171040038679295
w007_fbr_vs_w007_hcr,w007_fbr,w007_hcr,XZY,ifng,ssim,0.07766518606712816,0.08141066452202907,0.003745478454900905
w007_fbr_vs_w007_hcr,w007_fbr,w007_hcr,XZY,ifng,abs_moran_delta,0.07771298891727291,0.07616705799713236,0.001545930920140548
w007_fbr_vs_w007_hcr,w007_fbr,w007_hcr,XZY,toxic,pcc,0.3802570827895441,0.37456266018826223,-0.00569442260128189
w007_fbr_vs_w007_hcr,w007_fbr,w007_hcr,XZY,toxic,ccc,0.2877314677429608,0.28083788491433326,-0.006893582828627565
w007_fbr_vs_w007_hcr,w007_fbr,w007_hcr,XZY,toxic,z_rmse,1.0885989319612805,1.086647422140801,0.0019515098204796466
w007_fbr_vs_w007_hcr,w007_fbr,w007_hcr,XZY,toxic,ssim,0.11335460081018596,0.11101696317449923,-0.002337637635686729
w007_fbr_vs_w007_hcr,w007_fbr,w007_hcr,XZY,toxic,abs_moran_delta,0.28710556310165525,0.2763674352683225,0.010738127833332722
w007_fbr_vs_w007_hcr,w007_fbr,w007_hcr,XZY,Glycolysis,pcc,0.6073809731412932,0.6068513617492752,-0.0005296113920180145
w007_fbr_vs_w007_hcr,w007_fbr,w007_hcr,XZY,Glycolysis,ccc,0.3712021755245671,0.35552965292333716,-0.01567252260122992
w007_fbr_vs_w007_hcr,w007_fbr,w007_hcr,XZY,Glycolysis,z_rmse,0.7016223014981928,0.7183394611626146,-0.016717159664421777
w007_fbr_vs_w007_hcr,w007_fbr,w007_hcr,XZY,Glycolysis,ssim,0.3327809035524702,0.3254054461020964,-0.0073754574503738235
w007_fbr_vs_w007_hcr,w007_fbr,w007_hcr,XZY,Glycolysis,abs_moran_delta,0.11119802554960545,0.1129310048949671,-0.0017329793453616515
w007_fbr_vs_w007_hcr,w007_fbr,w007_hcr,XZY,Inflammatory_Response,pcc,0.4489064153219139,0.4507547447641354,0.001848329442221519
w007_fbr_vs_w007_hcr,w007_fbr,w007_hcr,XZY,Inflammatory_Response,ccc,0.3778511282159772,0.3817727657359991,0.003921637520021892
w007_fbr_vs_w007_hcr,w007_fbr,w007_hcr,XZY,Inflammatory_Response,z_rmse,0.9092948768940169,0.9088647572057588,0.00043011968825812374
w007_fbr_vs_w007_hcr,w007_fbr,w007_hcr,XZY,Inflammatory_Response,ssim,0.20465968691927774,0.20783434945247425,0.0031746625331965095
w007_fbr_vs_w007_hcr,w007_fbr,w007_hcr,XZY,Inflammatory_Response,abs_moran_delta,0.18218220902256688,0.17815835904993693,0.004023849972629945
w007_fbr_vs_w007_hcr,w007_fbr,w007_hcr,XZY,IL6_JAK_STAT3,pcc,0.5584903460611647,0.555799828227338,-0.0026905178338266778
w007_fbr_vs_w007_hcr,w007_fbr,w007_hcr,XZY,IL6_JAK_STAT3,ccc,0.29359589005532943,0.2942274509057141,0.0006315608503846826
w007_fbr_vs_w007_hcr,w007_fbr,w007_hcr,XZY,IL6_JAK_STAT3,z_rmse,0.7175418451159595,0.7141682071914421,0.003373637924517392
w007_fbr_vs_w007_hcr,w007_fbr,w007_hcr,XZY,IL6_JAK_STAT3,ssim,0.26308346432780916,0.26637598679244084,0.0032925224646316864
w007_fbr_vs_w007_hcr,w007_fbr,w007_hcr,XZY,IL6_JAK_STAT3,abs_moran_delta,0.16453771523017985,0.16704321573734193,-0.002505500507162084
w007_fbr_vs_w007_hcr,w007_fbr,w007_hcr,XZY,P53_Pathway,pcc,0.561748167364237,0.5585198045310632,-0.003228362833173848
w007_fbr_vs_w007_hcr,w007_fbr,w007_hcr,XZY,P53_Pathway,ccc,0.31375835515315226,0.3029031150835401,-0.010855240069612138
w007_fbr_vs_w007_hcr,w007_fbr,w007_hcr,XZY,P53_Pathway,z_rmse,0.8481608242840984,0.8608993830330463,-0.012738558748947804
w007_fbr_vs_w007_hcr,w007_fbr,w007_hcr,XZY,P53_Pathway,ssim,0.18889160031230054,0.18443222815801694,-0.004459372154283603
w007_fbr_vs_w007_hcr,w007_fbr,w007_hcr,XZY,P53_Pathway,abs_moran_delta,0.024137804077569325,0.02573482824323675,-0.0015970241656674267
w007_fbr_vs_w007_hcr,w007_fbr,w007_hcr,XZY,DNA_Damage_Response,pcc,0.5041214281619145,0.5093850228487692,0.005263594686854667
w007_fbr_vs_w007_hcr,w007_fbr,w007_hcr,XZY,DNA_Damage_Response,ccc,0.3406315488289672,0.34800217620985674,0.007370627380889561
w007_fbr_vs_w007_hcr,w007_fbr,w007_hcr,XZY,DNA_Damage_Response,z_rmse,0.8800846850149687,0.8702187871084603,0.00986589790650838
w007_fbr_vs_w007_hcr,w007_fbr,w007_hcr,XZY,DNA_Damage_Response,ssim,0.33306943397019023,0.3390072100416099,0.005937776071419654
w007_fbr_vs_w007_hcr,w007_fbr,w007_hcr,XZY,DNA_Damage_Response,abs_moran_delta,0.03667498202601527,0.03284229730405863,0.0038326847219566362
w007_fbr_vs_w007_hcr,w007_fbr,w007_hcr,XZY,Complement,pcc,0.36128577992886596,0.3608826408041724,-0.0004031391246935301
w007_fbr_vs_w007_hcr,w007_fbr,w007_hcr,XZY,Complement,ccc,0.16981278067562486,0.175790280251964,0.00597749957633914
w007_fbr_vs_w007_hcr,w007_fbr,w007_hcr,XZY,Complement,z_rmse,1.3397187323692878,1.3318224154432705,0.007896316926017333
w007_fbr_vs_w007_hcr,w007_fbr,w007_hcr,XZY,Complement,ssim,0.24180364531264217,0.24818076224399585,0.006377116931353677
w007_fbr_vs_w007_hcr,w007_fbr,w007_hcr,XZY,Complement,abs_moran_delta,0.09503945760145999,0.0942246606704531,0.0008147969310068892
w007_fbr_vs_w007_hcr,w007_fbr,w007_hcr,XZY,Coagulation,pcc,0.4286053217271615,0.4330243803606978,0.00441905863353631
w007_fbr_vs_w007_hcr,w007_fbr,w007_hcr,XZY,Coagulation,ccc,0.3916308168673301,0.3975486464562988,0.005917829588968693
w007_fbr_vs_w007_hcr,w007_fbr,w007_hcr,XZY,Coagulation,z_rmse,0.7103173336328013,0.7148086013020878,-0.004491267669286536
w007_fbr_vs_w007_hcr,w007_fbr,w007_hcr,XZY,Coagulation,ssim,0.18454642246845993,0.1750401925561769,-0.009506229912283032
w007_fbr_vs_w007_hcr,w007_fbr,w007_hcr,XZY,Coagulation,abs_moran_delta,0.028804404101013092,0.04031764173977742,-0.011513237638764329
w007_fbr_vs_w007_hcr,w007_fbr,w007_hcr,XZY,Oxidative_Phosphorylation,pcc,0.7854307027829281,0.7861679995737321,0.0007372967908039207
w007_fbr_vs_w007_hcr,w007_fbr,w007_hcr,XZY,Oxidative_Phosphorylation,ccc,0.7563415015008274,0.7549472792129486,-0.0013942222878787769
w007_fbr_vs_w007_hcr,w007_fbr,w007_hcr,XZY,Oxidative_Phosphorylation,z_rmse,0.3950025455142476,0.3944574235568539,0.0005451219573937016
w007_fbr_vs_w007_hcr,w007_fbr,w007_hcr,XZY,Oxidative_Phosphorylation,ssim,0.5332815177251108,0.5333217868408261,4.026911571530789e-05
w007_fbr_vs_w007_hcr,w007_fbr,w007_hcr,XZY,Oxidative_Phosphorylation,abs_moran_delta,0.10351264185276632,0.10327907390786961,0.00023356794489670651
w007_fbr_vs_w007_hcr,w007_fbr,w007_hcr,XZY,Reactive_Oxygen_Species,pcc,0.28059080737993636,0.2768662556182423,-0.0037245517616940615
w007_fbr_vs_w007_hcr,w007_fbr,w007_hcr,XZY,Reactive_Oxygen_Species,ccc,0.15018356441329508,0.14565106692825192,-0.004532497485043169
w007_fbr_vs_w007_hcr,w007_fbr,w007_hcr,XZY,Reactive_Oxygen_Species,z_rmse,0.9028781937789014,0.9078524008763024,-0.004974207097400929
w007_fbr_vs_w007_hcr,w007_fbr,w007_hcr,XZY,Reactive_Oxygen_Species,ssim,0.10428250338429625,0.1026567787748472,-0.0016257246094490418
w007_fbr_vs_w007_hcr,w007_fbr,w007_hcr,XZY,Reactive_Oxygen_Species,abs_moran_delta,0.01266294356731651,0.010565621077706422,0.0020973224896100873
w007_fbr_vs_w007_hcr,w007_fbr,w007_hcr,XZY,Wound_Healing,pcc,0.6335773352404949,0.6349362605883113,0.0013589253478164531
w007_fbr_vs_w007_hcr,w007_fbr,w007_hcr,XZY,Wound_Healing,ccc,0.6027300109767235,0.6076223957571135,0.004892384780390002
w007_fbr_vs_w007_hcr,w007_fbr,w007_hcr,XZY,Wound_Healing,z_rmse,0.5109543326355832,0.5118875136686722,-0.0009331810330890367
w007_fbr_vs_w007_hcr,w007_fbr,w007_hcr,XZY,Wound_Healing,ssim,0.6433471295407813,0.6480909974368573,0.004743867896075948
w007_fbr_vs_w007_hcr,w007_fbr,w007_hcr,XZY,Wound_Healing,abs_moran_delta,0.1863335482543828,0.18233374990626183,0.003999798348120975
w007_fbr_vs_w007_hcr,w007_fbr,w007_hcr,XZY,Fibrosis,pcc,0.7206142801746659,0.7218139563081191,0.0011996761334531758
w007_fbr_vs_w007_hcr,w007_fbr,w007_hcr,XZY,Fibrosis,ccc,0.6963613617878587,0.7015243350533702,0.005162973265511517
w007_fbr_vs_w007_hcr,w007_fbr,w007_hcr,XZY,Fibrosis,z_rmse,0.4848772725253984,0.48551828789311696,-0.0006410153677185448
w007_fbr_vs_w007_hcr,w007_fbr,w007_hcr,XZY,Fibrosis,ssim,0.6971264713985758,0.7030452638709059,0.005918792472330181
w007_fbr_vs_w007_hcr,w007_fbr,w007_hcr,XZY,Fibrosis,abs_moran_delta,0.1390817277770885,0.13549832909664006,0.0035833986804484352
w007_fbr_vs_w007_hcr,w007_fbr,w007_hcr,XZY,MYC_Targets,pcc,0.772968291068159,0.7736181982686317,0.0006499072004726436
w007_fbr_vs_w007_hcr,w007_fbr,w007_hcr,XZY,MYC_Targets,ccc,0.69115773123624,0.6855723575225493,-0.005585373713690722
w007_fbr_vs_w007_hcr,w007_fbr,w007_hcr,XZY,MYC_Targets,z_rmse,0.4013694707268194,0.40472203695656417,-0.00335256622974478
w007_fbr_vs_w007_hcr,w007_fbr,w007_hcr,XZY,MYC_Targets,ssim,0.5704529351763383,0.5712711719977495,0.0008182368214111335
w007_fbr_vs_w007_hcr,w007_fbr,w007_hcr,XZY,MYC_Targets,abs_moran_delta,0.06488734532972296,0.06787747979692205,-0.0029901344671990904
w007_fbr_vs_w007_hcr,w007_fbr,w007_hcr,XZY,E2F_Targets,pcc,0.633888229075229,0.6340543453398774,0.00016611626464835272
w007_fbr_vs_w007_hcr,w007_fbr,w007_hcr,XZY,E2F_Targets,ccc,0.4768330806063365,0.48421586971324776,0.007382789106911258
w007_fbr_vs_w007_hcr,w007_fbr,w007_hcr,XZY,E2F_Targets,z_rmse,0.7301029288301136,0.7201233266487743,0.009979602181339309
w007_fbr_vs_w007_hcr,w007_fbr,w007_hcr,XZY,E2F_Targets,ssim,0.44692350381022466,0.4515444876513013,0.00462098384107662
w007_fbr_vs_w007_hcr,w007_fbr,w007_hcr,XZY,E2F_Targets,abs_moran_delta,0.13499762263929405,0.13292297529474917,0.0020746473445448776
w007_fbr_vs_w007_hcr,w007_fbr,w007_hcr,XZY,G2M_Checkpoint,pcc,0.6742574776842368,0.6754545235987687,0.0011970459145318468
w007_fbr_vs_w007_hcr,w007_fbr,w007_hcr,XZY,G2M_Checkpoint,ccc,0.41899216635585523,0.42818645023471796,0.00919428387886273
w007_fbr_vs_w007_hcr,w007_fbr,w007_hcr,XZY,G2M_Checkpoint,z_rmse,1.016458102263653,1.000968610392894,0.015489491870758876
w007_fbr_vs_w007_hcr,w007_fbr,w007_hcr,XZY,G2M_Checkpoint,ssim,0.45377989007015423,0.46161282468285475,0.007832934612700515
w007_fbr_vs_w007_hcr,w007_fbr,w007_hcr,XZY,G2M_Checkpoint,abs_moran_delta,0.12095150715849345,0.11892729685824477,0.0020242103002486855
w007_fbr_vs_w007_hcr,w007_fbr,w007_hcr,XZY,Mitotic_Spindle,pcc,0.6354781675326147,0.6371807206676247,0.0017025531350099987
w007_fbr_vs_w007_hcr,w007_fbr,w007_hcr,XZY,Mitotic_Spindle,ccc,0.4163733082304922,0.43245732100613005,0.016084012775637868
w007_fbr_vs_w007_hcr,w007_fbr,w007_hcr,XZY,Mitotic_Spindle,z_rmse,0.9756388916938523,0.9500155678183726,0.02562332387547972
w007_fbr_vs_w007_hcr,w007_fbr,w007_hcr,XZY,Mitotic_Spindle,ssim,0.43616960814270694,0.44889667244574893,0.01272706430304199
w007_fbr_vs_w007_hcr,w007_fbr,w007_hcr,XZY,Mitotic_Spindle,abs_moran_delta,0.08304256818007988,0.08151132910585052,0.0015312390742293625
w007_fbr_vs_w007_hcr,w007_fbr,w007_hcr,XZY,Unfolded_Protein_Response,pcc,0.6025634469265497,0.5951850752019379,-0.007378371724611865
w007_fbr_vs_w007_hcr,w007_fbr,w007_hcr,XZY,Unfolded_Protein_Response,ccc,0.4306072294094899,0.40184860896185587,-0.028758620447634053
w007_fbr_vs_w007_hcr,w007_fbr,w007_hcr,XZY,Unfolded_Protein_Response,z_rmse,0.6411878107435587,0.6668151466616679,-0.025627335918109173
w007_fbr_vs_w007_hcr,w007_fbr,w007_hcr,XZY,Unfolded_Protein_Response,ssim,0.313738040712482,0.30840514541050995,-0.005332895301972063
w007_fbr_vs_w007_hcr,w007_fbr,w007_hcr,XZY,Unfolded_Protein_Response,abs_moran_delta,0.16308556117227402,0.17380827258772347,-0.010722711415449449
w007_fbr_vs_w007_hcr,w007_fbr,w007_hcr,XZY,mTOR_Signaling,pcc,0.6623655710330237,0.6616472542469353,-0.0007183167860884687
w007_fbr_vs_w007_hcr,w007_fbr,w007_hcr,XZY,mTOR_Signaling,ccc,0.5919558932749509,0.5911079995459404,-0.0008478937290105071
w007_fbr_vs_w007_hcr,w007_fbr,w007_hcr,XZY,mTOR_Signaling,z_rmse,0.5120760742403915,0.5116812048739388,0.0003948693664527214
w007_fbr_vs_w007_hcr,w007_fbr,w007_hcr,XZY,mTOR_Signaling,ssim,0.3748468426955124,0.3742803649760012,-0.0005664777195111825
w007_fbr_vs_w007_hcr,w007_fbr,w007_hcr,XZY,mTOR_Signaling,abs_moran_delta,0.04769616182613845,0.0460370269119752,0.0016591349141632517
w007_fbr_vs_w007_hcr,w007_fbr,w007_hcr,XZY,Interferon_Alpha,pcc,0.21723213402714392,0.21970654106967302,0.002474407042529103
w007_fbr_vs_w007_hcr,w007_fbr,w007_hcr,XZY,Interferon_Alpha,ccc,0.06091711776052003,0.06375589413127342,0.0028387763707533875
w007_fbr_vs_w007_hcr,w007_fbr,w007_hcr,XZY,Interferon_Alpha,z_rmse,1.1414282822026758,1.1211513034712342,0.02027697873144163
w007_fbr_vs_w007_hcr,w007_fbr,w007_hcr,XZY,Interferon_Alpha,ssim,-0.09819135326511134,-0.0878450384397026,0.01034631482540875
w007_fbr_vs_w007_hcr,w007_fbr,w007_hcr,XZY,Interferon_Alpha,abs_moran_delta,0.2729590671768161,0.2673888749038684,0.005570192272947694
w007_fbr_vs_w007_hcr,w007_fbr,w007_hcr,XZY,Angiogenesis,pcc,0.6370193717625345,0.6353157458018982,-0.0017036259606363346
w007_fbr_vs_w007_hcr,w007_fbr,w007_hcr,XZY,Angiogenesis,ccc,0.5232138560869393,0.5124130728278516,-0.01080078325908762
w007_fbr_vs_w007_hcr,w007_fbr,w007_hcr,XZY,Angiogenesis,z_rmse,0.8464886078876868,0.8666022218832848,-0.02011361399559808
w007_fbr_vs_w007_hcr,w007_fbr,w007_hcr,XZY,Angiogenesis,ssim,-0.016338309997133055,-0.04605019861502228,-0.02971188861788922
w007_fbr_vs_w007_hcr,w007_fbr,w007_hcr,XZY,Angiogenesis,abs_moran_delta,0.11679731905110996,0.11836670707121238,-0.0015693880201024246
w007_fbr_vs_w007_hcr,w007_fbr,w007_hcr,XZY,Apoptosis,pcc,0.4252418035880821,0.4246464486351839,-0.0005953549528981972
w007_fbr_vs_w007_hcr,w007_fbr,w007_hcr,XZY,Apoptosis,ccc,0.3362577837064711,0.3314568252222162,-0.00480095848425488
w007_fbr_vs_w007_hcr,w007_fbr,w007_hcr,XZY,Apoptosis,z_rmse,0.6230293629887141,0.6243315953088776,-0.0013022323201634656
w007_fbr_vs_w007_hcr,w007_fbr,w007_hcr,XZY,Apoptosis,ssim,0.19678440277030967,0.19659669105604136,-0.00018771171426831823
w007_fbr_vs_w007_hcr,w007_fbr,w007_hcr,XZY,Apoptosis,abs_moran_delta,0.02363753768580279,0.023070741480884116,0.0005667962049186737
w007_fbr_vs_w007_hcr,w007_fbr,w007_hcr,XZY,TNF_Signaling,pcc,0.30415236508730525,0.30350136406710077,-0.0006510010202044891
w007_fbr_vs_w007_hcr,w007_fbr,w007_hcr,XZY,TNF_Signaling,ccc,0.20270686097004487,0.2059190824339106,0.0032122214638657387
w007_fbr_vs_w007_hcr,w007_fbr,w007_hcr,XZY,TNF_Signaling,z_rmse,0.7571257775297362,0.7542456815142221,0.0028800960155140887
w007_fbr_vs_w007_hcr,w007_fbr,w007_hcr,XZY,TNF_Signaling,ssim,0.18088980627615425,0.18142285302811265,0.0005330467519583937
w007_fbr_vs_w007_hcr,w007_fbr,w007_hcr,XZY,TNF_Signaling,abs_moran_delta,0.08845906742939286,0.0810964358495162,0.007362631579876655
w007_fbr_vs_w007_hcr,w007_fbr,w007_hcr,XZY,ECM_Organization,pcc,0.7352796469027839,0.7368877334164337,0.0016080865136497424
w007_fbr_vs_w007_hcr,w007_fbr,w007_hcr,XZY,ECM_Organization,ccc,0.7121056042931119,0.7179362327319198,0.005830628438807883
w007_fbr_vs_w007_hcr,w007_fbr,w007_hcr,XZY,ECM_Organization,z_rmse,0.4382925992884713,0.4384460779986819,-0.00015347871021059722
w007_fbr_vs_w007_hcr,w007_fbr,w007_hcr,XZY,ECM_Organization,ssim,0.707291471568408,0.7138310835942864,0.006539612025878383
w007_fbr_vs_w007_hcr,w007_fbr,w007_hcr,XZY,ECM_Organization,abs_moran_delta,0.1577167864115327,0.1553830472682033,0.0023337391433294052
w007_fbr_vs_w007_hcr,w007_fbr,w007_hcr,internal_val,tls,pcc,0.7533012725492164,0.7538485283736205,0.0005472558244040693
w007_fbr_vs_w007_hcr,w007_fbr,w007_hcr,internal_val,tls,ccc,0.6935770640125404,0.6933334492985178,-0.0002436147140225664
w007_fbr_vs_w007_hcr,w007_fbr,w007_hcr,internal_val,tls,z_rmse,0.5427234511607598,0.5409051118129927,0.001818339347767095
w007_fbr_vs_w007_hcr,w007_fbr,w007_hcr,internal_val,tls,ssim,,,
w007_fbr_vs_w007_hcr,w007_fbr,w007_hcr,internal_val,tls,abs_moran_delta,0.13840022976561547,0.13764418468534365,0.0007560450802718277
w007_fbr_vs_w007_hcr,w007_fbr,w007_hcr,internal_val,tgfb,pcc,0.5322034103546749,0.5336196696022508,0.001416259247575935
w007_fbr_vs_w007_hcr,w007_fbr,w007_hcr,internal_val,tgfb,ccc,0.41994522307633847,0.42657780875060974,0.006632585674271274
w007_fbr_vs_w007_hcr,w007_fbr,w007_hcr,internal_val,tgfb,z_rmse,0.6607324350746788,0.6585915662295555,0.0021408688451233227
w007_fbr_vs_w007_hcr,w007_fbr,w007_hcr,internal_val,tgfb,ssim,,,
w007_fbr_vs_w007_hcr,w007_fbr,w007_hcr,internal_val,tgfb,abs_moran_delta,0.2206667785639479,0.22573811445649403,-0.0050713358925461305
w007_fbr_vs_w007_hcr,w007_fbr,w007_hcr,internal_val,emt,pcc,0.7226069431603768,0.7222062990610848,-0.0004006440992919691
w007_fbr_vs_w007_hcr,w007_fbr,w007_hcr,internal_val,emt,ccc,0.6816450761529786,0.6833702771531582,0.001725201000179588
w007_fbr_vs_w007_hcr,w007_fbr,w007_hcr,internal_val,emt,z_rmse,0.5913969277192881,0.5922539043298928,-0.0008569766106046872
w007_fbr_vs_w007_hcr,w007_fbr,w007_hcr,internal_val,emt,ssim,,,
w007_fbr_vs_w007_hcr,w007_fbr,w007_hcr,internal_val,emt,abs_moran_delta,0.18225974434087366,0.18263496784185498,-0.00037522350098131985
w007_fbr_vs_w007_hcr,w007_fbr,w007_hcr,internal_val,hypoxia,pcc,0.6634799081554914,0.6641278484487413,0.0006479402932498823
w007_fbr_vs_w007_hcr,w007_fbr,w007_hcr,internal_val,hypoxia,ccc,0.6006061697739127,0.6054695471709216,0.004863377397008928
w007_fbr_vs_w007_hcr,w007_fbr,w007_hcr,internal_val,hypoxia,z_rmse,0.6228953945961706,0.6208642346554464,0.0020311599407242253
w007_fbr_vs_w007_hcr,w007_fbr,w007_hcr,internal_val,hypoxia,ssim,,,
w007_fbr_vs_w007_hcr,w007_fbr,w007_hcr,internal_val,hypoxia,abs_moran_delta,0.1438266298526387,0.14656108280102997,-0.0027344529483912805
w007_fbr_vs_w007_hcr,w007_fbr,w007_hcr,internal_val,mhc,pcc,0.4459136582577285,0.44419009365674916,-0.0017235646009793326
w007_fbr_vs_w007_hcr,w007_fbr,w007_hcr,internal_val,mhc,ccc,0.36688847012905473,0.36102335144909325,-0.0058651186799614785
w007_fbr_vs_w007_hcr,w007_fbr,w007_hcr,internal_val,mhc,z_rmse,0.5940502894833316,0.5928183895254201,0.0012318999579115086
w007_fbr_vs_w007_hcr,w007_fbr,w007_hcr,internal_val,mhc,ssim,,,
w007_fbr_vs_w007_hcr,w007_fbr,w007_hcr,internal_val,mhc,abs_moran_delta,0.3157181119755803,0.3055762302225096,0.01014188175307068
w007_fbr_vs_w007_hcr,w007_fbr,w007_hcr,internal_val,icp,pcc,0.46976403403267836,0.46822615782330534,-0.0015378762093730125
w007_fbr_vs_w007_hcr,w007_fbr,w007_hcr,internal_val,icp,ccc,0.39133546308356526,0.3861555441025024,-0.005179918981062848
w007_fbr_vs_w007_hcr,w007_fbr,w007_hcr,internal_val,icp,z_rmse,0.8931390874949557,0.8932905207823657,-0.0001514332874099633
w007_fbr_vs_w007_hcr,w007_fbr,w007_hcr,internal_val,icp,ssim,,,
w007_fbr_vs_w007_hcr,w007_fbr,w007_hcr,internal_val,icp,abs_moran_delta,0.266910851116848,0.26322857080607764,0.003682280310770336
w007_fbr_vs_w007_hcr,w007_fbr,w007_hcr,internal_val,ifng,pcc,0.44132991484000206,0.44427111270852093,0.0029411978685188744
w007_fbr_vs_w007_hcr,w007_fbr,w007_hcr,internal_val,ifng,ccc,0.36762018839703486,0.3702873517646111,0.0026671633675762196
w007_fbr_vs_w007_hcr,w007_fbr,w007_hcr,internal_val,ifng,z_rmse,0.7474844930539378,0.7469782119832021,0.0005062810707356924
w007_fbr_vs_w007_hcr,w007_fbr,w007_hcr,internal_val,ifng,ssim,,,
w007_fbr_vs_w007_hcr,w007_fbr,w007_hcr,internal_val,ifng,abs_moran_delta,0.11083316443226714,0.11267946951054104,-0.0018463050782739077
w007_fbr_vs_w007_hcr,w007_fbr,w007_hcr,internal_val,toxic,pcc,0.5875494761857399,0.5832509105511052,-0.00429856563463471
w007_fbr_vs_w007_hcr,w007_fbr,w007_hcr,internal_val,toxic,ccc,0.5123145314331854,0.5029361210063831,-0.00937841042680232
w007_fbr_vs_w007_hcr,w007_fbr,w007_hcr,internal_val,toxic,z_rmse,0.7606388758536674,0.760195197659812,0.0004436781938553791
w007_fbr_vs_w007_hcr,w007_fbr,w007_hcr,internal_val,toxic,ssim,,,
w007_fbr_vs_w007_hcr,w007_fbr,w007_hcr,internal_val,toxic,abs_moran_delta,0.20238382445790606,0.19411467421937,0.008269150238536055
w007_fbr_vs_w007_hcr,w007_fbr,w007_hcr,internal_val,Glycolysis,pcc,0.7424509776031242,0.7430285182778488,0.000577540674724597
w007_fbr_vs_w007_hcr,w007_fbr,w007_hcr,internal_val,Glycolysis,ccc,0.6976755457519794,0.695309776833929,-0.002365768918050404
w007_fbr_vs_w007_hcr,w007_fbr,w007_hcr,internal_val,Glycolysis,z_rmse,0.5292844111040774,0.5291181736279499,0.0001662374761275398
w007_fbr_vs_w007_hcr,w007_fbr,w007_hcr,internal_val,Glycolysis,ssim,,,
w007_fbr_vs_w007_hcr,w007_fbr,w007_hcr,internal_val,Glycolysis,abs_moran_delta,0.08905957805913411,0.08858339146001133,0.0004761865991227826
w007_fbr_vs_w007_hcr,w007_fbr,w007_hcr,internal_val,Inflammatory_Response,pcc,0.6968772315007442,0.6983658934486587,0.0014886619479145269
w007_fbr_vs_w007_hcr,w007_fbr,w007_hcr,internal_val,Inflammatory_Response,ccc,0.6108127333635799,0.6132711863450325,0.0024584529814526412
w007_fbr_vs_w007_hcr,w007_fbr,w007_hcr,internal_val,Inflammatory_Response,z_rmse,0.6253587789932831,0.6223066425221243,0.0030521364711587617
w007_fbr_vs_w007_hcr,w007_fbr,w007_hcr,internal_val,Inflammatory_Response,ssim,,,
w007_fbr_vs_w007_hcr,w007_fbr,w007_hcr,internal_val,Inflammatory_Response,abs_moran_delta,0.07110169831311253,0.06989171124521933,0.0012099870678932007
w007_fbr_vs_w007_hcr,w007_fbr,w007_hcr,internal_val,IL6_JAK_STAT3,pcc,0.696839482506157,0.6982077041060614,0.0013682215999043512
w007_fbr_vs_w007_hcr,w007_fbr,w007_hcr,internal_val,IL6_JAK_STAT3,ccc,0.6375713772572814,0.641794815208121,0.00422343795083957
w007_fbr_vs_w007_hcr,w007_fbr,w007_hcr,internal_val,IL6_JAK_STAT3,z_rmse,0.5137835949751505,0.5112005909261066,0.00258300404904388
w007_fbr_vs_w007_hcr,w007_fbr,w007_hcr,internal_val,IL6_JAK_STAT3,ssim,,,
w007_fbr_vs_w007_hcr,w007_fbr,w007_hcr,internal_val,IL6_JAK_STAT3,abs_moran_delta,0.12279717909155345,0.12446089403790857,-0.001663714946355116
w007_fbr_vs_w007_hcr,w007_fbr,w007_hcr,internal_val,P53_Pathway,pcc,0.5958256802835644,0.5956581893114664,-0.00016749097209800556
w007_fbr_vs_w007_hcr,w007_fbr,w007_hcr,internal_val,P53_Pathway,ccc,0.5414655679999446,0.5375401034278983,-0.003925464572046344
w007_fbr_vs_w007_hcr,w007_fbr,w007_hcr,internal_val,P53_Pathway,z_rmse,0.6216105031345146,0.6225896433151089,-0.0009791401805943067
w007_fbr_vs_w007_hcr,w007_fbr,w007_hcr,internal_val,P53_Pathway,ssim,,,
w007_fbr_vs_w007_hcr,w007_fbr,w007_hcr,internal_val,P53_Pathway,abs_moran_delta,0.28437758948092645,0.2838926582238674,0.0004849312570590625
w007_fbr_vs_w007_hcr,w007_fbr,w007_hcr,internal_val,DNA_Damage_Response,pcc,0.5876478090683749,0.5886985826269413,0.0010507735585664202
w007_fbr_vs_w007_hcr,w007_fbr,w007_hcr,internal_val,DNA_Damage_Response,ccc,0.47624634540433525,0.47927760332058583,0.003031257916250585
w007_fbr_vs_w007_hcr,w007_fbr,w007_hcr,internal_val,DNA_Damage_Response,z_rmse,0.6795117768418598,0.6770087295263227,0.002503047315537077
w007_fbr_vs_w007_hcr,w007_fbr,w007_hcr,internal_val,DNA_Damage_Response,ssim,,,
w007_fbr_vs_w007_hcr,w007_fbr,w007_hcr,internal_val,DNA_Damage_Response,abs_moran_delta,0.28416307407387814,0.2870371013777276,-0.002874027303849447
w007_fbr_vs_w007_hcr,w007_fbr,w007_hcr,internal_val,Complement,pcc,0.737656751214179,0.7379565536677013,0.00029980245352234647
w007_fbr_vs_w007_hcr,w007_fbr,w007_hcr,internal_val,Complement,ccc,0.6706598331617082,0.6796740931244046,0.009014259962696447
w007_fbr_vs_w007_hcr,w007_fbr,w007_hcr,internal_val,Complement,z_rmse,0.6426656307828792,0.640397590995826,0.0022680397870531444
w007_fbr_vs_w007_hcr,w007_fbr,w007_hcr,internal_val,Complement,ssim,,,
w007_fbr_vs_w007_hcr,w007_fbr,w007_hcr,internal_val,Complement,abs_moran_delta,0.09959429890447981,0.10465052733627216,-0.005056228431792348
w007_fbr_vs_w007_hcr,w007_fbr,w007_hcr,internal_val,Coagulation,pcc,0.6975852547877379,0.698262430585283,0.0006771757975451154
w007_fbr_vs_w007_hcr,w007_fbr,w007_hcr,internal_val,Coagulation,ccc,0.6318483706648416,0.6373710206136206,0.005522649948779046
w007_fbr_vs_w007_hcr,w007_fbr,w007_hcr,internal_val,Coagulation,z_rmse,0.6813390894372606,0.6789063322903447,0.0024327571469159315
w007_fbr_vs_w007_hcr,w007_fbr,w007_hcr,internal_val,Coagulation,ssim,,,
w007_fbr_vs_w007_hcr,w007_fbr,w007_hcr,internal_val,Coagulation,abs_moran_delta,0.1933311262918204,0.19406584721185846,-0.0007347209200380678
w007_fbr_vs_w007_hcr,w007_fbr,w007_hcr,internal_val,Oxidative_Phosphorylation,pcc,0.8288158045802712,0.8278508889248464,-0.0009649156554247806
w007_fbr_vs_w007_hcr,w007_fbr,w007_hcr,internal_val,Oxidative_Phosphorylation,ccc,0.8114553747733447,0.8102469174244509,-0.0012084573488938544
w007_fbr_vs_w007_hcr,w007_fbr,w007_hcr,internal_val,Oxidative_Phosphorylation,z_rmse,0.4247919817402946,0.4249890049527323,-0.00019702321243769694
w007_fbr_vs_w007_hcr,w007_fbr,w007_hcr,internal_val,Oxidative_Phosphorylation,ssim,,,
w007_fbr_vs_w007_hcr,w007_fbr,w007_hcr,internal_val,Oxidative_Phosphorylation,abs_moran_delta,0.09103630606445012,0.0903280694852892,0.0007082365791609285
w007_fbr_vs_w007_hcr,w007_fbr,w007_hcr,internal_val,Reactive_Oxygen_Species,pcc,0.47446347959183915,0.47445218813667306,-1.1291455166095865e-05
w007_fbr_vs_w007_hcr,w007_fbr,w007_hcr,internal_val,Reactive_Oxygen_Species,ccc,0.3979380076647532,0.3960715042497152,-0.0018665034150379678
w007_fbr_vs_w007_hcr,w007_fbr,w007_hcr,internal_val,Reactive_Oxygen_Species,z_rmse,0.737469892910978,0.7374250692640903,4.482364688762619e-05
w007_fbr_vs_w007_hcr,w007_fbr,w007_hcr,internal_val,Reactive_Oxygen_Species,ssim,,,
w007_fbr_vs_w007_hcr,w007_fbr,w007_hcr,internal_val,Reactive_Oxygen_Species,abs_moran_delta,0.3376747382244396,0.335698967256497,0.0019757709679426028
w007_fbr_vs_w007_hcr,w007_fbr,w007_hcr,internal_val,Wound_Healing,pcc,0.8164630498851642,0.817543976900908,0.0010809270157438045
w007_fbr_vs_w007_hcr,w007_fbr,w007_hcr,internal_val,Wound_Healing,ccc,0.7778112211731409,0.7837596489361376,0.005948427762996644
w007_fbr_vs_w007_hcr,w007_fbr,w007_hcr,internal_val,Wound_Healing,z_rmse,0.49050983847939794,0.48959160404145924,0.0009182344379387031
w007_fbr_vs_w007_hcr,w007_fbr,w007_hcr,internal_val,Wound_Healing,ssim,,,
w007_fbr_vs_w007_hcr,w007_fbr,w007_hcr,internal_val,Wound_Healing,abs_moran_delta,0.09646453988216996,0.0986838359929122,-0.0022192961107422304
w007_fbr_vs_w007_hcr,w007_fbr,w007_hcr,internal_val,Fibrosis,pcc,0.8510531372466119,0.8513452573265254,0.00029212007991352706
w007_fbr_vs_w007_hcr,w007_fbr,w007_hcr,internal_val,Fibrosis,ccc,0.818992681998148,0.8240344476756225,0.005041765677474497
w007_fbr_vs_w007_hcr,w007_fbr,w007_hcr,internal_val,Fibrosis,z_rmse,0.4646827161238271,0.46457169600778886,0.00011102011603825179
w007_fbr_vs_w007_hcr,w007_fbr,w007_hcr,internal_val,Fibrosis,ssim,,,
w007_fbr_vs_w007_hcr,w007_fbr,w007_hcr,internal_val,Fibrosis,abs_moran_delta,0.08960589506641992,0.08741865537923434,0.00218723968718558
w007_fbr_vs_w007_hcr,w007_fbr,w007_hcr,internal_val,MYC_Targets,pcc,0.8292577437130655,0.8285069540162444,-0.0007507896968210748
w007_fbr_vs_w007_hcr,w007_fbr,w007_hcr,internal_val,MYC_Targets,ccc,0.8010289170750085,0.8004126214298416,-0.0006162956451668533
w007_fbr_vs_w007_hcr,w007_fbr,w007_hcr,internal_val,MYC_Targets,z_rmse,0.42528007822452457,0.4247523959040673,0.0005276823204572456
w007_fbr_vs_w007_hcr,w007_fbr,w007_hcr,internal_val,MYC_Targets,ssim,,,
w007_fbr_vs_w007_hcr,w007_fbr,w007_hcr,internal_val,MYC_Targets,abs_moran_delta,0.07870121252977638,0.0775350106428525,0.0011662018869238872
w007_fbr_vs_w007_hcr,w007_fbr,w007_hcr,internal_val,E2F_Targets,pcc,0.7390683841691582,0.7376444514904209,-0.0014239326787373052
w007_fbr_vs_w007_hcr,w007_fbr,w007_hcr,internal_val,E2F_Targets,ccc,0.6953292550655036,0.6968864778091993,0.0015572227436957409
w007_fbr_vs_w007_hcr,w007_fbr,w007_hcr,internal_val,E2F_Targets,z_rmse,0.5670808854079826,0.5662251451702763,0.0008557402377062928
w007_fbr_vs_w007_hcr,w007_fbr,w007_hcr,internal_val,E2F_Targets,ssim,,,
w007_fbr_vs_w007_hcr,w007_fbr,w007_hcr,internal_val,E2F_Targets,abs_moran_delta,0.11748309822688581,0.11961598390688748,-0.002132885680001667
w007_fbr_vs_w007_hcr,w007_fbr,w007_hcr,internal_val,G2M_Checkpoint,pcc,0.7179303553631455,0.7167058856530475,-0.0012244697100980417
w007_fbr_vs_w007_hcr,w007_fbr,w007_hcr,internal_val,G2M_Checkpoint,ccc,0.665785767929186,0.6644930854365961,-0.0012926824925898472
w007_fbr_vs_w007_hcr,w007_fbr,w007_hcr,internal_val,G2M_Checkpoint,z_rmse,0.5883371391239535,0.5892416624951965,-0.0009045233712430267
w007_fbr_vs_w007_hcr,w007_fbr,w007_hcr,internal_val,G2M_Checkpoint,ssim,,,
w007_fbr_vs_w007_hcr,w007_fbr,w007_hcr,internal_val,G2M_Checkpoint,abs_moran_delta,0.12554359020412825,0.12684769886538136,-0.001304108661253106
w007_fbr_vs_w007_hcr,w007_fbr,w007_hcr,internal_val,Mitotic_Spindle,pcc,0.6935306906645754,0.6932956908478205,-0.00023499981675489945
w007_fbr_vs_w007_hcr,w007_fbr,w007_hcr,internal_val,Mitotic_Spindle,ccc,0.6337834096663623,0.6356715972933472,0.0018881876269849496
w007_fbr_vs_w007_hcr,w007_fbr,w007_hcr,internal_val,Mitotic_Spindle,z_rmse,0.6105177327952344,0.6097240007776642,0.000793732017570159
w007_fbr_vs_w007_hcr,w007_fbr,w007_hcr,internal_val,Mitotic_Spindle,ssim,,,
w007_fbr_vs_w007_hcr,w007_fbr,w007_hcr,internal_val,Mitotic_Spindle,abs_moran_delta,0.14336125348108766,0.13981548304603633,0.003545770435051332
w007_fbr_vs_w007_hcr,w007_fbr,w007_hcr,internal_val,Unfolded_Protein_Response,pcc,0.6211728306099541,0.6189947378136561,-0.0021780927962979924
w007_fbr_vs_w007_hcr,w007_fbr,w007_hcr,internal_val,Unfolded_Protein_Response,ccc,0.5585300872695559,0.5519818102298613,-0.006548277039694628
w007_fbr_vs_w007_hcr,w007_fbr,w007_hcr,internal_val,Unfolded_Protein_Response,z_rmse,0.5692845563496552,0.5683634136714121,0.0009211426782431698
w007_fbr_vs_w007_hcr,w007_fbr,w007_hcr,internal_val,Unfolded_Protein_Response,ssim,,,
w007_fbr_vs_w007_hcr,w007_fbr,w007_hcr,internal_val,Unfolded_Protein_Response,abs_moran_delta,0.28612214109424106,0.2793831324460447,0.006739008648196376
w007_fbr_vs_w007_hcr,w007_fbr,w007_hcr,internal_val,mTOR_Signaling,pcc,0.6915744575573654,0.6920324464674735,0.0004579889101081758
w007_fbr_vs_w007_hcr,w007_fbr,w007_hcr,internal_val,mTOR_Signaling,ccc,0.6455871025341106,0.6456708394543751,8.373692026453217e-05
w007_fbr_vs_w007_hcr,w007_fbr,w007_hcr,internal_val,mTOR_Signaling,z_rmse,0.5662227523410218,0.5655837888651979,0.0006389634758239282
w007_fbr_vs_w007_hcr,w007_fbr,w007_hcr,internal_val,mTOR_Signaling,ssim,,,
w007_fbr_vs_w007_hcr,w007_fbr,w007_hcr,internal_val,mTOR_Signaling,abs_moran_delta,0.27197467826582944,0.27120487560867984,0.0007698026571495986
w007_fbr_vs_w007_hcr,w007_fbr,w007_hcr,internal_val,Interferon_Alpha,pcc,0.584216430769739,0.5890821359881334,0.004865705218394467
w007_fbr_vs_w007_hcr,w007_fbr,w007_hcr,internal_val,Interferon_Alpha,ccc,0.5402254785861034,0.5454654335503895,0.0052399549642860865
w007_fbr_vs_w007_hcr,w007_fbr,w007_hcr,internal_val,Interferon_Alpha,z_rmse,0.5539491163274958,0.5526120231484023,0.0013370931790934737
w007_fbr_vs_w007_hcr,w007_fbr,w007_hcr,internal_val,Interferon_Alpha,ssim,,,
w007_fbr_vs_w007_hcr,w007_fbr,w007_hcr,internal_val,Interferon_Alpha,abs_moran_delta,0.11260666200431783,0.11712936890754377,-0.00452270690322594
w007_fbr_vs_w007_hcr,w007_fbr,w007_hcr,internal_val,Angiogenesis,pcc,0.765126659908957,0.7652772924400038,0.000150632531046746
w007_fbr_vs_w007_hcr,w007_fbr,w007_hcr,internal_val,Angiogenesis,ccc,0.7155390322275306,0.7165067002595212,0.000967668031990665
w007_fbr_vs_w007_hcr,w007_fbr,w007_hcr,internal_val,Angiogenesis,z_rmse,0.5971887770714653,0.5989647096666096,-0.0017759325951443028
w007_fbr_vs_w007_hcr,w007_fbr,w007_hcr,internal_val,Angiogenesis,ssim,,,
w007_fbr_vs_w007_hcr,w007_fbr,w007_hcr,internal_val,Angiogenesis,abs_moran_delta,0.09031921437556895,0.0890274022184644,0.001291812157104541
w007_fbr_vs_w007_hcr,w007_fbr,w007_hcr,internal_val,Apoptosis,pcc,0.5262266113946837,0.5249849928019682,-0.0012416185927155432
w007_fbr_vs_w007_hcr,w007_fbr,w007_hcr,internal_val,Apoptosis,ccc,0.45080349465672676,0.4465931245071275,-0.004210370149599241
w007_fbr_vs_w007_hcr,w007_fbr,w007_hcr,internal_val,Apoptosis,z_rmse,0.5973949768798318,0.5975234508270847,-0.00012847394725290506
w007_fbr_vs_w007_hcr,w007_fbr,w007_hcr,internal_val,Apoptosis,ssim,,,
w007_fbr_vs_w007_hcr,w007_fbr,w007_hcr,internal_val,Apoptosis,abs_moran_delta,0.33184217662318816,0.328447507124945,0.0033946694982431302
w007_fbr_vs_w007_hcr,w007_fbr,w007_hcr,internal_val,TNF_Signaling,pcc,0.6378026281280124,0.6392214367872096,0.0014188086591971905
w007_fbr_vs_w007_hcr,w007_fbr,w007_hcr,internal_val,TNF_Signaling,ccc,0.5778608981396444,0.5808411852026736,0.002980287063029219
w007_fbr_vs_w007_hcr,w007_fbr,w007_hcr,internal_val,TNF_Signaling,z_rmse,0.5727566307525193,0.5702791187206993,0.002477512031820006
w007_fbr_vs_w007_hcr,w007_fbr,w007_hcr,internal_val,TNF_Signaling,ssim,,,
w007_fbr_vs_w007_hcr,w007_fbr,w007_hcr,internal_val,TNF_Signaling,abs_moran_delta,0.13493162757649524,0.13508048935586736,-0.00014886177937212253
w007_fbr_vs_w007_hcr,w007_fbr,w007_hcr,internal_val,ECM_Organization,pcc,0.873342958318462,0.8743020767512949,0.0009591184328329172
w007_fbr_vs_w007_hcr,w007_fbr,w007_hcr,internal_val,ECM_Organization,ccc,0.8438368416311314,0.8482940350989333,0.004457193467801934
w007_fbr_vs_w007_hcr,w007_fbr,w007_hcr,internal_val,ECM_Organization,z_rmse,0.40673811455363434,0.40583486054497836,0.0009032540086559848
w007_fbr_vs_w007_hcr,w007_fbr,w007_hcr,internal_val,ECM_Organization,ssim,,,
w007_fbr_vs_w007_hcr,w007_fbr,w007_hcr,internal_val,ECM_Organization,abs_moran_delta,0.11339806806781694,0.11067282407795083,0.002725243989866108
w007_fbr_vs_w007_cpgcr,w007_fbr,w007_cpgcr,XZY,tls,pcc,0.6639869499026133,0.6718067114296821,0.007819761527068758
w007_fbr_vs_w007_cpgcr,w007_fbr,w007_cpgcr,XZY,tls,ccc,0.48896516533942985,0.501909768393782,0.012944603054352133
w007_fbr_vs_w007_cpgcr,w007_fbr,w007_cpgcr,XZY,tls,z_rmse,1.0692421538010195,1.0564121919496081,0.012829961851411387
w007_fbr_vs_w007_cpgcr,w007_fbr,w007_cpgcr,XZY,tls,ssim,0.20383804712079653,0.21314849661018076,0.009310449489384226
w007_fbr_vs_w007_cpgcr,w007_fbr,w007_cpgcr,XZY,tls,abs_moran_delta,0.035070697186690314,0.024396740420315588,0.010673956766374726
w007_fbr_vs_w007_cpgcr,w007_fbr,w007_cpgcr,XZY,tgfb,pcc,0.439034724192423,0.43497908016938086,-0.004055644023042149
w007_fbr_vs_w007_cpgcr,w007_fbr,w007_cpgcr,XZY,tgfb,ccc,0.31133037368135863,0.3314603991064229,0.020130025425064257
w007_fbr_vs_w007_cpgcr,w007_fbr,w007_cpgcr,XZY,tgfb,z_rmse,0.6268514356714918,0.6088947561576376,0.017956679513854268
w007_fbr_vs_w007_cpgcr,w007_fbr,w007_cpgcr,XZY,tgfb,ssim,0.1969250419648279,0.19737725194693162,0.0004522099821037129
w007_fbr_vs_w007_cpgcr,w007_fbr,w007_cpgcr,XZY,tgfb,abs_moran_delta,0.038450086943033146,0.04832176654283632,-0.009871679599803174
w007_fbr_vs_w007_cpgcr,w007_fbr,w007_cpgcr,XZY,emt,pcc,0.5918671411376281,0.5871946358110773,-0.004672505326550724
w007_fbr_vs_w007_cpgcr,w007_fbr,w007_cpgcr,XZY,emt,ccc,0.5298464376012474,0.5318578003357807,0.002011362734533284
w007_fbr_vs_w007_cpgcr,w007_fbr,w007_cpgcr,XZY,emt,z_rmse,0.5213707184129307,0.5250880542397866,-0.00371733582685585
w007_fbr_vs_w007_cpgcr,w007_fbr,w007_cpgcr,XZY,emt,ssim,0.5344392138500436,0.5319653432996245,-0.002473870550419033
w007_fbr_vs_w007_cpgcr,w007_fbr,w007_cpgcr,XZY,emt,abs_moran_delta,0.009527284979813144,0.006775522488570551,0.002751762491242593
w007_fbr_vs_w007_cpgcr,w007_fbr,w007_cpgcr,XZY,hypoxia,pcc,0.35557005549063403,0.35614842797183066,0.0005783724811966318
w007_fbr_vs_w007_cpgcr,w007_fbr,w007_cpgcr,XZY,hypoxia,ccc,0.32498261867857,0.32310794621653516,-0.001874672462034821
w007_fbr_vs_w007_cpgcr,w007_fbr,w007_cpgcr,XZY,hypoxia,z_rmse,0.5812582872436641,0.5849214792626168,-0.00366319201895271
w007_fbr_vs_w007_cpgcr,w007_fbr,w007_cpgcr,XZY,hypoxia,ssim,0.2645589742255373,0.2502260827981885,-0.014332891427348837
w007_fbr_vs_w007_cpgcr,w007_fbr,w007_cpgcr,XZY,hypoxia,abs_moran_delta,0.020704008756252834,0.0218428058184843,-0.001138797062231467
w007_fbr_vs_w007_cpgcr,w007_fbr,w007_cpgcr,XZY,mhc,pcc,0.5032254641886251,0.4989926981607809,-0.004232766027844226
w007_fbr_vs_w007_cpgcr,w007_fbr,w007_cpgcr,XZY,mhc,ccc,0.4296624890494552,0.41839811489046996,-0.011264374158985235
w007_fbr_vs_w007_cpgcr,w007_fbr,w007_cpgcr,XZY,mhc,z_rmse,0.37886740783939965,0.3773424326160495,0.0015249752233501557
w007_fbr_vs_w007_cpgcr,w007_fbr,w007_cpgcr,XZY,mhc,ssim,0.6812379828433616,0.6906751158507114,0.00943713300734983
w007_fbr_vs_w007_cpgcr,w007_fbr,w007_cpgcr,XZY,mhc,abs_moran_delta,0.052257858824007464,0.04183541672584534,0.010422442098162121
w007_fbr_vs_w007_cpgcr,w007_fbr,w007_cpgcr,XZY,icp,pcc,0.30584107545329736,0.31305036632395516,0.007209290870657803
w007_fbr_vs_w007_cpgcr,w007_fbr,w007_cpgcr,XZY,icp,ccc,0.16549434370982827,0.16850447088591403,0.0030101271760857584
w007_fbr_vs_w007_cpgcr,w007_fbr,w007_cpgcr,XZY,icp,z_rmse,1.4482992430419752,1.4377269251449263,0.010572317897048933
w007_fbr_vs_w007_cpgcr,w007_fbr,w007_cpgcr,XZY,icp,ssim,-0.08397933290687672,-0.08100565361786659,0.0029736792890101282
w007_fbr_vs_w007_cpgcr,w007_fbr,w007_cpgcr,XZY,icp,abs_moran_delta,0.34950420241683566,0.34691142681565434,0.0025927756011813186
w007_fbr_vs_w007_cpgcr,w007_fbr,w007_cpgcr,XZY,ifng,pcc,0.15060564397132303,0.18270118217359788,0.03209553820227484
w007_fbr_vs_w007_cpgcr,w007_fbr,w007_cpgcr,XZY,ifng,ccc,0.10251364826511088,0.12516071510827956,0.02264706684316868
w007_fbr_vs_w007_cpgcr,w007_fbr,w007_cpgcr,XZY,ifng,z_rmse,0.8185979344946854,0.7970295476376775,0.021568386857007904
w007_fbr_vs_w007_cpgcr,w007_fbr,w007_cpgcr,XZY,ifng,ssim,0.07766518606712816,0.1007612274714745,0.023096041404346332
w007_fbr_vs_w007_cpgcr,w007_fbr,w007_cpgcr,XZY,ifng,abs_moran_delta,0.07771298891727291,0.07440341475533752,0.0033095741619353913
w007_fbr_vs_w007_cpgcr,w007_fbr,w007_cpgcr,XZY,toxic,pcc,0.3802570827895441,0.37700650283484166,-0.0032505799547024594
w007_fbr_vs_w007_cpgcr,w007_fbr,w007_cpgcr,XZY,toxic,ccc,0.2877314677429608,0.283741991353282,-0.0039894763896788366
w007_fbr_vs_w007_cpgcr,w007_fbr,w007_cpgcr,XZY,toxic,z_rmse,1.0885989319612805,1.086649460730807,0.0019494712304735096
w007_fbr_vs_w007_cpgcr,w007_fbr,w007_cpgcr,XZY,toxic,ssim,0.11335460081018596,0.11185850658403401,-0.0014960942261519478
w007_fbr_vs_w007_cpgcr,w007_fbr,w007_cpgcr,XZY,toxic,abs_moran_delta,0.28710556310165525,0.2725828485308375,0.014522714570817774
w007_fbr_vs_w007_cpgcr,w007_fbr,w007_cpgcr,XZY,Glycolysis,pcc,0.6073809731412932,0.6033866460965068,-0.0039943270447864165
w007_fbr_vs_w007_cpgcr,w007_fbr,w007_cpgcr,XZY,Glycolysis,ccc,0.3712021755245671,0.34499941235904724,-0.026202763165519838
w007_fbr_vs_w007_cpgcr,w007_fbr,w007_cpgcr,XZY,Glycolysis,z_rmse,0.7016223014981928,0.7263385335974849,-0.02471623209929208
w007_fbr_vs_w007_cpgcr,w007_fbr,w007_cpgcr,XZY,Glycolysis,ssim,0.3327809035524702,0.32218239865248516,-0.01059850489998504
w007_fbr_vs_w007_cpgcr,w007_fbr,w007_cpgcr,XZY,Glycolysis,abs_moran_delta,0.11119802554960545,0.1205258997161971,-0.009327874166591643
w007_fbr_vs_w007_cpgcr,w007_fbr,w007_cpgcr,XZY,Inflammatory_Response,pcc,0.4489064153219139,0.4500202454356849,0.0011138301137710305
w007_fbr_vs_w007_cpgcr,w007_fbr,w007_cpgcr,XZY,Inflammatory_Response,ccc,0.3778511282159772,0.38306921744300826,0.005218089227031042
w007_fbr_vs_w007_cpgcr,w007_fbr,w007_cpgcr,XZY,Inflammatory_Response,z_rmse,0.9092948768940169,0.9099882462798826,-0.0006933693858657275
w007_fbr_vs_w007_cpgcr,w007_fbr,w007_cpgcr,XZY,Inflammatory_Response,ssim,0.20465968691927774,0.21207199579675642,0.007412308877478679
w007_fbr_vs_w007_cpgcr,w007_fbr,w007_cpgcr,XZY,Inflammatory_Response,abs_moran_delta,0.18218220902256688,0.17222891572720733,0.009953293295359544
w007_fbr_vs_w007_cpgcr,w007_fbr,w007_cpgcr,XZY,IL6_JAK_STAT3,pcc,0.5584903460611647,0.5557717354128574,-0.0027186106483072514
w007_fbr_vs_w007_cpgcr,w007_fbr,w007_cpgcr,XZY,IL6_JAK_STAT3,ccc,0.29359589005532943,0.2970219435691695,0.003426053513840066
w007_fbr_vs_w007_cpgcr,w007_fbr,w007_cpgcr,XZY,IL6_JAK_STAT3,z_rmse,0.7175418451159595,0.7093796321720575,0.00816221294390207
w007_fbr_vs_w007_cpgcr,w007_fbr,w007_cpgcr,XZY,IL6_JAK_STAT3,ssim,0.26308346432780916,0.2691617087502267,0.006078244422417556
w007_fbr_vs_w007_cpgcr,w007_fbr,w007_cpgcr,XZY,IL6_JAK_STAT3,abs_moran_delta,0.16453771523017985,0.1665732621248503,-0.002035546894670448
w007_fbr_vs_w007_cpgcr,w007_fbr,w007_cpgcr,XZY,P53_Pathway,pcc,0.561748167364237,0.5555036582947696,-0.0062445090694674965
w007_fbr_vs_w007_cpgcr,w007_fbr,w007_cpgcr,XZY,P53_Pathway,ccc,0.31375835515315226,0.3112664680601321,-0.002491887093020173
w007_fbr_vs_w007_cpgcr,w007_fbr,w007_cpgcr,XZY,P53_Pathway,z_rmse,0.8481608242840984,0.8521852241690925,-0.004024399884994034
w007_fbr_vs_w007_cpgcr,w007_fbr,w007_cpgcr,XZY,P53_Pathway,ssim,0.18889160031230054,0.18828929238753858,-0.0006023079247619578
w007_fbr_vs_w007_cpgcr,w007_fbr,w007_cpgcr,XZY,P53_Pathway,abs_moran_delta,0.024137804077569325,0.0222867511505358,0.0018510529270335252
w007_fbr_vs_w007_cpgcr,w007_fbr,w007_cpgcr,XZY,DNA_Damage_Response,pcc,0.5041214281619145,0.511122450933992,0.007001022772077481
w007_fbr_vs_w007_cpgcr,w007_fbr,w007_cpgcr,XZY,DNA_Damage_Response,ccc,0.3406315488289672,0.3551393431011073,0.014507794272140107
w007_fbr_vs_w007_cpgcr,w007_fbr,w007_cpgcr,XZY,DNA_Damage_Response,z_rmse,0.8800846850149687,0.8610198557140701,0.01906482930089859
w007_fbr_vs_w007_cpgcr,w007_fbr,w007_cpgcr,XZY,DNA_Damage_Response,ssim,0.33306943397019023,0.3434968398156385,0.010427405845448268
w007_fbr_vs_w007_cpgcr,w007_fbr,w007_cpgcr,XZY,DNA_Damage_Response,abs_moran_delta,0.03667498202601527,0.030496914979452727,0.006178067046562541
w007_fbr_vs_w007_cpgcr,w007_fbr,w007_cpgcr,XZY,Complement,pcc,0.36128577992886596,0.3631296826484457,0.0018439027195797375
w007_fbr_vs_w007_cpgcr,w007_fbr,w007_cpgcr,XZY,Complement,ccc,0.16981278067562486,0.17969066002354325,0.009877879347918395
w007_fbr_vs_w007_cpgcr,w007_fbr,w007_cpgcr,XZY,Complement,z_rmse,1.3397187323692878,1.3321445280015278,0.007574204367760018
w007_fbr_vs_w007_cpgcr,w007_fbr,w007_cpgcr,XZY,Complement,ssim,0.24180364531264217,0.2530799388217484,0.011276293509106222
w007_fbr_vs_w007_cpgcr,w007_fbr,w007_cpgcr,XZY,Complement,abs_moran_delta,0.09503945760145999,0.09097256589292002,0.004066891708539966
w007_fbr_vs_w007_cpgcr,w007_fbr,w007_cpgcr,XZY,Coagulation,pcc,0.4286053217271615,0.4320523744507945,0.003447052723632993
w007_fbr_vs_w007_cpgcr,w007_fbr,w007_cpgcr,XZY,Coagulation,ccc,0.3916308168673301,0.3961612221547233,0.0045304052873932354
w007_fbr_vs_w007_cpgcr,w007_fbr,w007_cpgcr,XZY,Coagulation,z_rmse,0.7103173336328013,0.7157926269208698,-0.005475293288068506
w007_fbr_vs_w007_cpgcr,w007_fbr,w007_cpgcr,XZY,Coagulation,ssim,0.18454642246845993,0.17460018174799932,-0.009946240720460603
w007_fbr_vs_w007_cpgcr,w007_fbr,w007_cpgcr,XZY,Coagulation,abs_moran_delta,0.028804404101013092,0.040657909736734,-0.011853505635720907
w007_fbr_vs_w007_cpgcr,w007_fbr,w007_cpgcr,XZY,Oxidative_Phosphorylation,pcc,0.7854307027829281,0.7820776602628036,-0.003353042520124583
w007_fbr_vs_w007_cpgcr,w007_fbr,w007_cpgcr,XZY,Oxidative_Phosphorylation,ccc,0.7563415015008274,0.7467250237996377,-0.009616477701189674
w007_fbr_vs_w007_cpgcr,w007_fbr,w007_cpgcr,XZY,Oxidative_Phosphorylation,z_rmse,0.3950025455142476,0.39952502741117274,-0.004522481896925112
w007_fbr_vs_w007_cpgcr,w007_fbr,w007_cpgcr,XZY,Oxidative_Phosphorylation,ssim,0.5332815177251108,0.5309350987157676,-0.0023464190093431814
w007_fbr_vs_w007_cpgcr,w007_fbr,w007_cpgcr,XZY,Oxidative_Phosphorylation,abs_moran_delta,0.10351264185276632,0.1106136031561632,-0.00710096130339688
w007_fbr_vs_w007_cpgcr,w007_fbr,w007_cpgcr,XZY,Reactive_Oxygen_Species,pcc,0.28059080737993636,0.26706024169958664,-0.013530565680349715
w007_fbr_vs_w007_cpgcr,w007_fbr,w007_cpgcr,XZY,Reactive_Oxygen_Species,ccc,0.15018356441329508,0.13921134463791082,-0.010972219775384262
w007_fbr_vs_w007_cpgcr,w007_fbr,w007_cpgcr,XZY,Reactive_Oxygen_Species,z_rmse,0.9028781937789014,0.9106187265827375,-0.00774053280383602
w007_fbr_vs_w007_cpgcr,w007_fbr,w007_cpgcr,XZY,Reactive_Oxygen_Species,ssim,0.10428250338429625,0.09968680928720265,-0.0045956940970935944
w007_fbr_vs_w007_cpgcr,w007_fbr,w007_cpgcr,XZY,Reactive_Oxygen_Species,abs_moran_delta,0.01266294356731651,0.0016527525253851594,0.01101019104193135
w007_fbr_vs_w007_cpgcr,w007_fbr,w007_cpgcr,XZY,Wound_Healing,pcc,0.6335773352404949,0.6344912154899494,0.0009138802494544906
w007_fbr_vs_w007_cpgcr,w007_fbr,w007_cpgcr,XZY,Wound_Healing,ccc,0.6027300109767235,0.6114976276699249,0.008767616693201363
w007_fbr_vs_w007_cpgcr,w007_fbr,w007_cpgcr,XZY,Wound_Healing,z_rmse,0.5109543326355832,0.5082442416931654,0.002710090942417809
w007_fbr_vs_w007_cpgcr,w007_fbr,w007_cpgcr,XZY,Wound_Healing,ssim,0.6433471295407813,0.646145821696925,0.0027986921561437006
w007_fbr_vs_w007_cpgcr,w007_fbr,w007_cpgcr,XZY,Wound_Healing,abs_moran_delta,0.1863335482543828,0.18077087953522464,0.00556266871915817
w007_fbr_vs_w007_cpgcr,w007_fbr,w007_cpgcr,XZY,Fibrosis,pcc,0.7206142801746659,0.7202696948452175,-0.00034458532944836584
w007_fbr_vs_w007_cpgcr,w007_fbr,w007_cpgcr,XZY,Fibrosis,ccc,0.6963613617878587,0.7036119590921718,0.0072505973043131
w007_fbr_vs_w007_cpgcr,w007_fbr,w007_cpgcr,XZY,Fibrosis,z_rmse,0.4848772725253984,0.48521838336742995,-0.0003411108420315334
w007_fbr_vs_w007_cpgcr,w007_fbr,w007_cpgcr,XZY,Fibrosis,ssim,0.6971264713985758,0.7000905753084562,0.0029641039098804445
w007_fbr_vs_w007_cpgcr,w007_fbr,w007_cpgcr,XZY,Fibrosis,abs_moran_delta,0.1390817277770885,0.13452653037705115,0.004555197400037347
w007_fbr_vs_w007_cpgcr,w007_fbr,w007_cpgcr,XZY,MYC_Targets,pcc,0.772968291068159,0.7732864008119109,0.00031810974375190426
w007_fbr_vs_w007_cpgcr,w007_fbr,w007_cpgcr,XZY,MYC_Targets,ccc,0.69115773123624,0.6819749993003535,-0.009182731935886479
w007_fbr_vs_w007_cpgcr,w007_fbr,w007_cpgcr,XZY,MYC_Targets,z_rmse,0.4013694707268194,0.4056026260429988,-0.0042331553161794044
w007_fbr_vs_w007_cpgcr,w007_fbr,w007_cpgcr,XZY,MYC_Targets,ssim,0.5704529351763383,0.5729438473340333,0.0024909121576949245
w007_fbr_vs_w007_cpgcr,w007_fbr,w007_cpgcr,XZY,MYC_Targets,abs_moran_delta,0.06488734532972296,0.07117530426194596,-0.006287958932223003
w007_fbr_vs_w007_cpgcr,w007_fbr,w007_cpgcr,XZY,E2F_Targets,pcc,0.633888229075229,0.6301931271572607,-0.003695101917968291
w007_fbr_vs_w007_cpgcr,w007_fbr,w007_cpgcr,XZY,E2F_Targets,ccc,0.4768330806063365,0.480092167091853,0.0032590864855164825
w007_fbr_vs_w007_cpgcr,w007_fbr,w007_cpgcr,XZY,E2F_Targets,z_rmse,0.7301029288301136,0.7243252309430006,0.00577769788711302
w007_fbr_vs_w007_cpgcr,w007_fbr,w007_cpgcr,XZY,E2F_Targets,ssim,0.44692350381022466,0.4521828233282648,0.005259319518040151
w007_fbr_vs_w007_cpgcr,w007_fbr,w007_cpgcr,XZY,E2F_Targets,abs_moran_delta,0.13499762263929405,0.13488744708752476,0.00011017555176928706
w007_fbr_vs_w007_cpgcr,w007_fbr,w007_cpgcr,XZY,G2M_Checkpoint,pcc,0.6742574776842368,0.6730528818834605,-0.0012045958007763646
w007_fbr_vs_w007_cpgcr,w007_fbr,w007_cpgcr,XZY,G2M_Checkpoint,ccc,0.41899216635585523,0.42828284951196316,0.009290683156107926
w007_fbr_vs_w007_cpgcr,w007_fbr,w007_cpgcr,XZY,G2M_Checkpoint,z_rmse,1.016458102263653,1.0015887353116841,0.014869366951968832
w007_fbr_vs_w007_cpgcr,w007_fbr,w007_cpgcr,XZY,G2M_Checkpoint,ssim,0.45377989007015423,0.4641618311588364,0.010381941088682178
w007_fbr_vs_w007_cpgcr,w007_fbr,w007_cpgcr,XZY,G2M_Checkpoint,abs_moran_delta,0.12095150715849345,0.12365198886020723,-0.002700481701713775
w007_fbr_vs_w007_cpgcr,w007_fbr,w007_cpgcr,XZY,Mitotic_Spindle,pcc,0.6354781675326147,0.6345223602927819,-0.0009558072398327955
w007_fbr_vs_w007_cpgcr,w007_fbr,w007_cpgcr,XZY,Mitotic_Spindle,ccc,0.4163733082304922,0.42818418539846,0.011810877167967804
w007_fbr_vs_w007_cpgcr,w007_fbr,w007_cpgcr,XZY,Mitotic_Spindle,z_rmse,0.9756388916938523,0.9563297123594298,0.019309179334422555
w007_fbr_vs_w007_cpgcr,w007_fbr,w007_cpgcr,XZY,Mitotic_Spindle,ssim,0.43616960814270694,0.4484521602085216,0.012282552065814634
w007_fbr_vs_w007_cpgcr,w007_fbr,w007_cpgcr,XZY,Mitotic_Spindle,abs_moran_delta,0.08304256818007988,0.0881177596006697,-0.00507519142058982
w007_fbr_vs_w007_cpgcr,w007_fbr,w007_cpgcr,XZY,Unfolded_Protein_Response,pcc,0.6025634469265497,0.5894664294390293,-0.013097017487520457
w007_fbr_vs_w007_cpgcr,w007_fbr,w007_cpgcr,XZY,Unfolded_Protein_Response,ccc,0.4306072294094899,0.39408786990586003,-0.03651935950362989
w007_fbr_vs_w007_cpgcr,w007_fbr,w007_cpgcr,XZY,Unfolded_Protein_Response,z_rmse,0.6411878107435587,0.6736685813394692,-0.03248077059591048
w007_fbr_vs_w007_cpgcr,w007_fbr,w007_cpgcr,XZY,Unfolded_Protein_Response,ssim,0.313738040712482,0.30364053795819157,-0.010097502754290444
w007_fbr_vs_w007_cpgcr,w007_fbr,w007_cpgcr,XZY,Unfolded_Protein_Response,abs_moran_delta,0.16308556117227402,0.18150120545899617,-0.018415644286722155
w007_fbr_vs_w007_cpgcr,w007_fbr,w007_cpgcr,XZY,mTOR_Signaling,pcc,0.6623655710330237,0.6593114769853379,-0.0030540940476858625
w007_fbr_vs_w007_cpgcr,w007_fbr,w007_cpgcr,XZY,mTOR_Signaling,ccc,0.5919558932749509,0.5892024415491054,-0.0027534517258455127
w007_fbr_vs_w007_cpgcr,w007_fbr,w007_cpgcr,XZY,mTOR_Signaling,z_rmse,0.5120760742403915,0.5127727138282435,-0.0006966395878520437
w007_fbr_vs_w007_cpgcr,w007_fbr,w007_cpgcr,XZY,mTOR_Signaling,ssim,0.3748468426955124,0.37178347101198994,-0.0030633716835224423
w007_fbr_vs_w007_cpgcr,w007_fbr,w007_cpgcr,XZY,mTOR_Signaling,abs_moran_delta,0.04769616182613845,0.04265262404900305,0.005043537777135398
w007_fbr_vs_w007_cpgcr,w007_fbr,w007_cpgcr,XZY,Interferon_Alpha,pcc,0.21723213402714392,0.21467767585471106,-0.0025544581724328552
w007_fbr_vs_w007_cpgcr,w007_fbr,w007_cpgcr,XZY,Interferon_Alpha,ccc,0.06091711776052003,0.06376838666874911,0.0028512689082290793
w007_fbr_vs_w007_cpgcr,w007_fbr,w007_cpgcr,XZY,Interferon_Alpha,z_rmse,1.1414282822026758,1.1046502665524665,0.03677801565020933
w007_fbr_vs_w007_cpgcr,w007_fbr,w007_cpgcr,XZY,Interferon_Alpha,ssim,-0.09819135326511134,-0.07565997714925465,0.02253137611585669
w007_fbr_vs_w007_cpgcr,w007_fbr,w007_cpgcr,XZY,Interferon_Alpha,abs_moran_delta,0.2729590671768161,0.25890630922778796,0.01405275794902816
w007_fbr_vs_w007_cpgcr,w007_fbr,w007_cpgcr,XZY,Angiogenesis,pcc,0.6370193717625345,0.6379964083833894,0.0009770366208549097
w007_fbr_vs_w007_cpgcr,w007_fbr,w007_cpgcr,XZY,Angiogenesis,ccc,0.5232138560869393,0.5099617042769237,-0.0132521518100156
w007_fbr_vs_w007_cpgcr,w007_fbr,w007_cpgcr,XZY,Angiogenesis,z_rmse,0.8464886078876868,0.8754930102496186,-0.029004402361931803
w007_fbr_vs_w007_cpgcr,w007_fbr,w007_cpgcr,XZY,Angiogenesis,ssim,-0.016338309997133055,-0.054569596111342794,-0.03823128611420974
w007_fbr_vs_w007_cpgcr,w007_fbr,w007_cpgcr,XZY,Angiogenesis,abs_moran_delta,0.11679731905110996,0.11189499698511446,0.004902322065995501
w007_fbr_vs_w007_cpgcr,w007_fbr,w007_cpgcr,XZY,Apoptosis,pcc,0.4252418035880821,0.42810526650553643,0.002863462917454318
w007_fbr_vs_w007_cpgcr,w007_fbr,w007_cpgcr,XZY,Apoptosis,ccc,0.3362577837064711,0.3341866284897233,-0.0020711552167477776
w007_fbr_vs_w007_cpgcr,w007_fbr,w007_cpgcr,XZY,Apoptosis,z_rmse,0.6230293629887141,0.6237694747937654,-0.0007401118050512911
w007_fbr_vs_w007_cpgcr,w007_fbr,w007_cpgcr,XZY,Apoptosis,ssim,0.19678440277030967,0.19640368636908564,-0.0003807164012240294
w007_fbr_vs_w007_cpgcr,w007_fbr,w007_cpgcr,XZY,Apoptosis,abs_moran_delta,0.02363753768580279,0.02650237049830728,-0.002864832812504492
w007_fbr_vs_w007_cpgcr,w007_fbr,w007_cpgcr,XZY,TNF_Signaling,pcc,0.30415236508730525,0.29689419688792734,-0.007258168199377912
w007_fbr_vs_w007_cpgcr,w007_fbr,w007_cpgcr,XZY,TNF_Signaling,ccc,0.20270686097004487,0.20139472659360175,-0.0013121343764431193
w007_fbr_vs_w007_cpgcr,w007_fbr,w007_cpgcr,XZY,TNF_Signaling,z_rmse,0.7571257775297362,0.7629175891119878,-0.005791811582251616
w007_fbr_vs_w007_cpgcr,w007_fbr,w007_cpgcr,XZY,TNF_Signaling,ssim,0.18088980627615425,0.17457308831558385,-0.0063167179605704005
w007_fbr_vs_w007_cpgcr,w007_fbr,w007_cpgcr,XZY,TNF_Signaling,abs_moran_delta,0.08845906742939286,0.07236494541182792,0.016094122017564938
w007_fbr_vs_w007_cpgcr,w007_fbr,w007_cpgcr,XZY,ECM_Organization,pcc,0.7352796469027839,0.7352060093363542,-7.363756642975172e-05
w007_fbr_vs_w007_cpgcr,w007_fbr,w007_cpgcr,XZY,ECM_Organization,ccc,0.7121056042931119,0.7146093609584416,0.0025037566653297594
w007_fbr_vs_w007_cpgcr,w007_fbr,w007_cpgcr,XZY,ECM_Organization,z_rmse,0.4382925992884713,0.4441904924492531,-0.00589789316078182
w007_fbr_vs_w007_cpgcr,w007_fbr,w007_cpgcr,XZY,ECM_Organization,ssim,0.707291471568408,0.7093845543839509,0.0020930828155428793
w007_fbr_vs_w007_cpgcr,w007_fbr,w007_cpgcr,XZY,ECM_Organization,abs_moran_delta,0.1577167864115327,0.15284404230401188,0.00487274410752081
w007_fbr_vs_w007_cpgcr,w007_fbr,w007_cpgcr,internal_val,tls,pcc,0.7533012725492164,0.755725308166688,0.0024240356174716204
w007_fbr_vs_w007_cpgcr,w007_fbr,w007_cpgcr,internal_val,tls,ccc,0.6935770640125404,0.6963133392509407,0.0027362752384003652
w007_fbr_vs_w007_cpgcr,w007_fbr,w007_cpgcr,internal_val,tls,z_rmse,0.5427234511607598,0.5410073268685811,0.0017161242921787112
w007_fbr_vs_w007_cpgcr,w007_fbr,w007_cpgcr,internal_val,tls,ssim,,,
w007_fbr_vs_w007_cpgcr,w007_fbr,w007_cpgcr,internal_val,tls,abs_moran_delta,0.13840022976561547,0.13760746971297066,0.0007927600526448086
w007_fbr_vs_w007_cpgcr,w007_fbr,w007_cpgcr,internal_val,tgfb,pcc,0.5322034103546749,0.5351845346648123,0.0029811243101374174
w007_fbr_vs_w007_cpgcr,w007_fbr,w007_cpgcr,internal_val,tgfb,ccc,0.41994522307633847,0.4305157632042616,0.010570540127923134
w007_fbr_vs_w007_cpgcr,w007_fbr,w007_cpgcr,internal_val,tgfb,z_rmse,0.6607324350746788,0.6574170841257261,0.0033153509489527444
w007_fbr_vs_w007_cpgcr,w007_fbr,w007_cpgcr,internal_val,tgfb,ssim,,,
w007_fbr_vs_w007_cpgcr,w007_fbr,w007_cpgcr,internal_val,tgfb,abs_moran_delta,0.2206667785639479,0.2301996858939077,-0.009532907329959817
w007_fbr_vs_w007_cpgcr,w007_fbr,w007_cpgcr,internal_val,emt,pcc,0.7226069431603768,0.7232469298138442,0.0006399866534674281
w007_fbr_vs_w007_cpgcr,w007_fbr,w007_cpgcr,internal_val,emt,ccc,0.6816450761529786,0.6848549254095961,0.003209849256617492
w007_fbr_vs_w007_cpgcr,w007_fbr,w007_cpgcr,internal_val,emt,z_rmse,0.5913969277192881,0.592447237735454,-0.0010503100161659562
w007_fbr_vs_w007_cpgcr,w007_fbr,w007_cpgcr,internal_val,emt,ssim,,,
w007_fbr_vs_w007_cpgcr,w007_fbr,w007_cpgcr,internal_val,emt,abs_moran_delta,0.18225974434087366,0.18511755615623807,-0.0028578118153644028
w007_fbr_vs_w007_cpgcr,w007_fbr,w007_cpgcr,internal_val,hypoxia,pcc,0.6634799081554914,0.666684298547059,0.003204390391567613
w007_fbr_vs_w007_cpgcr,w007_fbr,w007_cpgcr,internal_val,hypoxia,ccc,0.6006061697739127,0.6094918723489066,0.008885702574993881
w007_fbr_vs_w007_cpgcr,w007_fbr,w007_cpgcr,internal_val,hypoxia,z_rmse,0.6228953945961706,0.6179299057804636,0.00496548881570702
w007_fbr_vs_w007_cpgcr,w007_fbr,w007_cpgcr,internal_val,hypoxia,ssim,,,
w007_fbr_vs_w007_cpgcr,w007_fbr,w007_cpgcr,internal_val,hypoxia,abs_moran_delta,0.1438266298526387,0.14691188518748866,-0.0030852553348499623
w007_fbr_vs_w007_cpgcr,w007_fbr,w007_cpgcr,internal_val,mhc,pcc,0.4459136582577285,0.4455237519093458,-0.000389906348382707
w007_fbr_vs_w007_cpgcr,w007_fbr,w007_cpgcr,internal_val,mhc,ccc,0.36688847012905473,0.3612585062498174,-0.00562996387923731
w007_fbr_vs_w007_cpgcr,w007_fbr,w007_cpgcr,internal_val,mhc,z_rmse,0.5940502894833316,0.5907684105011275,0.0032818789822041117
w007_fbr_vs_w007_cpgcr,w007_fbr,w007_cpgcr,internal_val,mhc,ssim,,,
w007_fbr_vs_w007_cpgcr,w007_fbr,w007_cpgcr,internal_val,mhc,abs_moran_delta,0.3157181119755803,0.29823236634022815,0.017485745635352157
w007_fbr_vs_w007_cpgcr,w007_fbr,w007_cpgcr,internal_val,icp,pcc,0.46976403403267836,0.4714046574519905,0.0016406234193121483
w007_fbr_vs_w007_cpgcr,w007_fbr,w007_cpgcr,internal_val,icp,ccc,0.39133546308356526,0.38822961803985034,-0.0031058450437149165
w007_fbr_vs_w007_cpgcr,w007_fbr,w007_cpgcr,internal_val,icp,z_rmse,0.8931390874949557,0.8924641260595331,0.0006749614354226718
w007_fbr_vs_w007_cpgcr,w007_fbr,w007_cpgcr,internal_val,icp,ssim,,,
w007_fbr_vs_w007_cpgcr,w007_fbr,w007_cpgcr,internal_val,icp,abs_moran_delta,0.266910851116848,0.25332715062381833,0.013583700493029649
w007_fbr_vs_w007_cpgcr,w007_fbr,w007_cpgcr,internal_val,ifng,pcc,0.44132991484000206,0.4574266423601468,0.016096727520144738
w007_fbr_vs_w007_cpgcr,w007_fbr,w007_cpgcr,internal_val,ifng,ccc,0.36762018839703486,0.3806255406948597,0.013005352297824846
w007_fbr_vs_w007_cpgcr,w007_fbr,w007_cpgcr,internal_val,ifng,z_rmse,0.7474844930539378,0.7422305842034983,0.005253908850439526
w007_fbr_vs_w007_cpgcr,w007_fbr,w007_cpgcr,internal_val,ifng,ssim,,,
w007_fbr_vs_w007_cpgcr,w007_fbr,w007_cpgcr,internal_val,ifng,abs_moran_delta,0.11083316443226714,0.11825862843636291,-0.007425464004095772
w007_fbr_vs_w007_cpgcr,w007_fbr,w007_cpgcr,internal_val,toxic,pcc,0.5875494761857399,0.5833990827906624,-0.004150393395077501
w007_fbr_vs_w007_cpgcr,w007_fbr,w007_cpgcr,internal_val,toxic,ccc,0.5123145314331854,0.5068759676815862,-0.005438563751599235
w007_fbr_vs_w007_cpgcr,w007_fbr,w007_cpgcr,internal_val,toxic,z_rmse,0.7606388758536674,0.759401458833168,0.0012374170204993984
w007_fbr_vs_w007_cpgcr,w007_fbr,w007_cpgcr,internal_val,toxic,ssim,,,
w007_fbr_vs_w007_cpgcr,w007_fbr,w007_cpgcr,internal_val,toxic,abs_moran_delta,0.20238382445790606,0.19349428896826507,0.008889535489640998
w007_fbr_vs_w007_cpgcr,w007_fbr,w007_cpgcr,internal_val,Glycolysis,pcc,0.7424509776031242,0.7429658282360478,0.0005148506329236691
w007_fbr_vs_w007_cpgcr,w007_fbr,w007_cpgcr,internal_val,Glycolysis,ccc,0.6976755457519794,0.6963306085868496,-0.0013449371651298447
w007_fbr_vs_w007_cpgcr,w007_fbr,w007_cpgcr,internal_val,Glycolysis,z_rmse,0.5292844111040774,0.5283682984295626,0.0009161126745148573
w007_fbr_vs_w007_cpgcr,w007_fbr,w007_cpgcr,internal_val,Glycolysis,ssim,,,
w007_fbr_vs_w007_cpgcr,w007_fbr,w007_cpgcr,internal_val,Glycolysis,abs_moran_delta,0.08905957805913411,0.08824966421379203,0.0008099138453420834
w007_fbr_vs_w007_cpgcr,w007_fbr,w007_cpgcr,internal_val,Inflammatory_Response,pcc,0.6968772315007442,0.7005329587118849,0.0036557272111407135
w007_fbr_vs_w007_cpgcr,w007_fbr,w007_cpgcr,internal_val,Inflammatory_Response,ccc,0.6108127333635799,0.6150790748899971,0.00426634152641725
w007_fbr_vs_w007_cpgcr,w007_fbr,w007_cpgcr,internal_val,Inflammatory_Response,z_rmse,0.6253587789932831,0.6188455937251514,0.006513185268131716
w007_fbr_vs_w007_cpgcr,w007_fbr,w007_cpgcr,internal_val,Inflammatory_Response,ssim,,,
w007_fbr_vs_w007_cpgcr,w007_fbr,w007_cpgcr,internal_val,Inflammatory_Response,abs_moran_delta,0.07110169831311253,0.07025957254088928,0.0008421257722232428
w007_fbr_vs_w007_cpgcr,w007_fbr,w007_cpgcr,internal_val,IL6_JAK_STAT3,pcc,0.696839482506157,0.701638580995329,0.004799098489172038
w007_fbr_vs_w007_cpgcr,w007_fbr,w007_cpgcr,internal_val,IL6_JAK_STAT3,ccc,0.6375713772572814,0.6484547440750635,0.010883366817782125
w007_fbr_vs_w007_cpgcr,w007_fbr,w007_cpgcr,internal_val,IL6_JAK_STAT3,z_rmse,0.5137835949751505,0.5088061621165229,0.004977432858627617
w007_fbr_vs_w007_cpgcr,w007_fbr,w007_cpgcr,internal_val,IL6_JAK_STAT3,ssim,,,
w007_fbr_vs_w007_cpgcr,w007_fbr,w007_cpgcr,internal_val,IL6_JAK_STAT3,abs_moran_delta,0.12279717909155345,0.12737058267796764,-0.004573403586414185
w007_fbr_vs_w007_cpgcr,w007_fbr,w007_cpgcr,internal_val,P53_Pathway,pcc,0.5958256802835644,0.595457584527728,-0.0003680957558364062
w007_fbr_vs_w007_cpgcr,w007_fbr,w007_cpgcr,internal_val,P53_Pathway,ccc,0.5414655679999446,0.5410999946741798,-0.00036557332576481194
w007_fbr_vs_w007_cpgcr,w007_fbr,w007_cpgcr,internal_val,P53_Pathway,z_rmse,0.6216105031345146,0.6244857175191837,-0.002875214384669089
w007_fbr_vs_w007_cpgcr,w007_fbr,w007_cpgcr,internal_val,P53_Pathway,ssim,,,
w007_fbr_vs_w007_cpgcr,w007_fbr,w007_cpgcr,internal_val,P53_Pathway,abs_moran_delta,0.28437758948092645,0.2855227671723953,-0.0011451776914688239
w007_fbr_vs_w007_cpgcr,w007_fbr,w007_cpgcr,internal_val,DNA_Damage_Response,pcc,0.5876478090683749,0.590180608978709,0.0025327999103341714
w007_fbr_vs_w007_cpgcr,w007_fbr,w007_cpgcr,internal_val,DNA_Damage_Response,ccc,0.47624634540433525,0.4822755049199283,0.006029159515593074
w007_fbr_vs_w007_cpgcr,w007_fbr,w007_cpgcr,internal_val,DNA_Damage_Response,z_rmse,0.6795117768418598,0.6745026021780118,0.005009174663847982
w007_fbr_vs_w007_cpgcr,w007_fbr,w007_cpgcr,internal_val,DNA_Damage_Response,ssim,,,
w007_fbr_vs_w007_cpgcr,w007_fbr,w007_cpgcr,internal_val,DNA_Damage_Response,abs_moran_delta,0.28416307407387814,0.2861961090433127,-0.0020330349694345773
w007_fbr_vs_w007_cpgcr,w007_fbr,w007_cpgcr,internal_val,Complement,pcc,0.737656751214179,0.7384653835741763,0.0008086323599973966
w007_fbr_vs_w007_cpgcr,w007_fbr,w007_cpgcr,internal_val,Complement,ccc,0.6706598331617082,0.6768755460111758,0.006215712849467647
w007_fbr_vs_w007_cpgcr,w007_fbr,w007_cpgcr,internal_val,Complement,z_rmse,0.6426656307828792,0.6407007869337268,0.001964843849152409
w007_fbr_vs_w007_cpgcr,w007_fbr,w007_cpgcr,internal_val,Complement,ssim,,,
w007_fbr_vs_w007_cpgcr,w007_fbr,w007_cpgcr,internal_val,Complement,abs_moran_delta,0.09959429890447981,0.10784949523784111,-0.008255196333361303
w007_fbr_vs_w007_cpgcr,w007_fbr,w007_cpgcr,internal_val,Coagulation,pcc,0.6975852547877379,0.6994476197472236,0.0018623649594856628
w007_fbr_vs_w007_cpgcr,w007_fbr,w007_cpgcr,internal_val,Coagulation,ccc,0.6318483706648416,0.6368517557919314,0.0050033851270898655
w007_fbr_vs_w007_cpgcr,w007_fbr,w007_cpgcr,internal_val,Coagulation,z_rmse,0.6813390894372606,0.6768779156222345,0.004461173815026087
w007_fbr_vs_w007_cpgcr,w007_fbr,w007_cpgcr,internal_val,Coagulation,ssim,,,
w007_fbr_vs_w007_cpgcr,w007_fbr,w007_cpgcr,internal_val,Coagulation,abs_moran_delta,0.1933311262918204,0.19183026167254114,0.0015008646192792574
w007_fbr_vs_w007_cpgcr,w007_fbr,w007_cpgcr,internal_val,Oxidative_Phosphorylation,pcc,0.8288158045802712,0.8263167232554861,-0.0024990813247850463
w007_fbr_vs_w007_cpgcr,w007_fbr,w007_cpgcr,internal_val,Oxidative_Phosphorylation,ccc,0.8114553747733447,0.8085792361493662,-0.002876138623978508
w007_fbr_vs_w007_cpgcr,w007_fbr,w007_cpgcr,internal_val,Oxidative_Phosphorylation,z_rmse,0.4247919817402946,0.42700334130806855,-0.002211359567773963
w007_fbr_vs_w007_cpgcr,w007_fbr,w007_cpgcr,internal_val,Oxidative_Phosphorylation,ssim,,,
w007_fbr_vs_w007_cpgcr,w007_fbr,w007_cpgcr,internal_val,Oxidative_Phosphorylation,abs_moran_delta,0.09103630606445012,0.08796791990727004,0.003068386157180081
w007_fbr_vs_w007_cpgcr,w007_fbr,w007_cpgcr,internal_val,Reactive_Oxygen_Species,pcc,0.47446347959183915,0.47514201131712147,0.0006785317252823164
w007_fbr_vs_w007_cpgcr,w007_fbr,w007_cpgcr,internal_val,Reactive_Oxygen_Species,ccc,0.3979380076647532,0.3961016634447978,-0.001836344219955377
w007_fbr_vs_w007_cpgcr,w007_fbr,w007_cpgcr,internal_val,Reactive_Oxygen_Species,z_rmse,0.737469892910978,0.7371192325689688,0.00035066034200914586
w007_fbr_vs_w007_cpgcr,w007_fbr,w007_cpgcr,internal_val,Reactive_Oxygen_Species,ssim,,,
w007_fbr_vs_w007_cpgcr,w007_fbr,w007_cpgcr,internal_val,Reactive_Oxygen_Species,abs_moran_delta,0.3376747382244396,0.3368855211247553,0.0007892170996843251
w007_fbr_vs_w007_cpgcr,w007_fbr,w007_cpgcr,internal_val,Wound_Healing,pcc,0.8164630498851642,0.8190864236846187,0.0026233737994545425
w007_fbr_vs_w007_cpgcr,w007_fbr,w007_cpgcr,internal_val,Wound_Healing,ccc,0.7778112211731409,0.7842097278351302,0.006398506661989267
w007_fbr_vs_w007_cpgcr,w007_fbr,w007_cpgcr,internal_val,Wound_Healing,z_rmse,0.49050983847939794,0.48835144273874337,0.002158395740654573
w007_fbr_vs_w007_cpgcr,w007_fbr,w007_cpgcr,internal_val,Wound_Healing,ssim,,,
w007_fbr_vs_w007_cpgcr,w007_fbr,w007_cpgcr,internal_val,Wound_Healing,abs_moran_delta,0.09646453988216996,0.10085147632818454,-0.0043869364460145804
w007_fbr_vs_w007_cpgcr,w007_fbr,w007_cpgcr,internal_val,Fibrosis,pcc,0.8510531372466119,0.8521744320646222,0.0011212948180102655
w007_fbr_vs_w007_cpgcr,w007_fbr,w007_cpgcr,internal_val,Fibrosis,ccc,0.818992681998148,0.8237858842675809,0.004793202269432917
w007_fbr_vs_w007_cpgcr,w007_fbr,w007_cpgcr,internal_val,Fibrosis,z_rmse,0.4646827161238271,0.46457272366087426,0.00010999246295284593
w007_fbr_vs_w007_cpgcr,w007_fbr,w007_cpgcr,internal_val,Fibrosis,ssim,,,
w007_fbr_vs_w007_cpgcr,w007_fbr,w007_cpgcr,internal_val,Fibrosis,abs_moran_delta,0.08960589506641992,0.08745474570432178,0.0021511493620981342
w007_fbr_vs_w007_cpgcr,w007_fbr,w007_cpgcr,internal_val,MYC_Targets,pcc,0.8292577437130655,0.8291253542953614,-0.00013238941770410406
w007_fbr_vs_w007_cpgcr,w007_fbr,w007_cpgcr,internal_val,MYC_Targets,ccc,0.8010289170750085,0.8024520278697359,0.0014231107947274557
w007_fbr_vs_w007_cpgcr,w007_fbr,w007_cpgcr,internal_val,MYC_Targets,z_rmse,0.42528007822452457,0.42387612829814564,0.0014039499263789335
w007_fbr_vs_w007_cpgcr,w007_fbr,w007_cpgcr,internal_val,MYC_Targets,ssim,,,
w007_fbr_vs_w007_cpgcr,w007_fbr,w007_cpgcr,internal_val,MYC_Targets,abs_moran_delta,0.07870121252977638,0.0777085057089167,0.0009927068208596818
w007_fbr_vs_w007_cpgcr,w007_fbr,w007_cpgcr,internal_val,E2F_Targets,pcc,0.7390683841691582,0.7372005672008156,-0.001867816968342595
w007_fbr_vs_w007_cpgcr,w007_fbr,w007_cpgcr,internal_val,E2F_Targets,ccc,0.6953292550655036,0.6968520308327221,0.0015227757672184872
w007_fbr_vs_w007_cpgcr,w007_fbr,w007_cpgcr,internal_val,E2F_Targets,z_rmse,0.5670808854079826,0.566908830223846,0.00017205518413665466
w007_fbr_vs_w007_cpgcr,w007_fbr,w007_cpgcr,internal_val,E2F_Targets,ssim,,,
w007_fbr_vs_w007_cpgcr,w007_fbr,w007_cpgcr,internal_val,E2F_Targets,abs_moran_delta,0.11748309822688581,0.12021566887796498,-0.0027325706510791664
w007_fbr_vs_w007_cpgcr,w007_fbr,w007_cpgcr,internal_val,G2M_Checkpoint,pcc,0.7179303553631455,0.7160364503191877,-0.001893905043957811
w007_fbr_vs_w007_cpgcr,w007_fbr,w007_cpgcr,internal_val,G2M_Checkpoint,ccc,0.665785767929186,0.6647230377601999,-0.001062730168986059
w007_fbr_vs_w007_cpgcr,w007_fbr,w007_cpgcr,internal_val,G2M_Checkpoint,z_rmse,0.5883371391239535,0.5896116217841754,-0.0012744826602218984
w007_fbr_vs_w007_cpgcr,w007_fbr,w007_cpgcr,internal_val,G2M_Checkpoint,ssim,,,
w007_fbr_vs_w007_cpgcr,w007_fbr,w007_cpgcr,internal_val,G2M_Checkpoint,abs_moran_delta,0.12554359020412825,0.12374785498228134,0.0017957352218469086
w007_fbr_vs_w007_cpgcr,w007_fbr,w007_cpgcr,internal_val,Mitotic_Spindle,pcc,0.6935306906645754,0.6918566983754535,-0.0016739922891219061
w007_fbr_vs_w007_cpgcr,w007_fbr,w007_cpgcr,internal_val,Mitotic_Spindle,ccc,0.6337834096663623,0.6349204776153768,0.0011370679490145807
w007_fbr_vs_w007_cpgcr,w007_fbr,w007_cpgcr,internal_val,Mitotic_Spindle,z_rmse,0.6105177327952344,0.6106297419508979,-0.00011200915566356162
w007_fbr_vs_w007_cpgcr,w007_fbr,w007_cpgcr,internal_val,Mitotic_Spindle,ssim,,,
w007_fbr_vs_w007_cpgcr,w007_fbr,w007_cpgcr,internal_val,Mitotic_Spindle,abs_moran_delta,0.14336125348108766,0.13841399451418213,0.004947258966905538
w007_fbr_vs_w007_cpgcr,w007_fbr,w007_cpgcr,internal_val,Unfolded_Protein_Response,pcc,0.6211728306099541,0.6193327414438047,-0.0018400891661494168
w007_fbr_vs_w007_cpgcr,w007_fbr,w007_cpgcr,internal_val,Unfolded_Protein_Response,ccc,0.5585300872695559,0.5532889510664384,-0.005241136203117502
w007_fbr_vs_w007_cpgcr,w007_fbr,w007_cpgcr,internal_val,Unfolded_Protein_Response,z_rmse,0.5692845563496552,0.5681684538702013,0.0011161024794539287
w007_fbr_vs_w007_cpgcr,w007_fbr,w007_cpgcr,internal_val,Unfolded_Protein_Response,ssim,,,
w007_fbr_vs_w007_cpgcr,w007_fbr,w007_cpgcr,internal_val,Unfolded_Protein_Response,abs_moran_delta,0.28612214109424106,0.2783002025879173,0.007821938506323733
w007_fbr_vs_w007_cpgcr,w007_fbr,w007_cpgcr,internal_val,mTOR_Signaling,pcc,0.6915744575573654,0.6913076158050383,-0.00026684175232705165
w007_fbr_vs_w007_cpgcr,w007_fbr,w007_cpgcr,internal_val,mTOR_Signaling,ccc,0.6455871025341106,0.6453974560446779,-0.00018964648943264883
w007_fbr_vs_w007_cpgcr,w007_fbr,w007_cpgcr,internal_val,mTOR_Signaling,z_rmse,0.5662227523410218,0.565455836347179,0.0007669159938428205
w007_fbr_vs_w007_cpgcr,w007_fbr,w007_cpgcr,internal_val,mTOR_Signaling,ssim,,,
w007_fbr_vs_w007_cpgcr,w007_fbr,w007_cpgcr,internal_val,mTOR_Signaling,abs_moran_delta,0.27197467826582944,0.26912059658804216,0.002854081677787279
w007_fbr_vs_w007_cpgcr,w007_fbr,w007_cpgcr,internal_val,Interferon_Alpha,pcc,0.584216430769739,0.5931328324389764,0.008916401669237461
w007_fbr_vs_w007_cpgcr,w007_fbr,w007_cpgcr,internal_val,Interferon_Alpha,ccc,0.5402254785861034,0.5468704106543419,0.006644932068238574
w007_fbr_vs_w007_cpgcr,w007_fbr,w007_cpgcr,internal_val,Interferon_Alpha,z_rmse,0.5539491163274958,0.553948704348168,4.119793277634898e-07
w007_fbr_vs_w007_cpgcr,w007_fbr,w007_cpgcr,internal_val,Interferon_Alpha,ssim,,,
w007_fbr_vs_w007_cpgcr,w007_fbr,w007_cpgcr,internal_val,Interferon_Alpha,abs_moran_delta,0.11260666200431783,0.11966059901616123,-0.0070539370118433975
w007_fbr_vs_w007_cpgcr,w007_fbr,w007_cpgcr,internal_val,Angiogenesis,pcc,0.765126659908957,0.7656875666820787,0.0005609067731217054
w007_fbr_vs_w007_cpgcr,w007_fbr,w007_cpgcr,internal_val,Angiogenesis,ccc,0.7155390322275306,0.7157517384355305,0.00021270620799995754
w007_fbr_vs_w007_cpgcr,w007_fbr,w007_cpgcr,internal_val,Angiogenesis,z_rmse,0.5971887770714653,0.6010165897224129,-0.0038278126509475596
w007_fbr_vs_w007_cpgcr,w007_fbr,w007_cpgcr,internal_val,Angiogenesis,ssim,,,
w007_fbr_vs_w007_cpgcr,w007_fbr,w007_cpgcr,internal_val,Angiogenesis,abs_moran_delta,0.09031921437556895,0.08957082163243872,0.0007483927431302245
w007_fbr_vs_w007_cpgcr,w007_fbr,w007_cpgcr,internal_val,Apoptosis,pcc,0.5262266113946837,0.5252234543774646,-0.0010031570172190918
w007_fbr_vs_w007_cpgcr,w007_fbr,w007_cpgcr,internal_val,Apoptosis,ccc,0.45080349465672676,0.44696892077065753,-0.0038345738860692258
w007_fbr_vs_w007_cpgcr,w007_fbr,w007_cpgcr,internal_val,Apoptosis,z_rmse,0.5973949768798318,0.5983503779283191,-0.0009554010484873476
w007_fbr_vs_w007_cpgcr,w007_fbr,w007_cpgcr,internal_val,Apoptosis,ssim,,,
w007_fbr_vs_w007_cpgcr,w007_fbr,w007_cpgcr,internal_val,Apoptosis,abs_moran_delta,0.33184217662318816,0.32854325488546027,0.003298921737727889
w007_fbr_vs_w007_cpgcr,w007_fbr,w007_cpgcr,internal_val,TNF_Signaling,pcc,0.6378026281280124,0.6420291348114531,0.004226506683440712
w007_fbr_vs_w007_cpgcr,w007_fbr,w007_cpgcr,internal_val,TNF_Signaling,ccc,0.5778608981396444,0.5845606060492496,0.006699707909605279
w007_fbr_vs_w007_cpgcr,w007_fbr,w007_cpgcr,internal_val,TNF_Signaling,z_rmse,0.5727566307525193,0.5689440804055387,0.003812550346980581
w007_fbr_vs_w007_cpgcr,w007_fbr,w007_cpgcr,internal_val,TNF_Signaling,ssim,,,
w007_fbr_vs_w007_cpgcr,w007_fbr,w007_cpgcr,internal_val,TNF_Signaling,abs_moran_delta,0.13493162757649524,0.13479588462885336,0.0001357429476418759
w007_fbr_vs_w007_cpgcr,w007_fbr,w007_cpgcr,internal_val,ECM_Organization,pcc,0.873342958318462,0.8748853796111803,0.00154242129271831
w007_fbr_vs_w007_cpgcr,w007_fbr,w007_cpgcr,internal_val,ECM_Organization,ccc,0.8438368416311314,0.8486746850318158,0.004837843400684383
w007_fbr_vs_w007_cpgcr,w007_fbr,w007_cpgcr,internal_val,ECM_Organization,z_rmse,0.40673811455363434,0.4061553442084278,0.0005827703452065403
w007_fbr_vs_w007_cpgcr,w007_fbr,w007_cpgcr,internal_val,ECM_Organization,ssim,,,
w007_fbr_vs_w007_cpgcr,w007_fbr,w007_cpgcr,internal_val,ECM_Organization,abs_moran_delta,0.11339806806781694,0.11090180548677558,0.002496262581041353
huber_mse_vs_huber_delta1,huber_mse,huber_delta1,external_test,tls,pcc,0.663986935630165,0.6513064542246289,-0.012680481405536126
huber_mse_vs_huber_delta1,huber_mse,huber_delta1,external_test,tls,ccc,0.48896515375704325,0.46301983403640745,-0.025945319720635796
huber_mse_vs_huber_delta1,huber_mse,huber_delta1,external_test,tls,z_rmse,1.069242165940954,1.087649550188971,-0.018407384248017022
huber_mse_vs_huber_delta1,huber_mse,huber_delta1,external_test,tls,ssim,,,
huber_mse_vs_huber_delta1,huber_mse,huber_delta1,external_test,tls,abs_moran_delta,,,
huber_mse_vs_huber_delta1,huber_mse,huber_delta1,external_test,tgfb,pcc,0.4390347247420528,0.43471900901133387,-0.0043157157307189276
huber_mse_vs_huber_delta1,huber_mse,huber_delta1,external_test,tgfb,ccc,0.3113303717788235,0.31253769608582693,0.0012073243070034323
huber_mse_vs_huber_delta1,huber_mse,huber_delta1,external_test,tgfb,z_rmse,0.6268514366631024,0.6279602688728765,-0.001108832209774091
huber_mse_vs_huber_delta1,huber_mse,huber_delta1,external_test,tgfb,ssim,,,
huber_mse_vs_huber_delta1,huber_mse,huber_delta1,external_test,tgfb,abs_moran_delta,,,
huber_mse_vs_huber_delta1,huber_mse,huber_delta1,external_test,emt,pcc,0.5918671406842027,0.5879363021755484,-0.003930838508654277
huber_mse_vs_huber_delta1,huber_mse,huber_delta1,external_test,emt,ccc,0.5298464363744192,0.5135187357360483,-0.016327700638370857
huber_mse_vs_huber_delta1,huber_mse,huber_delta1,external_test,emt,z_rmse,0.5213707211597505,0.5338454104628697,-0.012474689303119235
huber_mse_vs_huber_delta1,huber_mse,huber_delta1,external_test,emt,ssim,,,
huber_mse_vs_huber_delta1,huber_mse,huber_delta1,external_test,emt,abs_moran_delta,,,
huber_mse_vs_huber_delta1,huber_mse,huber_delta1,external_test,hypoxia,pcc,0.35557005932239827,0.358384573570696,0.002814514248297706
huber_mse_vs_huber_delta1,huber_mse,huber_delta1,external_test,hypoxia,ccc,0.3249826204370715,0.32702552861241435,0.0020429081753428613
huber_mse_vs_huber_delta1,huber_mse,huber_delta1,external_test,hypoxia,z_rmse,0.5812582846666067,0.5797076440901898,0.0015506405764168507
huber_mse_vs_huber_delta1,huber_mse,huber_delta1,external_test,hypoxia,ssim,,,
huber_mse_vs_huber_delta1,huber_mse,huber_delta1,external_test,hypoxia,abs_moran_delta,,,
huber_mse_vs_huber_delta1,huber_mse,huber_delta1,external_test,mhc,pcc,0.503225469000974,0.5084117731908873,0.005186304189913282
huber_mse_vs_huber_delta1,huber_mse,huber_delta1,external_test,mhc,ccc,0.4296624900422046,0.391591149079104,-0.03807134096310061
huber_mse_vs_huber_delta1,huber_mse,huber_delta1,external_test,mhc,z_rmse,0.3788674077510145,0.3756309514142198,0.003236456336794702
huber_mse_vs_huber_delta1,huber_mse,huber_delta1,external_test,mhc,ssim,,,
huber_mse_vs_huber_delta1,huber_mse,huber_delta1,external_test,mhc,abs_moran_delta,,,
huber_mse_vs_huber_delta1,huber_mse,huber_delta1,external_test,icp,pcc,0.3058410758419641,0.3051536908976548,-0.0006873849443093105
huber_mse_vs_huber_delta1,huber_mse,huber_delta1,external_test,icp,ccc,0.165494344683207,0.14596867533620364,-0.019525669347003366
huber_mse_vs_huber_delta1,huber_mse,huber_delta1,external_test,icp,z_rmse,1.4482992421400631,1.5098717866406877,-0.06157254450062455
huber_mse_vs_huber_delta1,huber_mse,huber_delta1,external_test,icp,ssim,,,
huber_mse_vs_huber_delta1,huber_mse,huber_delta1,external_test,icp,abs_moran_delta,,,
huber_mse_vs_huber_delta1,huber_mse,huber_delta1,external_test,ifng,pcc,0.15060565009818044,0.17046900500056678,0.019863354902386332
huber_mse_vs_huber_delta1,huber_mse,huber_delta1,external_test,ifng,ccc,0.10251365350442165,0.1138781808706053,0.011364527366183652
huber_mse_vs_huber_delta1,huber_mse,huber_delta1,external_test,ifng,z_rmse,0.8185979348824907,0.8207465018024215,-0.0021485669199308166
huber_mse_vs_huber_delta1,huber_mse,huber_delta1,external_test,ifng,ssim,,,
huber_mse_vs_huber_delta1,huber_mse,huber_delta1,external_test,ifng,abs_moran_delta,,,
huber_mse_vs_huber_delta1,huber_mse,huber_delta1,external_test,toxic,pcc,0.380257091620714,0.3822195767619887,0.0019624851412746724
huber_mse_vs_huber_delta1,huber_mse,huber_delta1,external_test,toxic,ccc,0.2877314718629239,0.27161413362950576,-0.016117338233418155
huber_mse_vs_huber_delta1,huber_mse,huber_delta1,external_test,toxic,z_rmse,1.0885989266435083,1.0932255656772076,-0.004626639033699309
huber_mse_vs_huber_delta1,huber_mse,huber_delta1,external_test,toxic,ssim,,,
huber_mse_vs_huber_delta1,huber_mse,huber_delta1,external_test,toxic,abs_moran_delta,,,
huber_mse_vs_huber_delta1,huber_mse,huber_delta1,external_test,Glycolysis,pcc,0.6073809756025247,0.6102678256842384,0.0028868500817137432
huber_mse_vs_huber_delta1,huber_mse,huber_delta1,external_test,Glycolysis,ccc,0.37120217923136767,0.3716070446912356,0.0004048654598679535
huber_mse_vs_huber_delta1,huber_mse,huber_delta1,external_test,Glycolysis,z_rmse,0.7016222953783421,0.7035822402284689,-0.001959944850126849
huber_mse_vs_huber_delta1,huber_mse,huber_delta1,external_test,Glycolysis,ssim,,,
huber_mse_vs_huber_delta1,huber_mse,huber_delta1,external_test,Glycolysis,abs_moran_delta,,,
huber_mse_vs_huber_delta1,huber_mse,huber_delta1,external_test,Inflammatory_Response,pcc,0.44890641301811723,0.44836713122820926,-0.0005392817899079749
huber_mse_vs_huber_delta1,huber_mse,huber_delta1,external_test,Inflammatory_Response,ccc,0.37785113005757953,0.3749393782238932,-0.0029117518336863046
huber_mse_vs_huber_delta1,huber_mse,huber_delta1,external_test,Inflammatory_Response,z_rmse,0.9092948791211192,0.9092793102683078,1.5568852811398415e-05
huber_mse_vs_huber_delta1,huber_mse,huber_delta1,external_test,Inflammatory_Response,ssim,,,
huber_mse_vs_huber_delta1,huber_mse,huber_delta1,external_test,Inflammatory_Response,abs_moran_delta,,,
huber_mse_vs_huber_delta1,huber_mse,huber_delta1,external_test,IL6_JAK_STAT3,pcc,0.5584903366600097,0.563617051231173,0.0051267145711633155
huber_mse_vs_huber_delta1,huber_mse,huber_delta1,external_test,IL6_JAK_STAT3,ccc,0.29359589171133194,0.3008321280103264,0.007236236298994447
huber_mse_vs_huber_delta1,huber_mse,huber_delta1,external_test,IL6_JAK_STAT3,z_rmse,0.7175418381194184,0.7132095563727473,0.004332281746671107
huber_mse_vs_huber_delta1,huber_mse,huber_delta1,external_test,IL6_JAK_STAT3,ssim,,,
huber_mse_vs_huber_delta1,huber_mse,huber_delta1,external_test,IL6_JAK_STAT3,abs_moran_delta,,,
huber_mse_vs_huber_delta1,huber_mse,huber_delta1,external_test,P53_Pathway,pcc,0.5617481663462415,0.5666295210842885,0.004881354738047072
huber_mse_vs_huber_delta1,huber_mse,huber_delta1,external_test,P53_Pathway,ccc,0.3137583504095687,0.3167213317313832,0.0029629813218145507
huber_mse_vs_huber_delta1,huber_mse,huber_delta1,external_test,P53_Pathway,z_rmse,0.8481608296136205,0.8474667464992971,0.0006940831143233961
huber_mse_vs_huber_delta1,huber_mse,huber_delta1,external_test,P53_Pathway,ssim,,,
huber_mse_vs_huber_delta1,huber_mse,huber_delta1,external_test,P53_Pathway,abs_moran_delta,,,
huber_mse_vs_huber_delta1,huber_mse,huber_delta1,external_test,DNA_Damage_Response,pcc,0.5041214465028238,0.5029220904374623,-0.0011993560653614788
huber_mse_vs_huber_delta1,huber_mse,huber_delta1,external_test,DNA_Damage_Response,ccc,0.34063155804568357,0.3423860599833259,0.0017545019376423165
huber_mse_vs_huber_delta1,huber_mse,huber_delta1,external_test,DNA_Damage_Response,z_rmse,0.8800846778588114,0.8790760386176595,0.0010086392411519096
huber_mse_vs_huber_delta1,huber_mse,huber_delta1,external_test,DNA_Damage_Response,ssim,,,
huber_mse_vs_huber_delta1,huber_mse,huber_delta1,external_test,DNA_Damage_Response,abs_moran_delta,,,
huber_mse_vs_huber_delta1,huber_mse,huber_delta1,external_test,Complement,pcc,0.3612857741697944,0.35768316538203604,-0.0036026087877583657
huber_mse_vs_huber_delta1,huber_mse,huber_delta1,external_test,Complement,ccc,0.1698127768305131,0.1694488249132872,-0.0003639519172259076
huber_mse_vs_huber_delta1,huber_mse,huber_delta1,external_test,Complement,z_rmse,1.3397187344835824,1.3469407471420252,-0.0072220126584428
huber_mse_vs_huber_delta1,huber_mse,huber_delta1,external_test,Complement,ssim,,,
huber_mse_vs_huber_delta1,huber_mse,huber_delta1,external_test,Complement,abs_moran_delta,,,
huber_mse_vs_huber_delta1,huber_mse,huber_delta1,external_test,Coagulation,pcc,0.42860531063359225,0.42354739066153185,-0.0050579199720603985
huber_mse_vs_huber_delta1,huber_mse,huber_delta1,external_test,Coagulation,ccc,0.3916308071238392,0.38521269862833046,-0.006418108495508723
huber_mse_vs_huber_delta1,huber_mse,huber_delta1,external_test,Coagulation,z_rmse,0.7103173390170165,0.7111456224938321,-0.0008282834768155167
huber_mse_vs_huber_delta1,huber_mse,huber_delta1,external_test,Coagulation,ssim,,,
huber_mse_vs_huber_delta1,huber_mse,huber_delta1,external_test,Coagulation,abs_moran_delta,,,
huber_mse_vs_huber_delta1,huber_mse,huber_delta1,external_test,Oxidative_Phosphorylation,pcc,0.7854307075114229,0.7860688099513973,0.0006381024399744195
huber_mse_vs_huber_delta1,huber_mse,huber_delta1,external_test,Oxidative_Phosphorylation,ccc,0.7563415047764924,0.7572432115051935,0.0009017067287010461
huber_mse_vs_huber_delta1,huber_mse,huber_delta1,external_test,Oxidative_Phosphorylation,z_rmse,0.39500254289181896,0.39462593698954196,0.0003766059022770052
huber_mse_vs_huber_delta1,huber_mse,huber_delta1,external_test,Oxidative_Phosphorylation,ssim,,,
huber_mse_vs_huber_delta1,huber_mse,huber_delta1,external_test,Oxidative_Phosphorylation,abs_moran_delta,,,
huber_mse_vs_huber_delta1,huber_mse,huber_delta1,external_test,Reactive_Oxygen_Species,pcc,0.2805908009930857,0.29222135920735703,0.011630558214271336
huber_mse_vs_huber_delta1,huber_mse,huber_delta1,external_test,Reactive_Oxygen_Species,ccc,0.15018356044129297,0.1613324217764891,0.01114886133519613
huber_mse_vs_huber_delta1,huber_mse,huber_delta1,external_test,Reactive_Oxygen_Species,z_rmse,0.9028781977040964,0.8898729024625528,0.01300529524154359
huber_mse_vs_huber_delta1,huber_mse,huber_delta1,external_test,Reactive_Oxygen_Species,ssim,,,
huber_mse_vs_huber_delta1,huber_mse,huber_delta1,external_test,Reactive_Oxygen_Species,abs_moran_delta,,,
huber_mse_vs_huber_delta1,huber_mse,huber_delta1,external_test,Wound_Healing,pcc,0.6335773419998063,0.6320105642578396,-0.001566777741966674
huber_mse_vs_huber_delta1,huber_mse,huber_delta1,external_test,Wound_Healing,ccc,0.6027300209473353,0.6028245318199977,9.451087266243441e-05
huber_mse_vs_huber_delta1,huber_mse,huber_delta1,external_test,Wound_Healing,z_rmse,0.5109543271644071,0.509618080389208,0.001336246775199168
huber_mse_vs_huber_delta1,huber_mse,huber_delta1,external_test,Wound_Healing,ssim,,,
huber_mse_vs_huber_delta1,huber_mse,huber_delta1,external_test,Wound_Healing,abs_moran_delta,,,
huber_mse_vs_huber_delta1,huber_mse,huber_delta1,external_test,Fibrosis,pcc,0.7206142779453983,0.719198313993113,-0.0014159639522853817
huber_mse_vs_huber_delta1,huber_mse,huber_delta1,external_test,Fibrosis,ccc,0.6963613626490426,0.6959709604559227,-0.00039040219311992086
huber_mse_vs_huber_delta1,huber_mse,huber_delta1,external_test,Fibrosis,z_rmse,0.4848772731685616,0.48517726269629163,-0.00029998952773002685
huber_mse_vs_huber_delta1,huber_mse,huber_delta1,external_test,Fibrosis,ssim,,,
huber_mse_vs_huber_delta1,huber_mse,huber_delta1,external_test,Fibrosis,abs_moran_delta,,,
huber_mse_vs_huber_delta1,huber_mse,huber_delta1,external_test,MYC_Targets,pcc,0.7729682858939284,0.7755669522785006,0.002598666384572179
huber_mse_vs_huber_delta1,huber_mse,huber_delta1,external_test,MYC_Targets,ccc,0.6911577256746898,0.6947693892050102,0.003611663530320386
huber_mse_vs_huber_delta1,huber_mse,huber_delta1,external_test,MYC_Targets,z_rmse,0.401369474854256,0.40011338873197944,0.0012560861222765674
huber_mse_vs_huber_delta1,huber_mse,huber_delta1,external_test,MYC_Targets,ssim,,,
huber_mse_vs_huber_delta1,huber_mse,huber_delta1,external_test,MYC_Targets,abs_moran_delta,,,
huber_mse_vs_huber_delta1,huber_mse,huber_delta1,external_test,E2F_Targets,pcc,0.6338882340060445,0.6362611745636402,0.0023729405575956264
huber_mse_vs_huber_delta1,huber_mse,huber_delta1,external_test,E2F_Targets,ccc,0.47683308584704276,0.4846921112379209,0.007859025390878127
huber_mse_vs_huber_delta1,huber_mse,huber_delta1,external_test,E2F_Targets,z_rmse,0.7301029241260557,0.7224101614189269,0.00769276270712882
huber_mse_vs_huber_delta1,huber_mse,huber_delta1,external_test,E2F_Targets,ssim,,,
huber_mse_vs_huber_delta1,huber_mse,huber_delta1,external_test,E2F_Targets,abs_moran_delta,,,
huber_mse_vs_huber_delta1,huber_mse,huber_delta1,external_test,G2M_Checkpoint,pcc,0.6742574745473199,0.6788670978812974,0.0046096233339775194
huber_mse_vs_huber_delta1,huber_mse,huber_delta1,external_test,G2M_Checkpoint,ccc,0.4189921648573127,0.42943934701218217,0.01044718215486945
huber_mse_vs_huber_delta1,huber_mse,huber_delta1,external_test,G2M_Checkpoint,z_rmse,1.0164581035063378,1.0088272545928425,0.007630848913495303
huber_mse_vs_huber_delta1,huber_mse,huber_delta1,external_test,G2M_Checkpoint,ssim,,,
huber_mse_vs_huber_delta1,huber_mse,huber_delta1,external_test,G2M_Checkpoint,abs_moran_delta,,,
huber_mse_vs_huber_delta1,huber_mse,huber_delta1,external_test,Mitotic_Spindle,pcc,0.6354781725584421,0.6394238214261935,0.0039456488677513946
huber_mse_vs_huber_delta1,huber_mse,huber_delta1,external_test,Mitotic_Spindle,ccc,0.41637330956135193,0.4266919100463192,0.010318600484967244
huber_mse_vs_huber_delta1,huber_mse,huber_delta1,external_test,Mitotic_Spindle,z_rmse,0.9756388917298897,0.9691951513977974,0.006443740332092274
huber_mse_vs_huber_delta1,huber_mse,huber_delta1,external_test,Mitotic_Spindle,ssim,,,
huber_mse_vs_huber_delta1,huber_mse,huber_delta1,external_test,Mitotic_Spindle,abs_moran_delta,,,
huber_mse_vs_huber_delta1,huber_mse,huber_delta1,external_test,Unfolded_Protein_Response,pcc,0.6025634471791811,0.607422793068224,0.00485934588904291
huber_mse_vs_huber_delta1,huber_mse,huber_delta1,external_test,Unfolded_Protein_Response,ccc,0.4306072290317275,0.4401033091903873,0.009496080158659825
huber_mse_vs_huber_delta1,huber_mse,huber_delta1,external_test,Unfolded_Protein_Response,z_rmse,0.6411878084670025,0.6338655212661248,0.007322287200877686
huber_mse_vs_huber_delta1,huber_mse,huber_delta1,external_test,Unfolded_Protein_Response,ssim,,,
huber_mse_vs_huber_delta1,huber_mse,huber_delta1,external_test,Unfolded_Protein_Response,abs_moran_delta,,,
huber_mse_vs_huber_delta1,huber_mse,huber_delta1,external_test,mTOR_Signaling,pcc,0.6623655687497766,0.6616983534459429,-0.0006672153038337347
huber_mse_vs_huber_delta1,huber_mse,huber_delta1,external_test,mTOR_Signaling,ccc,0.5919558867462267,0.5880410582951048,-0.003914828451121899
huber_mse_vs_huber_delta1,huber_mse,huber_delta1,external_test,mTOR_Signaling,z_rmse,0.512076077018766,0.514038668511583,-0.0019625914928169674
huber_mse_vs_huber_delta1,huber_mse,huber_delta1,external_test,mTOR_Signaling,ssim,,,
huber_mse_vs_huber_delta1,huber_mse,huber_delta1,external_test,mTOR_Signaling,abs_moran_delta,,,
huber_mse_vs_huber_delta1,huber_mse,huber_delta1,external_test,Interferon_Alpha,pcc,0.21723214159378137,0.218397402728241,0.0011652611344596386
huber_mse_vs_huber_delta1,huber_mse,huber_delta1,external_test,Interferon_Alpha,ccc,0.06091711884792773,0.06171200589159817,0.0007948870436704433
huber_mse_vs_huber_delta1,huber_mse,huber_delta1,external_test,Interferon_Alpha,z_rmse,1.1414282807930909,1.1391320132543457,0.0022962675387452336
huber_mse_vs_huber_delta1,huber_mse,huber_delta1,external_test,Interferon_Alpha,ssim,,,
huber_mse_vs_huber_delta1,huber_mse,huber_delta1,external_test,Interferon_Alpha,abs_moran_delta,,,
huber_mse_vs_huber_delta1,huber_mse,huber_delta1,external_test,Angiogenesis,pcc,0.6370193749281989,0.6375321098670075,0.0005127349388085456
huber_mse_vs_huber_delta1,huber_mse,huber_delta1,external_test,Angiogenesis,ccc,0.5232138612666108,0.5277041752740865,0.004490314007475682
huber_mse_vs_huber_delta1,huber_mse,huber_delta1,external_test,Angiogenesis,z_rmse,0.846488607024926,0.8434333435670486,0.003055263457877433
huber_mse_vs_huber_delta1,huber_mse,huber_delta1,external_test,Angiogenesis,ssim,,,
huber_mse_vs_huber_delta1,huber_mse,huber_delta1,external_test,Angiogenesis,abs_moran_delta,,,
huber_mse_vs_huber_delta1,huber_mse,huber_delta1,external_test,Apoptosis,pcc,0.42524180580597204,0.43059936104575325,0.005357555239781209
huber_mse_vs_huber_delta1,huber_mse,huber_delta1,external_test,Apoptosis,ccc,0.336257793853603,0.3424891214522449,0.0062313275986419225
huber_mse_vs_huber_delta1,huber_mse,huber_delta1,external_test,Apoptosis,z_rmse,0.623029360953751,0.6201038009771013,0.002925559976649783
huber_mse_vs_huber_delta1,huber_mse,huber_delta1,external_test,Apoptosis,ssim,,,
huber_mse_vs_huber_delta1,huber_mse,huber_delta1,external_test,Apoptosis,abs_moran_delta,,,
huber_mse_vs_huber_delta1,huber_mse,huber_delta1,external_test,TNF_Signaling,pcc,0.3041523564441626,0.29557926811969737,-0.008573088324465239
huber_mse_vs_huber_delta1,huber_mse,huber_delta1,external_test,TNF_Signaling,ccc,0.20270685969310004,0.19849517151616475,-0.004211688176935291
huber_mse_vs_huber_delta1,huber_mse,huber_delta1,external_test,TNF_Signaling,z_rmse,0.7571257782973111,0.7603855628045748,-0.003259784507263719
huber_mse_vs_huber_delta1,huber_mse,huber_delta1,external_test,TNF_Signaling,ssim,,,
huber_mse_vs_huber_delta1,huber_mse,huber_delta1,external_test,TNF_Signaling,abs_moran_delta,,,
huber_mse_vs_huber_delta1,huber_mse,huber_delta1,external_test,ECM_Organization,pcc,0.735279640464553,0.7329554955235483,-0.0023241449410046355
huber_mse_vs_huber_delta1,huber_mse,huber_delta1,external_test,ECM_Organization,ccc,0.7121055994244245,0.709544931521074,-0.002560667903350522
huber_mse_vs_huber_delta1,huber_mse,huber_delta1,external_test,ECM_Organization,z_rmse,0.4382926046058252,0.44099780151227225,-0.0027051969064470494
huber_mse_vs_huber_delta1,huber_mse,huber_delta1,external_test,ECM_Organization,ssim,,,
huber_mse_vs_huber_delta1,huber_mse,huber_delta1,external_test,ECM_Organization,abs_moran_delta,,,
