true_tls,true_tgfb,true_emt,true_hypoxia,true_mhc,true_icp,true_ifng,true_toxic,true_Glycolysis,true_Inflammatory_Response,true_IL6_JAK_STAT3,true_P53_Pathway,true_DNA_Damage_Response,true_Complement,true_Coagulation,true_Oxidative_Phosphorylation,true_Reactive_Oxygen_Species,true_Wound_Healing,true_Fibrosis,true_MYC_Targets,true_E2F_Targets,true_G2M_Checkpoint,true_Mitotic_Spindle,true_Unfolded_Protein_Response,true_mTOR_Signaling,true_Interferon_Alpha,true_Angiogenesis,true_Apoptosis,true_TNF_Signaling,true_ECM_Organization,pred_tls,pred_tgfb,pred_emt,pred_hypoxia,pred_mhc,pred_icp,pred_ifng,pred_toxic,pred_Glycolysis,pred_Inflammatory_Response,pred_IL6_JAK_STAT3,pred_P53_Pathway,pred_DNA_Damage_Response,pred_Complement,pred_Coagulation,pred_Oxidative_Phosphorylation,pred_Reactive_Oxygen_Species,pred_Wound_Healing,pred_Fibrosis,pred_MYC_Targets,pred_E2F_Targets,pred_G2M_Checkpoint,pred_Mitotic_Spindle,pred_Unfolded_Protein_Response,pred_mTOR_Signaling,pred_Interferon_Alpha,pred_Angiogenesis,pred_Apoptosis,pred_TNF_Signaling,pred_ECM_Organization
-0.5819377,0.56894594,1.0574797,1.1483154,0.47688815,-0.91960496,-0.43257174,-0.7892427,1.2735074,1.716864,0.79609334,1.6968081,0.1644608,1.150161,1.6964407,0.098695144,1.4740124,1.3010551,1.0588654,1.2607456,-0.5159392,1.5264055,1.5277648,1.1131244,-0.6631807,0.27229077,0.89191324,0.53255147,1.2125388,1.1725012,-1.0557499,0.9032384,0.85618013,0.82651997,0.4205562,-1.1103431,0.5090095,-1.1770359,0.7552206,0.03223082,0.70802975,0.7133583,1.1608223,-0.10106929,0.26368698,0.713918,1.1283009,0.94850534,0.9259447,0.97023046,1.1031954,1.1513503,1.0719055,1.1014823,0.7895222,-0.3405732,-0.106277645,0.7940863,0.41506475,1.0820426
-0.73988026,0.8783184,1.2855309,0.8895209,0.46828628,-1.0223726,0.20622729,-0.38335076,0.4897605,2.3681214,0.7170287,1.757563,0.4031992,0.015396637,1.3832182,0.82583934,0.4660519,1.9330338,1.3822348,1.1374729,1.1954775,1.0800583,0.8267809,1.3017988,0.60493803,-0.3219871,-0.00017551676,0.63508904,0.5469699,1.600665,-0.5863697,0.6370135,1.0977751,0.83689475,0.34652337,-0.3122019,0.028162554,-0.9143503,0.51063126,0.524352,0.6178907,0.36624816,0.5453891,-0.13173124,1.1311027,0.18174872,0.7228507,1.2962464,1.10602,0.63504416,0.45123893,0.40558922,0.3752898,0.49467412,0.21240683,-0.46262985,-0.06264308,0.11800949,0.27182597,1.0448575
-1.3725996,1.5802221,1.0118986,1.0995541,0.47100267,0.80848473,0.07055554,-1.4144857,1.6822526,2.7823055,1.7505805,1.0520113,0.74285406,0.6424268,1.2143222,0.59887743,0.7776876,1.6967777,1.7211347,1.3514603,-0.037695102,1.1229696,1.5560212,1.9180604,0.7069206,-0.84172183,-0.4528463,1.6836038,1.7464691,1.7410287,-0.37994075,0.5049679,1.0842366,0.578689,0.42143768,-0.20302993,-0.09566874,-0.41169035,0.2666506,0.6081154,0.49093258,0.08260491,0.30335575,0.15246356,0.92689747,-0.05358987,0.42965895,1.3121821,1.199418,0.29257485,-0.036720697,0.054544114,0.16288781,0.3074412,0.06771454,-0.5467904,0.35736483,-0.06552258,0.10852438,1.1675124
-0.2634166,0.44410986,1.447316,1.214939,0.46421173,0.5462942,-0.4297244,-0.5399451,1.782298,2.4100847,1.7879376,1.6140043,-0.37796605,0.28376934,1.9557655,-0.60009044,0.115216635,1.087147,1.1426436,0.84204507,-0.3609929,-0.730066,-0.38936898,1.7370943,-0.11169507,-0.3697009,-0.38458988,0.33936256,1.4641918,1.3263419,-0.30251214,0.24912357,0.58211905,-0.22808444,0.1294094,-0.20991777,-0.5619337,-0.5198615,-0.3624742,-0.4587421,-0.4412691,-0.2022723,0.61099905,-0.14978975,0.13996622,-0.17039827,0.08812622,0.5192065,0.61542064,-0.11539093,0.32879162,0.19494799,0.34611785,0.009419472,-0.17207675,-1.2730244,-0.17020589,-0.26585147,-0.5481884,0.57576656
-0.5374438,0.48469895,0.76255655,0.87361217,0.46330625,1.8242168,-0.3459275,-0.75786316,1.4557968,0.35436174,0.8224248,0.46532795,0.37357157,-0.042910773,1.7035059,0.9411264,1.8767377,0.83055323,-0.40899116,0.9073431,-0.15498036,0.3502,-0.45185086,0.6651654,0.08878647,-0.10190888,-0.30335894,-0.2475492,-0.3806365,0.08076844,-0.70559686,0.46361893,0.4756109,1.0680556,0.07464809,-0.7183936,-0.01609786,-0.7700751,0.76903737,0.16894384,0.36912376,0.33263674,0.48417196,-0.70004165,0.5912998,0.15101397,0.6363977,0.59407115,0.39824495,0.38847443,0.14141472,0.37301472,0.3519847,0.41783103,0.27880892,-0.58952785,-0.35603854,0.17181654,0.15150492,0.4962594
-0.87557596,1.7966952,-0.20640184,1.5000508,0.47960454,-1.1420668,-0.3945044,-1.0152446,1.6075543,0.6051666,1.8628329,0.5114453,1.2993444,0.35781938,1.1669794,0.8689492,1.3197632,-0.051817838,-0.36226273,0.8610204,1.0802369,1.0557206,1.7605333,1.3653226,0.5776617,0.1337766,-0.5993938,-0.18860203,1.3698293,0.032362625,-0.41479847,0.38078234,0.07885658,0.32588637,0.015418929,-0.30249643,-0.5756026,-0.6151294,0.27464968,-0.5455267,-0.09757916,0.121243544,0.14722613,-0.033983003,-0.060519375,0.071697414,0.09769187,0.09959113,0.24334943,0.110324256,0.11585335,-0.0443875,0.07373003,-0.080663405,-0.031160258,-0.9062797,-0.21687892,-0.21043754,-0.4010532,0.109998286
-1.3500364,1.5612326,-0.50484353,1.713725,0.4786991,-0.6273728,-0.55863136,-1.3985786,1.4182844,0.28055203,1.3800732,1.6314566,0.40004873,0.27497026,0.6951694,0.48537865,1.7301574,0.2365215,-0.15872237,1.2405761,0.6878757,1.1913202,0.5701392,1.6442659,1.1938466,0.17820469,-1.3702853,0.6399049,0.64703333,-0.038602807,-1.0402466,0.79204667,0.32261795,0.8445853,0.31961784,-0.8375824,-0.5317159,-1.1048468,1.0833447,-0.29700148,0.43774486,0.68357253,0.5690197,-0.3110383,-0.17447229,0.7972642,0.76451576,0.25876588,0.339466,0.7791685,0.51537603,0.45632887,0.526804,0.68294454,0.5040832,-0.9474478,-0.34692088,0.3093027,0.11906782,0.3251586
-1.8962985,1.553594,-0.52113634,1.4950354,0.47915182,4.3745794,-0.17864096,-0.42047465,1.5906162,0.30498412,1.6876031,0.9858325,2.1470125,1.1084462,0.20436078,1.1209385,1.2816153,0.2659443,-0.11447583,1.5937488,1.8484726,1.4142054,0.72751063,1.8648732,1.4920521,-0.044494495,-1.0827852,0.9050525,1.7544779,-0.042860866,-1.3544955,0.95300275,0.5895389,0.4995508,0.38626373,-0.42890018,0.4374419,-1.0630333,0.7730984,-0.56756085,0.7405622,0.9743126,1.0910114,0.118571594,-0.39301658,1.2830262,0.7838626,0.78515625,0.9133237,1.1820704,1.1427687,1.1052916,1.0937948,1.0102686,0.9682992,-0.17441134,-0.053136848,1.0033971,0.119869396,0.9729681
-0.4119188,1.943889,-0.14511758,0.31038415,0.48232093,0.009426145,-0.3771036,-1.8514518,1.8236151,0.60001224,1.2000456,2.2033045,1.0165933,0.8310815,0.21007815,1.3814002,1.5226022,0.8010713,0.6109176,1.349493,1.4806652,1.2472806,1.349249,1.868483,0.8991621,0.21913432,-0.6470142,0.9477751,1.5126532,0.6267984,-1.6340735,0.7701215,0.55093366,0.2861998,0.7291713,-0.7175512,0.060837902,-1.2935739,0.6031351,-0.71818626,0.6008244,0.92619085,1.5365082,0.25310284,-0.5106248,1.2825269,0.8916369,0.6184246,0.75349265,1.2203312,1.4994632,1.5496082,1.4648274,0.9823227,1.0774997,-0.20242341,-0.20624684,0.8292478,0.123898774,0.8903415
-1.8667765,1.5565709,1.2573918,0.8700777,0.4850373,0.43356004,-0.037661564,-1.8039914,1.4395921,2.4247384,1.8072999,1.9210452,1.3162097,1.9154263,0.64787287,0.9394235,0.84403795,1.7336724,1.3280752,1.0915749,1.3096838,1.2866179,1.2328641,2.1402657,0.708953,0.16205744,0.96849096,1.1655926,1.7622846,1.4553905,-1.4137596,1.187943,0.85728693,0.6154992,0.5123458,-0.58913094,-0.036873974,-1.0372045,0.76434183,-0.44970372,0.6785938,0.81212157,1.0424973,0.48135337,-0.09130749,1.1492337,0.83870286,1.0439228,1.2983365,1.0409641,0.8269164,0.83059573,0.8793336,1.032771,0.74752325,-0.7442403,0.8080666,0.80139196,0.09764457,1.2753494
-1.9333065,1.4131418,0.78767014,1.3479108,0.4850373,0.7406096,-0.76658624,1.3974395,1.4870657,2.001188,2.0444884,2.5513947,1.5497838,2.039714,0.77077824,1.3967485,1.4160776,1.6111513,1.5649612,1.4287086,1.6196685,2.4263282,2.4689658,1.5098625,1.4047046,0.27833986,0.99294674,2.0689719,2.0339212,1.520282,-1.1081766,0.9119148,1.0311096,0.72549033,0.39232916,-0.34298977,0.26133707,-0.7621857,0.8851235,0.7626241,0.7615961,0.6845165,1.1158534,0.1780738,0.45088637,0.9076599,1.4250615,1.0860186,1.0921156,1.0747937,1.0431607,1.6035774,1.5060962,1.1125895,0.8209886,-0.4779788,-0.30099028,0.7082875,0.77883637,1.16703
-2.0824978,1.8968214,0.62472755,0.73270124,0.47734088,-1.3695586,0.06717435,-1.2736465,1.7416472,2.3765135,1.9784268,1.5257543,1.5790564,0.7799122,0.32116863,1.2959524,1.7740858,1.6364733,1.656172,1.4151247,1.2823309,1.7755026,1.4404057,1.9812684,0.046828225,-0.3498324,0.7125873,1.5266,1.8739312,1.531982,-1.7936559,0.9003497,0.636756,0.67406785,0.50264406,-1.1660681,-0.39634642,-1.6550567,1.1078675,-0.15175769,0.81479466,1.1837224,1.6532133,-0.2849062,-0.53318405,1.3428555,1.5871657,0.67575324,0.8502232,1.2924457,1.5699338,1.530751,1.6035712,1.4349433,1.1642967,-1.0450547,-0.08270216,1.1506839,0.45568457,1.04983
-1.1755127,0.98110384,0.7350844,0.6499829,0.47734088,0.0896307,-0.019203177,-0.39730957,1.703183,2.7234957,2.0221324,1.9555821,1.9777519,0.654714,0.48538882,1.1986175,1.3371509,2.0595722,1.6227716,1.5179865,1.5659467,2.1904595,1.9592911,2.3433607,1.1118568,-0.09028131,1.901281,0.8052226,2.2199032,1.5460979,-1.4616613,1.1651709,1.0634832,0.792803,0.55509794,-0.8349983,-0.23542967,-1.115719,1.1106973,0.3242295,0.94689184,1.136096,1.4057181,-0.47596827,-0.23272304,1.2824478,1.1959656,1.2224756,1.2633663,1.3063618,1.4376785,1.2255509,1.304102,1.3087407,1.1649158,-0.80241925,0.61459696,0.9595518,0.7162539,1.3322678
-1.4806712,1.9191456,1.3771775,0.95472944,0.47734088,0.82649714,-0.15151918,0.037356988,1.5416006,3.248674,2.245796,1.3841342,1.1602948,1.0792661,0.98249227,0.67561734,0.79592633,1.6749848,1.6568457,1.3544501,0.5798079,1.3639932,0.27710223,2.3427498,-0.45105276,0.38197273,0.12110176,0.68582284,2.1201077,1.494339,-1.1462125,0.5895453,1.0166439,0.93129057,0.5077479,-0.50408876,-0.5930275,-0.708918,0.88478357,0.8793453,0.59214973,0.6680507,0.64142585,-0.02425472,0.9920504,0.23207846,0.7087754,1.2241173,1.1633283,0.69566625,0.31770256,0.2394257,0.3226245,0.71071297,0.2666592,-1.1310763,0.5480492,0.40388203,0.59023696,1.1575828
-1.240067,1.1283021,1.0356262,1.0769268,0.47734088,0.69262046,-0.28296646,-1.3041794,1.4177755,2.6701264,2.001845,1.1438842,0.04072315,0.073136106,1.2043668,0.8179027,0.9776671,1.9208062,1.1794758,1.3091158,0.90448684,1.9798594,1.5245789,1.6178384,-0.15409887,-0.641617,-0.846548,0.48008838,1.5451196,1.2596148,-0.6989261,0.8405496,0.9473624,1.2074217,0.5661023,-0.6789276,-0.39261714,-0.9397993,0.7922057,0.27658096,0.5652178,0.5432966,0.5389943,-0.44076666,0.79685974,0.18099056,0.7284106,0.9496482,0.7723019,0.6085516,0.17581183,0.37408358,0.44942278,0.56075996,0.38340905,-0.8637197,-0.06676726,0.097632736,0.26976725,0.8391839
-0.9125839,0.6045503,-0.15894246,0.44092008,0.48005727,-1.1656979,0.07777039,-1.0441903,0.63748115,1.0050815,1.4276822,1.2521447,1.7522839,1.1960983,0.844089,-0.22626282,1.9218769,0.6748136,-0.09577144,1.1739554,1.5208422,1.8441658,1.0524435,1.3079805,-0.19978568,0.19645187,-0.9123567,0.092728,0.90069973,0.028652627,-0.48973578,0.5428449,0.2456526,0.85700125,0.1820892,-0.50384474,-0.044424623,-0.34466195,0.40848652,0.08105652,0.14014877,0.097664535,0.29306477,-0.4586348,0.4693186,-0.088904604,0.5384313,0.27800488,0.18531884,-0.04338388,-0.06276229,-0.096534275,0.04148547,0.1504078,-0.05668524,-0.73802876,-0.18566638,0.23926643,0.1452041,0.17958857
0.022284888,1.6901013,0.8053364,1.1292539,0.48005727,0.6846691,0.1038292,-0.6722079,1.3846232,-0.3651594,1.8173187,0.56985074,2.170733,0.320057,0.97005624,0.681583,2.1211941,0.11131372,0.37926453,1.0897503,1.5858071,1.4077176,1.3219165,1.3389976,1.2012303,0.6806102,-0.90045726,0.094676174,0.47928637,0.7778082,-1.1015264,1.0499244,0.32844234,0.6777582,0.22639658,-0.5468991,0.008893907,-1.0135587,0.73031414,-0.6622134,0.4433663,0.60355437,1.312447,-0.051058028,-0.17752647,0.70909256,0.94615114,0.46147904,0.58265966,0.81961995,1.1272583,1.3194296,1.4137071,0.73609674,0.55381924,-0.38859585,-0.33193722,0.4962511,-0.106855825,0.64537156
-1.8966148,1.0946658,-0.521924,0.91436327,0.48458457,-0.9879903,-0.3488026,-1.8252877,1.6451403,1.1955924,1.2383329,1.449544,1.4762923,1.2651659,0.20526342,1.0442501,2.2147317,0.5907125,0.18686034,1.1081554,1.3506637,2.4904535,2.2407966,1.5922424,0.30940747,0.5266964,-0.92343193,0.9568923,1.0650182,0.32582784,-1.1982297,1.0510104,0.7183427,0.7944729,0.4981426,-0.95256734,-0.2748454,-1.457253,1.1660415,-0.022560785,0.6120662,1.0126706,0.69641376,0.23809017,-0.06397717,1.0562413,0.64435065,0.7395052,0.8832704,0.95916116,0.64670557,0.80274844,0.69598705,0.82838416,0.7588404,-0.567702,-0.062491298,0.6374623,0.32878265,0.942449
-1.163245,1.4087212,-0.78159064,1.4407033,0.47326633,-1.1791098,-0.20236805,-1.0431023,2.0086381,0.55488646,1.4635457,1.8744923,1.3544911,0.9402913,0.4734621,1.3636045,0.71853304,0.19677581,-0.017571636,1.4327575,1.5887058,2.4122963,2.3085003,2.032498,0.64154047,0.5674758,-0.67947423,1.2662152,1.5487018,0.022500586,-1.4388565,0.63123333,0.01759142,0.62057173,0.4851838,-0.8959945,-0.19303939,-1.1612781,1.0695204,-0.6342045,0.5479821,0.787264,0.8288007,-0.18638025,-0.74935204,1.214617,0.5722204,-0.12401795,0.007094999,1.0394853,0.90591323,1.1261251,1.0581414,0.8062669,0.90513736,-0.39323273,-0.6878929,0.6478554,0.08118595,0.13190281
-1.8191196,1.1688021,-0.51778287,1.4618032,0.48232093,-0.32925364,-0.0051828832,-1.1620212,1.9065703,0.94977295,1.4698596,1.9637504,1.1583761,1.8433942,0.2021245,1.2735642,1.7086616,0.22070493,0.19512598,1.0360832,1.4324564,1.1654555,1.405864,2.0128655,0.5434314,0.8097834,-1.1301665,1.6142501,1.0755187,0.32498914,-1.2309765,0.81710196,0.75741833,0.9728152,0.417097,-0.9363523,-0.4017719,-1.3377155,1.2241961,-0.10817532,0.734335,0.82743764,0.793826,-0.025525551,-0.26167476,1.0222743,0.96860975,0.75464255,0.6039015,1.0266093,0.8782006,0.97933626,0.9027523,1.0754292,0.82761186,-0.53638434,-0.23104858,0.35390374,0.41875422,0.69709253
-1.0738732,1.8673002,-0.16408356,1.2978209,0.48005727,0.7889376,-0.097657,-0.9700571,1.9104851,0.45896846,1.7226743,1.8343232,1.8205907,1.1879253,0.13347518,1.2649502,1.8084476,0.95595515,0.16806957,1.2514096,1.499248,1.895908,1.8413842,2.0404377,0.6561408,0.36720952,-0.9352581,1.3175747,0.76107335,0.33327875,-1.2287046,0.7392769,0.2318235,0.72973096,0.3891515,-0.9453113,-0.51767427,-1.1415766,0.9030766,-0.5713975,0.46983278,0.5718164,0.7269436,-0.18869206,-0.65065527,1.0109428,0.5634202,-0.0074389437,0.15385687,0.82536155,0.7767203,0.92460513,0.8171051,0.60883653,0.7089574,-0.7832205,-0.4781201,0.65750766,0.15282635,0.23832954
-1.9629339,1.586823,-0.06675593,1.123429,0.4877537,-0.121027045,-0.04994954,-0.8550741,1.4972457,0.36394253,1.5870793,1.5402186,2.2393315,0.80510473,0.17300668,1.271422,0.92047274,0.87322664,1.1028758,1.3750631,1.4742601,1.7807719,1.6433195,2.024223,0.27320677,0.5060261,-0.5860843,1.7030097,1.6310234,0.93288684,-1.1678277,1.1371597,0.681897,0.97213405,0.47487873,-0.73238176,0.14298454,-1.1931272,1.3339956,0.08041388,0.9338645,1.1460395,0.85444665,0.36550322,0.034948125,1.2624125,1.0685709,0.84358555,0.97024536,1.2002174,0.93812484,1.0405993,0.91544694,1.232557,1.0049746,-0.34442016,-0.114549935,1.098665,0.6014263,0.9577163
-1.9441663,1.6003603,0.7347496,0.77555686,0.48820642,2.1770954,0.35587108,-0.53322834,1.6916165,1.9250118,1.6423861,1.8798707,1.8398265,1.9369658,0.8045024,1.1145712,2.1584814,1.7630128,1.1264658,1.1987818,1.9597521,2.2648332,2.0477138,1.9165494,1.4526738,1.2039673,0.18454307,1.1820465,1.7232052,1.1290219,-1.517658,1.0812827,0.8159738,0.5906532,0.5253268,-0.67112756,0.08196112,-1.3907111,0.9523137,-0.024158992,0.8015855,0.912134,1.218557,0.4323444,-0.18227483,1.2821169,1.233995,0.90718734,1.0971584,1.1222411,1.2867504,1.5383898,1.4121271,1.156026,1.0061748,-0.4454115,0.15780856,0.9343614,0.50243104,1.1244185
-2.0092201,1.5104916,0.06542485,1.0138156,0.48730096,-0.4559809,-0.16359836,-0.2926729,1.4542354,1.7560071,1.8446047,1.6804551,1.5862999,1.6150188,0.31191063,1.3282489,1.8820848,1.43943,0.9448696,1.3205913,1.7693614,2.4937322,2.4299595,2.123929,1.2200942,0.584852,0.0038059019,1.495161,1.870954,0.9888696,-1.9621863,1.0936115,0.7165094,0.54662424,0.36914432,-1.1288276,-0.14392714,-1.2981732,1.0446018,-0.20805739,0.9363403,1.433282,1.9952791,0.20021863,-0.9130464,1.5281223,1.291216,0.7064275,0.8279607,1.4199374,1.7710087,2.084805,2.0567725,1.5029911,1.4323621,-0.70044684,-0.57767075,1.4350021,0.6942069,1.0240806
-2.0244029,0.93568534,0.89107645,1.3410226,0.48458457,0.6642296,-0.18584545,-1.9268148,1.5988932,2.1707296,1.6783363,2.0586922,1.7869947,1.2228826,0.34686753,1.3073095,1.2158017,1.3806142,1.3348055,1.4111269,1.7562301,2.7192292,2.499626,2.1171594,1.4958779,-0.67839295,-0.515816,1.4628174,2.464199,1.5275052,-1.564969,0.9058685,1.1733415,0.35407388,0.6663085,-0.7820695,0.09163659,-1.3001908,0.7247389,0.22832102,0.8895329,1.409663,1.6050959,0.62548536,-0.0371655,1.1036866,1.2005743,1.4088265,1.5629203,1.2959429,1.6042161,1.8477403,1.9897003,1.3555535,1.0328385,-0.13086708,0.6285647,1.0277287,0.686421,1.6929114
-1.8710994,1.8856612,0.85132974,0.9635085,0.48820642,-0.96561223,0.08524339,-0.91078824,1.6335357,3.1605308,2.0593548,1.7836903,1.0583354,1.6286727,0.39672866,1.3986213,1.3702716,1.7713908,1.5053554,1.6251941,1.6976835,2.0099006,1.5701545,1.8309706,0.7889955,-0.49206835,1.4534972,1.1913251,2.519923,1.5246568,-1.2476898,0.8261319,1.5071144,0.21067898,0.6733085,-0.3892263,-0.23612782,-0.87291276,0.74249077,0.5321104,0.8875554,0.89956754,1.4477519,0.7070858,-0.013130681,0.96870184,1.3943602,1.4908794,1.5957042,1.097678,1.5515698,1.4905511,1.6300985,1.184069,0.9855165,-0.54284406,-0.033161126,0.7951148,0.756093,1.5744978
-1.4756103,1.0186895,1.9437582,0.7588866,0.49182826,0.35763308,0.24746044,-1.4887187,1.278796,3.7715626,2.300356,1.486681,0.24354917,3.2787077,0.9762929,0.44058102,1.490573,1.958835,1.946257,1.1474127,-0.0932299,-0.30750594,-0.45876005,1.1696451,0.8388998,0.7177619,0.6749087,1.3433452,2.8938472,1.8320738,-0.8366228,1.474362,1.5737952,0.25648916,0.5647592,-0.20842707,-0.47081307,-1.0124745,0.7493664,0.9950678,1.0932412,1.2404941,0.6020594,1.0739598,0.77800816,0.5472272,1.1316375,1.8397801,2.0282707,0.5941121,0.22984277,-0.071999066,-0.029867282,1.2362746,0.4650618,-1.0262215,0.9702989,0.5296752,1.0965569,1.8297073
-1.9974113,1.3859224,0.94761723,0.69355965,0.48820642,2.1046836,0.25189346,0.9900777,1.4528888,3.3868973,2.0347822,1.8058735,1.4919093,2.422766,0.54232234,1.073018,1.7865088,1.9924216,1.4709576,1.3026059,1.3316461,2.3154995,2.2934632,2.2111456,1.4412076,0.30309245,-0.14232317,2.0483212,2.5805204,1.6350784,-1.1845397,0.98212475,1.019668,0.78636414,0.3269679,-0.24779744,-0.19970006,-0.8296138,0.9443525,0.7475566,0.8012114,0.91361606,0.7149132,0.5852455,0.3355758,0.7810045,0.8197048,1.2459632,1.3604258,1.1214728,0.8760663,0.9086691,0.9049719,0.95755494,0.8112023,-0.511309,0.27172995,0.60962903,0.73465246,1.3138405
-0.34606692,1.9802368,1.176107,0.75385463,0.48277366,-1.062676,0.07393147,-0.59093875,1.6417972,2.6840293,1.8075552,1.774972,0.9372226,0.515068,0.6215422,1.0425497,1.7488465,2.3531597,1.828488,1.4360332,1.0642505,2.219343,2.1979544,1.8487738,0.7422485,-0.05085112,1.3073522,1.725401,1.9273545,1.7121408,-1.1111256,0.97557217,0.90640974,1.0793723,0.30358925,-0.5147533,-0.054605126,-0.9171258,1.1025012,0.8493072,0.8387998,0.8144247,0.67473334,-0.04002493,0.65567374,0.6055199,0.7403125,1.0369385,1.0147572,0.8784766,0.56823105,0.76077074,0.6273875,0.78706545,0.81767803,-0.6746591,-0.15327193,0.5707694,0.85791135,1.049479
-1.154137,1.0898507,-1.3280894,0.9490403,0.44474432,0.56920147,0.17187387,-0.23591681,1.8329467,-0.41736415,0.7751623,1.1506792,-0.12096805,-0.2561218,-0.18677044,0.7320597,1.414544,0.043613944,-0.39897358,0.75927955,0.21057701,-0.67775065,-0.8842348,1.0022049,-0.12431279,0.81074023,0.11703255,-0.13871177,0.32009903,-0.3092969,-0.8678855,0.24035037,-0.07496531,0.9085733,0.22472699,-0.6777306,-0.0015170611,-0.8212567,0.68543595,-0.1602328,0.38482457,0.43860486,0.2919817,-0.65468645,0.23625425,0.2803578,0.16849004,-0.012889919,-0.08252315,0.48742613,0.23560794,0.31749764,0.2635156,0.34937766,0.3234067,-0.3336585,-0.702572,0.42447433,0.14354979,0.016337883
-1.4048629,0.6985999,0.3213442,1.1257024,0.47236085,-0.34143195,-0.12274162,-1.4401283,2.1780713,-0.5976571,1.2979246,1.5651412,0.6028785,-0.4950315,-0.38984397,0.9500923,0.76977146,1.4198532,1.0197577,1.3176976,1.3170114,1.9494603,1.720449,1.433204,-0.10665756,-0.09884023,0.44688606,1.6840237,0.81829697,0.9043753,-0.73004705,0.42995837,0.15934728,0.8870276,-0.18261676,-0.6070127,-0.10360566,-0.78163195,0.72294456,-0.14549263,0.30714577,0.19611998,0.6627932,-0.38101646,0.113362834,0.47117105,0.57276285,0.1091307,0.06428383,0.5752528,0.46292198,0.8732806,0.8718758,0.37469238,0.36749431,-0.3167482,-0.45014673,0.1718246,0.13487399,0.15838037
-1.8314556,0.86835444,-0.54764616,0.60680425,0.48232093,-0.83742946,-0.26300326,-1.7771319,1.753036,1.1354312,1.1986879,2.062617,1.4967841,-0.5166453,-0.02298774,0.9094821,1.3833296,0.84658754,0.9113043,1.4031513,2.342271,1.4257418,1.0965565,1.893769,0.90498596,0.47571418,-1.105252,0.96485275,1.481123,1.070704,-1.5422026,0.9758008,0.935973,0.7459277,0.49477008,-0.5703601,0.59668785,-1.2105644,0.956038,0.060567383,0.8826849,1.0187777,1.2875187,0.66018224,-0.14573313,1.3008579,1.3557652,1.0178291,1.2040501,1.385662,1.3604887,1.7351683,1.6206082,1.2403451,1.0691636,0.17820926,0.0031039119,0.8961655,0.61282784,1.2434429
-1.8896561,0.3123246,-0.5468505,0.5231707,0.48413184,-0.63880265,0.44673127,-0.43101814,1.6485289,1.2112359,1.2280813,1.0184394,1.2818451,0.81431484,-0.41044414,1.0587968,1.4404112,0.6672429,0.6658998,1.3587129,1.496471,2.190212,2.242183,1.8740388,0.7966516,0.72621936,-0.8421902,0.91623783,1.5096667,1.0663818,-1.5568182,1.1293107,0.98116046,0.3731427,0.4381419,-0.8969786,-0.1006735,-1.1844682,0.58205557,-0.5619535,0.49471503,0.8388694,1.2158407,0.5535694,-0.3385476,1.1115223,1.1286418,0.99271274,1.2232836,1.0033959,1.300227,1.2666608,1.299145,1.074368,0.949877,-0.42108697,0.34952027,0.7426173,0.16676551,1.260452
-1.0755847,1.0400231,0.16795306,0.7496048,0.47915182,-1.8921063,0.1405739,-1.8411078,1.4719226,0.38636497,1.0508275,1.639849,2.4490943,1.4529413,-0.32673362,1.248162,1.7752899,0.763351,0.8266499,1.2705796,1.5792774,1.6967181,1.6561327,2.0214076,1.036193,0.6394749,-0.45230693,1.5125089,1.1062417,0.7768918,-1.6226399,0.7884331,0.19187473,0.53570175,0.4965677,-0.6597121,0.012531782,-1.1930673,1.0034322,-0.56244236,0.5505836,1.1640252,1.0573735,0.066783786,-0.75841075,1.2894527,0.8359553,-0.009098222,0.09071906,1.1768626,1.151141,0.8867248,0.7503022,1.1074183,1.1163259,-0.34168917,-0.5612061,0.9476393,0.3964653,0.26749548
-1.7077795,1.2827208,0.1309174,0.23973064,0.48186818,-1.727568,-0.7135141,-0.8603124,1.5007792,1.1132314,1.5953008,1.4672116,2.0772917,1.5064389,-0.13668482,1.3994489,2.1943865,0.83311856,0.82100254,1.0986729,1.4082708,1.7603339,1.4082901,2.0603085,1.3157185,0.50753564,-1.06724,1.2914231,1.4100395,0.87567633,-1.1399604,0.6373517,0.5891549,0.33952892,0.7266166,-0.75817525,-0.08864256,-1.1574146,0.51841104,-0.7175298,0.33432615,0.6534006,0.673953,0.31108344,-0.20775586,0.88462394,0.39280015,0.63642657,0.7403545,0.8147751,0.9531902,0.86660385,0.79844284,0.64317787,0.7958447,0.086200334,0.06923573,0.35870913,-0.16775264,0.7619893
-1.7565963,1.6698225,0.016689973,1.0094069,0.48005727,-0.26892975,-0.26446855,1.1380936,1.7976114,-0.3255592,1.3219725,1.8116716,1.1502687,-0.1013253,-0.31354216,0.8093608,1.274905,0.30529073,0.24582888,1.561237,1.874079,2.0752769,1.4245585,1.372726,1.671152,0.68843967,-0.95756483,0.84103966,1.1959355,0.01943231,-0.92618155,0.88893336,0.27890643,0.71638864,0.44027284,-0.56606996,-0.17020369,-0.78326625,0.9864689,-0.3853003,0.59055156,0.70792437,0.2986065,0.23722821,-0.4093472,1.0071168,0.48957068,0.20398635,0.40117133,0.9073733,0.4045492,0.4497327,0.38654113,0.6266461,0.64830506,-0.35898048,0.00864506,0.45051607,0.10730946,0.38991678
-1.8579199,1.2470435,-0.055544768,0.8267106,0.48413184,1.5842743,-0.09020841,-1.3910277,1.605389,0.09778591,1.415564,1.6559571,1.8256134,0.7852124,-0.6454146,1.0417037,0.08631224,0.4940742,0.30069783,1.2611469,1.8090117,2.2885053,1.9477906,1.5607901,0.6486451,0.62609226,-1.1633136,0.2735947,0.90532255,0.32951546,-1.2495403,1.1661202,0.7049407,0.66902417,0.63873744,-0.6188475,-0.037352458,-0.720488,1.008852,-0.29923585,0.76203233,0.85274994,0.7055631,0.35928035,-0.53707886,1.3625478,0.47224376,0.69197494,0.825163,1.2390163,0.7726057,0.9886182,0.87060016,0.8978094,0.9309907,-0.31122085,-0.1718094,0.7060866,0.26316217,0.8792124
-0.7155696,2.197684,0.6585571,0.22690085,0.49182826,1.5694064,0.049293928,2.2443693,1.5011781,1.0662495,1.1407039,1.3763964,1.823469,2.399395,-0.86088365,1.1166464,0.9585824,1.2863256,1.5878066,1.3909471,1.8305503,1.1613718,1.4785833,1.5275854,1.3504976,0.80245197,2.4383156,1.4778888,1.6595445,1.4967257,-1.6410639,1.1818347,1.052879,0.33386764,0.6214232,-1.0042473,0.02566725,-1.3257154,0.72637326,-0.8509037,0.6184529,1.0607696,1.0527761,0.80147696,-0.5238025,1.2400212,0.8199154,1.0786645,1.4704883,1.2280468,1.0496489,1.06063,0.9547597,1.0738976,0.8634685,-0.27332252,1.3124319,0.88871324,-0.080237135,1.3507079
-0.797851,1.5176213,0.95095205,0.18974352,0.49454463,2.6474452,1.5971899,-0.14187,0.68816775,2.570492,1.0614991,1.3202447,0.70401335,3.1587315,-0.19917206,0.94688404,1.3000896,2.0866969,2.023135,0.9067689,0.9658313,0.49661267,0.24246727,1.7786403,0.9216863,1.3934016,2.8956888,1.3106354,1.3356781,1.7112119,-1.481483,1.5880983,1.7561336,-0.3334919,0.60789317,-0.044139158,0.1256071,-0.6737595,0.35150987,0.2685259,0.8710613,0.8186375,0.6889741,1.8873945,0.48511565,1.0032835,1.0777999,2.043636,2.416768,0.9654212,0.60509676,0.6054232,0.70596206,0.94137985,0.73059815,-0.21102396,2.6329005,0.80482244,0.5693783,2.225989
-1.7346656,1.3715372,0.85876715,0.7756977,0.4895646,0.22248347,0.46094194,-0.6519874,1.3405946,1.8105899,1.5631146,2.0433745,1.1945279,0.60590404,-0.09847316,0.8388596,0.39230704,1.4193106,1.6329507,1.2883612,1.4392278,1.7061028,1.6584606,1.1637658,0.96782196,0.992431,1.8476098,1.5284616,1.8340211,1.6450467,-1.2130048,1.0205754,1.082626,0.543602,0.54672295,-0.73344195,-0.060263813,-1.0946332,0.7125796,-0.5040886,0.6048976,0.9042818,0.9133668,0.30797243,-0.07237212,0.9741238,0.8529039,1.2636943,1.4406466,0.9995631,0.9740623,0.9776485,0.9579027,0.90361977,0.75740767,-0.45641425,1.5758067,0.62252814,-0.0042756964,1.3733399
-1.9052606,1.3075374,0.9976249,0.8648116,0.48549002,-0.35003048,-0.17083938,-1.413234,1.4431119,2.3450694,2.1790292,1.8550191,2.090764,1.8884032,0.56150734,0.99414593,2.059406,1.4822575,1.687889,1.3678433,1.7303677,2.135017,2.145936,1.6047018,0.94645065,0.49456993,0.3161849,1.1246158,1.925648,1.5857017,-1.4999835,1.2853492,1.0724695,0.72444654,0.5338513,-0.4977317,0.08803574,-0.86414796,1.0148337,0.21679106,0.8205655,1.4184803,1.0687568,0.91541475,-0.09643352,1.0827001,1.1662992,1.1419232,1.401243,1.2068454,1.0077316,1.1985816,1.1537634,1.2587148,1.0923598,-0.49135405,-0.24248838,0.98275113,0.56299007,1.4071077
-1.7196938,2.0193336,0.85601383,0.91563433,0.4850373,1.3606325,0.4380244,-0.5002833,1.7102196,2.462077,2.030228,1.31159,1.9429923,2.2333188,0.46036094,0.9391225,1.6999724,2.132613,1.5604142,1.3665786,1.0845222,2.2479863,2.0095944,1.4841753,0.2441459,0.43818942,0.030706199,1.6195347,2.0584385,1.4685268,-0.9741453,0.6584356,1.1660197,0.26098943,0.37015104,0.08588016,0.25669575,-0.067633204,0.26218024,0.32669684,0.46334457,0.6042341,0.39861196,1.0702975,0.40575987,0.4806576,0.5416516,1.2980142,1.3969395,0.6146507,0.438743,0.3413803,0.41417772,0.48316425,0.35386482,-0.07374918,0.5891689,0.5455288,0.28742343,1.3214803
-1.8461112,0.9864477,0.79989326,1.343183,0.49001732,1.9161783,-0.08986271,-0.25684807,1.0885054,3.0522823,1.94236,2.3134432,0.77451587,2.216018,0.7603024,0.9814934,1.525183,1.7348078,1.4063051,1.2159401,1.3749741,2.2336364,1.9903139,1.6988746,1.5059534,0.0051320987,0.0408882,1.348696,2.3553321,1.2409757,-1.1850088,1.0105712,1.4042708,0.57262003,0.598905,-0.24059384,-0.06736458,-0.8488375,0.7926742,0.4215339,0.7044724,1.2188908,0.9316906,0.6322671,0.40972015,0.92067116,1.1146086,1.4534442,1.5364013,1.1901321,1.1135587,0.9965565,1.0131407,1.2083054,0.96114564,-0.5481827,0.28307116,0.75809157,0.7698552,1.6199203
-1.9691546,1.2734028,0.8033866,1.0557135,0.48820642,1.9111915,0.19913484,-0.89142424,1.3670585,2.6544235,1.8711419,2.0619369,1.5361835,1.8437004,0.6510763,1.3810534,1.0664629,1.6274527,1.7346334,1.3089427,1.3978908,2.5151968,2.0551958,1.5869892,1.1591042,0.260784,0.051003322,1.2481751,1.8134092,1.638982,-1.3073254,0.9071385,1.137811,0.7738692,0.5273709,-0.41273266,-0.005411586,-0.9664027,1.0309188,0.4862036,0.8223604,0.8354498,0.73456573,0.45293012,0.40830594,1.0024638,1.264804,1.2812545,1.3717765,1.1574444,0.9420078,1.0862927,0.9858125,1.0646205,0.8046724,-0.38425076,0.34692606,0.6838681,0.6699369,1.3885418
-0.5910729,1.636158,0.5426661,0.8411292,0.48684824,2.1021655,-0.08584864,1.0784944,1.1927452,2.3944318,2.054864,2.1299064,1.0231452,0.8941143,0.95449907,0.9282366,0.8724375,1.6377708,1.0176442,1.527933,1.6019905,2.2039955,1.8335338,2.2467499,0.8787681,0.23809025,-0.30740383,1.6387272,1.9716358,1.0530033,-1.3783216,0.8452703,0.45956025,0.6233482,0.49246782,-0.50296485,0.15372565,-1.1622983,0.8231631,-0.07141842,0.834914,1.170564,1.2044283,-0.13020092,-0.09948048,1.0815454,0.88026464,0.6026326,0.58908516,1.1085954,1.1863828,1.4027001,1.3492175,1.0984579,1.056031,-0.18214348,-0.5874057,1.0192146,0.6301231,0.6735999
0.81864285,0.7318711,0.8408137,0.834583,0.48413184,0.87849313,-0.21595898,-0.36105195,1.1115698,2.1417713,1.3936889,1.5467161,1.6613281,1.2594668,1.8065071,1.0727981,1.209006,1.2428126,1.1618807,1.381504,1.6278976,2.3100812,2.4097986,2.108428,0.9579682,-0.0304657,0.52096665,1.9563881,1.9297721,1.2485206,-1.0999804,0.7469676,0.5121016,0.9900062,0.6450393,-0.7252369,0.11688444,-0.9523084,0.81528074,-0.3403472,0.66551745,0.6256207,1.0603317,-0.50518423,0.16854969,0.65170085,0.35409033,0.5156819,0.48245162,0.971053,0.9441226,0.7782372,0.88245463,0.9197311,0.7193929,-0.56828725,-0.5120991,0.6895051,0.23468728,0.6612566
-0.8325582,1.036387,0.68303454,0.7647743,0.46421173,-0.13956694,0.1913773,0.72040546,1.8253155,-0.22991797,1.0673469,0.97435343,0.08666301,-0.23931709,0.55784374,0.5866301,0.72007406,0.4119599,0.04957327,0.8512152,0.02461209,1.8123386,0.98382914,1.2993491,-1.088846,1.1007133,-1.2178298,0.39610437,-0.2976446,0.007102858,-1.013196,0.3706277,-0.1516282,0.92039156,0.6687372,-0.462904,0.4830992,-0.5278246,0.73046917,-0.24193113,0.67075586,0.572062,0.66231114,-0.6044471,-0.14764594,0.53090835,0.78669584,-0.12086523,-0.27619165,0.42572793,0.1933018,0.06385075,0.11837142,0.92798835,0.61537665,-0.085556924,-0.34971657,0.76678544,0.27895415,-0.12703952
-0.78108317,1.5249008,0.22783348,0.69139993,0.47281358,0.43748316,-0.13503107,-1.602502,1.2410699,-0.43472382,0.7880392,1.7789669,1.290727,-0.2993932,0.42949077,1.1989714,0.73655385,1.0896674,0.29641867,0.9877287,1.656803,2.0074136,2.3261487,2.0461836,1.1300913,0.53087646,-0.3161903,1.1580774,0.01953447,0.26865903,-1.3795425,0.8977516,0.23120584,1.1682031,0.64274406,-0.5684638,0.2881679,-0.9867006,1.2758042,0.033959962,0.9970493,0.9207758,1.2855612,-0.08264843,-0.21365698,1.3044631,0.8993014,0.36038905,0.38961104,1.181834,1.091118,1.3417318,1.2630732,1.1780998,1.018567,-0.07208519,-0.2690517,1.0037802,0.78746843,0.5285983
-0.8147396,1.3899782,-0.011649095,1.7209405,0.4384061,-1.085682,1.0331496,-0.972565,1.6069613,0.16344793,0.99274415,0.910603,0.7585189,0.06122407,1.5552402,0.592457,-0.17247693,0.26254404,-0.17078586,1.031023,0.6947249,-0.1262968,0.44467077,0.9647862,-0.225711,1.1790614,-0.6785411,0.7501751,0.4454188,-0.0012138603,-0.95643014,0.37550527,0.09010708,0.63851213,0.39994752,-0.79652673,0.34230947,-0.9697438,0.62383866,-0.15934376,0.34115708,0.33285257,0.58490574,-0.61886626,-0.11364868,0.6754413,0.43018627,-0.015069651,0.07202147,0.47388828,0.37074244,0.402028,0.38788846,0.4721365,0.55632025,-0.07938969,-0.22081824,0.52426493,0.24707271,0.18530382
-1.4821472,1.4298383,-0.33291143,0.67659676,0.47236085,-0.754462,-0.17970474,-0.90396816,2.0519626,0.11870824,1.70096,1.9965484,1.7499465,0.5470165,0.4955846,1.1334702,1.0965602,0.41412774,-0.016400905,1.4218405,2.1141212,0.85253567,0.758866,1.3224117,1.4636343,0.611884,-0.22239374,1.8324896,0.72290003,0.20793569,-0.8318483,0.31605303,0.12067848,1.2072159,0.05624521,-0.6262574,-0.36073482,-0.9165283,1.0371908,0.3776925,0.41261417,0.4653997,0.19106425,-0.33201152,0.4082634,0.34575373,0.5460849,0.23981917,0.11031166,0.49500299,0.161073,0.18020369,0.11815847,0.47621307,0.27089566,-0.7544889,-0.14687048,0.28069,0.45801702,0.19415328
-1.9964623,1.5249994,-0.6207811,0.7208173,0.48367912,0.14328447,0.5417957,0.5298593,1.6251678,0.3242333,1.8886617,1.6419147,2.0806677,0.82294416,0.17713681,1.2746588,1.3623468,0.57267874,0.50363344,1.4541867,2.1810021,2.2477915,2.0443013,1.3706853,1.0637026,1.0210946,-0.51380724,1.1694907,1.2747709,0.80900484,-1.2862843,0.8150524,0.6144364,0.33475158,0.564467,-0.07784377,0.4475503,-0.7340583,0.81293696,-0.13079247,0.59868693,0.9319432,1.255194,0.28181732,-0.57759696,1.2762861,0.8062671,0.50177145,0.5771547,1.2393166,1.3151284,1.3856792,1.2486479,0.9576962,1.1003695,-0.016832918,-0.48479125,0.9590822,0.5041425,0.8060837
-1.9605088,1.4342598,0.7919563,0.70876396,0.49001732,0.18469672,1.0893745,-0.40690958,1.219685,1.4070822,1.6408714,1.072658,2.200446,2.142033,-0.61693156,1.0674218,1.7110847,1.317805,1.5547423,1.4807891,2.1692579,1.3162411,1.1119187,1.6425433,1.7762072,1.3610793,-0.23948859,1.2380707,1.6841524,1.3547357,-0.83825684,0.9699102,0.94616824,0.77471226,0.48089668,-0.39432713,0.1850623,-0.40410912,0.9599993,0.38414156,0.71523416,0.78807116,0.5152682,0.83773977,-0.14834948,1.0235533,0.9677009,0.93152624,1.0417056,1.0389869,0.7023961,0.7953479,0.65849185,0.79548174,0.75926125,-0.33258814,0.18699798,0.7280445,0.62890714,1.1276072
-1.8804832,1.0146981,0.6528386,0.6803597,0.48820642,-1.1485294,0.3410799,-1.8127707,1.7183555,1.0617651,1.1810731,1.5058532,1.6352879,0.9773713,-0.19693373,1.1864446,1.269124,1.025225,1.4393697,1.4434078,1.669984,1.8903543,1.7162607,1.5737122,1.4179169,0.9968178,0.7971638,0.37178355,1.1208147,1.5051564,-1.0610576,0.87080514,0.6148123,0.64956033,0.4864266,-0.6405231,0.15659706,-0.99762625,1.0409199,-0.119791806,0.6228183,0.7363428,0.46674412,0.4029905,-0.5448401,1.1562829,0.5330686,0.6307854,0.8323244,1.056294,0.8328785,0.73559904,0.69857574,0.8285842,0.7721318,0.108598515,0.17176202,0.66034126,0.34789562,0.8644134
-1.7884378,1.2196391,0.19676651,0.6463094,0.48684824,1.0299553,0.12849095,-1.2163651,1.5944581,0.030870553,1.3958129,2.193773,1.4044323,1.7978227,0.71308374,1.2689501,1.5812508,0.49447525,0.31111568,1.0854042,1.368696,1.0917432,1.1502153,0.88526267,1.342181,0.91501385,0.039916355,1.0155019,0.55228585,0.055292033,-1.1512717,0.7357057,0.5350201,0.3398722,0.5400983,-0.58141494,-0.010624161,-0.70173675,0.6897498,-0.68702185,0.4605683,0.9655413,0.85361457,0.2669046,-0.535585,1.0162987,0.8466527,0.47527057,0.51684934,0.9467159,0.8896537,0.90060985,0.7862304,0.71320534,0.9456662,-0.1008072,-0.1553716,0.7034588,0.068158,0.6411869
-1.8365165,1.0582229,0.64369494,0.44198582,0.4850373,-1.1307974,0.049327966,-1.3725133,1.5165913,-0.13524309,1.1774551,1.7358669,1.9494365,1.5931871,0.6665347,1.436168,1.8282055,0.6181909,0.9129573,1.3669282,1.9706404,2.066746,1.7402154,1.2795185,0.87002665,0.19953911,-0.8471286,0.9695001,1.0983696,1.0383161,-1.0415474,1.0396562,0.89539504,0.48884803,0.4200122,0.11033277,0.34688672,-0.22400454,0.79175234,-0.045144185,0.63545793,0.7803998,0.70125645,0.95044315,-0.44018394,1.190109,0.9416172,0.73830193,0.8918912,1.0652057,0.9123539,0.9682338,0.93756574,0.86020255,0.7758901,-0.10188444,0.18219389,0.57666904,0.33925572,0.973745
-1.8149022,1.1094003,0.20411766,0.7399089,0.48684824,-0.9075405,-0.27560455,-1.762181,1.4607133,0.03502164,1.8456538,1.9058757,1.4945618,1.3079983,0.29253066,1.3900712,1.8578823,0.65132266,0.99192446,1.4923929,2.3560069,2.3210297,2.3518643,1.3464929,0.6954266,0.20473738,-0.45361638,0.74138075,1.161787,1.0659858,-1.3580405,0.92534065,0.8545817,0.312602,0.47992766,-0.8847999,-0.011375455,-1.3428066,0.5525786,-0.32470483,0.5257145,0.6641352,1.0902923,0.34148446,-0.342392,1.123135,0.73881686,0.7743305,0.98495865,0.9356564,1.3950056,1.396283,1.247262,0.91447115,1.1169807,-0.14650527,0.1317499,0.7170634,0.30051947,0.9835268
-1.1099023,0.7561426,1.1704229,0.43516544,0.4940919,2.966454,0.24774565,-1.3803585,1.3409741,1.8573037,1.4930578,0.8362677,2.409825,2.5302622,1.2940601,1.1844343,1.7091075,1.4875684,1.6939332,1.2247919,1.2865254,2.4192643,1.9130844,1.6327261,1.0818368,1.1331244,1.5649637,1.2902043,1.4727991,1.5775952,-1.1899478,1.1585364,1.361177,0.4119365,0.60293293,-0.32414818,0.46110266,-0.8423208,0.95420516,0.33251792,0.9205605,0.9281498,1.1837604,0.7726589,-0.035062034,1.4670892,1.3224999,1.3342516,1.4737675,1.41947,1.4470558,1.4635482,1.3530107,1.1714904,1.2472434,0.109123185,0.55054784,0.9089064,0.79534274,1.5460402
-0.57040334,0.81329167,0.7796297,0.73581636,0.49273372,2.1063697,0.6452167,0.68807477,1.5448887,1.8462121,1.8787651,1.4996003,1.7981107,2.3307066,0.14693744,1.1482308,1.1760978,1.1649494,1.3148129,1.2485113,1.3188037,2.471488,2.1355426,1.0659939,0.6481161,0.9609622,0.15472142,1.3033718,2.1632125,1.3216271,-1.4695864,0.7640252,0.6973681,-0.061866283,0.6177353,-0.16913196,0.13946,-1.1096401,0.40091997,-0.7829651,0.2299503,0.8195534,1.1952608,0.49947542,-0.4336463,1.0359246,0.8329029,0.5390571,0.7820027,0.9586167,1.4498395,1.5691503,1.4975765,0.7572978,0.9595647,-0.20776087,0.051637538,0.80470955,-0.13463043,0.84795916
-1.1306614,0.7690452,0.80565107,1.1519735,0.48820642,-1.155374,-0.051834546,-1.8095546,1.3002342,0.78185636,1.6452992,1.5786818,2.152559,1.3588092,-0.39819944,1.0156485,1.5119592,1.581712,1.3394201,1.357054,1.7959063,2.0042055,2.0856571,1.7696195,0.8401092,0.6564607,-0.31417915,1.2877156,1.1795377,1.4120069,-1.7083539,0.8627616,0.3472809,0.551328,0.47173074,-1.2805222,-0.4544923,-1.6911325,0.908512,-0.6863216,0.65472084,1.3989867,0.9167465,-0.14991015,-0.6730104,1.1905214,1.0048497,0.31501067,0.43362713,1.0129492,1.0009143,1.1644856,1.1257931,1.1425375,1.1695726,-0.5577246,-0.41144323,0.864913,0.27655327,0.62863076
-1.8807994,0.8969737,-0.0013448392,1.0413352,0.4877537,0.0011208904,0.20065135,0.6157346,1.6189101,1.902777,1.8995417,1.5902892,1.6014743,1.9349757,0.6892252,0.9307525,1.8586624,1.2232622,0.84138167,1.2036314,1.6746453,2.0634432,1.6285052,1.647438,1.3215737,0.3632407,-0.29987848,1.5807035,1.9359733,1.1113762,-1.2364669,0.6887825,0.59477794,0.535788,0.47391692,-0.34048134,-0.41073152,-0.87074643,0.72281516,-0.27602273,0.5424913,1.2688732,0.8101319,0.14783634,-0.5245872,0.9961652,0.94390017,0.5676665,0.6901327,0.7977141,0.66368365,0.41535076,0.5060745,1.0039638,0.75103545,-0.67982405,0.086472794,0.60727185,0.35765806,0.7482215
-1.9481728,1.7129581,1.047072,1.4152988,0.48549002,0.1916917,0.4940096,-0.6852555,1.6776556,0.6393242,1.4749798,2.2034369,1.8831627,0.77178913,0.6373468,1.2638102,1.2256283,1.1979845,1.4566597,1.5157812,2.112843,1.7674474,2.092093,1.4392328,0.9144202,0.10514831,-0.71917725,1.5533547,0.9834514,1.5200155,-1.6165931,1.0614842,0.87311494,0.41786155,0.7283878,-1.107065,-0.074769326,-1.5955555,0.81826925,-0.50968796,0.6839879,1.4663826,1.582841,0.23994814,-0.54090965,1.2086552,1.0135412,0.94197285,1.1176612,1.1666213,1.3378683,1.540331,1.4759086,1.3388778,1.0521181,-0.60553133,-0.24967697,0.9494982,0.35218832,1.2632807
-1.2777286,1.3515755,0.23795617,1.0843244,0.4786991,-0.324017,-0.40551108,-0.9818167,1.513655,0.91663533,1.468972,1.7515011,2.0641937,-0.03041031,0.18395144,1.2731047,1.1634488,0.9328678,0.99093807,1.3551254,2.029111,1.9856905,1.9571354,1.8716614,1.1420329,0.16099077,-1.3835027,1.8256482,1.5230836,0.8995413,-1.8343517,0.9146513,0.98037136,0.5855611,0.5578721,-1.086506,-0.17086372,-1.7196343,0.9242492,-0.22765891,0.90349156,1.5783579,1.4115824,-0.14782923,-0.2706842,1.1664124,1.2506123,1.1156423,1.0092409,1.2497698,1.4886857,1.6718646,1.5853528,1.419428,1.315114,-0.5679414,-0.24818778,0.8939995,0.63744974,1.1159129
-2.0071113,1.4408258,-0.4973831,0.8846027,0.48277366,1.6167338,0.19311671,-0.9578886,1.0641611,1.4936314,1.9069175,2.0066254,1.6926255,0.9208813,0.17318739,0.86120194,1.270753,0.86834043,0.31643105,1.5394329,2.0602596,1.9455217,1.5860828,1.7976401,1.5941769,0.41249898,-1.0154641,2.0492454,1.9256154,0.6521676,-1.623889,1.0788417,0.8696354,0.6156639,0.28533086,-1.1276156,-0.390495,-1.714643,0.9269848,-0.1433297,0.8611283,1.3011748,1.5097018,-0.15797226,-0.053886473,1.1007937,1.0778142,1.1560014,1.0663266,1.2398775,1.3827977,1.5516526,1.4828247,1.2090762,1.1324732,-0.8218679,-0.45069999,0.7620707,0.53816724,1.1430526
-1.277482,1.4919666,0.78686935,0.9515025,0.48684824,0.53861296,1.1404887,-1.8937837,1.495582,1.838844,1.9856666,1.6478187,1.9132785,2.1080759,0.57694936,0.96654093,1.4501597,1.9085604,1.6612946,1.4801189,1.4337171,2.18177,2.0980153,1.8514705,0.4872786,0.06816033,-0.3165489,1.7550193,1.6744932,1.7364348,-1.527208,1.1638967,1.3589259,0.53288555,0.5974924,-0.18698385,0.62034607,-1.1599014,0.783556,0.24167986,0.8761165,1.270136,1.6522083,0.9356287,0.16944171,1.1744735,1.0768608,1.610722,1.704453,1.3617034,1.5535951,1.6964927,1.5660056,1.3936279,1.3080722,-0.29567128,0.25020728,1.1987869,0.83653957,1.7667488
-1.5442488,1.7877759,0.9321107,1.3781489,0.4786991,-0.5227812,-0.8829546,-0.987464,0.76581144,1.4971911,1.7071201,2.1293693,0.99292535,0.11270431,0.90571505,0.51744354,1.6552978,1.2940975,1.4462945,1.4944013,1.8724835,1.0808948,0.99230194,1.4543629,0.02971726,0.2125545,-0.5703408,1.2986104,1.4730043,1.4089388,-0.83252394,0.68560606,0.8876503,0.9232113,0.51295143,-0.723406,-0.30928227,-1.0464822,0.64397264,-0.3563839,0.5247349,0.48687774,0.92226964,-0.65993065,0.46310782,0.36952606,0.9258285,0.7830286,0.72337556,0.67480695,0.6574585,0.43857238,0.6240215,0.80002165,0.24118017,-1.1746577,-0.16332771,0.38780442,0.081703484,0.82367104
-0.27069163,1.8121365,1.3442985,1.1887672,0.42889878,-0.6873609,0.24835882,-0.5449867,1.4380798,-0.6461875,0.6178866,-0.5713366,0.07487211,-0.505926,1.3045738,-0.48124915,0.61922175,0.6674646,0.29375276,0.49898565,0.08696715,0.020949777,0.66074413,0.9948096,-0.6464818,0.28023255,0.5217444,-0.9757444,-0.99392,0.5215609,-0.0028497726,0.09737966,0.5741674,0.04924172,-0.10031968,-0.21122728,-0.5529108,-0.59896797,-0.32867792,-0.312015,-0.29571837,-0.20854498,0.22460802,-0.27464867,0.6527829,-0.4223909,-0.03540302,0.61809963,0.5475305,-0.2520596,0.0061923815,-0.008291715,0.11812685,-0.17079817,-0.40998343,-0.64608586,0.043797024,-0.24315105,-0.5053871,0.46825823
-1.6215332,1.0713485,0.56631535,0.66377336,0.47915182,-0.89483595,-0.16486943,-1.1507921,1.9254482,0.00465123,1.4812044,1.7668355,1.765452,-0.3083342,0.6224204,1.223876,0.95810705,1.1730585,0.726634,1.2364788,0.9111036,2.0477889,1.8867377,1.674212,1.3442605,0.41864553,-0.88412017,1.6446656,0.6224031,0.7414132,-1.6973895,0.9243643,0.9262485,0.72209066,0.528499,-1.203986,-0.099521205,-1.49415,0.8495765,0.03258412,0.97666425,1.1584165,1.8359374,0.014133602,-0.37103513,1.19721,1.2226566,1.0884498,1.0513552,1.2456918,1.711765,1.9200045,1.9191686,1.3613099,1.2339548,-0.2212671,0.06414038,0.8217719,0.66488004,1.2424744
-1.9832829,1.004789,-0.47836593,0.9672619,0.47915182,-1.9410172,0.17912203,-1.894653,1.8460729,0.86348474,1.0089495,1.772026,0.94070023,-0.44784284,0.43217725,1.1081816,0.5965823,0.5358298,0.18899155,1.4309411,1.6881292,2.349941,2.2386043,1.6687613,1.2971432,0.8540029,-0.88569826,1.1077776,0.70061123,0.34385458,-1.8898402,0.6186424,-0.43280795,0.95531446,0.51684195,-1.4036438,-0.29034078,-1.6392459,1.3281444,-0.88009685,0.6843731,1.1280853,2.0648277,-1.2792455,-1.1563704,1.2727022,1.0541921,-0.44637346,-0.50736284,1.1313719,1.704115,1.8951772,1.7357788,1.219263,1.1809145,-0.7513397,-1.384202,1.2249905,0.3671506,-0.21319818
-2.0430648,1.3326623,-0.09341099,0.51814,0.47552997,-1.1463444,-0.20795728,-1.9371587,1.6172683,-0.41369444,1.518853,1.7059228,1.2635549,0.04565135,0.89799505,1.2005968,0.968155,0.56133974,0.4187495,1.175896,0.9416298,2.3487144,2.3546705,1.7153101,1.1118809,0.8694896,-1.1772457,1.2261701,0.3393825,0.29450288,-1.6879536,0.8947041,0.29774526,0.86781734,0.404411,-1.1846932,-0.11771162,-1.415477,1.1259197,-0.28626516,0.9187139,1.1890864,1.5828359,-0.38341418,-0.66641814,1.1992123,0.9443739,0.4796021,0.3369373,1.1759181,1.3057889,1.6443563,1.5714244,1.4171441,1.147114,-0.52577424,-0.7197849,0.9725719,0.60781926,0.4718536
-1.7985597,1.4511952,-0.3083929,0.94128793,0.47100267,-1.801319,0.4949859,-1.7496641,1.9006048,0.39246306,1.4092995,1.9852549,2.0724247,-0.042756837,-0.23952666,1.0302196,1.284524,0.55458,0.092868015,1.2546206,1.2509792,1.8972274,1.9484209,1.521136,1.1227672,0.68237984,-1.3708637,1.0478523,0.68641746,0.21076515,-1.6740783,0.7255176,-0.10831413,0.82289517,0.3518818,-1.0432346,-0.047333553,-1.531272,0.9618319,-1.048724,0.63432306,0.9127378,1.8603568,-0.67462647,-0.7501837,1.0946796,0.67608523,-0.035297014,-0.044880677,1.0550039,1.4266803,1.5295515,1.4911469,1.0636355,0.97207433,-0.62834877,-0.83452237,0.8868409,0.10726723,0.2346823
-1.019471,1.3134426,0.7973218,0.30786282,0.48684824,1.7457513,0.022264184,0.7360581,0.9887633,0.73824817,1.2512009,1.3949257,1.5624202,1.9887092,0.0637259,1.0501592,1.4712446,1.3405917,1.5927342,1.2721522,1.7911782,2.1009743,1.982042,1.6465403,1.3203573,1.116816,1.3565704,0.62332374,0.8105565,1.5834143,-1.1530981,1.0301518,1.1298003,0.45432532,0.40276942,-0.04652023,0.4267834,-0.4260468,0.62325484,0.10152994,0.7815263,0.8199803,1.2277889,0.7100088,0.14953166,0.98263824,1.0172309,1.3192391,1.3926384,1.1437291,1.1523013,1.1316792,1.1901034,1.0262622,0.69283295,-0.3106306,0.7206414,1.1319251,0.53591347,1.4545044
-1.2864252,1.5975556,0.87799215,0.26611602,0.49273372,2.391766,0.81941265,1.7020446,1.2959168,1.98453,1.2336967,1.8184199,2.222575,2.85236,0.14699817,1.2004831,2.0557346,1.4550995,1.8258328,1.5631149,1.4133506,0.1530618,0.02502273,0.9896863,1.2795589,1.108014,2.100105,1.2970222,1.8611382,1.7129209,-1.0171349,1.1619719,1.4385173,0.43368495,0.7583252,-0.20564632,0.6428526,-0.59489083,0.6848318,0.9255424,1.1011597,1.0690836,0.567455,1.1174026,0.64802414,0.90172094,1.2665607,1.685597,1.6535476,1.0423658,0.50938064,0.45097202,0.44799545,1.204419,0.85021925,-0.02887212,1.425584,0.79039866,0.9682667,1.6816887
-1.7590213,1.329139,0.5981134,0.8064962,0.48594275,0.5228325,0.30557272,-1.7157637,1.6223598,0.28252232,1.0005426,1.1286199,2.0541456,1.3053892,-0.20373969,1.3000865,1.5493588,0.9429713,0.9669937,1.1979246,1.5208185,2.6451037,2.9404845,1.6870351,1.716596,0.39788345,-0.4963401,0.76723135,1.5702759,0.94029677,-0.9496471,0.6817303,0.39330286,0.44906867,0.44577727,-0.4622578,0.13737679,-0.6649911,0.80392516,-0.3052084,0.59231794,0.6551433,0.89636743,0.0052338038,-0.7011385,1.2684236,0.8589959,0.32106113,0.42841285,1.1097558,1.2090927,1.4210275,1.2777503,0.76646906,0.8778036,-0.37170804,-0.463718,0.7804856,0.22086413,0.47315112
-1.7172688,1.365761,0.5171992,0.9718838,0.4850373,-0.098629124,-0.23713103,0.35558546,1.7849606,0.59536034,1.26345,2.05432,2.2700562,1.5709919,0.035129048,1.543395,1.6336476,0.7852252,0.37652725,1.323814,1.2978541,1.3379116,1.6079106,0.8506417,0.9475736,0.82078993,-0.8560032,0.8609686,1.5031174,0.5341828,-0.88908243,0.8476166,0.6867576,0.43646336,0.55916345,-0.85143113,0.085054204,-0.7835139,0.7703397,-0.15165976,0.46061617,0.8998201,0.6950012,0.07320595,-0.37388855,1.0099082,0.7795272,0.5838294,0.6717453,0.9776224,0.9466366,1.0158994,0.9295706,0.8396244,0.78600603,-0.06291691,-0.21699135,0.5151744,0.29023856,0.80420685
-1.7210644,0.5417437,0.90604466,0.6695776,0.48549002,0.20328014,0.45704108,0.05561206,1.2233696,0.1438683,1.4226893,1.8710992,1.6535364,1.6580096,-0.062319152,1.2463294,0.9766591,0.953963,1.4678499,1.2347902,1.7191368,1.8277864,1.6218988,0.6913535,1.0678325,0.93082726,1.8378462,1.0877571,1.1622318,1.5455381,-1.2440872,1.1546123,0.9849979,0.7469605,0.41915646,-0.59408414,0.3223611,-0.7804542,0.7720526,0.0067740455,0.8175441,0.78071374,0.6646953,0.9110713,-0.07307182,1.3012738,0.8709081,1.2894359,1.3836529,1.2138059,0.9109297,1.0047611,0.84148884,0.9003691,0.9906557,0.05312042,1.2355924,0.866006,0.48851472,1.2674383
-1.7978216,1.51341,0.81978357,0.29297915,0.49047005,1.4878191,0.88100034,-1.7492294,1.465439,2.1893883,1.709783,1.6501623,1.3213648,1.8044368,0.7209499,1.0837045,2.3760371,1.2608311,1.4293798,1.2283568,1.6307744,1.7606628,1.7909453,1.969778,0.8661728,0.88748014,0.6303234,1.2671319,1.9323314,1.39333,-0.9747808,0.97446793,1.362845,0.29832867,0.6629434,0.051517233,0.5874187,-0.4422336,0.6831616,0.8046425,0.68762374,0.87222016,0.9433439,1.5941488,0.5953052,1.0151732,1.2941905,1.5475297,1.6721823,1.2827984,1.1117584,1.1144725,1.0552863,1.1285944,0.73835415,0.07500425,1.114435,0.8261117,0.877679,1.6859529
-1.3332546,1.5315793,-0.568131,0.7725761,0.48458457,1.0596796,0.085182495,0.3676533,1.5651602,0.172954,1.5014668,1.5532737,2.09972,1.4420849,0.10344798,1.0130719,1.5724244,0.46764287,0.4571416,1.5024946,1.6193496,1.896135,1.6658622,1.6071872,0.91543764,1.0181876,-0.5903779,0.54418117,1.078645,0.37203974,-1.5184203,0.82283586,0.68105644,0.3019331,0.53275377,-0.7968977,0.26081336,-1.5110816,0.79342914,-0.08766927,0.8150802,0.9101511,1.5606323,0.22706258,-0.63909024,1.380164,0.8505437,0.6591979,0.6418171,1.2571117,1.6623861,1.830257,1.7329906,0.97145206,1.2084513,-0.033924248,-0.32200778,0.84305394,0.67623776,0.90100163
-0.8794942,1.167584,0.4058979,0.44429663,0.4895646,2.4135988,0.48784125,0.7949249,1.712498,1.2456908,1.2732779,2.2298682,2.718486,1.9849528,0.56101424,1.1216222,0.9974217,0.78147215,0.71529055,1.485419,2.3196387,1.7647079,1.7189405,1.8779688,0.85859054,0.8447635,-0.41770056,0.79700744,1.3212783,1.0660037,-1.3240421,0.93873036,0.91648376,0.434868,0.62832355,-0.4400695,0.10627637,-1.0647267,0.6723162,-0.23041454,0.5198676,1.1542612,1.01095,0.66231924,-0.053018592,1.0954375,0.94769096,0.9692015,1.1954206,1.0124683,1.1109987,1.0374005,1.0474392,0.87110883,0.9278772,-0.18918365,0.2189866,0.6023221,0.26215893,1.2250803
-1.0259278,1.2070428,0.4145517,0.7866166,0.48684824,1.6366745,0.3888107,-1.1338993,1.2542335,1.3197955,1.4817379,0.96842164,2.4167974,2.4117043,-0.09146002,1.3247845,2.1561296,1.2440288,1.1948143,1.2074943,2.227915,1.1276205,1.2018247,1.6983619,1.3438994,0.335126,-0.45200828,1.052664,1.0188946,0.9693679,-0.996456,1.0304009,0.9943801,0.53673184,0.60395855,-0.025430989,0.20306343,-0.6879458,0.88922054,0.011223447,0.68323463,1.0778778,0.4084098,0.78868896,-0.33807898,1.1755447,0.783165,0.8577576,1.143241,1.1424181,0.7291825,0.72143745,0.6683374,0.7626103,0.78988487,0.009012656,0.31517446,0.5856742,0.3121603,1.1566254
-1.6905936,1.746942,1.1659653,0.64149755,0.48820642,1.7888252,0.7115811,-0.82046473,1.2927809,0.92132306,1.5884342,1.1111625,2.0749164,2.350663,0.8168851,1.2296594,1.5187027,1.3901683,1.6757556,1.3386227,1.5688362,1.3620013,1.4086211,1.3206375,0.5361851,0.87135094,-0.33762565,1.2439499,1.3929822,1.6089238,-0.89741296,0.9190331,1.0029941,0.64708203,0.4876331,-0.19114567,0.03448407,-0.5781798,0.6235086,0.1418407,0.8139312,0.9791718,0.97636026,1.01868,0.21001005,0.66082036,0.76232755,1.0916284,1.23472,0.86766106,0.7449587,0.6165438,0.6804551,0.8046245,0.5612079,-0.40643775,0.24280387,0.3558821,0.44605094,1.180804
-1.2587441,1.2407596,1.2540268,1.1649692,0.4850373,0.15025295,-0.07849431,-0.7983298,1.510845,0.5616306,1.1356771,1.9767658,1.8722378,1.1494595,0.2730538,1.1802173,1.5532376,1.8251446,1.6835485,1.3384737,1.865425,1.881661,1.5713912,1.3967471,0.8455787,0.42830357,-0.5886445,0.94759643,1.4246863,1.5217732,-1.6365027,1.0779352,0.79898834,0.67940694,0.49073958,-0.97304857,-0.22232094,-1.1923431,0.84771764,-0.42384863,0.64343894,1.3301758,1.0235405,0.1908936,0.04423279,1.0911741,0.7644496,0.9881841,1.1587188,1.1093374,0.9230822,0.9432457,0.9050593,1.1988623,0.9663737,-0.52259445,0.27791825,0.94876057,0.3054939,1.0984266
-2.0110126,0.8769703,0.60631436,1.0094011,0.48549002,0.013514388,0.22245997,-1.2637098,1.2518888,0.71057487,1.8070866,2.2902138,1.6719582,1.1909834,-0.028302856,1.3320065,1.6300251,1.1317625,1.2545327,1.3286262,1.9142479,1.6426936,1.3953961,1.6901845,1.2064223,0.7904606,-1.0138627,1.5640161,1.8440188,1.3159064,-1.6917843,0.9839217,0.87271005,0.54043925,0.6072614,-0.55667293,0.2095659,-1.2048112,0.83395386,-0.16702536,0.7899487,1.3002318,1.4903494,0.21676841,-0.3620928,1.3094347,0.9777618,0.9270612,0.98456186,1.2918986,1.4265815,1.6167642,1.5292541,1.3030931,1.3580052,-0.3700401,-0.25196064,1.0819044,0.5642238,1.1278543
-1.1461979,1.2699124,0.92471516,0.19146205,0.48684824,1.9265682,0.64198446,-2.0159116,1.3396133,1.2975113,1.651348,1.8477099,1.6908958,1.870173,0.48880336,1.2060906,1.6344724,1.4153477,1.5925506,1.4996009,2.0883865,2.2895846,2.1506746,1.7017883,1.9451237,0.58108884,0.037884455,1.2427437,1.8237753,1.7373688,-1.013729,0.94896847,1.161023,0.37048298,0.49500328,0.20879309,0.6828597,-0.37005517,0.5529163,0.27260923,0.71017045,1.0358229,0.8206546,1.3857492,0.11988886,0.95129347,1.0000149,1.2158962,1.3835962,1.2239226,0.94682723,1.2486963,1.1788659,0.9897039,0.82797045,0.25387883,0.3818933,0.8010091,0.5556651,1.428687
0.13589191,1.8058449,0.74555176,0.4784542,0.48549002,1.7748635,0.20713115,-1.528147,1.257533,1.3359293,1.6550202,1.5444486,2.1661565,2.1481307,0.5413215,1.2570957,1.2447624,2.027469,2.0050218,1.6532682,2.1833558,2.2091165,2.10353,1.8859147,0.4233237,0.13551046,3.1011693,0.81856585,1.6112754,1.7916832,-1.039654,0.96351695,1.1381428,0.5091028,0.72216594,-0.19944455,0.47055382,-0.69846064,0.55028427,0.31412643,0.98498064,0.8182053,1.1705555,0.9092091,-0.19177443,1.0241433,0.77686965,1.3601643,1.493473,1.1962688,1.1724427,1.2013156,1.2734028,1.0120281,0.91789204,0.095418215,1.7473915,0.77988106,0.71346784,1.4358482
0.73442644,-0.8715894,-0.82645977,-1.1989083,-2.0873752,0.052896447,-0.8517896,0.2479324,-1.3858103,-0.79912037,-1.6884325,-1.239028,-0.42358017,0.020619726,1.1234031,-1.3546063,-1.1565317,-0.68423724,-0.72938144,-1.0632194,-0.19771361,-0.5701193,-0.5313378,-1.3000576,-1.1561341,-1.0456461,-0.4847994,-0.31769672,-1.2300119,-0.6681673,0.119210176,-0.12682211,0.46843198,0.08713822,-0.30299953,-0.3783168,-0.698095,-0.49396205,-0.4104046,-0.047027487,-0.51639324,-0.6189012,0.07133325,-0.24972054,0.69421446,-0.70017695,0.063951634,0.40376768,0.3159912,-0.46345833,-0.22131513,-0.027385881,0.013259072,-0.5179037,-0.6279059,-0.907113,-0.102670684,-0.6220755,-0.47857508,0.2526588
0.7526668,-0.85101634,0.10412638,-1.1871253,-2.0701714,0.06399756,-0.8457596,0.26088405,-1.367888,-0.35079196,-1.6742244,-1.223016,-0.40347844,-0.6395876,1.15878,-1.3429378,-1.126923,-0.82878256,-0.83591485,-1.4962605,-0.70649844,-0.5577655,-0.51642454,-1.2851114,-1.1394737,-1.0277189,-0.46650326,-0.9308347,-1.2205075,-0.901621,0.2997969,-0.20803183,-0.17033395,-0.07538299,-0.7181596,-0.08024117,-0.5905939,0.010722426,-0.46256873,0.28710642,-0.5408684,-0.5338142,-0.11896313,-0.4662907,0.7093958,-0.6793416,-0.18251877,-0.12586613,-0.2557137,-0.65662056,-0.3216116,-0.32207185,-0.26834685,-0.490004,-0.55452776,-0.9893185,-0.44601077,-0.39477473,-0.07864407,-0.3909835
-1.4428197,1.3433342,-0.3639006,1.8925495,0.46194807,-1.5455538,0.19481942,-1.4629892,2.1447918,0.45407793,1.2352558,1.872383,1.8142682,0.19584867,0.37896842,0.97620326,0.5770457,0.72759587,0.3156663,0.2719964,0.1895154,0.7532552,0.7599969,1.2541656,0.40067363,0.69675267,-0.6064675,1.079416,0.943226,0.11531472,-1.2807137,0.65930605,-0.09564296,0.7675561,0.22139621,-0.81203115,-0.019073123,-0.93928367,0.84537286,-0.47668728,0.54996246,0.7155493,1.0898818,-0.6089223,-0.15258406,0.7997594,0.5643728,0.091249995,0.019964533,0.6674534,0.6807658,0.77618194,0.82829624,0.8849163,0.7305145,-0.5801994,-0.51590145,0.8265233,0.24278767,0.2122652
-1.9337282,1.5890896,-0.5501581,1.7877709,0.47507724,-1.1221257,0.38822648,-1.8557111,2.4687483,0.78296137,1.5983167,2.3686898,0.8700127,0.03777609,0.3839234,1.4591935,1.4366828,1.1699039,0.34849328,0.9907,0.12935822,1.5716249,1.3908194,1.2054011,0.9057597,0.61680436,-0.6793864,1.6755831,1.2078776,0.30218023,-0.9692044,0.96354157,-0.1458699,1.1641171,0.21913503,-0.40784433,-0.11362046,-0.5625778,1.247436,0.036703806,0.67450726,0.45890334,0.6038405,-0.38260546,0.23909482,0.7932595,0.63123745,0.117348194,0.034023926,0.6450026,0.34600794,0.6644386,0.6400989,0.90179926,0.5499185,-0.5840007,-0.55781204,0.61405617,0.45105693,0.054780044
-1.8197522,1.343654,-0.44947267,1.3486216,0.47507724,-1.8224221,0.26939303,-1.7632241,2.221502,0.36686754,1.3889697,1.6028045,0.15002646,0.0032418133,-0.12129953,1.1754014,1.7073269,0.5313654,0.49106956,1.2023422,0.709401,1.7555233,1.1700482,1.643295,1.2343843,0.5302245,-0.8764758,0.2398298,0.7672393,0.40383747,-1.4736255,0.73847646,-0.15875043,1.3257452,0.27096558,-1.0229772,-0.4724865,-1.3641447,1.5406661,-0.23607309,0.65714985,1.0792063,0.6945708,-0.6621219,-0.28424692,0.9217363,0.88973933,-0.029961277,-0.1105503,0.8339232,0.53195804,0.44501358,0.3842812,1.0412511,0.76541436,-0.92640173,-0.71242374,0.6028146,0.42972553,-0.008812804
-1.9025192,0.8346654,-0.60280305,1.2702028,0.4714554,-0.7722824,-0.032806844,-1.4251785,2.0114355,-0.4379142,1.7270725,0.8483338,1.2991456,-0.1671001,-0.31195155,1.0770895,1.5447222,0.38153473,-0.39391974,1.0229743,1.0679362,1.974309,1.767877,1.8218458,0.99245316,1.2143711,-0.8745032,0.10687871,0.37378478,-0.09410041,-1.6301237,0.81450546,-0.5060432,1.2064837,0.25580162,-0.99396914,-0.26147154,-1.0954428,1.606773,-0.23508646,0.74753386,0.98923033,1.0409204,-0.50258416,-0.6659915,1.2331091,1.0020638,-0.45124492,-0.4032914,1.0369909,0.8622556,0.9848232,0.9183028,1.1929574,1.139683,-0.7199785,-0.7668843,1.1436374,0.67115664,-0.29819006
-1.0053673,-0.4706134,-0.32520762,1.6165509,0.45108256,-0.27352136,-0.42951497,-1.1226825,1.6705831,-0.36617804,1.2824959,1.9162008,1.7335767,-0.5519067,0.5271725,0.22553821,0.71989393,0.66171116,-0.51495844,0.7723787,1.5342059,1.779994,1.7302654,1.4716027,0.6976969,1.1418107,-1.0172268,1.5310622,0.19892572,-0.020053444,-0.7893139,0.68616176,-0.07043038,0.8723228,0.37554008,-0.5166327,-0.24431315,-1.0066519,0.7530959,-0.44866884,0.45402133,0.5201901,0.97416455,-0.5708029,0.056130785,0.49657878,0.45725828,0.07595923,0.041582968,0.5518722,0.6065303,0.7210549,0.6472674,0.73108214,0.5166455,-0.74352366,-0.48504582,0.6139735,0.12288751,0.16124454
-1.9020975,1.2324685,0.7324806,0.4204849,0.4850373,-0.25801432,0.0928451,-1.825027,1.3690325,0.29563022,1.3782405,1.827769,1.4301791,1.1899407,-0.22025478,1.3783929,1.9761546,1.37245,1.2538213,1.3940685,1.8613276,2.5584893,2.4225152,1.8982786,0.9599153,0.68397516,-0.90671927,1.1202788,0.4225357,1.2482337,-1.6406312,1.069368,0.7648076,0.49972817,0.6486919,-0.76590335,0.2976806,-1.5369714,1.0125774,-0.26569065,0.82655954,1.0774599,1.7381175,0.1173141,-0.5604019,1.5406886,1.237887,0.7804617,0.8198871,1.3719151,1.6334207,1.9312679,1.8022345,1.4104089,1.3223217,-0.24296796,-0.46328923,0.9457855,0.57392853,0.98546463
-1.0360795,1.1129974,0.5528128,1.0328869,0.4786991,-0.43928534,0.01370668,-1.8177254,1.2291088,0.5295563,1.2472806,2.2147164,1.9604648,0.7925094,-0.17075767,1.1430287,1.0942498,1.1018126,1.1349571,1.4411439,1.8164669,2.4857738,2.1447535,1.4499581,1.4874238,0.86591023,-0.47508422,0.877689,0.87295866,1.0321267,-1.0757569,1.0243548,0.73921865,0.61709887,0.66360056,-0.15963054,0.665186,-0.4808633,0.9527546,-0.00982653,0.75472397,0.8891146,1.1039301,0.7975427,-0.23976287,1.3447087,1.1097473,0.7541605,0.8441966,1.4156263,1.2565417,1.5965014,1.4489224,0.98475206,1.0452394,0.05508641,-0.04167732,0.8536366,0.49171394,0.8759926
-0.921771,1.3533516,1.1947384,0.8625725,0.48684824,1.0751629,-0.70001024,-1.7628764,1.4343626,0.2912101,1.4332893,1.5886167,2.469684,1.604738,0.7086412,1.029309,1.869598,1.8310552,1.5628338,1.4037213,1.4781357,2.0659897,1.6945589,1.300375,1.0877063,0.9148273,1.2192976,2.082779,0.9168675,1.3448712,-1.0438535,0.74580204,1.0971551,0.3218444,0.5766151,-0.15907125,0.6842888,-0.7229148,0.65689695,-0.030274523,0.5166176,0.9610591,0.95255655,1.0046827,-0.184349,1.0447425,0.90034515,1.0425811,1.185025,1.1633223,1.2438073,1.3035995,1.1514075,0.8925551,0.91091114,0.14159708,0.1790677,0.8073926,0.4585561,1.2561525
-1.7766291,1.357359,-0.45724985,1.4875053,0.48277366,2.2644515,0.3108092,-0.7334742,1.885613,0.24666469,1.6733524,1.6643066,1.8459518,1.5743954,-0.60747504,1.1203232,1.2933189,0.41040865,0.30565792,1.4561247,0.8163588,1.7113848,2.0082295,1.3810005,1.4983382,0.6497268,-0.7486886,0.9391599,1.1413472,0.14090241,-1.0356218,0.6503099,0.32595834,0.56736624,0.5399263,-0.40872675,0.21007761,-0.5560209,0.97644955,0.11755274,0.6919449,0.9638322,0.7484501,0.16873638,-0.322336,1.1773151,0.963049,0.26081192,0.26876053,1.0531882,0.9154346,1.0108083,0.76542085,0.9316107,0.9402483,-0.19530831,-0.40379554,0.9304953,0.6878375,0.28552675
-1.7679833,0.9085321,0.55704165,0.82909703,0.48594275,0.97577333,0.28122398,-1.7233261,1.2045903,0.028407782,1.5782433,2.2980554,1.9463689,0.85513675,-0.8455997,1.283745,2.1752787,0.37217146,0.7015219,1.1327615,1.3448297,2.8811116,2.7552326,1.0756189,1.1321912,0.9058513,-1.0620487,0.71225667,1.0852255,0.44083914,-1.3760147,0.6779085,0.73890847,0.45824933,0.5915798,-0.6774702,0.14878806,-1.0082546,0.81658584,-0.12421213,0.7386373,0.9517296,1.1292063,0.084722325,-0.27851686,1.1931826,0.81312126,0.6600386,0.6277532,1.1948389,1.1994061,1.3795758,1.2299874,1.1073983,1.1558022,-0.055947088,-0.47549513,0.8679808,0.63017356,0.69567585
-1.2242988,1.2324524,0.07318171,0.5070883,0.48549002,0.837248,-0.15819,-1.7108091,1.0816153,-0.2003032,1.7872621,1.8206644,1.897509,2.133838,-0.79375106,1.2841654,1.0168542,0.3361155,0.42980528,1.0473517,1.8017879,1.8384026,1.6411669,1.0926371,-0.08735004,0.71299756,-0.30648065,0.7042624,1.353851,0.56989765,-0.8053999,0.5177566,0.2565882,0.7502439,0.54935706,-0.49495947,-0.05477164,-0.9339959,0.96232265,0.0021955222,0.5120008,0.6028098,0.33337864,0.024878679,-0.2533509,1.0135647,0.49941418,0.23981413,0.23664246,0.86676466,0.4797239,0.4494285,0.29930755,0.78736436,0.62105185,-0.19128075,-0.38049397,0.451292,0.3662546,0.22846855
-1.2246424,1.0519648,0.85415745,0.40208328,0.4895646,-0.07441326,0.024569754,0.9945871,1.3221135,-0.063743144,1.227805,1.4748757,1.405895,0.99633443,-0.9945767,0.96692693,1.3640051,1.9909135,1.7425144,1.2296951,1.593322,1.8339354,1.896824,1.3332629,0.5432412,0.45096916,1.7579627,0.9042318,1.0975294,1.5773559,-0.7163466,1.1231787,1.4463227,0.29862082,0.5796121,0.1416061,0.8386875,-0.41687694,0.56071806,0.82888705,0.9947508,1.0495795,0.74537534,1.4269012,0.6644158,0.933204,0.9865071,1.7670894,1.6527815,1.0622112,0.74851614,0.7618918,0.6840627,1.0805882,0.7268964,0.29783273,1.1317143,0.601798,0.94555545,1.664226
-1.5829438,2.0310788,0.6529164,0.97738963,0.48639548,1.7228984,-0.19814943,0.83666706,1.250897,0.4543395,1.5069845,1.4437346,1.7284863,0.5928257,0.03769746,1.344981,1.521962,0.99554104,1.0877812,1.3439453,1.721776,1.3383206,1.334342,0.5896409,1.0829396,1.034425,-0.5138443,0.9066334,1.0582583,1.0540892,-0.6834999,0.47358054,0.34435725,0.51528955,0.39161834,-0.67254734,-0.36913145,-0.8261472,0.6909134,-0.17405027,0.28559393,0.58217084,0.45137942,0.22204173,-0.027428204,0.7338632,0.5994975,0.4084972,0.5086724,0.6014965,0.36248118,0.3061039,0.28646386,0.6205261,0.47787693,-0.38377157,0.30063376,0.28784278,0.18625073,0.44201624
-1.6908045,1.6306449,-0.10118127,0.8277572,0.48549002,1.1318316,0.7484614,-1.6628271,1.334815,0.973733,1.3478452,2.1376016,1.097395,2.2182374,0.017465137,0.93724006,1.5241545,-0.0016765691,0.010846078,1.3147129,1.0545171,1.3767102,0.9840052,1.3031396,1.1210523,0.9017313,-0.7630311,0.5991732,1.4798957,0.19359557,-0.8113664,0.55380905,0.01052766,0.7334896,0.44061175,0.11501473,0.15307513,-0.37512758,1.0102466,0.07229084,0.7024579,0.7530516,0.26747328,0.5669094,-0.11641857,0.92974067,0.6387018,0.019214105,-0.035135064,0.80412865,0.089003585,-0.061244085,-0.13274664,0.8746669,0.7575659,0.01370812,-0.27585468,0.6121775,0.48088482,-0.032721397
-1.6434639,1.3577108,0.35512984,0.75032634,0.48096272,1.2908721,-0.61563796,-1.0721663,1.4815787,0.3881723,1.3191828,2.083322,0.6804498,0.7140224,-0.34895322,0.86456317,1.187411,0.82441366,0.54861635,1.3358629,1.1408955,0.43483692,0.7971687,1.5528319,0.6234099,0.55662435,-0.5817822,1.478089,1.0531588,0.62062454,-1.067796,0.5503388,0.4281812,0.7776702,0.56285375,-0.8420115,0.12518124,-1.0669688,0.7817134,0.12063663,0.7521868,1.0432404,0.16298759,-0.25271925,0.41472286,0.57020736,0.28372198,0.7876872,0.5654297,0.7233141,0.3634669,0.308567,0.16522002,0.7281458,0.7781626,-0.011548698,-0.18035631,0.32677633,0.4546141,0.5288878
-0.06630103,1.126187,0.93371564,-0.08194717,0.4850373,-0.93119776,0.35239556,-0.6720625,1.6948507,0.7818205,0.79691887,0.8452634,1.4849782,1.6969166,0.61225456,0.89215094,1.8070272,1.5894964,1.9304339,1.326596,1.7039745,2.0491753,1.6816347,1.5859504,1.0674534,0.45632842,0.107814915,0.4134037,0.9865321,1.6555705,-1.1751986,0.81109685,1.2103771,0.45383817,0.6541167,-0.5206985,0.33394024,-0.98791724,0.7770483,0.44494113,0.82475066,1.095585,0.8966038,0.9777833,0.3970226,0.88271177,0.8814038,1.3519692,1.4257791,1.0248661,0.9979425,0.79583055,0.7361151,1.0509576,0.8514717,0.028427651,0.39249095,0.832858,0.69167614,1.4588956
-1.8874419,1.6967939,1.3672626,0.36352468,0.48549002,0.5392117,0.54618126,1.203205,1.0870368,1.5288513,1.6350048,1.9232495,2.108068,2.44587,-0.1917904,1.0910196,1.2436477,1.4999694,1.8947883,1.478197,2.3021162,2.3168242,2.5818622,1.8698153,0.8927101,0.44544584,0.41710076,2.0007899,1.9544059,1.7390945,-1.3492228,0.8893497,1.1025628,0.39932483,0.5778889,-0.3356124,0.17635661,-1.0228043,0.7259715,0.04646123,0.67239475,1.0263249,1.218231,0.9496839,0.09907925,1.1774911,1.0455426,1.1793835,1.3195331,1.1249318,1.3071947,1.2250121,1.2741671,1.124256,1.0275732,-0.27829427,0.35942686,0.96236557,0.5560758,1.3883706
-1.2133588,1.4611034,0.9031883,-0.6205817,0.48820642,1.3376309,-0.36509567,0.31697294,1.3671888,0.6817493,1.4789711,1.9223143,1.1124976,0.9925403,-0.26922774,1.4483312,1.2897284,1.827888,1.8461025,1.4110194,1.6429262,1.9383942,1.4523773,1.9911228,0.64859223,0.35946622,2.497482,1.0655079,0.9766882,1.8004799,-0.67718494,1.1141084,1.2673256,0.21615943,0.74847245,0.29208273,0.76200855,-0.15602629,0.17556809,0.27183342,0.78418547,0.62089264,0.6465218,1.35238,0.48289567,0.67595166,0.7313174,1.5800723,1.655885,0.8073733,0.5542466,0.4825251,0.6648935,1.0358949,0.83486706,0.3963441,2.2337246,0.88642454,0.47782868,1.5983051
-0.91592133,0.88603693,0.6654323,0.67891794,0.48277366,-0.38411355,0.04324324,-1.2493805,1.1541374,0.6120984,1.450175,1.7481372,2.1837912,1.5010253,0.36919647,1.3846961,1.5154511,1.5825545,1.1320003,1.5762602,2.1314044,2.6473534,2.4850376,1.6977625,0.8993556,0.13187711,0.023503914,1.255091,0.66952986,1.2677418,-1.0665779,0.7599193,0.34175047,0.5043611,0.38528746,-0.34448937,0.19394608,-0.9999972,0.8017244,-0.4674975,0.5619268,0.8286937,1.4943846,0.014210823,-0.3066093,1.0284984,1.087869,0.2390382,0.28344002,1.0268226,1.2237502,1.5692956,1.5159607,1.071781,0.8627575,-0.22764747,-0.8948852,0.94504815,0.19157049,0.57400894
-0.66110617,0.4733,0.5510249,0.7597559,0.47236085,-0.49849755,-0.3196115,-1.0572025,1.2031488,0.14834541,1.7642555,2.132346,2.1480315,0.33980274,0.30548227,1.014064,0.9561769,0.9685918,0.7443743,1.3926653,1.408657,2.5772657,2.3661826,1.8705354,1.4711798,-0.55499905,-0.26175845,1.0811652,0.52370745,0.97723514,-0.81349415,0.487427,0.4714532,0.8578553,0.5062271,-0.54661894,0.27596956,-0.8512525,0.5767632,-0.18977584,0.60671604,0.4107768,0.751802,-0.36407438,0.30157423,0.4978509,0.4514649,0.68667626,0.54112154,0.7415731,0.8297979,0.877968,0.80028117,0.7965781,0.4125371,-0.04965794,-0.3415083,0.70975727,0.32179013,0.77242583
0.7258861,-0.24227458,-0.8367025,-1.2062329,-2.1005042,0.046631463,-0.855465,0.24019618,-1.397736,-0.37325594,-1.6970807,-1.2483268,-0.060657367,-0.6578812,0.054786194,-1.3621594,-0.98558927,-0.6933203,-0.46906078,-1.5069665,-0.7305459,-0.35318935,-0.006301045,-1.3105422,-1.1669171,-1.0595574,-0.26346815,-0.9611712,-1.235303,-0.7559457,0.33144885,-0.45934802,-0.5685149,-0.12106569,-0.7594286,-0.23538159,-0.93177295,-0.1813457,-0.38114706,-0.2201937,-0.83642113,-0.7106048,-0.30990502,-0.6932484,0.44921935,-0.73145837,-0.6113321,-0.40710476,-0.53045946,-0.82231635,-0.4364626,-0.35929382,-0.32695532,-0.83250684,-0.8147074,-0.77619326,-0.29019636,-0.64143944,-0.6364875,-0.6777425
0.70300657,-0.91539335,-0.8549378,-1.2210414,-2.1199718,0.028605897,-0.8653427,0.22307219,-0.60750955,-0.391283,-1.7160126,-1.2683666,-0.46483058,-0.012444912,1.6531153,-1.3768781,0.19550246,-0.40454236,-0.4516383,-1.3290668,-0.7496192,-0.4683903,-0.5600797,-1.3302103,-1.1876038,-0.40124598,-0.5176453,-0.98464423,-1.2488899,-0.83227706,0.3066622,-0.3694031,0.020254888,-0.01873519,-0.28559497,-0.117233425,-0.4355464,-0.013427381,-0.27403042,0.35654986,-0.48820192,-0.36504287,-0.37454423,-0.3240188,0.58725435,-0.63372093,-0.19585137,0.083996244,-0.09012212,-0.60612315,-0.40902337,-0.37224832,-0.25656417,-0.4024358,-0.5581084,-0.46325964,0.098485865,-0.25274616,-0.07525344,-0.19537736
0.6956261,-0.9265166,0.39404625,-1.2268533,-2.1267626,0.026847305,-0.86700815,0.21707444,-1.0708255,-0.82914966,-1.523773,-1.2760245,-0.47435796,-0.35226795,0.71684635,-1.1637053,0.85573953,0.43133903,0.08114078,-1.4083815,-0.7564711,-0.6001405,-0.56600624,0.11227783,-1.1940366,-1.0922565,-0.5249202,-0.46331218,-0.6125226,-0.5368853,-0.0009912401,0.1630291,0.58114004,0.41926238,-0.28306195,-0.47425342,-0.46917927,-0.3261016,-0.08835441,0.5701123,-0.08795079,-0.3095767,-0.4242653,0.018053524,1.1081979,-0.24276909,0.20657055,0.7974632,0.62326235,-0.11683318,-0.18144146,-0.23285481,-0.10071639,-0.09397238,-0.31659776,-0.5655916,0.8280213,-0.20225763,0.14880718,0.43859905
0.72841656,-0.88113767,-0.8328227,-1.2037649,-2.0950716,0.049269352,-0.8545461,0.24263005,-1.3929589,-0.80408365,-1.6945008,-1.2457907,-0.4326364,-0.65656734,0.7755255,-1.3591818,-1.169842,-0.02651331,-0.2507345,-1.5056525,-0.7267576,-0.5753996,-0.53749675,-1.3066756,-1.1630297,-1.0540359,-0.49150798,-0.9571904,-1.2338985,-0.77695626,0.2228488,0.095569655,0.6164385,-0.12696867,-0.50590855,0.029251782,-0.54045016,-0.30670202,-0.35970175,0.29183948,-0.38941795,-0.33087566,-0.017077493,-0.220691,0.4924919,-0.3142414,0.15064012,0.5376112,0.54371214,-0.4402275,-0.18108773,-0.118166365,0.0025512967,-0.13356707,-0.36214828,-1.0436376,-0.07605808,-0.34039623,-0.09120335,0.37336716
0.7464461,-0.85928494,-0.8178465,-1.1916634,-2.0765095,0.061469585,-0.847425,0.25619015,-1.3746978,-0.79083985,-1.6794571,-1.2289335,-0.4105978,-0.6438662,0.08946531,-1.3473196,-1.1383997,-0.7587526,-0.83964837,-1.016281,-0.7117691,-0.5628133,-0.52184755,-1.0914135,-1.1457213,-1.0341727,-0.47299403,-0.93774396,-0.84621906,-0.8065097,0.2290735,-0.14875342,0.22772874,-0.022692269,-0.6485153,-0.17413093,-0.70669,-0.47114092,-0.47404665,0.20020938,-0.66419345,-0.5747229,-0.33267358,-0.4383589,0.81599504,-0.7692548,-0.35742328,0.41670138,0.33738008,-0.8048229,-0.58767873,-0.61426,-0.4664094,-0.5671493,-0.70037127,-1.2584399,0.124294676,-0.64397633,-0.3116839,0.09849237
-0.3255182,-0.0704028,2.1303666,1.1904217,0.4605899,0.4728957,0.37916318,0.11883427,2.2034023,1.3839033,1.9707168,0.52215135,-0.6673959,-0.1401119,1.649847,-0.29077145,1.880984,1.7287031,1.4990748,-0.4064097,0.32740536,-0.66705203,-0.9121814,-0.009264966,-0.5452473,-0.17151342,0.075774364,-0.8972231,1.1861523,1.604824,-0.38243237,0.35390642,0.48407936,0.29112917,0.26592562,0.059141412,0.06719577,0.015350271,-0.07263903,0.34824437,0.12824856,-0.13709375,0.3177172,0.3417609,0.8158292,-0.22554535,0.3875008,0.59595084,0.507864,-0.11527777,-0.11843462,-0.047397953,0.051513746,0.19301954,-0.187522,-0.40153077,0.118714996,0.13882256,0.20977892,0.51145387
-1.6592791,1.0929129,0.8535404,1.853768,0.46647537,-1.6961333,0.0016681688,-1.6368369,2.429891,1.3220425,2.1807246,1.1764241,0.27608317,0.15074264,0.79301244,1.0936608,1.0950725,1.9819784,1.1192194,0.52470183,-0.79395974,-0.6432593,-0.6283041,1.5929204,1.4331386,0.99706244,-0.2241837,1.1126794,1.3575011,1.0979004,-1.4946287,0.8644824,0.38256657,0.7564526,0.21125205,-0.7389632,-0.28451487,-0.99765307,0.8522996,-0.6284316,0.6208065,0.8507739,1.6652846,-0.24908775,-0.429034,0.8030294,0.6018843,0.4134208,0.45733938,0.9343606,1.1367185,1.2530692,1.3653445,1.0170012,0.83356965,-0.5876537,-0.3190368,0.67374086,0.1336525,0.7390412
-0.3986317,1.1200602,-0.25432003,1.9007311,0.47190812,-0.23417345,-0.013773606,-1.3658084,2.5175052,-0.17190836,1.029053,1.4587877,1.4047763,-1.0016228,0.56236255,0.7153296,1.3442534,0.35600764,0.11680326,0.8875366,0.35383496,1.5482228,0.6119065,0.6379462,0.57482976,0.5743377,-0.39336196,0.8989991,0.8862888,0.017508192,-1.1032522,0.71236837,0.02352903,0.612127,0.21069942,-0.65714014,-0.44477457,-1.1854818,0.7230231,-0.97143716,0.28593832,0.63920796,1.206059,-0.5739963,-0.7476824,0.9732262,0.51961255,-0.015006359,0.17057995,0.8392996,0.96557564,1.1978254,1.22239,0.613637,0.70668656,-0.6769985,-0.347558,0.6397926,-0.18887922,0.32633892
-1.4616928,1.2079906,0.5172438,1.3772154,0.46421173,-1.5684155,0.20891932,-1.482547,2.1904836,-0.40649095,1.1498541,1.6810678,0.40659556,0.63477176,-0.17932782,1.4400698,0.9712597,0.62710655,0.5413223,1.1941777,0.68276316,1.2395462,0.7867923,1.0787051,0.15943494,0.79509664,-0.38093835,0.09951254,1.3467627,0.68400586,-1.004421,0.7946886,0.5619781,0.9384322,0.44409513,-0.38616106,0.19283958,-0.9715071,0.8222675,0.09443617,0.66926044,0.6459696,0.71747494,-0.033773426,0.42834017,0.59367514,0.82997197,0.660325,0.6642249,0.861657,0.57669973,0.63770795,0.66743326,0.90710264,0.48932543,-0.25302875,-0.17764793,0.4529547,0.42430228,0.6750433
0.04134898,0.82974905,0.13692026,0.8423335,0.47281358,-0.93774045,-0.44250515,-0.80497587,1.317564,0.3012844,0.32730162,1.1582024,0.66225153,1.3404998,0.3545972,0.6464288,-0.08472668,0.020971533,-0.4535533,1.0142393,0.6824787,0.6770464,0.83237517,-0.050560117,-1.0048513,0.6115659,-0.24266031,0.79009044,0.43338925,0.4781534,-0.8378776,0.46896696,0.5830784,1.0017637,0.46395853,-0.9550572,-0.3837313,-1.1183546,0.91248524,0.5428058,0.654597,0.4427913,0.7045397,-0.5763712,0.6925199,0.4110361,1.2921091,0.66735566,0.4590394,0.7080391,0.49364972,0.54926276,0.53750384,0.60589325,0.2510361,-0.6662473,-0.34379658,0.28469566,0.5876168,0.63740665
-0.763287,0.6902696,0.04628899,1.1051673,0.46738082,-1.0546868,-0.4013876,-0.9320585,1.4281914,-0.16033058,0.15530592,1.7515727,1.8038251,-0.7473132,0.16795354,0.49145833,0.8424925,0.9246614,0.5612725,1.3340858,1.1058763,1.7757168,1.2666827,1.093721,-0.72351265,0.82813466,-0.45726556,-0.2442278,-0.527391,0.7353922,-0.48787338,0.8416749,0.9763672,0.81844115,0.50561136,-0.20614949,0.35092136,-0.41795513,0.58940214,0.018087078,0.67387414,0.47699913,0.8248253,0.10041924,0.8965915,0.33077967,0.9693744,1.1235344,1.0177349,0.7349616,0.49148223,0.5323187,0.6166203,0.75130063,0.3041581,-0.24077661,0.32206386,0.15315895,0.0699265,1.032811
-1.8386252,1.1054478,0.82533634,0.5423075,0.48096272,-1.0247794,0.65237343,-1.04567,1.4847527,0.0633231,1.5740818,1.5596584,2.6254737,0.26607087,0.07112646,1.480176,1.8233346,1.1887043,1.4379262,1.5577177,2.2099166,2.2104218,2.186883,1.6881362,1.0976658,-0.017439881,-0.7215686,0.80023384,0.29353496,1.3708037,-1.3764311,1.417929,1.3953032,0.3347824,0.6841164,-0.20255639,0.7205398,-1.0718367,0.88882834,0.57719994,0.9351933,1.3845822,1.3581988,0.91889066,0.2770933,1.4055747,1.4287777,1.6453763,1.713358,1.5028126,1.4871577,1.2673275,1.3064406,1.6150585,1.2148739,-0.031848684,0.48483038,1.1808498,0.9254918,1.7350616
-0.32492444,1.1561092,1.2982229,0.65541434,0.48186818,-0.30082595,0.8302271,-0.7141103,1.2236937,1.035084,1.5410066,2.186277,1.704504,1.5626839,-0.26834223,1.3912263,1.7568383,1.5494267,1.8392438,1.3468585,1.7711569,2.5078516,2.149659,1.8174105,1.6503263,0.50832367,-0.4661263,1.6516348,1.2666962,1.5708245,-1.14401,0.97531873,1.0823437,0.36070198,0.6011908,-0.26717028,0.5579502,-0.66109914,0.8332173,0.12797466,0.7641621,0.95535237,0.96895987,0.7448018,-0.09935348,1.2809469,1.1708196,1.0326673,1.1163414,1.295554,1.1026134,1.3144282,1.1965084,1.0066026,1.0073143,0.16872165,0.29289085,0.9306594,0.58230466,1.2688338
-1.1248883,1.0367528,0.91841346,0.43376803,0.49363917,1.4689118,1.5150903,-1.0980046,1.4446255,1.9926704,1.5091802,1.5878277,1.1343416,2.332824,0.20578662,0.9430895,1.7197986,1.9573467,1.5353421,1.4124757,0.94171554,1.1401736,1.9683955,1.323673,0.96183306,0.9793161,-0.3578086,1.1264614,1.4970573,1.5417838,-0.6536756,1.0884839,1.8434596,-0.07241787,0.5519021,0.22252849,0.100052804,-0.583581,0.5390704,0.5168698,0.4651271,0.82963896,0.67163354,1.451446,0.38456514,0.70278096,0.9129813,1.6978492,1.8791219,0.85093033,0.88811857,0.8195363,0.9321815,1.0078763,0.54954827,-0.27722523,0.6662576,0.45831126,0.6969264,1.8783399
-0.3879779,1.4649386,0.54211897,0.51916015,0.48639548,3.3369546,0.83658385,3.1654434,1.54498,0.863801,1.2366154,2.091407,1.0618855,1.8380574,-0.46458444,1.4650545,2.5261407,1.1133876,1.2167324,1.0694106,1.7894012,1.8480576,1.7476932,0.6674896,0.53371185,0.97831285,0.041388277,1.0015209,1.0154396,1.1433879,-0.6147386,0.94528073,0.99447024,0.34031013,0.5255127,0.09411849,0.36504474,-0.48356462,0.836396,0.12322591,0.6447338,0.8475204,0.16586648,1.0532099,-0.09246479,1.0619947,0.8334567,0.83045024,1.0328766,0.9318046,0.272583,0.14606811,0.12397183,0.81265515,0.6331031,-0.08974377,0.4005173,0.39443645,0.3176953,1.0728066
-1.7778943,1.6510315,0.5185692,-0.10917114,0.49047005,0.58691406,1.1697023,-1.7328008,1.5026028,0.4892028,1.4780226,0.37608993,1.6174988,2.1682844,-0.5566428,1.0027403,2.2880867,1.0129421,0.7743943,1.1375368,1.9439665,2.5459695,2.4959266,1.2634248,1.0390078,1.8387773,-0.73394173,0.8717192,1.3985564,0.6412406,-0.97452044,0.69242996,0.58113235,0.69199055,0.5352537,-0.8262827,-0.23594019,-0.86820036,0.9317199,-0.062288396,0.6131626,0.87468797,0.379151,0.3339717,-0.17593169,1.0003101,0.88551795,0.5578307,0.56351715,0.9355206,0.60599446,0.5436361,0.48208135,0.61087734,0.68963027,-0.30026674,-0.07069497,0.45709375,0.3501091,0.6409344
-1.7114698,1.0423697,0.108346,0.24564084,0.48458457,3.2416592,-0.63263685,1.5491117,1.0080687,-0.18053766,1.2284876,1.6846403,1.1337863,1.2661691,-1.1146013,1.4442044,2.3574605,-0.19888389,-0.12935261,1.3476653,1.1012436,1.3830212,1.5577494,0.9249496,1.3829745,0.984335,-1.1324065,1.4433347,1.1528641,0.16192855,-0.66565204,0.8675995,0.97607744,0.6408896,0.3978989,-0.17482442,0.17332557,-0.46763116,0.94184864,0.22309339,0.7346227,0.8425061,0.3030831,0.78554136,-0.08086096,1.1060561,0.9324837,0.9388501,1.0596253,0.9708231,0.3931625,0.4257027,0.26620647,0.88802,0.7450846,-0.07142616,0.15449262,0.54674864,0.529168,1.0743068
-1.1581206,1.529515,1.2009685,0.718008,0.49001732,0.8115705,0.8659343,-0.1928318,1.1348171,0.794147,1.6968383,2.1243725,1.3670607,2.4288418,0.24440816,0.98859954,2.4767542,1.5071714,1.6664907,0.8985495,1.6593528,1.6924423,1.9243723,2.162745,0.7079173,1.1086425,2.302114,1.1439841,1.1526518,1.4921051,-1.1479272,0.79752123,0.8892213,0.0012061317,0.57374483,-0.89123017,-0.24005044,-1.1805038,0.4842446,-0.41890773,0.41474426,0.67181796,0.73009306,0.58389115,-0.20684533,1.0475503,0.6124691,0.9513099,1.1448317,0.92539567,0.9246336,0.47764602,0.5197746,0.7875983,0.740019,0.0052362736,1.4349889,0.5590128,0.061094865,1.1755109
-1.5647033,1.5932257,0.7961716,0.5752038,0.48594275,0.09762255,0.02643264,-1.5685147,1.5985985,1.5133896,1.292108,2.2412584,1.6206617,2.093246,-0.8378271,0.87193793,1.0701755,0.9869763,1.0813742,1.0587213,1.0742762,0.5127988,-0.4554278,0.93424726,0.866166,0.98566693,-0.8345597,0.9761923,0.98413616,0.93028796,-0.9803113,0.8428607,0.67660886,1.0133423,0.47866148,-0.38328388,-0.19878526,-0.6304158,1.237938,0.3179151,0.72340405,0.8392898,0.01666458,0.35210392,0.18214765,0.8648966,0.52431417,0.6587604,0.72371364,0.76434815,-0.068514094,-0.11168155,-0.3135436,0.79990107,0.4598405,-0.53692174,0.0153948665,0.37526634,0.48911285,0.645778
-1.5390825,0.05387682,-0.36484602,1.1796222,0.48639548,0.12573138,0.12894799,-1.5447845,1.5686734,-0.40527478,1.6576209,2.046495,0.8343404,0.41196993,-0.838482,0.64259315,1.2495911,0.0025883138,0.21217394,0.92180586,1.8655524,1.0232488,1.061524,1.7075069,0.6304221,0.6625238,-1.2912953,0.822454,1.1973926,0.3722007,-1.1761749,0.9161911,0.6990741,0.62338513,0.73474854,-0.90029246,-0.34684026,-1.2135804,0.8542009,-0.63178563,0.5859377,0.9338069,0.71630466,0.05713723,-0.4368454,1.0706891,0.74981195,0.6642044,0.8729987,1.1076133,0.742147,0.7126704,0.70055085,0.83936095,0.72398645,-0.549372,0.07937159,0.30111554,-0.10422622,0.9381332
-0.8342046,0.6945882,0.74185723,1.2965004,0.48096272,-1.6920664,0.4801169,-1.1858277,1.6400453,0.30981153,1.2851676,1.7921225,2.0561335,1.9577993,0.24897629,1.1831493,1.0800413,0.72589505,0.9581569,1.2456082,1.900078,1.1359781,0.8491098,1.2170768,1.2442759,0.40253866,-1.122217,1.4520637,1.6720476,0.97577935,-1.1554105,1.1187398,1.1584296,0.49404323,0.6039813,-0.32569972,0.3605245,-0.63090533,0.62591434,-0.32058683,0.68071634,0.9313938,0.5550154,0.67551076,-0.17278957,1.0826777,0.80792487,1.1682341,1.1789092,1.0251248,0.92378193,0.8647239,0.79019797,1.0258888,1.0220823,0.0039688293,0.2013588,0.69180655,0.2237877,1.3127376
-0.58621603,1.9996599,0.83532757,1.2901092,0.4786991,0.010412493,0.34360266,-0.22697325,1.4187008,0.01972914,1.27772,1.4690264,1.2485063,1.6331855,0.9885088,1.0520986,1.9157959,1.4565148,1.5484034,1.1950058,1.6184032,1.6191114,1.6482631,1.3124356,0.4490614,0.6161615,0.008664736,0.84905773,0.22524127,1.2561336,-1.1448427,0.9269642,1.1565416,0.4242747,0.63056695,-0.80586046,0.16419357,-1.2956231,0.7897104,-0.06328061,0.63696635,0.93475515,0.97893256,0.5549069,-0.27036434,1.1260377,1.1518177,1.0550485,1.2465581,1.2271035,1.2136832,1.1993234,1.0447279,1.1390852,0.9575423,-0.2588656,0.49197164,0.67586863,0.4352808,1.3002827
0.81910837,0.83936816,1.104411,0.503484,0.48639548,-0.79235137,1.0774847,-0.5688812,1.069236,1.358385,1.7760704,1.8386908,2.1866457,2.3595476,1.1374518,0.86979777,1.0186311,1.677977,1.8988658,1.1402082,1.2697794,2.128661,2.0739555,1.747792,0.86976385,0.83255386,1.2274675,0.2672699,0.7922503,1.7713302,-1.0292197,1.1426675,1.4118142,0.21488464,0.39555508,-0.029436726,0.59312904,-0.83134115,0.35101345,-0.0042852424,0.64828664,0.9269222,0.74954605,1.425217,0.26890692,0.87215704,0.73513675,1.6646655,1.7651621,1.0120039,0.76262265,0.98580533,0.9305249,0.87619793,0.7961365,0.2376264,0.6199562,0.43846378,0.2450681,1.7000281
-1.0019336,1.2287759,0.87012404,0.68507856,0.4895646,1.9921888,0.49201664,-0.93019915,0.6747423,1.9122913,1.5709401,2.3382883,2.0601661,2.4519496,0.20854554,0.9651066,1.9361557,1.6461089,1.6264088,1.5478189,1.3916353,2.1232219,1.5584046,1.1441773,0.6779309,0.7304535,-0.046749607,1.3177952,1.517569,1.5465944,-1.1117628,0.94673884,0.6601466,0.6194203,0.353047,-0.39463502,-0.1476736,-0.87303567,0.6975407,-0.53282875,0.49192536,0.7422209,0.84581435,0.599571,-0.2528329,1.0099483,0.63273287,0.68259054,0.90016603,0.9566221,0.7298967,1.0678844,1.0990382,0.8179014,0.78787434,-0.500981,0.0018902794,0.46371427,-0.04815923,0.9652137
-1.7451038,1.3334615,0.72458345,0.9495048,0.48911187,-0.51116437,-0.21582116,-1.7059413,1.0667524,0.086056925,1.2420973,1.7918385,1.7116451,1.973453,0.53806216,1.4037904,1.438775,1.0134374,1.1423445,1.1516155,2.4027576,2.768365,2.6499295,1.5511413,1.0997316,0.17211995,0.040939428,1.490941,1.539272,0.92890275,-0.8668476,0.85973495,0.5572023,1.0474774,0.38016757,0.099291354,0.33341292,-0.44673625,0.93526936,-0.097674906,0.7095445,0.64717525,0.5736228,0.23644844,0.30640975,0.65571856,0.5008858,0.7625085,0.7048554,0.9440448,0.48182186,0.6211254,0.5908328,0.8064431,0.46509975,-0.4407285,-0.2606873,0.5968125,0.24047254,0.7345548
0.74138516,-0.8694238,0.003949809,-1.1957238,-2.086017,0.059820905,0.13132007,0.2522786,-1.3819141,-0.3605347,-1.6841809,-1.2337569,-0.4200205,-0.64608973,0.08062773,-1.3514835,-1.1513705,-0.84043634,-0.84327585,-1.5008835,-0.7168421,-0.566732,-0.5269219,-1.2964512,-0.63941103,-0.45283645,-0.47922343,-0.94456166,-1.2254393,-0.46911475,0.40878633,-0.63549566,-0.42583746,-0.1302389,-1.0019149,-0.335275,-0.82371205,0.008817522,-0.47254652,-0.137479,-0.87944305,-0.85716957,-0.2886762,-0.62583417,0.57875896,-0.82308465,-0.48065558,-0.34622514,-0.48708978,-0.7795464,-0.46100152,-0.14307024,-0.14960852,-0.99092585,-0.92070293,-0.95698637,-0.19611007,-0.6613638,-0.5522675,-0.593293
0.6750662,-0.9558505,-0.8802344,0.24628556,-2.1589065,0.008931648,-0.87717295,0.20038506,0.052017514,-0.4605119,-1.3847852,-1.2963128,-0.5054528,-0.69477177,-0.031911604,-1.1288309,-1.2683793,-0.90158904,-0.5851697,-0.41813734,-0.65201455,-0.61840564,-0.5879694,-1.0379099,-1.2187033,-1.1163865,-0.5498378,-1.0167652,-0.75732857,-0.88550615,-0.011313664,0.09412199,0.37710175,0.21237147,-0.2476762,-0.5046245,-0.8201367,-0.5501148,-0.031328,0.50218976,-0.23946622,-0.23568343,-0.1995933,-0.3389097,0.75872886,-0.30392963,-0.13562022,0.5984655,0.4105175,-0.3117184,-0.2824006,-0.12397178,-0.097300805,-0.1635062,-0.47730047,-0.89647853,0.4181801,-0.29534554,0.15920167,0.31334707
0.65144855,-0.98557806,-0.9000992,-1.2559925,-2.1783738,-0.010083129,-0.88641894,0.18204415,-0.1742276,-0.6129279,-1.7593633,-1.3172975,-0.5330927,-0.7096964,1.686606,-1.0550718,-0.9829288,-0.075816795,-0.286069,-1.0494558,-0.36773705,-0.38627085,-0.60776335,-0.9518611,-0.2149009,-1.032929,-0.5727515,-0.89232856,-0.4876496,-0.82070005,0.043929722,-0.26171374,0.045283094,-0.123233885,-0.43183714,-0.24805303,-0.29032528,-0.23203398,-0.27955812,0.36276063,-0.4134034,-0.503711,-0.4977233,-0.17241968,0.7547202,-0.56286967,-0.29852137,0.19494595,0.035415027,-0.6574624,-0.5573693,-0.360035,-0.35241717,-0.2630827,-0.57764345,-0.49246162,0.17251521,-0.5338856,-0.13833497,-0.11548215
0.7177676,-0.8981671,0.41978776,0.256337,0.46375898,0.03805833,0.119671084,0.23376381,-0.47402164,-0.8131623,-1.30174,-1.2555372,-0.44729394,-0.6639117,0.76585156,-0.8717095,-1.1909621,-0.00843474,-0.23913069,-1.0402802,-0.7373648,-0.58380157,-0.009766762,-1.210887,-1.1737201,-0.47693703,-0.5027035,-0.9697277,-1.240986,-0.73445493,0.14216924,0.032562412,0.24627012,-0.34822977,-0.701101,-0.19764723,-0.60075474,-0.53153056,-0.46433166,0.12726791,-0.62321895,-0.42562038,-0.18999276,-0.46153876,0.5997329,-0.5095057,-0.066601336,0.24992593,0.15363514,-0.65577406,-0.35788766,-0.31709898,-0.22476035,-0.31079376,-0.4102494,-1.078823,-0.18660666,-0.24455263,-0.18153147,0.025497597
0.74011993,-0.86843944,-0.82405424,-1.1960422,-2.082395,0.057512753,-0.8493776,0.2505401,-1.1430602,-0.16359246,-1.490599,-1.2346023,-0.41933995,-0.6478079,0.07906158,-1.3517255,-0.5950447,-0.84111315,-0.5737068,-1.3163493,-0.36157107,-0.20396657,-0.5271156,-1.2966,-1.1516913,-1.042204,-0.4794848,-0.94511074,-0.9563327,-0.8339146,0.3216997,-0.100218125,0.24681845,0.1429118,-0.5532983,-0.43694007,-0.57337,-0.31625775,-0.26598802,0.21152143,-0.42496938,-0.47393462,0.1288613,-0.5319362,0.6592262,-0.58291125,0.10351872,0.35924065,0.101312876,-0.39814106,-0.10114639,-0.10441446,0.012781169,-0.4474908,-0.53798485,-0.9044151,0.06841721,-0.31720176,-0.16264701,0.016492248
-0.7634979,1.7363069,1.0056895,0.9607526,0.48005727,0.22413217,-0.5260899,0.7682509,1.5679364,0.8715563,0.8611948,0.59326345,0.29972246,0.8115053,1.7260135,0.7001935,2.3268306,1.1221824,1.2625338,0.9204339,0.6794124,0.98043394,0.7730794,0.50059515,0.5795208,-0.05267423,0.029825194,0.1283334,1.37496,0.9852898,-0.5883728,0.8356846,0.97520036,0.9167955,0.4242843,0.016809927,0.37543023,-0.2959367,0.5718567,0.13294294,0.61458117,0.30035678,0.7763447,0.5229933,0.8261799,0.3805847,0.7173886,1.2168967,1.1668972,0.8704116,0.5740994,0.53045356,0.5214974,0.5858543,0.32140085,-0.3200252,0.3960584,0.32193172,0.176015,1.1221011
-0.07179427,1.5665796,1.2169535,1.5729071,0.47236085,-0.46474358,-0.18123144,-1.5056689,2.2465637,2.4111316,2.0493934,2.7290878,-1.0265874,-0.12203305,0.8050408,0.9668572,1.4868904,2.0531805,2.0401833,0.85277504,0.13544428,0.68499917,-0.43786678,1.9223374,0.23041414,-0.4066503,-0.2520478,0.7921142,2.4411952,1.7527119,-1.3173018,0.9069743,1.1439517,0.8261988,0.6881552,-0.5596139,0.3151938,-0.8572676,0.8661007,0.5208271,0.8986156,0.83271116,0.9222568,0.5500381,0.48858505,0.73024756,1.0373335,1.4752507,1.3495123,0.86799014,0.83012694,0.7739683,0.7843636,1.2655357,0.7730372,-0.28735983,0.2584527,0.6921058,0.77165693,1.4329529
-1.6008679,1.4398518,0.9534452,1.8865296,0.47824636,-0.8588832,0.112237886,-1.5882465,2.635393,2.4739575,2.1123967,2.459404,-0.32582706,0.70417,0.931304,0.6104043,1.388794,2.2539592,1.8746337,1.0586182,-0.0422006,-0.8586309,0.27828166,2.2048213,0.9397818,1.1009924,0.3606959,1.7738928,2.2319176,1.6743373,-0.06463289,0.6810595,1.2558537,-0.046294414,0.52744216,0.12558284,-0.15001073,0.22190955,0.17618532,0.96676856,0.41688132,0.3157473,0.22857814,0.7334687,0.6740899,0.07799111,0.72358316,1.3169595,1.2510719,0.047802307,-0.1848496,-0.26586342,-0.113159955,0.44764543,0.08872244,-0.34160617,0.88066655,-0.020152658,0.6977297,1.2694968
-1.7140002,1.3912398,1.1692176,1.679654,0.4850373,-1.7382295,0.5979485,-0.8443362,2.1675525,1.5317421,1.9682121,2.9546697,-1.10733,0.43488923,0.5441262,0.9841772,0.8956747,1.7667186,0.89261335,0.79665446,0.49427086,-0.14835466,-0.67618597,1.7973604,0.48268464,1.4678898,0.19547239,2.028242,2.396275,0.9071884,-1.3617302,0.92096466,0.16817778,1.2801652,0.30942383,-1.2240286,-0.4693933,-1.4977373,1.4249104,0.2588187,0.711088,0.8794207,0.96320003,-0.88187015,0.03788666,0.8570816,0.8750445,0.3835263,0.2510928,0.722055,0.43741408,0.27373728,0.24097106,1.0198048,0.7635599,-1.1911775,-0.53808117,0.72632545,0.59201574,0.39064294
-0.8833988,1.1660768,0.5744416,2.0653389,0.47824636,-0.7027372,0.07051963,-0.23115577,2.4122062,0.53283286,1.6250267,2.064404,1.1237224,0.21944568,0.20901148,0.98656875,1.3931769,1.317649,1.1507921,0.8661725,0.42513782,1.0657308,1.1133639,1.8258916,0.4810426,0.67934424,-0.97028,1.3878636,0.39069253,0.94199455,-1.2699759,0.9184052,0.78175455,1.0439217,0.66605085,-0.32536986,-0.48697412,-1.0026201,0.86927116,-0.12961738,0.56374246,0.89489484,0.83513767,-0.070222124,0.34614336,0.6075933,0.9224297,0.7916161,0.8746238,0.8056863,0.55305254,0.40262845,0.55611336,0.69058716,0.4442392,-0.9605641,0.08858481,0.42407176,0.32243544,0.9082917
-1.1254585,1.1915866,-0.14732108,0.85111725,0.4741718,-1.3163873,-0.7259881,-1.2165602,1.9034513,0.49204457,1.0340253,1.8628279,-0.05119862,-0.15598904,-1.0330473,0.42176205,1.457512,0.1582302,0.44053575,1.0143782,0.2391253,0.2326132,0.009484589,0.94517547,0.35004508,0.24446249,-0.57312125,1.1955874,0.20154609,0.49561927,-0.8191418,0.58706975,0.5038512,1.1701968,0.45698333,-0.22946553,-0.14135844,-0.6660004,1.2092462,0.47593692,0.60674167,0.5114358,0.5646838,-0.11237857,0.6805154,0.3296835,0.82603467,0.6200244,0.4461533,0.64561015,0.13917767,0.09948726,-0.02166805,0.89122546,0.37214103,-1.0822201,-0.15881477,0.34383175,0.5498893,0.517017
-1.6590683,1.5149919,-0.3661388,0.71011674,0.46602264,-1.707674,-0.16850801,-0.98213285,1.582939,0.17503849,1.5306985,1.2213377,1.3873199,-0.56310344,0.26574412,0.77978814,1.6637886,1.238587,0.5321198,1.2512603,1.9689047,2.3434527,1.7416527,1.7588617,1.3727001,0.2869076,-1.162791,0.12684329,1.1110413,0.21284582,-1.2635473,0.39501238,0.09089479,0.91280216,0.21403635,-0.7921192,-0.23698658,-1.0397605,1.00216,0.050908852,0.5346928,0.83075345,0.898473,-0.6357646,-0.1123015,0.6867316,0.9725013,0.16292079,0.045773633,0.78620917,0.7616111,0.7821121,0.7397971,0.88130563,0.56932044,-0.67641586,-0.723058,0.5876709,0.37589264,0.19332916
-0.26337755,1.247097,0.7969481,0.9908567,0.48232093,-0.9123802,0.64088935,-0.8878281,1.2657996,-0.043534413,1.298519,2.3579054,1.5607533,0.701392,0.51566476,1.2675374,1.2952766,1.7976462,1.5324342,1.5561553,1.7886702,2.4304173,1.9298534,1.693754,0.9258052,0.57823926,-0.4732374,1.0170058,0.5317012,1.2807362,-1.4173067,0.78235537,0.6786966,0.727606,0.5291982,-0.8648443,-0.13155803,-1.1385586,0.9148822,0.019493017,0.5999015,1.0296007,1.3429995,0.15401205,-0.03000918,0.95109373,0.8820973,0.75997704,0.8836591,1.026748,0.94028634,0.9915496,1.0468305,1.1299902,0.8923883,-0.72815114,-0.23900929,0.65019876,0.34712416,0.99146855
-0.525423,1.1336907,0.81805784,0.29116124,0.492281,0.9915518,1.1654156,-1.7986021,1.2172867,0.7858864,1.5248549,1.513372,1.477978,2.1707215,0.5667414,1.3674784,2.339792,1.1738732,1.7707263,1.626388,1.2716165,1.38829,1.0943428,1.8695847,1.1043057,0.9633647,-0.3136677,1.4434721,1.1110005,1.6847023,-0.93764967,0.9768823,1.2834575,0.124774955,0.79370725,-0.20135488,0.713613,-0.7685107,0.75826025,0.22478208,0.74622726,1.0326648,1.2243751,1.6056781,-0.03810138,1.0294055,1.0184717,1.2804077,1.5113142,1.221724,1.2309445,1.1801976,1.177265,1.2670021,0.94271535,0.43352756,0.67651343,0.81689644,0.61305046,1.621339
-1.9037844,1.3261216,0.73190105,0.21658291,0.48367912,-0.07593146,0.68848014,-1.2503756,1.5806059,-0.34230736,0.8709341,1.3345896,2.0714545,1.5019046,-0.21550073,1.1921703,1.5858297,1.2029848,1.3286363,1.3819637,1.5882195,2.4753447,2.3786695,1.4960108,0.77029914,0.89811903,-1.1256492,0.67726314,1.0003617,1.3327768,-1.3812025,1.1218659,1.1417876,0.515872,0.61648226,-0.699764,0.16160858,-0.9356218,1.0423926,-0.16581133,0.7248644,1.2081285,1.0487154,0.55786085,-0.57067305,1.5149959,1.1832501,0.97092706,1.2394685,1.3719174,1.1081586,1.4226208,1.3132582,1.2453054,1.2002794,-0.21341488,0.29064742,0.9420143,0.50691116,1.3216224
-1.0254905,0.87359273,0.52948093,0.43616524,0.49001732,0.42592075,0.6093515,1.0800397,1.5677974,-0.01970031,1.3750707,1.6256398,1.827736,2.4188843,-0.2935104,1.2119718,1.697633,0.9237457,0.9533819,1.4019887,1.8332824,2.5703926,2.6650975,1.3214465,0.903005,0.82965803,-0.7866669,0.63589805,1.3216493,0.9640289,-1.038599,0.971893,1.1151375,0.22408724,0.6741017,-0.4206331,0.3741015,-0.7697899,0.64001083,-0.1649773,0.55433774,0.72251284,0.828008,0.721683,-0.2607947,1.0506411,0.8025388,0.97267276,1.0992132,0.9484211,1.0551248,1.2497023,1.0980597,0.7242137,0.90070194,0.010758219,0.13447411,0.70276874,0.29298115,1.2764225
-0.8962787,1.5797865,0.5923339,0.75338316,0.49137554,0.028656,0.6517333,-0.46248314,1.4319136,0.5461718,1.4479835,2.035266,1.7887768,1.8356174,0.09394929,1.1154448,1.9471622,1.2275374,1.552374,1.2833511,1.4600202,1.5770954,1.1995393,0.98664135,0.5801091,1.5164711,0.28690293,-0.030595666,0.7226922,1.3508425,-1.2826416,1.1739126,1.242302,0.6732553,0.45318735,-0.4325497,0.16795097,-0.7423352,1.1792536,0.6038866,0.86955124,1.3689585,0.8508516,0.6813901,-0.1422109,1.3386484,1.3523604,1.217987,1.2616931,1.3702154,1.0637801,1.0739299,1.0000967,1.1254395,1.1956542,-0.4315846,0.23797044,0.88731563,0.91250515,1.3076246
-1.7568071,1.0240744,1.0996006,0.6949813,0.4895646,0.27666602,-0.2566983,1.7821509,1.0226809,-0.112830915,1.0805322,2.289126,1.8539141,1.3978649,-0.18148531,0.83773834,1.2551788,1.649023,1.6020433,1.018615,0.7492684,1.7555223,1.2567731,0.99095505,0.78472227,1.2733201,2.3576224,1.2331457,0.5952549,1.3737111,-1.068271,1.0004994,0.9669727,0.44119868,0.5612856,-0.5354558,0.009904694,-0.86675906,0.69302535,-0.44145957,0.5596788,0.8826222,0.47227782,0.40953004,-0.23491302,1.049013,0.51731116,1.0386094,1.1519592,1.0689999,0.6941985,0.49266323,0.35566404,0.61861646,0.7836841,-0.2939757,0.91558576,0.4095508,0.016824426,1.1288654
-1.6128875,0.5308333,0.32020837,0.54611236,0.48911187,-0.10772894,0.81090534,-1.6010243,1.6029316,0.5251673,0.8315284,0.87304324,0.15548022,1.5128807,0.026720006,1.2661177,2.5946498,0.5836022,0.5426846,1.3468314,0.7055006,0.7779585,0.662091,1.5149662,1.3029648,0.883811,-0.51348305,0.27900347,0.97516704,0.65163344,-1.0559294,0.7328721,0.84036475,0.5492583,0.6575627,-0.7072956,-0.016691362,-1.0825067,0.8547935,-0.14753926,0.41418695,0.7236223,0.4142888,0.5774145,-0.1282878,1.2315508,0.8331625,0.63800716,0.9424025,1.1255172,0.5369637,0.58369184,0.5364321,0.8391602,0.8084466,0.03123455,0.062155902,0.3889041,0.27331722,0.984162
-1.5066084,1.418326,-0.5724812,0.80287045,0.4895646,-0.48113775,-0.0870225,-0.9510949,1.2334208,-0.32416683,1.2005048,1.7096128,0.3988263,1.8976526,-0.65935475,1.1906618,2.4579232,0.09596841,-0.13986927,0.8492544,0.44566587,0.98504883,0.47258788,1.0241433,1.1101501,1.2120545,-0.97387624,0.59381926,0.87826395,-0.2654326,-0.7341471,0.61942273,0.0430318,0.79495126,0.44054657,-0.74178517,-0.5822593,-1.1193625,1.1120327,-0.37487623,0.46994692,0.520366,-0.12502643,-0.050073568,-0.32142535,0.8778141,0.3507733,-0.0142846955,0.15970995,0.57496524,-0.28133354,-0.25478494,-0.35171315,0.65135425,0.3257238,-0.8351179,-0.20706771,0.077864274,0.037432466,-0.017093277
-1.6453617,1.4059472,-0.48620582,0.6849614,0.48730096,-0.086369626,0.5422243,-0.781664,1.2247862,0.1267674,1.1801816,0.71816504,2.173819,1.7509041,0.64186823,1.2318157,2.4429104,-0.2126331,-0.15677692,0.98489356,1.9420125,1.7744589,2.0133445,1.6621498,0.6966382,0.7529198,-1.0680064,0.9105617,1.4902525,-0.22525226,-1.2343864,0.7692203,0.8498077,0.15877484,0.57111454,-0.56915843,0.018129159,-0.93001765,0.45556083,-0.5122042,0.39224815,0.7472015,0.96003884,0.35369924,-0.40616632,1.020165,0.7289948,0.6779079,0.82813615,0.9748514,1.1482608,0.9444582,0.91788954,0.64273626,0.7108703,-0.21184719,0.19787627,0.59318167,0.08185652,0.90867466
-1.7299211,1.9384686,0.120421335,0.18804345,0.49047005,3.5303774,0.7381167,0.52483517,1.3698162,1.853146,1.5493705,1.815461,1.5074768,2.8375835,0.5014865,1.1387987,2.2210069,0.6756503,0.44157413,1.4313132,1.6366183,0.91159785,0.24854687,1.0321946,1.1017021,1.1652257,-0.31195313,1.1605408,1.7448494,0.15153743,-0.86413234,1.0824579,1.1199784,0.52371854,0.55024606,-0.26211885,0.054934196,-0.30676255,0.62175846,-0.023813512,0.5117759,0.6878962,0.2978511,0.8095198,0.12449336,0.86885035,0.8011042,0.99111587,1.200612,0.7952788,0.62065625,0.614985,0.5451138,0.6490704,0.55616444,-0.23290846,0.52606285,0.43088338,0.17823434,1.1753097
-0.80881494,-0.0042375578,0.55429333,1.3819785,0.48911187,-0.19910212,0.3334401,-0.18467355,1.8129431,1.3055862,1.7435969,1.1933091,1.7679375,1.5111161,-0.12583137,1.2681369,2.1019032,0.019855088,-0.0035334632,1.2632546,1.5185189,1.81537,1.5414972,1.5178157,1.4792702,0.82051665,-0.69407046,0.75513357,1.358709,-0.02973532,-1.1161032,1.0095627,0.5330593,1.0772973,0.50771177,-0.7242557,0.116655886,-1.1163006,1.2526331,0.4119102,0.88422275,0.9514072,0.31513038,0.15325867,0.29106957,0.94928557,0.69571024,0.8051585,0.6836227,0.9208497,0.37165642,0.32653996,0.1529037,0.9061525,0.74897003,-0.49333724,-0.12793311,0.56013656,0.7143705,0.6894819
0.8887786,1.6719589,1.0547872,0.58579344,0.49001732,0.7360429,1.0733187,-1.7654841,1.4855609,0.4222671,1.4198722,1.8700123,0.9981109,1.6303005,0.34917384,1.241864,1.9071323,1.1814524,1.4058433,1.3787311,1.6286683,1.7633504,2.0946996,1.4307948,0.9830332,1.3862507,0.6101432,-0.40287805,1.1415398,1.4139906,-1.5831896,1.0133497,0.9260846,0.15594268,0.74526054,-0.5722887,0.12593387,-1.2817854,0.48845437,-0.6955344,0.4644853,1.010383,1.0572618,0.4782151,-0.24099232,1.2134134,0.7122336,1.0148826,1.2260175,1.0227581,1.1611266,1.1767203,1.025545,1.0420791,0.9280441,-0.165606,0.24781534,1.0001107,0.08344327,1.2592791
-1.8132153,0.5244602,0.7587927,0.87066835,0.49182826,2.0606663,0.15790872,0.25687477,1.7080271,1.2982672,1.3803984,1.2090065,2.2868311,1.7467542,0.17276493,1.2512487,1.7459202,0.8938344,1.2773539,1.2229308,2.1035855,2.3373766,1.9453337,1.8702717,0.95922333,0.8690646,0.06877153,1.7114908,1.6551692,1.3585647,-1.0143296,0.99526995,0.7333043,0.78692615,0.30342257,-0.6788374,-0.092612796,-1.2164764,0.8256578,-0.38582715,0.63015157,0.85974747,0.7357364,0.12771133,-0.119866446,0.89904726,0.68898296,0.71463263,0.8089099,0.9262234,0.80060005,1.0721675,1.0507865,0.92064774,0.5701578,-0.6017186,0.031219235,0.6426764,0.25336996,0.8852268
-1.4832016,-0.07612198,0.81157315,0.6795738,0.49047005,1.0412954,0.4044601,-1.4961941,1.0295867,0.6836286,1.7177106,1.7382901,0.60953647,1.8141298,0.49709463,0.8624445,1.8402745,0.9144499,0.8694276,1.3014307,1.8267182,1.7429696,1.2714418,1.5220712,0.41984582,1.20604,0.3405278,1.0016537,1.6524748,1.0982552,-1.1907985,0.96421295,0.7047781,0.8232657,0.24233449,-1.1198716,-0.08261582,-1.4890056,0.6870667,-0.38407227,0.76709855,1.0362353,1.0819181,-0.3284243,0.2960877,0.70149106,0.71343416,0.9504071,0.866749,0.85483277,0.8193875,1.0260897,0.99956053,0.8442777,0.773783,-0.6283708,-0.24554509,0.49798474,0.13837609,0.9543069
-1.8017228,0.3730764,0.41083866,0.6768313,0.48820642,0.09420716,-0.23852329,-0.9567174,1.2263899,-0.007275671,1.5967503,1.0258,2.4885008,1.663699,-0.2623869,0.99396294,1.1389557,0.5493475,0.2995558,1.3653578,1.7987932,1.7056016,1.6330886,1.8033539,1.5061784,1.0741374,-0.41344488,0.68461573,0.91126704,0.29195786,-1.1555482,0.7479675,0.6181426,0.88217014,0.5289075,-0.34464088,0.30031696,-0.5459867,0.7372469,-0.14954892,0.78143996,0.93296707,1.1319084,-0.13279274,0.2168219,0.73077327,0.62530553,0.73541105,0.62982595,0.9895353,0.86113596,0.98738045,0.8748238,1.0203427,0.7670857,-0.51990813,-0.46535376,0.91843396,0.4019732,0.786399
0.6648389,-0.968844,-0.889934,-1.2469163,-2.1634338,-0.0024992002,0.112361304,0.19238807,-1.4590241,-0.4599198,-1.0824119,-1.0896403,-0.5147708,-0.3649574,-0.04617479,-1.4044273,0.14620954,0.24288611,-0.12622297,-1.5311277,-0.7848339,-0.62527996,-0.5962589,-1.3667951,-1.2258766,-0.5265875,-0.55798393,-0.28651863,-0.7520505,-0.5882409,0.282123,-0.39636993,-0.22500865,-0.5645598,-1.0931937,-0.20430505,-0.6304096,0.0115767075,-0.8106885,-0.24246305,-0.9283509,-0.9077403,-0.15786502,-0.49553075,0.47973633,-0.8480918,-0.5429366,-0.25589144,-0.31698555,-0.9711729,-0.40470454,-0.2570008,-0.12523897,-0.68108964,-0.81739384,-0.9246862,-0.49578843,-0.5689496,-0.61971444,-0.46345448
0.66230845,0.54596466,-0.8914084,-1.2500213,-2.1679611,-0.00019104822,-0.88015926,0.19038883,-0.53717524,-0.14970718,-1.2021444,-0.42268687,-0.52100027,-0.70147604,-0.050146107,-1.1160797,-1.293574,-0.42709997,-0.20377553,-1.4314976,-0.23161064,-0.6265751,-0.050898377,-1.3703271,-0.36752838,-0.82891935,-0.56133825,-1.0308583,-0.5017569,-0.42462632,0.40085602,-0.3784292,0.08429691,-0.40335137,-1.1001703,-0.27336228,-0.77415746,-0.121642716,-0.57790375,-0.1837282,-0.9125476,-0.7514141,-0.44516462,-0.23108575,0.46794954,-0.76509464,-0.61779904,0.1042726,0.035486,-0.85077196,-0.54236794,-0.16986972,-0.15359914,-0.75292915,-0.7958028,-1.0905448,0.119668186,-0.65250576,-0.56053364,-0.11160527
0.631943,-1.0084152,-0.08965641,0.17481107,-2.1955776,-0.0244816,-0.894057,0.16883172,-0.86710864,-0.45046958,-0.9232476,-0.35314333,-0.5546602,-0.7230039,0.6081631,-1.1397883,-0.47930655,-0.40898952,-0.045371983,-1.0803493,-0.3713346,0.52080256,0.05697787,-1.2189376,-1.0527748,-0.79206717,-0.59213674,-1.0632538,-1.2912513,-0.468259,0.27381125,-0.40765953,-0.2737694,0.20974724,-0.59927756,-0.294012,-0.8063247,-0.32465568,-0.19055754,-0.19745846,-0.7813848,-0.68109655,-0.2827711,-0.7181457,0.3728829,-0.6667502,-0.26327142,-0.21698038,-0.36009577,-0.6261225,-0.34279162,-0.2893044,-0.22825843,-0.56533474,-0.73274475,-1.068726,-0.09973292,-0.5186345,-0.5126699,-0.43916008
0.6953098,-0.92937124,0.8226154,0.23255573,-2.1340063,0.022560736,-0.8683864,0.2150752,-0.16244808,-0.2071931,-1.3693556,-0.59194654,-0.4796975,-0.35286874,0.7284707,-1.0970984,-0.3657781,-0.50854987,-0.3698387,-0.587675,-0.7575252,-0.0015020717,0.12977387,-0.3298059,-1.1958414,-0.72435814,-0.5264885,-0.99443614,-0.7444623,-0.33461547,-0.5266026,0.42317507,0.6020044,-0.12328835,-0.07056543,-0.2275305,-0.42457744,-0.51003784,0.047284573,0.11715771,-0.33867753,0.05255395,-0.26946044,0.15388934,0.61166346,-0.115760684,0.023265881,0.69246423,0.7229965,-0.24067199,-0.2637289,-0.18078855,-0.11266042,0.17520039,-0.29653114,-0.7294961,0.41764185,-0.06674144,-0.07269356,0.54688627
0.70638055,-0.26441652,0.4063098,-1.2203249,-2.1199718,0.03212308,-0.8637921,0.22472374,-0.7677247,-0.43480185,-1.7132146,-1.0579177,-0.4625796,-0.6724016,0.020778285,-1.3749657,-1.2130327,0.09379826,-0.16524124,-1.0354956,-0.7472803,-0.5929009,-0.5579105,-1.0520889,-1.1853361,-0.7893842,-0.515685,-0.12881485,-1.2472895,-0.31501406,0.06907091,0.38734666,0.6552586,0.1375265,-0.068238795,-0.13400306,-0.15709208,-0.22402374,0.023928875,0.8418641,0.1760774,0.005135175,-0.1310558,0.19199193,0.99142087,-0.21013217,0.44445002,0.9372808,0.83915615,-0.009405096,-0.17745939,0.036022324,0.09624458,0.0512415,-0.3811085,-0.5260122,0.6886086,-0.18776534,0.36825046,0.65804976
0.6918304,-0.9274025,0.3962671,-1.2269329,-2.1317427,0.019922849,-0.86982214,0.21637905,-0.8211175,-0.7040434,-1.7235345,-1.2783616,-0.4762425,-0.3522513,0.71799517,-1.3838744,-1.2313005,0.11662222,-0.14705633,-1.2946583,-0.059313834,-0.6007715,-0.56852406,-1.1659291,-0.6359463,-1.0927585,-0.52923286,-0.99452764,-1.2550303,-0.44651872,-0.2398577,0.43832898,0.79138446,0.26695526,-0.02869261,0.038685277,-0.38019803,-0.25660405,0.20065793,0.9264101,0.26122516,-0.04087522,0.08042802,0.011243572,0.95096695,-0.07991439,0.30495986,1.0337594,0.899893,-0.12453209,-0.17017189,-0.12403089,-0.028001733,0.2266745,-0.23064631,-0.83523476,0.6877885,0.063536406,0.40288478,0.7891488
0.71049255,-0.9061404,-0.8486525,0.24901082,-2.1136334,0.035750177,0.1147555,0.22872223,-0.47704113,-0.81760186,-1.7096173,-1.0534331,-0.45509383,-0.6685609,0.74283653,-1.3719153,-0.6438658,-0.34312865,-0.22001836,-0.95212543,-0.6261523,-0.58894897,-0.55326223,-1.3233693,-1.1810322,-0.48702455,0.13144757,-0.79181635,-1.2443827,-0.4092198,0.43193352,-0.44038922,-0.019735672,-0.050562836,-0.4499053,-0.16861756,-0.5724964,-0.04186564,-0.39226744,0.062365156,-0.7319282,-0.6180347,-0.24484935,-0.44105983,0.7242752,-0.95883894,-0.5122861,0.0921166,-0.044090804,-0.83159184,-0.57213223,-0.52708983,-0.44697323,-0.66319144,-0.8227102,-0.80474824,-0.15141593,-0.5965052,-0.48808298,-0.2007008
-1.3985368,0.20727663,0.5909749,1.0333862,0.4655699,-0.36771035,-0.3777368,-1.4303058,1.6342213,0.15401495,1.1879307,0.99273664,1.5710539,-0.20710719,1.2253242,1.385152,1.1709086,1.2607195,0.58051586,1.1220676,1.2538285,1.6579427,1.7803291,1.5727909,0.5600134,0.08021838,-0.9891578,0.7591423,0.15507635,0.91937554,-0.77283263,1.1599216,1.028407,0.8711005,0.6131304,0.56250846,0.6741157,-0.27312514,0.8193678,0.47831926,0.9789842,0.7738084,0.98113316,0.90884954,0.34967443,0.9839301,0.73014706,1.2055938,1.317177,1.1310747,0.9131337,1.2295886,1.0646464,0.97316927,0.81655663,0.0016859788,-0.006685352,0.9206008,0.7490524,1.3109008
-1.9251878,1.6224813,-0.024735129,1.2048585,0.48277366,-1.1973001,0.03313319,-1.0906168,1.7121631,0.6576998,1.6838088,1.5019202,2.1112611,1.0555009,0.08083823,1.4798963,1.6830199,1.0271912,0.64965826,1.3155696,1.2235616,2.4065773,2.3643596,1.8731819,1.0901916,-0.018063618,-0.6043721,1.7512865,1.4942483,0.5531817,-1.3972911,1.0698801,0.67702,0.60777265,0.5068466,-0.8810764,0.2212323,-1.1199678,0.8732268,-0.03159499,0.95817304,1.2140847,1.3390707,0.25730425,0.04596914,1.225186,1.1962788,0.98655367,0.9632353,1.2173854,1.2539705,1.3057092,1.2342161,1.1582578,1.116969,-0.1745944,-0.00257642,1.1438618,0.59793866,1.0010189
-1.8065728,1.8465725,0.6993401,1.7386538,0.48232093,-0.98105335,0.120972276,-1.7570525,2.0554473,1.07651,1.8805244,2.034719,1.2384878,0.6987295,0.7284802,1.2469474,1.6474788,1.4612772,1.4076848,1.3367273,1.7256712,2.1151025,2.0425315,1.4192919,0.61294925,-0.029156836,-0.65266293,1.6369313,1.2963285,1.1088033,-1.1057568,0.8085688,0.4123972,0.85796046,0.48490041,-0.7846109,-0.14857668,-0.9994187,0.985491,-0.2665904,0.70205134,0.804418,0.98438984,-0.108007535,-0.49552956,1.0113181,0.8114351,0.5823958,0.79353094,0.99549,0.8036281,1.0204713,0.8588854,0.8484171,0.737225,-0.565553,0.8001122,0.66057324,0.18634889,0.8475916
-1.0190836,1.1884847,1.0416101,1.688997,0.4832264,-1.107656,0.57316124,-1.8524079,2.2226639,0.40948948,1.6491262,0.8477112,1.4638766,0.37833285,0.062315244,1.0786719,1.2083242,1.636022,1.3235227,1.3283892,1.519688,1.6731967,1.3237042,1.609984,1.2743042,0.488668,-0.011758847,0.41288516,1.0144147,0.888498,-1.6153811,1.1005086,0.070219085,1.0897269,0.24576777,-1.065683,-0.18618947,-1.229155,1.3204576,0.006515613,0.8790442,1.102019,1.1864439,-0.19841477,-0.41623375,1.3178722,1.2763262,0.18027839,0.19574362,1.1328077,0.97657746,1.2238247,1.1295415,1.2690452,1.1390976,-0.7657747,-0.8052289,1.0429822,0.6491011,0.33707386
-1.8870201,0.37601453,0.47060734,1.9027258,0.47507724,-0.88169754,0.0668931,-1.0221168,2.1018157,0.50110656,1.9263445,1.3658272,1.4012464,-0.17221032,0.19810285,1.0096747,0.91903114,0.9211441,0.8762723,1.0792289,0.64318305,1.563105,1.5551502,1.9005505,1.4879088,0.6832284,-0.898109,1.5344982,1.0927818,0.7168218,-1.5571848,1.1290852,-0.06565892,1.4183927,0.32171807,-1.4010522,-0.8094669,-1.4563932,1.7974515,0.17867115,0.7850039,1.1902517,0.60855854,-0.51402885,-0.1654723,1.1212817,0.9702345,0.15603597,0.060886484,0.86457115,0.42789364,0.43399575,0.3331106,1.1167578,1.0496882,-1.2748009,-0.78940165,0.81083053,0.78313184,0.123277724
-1.843159,1.4844542,-0.46436572,1.6598477,0.48051,-1.1228011,-0.79068625,0.34922582,2.178761,-0.28430268,1.5483695,1.5684899,1.4172506,-0.18047152,-0.027280405,1.1947554,1.0592635,0.061107498,-0.14312229,1.0061448,0.34568062,0.9711556,0.85216093,1.5279313,0.9968946,0.61001575,-0.9896428,1.1743724,0.5697204,-0.24461617,-1.5841758,0.8895046,-0.021943051,1.1764584,0.28710797,-1.197607,-0.6510853,-1.416533,1.459149,-0.1265356,0.7867536,1.3135269,0.87888396,-0.6380517,-0.48749235,1.189534,0.8877706,0.15289128,0.18103561,0.9928671,0.85565627,0.9099845,0.82572824,1.1328642,1.0986212,-0.99095124,-0.6549177,0.79549277,0.5458803,0.21675032
-1.8319827,1.3291087,0.014284905,0.22621378,0.48005727,0.5122474,-0.13963777,-0.33652994,1.9087555,0.055578515,0.9852353,0.97980165,1.433066,0.39330155,-0.8259572,1.363289,1.8008635,-0.069314264,-0.16707267,1.1488382,1.4907129,1.4023652,1.5189053,1.8784686,1.4191093,0.7187686,-1.3737195,0.17763005,0.68301386,-0.12770122,-1.4578539,0.71254224,-0.04037338,1.1042272,0.42809838,-1.1385269,-0.55131567,-1.4668008,1.5508844,0.01553208,0.7453773,1.0388012,0.6840826,-0.45456922,-0.30428743,1.054039,0.74264556,-0.04819086,0.0111689875,0.9064787,0.51618886,0.5506955,0.4305633,0.9911726,0.9544639,-0.6804713,-0.54480815,0.7414334,0.6327197,0.12668554
-0.5662479,1.0573621,1.0084307,0.37204444,0.47326633,-1.6223823,0.25344434,-0.677528,1.4703394,0.41091624,1.238458,1.8222944,1.92436,-1.1112089,-0.41006833,1.4697496,1.8324636,1.4826932,1.2831572,1.365545,1.5618913,2.4181366,2.1774344,1.2943614,1.3292545,0.6442469,1.9131911,1.117184,1.4954705,1.3399577,-0.72316575,0.9759318,1.4270567,0.45512676,0.62015396,0.09201753,0.48679593,-0.25282934,0.5521093,0.6262167,0.8583052,0.93495125,0.9509018,1.2162315,0.23634815,0.82517993,0.9541441,1.6379234,1.7339293,1.0722519,0.6395836,0.5173625,0.56694245,0.9206241,0.57895875,0.043378465,2.0082448,0.46397328,0.81272984,1.6705844
-1.7344548,1.7858135,0.6731979,0.39941707,0.48277366,-1.7629597,-0.076833956,0.54696304,1.4009945,0.054006577,0.9298258,1.3564397,1.5501441,0.4609427,-0.990545,1.2403785,1.9751998,0.8766284,1.1023173,1.3483977,1.7324282,2.2152586,2.1635885,1.3893956,1.5166236,0.720254,-0.92618227,1.087834,0.6918638,0.8052799,-1.4911854,0.843233,1.0439951,0.2157896,0.5555521,-0.9199616,0.14364105,-1.3150885,0.79662687,-0.21591339,0.60271454,1.0478636,1.337883,0.4428945,-0.44748446,1.409827,1.2390226,0.9327617,1.1681508,1.2903941,1.3325611,1.2059417,1.169896,1.1902649,1.0319086,-0.34414062,0.1631485,0.90790904,0.42047378,1.2576349
-1.4221557,1.1140951,-0.50194687,0.22551756,0.48277366,1.1008896,0.20317504,-1.838761,1.3307415,-0.34364608,1.1987876,1.9355295,2.0328805,0.7808139,-0.47607714,1.1114795,1.440329,0.07741149,-0.16702673,1.4647511,2.009611,2.7099566,2.5301003,1.6093507,1.0335764,0.5422784,-0.6325792,1.7341411,1.3875515,-0.30907533,-1.3303112,0.55082154,-0.037902605,0.7197424,0.6024933,-0.34583095,0.28195602,-0.8229404,1.1503448,0.14858538,0.7700047,0.79652816,0.5405519,0.131944,-0.3853467,1.2979646,0.9633293,-0.0026034992,0.010509957,1.1960336,0.8916415,0.8497197,0.6696215,0.7321529,0.9172327,-0.25896427,-0.5106058,0.7306656,0.5108962,0.12703873
-0.93215483,0.5823658,0.03987223,0.90076816,0.48141545,-0.9962761,0.063210934,-1.7627026,1.6993233,-0.38229877,0.8883318,1.9129567,1.0237217,2.0042279,0.23953919,1.5043867,2.056942,0.09508253,-0.5465168,1.0820055,0.6345871,0.89788896,0.5909078,0.6019942,1.2425891,0.5430371,-0.6861981,0.82454085,1.1651632,-0.272167,-1.4201648,0.59132886,-0.12607673,0.729449,0.5865779,-0.8163544,-0.31306154,-1.3571826,1.2325659,-0.37420392,0.5386488,0.87849027,0.7304374,-0.13257116,-0.88907343,1.375436,0.77026445,-0.28406897,-0.1831476,1.0601033,0.79481584,0.7340056,0.70506793,0.7800466,1.0385022,-0.5720488,-0.69577277,0.51367044,0.45011583,-0.08835941
-1.7950803,0.14265333,-0.42642975,0.6982459,0.48684824,0.77881837,0.71999377,-1.7457525,1.7015221,-0.39972797,1.378343,1.5979862,1.767378,1.7815003,-0.00490168,1.3622876,2.1765866,0.15210687,-0.37350795,1.255516,1.3259773,0.992691,0.59349793,0.74155694,1.655395,1.2837036,-0.885347,1.0237923,0.8384289,-0.5045904,-1.0817628,0.7889099,0.091906,0.60902196,0.484293,-0.43704113,-0.1831521,-0.7954517,1.054503,-0.43310857,0.5721114,0.61507386,0.34856132,0.08103903,-0.5850033,1.1945895,0.50228506,-0.060654648,0.15430525,0.9096567,0.46592206,0.43951854,0.33432993,0.62986207,0.8525158,-0.25355965,-0.41706258,0.49221835,0.21730964,0.13074483
-1.7507973,0.023559585,-0.64337397,0.16135696,0.48639548,-0.15576428,0.51244676,-1.1830324,1.356069,-0.65536046,1.5316929,0.06912308,2.310035,1.2011652,0.15319464,1.1993802,1.724271,0.047508053,0.6382425,1.245238,1.0053657,1.4541277,1.0094426,1.2639041,0.91653615,1.1245339,-0.1510608,0.97805446,1.291238,0.6939029,-1.4760491,1.0042572,0.8000547,0.53156066,0.5748956,-0.89417946,-0.05752816,-1.1512169,0.96329045,0.23762958,0.85544986,1.2238731,0.8263601,-0.17258938,-0.20499809,1.2957044,1.0323784,0.87986326,0.8499532,1.2249193,0.96085894,0.9959725,0.8259728,1.1048127,1.0983083,-0.123528816,0.09925681,0.744189,0.7836978,0.8695642
-1.6315496,1.2726433,0.71146035,0.23445942,0.49363917,1.6170231,1.1313984,-1.6163229,1.5471228,1.623236,1.4867975,0.9749614,1.1751539,2.0939112,0.5190017,1.1453017,2.587848,1.440206,1.6530234,1.1530042,1.8295677,1.5549228,1.6605023,0.6730796,1.1201798,1.1503315,1.7321326,0.8076896,1.2847834,1.3138015,-1.4368021,1.3907193,1.9193257,0.252036,0.77776885,-0.2283002,0.4503,-0.8739732,0.85394716,1.0865203,1.265919,1.3456067,1.0720184,1.5947541,0.5466168,1.4568986,1.5119568,2.0776598,2.220236,1.5140656,1.2849898,1.1378263,1.0844264,1.5356404,1.1190168,-0.052499406,1.5399853,1.0342841,1.2449996,2.1349516
-1.6747782,0.7519325,-0.15333232,1.2231412,0.48865914,0.14133511,0.4840094,-0.14120854,1.2327802,0.16900527,1.5920925,1.2175122,2.4671462,1.778811,0.4215987,1.4460797,1.5527745,-0.12656772,-0.14033628,0.9307096,0.7249404,-0.62875074,-0.73827785,1.4607564,0.6066412,1.2768874,-0.8712056,0.9019163,1.0621015,-0.19276106,-1.3025037,1.0839204,0.20133841,0.92578053,0.4989092,-0.90405107,-0.38683075,-0.97940487,1.3188863,-0.3436376,0.68343043,1.0819649,0.50340205,0.14406154,-0.7425371,1.3484588,0.76572776,0.03667554,0.21508451,1.1668704,0.5425779,0.6735244,0.5493409,0.72047496,1.0283849,-0.46577173,-0.37427476,0.5963891,0.3332819,0.24218832
-1.596545,0.27349925,0.10376714,0.6889708,0.48639548,-0.8728782,0.012257052,2.0549455,1.4326758,0.9627596,1.5559744,1.8065404,1.1153698,1.6477697,-0.8548536,1.0860626,2.4159296,0.5240595,-0.15663895,1.1210699,0.8022608,1.1002694,0.11007237,0.9257248,1.0930157,1.3079531,-0.6525555,0.8494054,1.3492613,-0.31827745,-1.010308,1.0343891,0.8131671,0.9967991,0.57382506,-0.94300336,-0.21736842,-1.0111153,1.280099,0.19486044,0.755603,0.91376126,0.20279574,0.47433412,-0.2264053,1.0558064,0.7101922,0.8067843,0.9581478,1.0612187,0.43043193,0.5908902,0.46243718,0.8296884,0.7241572,-0.46578005,0.36368048,0.30322573,0.34344557,0.9748341
-1.0792141,0.9477268,-0.59378815,1.0185256,0.48865914,2.0777555,0.8229675,-0.9123856,0.7046474,0.26445627,1.1946591,1.789009,2.0035427,2.1785655,-0.18817835,1.5018137,2.0926528,0.002044291,-0.49669912,1.2710879,1.5371102,1.5544828,1.7486774,1.0676881,1.6208408,0.9430454,-0.40111226,1.4723933,1.3609524,-0.57228595,-1.0142362,0.7266583,0.13061541,0.9728834,0.47223845,-0.7041024,-0.5006328,-1.1744109,1.3181711,0.1442083,0.61738396,0.53229475,-0.107194856,0.09812026,-0.35209796,1.083812,0.5546427,-0.049762852,0.061680768,0.86189675,0.01976794,0.1587583,0.015524859,0.5801714,0.736876,-0.587454,-0.3875742,0.25433248,0.49459404,0.111884795
0.47809768,1.6030468,0.8038462,0.6952138,0.48730096,2.8107312,1.4592737,3.3328323,1.1040987,0.80841464,1.9023201,1.8879927,1.1970773,1.0973458,0.08737369,1.2329175,1.4443837,1.6328421,1.1734864,1.1173869,1.1339531,1.7857103,1.5708367,1.6657753,1.0865704,1.3895086,2.6341617,1.804259,0.71791416,1.1714239,-0.73036593,0.96014,0.75954795,0.4627095,0.5295992,0.16103353,0.5909586,0.36487782,0.75273937,0.041220605,0.77800274,0.8018958,0.11846346,0.94227445,-0.060009707,0.9795603,0.74934375,0.83890903,0.9114936,0.89087147,0.1464651,-0.15510772,-0.2920948,0.8448713,0.62284565,0.055389456,1.0470952,0.77516043,0.4279643,0.84788287
-0.80196387,1.6531407,0.904893,1.0735804,0.49001732,0.016294237,1.6876789,0.6792761,1.1924797,2.263649,1.6884348,1.7413418,1.8341244,1.36391,-0.14142819,1.3813927,2.1279364,1.4134184,1.5837922,1.4505496,1.2716265,1.1593814,1.0878183,1.6718417,0.5914291,1.7960896,0.98120105,1.0749301,1.5717539,1.540335,-0.7619739,0.90537834,1.2345929,0.30237767,0.71167237,-0.16195187,0.68264806,-0.6828588,0.6390567,0.19147125,0.69289154,1.1016456,0.92401487,1.0138645,0.3720199,0.8337826,0.8014967,1.4993306,1.5636092,1.0709354,1.1089278,1.0201882,0.98578614,1.083104,0.87589836,0.32308263,0.71126664,0.70637125,0.48903048,1.5667752
0.072410636,1.9828625,0.9050363,1.1093714,0.492281,-1.7374601,1.0499235,-1.2166183,1.1895217,1.8676554,1.8781803,2.1234405,1.9107682,2.4117525,1.7020794,1.1243793,1.8611082,1.390118,1.8676308,1.1345896,1.7025152,1.2765372,1.2275517,1.5398015,0.9200583,1.6442254,1.9801998,1.0199715,2.2689052,1.7900791,-1.0120382,1.0910318,1.3192824,0.33005288,0.61070174,-0.087672025,0.7044896,-0.68298864,0.48063552,0.16376558,0.8317422,1.1457455,0.90677345,1.3495381,0.17615794,0.95808506,0.7827728,1.4785789,1.6725203,1.2239003,0.86111337,0.86666656,0.85149556,0.99479836,0.9286432,0.3199449,1.4299681,0.66858894,0.58608186,1.5864578
-1.6491573,2.04185,0.8924776,0.9400797,0.49137554,1.536554,1.3615739,-0.42628434,1.14268,1.2192389,1.8990374,1.6993215,1.1805383,1.5989906,0.06591581,0.5649618,1.6997981,1.707465,1.8949223,1.1015192,1.2977774,1.5420145,0.73733234,1.5005614,1.3664118,1.5050055,0.48553428,1.326736,1.4124761,1.70405,-1.1664234,0.97637075,0.75010157,0.7692711,0.4276956,-0.49058437,0.051087663,-1.0430571,0.63557523,-0.2158832,0.70986074,0.95007074,0.4072747,0.259946,0.3554278,0.7718869,0.41228944,1.0846672,1.0661347,0.82772756,0.43971214,0.28336567,0.27717027,0.9190047,0.7564073,-0.31094316,0.22147278,0.68745303,0.32350066,1.0528127
-1.7853802,0.54093134,0.6034026,0.8946248,0.48684824,3.1410344,0.3431962,0.5080351,1.0007153,0.2664852,1.5793116,2.2406797,1.1627157,1.7644413,-0.25286624,1.0438592,1.1830996,1.3355339,0.95634127,1.076129,1.806155,2.1183264,1.6435131,1.5023718,0.8457303,1.0939393,-1.0941981,0.687126,1.3409187,1.1255074,-0.8823157,1.3083385,1.258715,1.0676601,0.5057294,0.7682116,0.6581689,-0.07311512,1.0455345,0.7342956,1.006215,1.1984069,0.5264281,1.0828421,0.6970246,0.90251505,1.0060308,1.4057776,1.3881787,1.1014074,0.2435622,0.24343781,0.21409363,1.2971649,0.8627992,-0.29138753,0.36866862,0.780083,0.8058384,1.3440009
-1.8660384,1.5383595,-0.30943134,0.44411907,0.4850373,-0.8416614,-0.15578274,-1.8022529,0.95179003,-0.27923563,1.3485644,0.4995342,1.5310148,1.7579819,-1.1517432,1.0193369,1.3125455,0.24397708,-0.060356725,1.3733362,2.265151,2.2180772,2.0086648,1.618851,1.197618,1.1925154,-1.0021833,1.0305642,0.89006764,-0.008315513,-1.0145369,0.48312885,0.32013604,0.91987336,0.45352644,-0.5357602,0.30360025,-0.8300465,0.85960567,0.31332114,0.6452015,0.7492572,0.5641061,-0.33369923,0.20641796,0.5685296,0.3677641,0.4164469,0.33328423,0.74142355,0.5554417,0.40165764,0.3676048,0.7095477,0.7663203,-0.16817331,-0.34806004,0.76222336,0.6770647,0.4835484
0.36782667,-1.3686903,0.8815297,0.048848744,0.47371906,-0.22474127,-1.0034008,-0.040133152,0.043386515,-0.34804755,-1.1620995,-0.49448782,0.24968158,0.9611868,0.14466374,-1.0270225,-0.026612319,-0.19539244,-0.19428217,-0.12642668,-0.16046667,-0.11980251,-0.09819682,0.5975513,0.4612449,-0.064159565,-0.39267552,-0.073857136,-0.650621,0.039736077,0.26400992,-0.17400673,0.006039396,-0.18960607,-0.8802172,-0.27109277,-0.6568533,-0.16693427,-0.50937736,-0.09507808,-0.676514,-0.4283521,0.15921827,-0.40188095,0.4576782,-0.60746515,-0.1667387,0.06528631,-0.006191196,-0.5452972,-0.021645721,0.10722553,0.14700362,-0.57204,-0.62089854,-1.0144575,-0.14379711,-0.4343397,-0.3597925,-0.10766188
0.3990356,-0.6414355,0.07561583,0.9559287,0.44700798,-0.19693354,-0.17323078,-0.0162291,0.85644364,0.2558926,-0.35168993,0.060263295,-0.3327661,-0.3438651,2.0397844,-1.2166051,1.8543054,0.67520297,-0.34215623,-0.44856074,-0.47601187,-0.2901297,-0.21245891,-1.127137,-0.8053516,-1.1276321,-0.2299876,-0.7764985,0.23906724,-0.70246804,0.21019897,-0.21017525,-0.005282419,0.056688488,-0.5665392,-0.32291672,-0.4753515,-0.31392208,-0.14981505,0.49898404,-0.44809544,-0.39204684,-0.053118236,-0.32041293,0.73002225,-0.47532254,-0.16709976,0.22364455,0.04530762,-0.42350113,-0.00465574,0.21207611,0.19233668,-0.4235205,-0.37504253,-0.59166175,-0.14627026,-0.24017377,-0.0344702,-0.07755734
-0.90963167,0.9652441,0.5009017,1.0056944,0.47915182,-1.1586635,-0.03481831,-0.08214461,1.0674922,0.69224316,1.51824,1.0010628,0.68690807,-0.38473,1.1458694,0.62983245,0.61315125,0.7076419,0.441398,1.3380848,1.4995726,1.766438,1.9309446,1.3672844,0.8482969,0.3407653,-0.65526533,0.8677791,1.4068028,0.025601583,-0.25604823,0.43516585,0.71600807,0.7022065,0.2058706,-0.39004484,-0.15569685,-0.54029,0.40058622,0.3978491,0.2189765,-0.014011385,0.13800097,-0.3697533,0.76948583,-0.07408176,0.5592838,0.8009422,0.6214613,0.32194862,0.28470245,0.3866103,0.37829456,0.098200075,0.0076052006,-0.6544766,0.09746322,-0.020026837,0.15125813,0.675802
0.18247078,0.5576283,1.568662,0.78866893,0.44383886,1.925408,-1.0804125,-0.18799058,0.5293662,2.455723,0.8213341,0.47626314,-1.1488651,0.27838394,1.8988788,-0.74620396,0.65694225,1.5829121,1.1010616,0.113129094,0.13726416,-0.085521705,0.84989667,0.02036074,-0.09908458,-0.5715898,-0.063201584,0.5647893,0.8435317,1.2681284,0.1441424,0.17098245,0.5500167,-0.53344774,-0.17954002,-0.39353028,-0.37982795,-0.43051982,-0.5649195,-0.12983343,-0.649323,-0.5589561,0.018419903,0.09396866,0.3658398,-0.41074932,-0.12234151,0.5098887,0.5882897,-0.5543294,-0.18752143,-0.0071600117,0.01912035,-0.2993847,-0.42507508,-0.9898153,0.40317518,-0.57954764,-0.55914366,0.44786906
0.4672525,0.11503546,-0.18581532,0.65583247,0.45289347,1.1757145,-0.9619949,0.038272135,0.7880224,1.5248401,0.46280375,0.048125193,-0.7720624,0.4452224,1.3513863,-1.5425124,1.593148,0.134481,0.3913119,-0.22460678,-0.4569631,-0.28702754,-0.20790902,-1.1128373,-0.50348544,-1.3539569,-0.769435,-0.045878965,0.33262444,-0.6027615,-0.44167513,0.50335413,0.8408002,-0.36476353,-0.12606,-0.07096653,-0.28215525,-0.3147208,-0.14956819,0.4442225,-0.18053041,0.16464819,0.22254084,0.19477914,0.73853475,0.0047640405,0.15676107,0.86619216,0.877003,-0.09915159,0.05499509,0.15316628,0.27448,-0.02428101,-0.20257282,-0.7304656,0.56465924,0.11687289,0.17696661,0.7235568
0.47558188,0.26553452,1.0657101,-1.3784407,0.48730096,-0.14175771,-0.9600423,0.044530652,-0.065656565,0.40479302,-0.7135826,0.04766154,-0.44958478,0.024152154,1.0217812,-1.2909241,-0.12578245,1.2815381,1.1903741,-0.096680395,-0.65768045,-0.1660627,-0.76994985,-1.5442162,-0.737993,-0.53701264,-0.33473262,-1.2373111,-0.56513494,0.8239341,-0.15920231,0.9248366,1.2359788,-0.04231324,0.22522172,0.1495965,0.23477173,0.1429973,-0.05138392,1.1341637,0.43635666,0.25721422,-0.06311059,0.39660442,1.1428413,-0.22947259,0.49024794,1.4981892,1.3833032,-0.019348849,-0.08765723,-0.056293763,0.06926363,0.2987947,-0.061020426,-0.34507227,1.2996004,0.15984803,0.5995821,1.2436091
0.48602003,-0.79630995,1.0003916,1.1193391,0.48096272,-0.13461342,-0.95452917,0.053223036,-0.11690205,0.6521399,-1.0347714,-0.031775996,-0.7473017,-0.49577636,2.251906,-0.45581394,0.80150974,1.3029213,0.65082085,-0.9332447,-0.94216377,-0.7614049,-0.23527648,-1.3195521,-0.16352145,-1.3303648,-0.13341595,-0.3294964,0.21992889,0.009869339,0.23032945,-0.23227024,0.14325891,0.043372024,-0.3867973,-0.4914388,-0.85836613,-0.2510103,-0.29495177,-0.0033778101,-0.7090449,-0.528899,-0.073492594,-0.6261653,0.48614198,-0.7088926,-0.2615334,0.13436465,0.08768988,-0.6920888,-0.24612369,-0.1454705,-0.10197673,-0.5892699,-0.77442443,-0.98299783,-0.102676794,-0.5147951,-0.5223074,-0.0884501
0.48939398,-0.52922696,0.9901849,1.066403,0.29670158,-0.1234024,-0.95039433,0.058264617,-0.032328982,1.3131793,0.563853,-1.23568,-0.7375126,-0.6262384,2.293606,-1.1220326,-0.36772352,0.60103846,0.15320085,-0.7049191,-0.93906724,-0.6135006,-0.3374032,0.23034383,-1.0451039,-1.0470821,0.23792888,0.2821034,0.25649214,0.30465162,-0.2142089,0.049592018,0.33965862,0.37437415,0.10935941,-0.7135305,-0.9289469,-0.84401786,-0.015129681,-0.06108019,-0.2551911,-0.09506534,0.37190473,-0.74526834,0.5423605,-0.38185295,0.37388214,0.37695953,0.30206,-0.2644774,0.10780891,0.0100493105,0.16943374,-0.093546666,-0.30953693,-1.3961787,0.0122113,-0.3086309,-0.2646527,0.15569848
0.537081,-1.0253699,1.2557782,1.4626608,0.37094933,0.79215676,0.35005832,-0.61921966,1.1325722,0.61507076,0.93185097,-0.0845999,-1.2235173,0.045990728,-0.2439986,-0.7007543,1.4086164,0.86908954,0.73513126,0.55639344,-1.2887795,0.11960982,0.62523896,2.3179402,-0.42010137,-0.00018730944,0.23348597,0.04677007,-0.013286181,1.0116433,-0.19317101,0.90636873,1.0839542,0.6216665,0.5619869,0.79996854,0.7475312,0.40847117,0.85143405,1.1826514,0.97744817,0.55924046,0.34629303,1.2763144,0.83701235,0.3816601,0.72123176,1.2809871,1.3606194,0.6957091,0.07322711,-0.21237849,-0.14424679,0.98981,0.1667285,-0.42917165,0.5222441,0.6210696,0.9779276,1.394146
0.10163932,1.3710461,1.0051115,0.48676068,0.4877537,1.4426255,0.31976774,-0.94291484,1.3765228,0.93437487,1.2615523,1.7779392,1.0755045,1.4076657,-0.4085469,1.0018513,2.0010097,1.5020546,1.2232535,1.6647487,1.8857734,2.549561,2.3005855,2.1527514,1.1935256,0.3925048,0.29117897,1.0575223,1.620965,1.3083798,-0.72583205,1.1800029,0.9770176,0.31823078,0.5808776,1.0672631,1.2088308,0.42792183,0.8663461,0.6525781,0.9434401,1.0373003,0.9297384,2.1279576,0.15671958,1.1151907,1.1061323,0.9897626,1.3234898,1.3038403,0.8386208,0.9098407,0.9759808,1.4253999,0.94324744,0.41972163,0.30942535,1.3645643,1.1314237,1.354885
1.3945315,0.72576714,0.72736967,0.83423424,0.48639548,-0.47456276,0.9428014,-0.38550186,1.3387905,1.2417616,1.6153624,1.2080139,2.4639316,1.8087884,0.24713355,1.3648744,1.6437079,1.7684127,1.113684,1.3895533,1.6831664,1.7488387,1.6050065,1.9945807,1.1105936,0.4647473,0.5144694,1.2309523,1.8217416,1.1126267,-1.38553,1.1245596,1.2650039,0.25969976,0.5214926,0.034439895,0.7846361,-0.48451298,0.856829,0.46531197,0.8833816,0.9702369,1.5581545,1.1970277,-0.3944673,1.3324869,1.3696363,1.1690104,1.3147937,1.3515546,1.659289,2.0194228,1.8406886,1.3420378,1.2742529,0.022116037,-0.1133841,1.1153295,0.91916025,1.5016487
0.35065785,1.2170329,0.9678566,0.8315523,0.4850373,-0.057349794,0.79442036,-1.8403256,1.607293,1.3064407,1.6086324,2.0758398,1.8267677,0.9571912,0.58977866,1.2041943,1.6314408,1.9133725,1.7688841,1.4973552,1.7262548,2.3713655,1.9482292,1.7719966,1.0201758,0.09400755,-0.11066408,1.169954,0.7213451,1.5136038,-1.029521,1.5562534,1.5307615,0.6008478,0.51994574,0.20821355,0.6922007,-0.35775554,0.9091963,0.7246981,0.99386746,1.0856549,1.0939877,1.2853876,0.21125008,1.2765874,1.0558534,1.6562475,1.8174982,1.3978035,1.2732881,1.4575502,1.2934706,1.2385213,1.0469323,-0.2505376,0.15223788,0.98242575,0.932515,1.7833929
-1.9783274,1.5471946,0.25419128,0.5050491,0.47552997,0.12627457,0.15139094,-1.8916106,1.9212435,0.05542041,1.5153044,1.9537697,1.9875164,0.3081131,-0.38031182,1.1560923,1.3361052,1.1535537,0.8856503,1.4729296,1.8605046,2.2519424,1.6271604,1.8697345,0.1872412,0.40616268,-0.6798611,1.3928891,0.8922207,0.7284667,-1.3437561,0.85297,0.69614166,0.2734338,0.5035455,-0.47758484,0.2814129,-1.0323366,0.7624958,-0.4476772,0.59166545,0.8550598,1.4543831,0.5054126,-0.6604467,1.279136,1.196886,0.57685727,0.6427239,1.2391129,1.5079122,1.7331582,1.6005813,1.0603945,1.1287891,-0.26295716,-0.3717578,0.9167102,0.16616346,0.82035434
-1.9354151,1.3965926,0.012516779,0.7459559,0.4877537,-1.221291,-0.17973052,-1.8600572,1.7510866,0.13557377,1.3002241,2.0905092,2.327157,0.74330515,0.046167124,0.8939494,0.9878747,1.1384658,0.9834854,1.3426753,2.0022788,2.0216327,1.884568,1.3943393,0.70706147,0.52777535,-0.7589713,0.6944804,0.7489064,0.8288085,-1.2584522,0.8878909,0.61585766,0.32543302,0.5719779,-0.5918179,0.23611036,-1.1532545,0.57731855,-0.4052089,0.6463101,0.9870827,1.5244224,0.16575657,-0.50291675,1.1402682,0.8620398,0.77626336,0.838482,1.1499851,1.5492668,1.837594,1.6835631,0.8672449,1.1319479,-0.019509023,-0.04450176,0.89571655,0.16158375,0.97877425
-1.8674091,1.1404207,0.37114283,1.6863343,0.47960454,-0.21778584,-0.3273902,-1.8030353,2.1910217,0.06766208,1.4519331,1.7272183,1.7825993,0.116206184,-0.5889361,1.5349939,1.3238698,1.0886514,1.2005394,1.2642143,1.1391068,2.0860376,1.916189,1.2313962,1.1649652,0.5180214,-1.4790778,0.58824486,0.5570216,1.0974838,-1.2504619,0.90530694,0.5364657,0.68263537,0.45159876,-0.8787408,-0.28642398,-1.234718,1.0943309,-0.27790043,0.5383287,0.76949364,0.8676295,0.097468525,-0.22871046,1.2239228,0.8837095,0.57486755,0.62992305,1.1481388,0.98475945,1.070887,0.9518931,0.7987812,1.0256587,-0.4510308,-0.059262656,0.63304967,0.28092626,0.6959704
-1.912641,1.3757764,-0.51159114,0.7613642,0.48549002,-0.35508978,0.33374026,-0.52929455,1.7170511,0.11068789,1.6734422,0.939937,2.2831705,0.81516296,-0.659341,1.2352761,1.5425167,0.1797251,0.08693706,1.4872538,2.120384,2.0180109,1.745627,1.6450613,1.0511374,0.34556097,-0.6990045,0.94371116,0.97393185,0.13116518,-1.4037356,0.93335044,0.43610373,0.8089163,0.6311062,-0.686232,-0.094827995,-0.9585945,1.2741636,-0.18545002,0.7496111,0.9765999,0.9539396,0.18026324,-0.7313239,1.4252468,0.79844904,0.21136776,0.38194507,1.2879548,1.2319845,1.3029304,1.1416204,0.9541974,1.1549934,-0.3185949,-0.25698388,0.8627155,0.62783337,0.4970091
-1.8391523,1.2255603,0.2601548,0.25484926,0.48141545,-1.8380296,-0.026895817,-0.21460105,1.0964798,0.81218976,1.2077012,1.7178466,1.4757227,0.31413612,-0.5015518,1.2001258,1.2215785,0.49176443,0.6686827,1.1923862,1.7966822,2.3975372,2.4641974,1.6875937,1.1441722,0.69705385,-1.1526614,0.951799,1.1822921,0.802292,-0.95000184,0.9033895,0.98724085,0.7214887,0.42349538,-0.38010854,0.24497889,-0.668994,0.943096,0.44803867,0.748218,0.82602495,0.6541828,0.8203805,-0.035412174,1.0595037,1.0447006,0.9814865,0.97233915,1.161039,0.82263815,0.8885221,0.7620361,0.9688651,0.87885666,-0.09668081,-0.11422233,0.58657753,0.72420776,1.0484309
-1.8388361,0.89015526,-0.73667157,-0.13978688,0.4832264,-0.22909953,-0.025852831,-1.0818499,1.1570749,-0.6298939,0.91707623,1.2776886,2.3160367,1.0162394,-1.5753131,1.4633961,1.4808301,-0.24753195,-0.6926637,1.4710866,2.4427755,2.475037,2.4451687,0.78425795,1.5021801,0.37594834,-1.4966917,1.010818,0.89388025,-0.5286115,-1.1740261,0.96306586,0.18568237,0.83105487,0.44044387,-0.6382177,0.10992432,-1.0161422,1.2292806,-0.16419469,0.6874437,0.78300816,0.57570416,0.116746575,-0.6667122,1.3480352,0.9089635,0.13360736,0.21166664,1.3047972,0.90355843,1.1538433,0.97364044,0.7425204,1.0650189,-0.19529755,-0.5485689,0.693451,0.4257184,0.27981663
-1.8689907,0.3589636,-0.07057335,0.9142788,0.48594275,-1.8591328,0.6080496,-0.9536728,1.4641093,-0.78760344,1.5572149,2.0473485,1.2866753,1.3079594,-0.19679269,1.5691302,0.98114645,-0.4311791,-0.671832,1.3002151,1.5196995,2.1966608,2.1718123,1.2438931,1.497553,0.8832093,-0.43471667,1.3051368,1.0768988,-0.6779543,-1.0376788,0.7935858,0.26442513,1.059633,0.51976377,-0.6203812,-0.18185762,-1.0486069,1.4748199,0.02496918,0.7184603,0.8374429,0.17878963,0.08750586,-0.39062405,1.1750673,0.7117304,0.21747907,0.2113671,1.0468279,0.38773093,0.5549444,0.4211853,0.7914278,0.831878,-0.36217603,-0.22629872,0.30389312,0.4270643,0.26379666
-1.8936626,1.385802,-0.58107454,0.19769202,0.49182826,-0.047714658,0.120027006,-0.8845741,1.438038,0.49222958,1.3746597,1.6246938,1.5739818,1.5791795,-0.846365,1.1472971,1.0614438,-0.3942474,-0.31060174,1.4154453,1.8041745,1.8063053,1.7824843,1.22405,0.87755615,1.0239547,-0.8507286,0.16521457,1.6777778,-0.66937286,-1.2297093,0.5749566,0.19716896,0.7366971,0.52736175,-0.3748248,0.00082638115,-0.57196826,1.1885102,0.18975724,0.7452227,0.9607755,0.87365186,0.22279897,-0.70279723,1.297809,1.0938711,-0.0006817337,0.016207645,1.14588,1.1530122,1.2907573,1.1266632,0.99948794,1.0776961,-0.23652351,-0.40638176,0.7466488,0.7560594,0.18169983
-1.8225989,1.2266121,-0.47838387,-0.011863979,0.49273372,0.14721225,0.83544636,-1.0654588,0.71110886,-0.90455735,1.449651,1.8854024,1.840091,1.9934558,-1.1111304,1.4516864,2.2623334,-0.24776344,-0.42359564,1.0979582,1.6244715,1.9832628,1.9098128,1.3245366,1.3658599,0.99689525,-0.91710985,1.2993696,0.58167297,0.006155267,-0.82255137,0.96135676,0.865066,0.4648525,0.5827518,-0.30889684,0.33119056,-0.66833913,0.74036133,-0.07800222,0.6418203,0.8455297,0.6491564,0.5350285,-0.13926412,1.0008732,0.6945124,0.9491261,1.0321969,0.99637705,0.8611151,1.0569578,0.87206817,0.754202,0.8749463,-0.14645383,0.15744695,0.6741125,0.23571979,1.0740113
-1.8066782,1.1139848,0.35255292,-0.14699875,0.492281,-1.8056055,0.79472476,-1.2374315,1.0193877,-0.7464232,1.1778296,1.6251518,1.3909744,1.0908182,-0.090559885,1.2539569,1.3886126,0.78189456,0.741394,1.2198611,1.2853727,1.9044284,2.1690314,0.779195,0.9882847,1.2045658,-0.39661598,0.073292896,0.2583678,0.6549488,-1.2552359,1.0287378,1.1908996,0.5387868,0.60046166,-1.0553279,-0.17150837,-1.2598348,0.8818948,0.559338,1.0080785,1.2907512,1.4522295,-0.22916216,-0.16970956,1.1806731,1.4684248,1.294904,1.1311494,1.2360076,1.5366082,1.6853294,1.5802087,1.1863933,1.293288,-0.3524458,0.12275431,0.6942897,1.0602294,1.2123904
-1.7352983,1.6633757,0.43998155,0.59233683,0.48730096,0.117642194,0.4907894,-1.6996828,1.1602955,-0.21090417,1.4017314,1.2202686,1.9430821,1.6137475,-1.0976099,1.1547092,0.7926029,0.5403922,0.8117989,1.0834757,1.1315418,2.1250565,1.5217736,0.88345605,0.7299772,1.2321724,-1.1843598,0.6451516,1.1410328,0.98493534,-1.359231,1.1807182,0.93566704,0.5969418,0.55360776,-1.0344514,-0.0943328,-1.2597224,0.80008227,0.01857365,0.78364587,1.1464955,0.51695323,0.026076606,0.012972657,1.0333934,0.50067055,1.1040645,1.0340308,0.98597735,0.64162254,0.66599625,0.4860716,1.0797036,0.8853373,-0.2416194,0.098399326,0.42238727,0.5067267,1.0477244
-1.6423041,1.423057,-0.4278793,1.2093377,0.48639548,-0.71683735,0.51888734,-1.6265799,1.5824594,-0.6768837,1.6632636,1.2702607,1.006936,2.1758347,-0.2363936,1.0253371,1.6112372,-0.2336114,0.100567505,0.9408553,0.73228115,-0.22464347,-0.60068494,1.5185642,0.2811444,0.9775055,-0.69067246,0.570227,1.2209013,-0.122017264,-0.6675847,0.6448154,0.1897923,0.97060794,0.4969394,-0.760667,-0.6698518,-0.84492564,1.032282,-0.16803615,0.36308646,0.21353215,-0.18355517,-0.19997829,-0.055061553,0.7316695,0.28674954,0.047153942,0.15177204,0.51520634,-0.2749336,-0.2360261,-0.3411203,0.31735688,0.26398548,-0.70469505,-0.19635169,-0.13003102,0.0563205,0.055918954
-1.6194245,1.7521435,-0.6960043,0.77089673,0.4850373,1.1370552,0.82075435,-0.9587201,1.4278941,-1.0045512,1.4973688,0.8769168,1.6206595,1.0541856,-0.88977695,0.7509129,1.4468759,-0.35625473,-0.105713345,1.052065,0.046577033,1.1971453,0.30743566,1.1358048,1.2617166,0.7997175,-1.1623976,0.69615066,1.1881764,-0.35340923,-0.78785914,0.68353635,0.22674352,0.9422933,0.48338652,-0.71187377,-0.42865083,-0.89477724,1.1452833,0.15522604,0.7010687,0.74737245,-0.16812177,0.123208,-0.002075363,0.8201279,0.47036883,0.17089014,0.26963082,0.7635659,-0.09118999,-0.12565428,-0.23129496,0.5862949,0.5679717,-0.5378228,-0.23450032,0.23301171,0.44216213,0.2151631
-1.7662964,1.1855233,-0.15693508,0.24705945,0.4877537,1.3193966,0.46659938,-1.7244561,1.2588251,0.16029072,1.4233018,2.506971,1.498404,1.5247197,0.3255993,1.3343278,1.7073272,-0.03122888,0.020527372,1.3264327,1.9848827,1.0427048,1.0082239,1.0336357,1.0595806,1.3195508,-0.5480798,-0.15903215,0.28179654,-0.042533513,-1.1116462,0.9404125,0.24496034,0.7781034,0.5955387,-0.90751886,-0.34935644,-1.1775097,0.90122724,-0.32812023,0.6796981,0.7932986,0.41204423,-0.30545914,0.026898064,0.9733745,0.47223485,0.3638212,0.26238504,0.8415799,0.5952111,0.51388615,0.43123943,0.7074236,0.8031258,-0.21996896,-0.3713525,0.4476298,0.3079242,0.38732722
0.63258404,0.8506852,1.3063931,0.29127964,0.49545008,-0.7853239,0.9883129,-1.6246675,1.085037,0.9503377,1.6996903,1.5742916,0.91375554,1.2514329,0.7501811,1.4486263,2.5078006,1.7044113,1.6877042,1.4875853,1.262905,1.4927411,1.1434361,1.2826906,0.8626053,1.5941532,3.0617862,0.61606425,0.8838125,1.6198006,-0.56609553,1.060042,1.2399129,-0.20680387,0.5915011,-0.06799258,0.036849506,-0.33137327,0.22937027,0.06064715,0.65093803,0.8388099,0.7738455,1.8360415,0.04729441,0.63910043,0.62173563,1.4486945,1.5951799,0.5996799,0.47503513,0.25601327,0.21982214,0.83773094,0.5408998,-0.07839663,1.495181,0.55442894,0.29156795,1.6150616
-0.8888875,1.8226334,0.90610385,0.7694417,0.48820642,-0.40052623,1.2101865,-0.8350235,1.016033,2.241006,1.8620098,1.4704087,2.0333753,2.416457,1.3146608,0.95795727,2.3214853,1.3931688,1.7440495,1.3516321,2.037419,1.9114745,1.7067226,1.4004327,0.9069266,1.7126889,0.36588907,1.0368049,1.4851303,1.6343703,-0.94846624,1.0290452,0.9768215,0.48946938,0.63668287,-0.12116964,0.46195668,-0.74309325,0.70450115,-0.21255103,0.5471559,0.9972646,0.6391883,0.6487658,-0.011957257,0.90738094,0.87908167,1.0090724,1.2323581,1.0347711,0.67480934,0.6871027,0.5677861,0.74627596,0.78787,-0.0061690565,0.2918023,0.4695945,-0.007930374,1.2718633
-1.9357314,1.2061481,0.754495,0.70758146,0.48911187,0.8761197,0.9730052,-1.8591881,1.1481986,0.46580723,1.4730799,1.8404104,2.181183,1.9594623,0.20181993,0.8051099,1.6884109,1.397346,1.3842734,1.366162,2.1867714,1.8930357,1.6192852,1.6217861,1.2089009,1.4027455,-0.20756193,1.1866374,1.380444,1.2977141,-1.3612622,0.7893069,0.396292,0.8523948,0.44360396,-0.599262,0.36085594,-0.9601544,0.9499315,-0.00063719787,0.83088577,1.3119341,0.64789104,0.2346548,-0.024519844,1.0265778,0.4729643,0.58860147,0.6747101,0.95516694,0.55486125,0.5602148,0.39369133,1.091047,0.9652998,-0.18050773,-0.20859501,1.1055074,0.70293504,0.6725584
-1.4010673,0.57689345,0.41341645,0.46992013,0.48730096,-1.5324743,-0.55450904,-0.7392979,1.3251219,-0.89036477,0.66236854,1.886529,1.0371307,1.080932,-0.5006763,1.1437168,0.91774863,0.9777836,0.6640369,0.9440907,0.8094679,1.6130129,1.5953373,1.453983,0.73671746,1.302791,-0.3318385,0.98359734,0.54661494,0.40377668,-1.0327585,0.44552752,0.23430686,0.58137125,0.3995145,-1.1424289,-0.25907692,-1.2011515,0.43072176,-0.5926613,0.3465917,0.5736055,1.0818528,-0.8509197,-0.20911908,0.46345603,0.460897,0.19578657,0.1155429,0.5701693,0.76801014,0.7890646,0.8553469,0.79016286,0.40302154,-0.6424008,-0.4344091,0.42992833,-0.11708377,0.3206344
-1.2264658,1.4337511,0.898377,0.4210021,0.4877537,2.4411542,0.90757155,0.9116451,1.315639,-0.7542082,1.4300404,2.1844597,0.87487847,1.3022121,0.58133096,0.7290424,1.3065536,0.48415458,0.7502345,1.4936278,1.629476,2.358283,2.143425,1.2819042,1.3370365,1.2961105,-0.76765835,1.6570958,0.38488632,0.9772541,-0.7210899,0.62568945,0.3704208,0.9611521,-0.1030072,-0.4687769,-0.12159762,-0.7135325,0.5669794,0.23173024,0.4667778,0.23257963,0.40391904,-0.33672443,0.81439996,0.16460985,0.40532824,0.60775584,0.47166896,0.3538852,0.10744238,0.21177243,0.21726856,0.4509572,0.14957952,-0.70988953,-0.18095687,0.104365975,0.25042772,0.5222637
-1.531702,1.809863,-0.72818166,0.19173206,0.48684824,-1.6074343,0.44749153,-0.75323004,0.9036732,-0.18855019,0.8505324,1.2989262,1.860667,0.5615888,0.41361487,1.1350665,0.7955518,-0.07659148,0.15435697,1.2986175,2.0821657,2.3074405,2.263332,1.7973139,0.35909986,1.103188,-1.2479247,1.340567,0.8082682,0.15942727,-0.67945474,0.2529387,0.2361155,0.60144705,0.7172225,0.16649233,0.51248854,-0.40520388,0.51934385,0.10761948,0.5321459,0.38504156,0.5107816,-0.117164955,0.39557436,0.4358531,0.4438773,0.338955,0.24798858,0.63789546,0.4508173,0.5425886,0.5261698,0.6982452,0.42341915,0.028497433,-0.45755726,0.5116941,0.26830068,0.39363536
-1.5450923,1.0152365,-0.34599835,0.8464369,0.4850373,-0.83224815,0.20856495,1.4823446,1.1449414,1.1827785,1.1276101,1.8793932,2.0600653,0.42421073,0.24746622,1.1021726,0.80557513,0.62512904,-0.2593593,1.1969261,1.5174087,2.7499835,2.9494367,2.096738,0.5054832,-0.41773286,-0.8884114,1.7259274,1.9107071,0.3598042,-0.640637,1.1093158,0.9718027,1.2387843,0.7185928,-0.28187186,0.26921588,-0.69803333,0.95843166,0.7982647,1.0731481,0.90622824,0.21716629,-0.16506597,1.1117762,0.49528283,0.7861007,1.1821909,0.98440176,0.8542497,0.18174879,0.26334447,0.18157929,0.91457367,0.46751747,-0.52478486,-0.06990363,0.5821323,0.8306172,1.0330923
-1.159936,1.3170165,1.4429638,1.000511,0.47371906,0.9823302,-0.123312294,-0.61369497,2.1550179,3.2346423,2.328577,2.161306,-0.24259003,1.1678914,1.2542208,0.5914205,2.4155996,1.0290405,1.1047969,1.2039421,0.043276154,0.78948885,-0.39687115,1.1567998,0.26617828,-0.6562069,-0.69689804,0.41840124,2.312229,1.3708588,-1.2898611,1.2523464,1.2605844,1.1958007,0.65860456,-0.7779268,-0.032360747,-1.5040923,1.315108,0.4543394,0.9385799,1.144511,1.0994048,-0.36705625,0.3420524,0.8817734,1.1190149,1.3204987,1.2704332,1.1260487,0.85266507,1.0276159,0.96264905,1.4405065,0.99261993,-0.8354909,0.28057396,0.4659007,0.71365166,1.3668808
-1.4159337,1.0990808,0.94435436,0.8737487,0.46919176,0.9763117,0.60036266,-1.440476,1.9446964,3.188658,1.9204022,3.0299377,0.7907804,1.0474917,1.4816333,0.6586529,1.7293717,1.581024,1.3100226,0.79881126,0.63238466,1.2923504,1.3951334,2.1704693,0.34462616,-0.2794986,-0.39003682,1.5405102,2.4365494,1.3486866,-1.3260772,1.1093603,1.058624,1.1080741,0.5372297,-1.0702169,0.015387352,-1.3329381,1.1185586,0.6596451,0.98387223,1.1813637,0.7389036,0.06255771,0.5242147,0.74191326,0.60174865,1.5266011,1.3915176,0.9515196,0.80755216,0.95045996,0.69093776,1.2897366,0.82376426,-0.46235564,0.38293406,0.7991141,0.8770637,1.3744539
-1.5323347,1.23453,0.3702697,0.9557413,0.451988,0.8158055,0.12237367,-1.5355706,2.173406,2.6500244,1.7411737,2.8269722,1.3151486,-0.18032745,0.9488842,0.8621527,1.5025557,0.90391654,0.76401526,1.2823045,0.22978833,1.1954328,0.515035,2.2541122,1.6409205,-0.3132725,-0.3101967,1.5027128,2.3415375,0.5722236,-1.5579273,0.9389596,1.0989386,0.78184164,0.46173778,-0.99534935,-0.19948824,-1.4918971,1.0877676,0.8329527,1.0099107,1.2233156,1.3731189,-0.14687353,-0.061244648,1.1099206,1.1060877,1.1849809,1.0432804,1.181461,1.2054386,1.3825738,1.2850393,1.3421648,1.1882663,-0.58939224,-0.3209644,0.9177899,1.2012241,1.236141
-1.5342325,1.7570753,0.77480775,0.9517131,0.47552997,0.84792334,0.17769867,-1.537483,1.7750437,3.006926,1.9292787,1.847169,0.20549676,-0.3808772,0.94064975,1.1453314,1.2911583,1.7219471,1.4088073,1.2279721,0.27152646,0.86470765,0.9763947,1.6663147,0.3122791,-0.47198516,-0.09056334,1.1667947,2.3514004,1.259529,-1.6574879,0.8624282,1.3117522,0.5781991,0.7676829,-0.9371706,-0.08171426,-1.4627712,0.9861336,0.66188043,1.0860835,1.2401077,1.1746689,0.21181747,0.16207723,1.1575184,1.1072555,1.3912932,1.4049696,1.148688,1.3118032,1.2861123,1.2774919,1.4183896,1.1594621,-0.3159956,0.16434006,1.0072098,1.055368,1.4819143
-1.529277,1.8594574,0.7656916,0.81012666,0.4651172,0.09386411,-0.019924643,-1.5335714,1.8509179,2.162681,1.4286766,2.0242546,1.1383256,-0.18585527,0.90036285,1.1658391,1.2357543,1.5977346,1.4381584,1.0676119,0.25728676,1.5509593,0.8301925,2.467864,0.019259945,-0.4508944,-0.32591015,1.5083226,1.4494884,1.2386006,-1.1418501,0.538644,0.7348688,1.1603179,0.47501788,-0.9777735,-0.16751748,-1.2327442,1.1362126,0.4616477,0.88308823,0.8947537,0.80367464,-0.35595164,0.28869703,0.92522,0.69322395,0.9798104,0.84461814,1.0395877,0.87862915,0.8558469,0.77372146,1.182824,0.89166665,-0.5505313,0.24317338,0.6793948,0.8624429,0.9244824
-1.1387434,0.2768147,0.4607816,1.1742893,0.46421173,0.055904098,0.56630576,-1.2250787,1.8148036,2.5199597,1.7371569,3.3030825,0.031280406,-0.36566198,2.0563836,0.98515147,1.2953157,1.0478971,-0.18604434,1.1385975,-0.24101591,0.25352576,0.66934514,1.905592,-0.22817466,0.34437153,-0.9409034,0.85281765,2.271331,0.29791948,-0.7130663,0.5814978,0.9721226,0.7776843,0.42531106,-0.61875415,-0.2866282,-0.8500403,0.65587103,0.74371666,0.545035,0.3777238,0.50240415,-0.26382306,0.9642897,0.20023128,0.4651586,1.0951371,0.9468669,0.642502,0.55844927,0.45679003,0.49728054,0.5741715,0.31831563,-0.5328942,-0.053170137,0.3110414,0.58232534,0.97570497
-1.7186395,0.8884088,0.81736934,0.5557219,0.47326633,-0.71932733,0.054199845,-1.6846449,1.4302896,0.34879732,1.2214168,0.64339143,2.0651603,1.3140813,0.87268084,0.9332826,1.1185459,1.3916935,1.258717,1.452127,1.4846346,2.5201259,2.6371744,1.7599427,0.9509752,-0.31382474,0.0694891,1.3033615,1.4559643,1.539194,-1.5662395,1.2332224,1.1564264,0.61073077,0.38624987,-0.0077870525,0.7941041,-0.4789808,1.008614,1.2928023,1.3340855,1.3582506,1.4674038,0.9985346,0.34958524,1.2048615,1.4267749,1.5423539,1.4905457,1.3003151,1.2402518,1.5730246,1.5026379,1.751223,1.1335183,0.25821623,0.029056843,1.4342616,1.5298578,1.6577474
1.6797596,1.644566,1.2674332,0.66369385,0.48865914,-0.5431954,0.6012146,0.9285847,1.3588171,0.7654989,1.1588893,1.6107028,0.91032743,1.5340554,1.2841785,0.05618326,1.426853,2.3208292,2.0685172,1.544733,0.85889685,1.534613,1.6818918,2.3354347,0.6372708,0.64632803,2.7030544,1.8444898,1.1845816,1.6661924,-0.22916079,1.0053347,0.9863522,-0.19809991,0.6688541,0.85609686,0.65407556,0.38576442,0.42735553,0.67831415,0.81780183,0.9062191,0.76535434,2.2152092,0.013198804,0.6752668,1.0165704,1.2242041,1.453869,0.72965235,0.7044931,0.44302833,0.55412817,1.3200666,0.5589123,0.44096336,1.2192491,0.88520217,0.8966066,1.366315
1.5406699,1.4441074,0.818506,-0.18122573,0.49363917,2.164354,0.82070297,1.3302941,1.1395706,1.6117742,1.1687387,1.7932037,0.84763885,1.8270237,0.69952786,0.9684291,1.9660163,2.11631,1.9720142,1.5386328,1.6797267,1.5333979,1.3289961,2.3918824,0.42598236,1.2543257,2.4425175,0.46557754,0.9975596,1.8174106,-1.1948096,1.3635983,1.6801362,0.46408662,0.68305737,0.6794108,0.653953,-0.16144066,1.0532732,2.6659753,1.7727377,1.3840246,1.1338744,1.4803916,1.0741292,1.2774912,2.014298,2.0665727,2.085854,1.4917798,1.2192966,1.3120546,1.3751965,1.8894459,1.1160481,0.11918175,1.290818,1.2251071,2.247213,2.1213205
-0.45462456,1.7556156,0.906926,0.4050654,0.49047005,2.0315425,0.39111373,-0.56434286,1.2465539,1.5045825,1.6569229,0.8076468,0.69588524,2.2371116,1.0567077,0.821261,0.4552924,1.9344162,1.7745945,1.3689718,1.0449862,1.8458774,1.1754415,2.0301917,1.3296584,0.34371665,2.9465673,2.1230307,1.3537251,1.7932657,-0.49840438,1.2868817,1.5621961,0.08395218,0.7742433,-0.023867037,0.40534207,-0.29947764,0.8645358,1.6673164,1.2346983,0.99118346,0.8848799,1.5730385,0.61150837,1.2158544,1.4879808,1.7860507,1.8343842,1.1763396,0.80117136,0.68328315,0.76839596,1.7554344,0.9755669,-0.10569603,1.9157283,1.2369034,1.5328257,1.8917326
-1.3647724,0.74254936,1.0616412,0.48673362,0.48639548,0.4033146,0.104673915,-1.8042521,1.5882269,0.49384004,1.8484551,1.9343858,1.0919949,1.3225521,0.74730253,1.3801368,1.1353846,1.9413071,1.8819826,1.4553075,1.6824007,2.5133083,2.6616092,2.089621,0.5349363,-0.07318336,-0.0006338724,1.2369741,0.7719769,1.643597,-1.7418691,1.0883119,1.2927879,0.41645595,0.6193392,-0.5537975,0.56785417,-1.2016056,1.1147667,0.7907561,1.1091385,1.4043995,1.5497435,1.0434953,-0.096063554,1.4521761,1.4977703,1.3803765,1.4479192,1.5250549,1.4492797,1.825594,1.8829238,1.5358626,1.2690057,-0.0091100875,-0.09890082,1.0308928,1.1416318,1.6254481
-1.0410322,1.3752253,0.81377584,0.8531359,0.48186818,0.07159411,-0.6983121,0.2872963,1.9464742,0.6175889,1.8070985,1.989406,1.2873558,1.9984564,-0.08783327,1.1260573,1.8772757,1.5341043,1.6835219,1.2572554,1.2583346,2.0026717,1.954398,1.4211934,0.9051683,-0.086345404,-0.22274408,0.59038574,0.5002204,1.5113509,-1.5642262,0.9943983,1.184694,0.58569527,0.5458642,-0.54714227,0.25321788,-1.1706911,0.8697254,0.60991067,0.9997284,1.1230206,1.4572525,1.1199287,0.18394932,1.201403,1.1153715,1.4089519,1.5278227,1.2640946,1.4082835,1.4792235,1.4276655,1.3826326,1.0629573,-0.25279066,-0.0114564765,1.0812571,1.0118701,1.5992607
-2.0078495,1.5739392,-0.14951211,1.338766,0.48005727,-1.2993048,-0.20880796,-1.9132546,2.10332,0.053977873,1.4796742,1.690776,1.3327692,0.22922866,0.089105286,0.9533427,1.3661227,0.83207977,0.7186356,1.3232169,1.7481753,2.9047668,2.730092,1.6243608,1.0780956,0.5722434,-0.6998885,1.0214305,0.75287306,0.61219597,-1.4497738,0.7439783,0.29178736,0.5150232,0.58378696,-1.0166783,0.017662734,-1.162831,1.0144888,-0.14607383,0.7358601,1.0360119,1.3756304,-0.20126085,-0.6767687,1.3046159,0.8191649,0.34032312,0.271942,1.260273,1.5222884,1.6670507,1.4785212,1.1019504,1.2042749,-0.19990686,-0.8893419,1.0014925,0.5866949,0.42326128
-1.8425263,1.2973915,0.02233119,0.2552664,0.47960454,0.48295394,0.6642295,-1.7819128,1.6096253,-0.84855765,1.4047829,2.0457273,1.5866183,0.9302566,-0.2904598,1.4623319,1.414762,0.55508673,-0.038985692,1.3977561,1.5241721,2.488955,2.5554469,0.9821184,1.365147,0.6052586,-1.0946277,1.0843014,0.40743628,0.12996428,-1.1376644,0.65810317,0.21874508,0.7905797,0.40925777,-0.5146226,0.17811547,-1.0085292,1.0986195,-0.011585787,0.73941475,0.77496886,0.7312982,0.17624228,-0.46474543,1.2807304,1.0323216,0.2647603,0.26630712,1.2381791,1.0466763,1.01031,0.9268752,0.93461174,0.93811846,-0.15259798,-0.5506754,0.6711998,0.44019315,0.31538045
-1.171452,0.8901144,-0.06345867,0.17247607,0.48232093,1.2362372,-0.66661906,-1.7877367,1.6304864,-0.8488875,0.7328673,1.6400422,0.50689083,0.1670352,-1.1451983,1.5444077,1.1043684,-0.31393775,-0.46428615,1.3040392,1.7251643,2.6854563,2.522262,1.0264968,0.9802997,0.21917054,-1.1072451,1.454512,0.58342606,-0.12749675,-1.1631933,0.7658544,0.016539361,0.86114264,0.48780736,-0.7221049,0.19329177,-0.9086593,1.1780659,-0.09305701,0.6959664,0.77955765,0.40496793,-0.008003522,-0.3951997,1.0374068,0.50922716,0.03723571,0.085184544,0.9639515,0.7014863,0.8113916,0.58364254,0.62327725,0.9822933,-0.075511076,-0.40374127,0.6520888,0.44833747,0.10381016
-1.797189,1.1285043,-0.5455327,0.56253344,0.4850373,-0.8911572,-0.2442607,1.6925867,1.0253104,-1.287361,0.7120016,2.0563755,2.1164696,0.53183573,-1.178047,1.1661404,1.7444056,-0.6948784,-0.74899983,1.3868129,2.3104424,2.714428,2.4687617,1.6713676,1.7434434,0.66382384,-0.7942014,1.0923117,0.73691034,-0.5607856,-1.4464692,0.39833698,-0.12487356,0.685246,0.7167146,-1.0786923,-0.23794752,-1.5324043,1.2880019,-0.36178553,0.7293023,0.8352014,1.0003722,-0.48843727,-1.0119298,1.5217232,0.75650173,-0.23033024,-0.15608518,1.2000015,1.2634969,1.1420153,0.98743504,0.95390576,1.2237914,-0.18492608,-0.7081831,0.7592884,0.41383368,-0.026121434
-1.8941898,1.0681367,-0.56812745,0.11998773,0.48820642,1.2785555,0.7102518,-1.3279762,1.1688856,-0.7370495,0.80543715,1.9427795,2.053507,1.1169678,-0.6155169,1.3301597,2.125702,0.17049731,-0.17384382,1.1958926,1.8477144,2.3715465,2.324681,1.2353913,1.3326122,0.6111565,-1.0525968,0.70344526,0.89178866,0.05427385,-1.3237071,0.889332,0.2733109,0.70501775,0.55177736,-0.65955395,-0.060720816,-0.9542615,1.1417981,-0.2433801,0.71297663,0.96328086,1.1407285,-0.10635403,-0.7186156,1.3672857,1.1034338,0.17338224,0.3007121,1.2563841,1.3425695,1.487888,1.3745011,0.8690218,1.180867,-0.34663093,-0.27314913,0.7385522,0.45678005,0.35791507
-1.8411556,1.5493572,0.59782875,0.25579917,0.49092278,-0.633922,0.3533849,-1.3835332,1.1543634,-0.9116517,0.8261258,0.9063412,2.7000797,0.67198837,-0.91056406,1.0905316,1.6524597,1.0448993,1.0616004,1.3372682,1.5366932,2.3233984,1.8836688,1.2482201,1.5952191,0.9814974,-0.91497344,0.727014,0.56463885,0.7767199,-1.1245058,0.70391476,0.4627753,0.47471824,0.55813646,-0.73501736,-0.18935719,-0.9574725,0.8265792,-0.2995945,0.6031962,0.8415444,0.9739633,-0.16791746,-0.7235726,1.1758486,0.8474782,0.38162717,0.421417,1.0188392,1.1196098,1.0440233,0.9400211,0.7887063,1.0235833,-0.2708887,-0.26890737,0.69269365,0.29354155,0.5238847
-1.8292414,0.74774474,-0.11154764,-0.086733505,0.48549002,0.52025855,0.51193357,0.00042943115,0.8724957,-0.8727488,0.96212286,1.3969697,1.5405959,0.55630475,-1.0495191,1.4292127,0.5228625,-0.34137592,-0.33178702,1.2904313,1.4448936,2.2668135,2.39942,1.3674023,0.27055252,1.0933657,-1.6350319,1.0140401,0.64391905,-0.47506613,-1.5277431,0.7675463,0.5138177,0.34696597,0.64641166,-1.0603461,-0.009433715,-1.2055593,1.0123508,-0.35515362,0.78312355,1.1020602,1.7913095,-0.34876424,-0.8124887,1.4694042,1.2069898,0.45583266,0.4900715,1.30405,1.7717448,2.0982764,1.9089305,1.1407009,1.4375451,-0.27768114,-0.40455514,1.1549531,0.5407362,0.6695904
-1.8665657,1.5089128,0.46143365,0.29916996,0.48865914,-0.9473069,-0.10691,-1.2731761,0.90129334,0.14941633,1.6380113,2.1847768,1.8679657,1.6991037,0.140486,1.231591,1.449859,0.98486394,1.1541152,1.4200419,1.2185456,2.1460905,2.1493044,1.4284685,0.9772019,1.2042302,2.0084786,0.314954,1.0274416,1.092444,-1.1782011,1.1039569,0.92350864,0.624097,0.6600019,-0.718436,0.14284076,-0.8565581,0.96804655,0.17325114,0.7390541,0.99894977,0.83291274,0.29597047,-0.26641712,1.2835308,0.98954797,1.0263397,1.1299688,1.1813163,1.1114886,1.3911067,1.1359164,0.96262467,1.0659057,-0.24048817,0.33643425,0.60414606,0.6316763,1.1945657
-1.7620789,1.4319525,0.6786475,0.034955487,0.49047005,1.2292074,0.694805,-1.7188929,1.4015644,-0.79970396,1.2155787,1.9005444,-0.068843275,2.1689274,0.5293435,1.0058348,1.8707863,0.3118209,0.87500846,0.80203074,0.3159731,-1.0215667,-0.7171677,1.2438899,0.7043394,1.2988067,0.8705325,0.8501551,0.9856609,1.1489662,-1.4177289,1.2127144,0.5325321,0.63897395,0.6226758,-0.85823226,-0.19952936,-0.9827151,1.0182668,-0.1984014,0.7821231,1.3094146,0.571802,0.30431333,-0.29138115,1.3071669,0.80069715,0.5031633,0.646407,1.0563706,0.7504609,0.6042831,0.47271338,0.93649864,1.1321967,-0.18309402,0.033039678,0.84782284,0.57647294,0.7089905
-0.41147065,0.98240757,0.7169006,0.96899885,0.49092278,-1.7313051,1.1001239,-0.42393267,1.2017368,0.10207365,1.5087304,1.3335475,1.2911851,-0.084645,-0.99146736,0.7314261,1.1474233,1.3872644,1.1778718,1.2329826,0.9854446,0.6216657,0.538998,0.40165123,1.3164643,1.1177328,2.6820421,0.8223035,1.3993822,1.4343227,-0.4453715,0.9850213,0.80891854,0.71564394,0.5724487,-0.5873004,0.14019215,-0.570435,0.6232921,-0.053949613,0.6006407,0.6696883,0.038555745,0.33641163,0.10577667,0.6593509,0.43340588,0.9199473,0.9814751,0.8661109,0.3198564,0.25683293,0.13802102,0.58494455,0.5485245,-0.00792346,0.64366937,0.18296623,0.19347943,0.9257666
-1.6717206,0.8130468,0.496729,0.8474538,0.49137554,0.2643004,0.77892554,-1.6463985,1.460722,0.36109993,1.4225775,1.5146139,0.306696,1.5189234,-0.6559563,1.2713801,1.9614363,0.55742425,-0.06086505,1.1042883,1.4232439,1.3866714,1.8858627,0.5586753,1.1817992,0.8828865,-0.81786513,1.8511623,0.40167642,0.106967255,-0.9779403,0.83819985,0.14071321,0.6268253,0.5476815,-0.54171103,-0.08863229,-0.8468574,0.81194776,-0.43427432,0.50790167,0.8286975,0.2953984,0.0595243,-0.29691404,0.92780524,0.50901544,0.1068272,0.2503821,0.81300426,0.47836983,0.43652534,0.32590765,0.52460736,0.6595199,-0.43786532,-0.29783022,0.35880795,0.11188647,0.22611839
-1.5732436,1.6350145,0.21314113,0.6006391,0.48594275,-0.5255161,-0.16313213,-0.41616678,1.2407405,-1.0708244,1.4856371,1.0875633,0.7776838,1.0321122,-1.0624827,1.1380574,2.1285017,0.71037805,0.5901814,1.2697371,1.5354713,0.5213799,0.3182017,1.1390573,1.4580506,0.98795307,-1.6603109,0.94139385,-0.033006366,0.30281833,-0.8380789,0.79323983,0.6918175,0.6638253,0.6926699,-0.4367538,0.18645376,-0.60676706,0.6742238,-0.27600315,0.53736615,0.7149987,-0.007678369,0.23442373,0.13173562,0.7401715,0.4005153,0.7140655,0.79290545,0.89039475,0.35250834,0.17192918,0.040841926,0.49412742,0.5144711,-0.1583748,0.34948644,0.22498764,-0.037968427,0.72488934
0.6013109,1.1135018,1.1876312,-0.31200275,0.48911187,0.9632274,0.24270713,-0.804253,1.1522126,0.92754835,0.6514317,0.6166237,1.4096814,2.3547678,0.7779305,1.031095,2.096313,1.0270433,1.4406722,1.2183903,1.3029466,2.1498957,1.583115,1.6128283,1.0008763,1.2509068,-1.2360612,0.37692845,0.75073487,1.4484369,-1.3650042,1.119136,0.8374683,0.45535666,0.6031424,-0.76412606,0.23057984,-0.93049574,0.43540958,-0.6933129,0.47321475,0.9396915,0.91466135,0.80192167,0.13443787,0.88587254,0.72372985,1.1830376,1.2823329,0.96962327,0.8756563,0.7943153,0.81941307,0.92024934,0.6414004,-0.20124449,0.69959897,0.5906879,-0.16850312,1.2121943
-1.8558112,1.0508057,0.20156322,-0.118745014,0.4895646,0.8876872,0.5193793,-1.0031312,1.1424528,0.6272217,0.9236539,1.5909661,2.4850304,1.795737,-1.4853824,1.51671,2.2510536,0.5620052,0.46984166,1.2830722,2.3537486,2.6389189,2.5973685,1.044228,1.30283,1.1979352,-1.2359139,0.8883328,1.2612398,0.3218998,-1.4003378,0.82759684,0.7637601,0.7112359,0.4601923,-0.70377094,0.12159468,-1.1883657,0.84376526,-0.009491881,0.78035533,1.2224324,1.304686,0.2856746,0.062326547,0.9995217,1.201693,0.9768586,0.94036925,1.0522436,0.9434183,1.2389342,1.1383476,1.2244887,0.9284974,-0.4147643,-0.24359277,0.8190364,0.56416255,1.0266743
-1.7911792,1.4460453,-0.25797233,0.8001284,0.48820642,-1.8062651,-0.23427227,-1.7423624,0.97475,-0.37186712,1.1883023,1.6483719,1.8948898,1.7594099,-1.6069602,1.3257293,1.7283276,0.10143943,-0.37918925,1.1330599,1.6240945,1.7291343,1.5990208,1.4902977,1.3035547,1.1551772,-1.6465803,1.2582849,1.5822442,-0.19195962,-0.9110692,0.7678998,0.08379162,0.8443579,0.3717487,-0.54351944,-0.20132768,-0.6917025,0.74265206,-0.14972378,0.63432026,0.71429235,0.39234257,0.066821456,-0.04919684,0.8259686,0.31179565,0.15723547,0.25956354,0.73490083,0.28493962,0.39225006,0.42315397,0.7967178,0.43157017,-0.5914593,-0.15167378,0.60137254,0.30795845,0.24134327
-1.643253,1.3497897,0.13032356,0.5892978,0.49092278,-0.7213971,1.1516669,-1.6233637,0.884763,-0.5509895,1.312003,1.311797,2.396207,0.96868205,0.028131086,1.544736,2.0327222,0.44258824,0.16963005,1.3725305,1.5041451,1.8737968,1.6843265,1.2206095,1.3230762,1.6377553,-0.70000947,1.5564511,1.0254116,0.14050014,-0.8715672,0.3726436,0.07944002,0.9517129,0.49915764,-0.3934382,0.44221878,-0.7432569,0.6488595,0.43464375,0.72275937,0.5476989,0.2061817,-0.46390194,0.6794695,0.4063442,0.08112028,0.42884701,0.19435698,0.54405636,0.19247052,0.20425157,0.14379784,0.6343476,0.4673338,0.15402251,-0.28047842,0.7311535,0.66172963,0.2515005
-1.9188617,0.97985613,-0.028216759,0.14377326,0.48865914,-0.031952824,1.4443407,-1.2686594,1.4846095,0.041189365,1.4283718,1.2015425,2.3309085,2.0326226,-0.5198442,0.951183,1.4696834,0.2466713,0.4461869,1.1117351,1.8786986,1.4273357,1.7783474,1.3845515,1.270506,1.8428497,-0.78062236,1.680608,1.1940259,0.38630787,-1.8615127,0.9318483,0.119215995,0.86996895,0.4700478,-0.62451065,0.5851192,-1.1527977,1.0861,-0.058734596,0.9983738,1.1663071,1.5501239,-0.16699716,-0.25472346,1.2479511,0.8159423,0.41461965,0.32993814,1.3002462,1.4528929,1.5074791,1.4006686,1.4268296,1.3715127,-0.14647524,-0.8188756,1.2247882,0.77917165,0.50287336
-1.0505718,0.86262625,0.02954393,-0.44730943,0.49047005,1.6108781,-0.28986922,-0.084943764,1.0718236,0.23911658,0.7403116,1.298786,1.7394264,0.9612865,-1.1315421,1.2489184,1.5272026,0.038903475,0.18210411,1.3397431,1.7809463,2.0805726,2.072218,1.716646,1.3534317,0.61893845,-1.9174819,1.2419052,0.9699683,0.45141548,-1.4916543,0.80412424,0.16205506,0.99165064,0.5985405,-0.38672438,0.37617204,-0.8013604,1.283522,0.24246146,1.015281,0.8866848,1.3613843,-0.34282112,-0.014283545,1.258616,1.1969169,0.32627618,0.17828606,1.3315849,1.3809094,1.2718388,1.1988931,1.3362926,1.1398942,-0.34015957,-0.639339,1.1110266,0.7561414,0.43507037
-1.7356145,0.49873674,0.944756,0.619652,0.48730096,2.175476,0.4865216,-1.0745857,0.9361286,0.9151463,1.0982668,1.2926025,1.8664664,1.3405819,-0.23879243,1.0183465,0.9503274,1.4205024,1.0762675,1.5771546,2.137302,2.3056722,2.3070524,1.8300996,0.8658632,0.5081213,-1.1238536,0.7261353,1.3140779,1.2591633,-1.2701465,0.814724,0.8961965,0.9683513,0.47783217,-0.7174296,0.48747006,-0.99265,0.7449785,-0.18124971,0.92747635,0.8966733,1.1570599,0.3646903,0.27654967,0.8832352,0.6484751,1.1373632,1.1336486,1.144642,1.1760701,1.1790745,1.1491401,1.0951207,0.88814026,-0.21723998,-0.04800061,0.7256003,0.35147482,1.1622204
-1.373654,1.2575746,1.014282,0.04248701,0.47643542,1.0152864,0.6585735,-0.80276144,0.9570792,0.8139308,0.8068961,2.076081,1.0890919,1.7141494,0.045436196,0.35344684,1.1450211,1.5822271,1.6696311,1.2811428,1.8302808,2.6452546,2.649241,1.6222504,0.732901,-0.4474603,-0.9788465,1.8322397,1.3705819,1.5099987,-0.9506427,1.0117946,1.1114197,0.7742624,0.5574921,-0.648578,0.041438773,-1.118744,0.587046,0.21135212,0.91085106,0.79273194,1.1451527,0.73451144,0.4889757,0.74319404,0.7620359,1.4895028,1.5141349,1.1210277,1.0789964,1.0125741,1.1188289,0.9962541,0.70326424,-0.28613284,0.6269123,0.634538,0.49654165,1.5030012
-1.7549093,0.804675,-0.50324136,1.0601051,0.4832264,-0.042382605,-0.25942963,-1.0836225,0.9240017,0.73361796,1.7536596,1.574486,2.4289398,1.4952314,-0.9670443,0.8580751,1.207807,0.375081,0.38453105,1.4987006,2.350963,2.2330663,2.2210863,1.4082482,1.1729032,-0.24791007,0.035200536,1.1542262,1.0890522,0.33951566,-1.3968846,0.9385506,0.42466366,1.1589196,0.49621898,-0.47147873,0.33227846,-0.9240905,1.0127207,0.087041035,0.9483937,1.0168768,1.0254546,-0.25746414,0.046301316,0.84235704,0.61975855,0.63502216,0.5624906,1.0595317,0.8837776,0.96216464,0.8336546,1.1932592,0.89834243,-0.48723808,-0.3229004,1.0139946,0.6515061,0.67043245
-0.7743239,-0.88847226,0.540533,0.8899956,0.48141545,-0.8755747,-0.6858918,-0.7315771,0.9988145,0.8950625,1.5859367,2.2222435,1.4636128,0.21630184,0.85844874,0.9590624,1.0452932,0.71397287,0.00014169283,1.3019788,1.5903075,2.1749463,2.4188955,2.2403033,0.9415753,0.07335505,-0.9166013,1.1484308,1.2585505,0.6465038,-0.67203,0.47343034,0.37418196,1.5932987,0.696091,-0.4681028,0.35799906,-0.804175,1.2329764,1.2879025,0.9961205,0.8566435,-0.057044875,-0.47409853,0.98344576,0.3507104,0.6051375,0.61156845,0.29130805,0.59750867,-0.22143447,-0.20437978,-0.3751962,0.74979794,0.40952805,-0.28981912,-0.19940212,0.6645951,1.223569,0.3444159
-1.3554376,1.6445527,0.6751096,0.5393815,0.46375898,-0.7416094,-0.0038848508,-1.3878051,1.710003,2.1410012,1.7007958,1.6463623,1.0552292,0.6576518,0.64900815,0.9191061,0.7855816,1.499534,1.4130392,1.4445277,0.9435833,1.8682336,1.9251308,2.153903,1.1189494,-0.4513963,-1.363969,1.770467,1.7888708,1.5195494,-1.3735614,1.2456584,0.719686,1.224221,0.41277236,-0.8522468,-0.22081141,-1.512485,1.3214972,0.019046843,0.99514395,1.1941574,1.174526,-0.5224858,0.073988006,1.1003958,1.0916648,0.8638804,0.74892443,1.094842,0.8630082,0.9589567,0.9201548,1.3562307,1.0391136,-0.8440802,-0.319387,0.74363315,0.5876333,0.91268677
-1.9842318,1.770412,1.0937861,0.79904133,0.4696445,-0.29711568,-0.02099378,-1.2156382,1.5336099,2.7686574,2.147733,2.0890527,1.1957455,0.9988697,0.5416087,1.081745,0.8494507,1.6605384,1.6159614,1.6003109,1.7655778,1.9231974,1.801797,2.4306862,1.1897221,-0.35448727,-0.34157217,1.8375944,2.2261224,1.5429214,-1.0663167,1.0272244,0.9858234,1.0518959,0.5752488,-0.6693963,0.21103625,-1.0739653,1.3046786,1.0585053,1.0565337,1.2957517,0.84753084,0.3070284,0.42851222,1.0234187,1.0515273,1.1681942,1.1522944,1.2072691,0.95133644,1.0785679,1.0056568,1.2228823,1.0813087,-0.14071377,-0.26898548,0.83865607,1.246977,1.2429837
-1.9510196,1.8728021,0.6034488,0.88043743,0.4651172,1.4885303,-0.065733,-0.76135594,1.4382223,2.5113103,1.6609153,2.3916643,1.1856786,0.08789911,0.69461817,0.969654,1.3583359,1.6026444,1.0843587,1.3880514,0.9113387,2.1716301,2.2037637,2.3927898,0.95084685,-0.519112,-0.475779,1.3699974,1.6881621,1.3642688,-1.8710837,0.9670004,0.58915454,0.6408239,0.49726495,-1.244547,-0.32397062,-1.792908,1.2063186,-0.31879172,0.81525064,1.3787221,1.7047048,-0.5387029,-0.7298906,1.4975657,1.0682406,0.6521877,0.70958936,1.4789629,1.6100283,1.7072868,1.6233006,1.4153807,1.4227544,-0.59831643,-0.4945478,1.1274155,0.52402496,0.93447816
-1.903679,1.7589083,1.1295499,0.8408906,0.47507724,0.58238286,-0.089208625,-1.828417,1.72693,2.9893353,2.1805692,2.4331052,0.35934815,0.33420286,0.5730784,0.9940371,1.3251386,1.657844,1.3291428,1.3790529,0.5425152,1.6678722,1.5581447,2.16539,0.81309193,0.21264768,-0.14529432,1.9742343,2.267944,1.5330864,-1.2749219,0.95956993,0.9424903,0.49593985,0.66501695,-0.6004214,-0.16578299,-1.1584729,1.1014307,0.11558658,0.64037555,1.0674703,1.2220619,0.22633256,-0.36784825,1.1934961,1.1346701,0.90721107,1.0284386,1.1380907,1.202481,1.452377,1.3785949,1.2841126,0.99964374,-0.8372366,-0.33670864,0.88575226,0.53718513,1.1451908
-0.95817095,2.1244264,0.8695872,0.89089125,0.4651172,-0.4601409,0.021660231,-1.7719165,1.7738967,2.6185164,1.8213797,2.603503,0.8333799,-0.37052003,0.99275136,1.0458801,0.69112915,1.958628,1.7927606,1.17396,0.5054834,1.9094268,1.8085653,1.8927181,1.0020882,-1.1960953,-0.5464435,1.474039,1.8351707,1.7206882,-1.1002499,0.91613036,0.9800822,0.99053067,0.5257184,-0.5105198,-0.014960641,-1.0664294,1.174763,0.6700474,0.9243468,1.2728181,0.68747646,0.35447195,0.38217676,0.8155499,0.8600101,1.3017445,1.2706585,1.0454199,0.6957048,0.60896575,0.5270288,1.3354893,0.9682815,-0.53037137,0.13941775,0.7808131,1.0111792,1.2579002
-1.9512305,1.8711795,0.77548885,1.0152379,0.47054994,0.10460295,-0.39517653,-1.8640558,1.5560784,2.1502717,1.7897726,2.8386765,1.5085413,-0.23171489,0.4688275,1.1221595,1.1308886,1.7381452,1.2680123,1.3440971,0.5403187,1.5515118,1.3754696,2.0846193,1.2335138,-0.49878,-0.6668111,1.1993988,2.0170157,1.3007897,-1.1687301,0.70830345,0.6188781,0.69760233,0.25958404,-0.7974729,-0.45749125,-1.2385094,1.0533751,0.13996072,0.7410939,0.89158785,1.149795,0.16281174,0.0861458,0.9731938,0.67950845,0.91288155,0.91315854,1.1713235,1.1614035,0.98133653,1.0507748,1.2370352,0.84910554,-0.52161336,-0.13875099,0.4864065,0.62323856,0.9264831
-0.7459956,-0.9187145,0.51869273,0.5126184,0.43614244,-1.0380901,0.1978003,-0.9188461,0.80054504,0.74115384,0.32318386,0.07143638,-0.5191114,-0.7379034,0.93091357,0.5456931,1.1592579,1.0111504,-0.23949365,1.1083935,0.1787726,1.6808283,1.6410824,1.004737,0.8963411,0.50119615,-0.09115664,1.0099951,1.3698267,0.22906378,-0.78303355,0.6177864,0.26371795,1.2462256,0.42837325,-0.5669499,-0.12481448,-0.977129,1.163516,0.40121415,0.7673829,0.38459125,0.57750875,-0.6996963,0.40923652,0.55766064,0.6202247,0.4718204,0.24091601,0.68800586,0.33439067,0.54600024,0.5068978,0.88580465,0.55948836,-0.5991759,-0.65182537,0.5964419,0.6520999,0.36416593
1.2014493,1.5229607,0.65790963,0.6634165,0.47779363,0.37901416,0.029554142,-1.9473288,1.8446215,0.6671836,1.3859445,1.9108171,1.74705,1.6872048,0.42183864,0.9005314,1.7154063,1.8799809,1.6075637,1.5125735,2.166083,2.5039709,2.433713,2.1218977,1.3178391,0.39719108,-0.31625706,0.5596601,1.2594836,1.4675283,-1.9656072,0.91770256,0.48213434,0.66214174,0.49943992,-0.2998908,0.64131624,-0.85495234,1.2972158,0.6403886,1.2801769,1.3827167,1.9192559,0.2246716,-0.38836107,1.5732281,1.4737922,0.6072005,0.5273396,1.6028184,1.7886702,1.9154913,1.8257067,1.7556461,1.4477048,-0.14884889,-0.668529,1.5288978,1.2901741,0.78540117
-0.14636955,1.6996896,0.7260667,0.87935305,0.48458457,-0.5144869,-0.8903221,-1.3927261,1.342985,0.9416199,1.3208058,2.0608692,2.1204138,1.0004493,0.07954482,1.0170918,2.3189356,1.501618,1.4728948,1.6349117,2.0483415,1.9554882,1.9541337,1.7837142,1.2698835,-0.040250253,-0.22625254,1.5456271,0.9659778,1.5418919,-1.1940588,1.0718042,1.1599966,0.11609186,0.48129833,0.32085901,0.757927,-0.3706672,0.6437637,0.5027781,0.89899164,1.1029165,1.264491,1.2894237,-0.15846546,1.2433639,1.3676907,1.105738,1.172752,1.2634249,1.2110025,1.6283164,1.602181,1.2441205,1.0480494,0.3108709,-0.21162318,1.0643567,0.89506537,1.3298389
-0.018903824,0.6075467,1.2612342,0.7261127,0.49545008,0.6362477,0.73868304,0.9488286,1.3384578,1.2083203,2.081716,2.1564395,0.6129927,2.4080033,0.3186436,0.8375793,1.2498416,2.009097,1.9381453,1.359989,0.4455834,0.66977584,0.25258124,2.2785215,1.4540703,0.88927436,1.5594203,1.9571868,1.1312898,1.7402065,0.41196293,0.5449581,1.1573073,-0.418858,0.80067116,0.6123329,-0.034732662,-0.24599047,0.37823996,0.75440854,0.4468388,0.513766,0.47360185,1.1283551,0.25218534,0.020118123,0.93574935,0.88500017,1.1497265,0.10499642,0.012234754,-0.14788982,0.011690231,1.2288524,0.16938528,-0.5101321,0.39477932,0.47859475,0.73757684,1.2170348
-0.59528965,1.5863996,1.2082553,0.63950056,0.4940919,1.9299912,0.8200541,2.0169566,0.8920535,1.8089393,1.5015029,2.1359355,1.2710449,2.014274,1.066165,1.0564554,1.6190729,2.0677893,1.9455037,1.2770487,1.5691588,1.5599346,1.1583233,2.2804828,0.46076918,0.20864601,2.2421803,1.7395602,1.7068676,1.748194,-0.22012681,1.0651011,1.8543291,-0.4120386,0.7295424,0.4738999,-0.001517022,-0.11966848,0.0068298727,1.0603802,0.64550024,0.63633907,0.37065318,1.3795292,0.46025378,0.2964896,0.8025679,1.7677729,1.9300234,0.32719737,0.18160844,0.22091904,0.28838643,0.5098716,0.36428702,-0.053668752,1.1986581,0.4422934,0.9669971,1.9192779
-0.52636784,0.59867465,0.8288353,0.72375864,0.48820642,0.5988696,1.0724646,-1.1073885,1.2530297,1.2784847,1.6836371,1.6315004,2.0348306,1.7476863,-0.11382292,1.413897,1.4623264,2.024274,1.8013064,1.5464182,1.9193234,2.7584534,2.8207269,1.9629945,0.68066174,0.32442167,-0.19099648,0.7196453,1.1613964,1.6769278,-0.99284494,0.83067566,0.99851406,0.5539352,0.6380553,-0.06653291,0.43962944,-0.40097573,0.9345522,0.82085764,1.0471647,1.1120389,1.1439587,1.0999496,-0.0786933,0.89763623,1.0294881,1.0770644,1.1606929,1.0838296,0.9811251,0.8014024,0.89043856,1.1331738,0.8417182,0.10717444,-0.07431905,0.6895071,1.0146865,1.2616206
0.30470896,1.5414429,0.54375106,0.9613976,0.4850373,0.43315095,0.9497637,2.5229483,1.6167771,0.85546094,1.4404541,1.9656806,1.9245273,1.6425538,-0.58192724,1.3535976,2.011837,1.2855585,1.3876053,1.4195586,1.3063992,2.9167309,2.7858179,1.7533082,1.442067,0.7012673,-0.2049173,1.4507136,1.2320702,1.29547,-1.2554456,1.2041826,1.0660735,0.507349,0.5664492,-0.12483299,0.5909148,-0.7379254,0.83910424,0.37002704,0.9195028,0.87028116,1.2696637,1.2218815,-0.18385713,1.1998093,0.85825807,1.1366799,1.1840847,1.2642244,1.298062,1.491201,1.4214137,1.0547078,1.0618355,0.1292283,-0.046195365,0.8704238,0.80778736,1.3360924
-1.3984644,0.80185676,-0.48370364,0.60534024,0.48232093,0.48302373,0.8033646,-1.9284663,1.7788318,0.4250261,1.4172364,1.7883735,1.9896752,1.5889379,0.3905339,1.2117318,1.4526998,0.9201695,0.6336192,1.3400738,1.5100822,2.8800828,2.7033541,1.4368472,1.7745417,0.8113274,-0.42085454,1.5055839,1.3608868,0.9192931,-1.0437967,1.3042767,1.2273028,0.27232516,0.55341154,0.10414052,0.8754347,-0.36274058,0.6576451,0.2867395,0.8188808,0.94493425,1.1309675,0.9951432,-0.15335172,1.3375788,1.1213163,1.1188629,1.2225124,1.3717661,1.2771906,1.4656808,1.4463568,0.971815,1.1095626,0.10417803,0.21024832,0.7012949,0.6637584,1.3538113
-1.9478565,1.3164942,-0.48998436,0.21978547,0.48051,-1.9083734,1.3397099,-0.6930448,1.2785376,0.33357725,0.7208522,1.4379406,2.8009102,1.1575911,-0.2767227,1.2827128,1.4423077,0.5841795,0.46315718,1.4086336,1.9491729,2.473661,2.4813662,1.4307474,1.5298883,0.6697416,-1.1742684,1.2276777,1.212267,0.59055746,-1.2461641,0.98608536,1.0389453,0.45842507,0.52362186,-0.4896294,0.43534482,-0.81602424,0.95205736,0.27993116,0.8021359,0.9740519,1.2884521,0.66246086,-0.3741489,1.3659307,1.1219591,1.0208169,1.0675073,1.4149708,1.4331776,1.8386357,1.6919696,1.0391747,1.2618043,0.12166855,-0.21202028,0.8362498,0.7195051,1.1996263
-1.9011486,0.58831644,-0.49210343,0.5910323,0.48096272,-1.107636,0.28852352,-1.8317201,1.4376138,-0.7995947,1.1200832,1.6527574,2.6274369,0.61520475,-1.271806,1.309916,1.0567625,0.11309783,-0.047435533,1.4284824,2.0855045,2.4179196,1.9640919,1.2415454,1.0143917,0.7123935,-1.3223474,0.8152711,0.35956302,0.18785992,-1.2265816,0.7190635,0.231744,0.8603854,0.47230244,-0.6335557,0.0011580866,-0.9574781,1.2316253,-0.20740612,0.8063833,0.800351,0.7788046,0.2930764,-0.7085484,1.3344423,0.9232668,0.13810618,0.26110023,1.2392042,1.0551606,1.4276892,1.3072387,0.8249187,1.0506094,-0.19907236,-0.32299268,0.72062975,0.4755071,0.36936784
-1.9174911,1.1428119,-0.56412387,0.18789877,0.47371906,-0.9720441,-0.12743105,-1.8443241,1.1420938,-0.64522785,0.9556157,1.4545118,1.828487,-0.097583175,-0.35029438,1.5457091,1.4930413,-0.16168731,-0.17526849,1.5773787,2.232433,2.6948092,2.7423143,1.4753855,1.6080567,0.5679654,-1.6397637,1.6497208,1.1418138,0.12535265,-1.2374243,0.70153016,0.21386218,0.39751956,0.5477745,-1.007361,-0.27555603,-1.1528283,0.8030067,-0.5353951,0.56084013,0.81806356,0.92811024,0.10222222,-0.74862635,1.2343248,0.64525044,0.25067326,0.3698939,1.060299,1.1281639,1.1808311,1.0820758,0.6956505,1.0135465,-0.2715948,-0.34428212,0.7143828,0.2182148,0.5337843
-1.9876058,1.1912553,0.11110007,-0.18109588,0.4850373,1.0779047,-0.1052195,-0.1125393,1.1840912,-0.71311915,1.0103527,1.9150056,2.0458055,0.91494626,-0.6263737,1.367463,1.4383225,0.31407076,0.5969807,1.3501582,1.7062534,2.6271763,2.4011245,1.3736598,1.1236733,0.30010334,-1.3523933,0.83460414,1.0242958,0.29967228,-1.0736804,0.7180371,0.74013233,0.21755268,0.6429202,-0.34322655,0.42912135,-0.7699266,0.6192526,-0.35223067,0.65592575,0.8363017,1.0742097,0.5577472,-0.5868626,1.1521866,0.7998284,0.6608432,0.7404621,1.1517668,1.412046,1.4897677,1.3362892,0.87099653,1.089134,0.11130799,-0.11503588,0.8379075,0.37796247,0.8676801
-1.91844,1.2043085,-0.094106905,0.44845957,0.4877537,0.22158371,0.96595395,-1.8408471,1.4371566,1.0157586,1.5689101,1.2717197,1.9599864,1.8335977,-1.3873855,1.3288397,1.887043,0.3047024,0.09062856,1.2662928,1.5663097,2.520261,2.131797,1.3812276,1.3381338,1.1431643,-0.753185,1.0429431,1.7948414,0.4276255,-1.1474324,0.93272686,0.8755227,0.60638726,0.59872466,-0.57483774,0.1207641,-0.97721493,0.9418411,-0.15347989,0.60635203,0.86482596,1.0315593,0.73871446,-0.6774207,1.4283415,1.3363246,0.6350747,0.8703877,1.2471715,1.2023333,1.4673051,1.3688061,1.0982734,1.0309227,-0.29031226,-0.040632077,0.714287,0.4315271,0.9867429
-1.870256,0.55434823,-0.5635532,0.18917768,0.48186818,0.5927406,0.47465187,-1.2194811,1.0640898,0.692744,1.357952,1.7014458,1.498836,1.3678735,-0.87727016,1.1744984,1.7340733,0.07324638,-0.30349427,1.0971717,1.7929188,2.0489957,1.530609,0.8255487,1.5233624,0.9888958,-0.64725494,0.20250538,1.3980637,-0.13898055,-1.1716886,0.7189985,0.09432731,0.6570204,0.58731496,-0.9479843,-0.2654608,-1.3510774,1.0196096,-0.5270621,0.60358346,0.754782,0.50707394,0.1109487,-0.68891424,1.1996176,0.76849216,0.16928145,0.3050173,0.99489313,0.88812315,1.0896944,0.9503077,0.87247264,1.0654886,-0.19376855,-0.34086874,0.6049489,0.16328464,0.3272657
-0.9283189,0.30807206,0.20568033,0.052997485,0.48458457,0.06347781,0.07310528,-1.3988756,0.73982626,-0.8957344,0.9525294,2.1174343,1.5105351,1.8142359,-1.2582898,1.3005215,1.1528615,0.5962557,0.4897202,1.3470285,1.5698304,1.980175,1.8655529,0.95094275,1.7866157,1.0597751,0.91838056,1.1940266,0.7875348,0.92617536,-1.1949241,1.2219044,0.9381662,0.18702832,0.7933079,-0.8102086,0.05314172,-1.305306,0.56310076,-0.49119312,0.6268174,1.2494825,1.0333879,0.08163893,-0.51657695,1.2777897,0.76406723,0.9576566,1.1071812,1.1150575,1.3766129,1.6053075,1.378085,0.80592966,1.222501,-0.1887383,0.30777842,0.86183417,0.24705665,1.1989516
-1.751957,1.2434272,-0.039135315,-0.8398577,0.48186818,0.7671818,-0.20654225,-0.89772296,1.5304528,-0.9416955,0.8983104,1.7684778,1.2198775,1.6435819,-0.21454558,1.1494613,1.1501552,0.28599158,0.9434898,1.1839312,1.4337492,1.2815645,1.5293131,1.0980582,1.0564109,0.7907207,0.62454474,1.5519644,0.8037738,0.77856183,-1.0873626,0.8420905,0.58540046,0.6340072,0.59584165,-0.85639167,0.022230351,-1.204487,0.9753875,-0.35347545,0.5824993,0.9893599,0.7542969,0.09763795,-0.5644351,1.2258114,0.7087281,0.5998908,0.71570665,1.1779364,0.9628392,1.1381911,0.94940466,0.72061133,0.88373536,-0.23298712,0.16273183,0.48934802,0.16760112,0.72239476
-1.6932294,0.18618663,-0.3895007,0.6250394,0.48820642,-0.00019918373,1.1776692,-1.6654348,1.7683278,-0.7019185,1.1073651,1.1938474,0.59067446,1.840568,-1.3757482,1.114748,2.2754738,-0.13046607,0.37226775,1.1750939,1.3468682,0.7083044,0.52763927,1.3571649,0.7583166,1.0886259,-1.0415328,1.0704819,0.9432811,0.19036302,-0.66278404,0.7229386,0.26391593,0.97097886,0.4661018,-0.8981017,-0.460397,-0.71280926,1.0421722,-0.032691825,0.44890654,0.65515447,-0.33161336,0.22109462,0.27929097,0.6840827,0.30066708,0.3689381,0.43233496,0.5924036,-0.23333375,-0.39892694,-0.530547,0.4658058,0.40489003,-0.5920788,0.042082578,0.17424165,0.2254732,0.30603644
-1.788227,-0.11240782,0.25830752,0.8154427,0.49047005,1.429748,0.8257953,-1.7392331,1.22424,0.0020060893,1.738177,2.2593954,0.94266,2.5486572,0.3914488,1.2925483,1.95244,0.97468346,0.5918909,0.98948586,1.1252933,1.6994021,1.6004497,1.6003889,1.0745512,1.1899256,-0.2685242,1.5202225,1.776142,0.7877946,-0.98113513,0.8650992,0.4680147,0.45657355,0.578395,-0.33089036,-0.0066891667,-0.44716352,0.82333523,-0.30526382,0.57177943,0.7446269,0.27234027,0.35512552,-0.08888337,0.99774283,0.27527696,0.3264676,0.42621064,0.7719199,0.5314117,0.38260198,0.19179863,0.7186315,0.73508227,-0.18230467,-0.14666778,0.6696011,0.29198807,0.54695666
-1.7718844,1.0320431,0.51373285,0.21756534,0.4877537,1.2480145,-0.06537246,-1.7261946,1.1672444,-0.3096252,1.0827703,2.2523596,1.986626,1.8497505,-0.47046503,1.0094191,1.7386765,0.96375614,0.83875984,0.90505415,1.7975931,0.48735666,0.2411924,1.0472472,1.1966735,1.0414888,-0.40794197,0.9573622,0.96995544,0.8499844,-1.1659553,1.058609,0.54646516,0.74402267,0.59133065,-0.92090535,-0.23920885,-1.0047864,0.7322306,-0.62631834,0.5917325,0.8222864,0.643206,-0.23034313,-0.1141828,0.92556965,0.38664106,0.6556146,0.7201601,0.9164102,0.7103506,0.7589829,0.6894512,0.6589314,0.7164198,-0.39203867,0.037628308,0.4593492,0.0629973,0.7071279
-1.7495321,1.26041,-0.78554964,1.3321807,0.4877537,0.23023735,0.6967119,-1.7086359,1.2879616,-0.011327851,1.6021521,1.5183821,2.0949328,1.8135664,0.028287712,1.2175349,1.205883,-0.2014984,0.01920662,1.2328931,1.3182751,1.1288874,0.943828,1.0689819,0.9832988,1.5035298,-1.3434062,0.55489594,1.295388,-0.06497484,-0.8895364,0.6597668,0.15251653,1.2179372,0.5399371,-0.9181829,-0.47859508,-1.1072736,1.0942516,-0.10878807,0.74184084,1.0007008,0.26647285,-0.36066264,0.1870025,0.77638364,0.4577891,0.31638342,0.32229617,0.7302525,0.11362043,0.06418164,-0.085757546,0.7495567,0.5946229,-0.71803266,-0.1864997,0.51279014,0.48166883,0.35782278
-1.4790896,1.144381,0.6788263,-0.09825575,0.4895646,1.0701486,0.9148054,-0.90069383,0.79718417,-0.094075255,1.0255197,1.3918686,1.8054606,2.1069636,-0.20888959,0.29741582,1.1969069,-0.19885863,0.28196713,0.88695395,2.1423962,-0.0205381,-0.04747209,0.90550125,0.647462,1.4311374,-0.8130051,-0.2228764,1.1372001,0.49067605,-0.7724443,0.5949626,0.09123274,1.038418,0.45015863,-0.5413698,-0.39209437,-1.026041,0.92173654,-0.15136613,0.5604427,0.66257507,0.23606712,-0.22303084,0.14281607,0.53815883,0.29453403,0.22545098,0.19327722,0.49896634,0.25528386,0.27372825,0.29143894,0.47734612,0.35881403,-0.7241578,-0.44156438,0.30354205,0.2689979,0.31508598
-0.97099525,1.4191824,1.1485517,0.67061406,0.49047005,1.4403833,0.52379894,-1.0945191,0.5346509,1.0730276,0.43630832,0.83186126,1.3716122,2.801988,1.9132802,0.570834,2.1383762,1.4845247,1.3599858,1.4034168,1.5279821,-0.0382999,0.8958608,1.4748265,-0.03765012,0.93539935,-0.07419045,0.86264545,1.5775034,0.98265606,-0.61066335,0.60969126,0.9059333,0.53276753,0.43869188,-1.4270748,-0.51138556,-1.0480738,0.2370913,-0.705016,0.22289975,0.24708727,1.1320438,-0.39317262,0.34711125,0.21937026,0.3507074,0.97743237,1.0509953,0.39172822,0.93506527,0.67766035,0.7292941,0.38946182,0.07439951,-0.93332165,0.5881382,0.0931534,-0.29361838,1.0970385
-1.4708656,1.0955484,0.7521891,0.8263288,0.4877537,0.65588456,1.2398256,-1.4889795,1.3696975,-0.27006206,1.2240024,1.8253219,1.474809,1.8879161,0.046404023,0.7492239,2.1740007,1.1410202,1.0649381,1.2587297,1.1557748,1.8833616,1.6244465,1.4313232,1.0368621,1.3625107,-0.61642754,0.4554834,1.5479906,0.5589859,-0.99183357,0.6029591,0.07308294,0.70546263,0.3683696,-0.69635737,0.16206788,-0.9017169,0.4920216,-0.34926948,0.43538767,0.39020023,0.6084122,-0.48136196,0.19395371,0.45134908,0.0007611746,0.31494898,0.18896887,0.49030617,0.33781713,0.43044996,0.39920005,0.5397426,0.54073215,-0.07563388,-0.35164332,0.6859872,0.15124813,0.25129014
-1.9853916,0.5338776,0.3117944,1.1735365,0.49047005,0.06524082,0.33589998,-1.3421066,1.4387618,-0.42955944,1.4261864,1.4404314,1.9301531,2.3266168,-0.32597858,1.3358376,2.050169,0.42835224,0.14372742,1.235366,1.589539,2.1084456,1.7632389,0.93312037,1.2814839,1.2304528,-0.52888626,1.5406971,1.0936595,0.2537484,-1.1228315,0.90820223,0.08330483,1.3308214,0.39957213,0.062058277,0.45088255,-0.14271913,1.4532946,0.7024968,0.9470162,0.87999463,0.3220848,0.07928549,0.41509634,0.9426785,0.7721352,0.2185447,0.046267614,0.87083334,0.2438812,0.1552122,0.014960257,1.1605529,0.9355471,-0.333334,-0.62481683,1.1567537,1.0931978,0.17761405
-1.1769236,1.426409,0.6163523,0.5334241,0.492281,-0.59181756,0.13880455,0.004352054,1.1407161,0.625403,1.3496352,1.6743966,1.9290966,2.1914995,0.2479918,1.279671,1.2085027,1.1494604,1.1881024,1.316704,1.6728166,2.356616,2.0309517,1.6140476,1.0433995,0.41416174,-0.16347472,1.4433084,1.8647308,1.1307803,-1.2280804,0.96921796,0.8905399,0.7390141,0.49212146,-0.6552563,0.09893806,-1.351706,1.0004324,0.26821715,0.89148426,1.0678943,1.6688334,0.35743183,0.08483057,1.1088,1.0252757,1.0427781,1.152522,1.2386601,1.4936577,1.6231384,1.5671676,1.07501,1.0822388,-0.40742916,-0.2351006,0.91052437,0.66751313,1.2844572
-1.7960292,1.677518,0.8116056,0.37141588,0.49047005,-0.51835203,-0.8042119,-1.1172763,1.1175352,0.43374792,1.3341101,0.33243132,1.6915618,2.5800722,0.31140798,0.9174897,1.9080515,1.4882673,1.6514711,1.4512482,2.2679758,1.9066488,2.032793,1.5448211,1.1178088,0.46501988,-0.8280358,0.5369375,1.2166817,1.5920238,-1.3092868,1.1503999,1.1164619,0.6757569,0.3717003,-0.02725289,0.45539746,-0.90831715,0.82649124,0.14407398,0.7562635,1.0826786,1.0848635,1.1191367,0.31961796,1.0229878,1.2622414,1.3263738,1.516608,1.1498289,0.91064626,1.079913,1.1285719,1.2585697,0.90461385,-0.23779048,0.48406997,0.83850104,0.56037706,1.4819049
-1.9220248,0.6222918,0.758545,0.28623644,0.49047005,0.74023974,0.066746645,-1.842064,1.2161405,-0.04834206,1.3561295,0.8328907,2.2446764,2.4402149,0.7965041,1.244298,2.160676,0.96706283,0.8021461,1.3927747,1.9590789,2.3177395,1.8992414,0.91188616,1.1334451,0.6465016,-1.2202446,1.1994677,0.90636605,1.1967952,-1.6062866,1.0579346,1.2320056,0.20292734,0.678236,-0.54303384,0.021341598,-1.4142761,0.7278719,-0.32551637,0.5380477,1.0216763,1.6324415,0.6843427,-0.5280672,1.4849325,1.2912811,1.0043421,1.4215587,1.3588157,1.8332984,1.9533998,1.9140366,1.1039575,1.2131236,-0.6931848,0.42827928,1.1832837,0.37464797,1.5063319
-1.3941282,1.0847557,-0.2869771,1.1346644,0.48594275,2.0213242,0.43806896,2.7166975,1.1798031,0.6588383,1.7339944,1.0503013,2.1479828,1.8370738,1.0904776,1.2577945,1.7150924,0.35341078,-0.0118295,1.4397472,1.8737739,2.0968552,1.9065161,1.3327115,1.0867711,0.6626562,-0.8585578,1.2821205,1.9840025,0.011310183,-1.3988466,0.93698746,-0.11058051,1.3037217,0.5310022,0.08357847,0.49432665,-0.15304321,1.5067557,-0.015237115,1.2322488,0.9802248,1.2992043,0.124480516,-0.524381,1.1554817,0.86091673,-0.07549893,-0.12345067,1.2158592,1.0600896,1.2883884,1.1793091,1.2811931,1.0161539,-0.4201159,-0.7278608,1.2478971,0.92921,0.024554033
-2.0945175,1.8196697,0.6727124,0.60198385,0.48865914,0.504728,0.35914057,-0.6736845,0.99068487,-0.03950453,1.7842659,1.590158,1.735041,1.3869299,0.12035642,1.0181693,1.5730358,0.9912925,0.96103007,1.3045024,2.2294576,2.1928341,2.325261,1.9487611,1.5264705,0.38236815,1.0919293,1.4551541,1.1971684,1.215187,-1.9534929,0.81063765,0.8465413,0.5264063,0.6489602,-1.3328302,-0.1006524,-2.0591357,0.76429987,-0.76658857,0.9141027,1.3530514,1.8456799,-0.5134994,-0.92607933,1.2679818,0.85404897,0.89694095,0.97496474,1.1407454,1.7412878,1.7808454,1.7381432,1.3586115,1.4202867,-0.29786602,-0.094131015,1.193425,0.33931157,1.1589171
-1.8049912,1.6138157,0.76299435,0.57067245,0.48820642,1.1713667,0.39153385,-1.7498379,1.1192936,0.36992106,1.6909163,1.1306367,2.1850538,1.4425647,0.34237766,1.0569222,1.7169015,1.2938663,1.2012274,1.4130194,1.6012716,2.151942,2.3750563,1.5730543,0.78512263,0.017744176,-0.8977838,1.3832488,0.75371313,1.211077,-1.1266514,0.801474,0.9751487,0.57152945,0.24500816,-0.5831419,-0.1549146,-0.88978684,0.56418455,0.24198075,0.7466842,0.8155109,1.349712,-0.13279958,0.20202121,0.7848186,0.9252332,1.1086359,1.1452446,1.0862347,1.4812295,1.4277457,1.3672402,0.99755263,0.996178,-0.79845905,0.056850567,0.8489138,0.57229894,1.1169958
-2.0403235,1.5959665,-0.7902184,0.7720972,0.48549002,0.05022059,-0.3281945,-1.9405488,1.3707875,1.3574777,1.5869987,1.8351809,2.1925848,0.9469046,0.17457646,1.1356443,0.73790455,0.7048528,0.2574779,1.4643406,1.6377357,2.024157,1.9987835,1.7310253,1.3232913,0.2147614,-0.8839354,1.4625019,1.3576052,0.36074275,-1.1784362,0.4919141,-0.0008632508,0.9398212,0.5133272,-0.35594606,0.19422282,-0.543132,0.7881427,0.08370392,0.92180556,0.97811955,0.8329475,-0.5029754,-0.039106064,0.7805875,0.89555055,0.10885192,-0.05464254,0.9310233,0.7661296,0.72659963,0.7267536,0.87237334,0.6269347,-0.3261166,-0.664215,0.9035521,0.6684672,0.19486018
-1.5642817,1.4325167,1.1948402,1.2325492,0.48186818,-0.5518716,-0.16859263,-1.5599962,1.0807472,1.8185756,1.7613689,2.0576959,1.3529685,0.38591748,0.74080014,1.0390193,1.3242891,1.18876,0.7693009,1.408886,0.23921067,2.0508432,1.8700106,1.6840957,0.3812726,0.3604945,-0.5596816,1.4301862,1.323002,1.1296065,-0.8369642,1.0658408,0.6011834,0.9443915,0.16914226,-0.56124556,0.098468795,-0.84970564,0.79177135,-0.36266044,0.60788465,0.7769712,0.7061401,-0.024170943,0.027378276,0.87664986,0.6494119,0.6093486,0.77175415,0.8211496,0.57362723,0.6126903,0.673177,0.8028572,0.6797641,-0.6181855,0.30358934,0.6060891,0.20865312,0.7679866
-1.9780111,1.1984371,0.65011865,0.67796975,0.48186818,-0.15890712,0.039114963,-1.8862213,1.3958768,2.0738356,1.8866012,1.9010632,1.1990709,0.7666571,0.23546074,1.3838861,0.96028125,1.6925387,1.2386781,1.4684006,1.7373955,2.0116293,2.2203739,1.734587,0.6653485,-0.11279229,-0.85798573,1.9252346,1.7881896,1.3703738,-1.4825175,1.1644118,0.79461294,0.85047936,0.5516517,-0.7723138,-0.028303193,-1.3619543,1.2718948,0.52608335,0.9764969,1.3807613,1.3087782,0.100559145,0.18336946,1.2822262,1.2824386,0.9537717,0.98847127,1.3485285,1.2569742,1.6359372,1.4686738,1.3539389,1.1606807,-0.52994746,-0.5940779,0.96636635,0.9628716,1.0767319
-0.56612295,1.550066,0.6426228,0.95102215,0.48005727,1.5930206,0.14126241,2.0689933,1.0776266,1.6844084,1.2946924,1.9610177,1.0220622,0.91096735,0.43677482,1.3847984,0.97943175,1.7083495,1.4185632,1.5354718,1.6219667,2.513689,2.556784,1.5918795,1.0961533,-0.33124664,0.1518452,2.3568406,1.5275695,1.1697807,-1.1088624,1.1046332,0.7864748,0.61080396,0.68548596,-0.4103122,0.35244513,-0.67568684,0.9410802,0.24319853,0.7092266,1.0704885,1.0849112,0.44440168,-0.33036488,1.3290049,1.1227738,0.73983413,0.89971,1.3281764,1.2139926,1.4963597,1.4248842,1.0135684,1.1213467,0.029616496,-0.34282392,0.9466322,0.7443197,1.0488778
1.2944332,1.5395772,1.3492748,1.0759251,0.4895646,1.4328665,0.9725115,-0.80936295,1.0977696,3.3625042,2.231391,1.403354,0.9480234,1.9944607,0.6591243,1.0249032,0.12376424,2.3091197,2.100424,1.4030169,1.0755168,1.9411201,1.744463,2.1026473,1.145462,-0.25253987,1.4409586,1.2885019,2.2111163,1.8468473,-0.6385097,0.994952,1.587553,0.64358974,0.6332402,-0.07975158,0.67891014,-0.35054773,0.81314,0.51811504,0.78474355,1.0438076,0.4202714,1.482487,0.59008145,0.85915524,0.8361219,1.8784897,1.9367936,0.9989344,0.6825867,0.80312634,0.646302,1.0470301,0.73834884,0.04496245,1.5075197,0.64369625,0.6202118,1.8851914
-1.68005,1.2900162,1.7172121,0.7482309,0.4850373,1.2898707,0.06706456,-0.82565194,1.5965494,3.349658,2.1114898,1.5058141,0.47696677,1.8756106,1.1782671,0.96699446,2.0889893,2.2700734,2.0721586,1.1192732,-0.017338112,1.539885,1.4762822,2.1125937,1.2208643,-0.719095,2.2493114,0.87133753,1.9312807,1.846003,-1.1601803,1.3226601,1.327716,0.8219206,0.71640354,-0.36849597,0.3667236,-1.0056646,1.3375885,0.652401,1.0874623,1.310454,0.6210679,0.8233798,0.20440446,1.20194,0.84552133,1.5794241,1.8412352,1.4660702,1.1202147,1.2259896,1.1591997,1.3118479,1.0843772,0.095929235,0.9799487,1.0469103,0.87346435,1.7489648
-1.119583,1.9630055,0.9366778,0.3641422,0.47960454,-0.6721838,0.021902444,1.0348985,1.2374164,3.292165,1.8312451,2.347843,1.0311413,1.0965433,0.7350594,0.69434863,1.7901967,2.1043563,1.9723983,1.4803411,1.5857086,1.9187328,1.7683619,2.0906246,-0.13949826,-0.21201792,2.3286343,1.2056922,2.2334912,1.8286202,-0.7046951,0.9613907,1.3753722,0.32217047,0.6077463,0.12205458,0.17694378,-0.692417,0.6799775,0.9155146,1.009433,1.2047282,0.6094326,1.047156,0.4981075,0.79620004,0.98926646,1.511304,1.6437712,1.0181777,0.6221382,0.41437697,0.3942997,1.177043,0.7127398,-0.1831525,0.73673433,0.62720174,0.9667218,1.592085
-1.1627827,1.3791219,1.0804887,0.9515488,0.4741718,-0.3226669,-0.23344032,-1.2457666,1.8097658,2.9419951,1.6622654,2.0228837,0.65496534,0.053873707,1.0291848,0.5173954,1.2370843,1.8164923,1.8636239,1.1610082,0.8104668,0.6472194,0.47630933,1.6246166,0.21003312,-1.1284841,-0.014879401,1.0821615,2.1568234,1.7711679,-0.18936652,0.4229986,0.9153897,0.090391815,-0.05391336,-0.116105735,-0.3669338,-0.4986639,0.10079661,0.2983464,-0.0933841,-0.0071001165,0.2375692,0.510232,0.57395,-0.0767405,0.25077707,0.8859028,1.025959,0.04870337,0.19936429,0.09923249,0.14617601,0.12558946,-0.1671305,-0.7561767,0.5610127,0.03954428,0.007629195,0.9744586
-0.36242065,0.07617366,1.1746349,0.65713125,-3.300239,-0.7645191,-0.3201686,-0.61582965,1.5214547,1.202738,1.220728,0.6824406,0.026248679,-0.05184888,1.2680743,-0.07474303,-0.2222724,1.5644109,0.14820765,0.1747127,0.0400157,-0.9321179,-0.52612287,1.7561667,-0.7417996,1.0038171,-0.3400085,0.3439711,0.5896305,0.63983005,-0.2388548,0.3662096,0.71492463,0.6497423,0.36028108,0.13144389,0.16349725,-0.18089573,0.5515765,0.6735889,0.45802855,0.24361184,0.3400598,0.1392408,0.41141698,0.33071727,0.7426488,0.7309694,0.7992549,0.5259437,0.25788677,0.4313547,0.4504123,0.42421454,0.20512928,-0.30761108,0.03491611,0.46478403,0.48447403,0.8769787
-0.8037091,1.5763714,0.78843445,0.77256215,0.46828628,0.4403155,-0.35128233,-1.7966028,2.082203,1.4601605,1.572208,2.1721714,1.5356561,1.0607407,0.13529254,1.3733019,1.3875246,1.6970907,1.6458472,1.3672562,1.7986194,2.24814,2.3070734,2.033274,0.748622,-0.01469381,0.006019765,2.0144124,1.8073506,1.4435221,-1.0912133,1.3102257,0.93418336,1.0894264,0.63486487,0.8133348,0.8383111,0.4147597,1.3730938,1.3368,1.2424537,1.2790605,0.8667716,1.0327997,0.6428148,1.0968152,1.5195746,1.1860249,1.1872253,1.2137725,0.62645656,0.80543995,0.7068886,1.412874,1.1055954,-0.023724824,0.2452295,1.229445,1.5630565,1.1794024
1.287268,1.4879179,0.81229645,0.5915763,0.47190812,1.3789237,0.015822357,-1.7649626,1.9144803,1.5275043,1.4508996,1.1226856,0.86563843,0.39518896,0.6223251,1.34376,2.2867756,1.5964689,1.5127876,1.3619423,1.4389284,1.9905357,1.778847,2.5802743,0.4742564,0.11827059,0.36409312,1.8400325,1.1343001,1.5639058,-1.1794637,1.1229166,1.1690065,0.47349745,0.7373773,0.30462563,0.7211734,-0.16931726,1.0900084,1.0715415,0.9803819,1.297643,1.1702483,1.5727913,0.3698069,1.2235451,1.6325904,1.3061968,1.4446954,1.2876512,0.9142824,1.0733358,1.0673656,1.548073,1.0018355,-0.07717104,0.30770016,1.1668627,1.242317,1.5336566
1.0532653,-0.6603916,1.1460594,0.7209091,0.48277366,0.89520735,0.0027875782,0.09202266,0.66502947,1.3572623,0.9066072,1.2062687,-0.90037966,0.9520686,1.4995173,0.22489,1.8282598,1.5433834,1.9460368,0.6944018,0.22196528,0.43347052,0.6902929,2.031745,0.32037055,-0.085656956,1.3822275,0.8348638,1.1463381,1.6880406,0.7710297,0.24735644,1.0601698,-0.37325343,0.72532976,1.1620893,0.6659681,0.68909967,-0.054626323,0.3668528,0.22417735,0.3809421,-0.07556942,1.6426824,0.2569942,-0.069668576,0.6280536,0.7404527,1.009964,-0.2195131,-0.48338622,-0.7122318,-0.61446965,0.7908328,-0.02868102,0.26616335,0.44298205,0.22806218,0.18273333,0.9639967
2.554181,0.999145,0.8664912,0.87003493,0.49454463,2.6349285,1.5456878,2.4826822,1.1253244,1.1630776,1.8992431,0.3429275,0.78640306,2.2751775,0.75540984,0.53516406,1.3056616,2.1392887,1.9865174,1.4382873,0.745112,0.8813654,0.28768706,1.7982994,1.505173,0.59486884,-0.114833854,0.86931324,1.1009066,1.7059884,0.30867478,0.5641998,1.4045631,-0.5920106,0.7252425,0.64188933,0.46499184,-0.015519177,-0.016541772,0.8570532,0.5165151,0.51469547,0.25095633,2.0647166,0.48111808,0.15929346,0.75856805,1.3567703,1.6885711,0.147238,-0.030288998,-0.36044392,-0.27432218,0.99932647,0.11984532,0.18193506,1.220641,0.47364858,0.6763391,1.6586411
-0.637161,1.3241932,1.2429092,1.0073166,0.492281,1.3115449,0.43112937,-1.2186131,1.3460846,1.8709128,1.840152,1.6851742,1.3031397,2.6280532,0.5874408,0.8785494,1.9004987,2.1853435,1.948387,1.1391202,1.1929878,1.7837679,1.4397169,2.2841597,0.59749734,0.4757276,1.8176639,0.87851256,1.959661,1.697751,-0.79443353,0.6988878,1.0996825,0.30011693,0.6241294,-0.043193143,0.3728751,-0.30497563,0.62619406,0.6072496,0.7281503,0.6004318,0.8195669,1.0855035,0.36200994,0.58760965,0.92617685,1.137317,1.3685404,0.81987506,0.74168056,0.73431075,0.77882767,0.82764703,0.49940404,-0.029604167,1.0457393,0.43144447,0.62492406,1.3677735
-1.413156,0.82671773,1.0278878,0.64137894,0.48730096,0.48008287,-0.06215372,-1.8389348,1.5185041,0.119474515,1.4465274,1.120197,1.990769,1.6055917,-0.14291412,1.3791028,1.4185164,1.5873319,1.6119738,1.6048096,1.5847284,2.4107025,2.343348,2.0900977,0.8757052,0.38852894,0.5150584,1.3446833,0.7811309,1.4570994,-1.0222809,0.96771663,1.2201788,0.39440402,0.3924487,0.106486365,1.0661119,-0.30294615,0.8753062,0.90523386,0.828057,0.8857471,1.0400723,1.5455935,0.25300518,1.0158262,1.2076844,1.3409127,1.3972446,1.18946,1.1296129,1.1602241,1.1128658,1.2177893,1.0168098,0.48480844,-0.016431188,1.0785402,1.0641681,1.5238926
-0.36798579,0.97808576,0.5636734,0.86757964,0.48051,-1.2539067,0.5526678,-0.57915264,1.3825927,-0.33945352,1.5608209,2.1225646,2.0155332,0.9463244,0.14016978,1.4073575,1.7204231,1.0706635,1.2387152,1.444585,1.8242042,2.914356,2.8305912,1.7926308,1.465926,0.9913658,-0.44465744,1.0440048,1.0500232,1.0335394,-0.9518005,1.0856763,1.24367,0.37369356,0.4649475,0.23928778,0.7837709,-0.61145514,0.7996284,0.28641513,0.76195246,0.7888337,0.8777775,1.5498207,-0.09211317,1.2590233,1.053074,1.3058907,1.3868327,1.3074373,1.1880418,1.3891947,1.2320681,1.0971437,1.0384451,0.26134893,0.62325734,0.80969584,0.54351103,1.4402131
-0.5048692,1.1239673,0.32666567,0.5496334,0.47507724,-1.8868306,-0.26232743,-1.4455236,1.3075407,-0.07867989,1.5181427,1.2623342,2.8013463,-0.23962831,-0.22276044,1.3399192,1.4862452,1.0648979,1.0703094,1.3616645,1.7718487,2.8883336,2.7425487,2.0525725,1.5203893,0.46920758,-0.13112718,1.9389226,0.89372087,1.0532068,-1.5804238,0.97190064,0.94191736,0.63030356,0.62915295,-0.7749439,0.13751471,-1.2017169,1.1084577,0.15233392,0.8284963,0.9814091,1.4630566,0.41666856,-0.62952685,1.5383086,1.1794204,0.82380766,0.9183225,1.4380478,1.5194738,1.7942331,1.7297956,1.3447628,1.250414,-0.110039264,-0.10636374,0.9669771,0.7218614,1.0724245
0.81943816,1.8795618,1.3936577,0.28097022,0.48865914,0.3151777,0.5729476,0.25952235,1.3021646,1.3270969,1.2051151,1.5537988,1.7714069,2.1012425,0.071768455,1.316155,1.7996949,1.8832589,1.9917918,1.3701311,1.8527176,2.2876854,1.740039,2.0101976,1.334845,0.7155691,1.0370868,1.9729362,1.4885643,1.7614197,-1.3776166,1.062382,1.4169086,0.167917,0.6375369,-0.40086815,0.31309912,-1.1056666,0.7590643,0.34741282,0.7415083,1.0904131,1.3978093,1.1463468,-0.032489717,1.3014036,1.6228825,1.3921138,1.5783349,1.3512518,1.6297454,1.5909947,1.5428286,1.208749,1.007675,-0.08162237,0.7738332,1.04612,0.6797066,1.6624217
-0.9211009,1.2564532,1.1930861,0.48892525,0.4877537,-1.1669048,0.8521026,0.22057937,1.3912456,-0.126729,1.1279314,1.197954,1.835193,0.89790857,0.105149895,1.2429734,1.2077217,1.3205228,1.6023101,1.6416867,2.1671066,2.5902565,2.358405,1.5037854,1.2743735,1.0578935,0.56212217,0.4729246,0.5450366,1.4281164,-1.1770648,1.1660932,1.1764863,0.3643942,0.6837814,-0.41361853,0.49556923,-1.1663448,0.9453364,0.103392094,0.8073392,1.2189511,1.1038257,0.80454373,-0.2154222,1.3125345,1.0825311,1.2294258,1.3938313,1.3517281,1.2642426,1.3435735,1.3223152,1.1731541,1.1356441,0.02639612,0.33924326,1.0504819,0.6579583,1.4835654
-1.0063609,1.3610245,0.77593714,0.7263628,0.48549002,-1.1906801,-0.15289171,-1.4398946,1.2501504,-0.63255364,1.2975652,1.0975357,2.1003058,0.42593455,-0.5231003,1.3875455,1.1152072,1.5030454,1.5023543,1.5677607,2.1158035,2.4958098,2.448845,1.5931838,1.4018911,0.3789051,1.7038292,1.1646107,0.37277395,1.378981,-0.7235519,0.75407374,0.8502947,0.24482013,0.6436092,-0.24286337,0.3708098,-0.71934074,0.66658336,-0.19510281,0.52029556,0.6081284,0.82997644,0.6895212,-0.34190547,1.0396698,0.75311434,0.7948574,0.9428657,1.0446057,1.0562314,0.9777263,0.8629522,0.81663036,0.77779305,0.053904533,0.4259243,0.5766054,0.22381875,1.0276352
-1.1380862,0.8155763,0.7997661,-0.23900917,0.48911187,0.7462735,0.77900344,-1.1387534,1.4719058,0.428318,1.4039891,1.7374293,1.7299412,2.053677,-0.70454764,1.5683427,1.899403,1.0013307,1.4595923,1.3061769,1.9086264,2.069565,1.8525321,1.3980869,1.2780278,0.83611333,1.424873,1.035228,0.78336716,1.4385269,-1.0516421,0.76958907,0.7115193,0.21017101,0.81773865,-0.58548504,0.1846016,-0.9567928,0.67663276,-0.3045108,0.44794172,0.7816019,1.2189261,0.3775578,-0.6980849,1.0972586,0.980202,0.5927643,0.8862514,1.0257152,1.242581,1.2110493,1.1724865,0.83174235,0.92790586,-0.17733718,0.3389566,0.7195875,0.28990275,0.9652619
-1.2071332,1.586451,1.0875432,0.19596507,0.49092278,0.51456076,0.34352747,-1.2703273,1.1718609,-0.31705165,1.0383387,1.6386892,1.3225591,1.605285,-0.22402641,1.3446611,1.1719697,1.7987717,1.9632871,1.4187993,1.4556909,2.2690344,2.598394,1.2794458,1.1592453,0.46152985,1.0603789,0.14941876,0.84216875,1.6111324,-1.3646277,1.1037974,1.3237584,0.45899034,0.724263,-0.7409561,0.11119919,-1.038084,0.64657384,-0.40293255,0.645371,1.019168,1.2042229,0.40377244,-0.17087755,1.1343122,0.93224317,1.392411,1.5465921,1.0853971,1.2633734,1.5042518,1.5615137,0.9266896,1.0222394,-0.44165975,0.9432012,0.77689403,0.30723825,1.5288041
-1.7244384,1.6086102,0.86986315,-0.33383954,0.4895646,0.42405638,-0.06606719,-1.1406779,0.9359875,-0.55141044,0.38769296,1.1129047,1.9424999,1.679506,-0.35006693,1.2580343,2.5157783,1.3615491,1.9694997,1.0811057,1.1573923,2.018653,1.8853784,0.7287521,0.572266,1.0578974,0.5498669,0.4407139,0.27796605,1.7179184,-1.477875,1.3429955,1.2027863,0.2156841,0.69150907,-0.9546957,-0.01491628,-1.3994005,0.4740531,-0.76919836,0.59405637,1.0373814,1.2203017,0.424721,-0.38014528,1.321424,0.87143964,1.3112565,1.5022056,1.173718,1.3831642,1.6601298,1.6826143,0.9401278,1.15758,-0.2018225,1.3395605,0.88301855,0.15303245,1.4617815
-1.5903243,1.1214317,1.3337965,-0.49089983,0.4877537,-0.5179655,0.8515595,-1.5844219,0.818498,-0.7258274,0.5423516,1.8610303,0.77543956,2.329404,-0.33206254,1.0357288,2.101553,1.6467593,1.8503206,0.9716634,0.6256271,0.86571956,0.5583178,1.0700661,0.94117683,0.8456829,-0.2038355,1.3260033,0.89996547,1.692056,-1.5019982,1.1149112,1.4901295,0.667624,0.79754555,-1.1062922,-0.02285779,-1.3797942,0.946522,0.10591793,0.87016547,1.1951338,0.7587882,0.37417874,0.17796496,1.156505,1.0760444,1.6017163,1.8019974,1.1011373,1.062007,1.0101612,0.9995596,1.2071952,0.94028866,-0.5433764,0.8446809,0.7714305,0.55702704,1.6862894
-1.0911536,1.1142473,0.6850813,0.40724453,0.48820642,-0.6538435,-0.2096697,-1.6518747,1.2457061,-0.5231861,0.6253594,1.3933047,1.2314658,1.7075248,-0.5614193,0.951276,1.5421823,0.8422376,1.4808975,1.3564962,1.8943995,1.1418738,1.1349769,1.0106325,1.050202,0.6667254,-0.49762753,0.6777823,0.21762492,1.3987901,-1.0672274,0.9314572,1.0966184,0.56193143,0.5328925,-0.52031684,0.31787,-0.6694854,0.6594178,-0.23981963,0.59378225,0.7868701,0.55822617,0.73501486,0.072538525,0.9293731,0.2138848,1.306306,1.3476012,1.0651432,0.9716486,1.062731,1.0605145,0.9106975,0.8888909,0.1397877,0.49110574,0.58801764,0.28984955,1.2990696
-1.7809519,1.2696775,0.8234411,0.6392471,0.48594275,-1.0585654,0.16707529,-1.7356693,1.6412351,-0.5983958,1.2811375,1.3911313,1.5013716,1.6915091,0.5927946,1.0104128,1.8754323,1.0847063,1.4234623,1.195807,1.3670807,2.0109026,2.264493,1.5025525,1.1070541,1.1351173,-0.41810557,0.40708244,1.0307237,1.4581617,-1.3637934,1.2552779,1.0293351,0.47843257,0.562233,-0.6578197,0.31957364,-1.4748946,0.7788022,-0.1460698,0.7280096,1.0537455,1.2135011,0.4497853,-0.084237605,1.2796842,0.847781,1.2030343,1.3656121,1.2860055,1.3382932,1.5802474,1.4449962,1.0737287,1.1538898,0.050436042,0.17776875,0.70880926,0.46488616,1.4380443
-1.6721423,1.1546097,0.30385858,0.81742096,0.48911187,-0.7493977,0.81004673,-1.2073373,1.457604,-0.57017374,1.1758493,1.5009112,1.8641795,1.8637432,-0.8688661,1.1356549,1.3794376,0.5412724,0.5631289,0.9884398,1.5798142,1.089152,1.3451716,0.93384725,1.5399028,1.239738,-0.7979971,0.8810296,0.4604,0.47801894,-1.388231,1.1385716,0.6806483,0.8425485,0.5387358,-0.63699657,0.09366036,-1.1880804,0.94479656,-0.0074630994,0.81058526,1.0767783,1.0594735,0.31012988,0.27453715,1.0859022,0.7047023,0.9048507,0.9389443,1.0715799,0.78584456,0.9391186,0.90787864,1.2499182,0.90650713,-0.22651641,-0.011680847,0.85410804,0.59766394,1.0564444
-1.4837288,1.7287983,0.60493135,1.2047473,0.48820642,0.6289135,0.5311088,-1.4981934,1.4488322,-0.29850447,1.1403434,2.2337735,1.7342398,1.8098409,0.64985865,1.1140124,1.4253696,0.83583206,0.8231664,0.99373114,1.4262815,0.3416923,0.5651792,1.5501577,1.0826645,1.1332299,-0.0451623,0.95073134,1.0955608,0.49003914,-1.1015408,1.1459948,0.5260731,1.0365956,0.2843898,-0.63404316,-0.039781325,-0.8377208,0.77582335,-0.49161267,0.5747711,0.69207686,0.93891835,-0.27990994,0.15758723,0.65428823,0.4925997,0.7365459,0.7464966,0.73319864,0.7176488,0.7893317,0.7397446,0.8066871,0.6860134,-0.6774037,-0.28741112,0.57326734,0.058927596,0.7925362
-1.3767116,0.39267892,0.9232307,0.53368247,0.492281,-0.29691938,1.3933027,-1.4141381,0.7941201,-0.071050264,1.2357916,0.7646884,1.7982911,1.3722296,0.3127192,1.0291408,1.7191046,1.4946139,1.1283827,0.9566964,2.0732381,2.000097,2.2621417,0.6299776,1.1728019,0.7206032,-0.37209114,0.6695661,0.75953937,1.1474264,-1.0965842,0.6322839,0.4604972,0.83461326,0.5359228,-1.0378996,0.035070553,-1.3016795,0.5349356,-0.09462941,0.71656996,0.7306577,1.0517234,-0.34343895,0.33359063,0.6529485,0.5696458,0.79515827,0.70621973,0.8258008,0.96172535,0.90074915,0.8932427,1.0150172,0.6072473,-0.36875883,-0.3486989,0.6827819,0.3866931,0.80428106
-1.6352398,0.8474449,1.2548224,1.1347846,0.49182826,1.1572611,1.074239,-1.618496,1.1017578,0.9908228,1.5582368,1.3843182,0.8139447,2.384141,-0.5412797,0.9703785,1.7721063,1.4799392,1.6772217,1.3034188,1.5956329,1.9889293,1.8854581,1.6123596,1.1003009,1.2110087,-0.18502656,0.56627876,1.6326182,1.4327095,-1.3212739,0.8877219,0.7897787,0.65163267,0.3891089,-0.74626046,0.14519708,-1.2245305,0.7414255,0.19353007,0.68413526,0.89531344,0.9473202,0.16724893,0.36323422,0.7272812,0.85465676,1.0103393,1.0515989,0.9115908,0.9721308,0.99568623,0.98760074,1.0602946,0.8085194,-0.299733,0.09155476,0.7509632,0.5439618,1.0449764
-0.54455537,1.5206684,1.4569613,0.6207787,0.492281,0.9750325,1.1676806,-0.056312945,1.0290661,1.0702466,1.5987827,1.6343535,1.2765559,2.0818796,0.3974507,1.1809368,1.9926798,1.8642671,1.6510645,1.1599116,1.2843215,2.018148,1.4999477,0.8789454,1.4075134,1.825118,0.04348728,0.5234759,0.9063255,1.6023546,-1.2063446,1.0092422,1.2127092,0.6372531,0.6313705,-0.14039071,0.45338017,-0.888923,0.46288776,0.14969894,0.8341378,0.86876935,0.7476758,0.5213171,0.43488544,0.79656214,0.623374,1.4210441,1.5490032,1.0022085,0.6542302,0.39629942,0.33131993,0.82666254,0.6903563,-0.2966955,0.9329897,0.63189965,0.5242793,1.5632299
-1.9512305,1.4403195,-0.45248827,1.560712,0.49182826,-0.9636655,0.45166457,0.16168499,1.8174294,-0.9462001,1.3381238,1.6590371,2.6655722,0.70138043,-0.58736867,1.3153825,1.3704265,0.1423452,0.48099482,1.2772101,2.4020784,2.09157,2.12796,1.4266375,1.3413206,1.0919275,-0.89965,1.4520179,0.9536633,0.31419381,-1.5520902,0.5099788,-0.020503918,0.726885,0.42340535,-0.58245873,0.007987661,-1.1517895,0.73612845,-0.40586093,0.6885558,1.2372975,1.2681814,-0.39197248,-0.66898495,1.0680447,0.4311778,0.02137338,-0.0130192,0.9589333,0.9808567,0.93642557,0.8042781,1.0669839,1.1041865,-0.22970708,-0.60247016,1.166114,0.48321074,0.26975024
-1.2118117,1.4347979,0.78060955,-0.16627362,0.49273372,-0.89655536,0.44771194,-1.8601441,0.67600757,0.111069195,0.99604166,0.73957944,2.2342045,1.9010966,-0.27480555,1.2206663,1.9440918,1.2805952,1.5158572,1.4565284,2.3821225,1.9672921,1.9937934,1.7411516,0.93108934,0.6277627,-0.42878777,0.72264785,1.6266445,1.1565661,-1.780794,1.0943465,1.0443966,0.28306383,0.6759072,-0.90133554,0.045561,-1.3494612,0.5020521,-0.8247201,0.73018974,1.087524,1.7057279,0.14170699,-0.8684402,1.3536899,1.1908205,1.0484585,1.3545781,1.236342,1.5502558,1.4842517,1.4442332,1.3090941,1.062301,-0.58517534,1.1998318,1.0021341,0.21421812,1.3590205
-1.459317,0.9255735,0.4876132,0.23964271,0.48820642,0.5031055,0.023047015,-1.8640558,0.8513882,0.20652078,1.3238994,1.5133227,1.7168885,1.9977021,0.10774868,1.2431569,1.70883,0.9143198,0.9333455,1.2822012,2.1202734,2.5357661,2.5486743,1.0378581,1.2543792,0.476133,-0.7701441,1.5643427,1.8533653,0.87222016,-1.5908326,1.1236874,0.9042133,0.33601466,0.6717708,-0.4739977,0.33779582,-1.2394917,0.7435164,-0.48105428,0.68615717,0.99564284,1.7424182,0.5096343,-0.75975126,1.5229467,0.87093663,0.8930206,1.0819125,1.4233416,1.8120052,1.9429213,1.88065,1.1182638,1.3466246,-0.124244936,-0.028096216,0.96815133,0.42641723,1.1863289
-1.9189671,0.9347523,0.48405296,0.08045452,0.492281,0.17383143,0.979128,-0.1340802,1.1998641,0.0040168553,1.3255804,1.2455165,1.4287963,2.7021372,0.6997345,1.5111339,1.5328883,1.0408696,1.2150388,1.4304538,2.3137426,2.390798,2.142782,1.7363994,1.6290737,0.88983935,-1.003502,1.5672414,1.3430893,1.0446086,-1.3155742,1.0999055,0.8262088,0.36396584,0.81589,-0.72310895,0.19913815,-1.066895,0.8572798,-0.31456032,0.78625816,0.9783915,1.317601,0.026595375,-0.6640515,1.3242878,0.8484522,0.86482245,1.0131979,1.2869017,1.5101846,1.696017,1.6112126,0.9258184,1.085405,-0.14799687,0.15722334,0.8986755,0.311028,1.0662779
-2.0180767,1.5508075,0.25047377,0.639594,0.48820642,2.1904726,0.35602224,-1.358843,1.1809081,0.04785241,1.3190844,1.4131968,1.8541497,1.8424896,0.02829033,0.84141636,1.8101482,0.6360024,0.24117024,1.2338952,2.0873523,2.2547953,2.082049,1.3857349,1.2995355,0.78721243,-0.46762133,1.2529445,1.538998,0.22420247,-0.6565709,0.7392012,0.21463954,1.0103813,0.5714629,0.1637692,0.1336789,-0.076830335,1.1640246,0.2579931,0.85449266,0.7664853,0.46162012,0.35206026,-0.12297289,0.90172946,0.68310887,0.26463917,0.22344676,0.9764603,0.42608666,0.60061306,0.48146465,0.876763,0.69643414,-0.22268145,-0.37487423,0.64774364,0.7813388,0.2118366
-1.9450098,1.2912557,0.10497411,0.6924011,0.48820642,1.9479883,0.75784826,3.0504677,0.75390565,-0.17209187,1.5878724,1.8421378,2.0633652,1.9676983,1.1934056,1.0946641,1.2073426,0.6964198,0.6701434,1.5184703,1.7634237,2.3829398,2.4874113,1.588353,0.8295595,0.50126404,-0.3781636,1.137089,1.18798,1.0501494,-1.7686965,0.9008645,0.7367032,0.48779866,0.59074855,-0.9911508,0.014809422,-1.708559,0.7895221,-0.67389494,0.70828444,1.2386423,1.7585261,0.08838737,-0.6678906,1.2786114,1.1171303,0.76472425,0.9932662,1.335679,1.711781,1.5844787,1.6000674,1.1262408,1.1954048,-0.25719142,-0.20134437,0.97277045,0.291678,1.0827088
-1.8476927,1.5078471,0.83576655,0.6691612,0.48911187,1.9552575,0.080960475,-1.0002964,0.6927549,0.73797727,1.2032567,1.5813686,1.7150981,2.267649,0.6209917,1.2726241,1.4900497,1.2795669,1.1718955,1.5042024,1.8365512,2.2576377,1.9587665,1.3896797,0.62878907,0.78423434,-0.75679684,0.7409249,1.8924166,1.4034861,-0.88426507,0.82793206,1.1434368,0.3694428,0.5397854,0.041907333,0.35086614,-0.4796865,0.6531557,0.2778667,0.54870105,0.740269,1.0346699,0.90620625,-0.00593416,0.8225914,0.80414104,0.9727266,1.2304775,0.9333771,1.2966412,1.1618081,1.086655,0.9177059,0.90416765,-0.30911472,-0.0034217928,0.78357357,0.4759946,1.2812717
-1.9731611,0.557324,0.7010708,1.1390061,0.48684824,-0.050157618,0.54295915,-1.1414975,1.5778787,0.8006709,1.4079326,1.8239263,1.9393386,1.3194276,-0.0059964773,1.0893185,1.5624392,1.420481,1.3970459,1.4799597,2.332816,2.3486848,1.9350946,1.80345,0.78159845,0.41113898,-0.61856896,1.526052,1.9497079,1.569301,-1.1976691,0.6689299,0.64712864,0.4513909,0.5088176,-0.22019655,0.46338663,-0.9812357,0.6263558,0.10254449,0.8656367,1.2942522,1.0531545,0.46476796,-0.056465577,1.043231,0.7788354,0.8002885,0.84931946,1.1316609,1.1758765,1.3043587,1.1889626,1.1641746,1.0609328,0.023250489,-0.48468265,1.0949211,0.6849584,0.9842443
-1.3589984,1.7069025,1.0150928,0.71788347,0.48911187,-0.6260457,0.49199694,-1.395971,1.0284495,1.1493076,0.82578677,1.0852948,0.61075616,1.2968329,-0.041568805,0.735921,1.5859061,1.5677228,1.9579557,1.6221123,1.5174414,2.0549626,2.145736,1.8489546,-0.09470608,-0.2742806,0.72801244,1.0311416,1.4184784,1.7103399,-0.9374303,0.9933818,1.0300735,0.9096765,0.43006632,-0.43179807,0.19661488,-0.8208105,0.634252,0.30452156,0.86391646,0.92556286,0.9093843,0.45946804,0.519485,0.70917976,0.46963602,1.3492215,1.4228716,0.99804676,0.6012566,0.4607247,0.486234,1.0063416,0.78473824,-0.37274453,0.73980856,1.014898,0.6600583,1.4392858
-1.8204902,1.3806705,0.6756429,0.7365452,0.48186818,1.2829769,-0.006366526,-1.2513212,1.3776296,1.5529248,1.4971064,1.1809727,1.7425786,0.7211903,0.3427284,1.2024283,1.5001967,1.4584041,1.6577744,1.4083488,1.5094093,2.0773435,2.0048592,1.9258269,1.0149224,0.16512379,-0.35821047,1.4089803,1.6955786,1.5501604,-0.87307537,0.7953068,0.8112579,0.6447181,0.46938822,-0.42176262,0.4542446,-0.8120575,0.59486276,0.048241083,0.7514422,0.8911265,1.0113653,0.1471113,0.23970693,0.7427661,0.6449393,1.1261352,1.0795176,0.862509,1.042473,0.89406854,0.7654027,0.95388716,0.7596837,-0.023923287,0.52940935,0.9365385,0.5941329,1.2118889
-1.955237,1.2000595,0.79127586,0.89285606,0.47054994,-0.5335343,-0.38123137,-1.8692712,1.54392,1.6638122,1.9146252,1.96403,1.6256927,0.08971971,0.4706844,1.4006975,1.6084915,1.6449512,1.5388207,1.5652273,1.9347196,2.387526,2.5895126,1.5526294,1.4279951,-0.36130637,-0.3796991,1.8494419,1.9196593,1.4732772,-1.5766727,1.3648778,0.6877066,0.6967707,0.5044701,-0.92305243,0.098918915,-1.5104159,1.0767819,-0.045406997,0.8690348,1.5227891,1.3455687,0.04632082,-0.3906004,1.5651935,0.93852687,0.84752035,0.8953853,1.432305,1.3834296,1.6108938,1.5463412,1.4364061,1.2760656,-0.07959585,-0.54074347,1.1620119,0.78633654,0.98199266
-1.7387776,1.0460771,1.0614954,1.0296687,0.47054994,-0.0084120035,-0.3314638,-1.7028121,1.2792505,1.8613588,1.0412908,1.3059542,2.1047652,1.402108,0.8289561,1.3111953,1.2029423,1.4557008,1.7067566,1.4498515,1.5689144,1.8809192,1.9563301,1.8162898,1.1174577,-0.4144586,0.04558754,1.6234603,1.3154768,1.6467814,-1.065804,0.86109984,1.1380935,0.795966,0.6011069,-0.17928644,0.73331225,-0.763066,0.7456428,0.65400994,0.9982299,1.3116926,0.83223414,0.8467366,0.46982798,0.9035606,1.0464257,1.3424726,1.2997409,1.1325555,0.82924396,0.9601494,0.8815545,1.113849,0.8112515,0.19111286,0.091352314,0.72408587,0.8219452,1.2575606
-1.8263947,1.6997228,1.2185056,0.8742859,0.48911187,2.748109,0.21468374,0.53958565,0.9319013,2.075056,1.8544792,1.3323357,1.7105771,2.0070295,0.26291752,0.80509377,1.176144,2.1883292,1.967173,1.302105,1.3222569,1.2532519,1.0664319,1.5471158,0.8289827,0.04669323,3.1361654,1.66842,1.5929397,1.8010422,-1.1508276,1.3814284,1.4675177,0.23942284,0.5690587,-0.5159306,0.19480404,-0.48397142,0.56455207,0.7040018,1.2008525,1.5223194,1.166092,1.4070368,0.44470716,1.0007771,0.99796116,1.947487,1.9962764,1.1017655,0.8890978,1.0097141,1.0347292,1.4552783,0.92203724,-0.37969196,1.8660964,1.1152487,1.0405107,1.8218416
0.47828883,1.9672612,0.93283105,0.2824598,0.492281,-0.82589775,0.42720047,0.4838819,1.0557554,3.0096424,1.9885396,2.2049978,0.4884342,0.5072192,0.58771485,1.0151441,0.9486172,2.408355,2.1489666,0.9516433,0.131248,0.9950857,1.2880741,2.3860703,1.2357435,-0.5995246,3.8133135,1.5953617,2.5524933,1.8148576,-1.4110115,1.4539464,1.1182095,-0.004608905,0.64336264,-0.7189502,-0.2105048,-1.1147739,0.2503421,-0.84335685,0.8637986,0.8598988,1.0645678,1.0749412,-0.08266926,0.9442638,0.5348544,1.7592937,1.8172762,0.9339491,0.96311975,0.75621176,0.8214658,1.1327074,0.8464623,-0.23635125,3.4498584,0.9585131,0.11586802,1.6960837
-1.3886259,1.7885125,1.2229187,0.50231946,0.4850373,0.51715875,-0.21399032,0.36381143,1.2954513,2.4445531,1.462555,1.4206082,1.3063495,1.058531,1.2307352,1.1731393,0.5332092,2.1978626,2.100202,1.5316069,1.507667,2.5273178,2.3504238,2.3049452,0.95842373,-0.97997534,0.9721545,1.4971441,1.8797481,1.8228513,-0.76943624,0.76940817,1.0793741,0.4977499,0.21127811,-0.64398533,-0.4128023,-1.120753,0.62755316,0.0067061596,0.44839275,0.3916226,0.8640117,-0.085736856,0.40833345,0.4698526,0.34313294,1.2772868,1.3431742,0.6989748,0.8613653,0.9992436,0.9439806,0.5918794,0.586618,-0.63277173,0.33976498,0.37214798,0.23613316,1.2873131
0.042557675,0.76578885,0.33491045,0.8570913,-2.8552053,-0.45709524,-0.361197,-0.29377687,0.43236592,1.5303199,0.4818202,-0.06415534,-1.3306705,-0.39060587,1.2145392,-0.88990617,0.73661345,0.11319753,-0.0034099135,0.58287424,0.28756693,-0.1244599,-1.1674945,-0.05198853,-1.5031894,-1.0942818,-0.5920695,-1.2061309,-0.13080063,0.13672343,-0.6345013,0.7604989,0.8346966,1.1387817,0.3985169,-0.5144246,0.10336909,-0.67538273,0.7618417,0.532272,0.7644155,0.6645966,0.34522197,-0.11679573,0.83090466,0.30392864,0.33862644,1.1543095,0.98525673,0.67760444,0.47281092,0.5117485,0.4459056,0.61726487,0.5390302,-0.057313047,0.08247049,0.6879823,0.57322353,1.0140315
1.0245131,1.4073106,1.1233552,0.41272035,0.43750066,0.3839951,0.15437713,-0.28877842,1.7238568,1.6741978,0.5827535,0.33362043,-0.48105675,-0.5753412,1.3964982,-0.040694226,0.17586535,1.7116029,1.5426477,1.0237812,0.29035434,0.5957234,0.20841634,1.548023,-0.14522734,0.21699095,-0.09121134,0.60317725,0.20343846,1.4298766,-0.56315076,1.0368906,1.3999255,0.50869465,0.7453842,0.6924202,1.0732285,0.14659199,0.8054575,1.6052188,1.3558104,0.8650233,0.6366121,1.2608021,0.8375817,0.6143474,1.2794238,1.5885054,1.6468867,0.9036493,0.5031019,0.56474835,0.64912784,1.3370963,0.5377053,0.29780048,0.51369494,0.83811,1.4519638,1.651205
2.5402417,0.9940188,1.4651076,0.45021898,0.48865914,2.095134,1.3253936,-1.0049876,1.1422395,2.0547125,1.3321798,1.9980738,-0.26713297,1.1106902,1.0958375,0.5790081,-0.118129194,1.142854,1.6457072,0.89780396,-0.09779615,0.47143662,0.8757093,0.6667954,-0.53258544,1.0320728,1.1686893,0.4879791,1.5807382,1.3426462,0.08116987,0.66004395,1.0855113,-0.020771326,0.55399096,1.0136936,0.45732662,1.0072469,0.14605202,0.7787263,0.35459554,0.3149903,0.34300098,1.7439166,0.47928357,0.14800124,0.763797,1.098104,1.4716918,0.3765703,0.21262169,0.048052818,0.096144505,0.5707031,-0.06704761,0.071172565,1.1618564,0.25503874,0.55301905,1.3304055
0.099891596,0.7329757,0.9168836,0.895351,0.4700972,-0.751789,0.16344418,-0.19772102,1.5051512,1.0823449,1.5394974,1.63619,0.83789134,1.4198549,0.53036785,1.1737053,1.497495,1.5310577,1.4016428,1.6200286,1.4687834,1.2856381,1.0271493,1.5771389,0.76810604,-0.32398316,0.043676287,0.9761321,0.121867694,1.6281304,-1.2525755,0.96643627,1.1078954,0.39793742,0.56978714,-0.11178927,0.5579943,-0.47775343,0.74346226,0.31542316,0.68795764,1.1607208,0.8475689,1.3554674,-0.1231457,1.185355,0.731629,1.177198,1.3628577,1.1455284,0.9576621,1.0175656,0.96006346,1.146561,1.0142076,-0.0037403367,-0.014799802,0.9890932,0.7230649,1.4441077
1.3556503,1.6186264,1.0656952,0.97861046,0.48594275,-0.22193149,0.5737727,1.6416366,0.61887723,0.5379063,1.4915589,0.5800034,0.4013509,2.5073116,0.606103,1.0930879,1.6707827,2.1309006,2.078979,1.3390175,1.658027,2.069588,2.0786436,1.5775436,0.41431102,0.28270534,1.829562,1.8349237,1.7825857,1.8234485,-0.449572,0.40155756,1.1053079,0.106924176,0.41852084,0.23068877,0.027024405,-0.38564545,0.39482862,0.65958536,0.46702623,0.44757515,0.21829271,1.0789912,0.4907272,0.21407719,0.7496228,1.0662467,1.329726,0.44611105,0.19003569,0.07272704,0.10275328,0.48208797,0.187769,-0.22727907,0.6775318,0.19150557,0.40204918,1.3065873
-1.2462982,1.5380466,1.0761489,0.7549935,0.49137554,3.1020534,0.72132236,3.3835454,1.3645388,1.537314,1.6956811,1.0890156,1.1818497,2.061376,0.2159155,1.1874582,2.062627,1.8307701,1.89829,1.462005,0.97778034,2.283459,2.2941332,1.4962147,1.191076,0.6121818,1.1759068,1.0611782,1.7644111,1.72673,-1.0855559,1.0852194,1.3629739,0.29853573,0.5556323,0.61551154,0.89992285,-0.044807404,0.6704005,1.0173624,1.0705765,1.2150123,1.2974126,2.0076923,0.37681913,1.0818009,1.514688,1.5978332,1.7777388,1.2190613,1.130055,1.2514782,1.147241,1.4049263,1.0609175,0.19295493,0.4699164,1.204901,1.1804241,1.7028925
-1.954499,1.3354303,0.8284753,0.7293689,0.48141545,0.90925133,0.6768769,-1.8672719,1.4030442,0.6711347,1.6634116,1.6817915,2.1343458,1.5198734,0.21453603,1.4407045,1.4036525,1.4407386,1.4499644,1.6988401,1.8927249,2.286759,2.0240965,1.8786265,1.5110207,0.36102772,-0.49843827,1.0644137,1.3344877,1.3968282,-0.74446374,0.83733135,0.8513643,0.47105366,0.5532966,0.0313686,0.49830633,-0.25384805,0.7499376,0.16008736,0.6295496,0.6492735,0.90551,0.78421265,-0.24983688,1.10022,1.0769016,0.7119093,0.7382652,1.0260153,0.96583515,1.3138064,1.2514898,0.99993795,0.7967333,0.12429835,-0.025136067,0.71672183,0.5345524,0.8350124
-1.9386836,1.2434828,0.3730362,0.98181456,0.46828628,-0.6749311,-0.29548216,-0.84996253,1.4779633,0.10917213,1.4125706,0.52617186,1.8559302,0.50494283,-0.39352444,1.4088901,1.6367824,1.2933257,1.0353041,1.4284701,2.002585,2.5625224,2.53154,1.6765968,0.869766,0.08360426,-1.0415168,0.8617057,0.5496785,1.1554298,-0.9216392,1.0666406,0.74397373,1.1455078,0.45516032,-0.48771983,0.229282,-0.8837739,1.3462601,0.54516923,0.89150286,0.58178526,0.61492866,0.49783757,0.097601786,1.217638,1.2873025,0.86224777,0.75893724,1.1958648,0.637538,1.1716851,1.0945702,1.0602921,0.8396781,-0.2491236,-0.21966411,0.5494359,0.73024845,0.8048455
-1.8901832,1.308125,0.8433151,0.44044003,0.48232093,-1.183883,0.48184773,-0.6079258,1.5404035,0.35644102,1.5810463,1.7803557,1.016869,0.2805089,-0.3233456,1.346461,1.5461782,2.156893,1.8398935,1.496357,1.8736641,2.5708687,2.2913878,1.7354357,1.0519102,0.49037966,0.6906291,1.1651418,0.73958987,1.6440748,-1.5192122,1.3324105,1.228234,0.42069665,0.47462484,-0.16004571,0.45116514,-0.7814241,0.8044724,0.5004259,0.9436004,1.1183003,1.3782564,0.74770105,-0.19713536,1.2061157,1.1388105,1.3248209,1.4724638,1.3657525,1.5555018,1.7809713,1.7616893,1.2668043,1.2516576,-0.107876964,0.26885694,0.92957115,0.8460646,1.5537142
-0.5656768,0.86871797,1.7999449,0.65192276,0.48141545,-1.6149082,0.17880745,-1.0758861,1.54275,0.8487923,1.7668744,0.5157383,1.5787802,0.47751468,0.18464023,1.3392462,1.690107,1.9798871,1.7087573,1.2865515,1.4606445,1.9803833,2.3915334,0.7854731,0.5464627,0.28933877,2.8461707,0.78299123,0.7783062,1.6613002,-1.3053586,1.3281647,1.2210155,0.22464554,0.56353605,-0.67173284,-0.3648375,-0.8117455,0.48843062,0.3229013,0.99918574,1.0275805,0.8186577,0.42915356,0.10586956,1.105612,0.92591655,1.3708073,1.5080988,0.99833506,0.9194295,0.6928905,0.8748716,0.94099444,0.8797899,-0.53570354,1.9829856,0.7266983,0.66654825,1.418396
-1.1280081,0.99890566,0.835275,0.28272104,0.48549002,-0.4122531,0.049147848,-0.8508903,1.5427108,-0.0635712,1.3559254,1.3427181,2.073772,1.3770144,-0.1259937,1.0971915,1.7280979,1.3678808,1.7664647,1.484011,2.0585792,1.9270211,1.6922402,1.6969615,1.7223665,0.65649956,1.1911123,0.10440992,1.1344007,1.5673556,-1.0331255,1.139239,1.2648795,0.31361806,0.6440537,-0.29170063,0.25881675,-0.75147825,0.78595424,0.32944497,0.73001796,0.93947446,1.1237135,1.0081275,-0.07908212,1.1617128,1.2737985,1.2394654,1.4735459,1.0596104,1.1302421,1.3722991,1.2537277,1.0301492,0.9146177,-0.3826187,0.80023974,0.9225371,0.7182318,1.5712273
-1.1904826,1.3430861,0.8260719,-0.045629032,0.48820642,-0.52057374,0.35377422,-0.06372303,1.1387181,-0.02911665,1.2637538,2.3466504,2.7721448,1.2961389,0.20082381,1.1537874,0.79199445,1.4244107,1.7297792,1.496781,2.2330883,2.3953564,2.2970786,1.6918389,1.2480175,0.62921405,-0.57292897,0.59847397,1.3551556,1.6214398,-0.8985328,1.0185488,1.2982363,0.058921963,0.77324384,0.075967774,0.70773417,-0.7853381,0.682854,0.27506316,0.7693838,1.0091275,1.2096313,1.1119399,-0.065937504,1.1717356,1.1758189,1.3028928,1.4449426,1.1535112,1.3772801,1.4447918,1.303498,1.1731609,1.1306702,0.08646268,0.48386115,0.88097924,0.71654123,1.5337445
-1.1158686,1.3892056,0.7161326,0.07741654,0.48413184,-0.23698492,0.66895753,-1.4823904,1.4150953,-0.6410716,0.8996318,1.5899351,1.8130147,1.7403473,-0.8510448,1.5098838,1.2847636,1.2223656,1.3887339,1.4568931,1.9755176,1.9771167,1.9634204,1.7389091,1.5163174,0.44495013,-1.1407305,0.48196313,1.2714512,1.1583622,-1.1246917,0.9488982,1.079155,0.45248273,0.8328924,-0.30857235,0.75446326,-0.85157615,0.8201097,-0.2008,0.7964579,1.023643,1.1747423,0.86130935,-0.4400262,1.3908908,0.9179256,1.1286976,1.2628133,1.3456036,1.4309803,1.5296322,1.51353,1.1025622,1.164389,0.39823288,0.31768337,0.8591693,0.35217172,1.3470267
-1.7284449,0.99650985,0.50326777,-0.36908674,0.48865914,0.13594608,0.3123606,-1.6963797,1.3090823,-0.76660174,0.6517987,1.1215501,1.7621912,1.6942528,-1.096029,1.2730873,1.546824,0.84786034,0.7255445,1.1788299,1.8808818,2.1244626,2.3062582,1.2506598,1.2506243,0.7782663,-0.4786529,0.9126514,0.20187075,0.8464197,-1.272006,0.95733225,0.87186664,0.12909378,0.63388044,-0.7257532,0.09421047,-1.0844913,0.5474539,-0.6783086,0.57654786,0.9207486,1.2367102,0.26177323,-0.9087407,1.3142729,0.7270467,0.83820206,1.012028,1.0680795,1.5333117,1.7812966,1.6380794,0.7970444,1.1437565,-0.1644406,0.47935024,0.9636523,0.1206934,1.1411502
-1.7812682,1.300108,0.8262412,0.53431165,0.49047005,1.8411907,0.9164736,-1.3088773,1.3216004,-1.0461165,1.0546076,1.711996,0.9464958,1.7856262,0.10758911,1.1869849,1.7347744,1.0588794,1.2620914,1.174833,1.1029432,1.8352274,1.410751,0.6956472,0.64323694,1.3305659,-0.8846471,1.0299953,0.77551997,1.0899847,-1.2853699,0.7584184,0.4289592,0.25607297,0.69430953,-0.69657916,0.20883738,-0.9513943,0.6738739,-0.7069327,0.4768349,0.7704554,0.71468306,0.27489853,-0.6256239,1.1325804,0.43470165,0.28629026,0.4350789,0.96166897,1.2037023,1.2805791,1.0417414,0.72764,1.073756,0.19003132,-0.16076577,0.8445414,0.11157273,0.5694355
-1.0501661,1.0893097,1.30869,0.47518125,0.48820642,2.099524,0.9051908,0.10633197,1.2918725,-0.18286943,1.3919055,1.070619,0.68305874,2.1784441,-0.7929129,0.9775955,2.454165,1.3278197,1.6544997,1.2933935,0.81821126,1.478998,1.5249647,1.2455062,1.5895053,0.92722654,-0.4688665,1.2509788,1.2907845,1.6566283,-0.95083946,0.8742433,0.81968504,0.2876095,0.7057992,0.12443924,0.14058459,-0.22402067,0.68123734,-0.25434878,0.5849346,0.98920083,0.54101926,0.98188967,-0.24940528,1.1527432,0.7965176,0.6613052,0.91187876,0.9130538,0.8603953,0.952867,0.9075959,0.81096065,0.9548636,0.026700122,0.47139013,0.7938302,0.39843512,0.98640573
0.22055848,1.8245591,1.2246196,-0.30888385,0.49001732,-0.7288104,0.72332674,-0.512191,1.0076249,-1.1684176,1.152567,0.9311818,1.2376372,2.2089274,0.39941555,1.0312928,2.2771366,1.2349595,1.9496199,1.322389,0.68126535,1.5412406,1.000437,1.423773,0.55608064,1.0235842,0.3178574,0.4522913,0.49261323,1.6147066,-0.8864829,0.9948936,1.3528599,0.20188831,0.79781705,-0.3249712,0.53181523,-1.0406595,0.38831592,-0.1449075,0.67617816,0.8843943,0.9709914,1.1390368,0.37042552,0.9036542,0.6618487,1.5048207,1.7039889,0.99532217,1.0461364,1.0773772,1.1066016,0.9170723,0.8319389,0.15033904,1.318973,0.58430684,0.30984625,1.6194806
-1.208779,0.8195375,0.8753029,0.52470493,0.49001732,0.96511626,0.6905484,-0.20948243,1.2335988,0.37320918,1.4277128,0.6246146,1.2773001,1.8812463,0.43767416,0.9566558,1.6144722,1.3391753,1.6927471,1.3396839,1.117948,1.3474741,0.80922043,0.8609272,1.3568156,1.2435359,-0.4865023,0.28834373,0.9753282,1.598382,-1.2590795,1.2917014,1.2638353,0.40480003,0.60789406,-0.2412725,0.36516735,-1.0787158,0.5323824,0.16079251,0.8964894,1.2056096,1.0817586,1.1655061,0.3463561,1.202203,0.80003643,1.5652827,1.7098657,1.2411772,1.1426294,0.9611312,0.98510146,1.1480936,1.0701475,-0.0017804839,0.92713547,0.83159494,0.6503066,1.6882106
-1.6973414,0.7054803,0.35039517,-0.4595001,0.4895646,0.13420892,0.3604738,-0.82128364,1.5211647,-0.8019143,1.3292043,2.2085252,1.3686167,1.2064865,-0.10150731,1.2393569,1.6975788,0.60466987,0.32424507,1.1087661,1.2488784,2.006562,1.6204635,1.5138619,1.1066406,1.3004491,-0.7370648,1.8034341,0.49466613,0.4013523,-1.193491,0.95043147,0.5711409,0.7470389,0.73788327,-0.72282237,0.3196666,-0.9910379,0.81380165,-0.2691677,0.73892945,0.8562345,0.3727622,0.33587593,0.12162587,0.92706656,0.36885288,0.7930764,0.68399984,0.8876644,0.6729472,0.67979145,0.4356889,0.89649856,0.9884507,0.20187926,-0.029230108,0.6527176,0.41712394,0.76397854
-1.7571235,1.2462835,0.7231152,0.79953456,0.48865914,0.3894224,0.8992725,-0.9825717,1.3278826,0.1572497,1.4039997,1.1693382,1.49086,2.2457743,0.74365723,1.0786482,1.49132,1.306456,1.2818612,1.0227805,1.338159,1.1648002,0.9724241,1.6030684,0.6289201,1.3654041,-1.2130253,1.4263273,1.0988946,1.1694016,-1.3321769,0.65021306,0.52875286,0.1791131,0.82000804,-0.84085613,-0.39856791,-1.0434433,0.47373635,-0.71218413,0.35117143,0.8078025,0.96406883,-0.12704055,-0.6218561,0.9452444,0.545344,0.38368744,0.552297,0.7271464,0.8432765,0.48079777,0.41119528,0.77590483,0.80636436,-0.43544704,-0.24895838,0.6196329,0.032674517,0.66797143
-1.2590455,1.9389849,1.0683994,0.34374815,0.49454463,3.1165493,0.951987,-0.67681015,1.2886115,0.6109223,0.9673918,0.28124,1.2690501,2.0323727,0.5754729,0.92855245,2.3074253,1.7810205,1.6927054,1.42097,1.7521731,1.1530771,1.2132642,1.4186281,0.27961603,1.5087855,0.35792565,0.29653168,0.2545579,1.4141625,-0.5182569,0.5871315,1.0706812,0.36968994,0.45308664,-0.0671951,0.014044008,-0.48693007,0.1895797,0.1788309,0.40901083,0.28767776,0.37934673,0.09985384,0.5634774,0.3447899,0.35626808,1.1025503,1.1046183,0.48263136,0.41513553,0.32610232,0.3422329,0.25557917,0.17947803,-0.2803268,0.7884119,0.12569177,0.14294964,1.0944545
-1.7812682,1.4896854,0.8587915,1.2968047,0.49182826,0.34873956,0.8425,-1.2000998,2.0806165,0.5302006,1.3415527,1.5531628,1.3934554,2.1816275,0.21029685,1.206438,1.7784178,1.7232425,1.5804105,1.2434623,1.707418,1.1286465,0.47130966,1.7873777,0.57838845,1.1428533,0.29079515,1.0255338,1.4585063,1.3616155,-1.172422,0.92141557,1.2526813,0.29531083,0.40540284,0.019674242,0.11469993,-0.7878767,0.38173717,-0.059094064,0.57536155,0.87220746,1.2171882,0.6552995,-0.07386304,1.0655417,0.6342542,1.2867116,1.4359375,1.0034025,1.1684706,1.1545404,1.1486353,0.90780044,0.95320237,-0.34258783,0.5275195,0.9829898,0.51591146,1.5378239
-1.7757856,1.3151344,0.8221341,1.3643646,0.492281,0.4535365,-0.068410665,-1.7314969,1.5400692,-0.42575502,0.7720333,1.4027756,2.1664557,1.0319097,-0.29683203,1.1427746,0.9860091,1.2595592,0.9016656,0.9256168,1.2018775,2.069466,1.9378953,1.1304148,1.3774292,1.1344254,-0.82087106,0.7594772,0.61425644,0.91907394,-1.0898108,0.7461473,0.37549782,0.99019843,0.5228874,-0.5142889,0.18920787,-0.78829634,0.964721,0.2627817,0.58989656,0.7788935,0.3118207,-0.138684,0.2897009,0.708673,0.5905235,0.48446414,0.39541233,0.82764643,0.49827477,0.4467095,0.1833556,0.7194429,0.8342,-0.09588609,-0.24682367,0.6884112,0.68309903,0.45653552
-0.9829554,0.6795269,0.72084653,1.6053314,0.49001732,-1.0377396,1.200146,-1.7172414,1.594558,-0.57848126,0.9310821,1.4308146,1.7477468,2.1083584,-0.46710548,0.9708349,1.6216738,0.82050496,1.0896882,1.2855715,1.5670983,2.1514683,1.909323,1.0586473,1.4955785,1.26854,-0.64516366,0.96408004,0.9906275,1.0019484,-1.4810926,1.1500919,0.77797097,0.5191044,0.6055455,-0.68816406,-0.12233253,-1.1565781,0.49980512,-0.4706927,0.5891322,0.9745529,1.2235576,0.23444778,-0.25296363,1.0390261,0.5046312,0.8466421,1.0343002,1.0332764,1.0960907,1.2296544,1.19098,0.7604518,0.82506317,-0.23755866,0.18697375,0.61778194,0.15772127,1.0221002
0.073490515,1.1541733,0.96137476,-0.24884969,0.49001732,2.311161,0.757958,-1.3438205,1.2806284,1.2939694,1.0059586,1.2734416,2.505238,2.4272127,0.07808887,1.1598622,2.1226437,1.4312373,1.3810296,1.5475645,2.1121814,2.1694813,2.2431571,1.6514518,0.628592,0.7589741,-0.6260156,1.1432142,0.97186935,1.4960047,-1.093758,0.9456671,1.0131887,0.4073394,0.54755807,0.036370523,0.6685188,-0.424458,0.6024315,0.5168308,0.66894895,0.99424887,0.81589323,0.8872979,0.13514873,0.9569367,1.0496315,1.0478667,1.139142,1.0689397,0.8385705,1.0368502,0.97779083,0.88475704,0.8445794,0.27492556,0.024759313,0.72967094,0.7915959,1.2306765
-1.8316665,1.3220075,0.6985029,0.8322247,0.49047005,0.4999042,0.56040233,-1.7764366,0.9143941,1.0282017,1.7273194,1.3412064,1.9811668,2.2835345,0.59629774,0.70964926,1.5266029,1.0195484,0.58317494,1.5019925,1.9138353,2.517687,2.363259,1.1366026,0.75352436,0.5633171,-0.34024218,0.9397532,2.25936,0.9971441,-0.65166545,1.0336657,0.89615715,0.24450362,0.51336896,0.28658774,0.508157,-0.19605689,0.46049002,0.31073967,0.74862677,1.0443298,0.9298407,0.8674058,0.13381976,0.88955796,0.8866243,0.93385786,0.9991603,0.9702039,1.1652507,1.0620419,0.9752261,0.9458061,0.89836496,0.030841688,0.24212013,0.8231019,0.77378875,0.95241934
-1.8899723,1.444039,0.1253065,0.3720367,0.49092278,0.11060932,0.22460103,-1.8225931,1.2711723,-0.3887461,1.1024034,1.6494693,2.3920496,1.7852318,-0.34381428,1.1748675,2.168741,0.19375627,0.022294698,1.2473645,2.1361039,2.1005955,1.9832208,1.279302,1.0359621,1.0633533,-0.5936241,1.4903631,1.1732887,-0.120488286,-1.1108162,0.97362274,0.7681599,0.4673022,0.40454662,0.05684163,0.6121969,-0.27682027,0.69000065,0.19120334,0.7648089,0.71127486,0.928006,0.5498839,-0.003791187,1.0085648,0.58447254,0.863651,0.89203364,1.1057073,1.1707624,1.2007809,1.142555,0.81283265,0.91238934,0.12256999,-0.106322765,0.8550018,0.56706274,0.9361571
-1.8705722,1.1908882,-0.08646802,0.52514315,0.4877537,1.0299304,0.67378193,-1.8014706,1.594156,-0.5402803,0.98389876,1.4430794,2.1533685,1.8390117,-0.38901246,1.3310665,1.9217411,0.03675574,0.15500358,1.3455058,2.1388063,2.0450006,1.8242949,1.3847226,1.3911827,1.0362723,-1.09657,1.2489436,1.0379484,-0.1005764,-0.97194463,0.8691164,0.59942806,0.41541043,0.6683782,-0.13348584,0.36799935,-0.42876983,0.47351736,-0.65168643,0.45949078,0.85516137,0.46742043,0.54410154,-0.4998413,1.081511,0.4095216,0.5276091,0.7813634,0.94100225,0.6996439,0.69816035,0.7904472,0.57700014,0.6961183,0.26538935,0.19066009,0.61310923,-0.0591035,0.85895956
-1.5657578,1.572024,0.71133584,0.66409695,0.49092278,0.024429386,0.049195506,-0.27405307,1.3449488,0.10539142,1.2654464,1.6658525,2.8054545,2.3003929,0.29471165,1.054593,1.8133756,0.82178324,0.727115,1.4046682,1.682676,1.9030298,1.6790411,0.23836121,0.6771567,0.5702679,-1.1646047,0.11597055,0.51980644,1.100177,-1.0398031,0.7531028,1.0843058,0.31071895,0.6787584,-0.36568558,0.31595153,-1.0253508,0.36912298,-0.46785668,0.49806774,0.6983866,0.76719284,0.53549504,-0.0036104005,0.8455158,0.46931815,1.115509,1.26517,1.0166368,0.9757411,1.0005374,0.96493334,0.73889565,0.610064,0.0994447,0.48249057,0.5455787,0.028521046,1.3100924
-0.98757344,1.2999828,1.0417768,0.58966523,0.48730096,3.1132226,0.43972173,0.21734463,1.1689278,0.6947494,1.4334351,1.3095436,1.3819243,1.9003998,0.28371406,1.4857411,1.6860948,1.649357,1.5795125,1.3909725,1.9580269,1.6979436,1.8644463,1.9504683,0.9457953,1.1213788,-0.3541055,1.1064651,1.6608337,1.4788693,-1.2689936,1.1864556,1.0854493,0.7146826,0.55940133,-0.40420207,0.23585236,-1.1334872,1.1014985,0.18123543,0.7377417,1.0471935,0.9209576,0.8462883,0.0888485,1.1538999,0.94291216,1.1710144,1.4754565,1.2197266,1.0912068,1.1243166,1.0537122,1.1654853,0.95302093,-0.3934291,0.6329033,0.9833319,0.5801777,1.4070761
-1.8612939,1.3240176,1.0137839,0.8005346,0.48639548,1.8951142,0.32637453,0.80390555,1.0126864,1.2454728,1.4394785,1.8473151,0.56421846,2.1424656,-0.71984047,1.220039,1.5051051,1.7688007,1.6946218,1.4620097,1.4912169,1.7193663,1.5267485,1.6557121,1.0613778,0.6263703,-0.044052277,0.57234067,1.5680934,1.7142168,-0.9835826,0.9020873,0.51399595,1.079652,0.6730828,-0.32306,0.03983503,-0.54784745,1.0136956,0.21249837,0.9883215,1.1435553,0.45251325,0.2962491,0.35806176,0.87485576,0.5664423,0.7182051,0.7842475,1.0070776,0.52455443,0.61925626,0.51775515,0.9375135,0.73674035,-0.4572674,-0.0019086134,0.8301193,0.6719164,0.79834515
-1.2900435,1.3658936,1.0335742,1.5315558,0.48730096,-0.2555346,-0.16733862,-0.48004317,1.0298696,0.7398617,1.0939357,1.5970397,1.1874353,0.9548425,1.1591204,0.81623733,0.46066737,1.7020789,1.9407172,1.1529363,1.821857,1.2129501,0.5019769,1.1720183,0.21597034,0.3888135,1.6695645,1.2429669,0.44328773,1.7714726,-0.6241109,1.0424274,0.94611007,0.7681074,0.37962916,-0.16111797,0.44344974,-0.69807565,0.53955853,0.18360423,0.64604694,0.494929,0.55867445,0.7555382,0.8136898,0.59213465,0.62506187,1.2825001,1.3733954,0.7469199,0.49262577,0.80392516,0.8078027,0.82701033,0.5329215,0.04242284,0.52753896,0.6165825,0.45219007,1.31552
-0.89430946,1.5990417,0.5836054,1.188305,0.47960454,-0.1537604,0.14858049,-1.6538739,1.9121221,0.24039994,1.36206,1.3222023,1.1340218,-0.15312804,0.17858598,1.074947,0.8445177,1.1958225,1.1476771,1.4557611,1.2761247,0.6887006,0.76065886,1.5033146,0.82809585,0.69694185,-0.35091957,1.4643589,1.0776383,1.0363709,-0.72915375,0.69215435,0.64180475,0.5776064,0.532188,-0.25661358,-0.04337178,-0.8380853,0.5484661,-0.111469746,0.39655322,0.5134933,0.7942222,0.21400997,0.40570918,0.38053504,0.341361,0.6800024,0.7835345,0.564495,0.57914025,0.5454167,0.5701186,0.5815287,0.23763652,-0.6163468,-0.041791096,0.39881125,0.106653005,0.9533804
-1.7598648,2.178324,0.8840182,1.3256125,0.48639548,-0.23597229,-0.22569834,-1.2879195,1.7875011,1.1614386,1.5032053,1.9556967,1.1674709,1.1249927,0.62694865,1.2385205,1.2636222,1.9320936,1.8536179,1.4981235,1.9536864,0.8346782,0.64710534,1.1653793,1.1882617,0.006887246,0.18299289,1.1222651,1.348781,1.7306132,-1.3436782,0.99335235,1.0473883,0.41109774,0.60697556,-0.88480586,-0.28437716,-1.4791017,0.57435054,-0.52457285,0.5567401,1.2020098,1.176981,0.6397424,0.13889852,1.051215,0.914079,1.1230513,1.3816023,1.1153501,1.100646,1.0465486,1.2038907,0.9768785,1.0206976,-0.45088127,0.34461555,0.74641323,0.20361176,1.3965077
-0.84525394,1.4605565,1.0874101,0.9360605,0.48639548,0.7449803,-0.15788583,-1.7567048,1.3586944,1.7475221,1.4852198,1.6265848,2.399499,2.3472617,0.46941423,0.8205918,2.5492036,1.79415,1.9148452,1.397433,1.6246872,1.7838415,1.6816231,1.2107645,0.97302395,0.25353968,0.3082298,1.71067,1.4755081,1.6782467,-0.979097,1.0058748,1.343098,0.26733547,0.5942669,0.24859887,0.3923941,-0.23999457,0.41982892,-0.007833581,0.5686432,0.79388463,0.6785354,1.4256552,0.30698454,0.8081464,0.8390203,1.3539145,1.5992502,0.85493314,0.72472197,0.81291765,0.938607,0.7829923,0.68491733,-0.18363978,0.8315997,0.77278554,0.25339055,1.5241429
-1.8908159,1.6025435,0.95497835,1.0992465,0.48277366,-0.90035355,-0.6125461,-1.8165953,1.0528814,1.1461556,1.628624,1.591752,1.9351045,0.8686502,0.0607768,1.0354434,1.4574379,1.7048627,1.8092761,1.5352832,1.7277098,2.5126808,2.6698735,1.5196649,1.0732611,-0.9646636,0.008314488,1.3384439,1.0456192,1.6489375,-1.4557159,1.046287,0.920452,0.6073661,0.6742384,-0.46474567,0.3411555,-0.8854983,0.7237403,0.009720322,1.0589883,1.4564017,1.1976506,0.53332365,-0.23109895,1.2089449,0.6871544,1.1696023,1.3107802,1.3133302,1.2248604,1.4014813,1.3710651,1.3592931,1.143939,0.066876955,0.18226306,1.2331274,0.7318473,1.3062232
0.89622146,1.2369403,1.14255,0.7958962,0.4877537,1.8926693,-0.33000645,0.3540335,1.2188663,1.5020716,1.907872,1.4246212,1.2700734,0.41609326,0.56154364,1.153294,1.2681518,2.2536943,2.0225556,1.5055119,1.0486606,1.6389763,1.1897101,1.6510264,0.15604244,-1.1657664,3.1720371,1.2408483,0.8078814,1.7592921,-1.0006379,0.75155425,1.1102892,0.18167868,0.66173434,0.086315766,0.38925034,-0.38284007,0.38756025,0.39345863,0.6798149,0.8589465,1.0370301,1.4002644,-0.08421707,1.0004948,0.7478624,1.2279145,1.4446449,1.1464286,1.2018259,1.1915275,1.2320378,0.98987365,0.92876065,0.10685913,1.0343002,1.1338023,0.7333367,1.528922
-0.46996897,1.7126362,0.9744773,0.7285456,0.49182826,-0.706302,0.21381684,-0.59644634,1.1384532,1.6657414,1.6698196,1.5247703,-0.03390071,0.16002834,1.2120671,0.79977137,0.46216905,2.2742567,1.9949679,1.3690253,0.67106974,1.372713,2.171122,2.0542417,0.510173,-0.40335774,3.14052,0.43599004,1.3545169,1.862118,-0.57673305,0.7121699,1.1504289,0.19969985,0.49779025,-0.31706995,0.30011955,-0.79838,0.14083806,0.07020366,0.58038884,0.46738255,0.4712196,0.95549595,0.560112,0.49135333,0.1597426,1.4289813,1.5304397,0.79809356,0.5476455,0.6866112,0.7440545,0.7091161,0.5686094,0.22463101,2.050047,0.37584606,0.2864608,1.4423326
1.6596841,0.65489215,0.9770151,0.7657615,0.46375898,3.015442,1.7211527,-0.4105077,0.6588284,2.0278609,1.4099474,0.86493164,1.4018985,1.4736991,1.3514373,0.47072166,1.6673951,1.1824256,1.2178079,0.9878204,0.31627735,0.058904346,0.17239356,1.9855872,0.021541253,0.24557313,1.2221787,-0.16803345,1.5947264,1.1465114,-0.7776874,1.1286952,1.0489657,0.8536943,0.6172823,0.6717465,0.98055714,0.07337081,1.0029303,1.518889,1.1084162,0.7805311,1.0552092,0.8887088,0.906587,0.77483445,1.2209487,1.4086548,1.4140339,1.1361705,0.7694062,0.8936806,0.8479322,1.2566744,0.7768836,0.14798789,0.15574406,0.77236885,1.3954567,1.4455209
0.6197306,1.316366,0.82827544,0.5495694,0.48096272,1.7676648,1.1649312,-1.8639688,1.4236879,0.4548824,1.7929206,1.0933654,1.897569,1.0536029,0.5876395,1.2227317,1.1909872,1.4696373,1.4806669,1.4743962,1.5901729,2.577442,2.0772104,1.6484073,1.4221951,-0.22234826,0.124850936,1.5404719,1.1806312,1.4866216,-1.3153875,1.0071318,1.2307935,0.7539435,0.4474335,0.21997659,0.8001574,-0.57234764,1.1607451,1.2751033,1.4052494,1.4693221,1.5147574,0.9657639,0.01256096,1.3354362,1.2578858,1.3941313,1.3791896,1.5070413,1.5798147,1.7830743,1.6145823,1.6338172,1.3018923,-0.040331785,-0.085229784,1.4353489,1.5716558,1.5581266
0.06379266,1.0846156,0.8449548,0.6424121,0.48232093,0.094092466,0.69862366,-1.8026006,1.3519378,0.3185381,1.397703,1.8553337,1.8643752,2.0788934,0.4016579,1.37235,1.2886779,1.8151631,1.9143543,1.5042925,1.6673717,1.9195942,1.6218928,1.8056993,0.9516681,-0.48188403,0.93686444,0.79955894,1.1689702,1.7767481,-1.291136,0.750953,1.0691369,0.25919604,0.51278496,-0.42942497,0.1675627,-1.1794264,0.86561614,0.018808093,0.7979346,1.1225673,1.2921418,0.72798604,-0.3023648,1.2856426,1.0238973,0.9670502,1.2224321,1.1229643,1.3151202,1.407661,1.3513639,1.2538598,1.191028,-0.02903678,0.22776619,0.895837,0.6478597,1.2827965
0.11327257,1.1341634,0.9061231,0.52128965,0.49047005,1.009391,-0.08899856,0.7802982,1.0243347,0.96983343,1.1205542,2.0397565,0.32928157,2.7134526,0.3184463,1.4598423,1.3711298,2.1932645,1.9769528,1.2745454,1.5632807,1.7818773,1.6820198,1.6410257,0.22620286,0.1717639,1.4855723,0.6479816,1.4036978,1.7962251,-0.7861507,1.1023221,1.480763,0.11593405,0.6206208,0.83301723,0.8483375,0.06795313,0.6206619,1.2161617,0.8261654,1.0189806,0.41780674,1.7093567,0.7453939,0.7185523,0.9323832,1.6663258,1.885579,0.8289623,0.18023925,0.23141804,0.13917652,1.0713084,0.5330278,0.14304261,1.1525785,0.6871952,0.9637004,1.8536843
0.920352,1.3971652,0.8286396,0.7746049,0.4850373,-0.25167015,-0.16517916,-1.4217192,1.3203214,1.440587,1.5412996,1.5183744,1.0330395,0.56612056,0.09366109,1.2985158,2.309392,1.6500396,1.7589574,1.4050423,1.7024763,2.562049,2.1930807,1.5673944,1.748672,0.5087195,2.2645116,0.8885407,1.2866474,1.5471885,-1.1438907,1.2765896,1.4059931,0.9852096,0.6769656,-0.05576377,0.6489371,-0.45828655,1.3789215,1.3247416,1.1999077,1.1348494,1.0804635,0.9005834,0.0687819,1.3868161,1.6361386,1.4203459,1.4756076,1.4930618,1.2206098,1.5445757,1.4943303,1.198357,1.1523788,-0.017287742,0.68086785,1.149247,1.5170001,1.5485379
-1.176752,1.4428153,0.35361594,-0.38642734,0.46194807,-1.9414568,-0.046479907,0.7696837,0.93309045,0.16180278,1.0214965,1.5645964,2.3486612,0.07503734,-0.1602461,1.3086935,0.75274974,0.8396722,1.3192272,1.4897231,1.8692505,2.522713,2.3341985,1.695851,1.2575591,0.19806594,-0.51214516,1.050207,1.0928559,1.2600163,-1.4489826,0.74679583,0.5093669,0.70971674,0.54033935,-0.81184655,0.08365865,-0.9490045,1.1990639,-0.027477942,0.6647831,0.7885223,1.367422,0.21992658,-0.8830184,1.4612327,1.2165375,0.40187407,0.5720341,1.4085547,1.6879379,1.8229598,1.7861346,1.066001,1.2284931,-0.21521598,-0.33227158,1.014335,0.5258158,0.7048342
-1.9616686,1.1156385,0.1192594,0.43821654,0.46783355,-1.9365108,-0.061078843,-1.8750082,1.3173302,-0.9575377,0.58066225,1.70093,2.2041519,0.3734457,-0.8807545,1.444533,1.2408693,0.59803706,0.39677966,1.4959583,1.9586394,2.7523143,2.551071,1.7002313,1.2466656,0.48678303,-0.48677558,1.1908833,0.5145554,0.2306269,-1.07839,0.42798102,-0.3223867,1.0223638,0.48649576,-0.7797383,-0.5186667,-0.93889785,1.3421874,-0.32518,0.5219903,0.6850126,0.20334128,-0.17950803,-0.54773647,1.1128699,0.36836907,-0.3349253,-0.19570103,0.89201146,0.18181154,0.15237218,0.17264092,0.6139297,0.64141965,-0.5266467,-0.6165463,0.4609924,0.2766443,-0.216001
-1.8890234,0.59018445,0.1912198,0.6020763,0.47281358,-1.8685851,-0.30034897,-1.0608639,1.4268265,-0.8737856,0.94264036,1.6351807,1.4033656,0.28937072,0.23977315,1.501348,1.4051269,0.6778753,0.688192,1.5230584,1.6619376,2.8942678,2.729773,1.3901988,1.4023713,0.32291546,-0.69401276,0.7311596,0.35439035,0.7494305,-1.3961171,0.63213253,-0.2995307,0.8385395,0.3178421,-0.6676367,-0.28292248,-0.9575572,1.2095761,-0.23176362,0.6284328,1.0280893,1.0068864,-0.12528591,-0.86256105,1.1403451,0.94775575,-0.211476,-0.11671342,1.0154591,1.0608745,0.99732226,0.9487513,0.88874906,0.9665534,-0.59188676,-0.57304704,0.73475945,0.46127734,-0.03942072
-1.932252,0.11046805,-0.5152119,0.63492024,0.48367912,-1.2352059,-0.17399289,-0.5460642,1.5285132,-0.13500051,1.0117513,1.6081728,1.2314423,0.79670024,-1.057301,1.3252462,1.392264,-0.12714818,-0.57759726,1.3276348,2.161044,2.619159,2.4251819,1.0489372,1.364203,0.72190076,-1.3841171,0.9439622,1.0528333,-0.050443143,-0.9962888,0.5906976,0.010924827,0.95877737,0.48438486,-0.339255,-0.073331,-0.9578844,1.1157693,0.14103267,0.72780865,0.7555015,0.3217449,0.021951007,-0.28745067,1.0044837,0.7351997,0.103669725,0.23361729,1.0440114,0.4637484,0.2571977,0.16153231,0.6236658,0.82437146,-0.37977013,-0.08853774,0.5071235,0.58671725,0.23331238
-1.9751644,0.69465333,-0.6132464,0.84301746,0.48549002,-1.2660718,0.090381056,-1.4127747,1.2368226,-0.6649716,1.4865205,1.4187628,1.9347514,1.1377937,0.19334176,1.5256329,2.0624602,-0.25573236,-0.1541103,1.5194051,2.104034,2.0945048,1.9645888,1.2427135,1.3722351,0.656141,-1.5912328,1.4855169,1.6408936,-0.22133124,-1.17283,0.3866529,-0.10770971,0.67752206,0.60130763,-0.3442746,0.04882425,-1.0128497,1.0672821,-0.29707927,0.61275053,0.8597867,0.72385937,0.15267296,-0.9553057,1.3272543,0.59871346,-0.33910245,-0.21323453,1.2267622,1.075503,1.1209422,1.04544,0.64523256,1.0447938,0.009113578,-0.4644093,0.68156093,0.3304553,0.0040037716
-1.898829,1.3767719,-0.612241,0.9856567,0.48820642,1.7501143,1.325254,-1.8292862,1.9076458,0.029839559,1.1247625,1.9601408,2.2525246,1.8164043,-0.70490676,1.3335284,2.4678016,0.0056586876,-0.4362309,1.155131,1.3241599,2.1791737,1.6327696,1.347202,1.8425778,1.0702938,-0.4244958,0.94685394,1.0629264,-0.4728427,-1.2174294,0.5321147,0.09796004,0.6454342,0.49941874,-0.35198528,0.05788271,-0.78764284,1.1891737,-0.06442788,0.67662233,1.1212982,0.9154377,0.2569924,-0.78685623,1.257025,0.9188799,-0.041398898,0.07011752,1.0824156,0.9715387,0.9147565,0.8236358,0.94728047,1.129082,-0.26827893,-0.3257339,0.96485335,0.6763006,0.2047683
-1.7386723,1.3003156,-0.5130004,0.7017798,0.4877537,-1.0293658,0.32651243,-1.2817099,1.5938593,-0.79806167,1.3482984,1.6420647,1.8182006,1.5153072,-0.23120946,1.3837466,2.2008977,-0.2222212,-0.2317591,1.1828313,1.3355509,1.5839611,1.8175414,0.6655856,1.4434721,0.98082006,-1.3053273,1.1999379,0.5385511,-0.4920184,-0.98242486,0.9302396,0.45847458,0.5807599,0.61549914,-0.57624936,-0.28911433,-0.8071583,0.7596483,-0.57332504,0.3840016,0.94503444,0.29451928,0.24806786,-0.34308097,0.92959833,0.36663505,0.4524604,0.63018143,0.7680813,0.56107396,0.5936263,0.5217516,0.57370496,0.6831313,-0.43912813,0.17292544,0.55528677,0.05147978,0.62015903
-0.4450254,1.4763218,0.1193602,0.6466334,0.49001732,-1.7487811,0.33114293,-1.6905558,1.1392522,-0.58318734,1.2229525,1.6783636,2.1099,1.6191726,-0.1008632,1.5432535,1.6245537,0.17224613,0.3123218,1.221504,1.2369115,1.9250019,1.8047295,1.2386522,1.1961677,1.2513075,-1.097253,1.5232031,0.5401337,0.15469804,-1.3742994,1.3752971,1.195772,0.2230133,0.7591182,-0.68271834,0.24404028,-1.1606854,0.4692101,-0.8563439,0.5784409,1.0082846,0.7232015,0.87086964,-0.2019985,1.2175523,0.44743162,1.2866845,1.4940492,1.1126891,1.0900418,1.1423504,1.0571506,0.940565,1.0950929,0.14002609,0.906851,0.72348994,-0.0501731,1.4777261
-0.76334435,1.0788615,0.6795341,0.45195338,0.48594275,-0.1541046,-0.18903811,-0.9130919,1.429597,-0.9040112,1.114151,2.0796354,2.2031162,1.3966492,-0.65583646,1.0990673,2.174819,0.7814888,0.92364204,1.3451838,1.6200614,1.9484217,1.7473565,1.4085071,1.0242928,1.3087509,-0.51012564,0.35858446,0.23662674,0.9282704,-1.2171352,1.0563719,1.0016482,0.21699695,0.59423417,-0.15495928,0.52632767,-0.8355535,0.7528192,-0.3901694,0.51758283,0.98829085,0.92527884,0.8830725,-0.28517285,1.2749282,0.9760601,0.9915278,1.274813,1.2155772,1.2840232,1.2503773,1.1384757,1.1228796,1.0640182,0.19476573,0.3309786,0.89671254,0.17060228,1.3069286
-1.7187449,0.5022486,0.81932604,0.47034952,0.4877537,0.82933825,0.5405611,-0.7080277,1.1307918,-0.45476687,0.98485714,1.125901,1.6058643,2.1595986,-0.77841526,1.2957807,2.0887692,1.593747,1.3685858,0.97552073,0.60274,0.9609897,0.5189619,1.0515714,1.1160078,1.091809,-0.4714289,0.31408447,0.56844866,1.1341293,-0.84860355,0.81310904,1.0024458,0.41127062,0.6413383,-0.30351758,0.25362214,-0.81032276,0.45879087,-0.35142595,0.4130634,0.77110076,0.29869026,0.8452292,0.1718405,0.76613104,0.47673124,1.1041697,1.2657664,0.74792486,0.5894136,0.54671407,0.38686773,0.5845979,0.48250547,-0.07346614,0.6509556,0.37067768,-0.009474266,1.2183872
-1.8289251,1.202295,0.30408415,0.1581014,0.49047005,2.0282917,-0.24322854,-0.6100199,1.1118227,-1.2550235,0.54327106,1.7425915,1.648276,2.072217,-0.69411904,0.84784085,2.465511,0.4773554,0.39868882,1.2887673,0.46644592,1.7477864,1.7418283,0.49174386,1.48188,0.8207238,-0.36158386,0.9603806,0.93281764,0.65908396,-1.3252795,0.84727234,0.8784263,0.4257883,0.76503605,-0.5327841,0.34955636,-0.99712414,0.37682837,-0.5840639,0.54594076,0.66794497,0.7799132,0.36953145,-0.27797705,0.95575553,0.29499292,0.91871226,1.0077447,0.88039476,0.85918266,0.8640963,0.82976943,0.82270515,0.7691196,0.22427961,0.4068755,0.63141257,0.09031485,1.0523683
-1.7898085,1.1825653,0.24101679,0.6730469,0.49590284,0.9935646,0.7662067,-1.7415801,1.3146039,0.030245807,1.5838575,1.686439,0.9939362,2.276151,-0.67797464,1.2630488,1.7336134,0.88412195,0.2629128,1.2811583,1.9788063,0.77003735,0.7811475,1.3764216,1.1383243,1.5233516,-0.80272067,1.2679193,1.2269814,0.290108,-1.0042714,0.7916568,0.37806758,0.884139,0.56299347,-0.064330965,0.13676237,-0.32767206,1.0988439,0.24558936,0.83886844,1.002558,0.3854331,0.42688435,-0.12215854,1.0285996,0.74230295,0.40297335,0.31920823,1.0028436,0.48882923,0.49454182,0.30094558,0.80371916,0.8377477,-0.228673,-0.27842095,0.6040298,0.6886739,0.42279756
-1.8299795,1.6685154,0.6432281,0.6884289,0.49318644,1.5970528,1.0660341,2.4814143,1.278034,0.222734,1.5602133,1.7326438,1.747589,2.2188349,0.023448335,1.122237,2.2176301,1.2099125,0.893745,1.0817738,1.202602,1.9400915,2.0861285,0.6508708,1.5148354,1.5633768,-0.3608692,1.7091343,1.18486,0.8293331,-1.0078527,0.86197144,1.1581988,0.3986363,0.33112743,-0.17287427,0.48017523,-0.6193482,0.4053283,0.19800399,0.78708273,0.9744824,1.3001518,0.54368967,-0.089355335,1.0317676,0.5991073,1.2753294,1.3312823,1.0849601,1.2508383,1.1537743,1.1549745,1.146254,1.1765181,-0.09763561,0.382833,1.026458,0.86310107,1.4722908
0.27725446,0.71669453,-7.6199925e-05,0.41689947,0.49092278,0.8659401,1.1478593,-1.7403631,1.0450174,0.002697381,1.1656834,2.2125535,1.5602785,2.0506296,-0.98284286,0.73396504,1.5975776,0.37592864,0.19752735,1.1045278,0.7707697,1.5844575,1.1734772,1.3397892,0.80345845,1.6105378,-0.5919198,1.4466523,0.83735645,0.28944728,-1.062258,0.63109225,0.121070914,0.69006425,0.59587777,-0.11667235,0.70873374,-0.45104986,0.8419523,-0.30514044,0.7881682,0.9283005,0.5689781,0.2476654,-0.3471899,1.0991147,0.34467694,0.18981105,0.12565143,1.0757126,0.79852927,0.7519572,0.60724396,0.82447994,0.89842016,0.4931308,-0.62184453,0.9575414,0.49278,0.23529436
-0.96259737,1.1854485,1.1192772,0.6649128,0.48911187,0.86357903,0.25153494,0.32227522,1.370545,-0.386073,1.3023988,2.0231888,1.6230928,1.2731477,-0.42384627,1.3320316,1.7426599,1.5747756,1.1839746,1.165408,1.485502,1.2665886,1.1403705,0.68468374,1.5683054,1.1904709,-0.41310468,1.2083915,0.77543133,0.73512185,-1.156669,1.011591,0.3698056,0.70245224,0.574199,-0.561049,0.21412559,-0.63658005,0.7178771,-0.3187939,0.7056631,0.9159242,0.7430125,0.048835166,-0.29835343,0.9628612,0.49779812,0.58282214,0.5172915,0.95164084,1.0552437,0.9805067,0.83821064,0.81180483,0.9127258,-0.012255449,-0.22014275,0.72258174,0.35280365,0.554364
-0.54329556,0.5906005,0.8210259,1.8620907,0.48911187,1.2807096,0.46160197,-0.43667594,1.9720143,0.10373308,1.8608432,1.6745453,1.77443,1.7839885,0.54810435,0.8051246,1.9712492,1.1526923,0.8423984,1.2009889,1.3070381,1.1088399,0.8885264,1.1295612,1.5991883,1.1609144,-0.5449151,0.47650436,1.0341496,0.8740119,-0.9889803,0.81943804,0.5096497,0.5006567,0.62012976,-0.6776349,-0.20467341,-0.9715581,0.75132066,-0.40563953,0.52643657,0.7660269,0.7156582,0.1449582,-0.5938729,1.1642923,0.7170054,0.46368453,0.5797318,0.91333824,0.930127,0.8476423,0.7939439,0.8543447,0.96155953,-0.27246603,0.16413407,0.64632034,0.24946275,0.67025644
-1.7657691,0.67473537,0.723327,1.450483,0.48865914,-1.7840629,-0.66312724,-1.7204576,1.6879659,-1.2119374,1.3415246,1.8919817,1.473279,1.1501204,0.050628364,1.3013829,1.4394737,1.3182348,0.9609411,1.2136441,1.0266198,1.9077896,1.6625179,1.8566564,0.4530059,0.9682728,-0.124264315,1.1010053,0.8095564,0.80075467,-0.96384716,1.0087286,0.8219187,0.55115116,0.5689175,-0.26019636,0.29364598,-0.62449807,0.58203655,-0.11968309,0.6322928,0.84106916,0.5314372,0.43145025,-0.027747618,0.98678607,0.38082892,0.9319272,1.0085661,0.9016784,0.6971111,0.504888,0.38526347,0.81059873,0.9171235,0.038016424,0.2591466,0.7518278,0.44627345,1.0681846
-1.6802609,1.3711123,0.8617538,0.8949726,0.49047005,2.6019466,0.3580514,0.54713595,1.6747262,0.4151147,1.1937611,1.4487307,1.8621877,1.3082135,0.68998086,1.0452169,2.0267339,1.3169553,1.1234701,1.3985873,1.8605206,2.3631947,1.8279518,1.2168908,0.94873536,1.0656123,-1.6139024,0.73116076,1.4169273,1.1052736,-0.85173696,0.9841961,1.3832504,0.31095746,0.5838922,0.24253082,0.4249508,-0.29710418,0.38187522,0.41486415,0.7738935,0.86839086,0.5084362,1.2425295,0.14948206,0.99180895,0.59327817,1.450441,1.5878187,0.99222934,0.6672388,0.5996598,0.60873073,0.95847136,0.7169211,0.17376858,0.9727501,0.61816084,0.6722483,1.6188091
-1.865195,1.2857662,-0.56009346,1.4210626,0.4940919,1.7489209,0.23446126,0.3458026,1.326959,-0.1910716,1.1113362,1.8777161,2.2643926,1.9998397,-0.97501886,1.1750555,2.0548182,0.41409016,0.15233327,1.310112,2.036455,2.7864857,3.0177267,1.0122362,1.0653683,1.0097107,-0.6336117,1.5443382,1.0799147,0.18060474,-1.3685699,0.925831,0.36871496,0.34441915,0.6143095,-0.41525352,0.31726435,-0.86738867,0.7818821,-0.49350333,0.51530737,0.9615601,1.166911,0.11114393,-0.7855869,1.3697522,0.5651101,0.19759549,0.40095913,1.2734156,1.4559069,1.4086503,1.3279593,0.8960904,1.0856358,0.018961975,-0.49664286,1.012137,0.40030846,0.5024263
-1.8479035,0.931449,0.6783507,1.2029874,0.49318644,-0.45319882,0.54021966,-1.7906921,1.7405097,-0.026200768,1.6413904,1.724222,3.0491176,1.7545905,-0.88763106,1.1924375,1.2849057,1.0117538,1.2328546,1.2940981,1.8625091,2.4625177,2.1674445,1.543344,1.4308497,0.9178287,-0.47134504,1.6885066,1.202887,1.1025308,-1.0689543,0.75065327,1.0406145,0.2627704,0.50531256,-0.12677693,0.85186976,-0.69188136,0.271664,-0.17570014,0.7025142,0.66979134,1.1467192,0.6321866,-0.09276983,0.84431595,0.5288776,1.1783645,1.1907163,1.0645696,1.2387688,1.3318869,1.2382054,0.74754703,0.8720391,0.26988798,0.28284043,0.7810588,0.30707604,1.3132905
-1.7072524,1.8095318,0.774602,0.25599262,0.49092278,-0.97512275,0.55654955,-0.22252078,1.3077353,-0.027611012,1.110784,1.086555,2.2284274,1.6429884,-0.26838654,1.0657504,1.873872,1.0736775,1.0726017,1.2205462,1.3969536,2.082381,2.340129,1.5014457,1.2523429,0.9949793,-0.50432456,1.0735724,0.436387,1.0903416,-1.0394155,0.9278206,1.0432411,0.70931625,0.65378547,-0.15720455,0.2618788,-0.48986107,0.67166483,0.008756425,0.90231985,0.95395684,1.1006938,0.6995381,-0.028691726,0.97274923,0.6920294,1.2168158,1.2710478,1.1176763,1.1729611,0.9695697,0.99234456,1.0677688,0.9216919,0.11302975,0.36840004,0.8027947,0.51554465,1.2692908
-1.0388958,1.6375004,0.8301434,1.2376267,0.48865914,0.0073349182,1.7134854,-0.6299789,1.2310551,0.23615217,0.7482779,0.84997624,1.1123544,1.1429348,0.48226437,0.95164365,1.4110289,0.847671,1.0486757,1.0272058,1.5957727,1.3990746,1.8309755,0.7363793,0.4843862,0.6983321,-0.41665006,0.74054843,0.7280611,0.9070597,-0.34749836,0.55750704,0.66984123,0.59873754,0.18315263,-0.7563622,0.15820704,-0.68405956,0.23064539,0.19196184,0.3460133,0.20875847,0.07937823,-0.3000703,0.76955664,0.03266512,0.16210298,0.76259,0.69947004,0.07766647,-0.053713612,0.019593092,0.20253608,0.5115377,0.048992224,-0.2861255,0.07681848,0.04475884,0.10861486,0.686139
-0.85894454,0.533427,0.5146066,0.98494107,0.48277366,-1.0332674,0.4140927,0.28771037,1.3606672,-0.11264615,1.1689072,1.6203985,1.7750076,1.2931514,-0.6087595,0.9691766,0.74120516,0.4177586,0.6784248,1.3457595,2.3293757,1.7568425,2.037402,1.6929463,1.6441178,0.6838401,-1.0963336,1.2370373,0.83646536,0.54547185,-1.154638,0.73208904,0.4301503,0.5023473,0.5971159,-0.28093243,-0.16711892,-0.93171185,0.7223658,-0.41169602,0.43352157,0.56056803,1.1048902,0.060757976,-0.45750993,0.9799237,0.6418273,0.24408282,0.44042963,0.9481829,1.0680672,1.1193144,1.1191912,0.9896793,0.6618351,-0.37439504,-0.47388598,0.7892134,0.28977194,0.59364194
-1.5853688,1.8616639,0.8657364,1.8402992,0.48639548,-0.6587775,-0.22611932,-1.579641,2.0709271,0.42094466,1.656313,2.1319087,0.90133405,1.6911062,0.07180293,0.8075484,0.7214484,1.4899774,1.2626054,1.3135402,1.31274,0.93651366,0.85645354,1.5744255,1.2763556,0.099564455,-0.42680505,0.41157982,1.2574909,1.235497,-0.8044156,1.0086207,0.39834785,1.4621823,0.67601246,-0.69983053,-0.024918778,-1.1604596,1.374889,0.26849654,0.91146976,0.753073,0.3455029,-0.5879287,0.40278375,0.8089736,0.4410255,0.5330801,0.48233292,0.896683,0.24598418,0.36328635,0.20100585,0.82179636,0.6761483,-0.4230422,-0.5572216,0.6154994,0.6196938,0.42286235
-1.721908,1.6214812,0.7666482,1.1831809,0.48820642,0.42244136,1.2564323,-1.6882958,2.043107,0.6354146,1.1369721,1.5537782,0.43633956,1.1901675,0.37564868,1.0586538,0.14919393,1.2637861,1.2408769,1.1710654,1.8467304,2.0050066,1.9473257,1.4730123,1.5261813,0.5471002,-0.16917074,0.7472351,1.5239178,1.2498822,-1.255907,1.0156494,0.46949735,0.94409776,0.59558475,-0.93641555,0.11705653,-1.5037271,1.0500525,0.037623335,0.8521236,1.0192959,1.0574114,-0.34022024,0.28734046,0.9207352,0.6944892,0.7873976,0.6820069,1.0492543,1.0431383,1.2209028,1.067437,1.0868152,1.0124669,-0.17825966,-0.0270096,1.0184287,0.660295,0.8674372
-0.407542,0.9448159,1.0112709,1.496956,0.49001732,1.6498985,0.24104483,-0.40086183,1.8830711,0.78095317,1.622216,1.800719,1.553173,2.4543536,0.033070643,0.64178693,1.288789,1.7589363,1.5293909,0.9434973,1.5334623,1.2132659,1.2749845,1.4672512,1.0070157,0.65709805,-1.1796583,0.64201146,1.0169122,1.5233601,0.050678626,1.3215269,1.9010738,0.13520378,0.72818804,0.6787816,0.5155707,0.2242461,0.15199317,0.56605065,0.73315704,0.48594338,0.44556105,1.6653512,1.1890979,0.02646558,1.113162,2.148197,2.2919884,0.33340457,0.086190455,0.14581476,0.31021854,0.59849924,-0.007424174,-0.05803916,1.8458266,0.043963525,0.28944188,2.1417801
-2.0216615,1.7629652,0.7590185,0.9546881,0.48096272,0.10524667,0.1028199,-0.8464727,1.9293867,0.3037985,1.3652705,2.023028,1.957288,0.863549,-0.41530117,1.1098269,1.1741561,1.1770812,1.3754131,1.5244606,1.9407117,1.506718,1.3702321,1.6442142,1.3912596,-0.16624385,-0.5836801,1.2571267,1.4722258,1.4704869,-1.735163,1.1347678,0.60346556,0.77241355,0.7323031,-0.911098,0.28157085,-1.6500796,0.81928724,-0.65654546,0.76966566,1.2414747,1.9107873,-0.01431324,-0.5023608,1.3190147,0.6333942,0.8171779,0.9201118,1.3823466,1.7139273,1.7187337,1.7442241,1.3252879,1.4020442,-0.10079397,-0.15231755,1.3343967,0.54223025,1.085113
-2.0858717,1.2084563,0.64524704,1.0604523,0.48413184,-2.0131195,-0.46518922,-1.525193,1.8462437,0.22461233,1.636361,1.5829623,1.6966784,1.1294438,-0.24227601,1.2427691,1.6898847,1.4473106,1.0528609,1.4445678,1.6564032,2.0558977,1.8999149,1.9901291,1.3249284,0.27507406,-0.2674599,1.6513001,1.1840616,1.1927365,-1.5089555,0.7985116,0.48499742,0.46200788,0.6766036,-1.0193565,-0.20024022,-1.1841034,0.80925465,-0.7169643,0.6034885,1.1476163,0.98188454,-0.07748029,-0.6297806,1.249617,0.42292908,0.3729191,0.6495894,1.0935558,1.1338588,1.0576767,0.9606908,0.88902384,1.0466442,-0.32434905,-0.25444567,0.9032495,0.1887063,0.7353158
-2.0256681,1.0747479,0.77247185,1.1265578,0.48005727,-1.0293779,-0.13543287,0.23487149,1.2752281,0.58555907,1.4737068,1.9920635,1.3535113,0.5950933,0.02224616,1.2022418,1.642852,1.0786589,1.4274974,1.4213353,1.8588845,2.4965582,2.5478528,1.973863,1.3401871,-0.20759836,0.24914166,1.1288836,1.2573078,1.4589696,-1.7349199,1.0706831,0.9440799,0.5638107,0.6129694,-0.82702583,0.06425901,-1.1985705,0.82984585,-0.4802457,0.8049847,1.1633521,1.4613948,0.5326699,-0.6803735,1.4137111,0.9538251,0.99800897,1.1863241,1.3464012,1.5022249,1.7526264,1.6186508,1.2401189,1.3204119,-0.39789286,0.18745358,1.2998295,0.4643668,1.2485969
-0.401092,1.9466221,1.2120157,0.56942207,0.48865914,-1.0057055,1.1674774,-1.3228621,1.1342953,0.88933504,1.610702,1.4574622,1.7332033,0.6816898,0.18191965,1.2628696,0.82763755,2.3046181,2.142573,1.4948349,1.70299,2.0581784,2.0452518,2.054206,0.7481011,0.5099996,2.6293836,1.3984741,0.87260824,1.8467373,-1.583624,1.4792732,1.6813946,0.4411252,0.4011823,0.0846345,0.6634413,-0.6373374,0.80761445,0.915156,1.3748112,1.4382145,1.1114765,1.7942678,0.79715616,1.3712463,1.0591533,2.2721298,2.3845434,1.608561,1.2641495,1.060225,1.1647824,1.6712444,1.3216037,0.4076555,2.7890825,1.4942186,1.3204123,2.1553285
-0.27710903,0.89879215,0.8600795,0.7881313,0.48005727,-0.1989503,-0.16063401,-1.7308885,0.83838975,0.59052795,1.5663775,1.3543432,1.9298099,0.86847603,-0.30469924,1.0828367,0.49392575,1.734752,1.5504892,1.3816164,1.6766001,2.7936492,2.8519025,1.7462941,1.2878844,-1.0026568,0.3005755,1.277287,1.4377005,1.5850292,-1.5745426,1.1489054,1.2873503,0.92192006,0.6378336,-0.5867431,0.43581048,-1.3417087,1.0357429,0.10871066,1.0956725,1.0045093,1.6849504,0.2379529,-0.10945441,1.2485374,0.94382197,1.4804184,1.4840478,1.504681,1.7102098,1.895352,1.7557834,1.4891933,1.3894928,-0.17002697,0.17784037,0.99576604,0.69187576,1.5482844
3.4618487,-1.5367202,0.77360445,0.98025733,0.4216551,1.3665954,-0.13952358,-0.13366319,-0.4457203,-0.68331504,-0.6195006,0.43533564,-0.29697672,0.39815062,-0.070354715,-1.6990445,-1.1141641,1.0933399,0.6607957,-0.031519096,-0.4681755,-0.48622388,-0.21862605,-0.9321872,0.28112492,-0.06233673,0.21584277,0.428162,0.23529924,0.33053118,0.17136194,0.047249436,0.046779666,0.9891715,0.3383273,0.73570913,0.6990927,0.50955003,0.61702144,0.5715754,0.41554826,-0.07027651,0.121192634,0.2302647,0.114588365,-0.08694805,0.39816153,0.20692882,0.06813708,0.17549923,-0.101413965,-0.28279757,-0.3319938,0.5113336,0.03037802,-0.088470034,-0.115153,0.23001878,0.5388025,0.17806728
3.321785,-1.1820252,0.78960836,-0.5158093,-0.0075330427,-0.41400972,0.67412543,-0.2583989,-0.7313891,-0.1547065,0.09476353,0.9229514,0.428693,-0.45347303,1.0096331,-1.0618653,1.1916182,0.76919687,0.34935567,-1.3374312,-0.81910306,-0.37630665,0.04479311,-0.2742291,0.17936648,-0.5827176,0.24300341,0.30917677,-0.5803692,0.4158013,0.20975871,0.88445324,0.8187338,0.5847894,0.26292267,0.39196697,0.4730631,0.70334864,0.27491897,0.18227078,0.4471196,-0.12575844,0.43777698,0.91291505,0.26112184,0.17292897,0.59006035,1.02385,1.141443,0.17952551,0.22930235,0.11150385,0.22881433,0.6162887,-0.059576727,-0.2520488,0.8997665,0.10468806,0.19026719,1.1132133
0.044804584,-0.38942924,0.8085757,1.3305967,0.4850373,0.08792227,1.5912888,-0.34963784,2.0009582,1.1817341,1.3286135,0.87865007,0.55325085,2.0504265,1.7540613,-0.07337986,1.73046,2.0608065,1.8142867,1.0640594,0.60652333,1.4297069,0.17610762,1.4097393,0.63300675,0.3069683,0.71776354,0.60237837,1.1136506,1.8097337,-0.9092634,1.0672065,1.4301785,0.46468183,0.582986,0.38948947,0.63933176,-0.29530922,0.60562205,0.65845066,0.8488875,1.0164149,0.83263,1.857029,0.7367833,0.84386367,1.0196631,1.7502588,1.9226735,1.0176753,0.6923696,0.6481753,0.7792387,1.1305145,0.71998805,0.08529186,1.2814615,0.8141856,0.7675683,1.7919847
0.41032556,1.5595798,1.0911012,0.93816805,0.48186818,1.6223315,1.4004732,0.26719972,1.4953154,-0.045946635,1.477842,1.0317242,1.8891413,1.5561974,1.0554097,1.0778745,1.4939255,1.9252354,1.9515743,1.4925275,1.754311,2.0906296,1.6059799,1.5431945,0.66058683,0.081170626,1.4663081,1.1683794,0.392189,1.8112097,-1.5978345,1.1587317,1.4263313,0.36873847,0.5461632,-0.29398775,0.19151878,-0.9467295,0.71927196,-0.16908798,0.7015211,1.209105,1.7191287,1.3605696,-0.023033991,1.3580462,1.330943,1.5644877,1.8253491,1.4799597,1.6363266,1.8899219,1.8741713,1.3725921,1.2168864,-0.34114948,0.50557405,1.1260439,0.43870553,1.8371158
0.5058397,1.2830938,1.6279229,0.580586,0.48820642,2.4732323,1.5528177,0.6229297,1.0002879,0.5952984,1.6931822,1.5659133,1.6628956,2.22388,0.106727734,1.0985243,0.6130578,1.6800934,2.040103,1.5583283,1.8879831,2.1596522,1.7416801,1.260981,1.2724851,-0.33725974,2.5913022,0.3970105,1.4421344,1.8125349,-1.0935475,1.2970808,1.5722102,0.2168881,0.59348524,0.30437583,0.6011314,-0.1712832,0.730634,0.83491963,1.0009584,0.9443171,1.1679385,2.0267167,0.3307983,1.1659715,1.3311144,1.6762432,1.896905,1.2310792,1.1452055,0.9523086,1.0920876,1.1729661,0.8398624,-0.09398225,0.7880166,0.99184996,0.8974267,1.9430954
2.2500963,1.5199186,1.4619186,0.19888419,0.4940919,-0.6403577,0.8585233,-1.6472677,0.8835814,1.8350652,1.6938165,1.702798,1.4448986,1.9342852,0.23401055,0.8507896,1.1708469,1.9529213,1.7784482,1.5321628,1.6223612,1.6863663,1.2956736,1.3516227,1.0573287,-0.24695912,3.1408052,1.0932171,1.8326043,1.6863757,-0.5226114,1.7001143,1.5150857,-0.009409018,0.7154728,0.056127038,0.3790543,-0.2898934,0.46326253,0.9908382,1.1774977,1.0617341,0.7189895,1.6335471,0.60945046,0.79986507,1.2939091,2.0193825,2.1167634,0.87333643,0.39643404,0.20581803,0.43016094,1.2297002,0.84100443,-0.08773577,2.522861,0.84019625,0.9751707,1.9834974
1.539255,1.0888151,0.75029445,0.9177197,0.48186818,0.04728935,0.17182444,-1.868402,1.0251219,0.8210841,1.5453929,1.1715698,1.4959414,1.83075,-0.059289414,1.3041829,1.8688195,1.1093557,1.4627503,1.3855269,1.4643003,2.4556334,2.3659418,1.7352786,1.1648808,0.115911715,1.2807081,1.0212598,1.1575693,1.436105,-1.1427402,1.2825645,1.2204813,0.4337597,0.66175884,-0.060595106,0.57445306,-0.5448741,0.93392307,0.32595196,0.933213,1.0879925,1.0833039,1.0076685,-0.39544147,1.4359406,1.3530374,1.1603439,1.3263341,1.3628482,1.3198031,1.5207756,1.4948058,1.1758627,1.2280267,-0.15802011,0.68556565,0.9209871,0.78833264,1.4398637
-0.39791727,0.7960119,-0.20911637,-0.06411743,0.47824636,-1.0719786,-0.7650287,0.9700627,1.2178252,-0.8365198,0.94670606,2.0011425,2.2347124,0.96945184,-1.030231,1.2632592,0.9891885,0.39628944,0.87958324,1.6067897,1.7036946,2.564878,2.44479,1.6634389,1.3276376,0.032525286,-1.3950168,1.2939504,1.1835564,0.9569818,-1.8309072,1.0541123,0.69019943,0.28738174,0.5963195,-0.9615952,-0.03738893,-1.3157498,0.83953863,-0.6336966,0.6605376,1.0276091,1.618715,0.40309182,-1.2318296,1.6621063,1.1989442,0.5535631,0.7959244,1.3763478,1.9438704,2.2642093,2.198186,1.3426081,1.4188643,-0.32218727,-0.37851986,1.080754,0.27768934,0.9765001
0.20624678,1.1046612,1.0819535,0.34969506,0.4786991,-0.34302634,0.034350634,0.029834908,1.177761,0.20230743,1.0811146,1.4924464,1.6815048,1.1933614,-1.12095,1.6142436,1.7086561,0.96387666,1.3077227,1.5192211,2.0707698,2.3091238,2.438364,1.040929,1.4048269,0.377975,-0.8655327,1.2149692,1.147927,1.2944661,-1.1138151,1.0318887,1.4801451,0.74348897,0.4668613,-0.48742473,0.22980674,-0.9087982,0.8766896,0.5189385,0.9351812,0.9313965,1.1300055,0.6459533,-0.20524977,1.3721582,1.3999163,1.2919741,1.4253478,1.3249449,1.3399826,1.3844509,1.3905746,1.0854493,1.0741524,-0.21771418,0.48935625,0.883295,0.8961256,1.5819334
0.41654605,1.2678236,0.9097496,0.038125463,0.49001732,0.9556842,1.5026747,-0.72510475,1.1605577,-0.011238346,0.78645873,0.8767976,1.2056344,2.6346226,0.30674765,1.4231988,1.125548,1.8984264,2.035973,1.4611205,1.662978,2.0738823,1.7465585,1.3088057,0.86473215,0.79479164,0.25843987,1.0462774,0.85293174,1.7991989,-1.2696203,1.4338993,1.5970854,0.68507737,0.60083526,0.033266228,0.49668807,-0.7219807,0.8137479,0.45321056,0.9861316,1.3432156,1.2571211,1.8109025,0.3233269,1.3072536,1.600241,1.6875609,1.9112328,1.3285698,1.2762355,1.6996137,1.735053,1.3372519,1.3185564,-0.17447703,0.8188865,1.0068225,0.88905823,1.8738581
-1.7717791,1.0666262,0.8596782,0.5212657,0.48911187,0.102631465,0.11322559,-1.7238476,1.5862578,-0.18848497,1.2500135,-0.018568594,1.2081153,2.1159294,-0.09373446,1.2381411,1.4297924,1.782345,1.8761736,1.2965653,1.563146,1.9785893,1.7132407,1.6632047,0.8851571,0.7825301,2.785105,-0.21411712,-0.19261602,1.7040368,-1.0255816,1.1188205,1.2366171,0.31880942,0.50779325,-0.35307837,-0.07197637,-0.7185386,0.8499731,0.0913592,0.69595236,0.8422921,0.9334572,1.2809321,-0.20479667,1.2615786,1.0439075,1.1709293,1.5122405,1.1998737,1.054698,1.2342242,1.2145216,0.7911089,0.91846913,-0.5029876,1.6336951,0.9065155,0.4885236,1.6467382
-1.9090562,1.3636374,0.42781007,0.3852101,0.48865914,-1.0177172,0.36654168,-0.47610185,1.5589023,-0.44412854,1.2087407,2.095532,1.7695897,1.5241902,-0.42932978,1.4309902,1.2031633,1.0330104,0.9488469,1.3550872,1.7043277,2.1950796,2.0918343,0.96532243,1.5070989,0.7373583,-1.1541859,1.0062377,1.2258812,0.8662657,-1.5747236,1.0310669,1.151679,0.2391488,0.5476557,-0.72652197,0.16260102,-1.2312623,0.70407575,-0.14306155,0.7816424,1.2121493,1.6980051,0.32014486,-0.6283541,1.34416,1.0663207,1.1383859,1.2158053,1.292345,1.6446943,1.6185744,1.5382847,1.2944999,1.3143005,-0.39820445,0.17731674,1.0928476,0.6535853,1.3425636
-1.9296162,1.2027912,-0.051160887,1.3379333,0.48820642,1.1261553,0.42141494,0.771896,1.6494216,-0.90135634,0.97646165,1.4478915,2.4149792,1.7652144,-1.3260036,1.3453871,1.5263402,0.15959562,-0.0034405673,1.1634672,1.9195746,2.3452659,2.2072735,1.1123793,1.1528958,0.9334162,-1.5051287,1.5550039,0.30628803,0.02159942,-1.4916122,0.88922215,0.1734936,0.6482646,0.5674548,-0.15183881,0.19215019,-0.60859567,1.2168647,-0.20700584,0.88744795,1.0782862,1.017279,0.39607888,-1.1067735,1.4138094,0.8593668,-0.0327182,0.06282349,1.2544588,1.1614139,1.1080616,1.0330565,1.0444493,1.189564,-0.21590053,-0.71043444,1.060569,0.629999,0.24005744
-0.24650544,1.3766682,0.5436539,0.76469225,0.492281,2.5292659,-0.24379857,2.5075645,1.2097315,-1.0675904,0.9789876,1.0939964,2.079015,1.8801007,-0.17528722,1.4661229,1.6382452,0.60375243,0.68125147,1.0996183,1.1091853,1.999463,2.160544,1.4129288,1.5488715,1.0784125,-0.98647374,1.5638045,0.7195957,0.8955758,-1.2336059,0.8952002,0.6602176,0.43393892,0.6700313,-0.716899,-0.11936535,-1.0857466,0.5952359,-0.4876521,0.6447028,1.0206136,1.0651886,0.14164788,-0.40537655,1.0230494,0.61057544,0.7412261,0.8807246,0.9034971,1.1445935,1.098659,1.0002366,0.8872217,0.9205301,-0.3567559,0.13700712,0.68228143,0.28691104,0.99534345
0.41693345,1.2838168,0.7967876,-0.053815417,0.49499735,1.9626882,0.3889085,0.19039908,1.3366361,-1.0560002,1.3708808,1.4249779,0.22668529,2.154859,1.0055039,1.1378961,1.6800953,1.4458961,1.5529542,1.1160601,1.0831312,-0.2347778,0.012375937,0.58881223,1.0628371,1.2583807,1.3198458,0.9271685,0.1453242,1.4258108,-0.7571855,1.3388616,1.5444199,0.21757421,0.71952623,0.10602954,0.24547553,-0.7088736,0.46320766,-0.12333159,0.60075307,0.9175985,0.25777614,1.639675,0.48080438,0.7141084,0.67480904,1.6190302,1.9344773,0.9003684,0.46321365,0.297928,0.47095168,0.8089091,0.54820657,-0.093108654,1.3815286,0.42898235,0.088803485,1.7005689
-1.7582833,1.379738,0.26645002,0.7295359,0.49047005,-1.0162872,1.0841584,-1.7187191,1.4274882,-0.3953745,1.5044651,1.9666547,0.13169272,1.5728918,-0.5174323,1.2026298,1.8409748,0.7013918,0.46612012,1.2671316,0.95656717,1.3838097,0.6373025,1.2877674,1.0502049,0.7764294,-0.7893761,1.4268996,1.3374374,0.3382863,-1.6702958,1.0115336,0.54143274,0.65870243,0.61184436,-1.1820248,-0.2461884,-1.3471178,1.021372,-0.73366946,0.60077834,0.9969144,0.99335,0.052101016,-0.6948775,1.2778423,0.8587416,0.4471447,0.6229603,1.1151534,1.0788791,1.0893325,0.99123925,0.9742866,1.155441,-0.3527108,-0.17328817,0.77094823,0.21845344,0.71154535
-1.0097117,1.1780493,0.6716134,0.11351172,0.49273372,2.3042028,1.7053995,2.3880887,0.9520142,0.17662641,1.4336628,1.7801642,2.3915362,2.3577368,-0.70653087,0.78964597,1.4616089,0.9839656,1.1153092,1.2003214,1.2511421,1.4003055,0.9336193,0.9794576,0.7208716,1.3004714,-0.3649618,1.5092779,0.9995502,0.9180574,-1.2930418,1.0348821,0.7351854,0.5745535,0.5197269,-0.1515551,0.39864573,-0.8072624,0.9336921,0.30769745,0.84691983,1.186942,0.90996915,0.74978834,-0.13641766,1.274854,1.1273698,0.7344909,0.8070719,1.2129247,0.89419216,0.82846576,0.6723693,1.0867813,1.1647372,-0.16203184,-0.13678959,1.311971,0.84117556,0.93105567
-1.2494001,0.98631334,0.7875852,0.7451214,0.49363917,-0.5153287,0.8312437,-0.07845189,1.2040238,-0.39942688,1.194263,1.1159089,1.7638173,1.8046309,-0.9188353,1.412833,2.5985239,0.6572031,0.964195,1.1944624,1.2974002,1.6140015,1.6488451,1.3506874,1.5323763,0.80473065,-0.0627938,1.2580006,0.9989047,0.75352037,-1.0881022,0.7892,0.5529841,0.79000103,0.46197805,-0.57620186,0.23393674,-0.81530964,0.9369902,0.028874684,0.72542167,0.83046657,0.7742228,0.23354591,-0.2214887,1.0709748,0.749357,0.65044445,0.65251714,1.0708977,0.8354944,0.7912647,0.6489894,0.9809067,1.0000758,-0.10377418,-0.20112891,0.8173095,0.5538443,0.75943667
-1.7828498,0.99539506,0.036249824,-0.3781788,0.49137554,-1.7983514,-0.22326772,-1.7370601,1.5268457,-1.8533921,1.140557,1.8417027,1.9273628,1.3720621,-0.1929475,1.1912932,0.81668884,-0.05092366,0.37553504,1.191024,1.4424644,2.1915636,1.7831123,1.2217304,1.1857843,1.0310918,-1.3027024,0.6634393,0.11747707,0.44717243,-0.9818218,0.8291141,0.7109033,0.43241307,0.5112858,-0.19621575,0.42195135,-0.6111075,0.7052884,-0.2716011,0.49880242,0.6445309,0.61014223,0.4082967,-0.21634413,1.0607768,0.6084183,0.6366164,0.69737273,1.0643865,0.9563438,0.94934,0.78072196,0.83089864,0.8189242,0.26348397,-0.028018435,0.6575951,0.24125095,0.78761965
-1.3634993,1.4351983,0.5560389,0.08108743,0.49092278,0.2937925,0.13681032,-1.8125969,1.0344625,-1.168242,1.298239,1.8508928,2.0445442,1.8869612,-0.034713615,1.0483998,0.8782161,1.1556164,0.9251048,1.2919564,1.5837222,1.4937437,1.1909636,1.5040762,1.5639703,1.336684,0.9871501,1.1267227,0.03351961,0.94427836,-1.4653883,0.8639908,1.0174705,0.1667036,0.5506674,-0.971602,0.18645531,-1.2559631,0.48911467,-0.55364025,0.662281,1.0773675,1.356457,0.3256389,-0.8814781,1.0817002,0.7150775,0.87048066,1.0716196,1.0719137,1.1741234,1.1078398,1.142277,0.95865166,1.0954139,-0.09004415,0.5968095,0.9450399,0.3705066,1.2642639
-1.025265,1.2838181,0.77531856,-0.2905798,0.49182826,1.7641604,1.3341911,-1.3901873,1.4089929,0.48642325,0.7830592,1.3568693,1.0816745,1.840183,-0.69852865,0.85518724,1.5052743,1.0998923,1.3845422,1.2725023,1.4999031,1.8875582,1.7511599,0.47440603,0.6168136,1.3197474,1.148465,1.698774,1.0520554,1.3602128,-1.0854231,0.9876042,1.0676105,0.29142457,0.5717933,-0.07950489,0.74010175,-0.49880934,0.46699065,0.13287668,0.68060946,1.1828872,1.015066,0.7102832,-0.124990195,0.9937653,0.7965665,1.2142943,1.2190503,0.9982604,0.93873614,0.8543749,0.6475592,1.1256355,1.0205514,0.15243325,0.22879227,0.9676228,0.63546675,1.285209
-0.65397626,1.0039331,0.7976623,0.4258597,0.49182826,0.098537885,1.0430131,0.004166298,1.0956776,0.60970026,1.3198363,1.484019,2.2563965,1.1749489,-0.43771148,1.2587396,0.8054244,1.6606604,1.4517704,1.2396404,1.5741924,2.076449,2.2010045,1.2250837,1.5869204,0.9056228,1.2780906,1.01526,0.83748263,1.0830581,-1.2160227,1.0153227,1.6497325,0.20050445,0.5871819,-0.109320864,0.5273731,-0.5257896,0.51471305,0.1942254,0.74952865,1.1089569,0.9855825,1.0854876,-0.14359382,1.1072886,0.8114096,1.5683988,1.756731,1.0406181,1.1338881,1.11422,0.9527138,1.1430823,0.9171863,0.009809172,0.79411745,0.95266426,0.6848147,1.814506
-0.8363088,2.305879,0.9208983,1.119952,0.49635556,1.2833749,0.20079274,-0.79664433,1.7093651,-0.3064416,1.0855306,1.7817281,1.0426627,2.1865754,0.14791684,0.6568448,2.6604953,1.3889278,1.4093785,1.2338653,1.6648151,1.0103621,1.3734909,1.354077,0.67269707,0.9986103,0.32389078,1.2741276,0.6339901,1.1597679,-1.1616955,1.3592412,1.8528674,0.08270912,0.5578405,0.12423654,0.35736644,-0.5534429,0.33737597,0.09694295,0.7206317,1.0630189,1.0426593,1.3720118,0.060669165,1.0616773,0.77769446,1.9209,2.033586,0.95817,1.2210045,1.1007577,1.1074904,1.0868957,0.9890453,-0.04265532,0.863159,0.8465475,0.59605277,2.0585842
-1.7488995,1.6389886,0.12576379,1.4378576,0.49047005,-0.14937438,0.7000586,-1.7098529,1.8949878,-0.48327386,1.1581606,1.9435569,2.25984,2.2672694,0.4849519,1.0722268,0.96576613,0.86921483,0.45346966,1.1490647,1.2648346,2.0476048,2.0571764,0.929247,1.4266342,0.96580327,-0.84468156,0.79875726,0.44886905,0.19965366,-0.7923918,1.1872592,0.82275146,0.45180026,0.42036483,-0.481597,-0.07288224,-0.8388767,0.742047,-0.44194573,0.47402322,0.6751596,0.90390605,0.5595904,-0.6158377,1.0739756,0.79792416,0.6258783,0.91798705,0.92872137,1.079815,1.2510797,1.151522,0.7638191,0.90545213,-0.3720525,0.004670372,0.6226213,0.19433472,1.0830566
-1.5922221,1.1427265,0.5706667,1.7673918,0.4895646,1.3215144,-0.5991471,-1.5870296,1.7884448,-0.112755835,1.8554425,1.0945189,0.6933876,1.8742038,-0.06085469,1.3728209,2.7109878,1.1554712,0.9502287,1.0729282,0.8069679,0.89884776,0.8444135,1.2667657,0.8481613,1.2131631,-0.20393628,0.0866539,0.9090118,0.85718286,-0.79310024,1.0758611,1.288238,0.48438787,0.6870692,0.46341392,0.7289199,-0.20252,0.60999703,0.6233474,0.8849548,0.8138788,0.008334394,1.4206628,0.4845922,0.7372356,0.86469036,1.2934066,1.3566512,0.83888316,0.06181086,0.16817163,0.13201815,0.7836409,0.53566146,0.20293832,0.9387254,0.68284214,0.7408736,1.3779067
-1.7695649,0.9093599,0.53666973,1.4566268,0.48911187,0.14631666,-0.05883795,-1.7284546,1.8470123,-0.83240825,1.4569156,0.7207927,1.0927181,1.2336129,-0.32301602,1.0814904,0.8836187,0.77436465,0.56184447,1.1408579,1.8863434,1.5742085,1.5848649,0.8721135,1.652542,0.7700321,-0.6595271,0.9811611,0.847733,0.20527185,-1.1678143,0.90502506,0.39093253,0.55609137,0.55847204,-0.23105578,0.40851364,-0.57191783,0.6490658,-0.5272327,0.58760536,0.9212554,0.6841103,0.31174222,-0.38251582,1.0961057,0.4685741,0.4278614,0.536472,1.0157046,0.7655259,0.60502976,0.55431676,0.7799287,0.7947374,0.18112917,-0.51392996,0.93827313,0.23538908,0.5888789
-1.7369852,1.3665131,0.8025707,1.6323296,0.48820642,0.36714768,-0.6538748,-1.7023774,1.6559489,0.3938213,1.7440605,1.3749803,0.93847704,2.192424,-0.82035565,1.0081278,1.7154472,0.94754654,0.5329254,1.1430502,1.4997406,1.9149138,2.1254976,1.232112,1.2213014,0.93891865,0.48649168,1.0335714,1.3756211,0.37543324,-1.1775513,0.68760043,0.36253402,0.64919376,0.36044458,-0.5163843,0.29776803,-0.87337124,0.7650367,0.04720137,0.58279425,0.97097194,0.78392684,0.010194312,-0.08665958,1.0082483,0.6249035,0.44425863,0.5204822,1.0038234,0.7058608,0.71886003,0.6551228,1.0110377,0.93058807,-0.09683541,-0.3223571,0.97640496,0.60565096,0.6262071
-0.9359084,1.509489,0.74746245,1.2385314,0.49092278,2.2305644,0.64064807,-0.19335848,1.135526,-0.054141857,1.4539897,1.0577734,1.186,2.4672778,0.5035034,0.70076865,2.4902687,0.5101002,0.18289013,0.94402957,1.3448032,1.9141514,1.368042,1.0339544,1.411777,0.6605153,-0.44595915,0.90368414,1.5012492,0.51793724,-1.4091116,1.2920616,1.1642967,0.455055,0.78678894,-0.26287442,0.056288004,-0.64020294,0.7088239,-0.17919491,0.6476848,1.3646735,1.2508284,0.7285579,0.08914672,1.1553059,0.93737185,1.3469465,1.6123315,1.1814927,1.192517,1.185175,1.2120091,1.2147287,1.1249195,-0.5455665,0.9460189,1.1752892,0.4951807,1.5269027
-1.5648088,0.3925941,0.18001272,1.5930076,0.48730096,-0.2684026,-0.15781157,-1.5622562,1.4499196,0.14621446,1.5722743,1.6206863,0.7914991,2.0004005,0.21307564,1.3412126,1.8800373,0.7983008,0.20177431,1.2895838,1.5422534,2.114463,2.25485,1.4127339,1.7318302,0.31858647,-0.6235843,0.82701445,1.3461776,0.6006114,-0.7619098,0.53397596,0.562487,1.0461035,0.5426397,-0.053072836,0.07921727,-0.72081697,0.8755142,0.5842851,0.54073083,0.4528565,0.2412921,-0.053046238,0.65836203,0.37072548,0.58279455,0.6560983,0.5870115,0.5919054,0.19961448,0.06825935,0.13132942,0.46483865,0.335847,-0.36637145,-0.14305584,0.2923581,0.57221353,0.6120739
-0.724043,0.019501815,0.63813204,1.4189273,0.4877537,-0.73212487,-0.14120257,-0.3273041,1.9277563,-0.0007347908,1.0188671,1.1078945,1.3818215,1.7307727,0.32259142,1.0214888,1.6510959,1.0441302,1.0136476,1.2014681,1.4818553,1.9594929,1.9684935,1.3368193,0.24225979,0.39335996,-0.6785213,1.1127652,1.3568109,0.7938197,-0.7119594,0.5321954,0.34475806,0.8028559,0.15327603,-0.30130976,0.036764264,-0.9703414,0.5031889,-0.62778604,0.38337815,0.5239,0.5376724,-0.051579203,-0.00041473843,0.5658909,0.66918343,0.4614307,0.5068921,0.77269334,0.68280166,0.7912047,0.7774019,0.58526254,0.44892862,-0.55452234,-0.04893738,0.31757528,-0.18341734,0.51253605
-1.5597479,1.7810168,0.8802756,1.496669,0.4877537,-1.6329339,0.42973873,-1.5574754,1.9902841,-0.23011725,1.4419047,2.1320827,1.06903,0.99355924,0.55963075,0.89703256,1.1564497,0.9468506,1.2192528,1.3755758,1.1778685,0.38710633,0.22054426,1.0514673,-0.06806013,0.5406277,-1.083369,0.8410196,1.1956884,1.0245624,-1.001111,0.904978,0.23177727,1.0858332,0.28744626,-0.23032863,0.15528692,-0.3142243,1.0051899,0.3041217,0.7744953,0.52553874,0.19830836,0.07642448,0.73862326,0.46554992,0.63241106,0.37924325,0.24641305,0.6284351,0.15396751,0.19937868,0.13094881,0.5543704,0.43419436,-0.6926738,-0.126866,0.43383166,0.55052924,0.29029825
-0.6956622,1.322292,0.8073599,1.0258144,0.4877537,-0.5218261,0.33072376,-1.854668,1.6886632,0.3753437,1.3576128,1.6271379,2.3563263,1.4218358,0.105327584,1.1904615,0.8696439,1.2078083,1.4623603,1.2659192,1.7619451,1.9462776,1.8129815,1.3582022,0.971286,0.7401664,-0.4586989,1.5373855,0.86482096,1.5485631,-1.5491221,1.067122,0.9654585,0.49743333,0.5744605,-0.8276398,-0.043777637,-1.3149887,0.62682533,-0.35243076,0.8409353,1.2533823,1.7674006,0.41847208,-0.14210394,1.2769428,1.0986711,1.2375785,1.3676646,1.3055625,1.7259465,1.700796,1.6974908,1.2314874,1.1963872,-0.34482008,0.29491875,0.96442294,0.47111046,1.3345708
-1.7240167,1.9268749,0.9058713,0.83141506,0.47824636,-1.7533973,-0.6750786,-1.0646138,1.2720413,0.44174865,0.8863998,1.152935,2.544214,1.5655183,0.152232,0.8449516,1.6763548,1.3186628,1.7615271,1.4117184,1.8175797,2.4014847,2.2686381,1.8723544,1.3824219,0.055605397,-0.42226845,1.6042656,1.0418302,1.5752566,-1.440639,1.0159152,1.0282227,0.42424938,0.4350253,-0.7622195,-0.002631871,-1.1783389,0.6741917,0.17691328,0.5753222,0.9786828,1.0957841,0.5232768,0.17141499,0.95760816,0.7072313,1.2172235,1.331519,1.1221492,1.1142821,1.1946985,1.2262607,0.9668263,0.9144998,-0.29894,0.0036004446,0.7781386,0.46614504,1.2946366
-1.9987819,1.8077208,0.7231388,0.5275448,0.48413184,-1.0360922,0.118359655,-1.9081261,1.3528423,-0.38813224,1.2862842,2.0129762,1.9188468,1.0364769,-0.38977835,1.2453139,1.4878783,1.3939539,1.6622458,1.3742281,1.8847735,2.4107997,2.2409306,1.5156175,1.5956504,0.6070818,0.11309506,1.2424537,1.0563337,1.5924556,-1.587593,1.1327775,1.0615433,0.4661502,0.44750923,-1.0004152,0.029410087,-1.6065701,0.9043101,0.13965718,0.78634083,1.3487236,1.5659765,0.36428395,-0.13159747,1.2964076,1.4496297,1.3223069,1.3551576,1.4372172,1.5379112,1.8672047,1.8538265,1.2306328,1.3146336,-0.32545853,0.49660248,1.1812427,0.6280503,1.4390589
-2.0460172,1.4849846,0.49754712,0.61987585,0.48549002,-1.9839928,-0.39057258,-1.0928075,1.6294597,-0.16759974,1.1099588,1.2205926,2.0664861,0.30936694,-0.12637673,1.2739878,1.4605061,0.7078326,0.8511711,1.4737811,1.924147,2.623723,2.54214,1.8618306,1.7319983,0.19848824,-0.96407795,1.6786776,1.2399141,0.7509703,-1.4600246,0.9409478,0.741702,0.5676649,0.34408453,-0.731541,0.08376273,-1.5962471,0.697412,-0.28303474,0.786265,0.7697002,1.1103845,-0.06950845,-0.064558305,1.0635923,0.7571434,0.9416088,0.94793075,1.1493695,1.2482023,1.3923092,1.3445846,0.98852634,0.9925527,0.024508042,-0.19199759,0.69335073,0.314592,1.0328829
-2.0502346,1.1891575,0.3072031,0.8404693,0.4759827,-1.1163341,-0.124163,-1.108729,1.29606,0.1685218,1.4166305,1.2246193,2.3406649,0.78710806,-0.005107555,1.2947841,1.2103351,0.6377626,0.8599532,1.4731911,1.889423,2.4752371,2.0163856,1.6112007,0.80072755,-0.37772727,-0.86302024,1.6282704,1.6783491,0.7721545,-1.4807181,0.9465935,0.76398575,0.52491385,0.53024817,-0.36559522,0.17361061,-1.0078781,1.031198,-0.109052435,0.8295751,1.0563936,1.2140435,0.11132307,-0.46410316,1.4303173,1.0990183,0.7780952,0.8154991,1.4309137,1.4697118,1.6491367,1.5081825,1.1022921,1.216033,-0.21816446,-0.2702595,1.2385128,0.57309866,0.9319327
-0.55252177,1.0326227,0.8120379,0.91286147,0.48684824,1.4067887,0.36041206,-0.6739123,0.9386013,0.61058706,1.2772174,1.0746247,2.8591416,1.7816776,-0.17021263,1.1379102,1.6044387,1.660198,1.8484168,1.4219502,1.8203042,2.523163,2.4679701,1.7405586,0.24897668,0.50194144,-0.2626603,1.5531179,0.5211455,1.7760081,-1.4654882,0.92266107,0.9928251,0.5295506,0.45416993,-0.7838258,-0.17143643,-1.4002903,0.75990015,-0.28106138,0.624661,0.75495195,1.3869787,0.63016784,-0.09432249,1.055484,1.0258565,1.0529834,1.2957805,1.3007458,1.4611746,1.5346842,1.6122019,1.0262798,0.862358,-0.44912648,0.5229114,0.62650716,0.26398802,1.2863235
-0.8279811,1.1568334,0.8303848,0.68566036,0.48277366,-0.71177816,-0.24489778,-0.7759146,1.2813599,0.543009,1.2130975,0.6570543,2.3444228,0.24486685,-0.35143623,0.901807,1.5846164,1.6971581,1.629815,1.3244987,1.5379074,2.6094198,2.7308645,1.7368126,0.9228457,-0.7299731,-0.4013233,0.88790464,1.1218709,1.7080712,-1.0921087,1.0567514,1.1402097,0.86307,0.6200543,-0.5127227,0.32477474,-1.2519131,0.80815125,-0.14117643,0.89268976,0.66953105,1.3382963,0.25409317,0.25826064,0.9424531,0.6931648,1.2360119,1.3825333,1.3753821,1.4418671,1.2590781,1.2546835,1.0547696,0.9928954,-0.3744524,0.06881473,0.9225794,0.5389484,1.3781629
4.7973704,-0.7526515,0.36874968,0.8779953,0.46285352,-0.41302052,0.25819454,-0.26370123,0.65753734,0.6894579,0.4549775,-0.13913792,-0.7989178,1.0768131,-0.3698812,-1.1345204,-0.6218103,0.5020335,0.44587293,0.040185496,-0.31079075,-0.30784485,0.09308593,0.19083919,-0.330606,0.6507233,-0.2859444,0.573141,1.2387972,0.5809295,0.17066546,0.30345726,0.48141247,0.23385142,0.008361021,-0.12619157,0.12816913,0.02101559,-0.06952213,-0.37189847,0.00040354766,-0.026598418,0.57980865,0.3148811,-0.046428762,-0.055992544,0.26326767,0.592693,0.61450434,0.04463689,0.24140567,0.17855427,0.14285514,0.5291239,-0.23906133,-0.5338059,0.1913328,0.12976578,-0.14283971,0.6697968
0.052441265,0.68807465,1.483155,1.2210833,0.47190812,-0.4464221,0.56121314,0.07939071,1.0205325,0.5972394,1.516957,1.599246,1.3731337,1.6610193,0.7320154,0.3183038,0.2295164,1.9062527,2.0041127,1.1609033,1.5528709,1.5146588,0.83496237,1.7838045,0.4465914,-0.6209638,0.2607215,1.5310162,1.0705596,1.8107873,-1.30451,1.1534619,1.2211201,0.48300377,0.5492665,-0.45156026,0.24880132,-1.312925,0.81867564,0.15767036,0.93609715,1.1364312,1.3482351,1.0395821,0.37355986,1.156535,0.9874859,1.406578,1.6577822,1.3230056,1.398302,1.576401,1.5269517,1.29983,1.0331335,-0.1810577,0.6625414,1.0196235,0.723476,1.6827537
0.5734777,1.5695447,0.87290883,0.49558023,0.48865914,-0.011827072,1.128049,-0.2605861,1.1420343,-0.07834062,1.2965512,0.47039005,1.2995352,1.7385265,1.1989237,0.9269222,1.3597243,2.0543547,1.9618471,1.4960433,1.2984821,2.339359,2.4770732,1.2407305,0.9687246,0.5800341,2.9433115,0.32128474,0.95307076,1.813641,-1.3370368,1.1534605,1.035674,0.2192818,0.47748768,-0.35018677,0.27882844,-0.7585796,0.7021312,0.17932633,0.59506136,1.1026208,0.93850785,1.4703194,0.2469371,1.1505282,1.1341342,1.3231446,1.5601432,1.1414711,0.9933501,1.0345123,1.037412,1.0895009,1.0727946,-0.021928221,1.4809632,0.9501278,0.51412076,1.4620911
0.77315235,1.5533191,0.7993626,0.71922976,0.48186818,0.35714266,0.99008775,0.12144747,1.0929176,0.9618677,1.523152,1.614688,0.81622887,1.9261045,0.0668507,1.2373229,1.5030373,1.6447895,1.5454961,1.6677905,2.081888,2.0064242,1.8268502,1.4591682,1.4204394,-0.18077609,0.36303768,1.9045473,1.1132514,1.4786363,-1.611368,0.89089364,0.6888189,0.56238335,0.44073713,-0.61947143,0.0207148,-1.2232134,0.87998486,-0.13374895,0.6364157,0.9370678,1.3311392,0.28842556,-0.53002334,1.2619072,1.0506165,0.56284374,0.7875485,1.1997782,1.4063584,1.6170361,1.5102042,1.0566386,1.1146432,-0.61230403,-0.42215806,0.8266206,0.4625347,0.8549556
1.6351141,1.1138039,0.755806,0.5630348,0.49001732,-0.5689703,0.59098667,-1.5736952,1.4243362,1.2854991,1.462019,1.6381419,1.5296851,1.5799361,-0.9647932,1.3276852,1.6711617,1.9578516,1.7643942,1.5224396,1.7132375,2.3309226,2.293269,1.5956681,0.9571771,-0.05548627,2.3580456,1.005668,1.390066,1.6700175,-1.2446275,1.2980344,1.4518517,0.36061153,0.6039728,-0.27840403,0.26601762,-0.9001271,0.7967462,1.0094024,1.1699864,1.0592638,1.3502734,0.7394187,0.155529,1.2059058,1.5493318,1.7536366,1.8006886,1.2825595,1.425426,1.4264944,1.3787318,1.2141229,1.283233,-0.44377434,1.5593208,1.1250247,1.2022883,1.7722346
0.562966,1.0257517,-0.061252736,0.6927688,0.47824636,-0.07423004,0.06541252,-1.5827335,0.7739877,0.8121403,1.4691832,2.1075704,2.144358,0.6146957,0.060166772,1.2008498,2.3637123,1.3371972,0.595639,1.6327113,1.9571475,2.5533113,2.5126634,1.7554526,1.3646768,0.49654004,-0.63859785,1.1788481,1.0942781,0.352347,-1.1865597,0.81996286,0.4458005,0.7697323,0.49459022,-0.0646127,0.6988002,-0.053695433,1.1101016,0.041433886,0.8580104,0.9923328,1.1849216,0.6528001,-0.6491142,1.3046501,1.253952,0.29211363,0.3543163,1.3858048,1.2421525,1.6073551,1.4545122,1.1124545,1.1544753,0.07757754,-0.49088505,1.0648156,0.6169791,0.4757473
-2.113496,1.3129106,-0.42309934,0.55912596,0.48005727,1.0045086,1.030077,-1.2887723,1.8207021,0.87193215,1.3707793,1.5950155,2.1442583,1.803216,0.33632717,1.4589665,2.0379198,0.48491964,-0.2107349,1.4328709,1.8633405,2.2297251,2.1550207,1.3345388,1.5032232,0.55092925,-0.33694452,0.8351763,1.684606,-0.18926477,-1.3448292,0.8084476,0.15233876,0.5981059,0.6529603,-0.16238289,0.34773627,-0.39082304,1.1477227,0.054562878,0.7346366,0.67628074,1.0787238,0.42770174,-0.8152484,1.4646578,0.98306,-0.068762735,0.05028528,1.3534375,1.292776,1.4115826,1.3524189,0.93345195,1.0445578,0.0070019346,-0.45180735,0.9837788,0.6632272,0.29474828
-0.5089172,1.4963638,0.26987615,0.37633878,0.47281358,-0.91193074,1.5329199,-1.0017374,1.4535524,-1.23916,1.1716821,1.3878461,2.3705635,1.4725085,-0.28524047,1.4709605,1.4175687,0.53518635,0.9996886,1.535709,1.7628002,2.07423,1.9191087,1.498503,1.39715,0.5891843,-1.1668599,0.63982666,0.4221634,0.9149234,-1.4332979,0.97189134,0.87433577,0.47512063,0.59047204,-0.75075215,0.097303994,-1.2858453,0.70626813,-0.34229958,0.7399719,0.84822446,1.3598778,0.44786218,-0.61908704,1.373737,0.883519,0.9162479,0.96306235,1.3035597,1.4728435,1.662838,1.6119708,1.0295483,1.2522304,0.07604144,0.056861825,0.9128038,0.42102587,1.1701298
-0.16088723,1.1753166,0.7967863,0.39268368,0.47960454,0.19949386,1.5463839,-1.8680543,1.3996692,0.043798883,1.6756552,1.9812857,1.3674798,1.2617949,-0.79528856,1.2932824,0.4245848,1.0844293,1.5374346,1.5652277,2.007178,2.5968294,2.4497664,1.9604391,1.3730954,0.98821366,-0.51218426,1.3340737,0.3683624,1.4479989,-1.3822304,1.4085188,1.3015659,0.15772747,0.63503176,-0.04027989,0.014572898,-1.0020747,0.6564467,0.16802885,0.84594077,1.2030331,1.4395881,0.9063221,-0.2217945,1.4467479,1.0417486,1.4614433,1.6291201,1.4710121,1.3754551,1.1539626,1.2597295,1.3454224,1.206062,-0.05886802,1.0886633,0.8666184,0.719098,1.701432
-0.8912054,0.636523,0.7030982,0.10752111,0.48549002,-0.41338632,1.0452408,-1.4361047,1.3070096,-0.106943674,1.0214231,0.893464,2.2352428,1.4393387,-0.25120574,1.4356745,0.79109204,1.0051415,1.1166126,1.4259235,1.9522485,2.7112122,2.3739974,1.6258799,1.5315248,0.46227905,-0.38547263,1.4435177,0.4365873,1.177913,-1.3710065,1.0466049,0.8737558,0.45362058,0.6093991,-0.80429476,-0.102419585,-1.3283558,0.65776217,-0.46203303,0.64785284,1.0814775,1.6187234,0.302826,-0.38410807,1.1560998,0.8488213,1.0131594,1.0661706,1.1713642,1.4828656,1.7276735,1.628254,1.1953318,1.2071166,-0.40521142,-0.20198356,0.7146839,0.41437262,1.2093558
-1.2124798,1.063712,0.8035072,-0.039390173,0.4877537,-0.31028152,1.1287653,-1.559442,1.1941712,-0.40303507,1.2950402,1.6116422,2.4174256,1.4434288,-0.048858926,1.5564731,1.5439861,1.1778617,1.4087266,1.5126239,2.0618086,2.8506594,2.696496,1.7045535,1.7876083,0.876261,-1.0134295,1.0493913,0.99507076,1.4269217,-1.5867496,0.91622126,0.6038615,0.35246798,0.56194735,-1.0150785,-0.21332498,-1.4561641,0.8419683,-0.43489316,0.6059211,0.89330983,1.4569844,0.12287268,-0.7642006,1.5633575,0.6873725,0.7011128,0.80717695,1.329896,1.6442529,1.5659797,1.532617,1.1166505,1.28886,-0.22236535,0.10793537,0.88868296,0.27463678,0.9169034
-0.82840824,1.0479028,1.0069832,0.16621795,0.4895646,-0.028225593,0.55508745,-1.5129796,1.4777043,-0.5370302,1.0449585,1.7125381,1.8112445,1.9456989,-0.12164311,1.2779499,2.012826,0.90413755,1.2293566,1.3160417,1.859591,1.858856,1.5488408,1.8468513,1.5589656,0.7074298,-0.43476626,1.0232618,0.49892136,1.278397,-1.4790511,0.97407955,0.8911079,0.18810467,0.65926796,-0.48909688,0.04857677,-0.96968937,0.5890061,-0.73444456,0.3385741,1.0233773,1.2412972,0.79670995,-0.94389015,1.2829152,0.7595436,0.57199603,0.97642565,1.0725924,1.2323693,1.4128408,1.4773302,1.0164552,0.9871585,-0.44615197,0.13723943,0.7316725,0.050904587,1.1891676
0.27819943,0.616128,0.87593484,0.11072402,0.49454463,1.6377861,0.16606471,-1.7429708,1.2479272,-0.40126917,1.3938508,1.1838448,1.4839967,2.1872773,0.6699509,1.2177564,2.4944103,1.1170866,1.4765677,1.3223119,1.7998703,1.0457628,1.0556054,1.9696364,1.4996239,1.2054789,1.3536801,1.2264667,0.5691135,1.6639899,-0.9365697,1.1649274,1.2958466,0.27978247,0.61177105,0.226349,0.59067374,-0.5585836,0.6936624,0.34844092,0.72413284,0.9132515,1.0061891,1.9591892,-0.15811671,1.1314151,1.0464885,1.3126395,1.5856819,1.1000249,0.9870813,1.1590406,1.0777986,1.2240099,0.95330226,0.31140086,1.126158,0.9417981,0.7092965,1.6428306
-1.1427091,0.48080975,0.003973197,0.18393873,0.48911187,1.1177009,0.23087554,0.023633651,1.3001099,-0.70401895,1.078733,1.793772,1.9501603,1.7182089,-0.3151491,1.3279446,1.9225506,0.37238923,0.69349796,1.2212386,1.1595057,2.4191573,2.3582268,1.3382728,1.3108138,1.1198678,-1.4561565,1.2925137,0.90262735,0.6405874,-1.639942,1.0190358,1.0366389,0.2308109,0.68380797,-0.4609688,-0.023842202,-1.0326098,0.49003866,-0.6758776,0.42196417,0.86558914,1.2976357,0.5782818,-0.7232974,1.4201251,0.9999275,0.8301301,1.0600297,1.2789633,1.5130166,1.888566,1.7284853,0.9661463,1.2088233,-0.3034686,0.051358193,0.9408341,0.18665265,1.1766834
-1.8462166,1.6239295,-0.11262198,-0.5505937,0.48865914,-0.8211478,0.80729365,-1.0137582,1.6616724,-0.45456004,0.49654934,2.1341064,1.8092141,1.8089906,-0.47951618,1.3819273,2.1031215,0.400705,0.3455743,1.206964,1.5302125,1.2685616,1.3954066,1.2978,0.9995364,0.9370726,-1.6464138,0.69029003,1.0238477,0.34588167,-1.1471789,0.8416316,0.52051204,0.64969194,0.6174301,-0.62226015,-0.10347158,-0.7798087,0.89488256,-0.5147566,0.5798407,0.87434345,0.6860355,0.22215948,-0.2661185,1.081643,0.76093984,0.47024816,0.51018655,1.0288975,0.81770736,0.83228457,0.6894771,0.79316956,0.89589864,-0.28728044,-0.06630788,0.5767972,0.19215703,0.6206092
-0.5512327,1.1512463,0.6681217,0.48351258,0.49499735,-0.032082632,1.0782045,0.37948725,1.1491385,0.20639998,1.451728,1.8740597,1.2246338,1.9634345,-0.159174,1.0791774,1.8235031,0.76486075,0.56675774,1.1456233,1.6377691,1.9058042,1.7493187,0.77486736,1.3247089,1.0197253,0.078155935,1.4615883,1.7685483,0.7240435,-0.97574914,0.99693686,1.1258262,0.3928875,0.42673543,-0.4431799,0.11504668,-0.6703188,0.60830784,-0.051548243,0.48991823,0.9627186,0.6576378,0.6160408,-0.2308234,1.0150746,0.6308451,1.1655397,1.3347497,0.92094535,0.80304855,0.6414463,0.5420119,0.82792604,0.74657696,-0.093388036,0.4946632,0.748838,0.44589278,1.2998062
-1.8853332,0.81285006,0.1689788,0.71722394,0.49092278,0.4619056,0.3709842,-1.8157262,0.93827826,-1.1814976,1.5514649,1.5976708,1.3203219,1.6238497,-1.2568415,1.1479578,1.3656429,-0.007654807,0.07838903,1.3738985,1.4726772,2.296821,1.8787026,1.2020991,1.016376,1.3481394,-0.2071864,1.6992172,0.012264838,0.2806243,-1.0050933,0.6764227,0.36210805,0.40357494,0.6870542,-0.74550503,-0.034509152,-1.0237843,0.7303769,-0.5306792,0.4647994,0.7347711,0.70916486,0.06358551,-0.4826626,1.0327817,0.41106212,0.32018632,0.35609955,0.90250933,0.9695248,0.9759959,0.8225527,0.7712818,0.8696014,0.011019396,-0.15331507,0.66074675,0.067144275,0.5634864
-0.98415285,1.5376107,0.7477168,0.47548044,0.49454463,-1.220252,0.8803998,-1.4671999,1.2375531,-0.76384926,1.5698271,0.94475377,1.474627,2.1481242,-0.2673082,1.3423322,1.8089647,1.0111936,0.9265349,1.3634633,1.6802022,2.414216,2.5926929,1.5505266,1.6286764,1.0469588,2.1850634,1.946138,0.6933746,1.0614582,-0.8433968,0.9299187,0.8583322,0.03538055,0.59474176,0.13899744,0.3987958,-0.12983362,0.30863756,-0.42882743,0.5766552,0.657308,1.0579116,0.8715572,-0.56501085,0.9472654,0.34461564,0.887668,1.1232102,0.8546501,0.99510837,0.81917447,0.6937732,0.6943214,0.7111905,0.24168777,1.1804771,0.7503938,0.23055463,1.254217
-1.8894452,1.4236195,0.6372547,-0.042743903,0.49092278,0.29644108,-0.13216446,-0.67990094,0.9819373,-1.0317291,1.0387872,1.4784199,1.6754689,1.8863382,-1.7332401,1.4664685,1.344094,0.7835655,0.7740555,1.364872,1.2848328,2.1144648,1.9208791,0.4880331,1.2404307,0.898366,2.2824295,1.293761,1.1415101,0.8775775,-1.123533,0.8528388,0.7149696,0.4908786,0.49931255,-0.8298727,0.2932129,-0.8508839,0.79612106,-0.33799767,0.53618133,0.9497035,0.7235003,0.40038842,-0.47341436,1.0597198,0.61335987,0.7087587,0.87500453,1.0069853,0.94422966,1.2653576,1.0356269,0.86916167,1.1294776,-0.027568065,0.43291086,0.9765199,0.39728272,0.98077476
-0.8751293,0.9909203,0.764564,0.14782318,0.492281,-0.42710805,0.6226551,-0.45490626,0.48155388,-0.543889,1.4102608,1.6022038,2.149725,1.864622,-0.49097776,1.2397392,1.2768149,0.65188867,0.7473718,1.2115688,2.0632367,2.3962827,2.4286876,1.122013,0.98801863,0.91076314,1.7023807,1.6533343,0.7338893,0.6614139,-1.3426144,0.926764,0.9300002,0.54322004,0.5900041,-0.46022704,0.76703304,-0.72809863,0.6741418,0.059811454,0.811487,1.1787411,0.81788015,0.5712147,-0.29504535,1.1191875,0.5058382,1.0942442,1.2445842,1.1433204,0.7211629,0.75473535,0.6550555,1.1166756,1.1118444,0.2266905,0.77211696,1.2839323,0.6453363,1.2849946
-0.22991921,1.2433902,0.7960837,-0.06448149,0.49318644,-0.8783397,1.3578179,-1.8571019,1.2376572,-0.7800408,1.0924762,0.93871063,1.6042122,2.3252985,0.10239986,1.2128626,2.1386497,1.2431567,1.4315053,1.4238541,1.557522,1.8012372,1.8969867,1.1525164,1.645551,0.98847437,2.5416899,0.80201644,0.6212539,1.4174476,-0.7741502,1.0457817,1.7603709,-0.042228907,0.63292205,0.36734903,0.8308636,-0.36642462,0.34973294,0.22248867,0.6447081,0.753843,0.6390035,1.2495576,0.12472546,0.8837305,0.69349706,1.6100063,1.8379833,0.934195,0.89584243,0.82612383,0.73589444,0.95304704,0.7133468,0.25734705,1.4358932,0.6825722,0.5917557,1.9061389
-1.8880745,1.6126046,0.77325237,0.57279265,0.492281,0.13927352,0.7445078,-0.3664704,1.5846238,-0.03631008,1.5404316,1.894015,2.3286994,1.876134,0.025851358,1.2405498,1.5962186,1.0052199,1.0856396,1.0859715,1.8948512,1.7363385,1.3715291,1.1182729,1.4300106,1.1854811,0.22491965,1.6360918,1.3954484,1.32275,-1.2410448,1.1963203,1.0422056,0.31326336,0.7212625,-0.3644907,0.29847276,-0.86519146,0.62282264,-0.25444317,0.57900923,0.80766255,0.98931897,0.57491434,-0.07758421,1.1377633,0.9795943,1.0750715,1.1626961,1.1078696,1.0687,1.2636993,1.1084098,0.96892184,1.0095527,-0.05763614,-0.018946892,0.802205,0.36434665,1.2576594
-1.8025662,0.80694944,1.1118169,1.5835407,0.49273372,-0.8922636,1.1102172,-1.7521847,2.0420594,-0.2521553,1.3129761,1.4590337,1.5000967,2.2037914,1.1022122,1.5147575,1.7407857,1.3372784,1.0913721,1.2669452,2.0778162,2.4714656,2.207612,1.1940084,1.2775723,0.934807,-0.28798375,0.62697524,0.75805473,0.56280655,-1.2793196,0.9732569,0.6142646,0.72459686,0.63631016,-0.6081968,0.15114827,-0.76571125,0.84973395,-0.22860236,0.64928615,0.8016553,0.64166003,0.26365373,-0.25595725,1.0141523,0.7089985,0.6126478,0.6839634,0.97456473,0.92895544,1.0831296,0.9313068,0.93991756,0.85345566,-0.30586407,-0.3715232,0.5420528,0.31415108,0.7276032
-1.7682996,1.3320804,0.6378815,1.8592551,0.49001732,-0.4845227,-0.23688704,-0.21077041,1.8783267,-0.57401556,1.7073185,1.1186885,1.6754231,1.152478,-0.63150924,1.0331296,1.0697204,1.1152405,1.1896192,1.2242038,1.5241959,1.4024334,1.0169216,1.1192998,1.1679103,0.7044282,-0.5194898,0.9946229,0.74768364,0.80186146,-1.3329873,1.0505213,0.5882354,0.5025619,0.5674225,-0.59914166,-0.005852023,-0.8065401,0.52115506,-1.0394073,0.34627897,0.75815344,0.87389773,0.23735699,-0.5412345,1.0320315,0.33829165,0.66218495,0.82476294,0.9764538,1.0653851,1.1950034,1.139494,0.8666933,0.8254829,-0.3747903,-0.1021971,0.65914184,-0.24983175,0.8525906
-1.6881685,1.1743393,0.70038015,1.7048842,0.48277366,-0.94714737,-0.17889294,-1.6616101,2.1051419,-0.904702,1.4890839,0.5977618,1.3638008,1.1531445,-0.8885809,0.709899,1.4437883,0.86142147,1.1385427,0.6587102,1.0407469,0.46230564,-0.58398473,1.2872542,1.4708102,0.6451942,-0.762343,-0.110450916,0.61440384,0.87783694,-0.7918176,0.5417228,0.49059612,0.8749277,0.49709392,-0.734573,-0.0936554,-0.8192364,0.9022636,-0.13657986,0.47980922,0.4657861,0.37021276,-0.0675022,-0.27315348,0.7657684,0.41903076,0.49696013,0.6317583,0.8639397,0.45902666,0.4696863,0.36585993,0.47270697,0.55842245,-0.29005238,0.11222108,0.34335667,0.07836227,0.7549493
-1.0640364,1.9611567,0.21116394,1.8894175,0.48639548,-0.78974456,-0.21472238,-0.38464066,1.8500487,-0.7954262,1.4395969,1.521727,0.95009834,0.93687415,-0.4922077,1.1779374,1.4134973,0.014387882,0.28675637,1.1195853,0.97179675,2.1294348,1.5401833,1.0238134,1.133054,0.9539599,-0.8242733,0.93962604,0.9035745,0.16291618,-1.1826823,0.87280047,0.24430057,0.6619752,0.5035906,-0.9879516,-0.26276624,-1.1023626,0.86130524,-0.56445,0.55487174,0.851676,0.7966254,-0.30695075,-0.47786754,1.1089733,0.7192099,0.32573742,0.4522773,0.92658937,0.90925753,0.9742395,0.7842233,0.84309065,0.9161065,-0.51150197,-0.16656755,0.7245223,0.12907119,0.49875206
-1.7231731,1.5423267,0.796189,1.7216028,0.4877537,-1.7448243,-0.20494507,-1.6889043,1.9209529,-0.24529955,1.1036885,1.6573431,1.7949805,1.0775753,-0.17277436,1.1206793,0.71636564,0.87150955,1.3731196,1.2850494,1.3915168,1.4064308,1.5412079,0.83601844,0.82327753,0.7139323,-0.57590497,0.37095883,1.0967921,1.0949842,-1.5759615,1.0587914,0.7549268,0.8608093,0.6815381,-1.0101681,0.049226828,-1.2174389,0.9456483,-0.46290562,0.86324215,1.2862941,1.1448646,0.015652027,-0.1769577,1.086731,0.51869094,1.0252585,1.0903288,1.1668391,1.0887969,0.8707478,0.8605408,1.12057,1.1471665,-0.40171245,0.12546276,0.8959228,0.30745417,1.1179829
-1.3363298,0.15108289,0.38497713,1.9228988,0.48367912,1.5703118,0.81144,-1.3888432,1.3783196,1.0495661,1.221264,0.94021535,1.2912153,1.9274975,0.24240422,0.17738485,1.4136822,1.0040306,0.6056815,1.2605982,0.53292346,0.11484608,0.2392329,1.6634035,1.4345274,1.2838029,-0.37276325,0.56972253,1.3802766,0.71570325,-0.8200867,0.7582505,0.24187247,1.2157177,0.21350805,-0.6474216,-0.10218862,-1.1196212,0.95161057,-0.045404427,0.6014835,0.44307485,0.33895594,-0.29211894,0.4319958,0.51022553,0.47144088,0.41716558,0.34216067,0.67416734,0.1403531,0.30069953,0.22253752,0.5506386,0.34697565,-0.78884786,-0.34727675,0.56885934,0.34309053,0.34103867
-1.4914256,0.90503013,0.8718759,1.5833588,0.4850373,0.19996202,0.076489046,-1.5091457,1.8490782,0.95804465,1.5984467,1.7392209,0.06816975,1.8016856,-0.123802826,0.4584914,1.3073655,1.1821579,1.2017887,1.1968157,0.81491405,1.2518328,1.1586024,1.2987559,-0.5425629,1.0426489,-0.43360785,-0.3987205,0.8316144,1.0585278,-0.85256594,0.6590577,0.93138784,0.56691074,0.3581318,-0.32325643,0.4157616,-0.7358546,0.5977474,0.36860865,0.5758087,0.45461214,0.92602295,0.22638802,0.54184103,0.46715018,0.77869886,0.9302213,0.88123095,0.8445693,0.8578806,0.89579946,0.87184376,0.8608525,0.47188434,-0.110584565,-0.18102913,0.4812382,0.5062483,1.1233182
-0.6917801,1.6557714,1.4289796,1.2056301,0.48820642,-0.25354347,-0.22933382,0.12779006,1.7389892,0.35899973,1.2682699,1.8480885,1.501784,1.6579053,0.11664278,0.82386464,1.7388228,1.1651783,1.681382,0.9882897,0.9361805,2.5012882,2.3788946,1.1181234,0.9260551,0.433757,-0.35160983,0.47454435,0.9684786,1.5288657,-1.5776714,1.3224342,1.1564348,0.62431955,0.6354312,-0.57543576,0.19882034,-1.0577735,0.85511297,0.081899315,0.9773204,1.6025984,1.5043461,0.8496941,0.2616252,1.1586497,1.1246115,1.5468478,1.6914566,1.2760836,1.3279133,1.3538669,1.323001,1.3786789,1.2301804,-0.36737198,0.5782399,1.0766597,0.757277,1.6267605
-0.4448296,1.2418598,0.94215685,0.5875172,0.48730096,-0.30846292,0.21869208,-1.0190903,1.3461758,0.26895446,1.1108491,1.5710148,1.1738465,1.687555,0.2432159,0.7808998,0.6151003,1.409494,1.629523,1.4378405,1.8180189,1.8585157,1.8114421,1.8676647,1.2120335,0.6079367,-0.61128026,1.3221879,1.4081314,1.5914819,-1.3949265,1.1952733,1.4590375,0.6373916,0.7221194,-0.08679162,0.6208732,-0.95102274,0.79540354,0.44913155,1.0375439,1.3363076,1.6144953,1.540862,0.48865867,0.9627428,1.1469944,1.7205033,1.8789428,1.3311859,1.3630718,1.2974834,1.3849658,1.417724,1.0329243,-0.18532234,0.3655541,1.0392483,0.7958319,1.8235093
-1.9637773,1.1722107,0.41030732,1.1443692,0.48820642,-0.017526995,0.36012536,-1.8819621,1.5029137,-0.08635658,1.0658536,1.3804435,2.1357398,1.6195092,-0.15820803,1.2285967,0.5095004,0.9516196,1.0231682,1.5228068,1.6377847,1.80107,1.5430661,1.7593161,1.3899328,0.27055058,-0.1323657,1.4829324,1.2312951,1.169601,-1.4010265,0.9070074,0.52305585,0.6054442,0.32353398,-0.6884342,0.19140486,-1.2766105,0.5454463,-0.49353567,0.39201194,0.7610817,1.3207567,-0.24116346,-0.12085879,0.8448316,0.7460056,0.6279819,0.7583805,0.9691547,1.163744,1.1211758,1.111876,0.8667967,0.79804415,-0.3284927,-0.167848,0.8527233,0.04093963,0.90691316
-1.989609,1.7466956,0.8746644,0.62305826,0.4832264,-0.60860145,0.65980923,-1.1725252,1.3323482,-0.5261763,0.84907854,1.1032029,2.269414,1.4629605,-0.4342341,1.1916612,0.94019276,1.1556801,1.5391586,1.1680309,1.5484678,2.5231104,2.4472988,1.3435426,0.6822156,0.24790208,-0.6263116,1.0409046,0.79754966,1.3886033,-1.3894658,1.0783534,0.7136494,0.38058764,0.5631143,-0.46616,0.22078094,-1.0204101,0.5948431,-0.5585935,0.6382209,1.1410499,1.2926341,0.6418492,-0.19014733,1.066014,0.52791464,0.8940055,1.0779316,1.0985174,1.0706723,1.2788388,1.2607517,1.18736,0.9720496,0.0810128,-0.056577735,0.77869207,0.19402862,1.127305
-1.9457479,1.42142,0.999598,0.5944393,0.4786991,-0.12866901,-0.3711843,0.22347656,1.6641134,0.3326665,1.0000869,1.4279103,2.758834,0.2865652,-0.62332153,1.1424737,1.142682,1.1340938,1.7332885,1.3762791,2.0548172,2.6967328,2.4709969,1.338462,1.0878406,0.08546856,-0.7466132,1.5217375,1.1836482,1.5875778,-1.3485322,1.0908788,1.2108938,0.41115674,0.5889274,-0.35493004,0.42529124,-1.047299,0.67840034,0.16121009,0.8767937,1.0933871,1.371455,0.5887398,-0.13509959,1.2817574,0.98805827,1.3764169,1.4807755,1.3136326,1.3924621,1.6958861,1.6218041,1.2402028,1.1290469,0.034653887,0.2194072,0.9465473,0.72488254,1.5339531
0.029929642,1.0671368,1.0248911,0.6310914,0.48277366,-1.9271683,0.26234633,-1.3939883,1.4861907,0.24923734,1.1522279,1.2526851,2.2910259,0.2751406,0.7044276,1.0834504,0.49256262,1.6072183,1.4789475,1.3177538,1.7776135,2.6949122,2.469749,1.7903584,1.4177155,0.9488543,-0.33596346,1.1021297,1.1183993,1.5901942,-1.704132,0.968675,0.8401937,0.6630253,0.23982666,-0.919614,0.10973598,-1.5311536,0.7998961,-0.1757845,0.78176945,0.96917045,1.5214177,0.09225556,-0.15911567,1.0677693,0.8016776,1.0266676,1.1048274,1.2753425,1.4999493,1.7391896,1.6441202,1.2567527,1.0518004,-0.3454758,-0.25286052,1.0193892,0.48687953,1.1385225
0.3334432,-0.22558089,-0.27714553,0.506958,0.44021702,-0.023041936,-0.07216873,-0.8882489,0.23515832,-1.4374344,0.18271695,1.4547153,0.8111406,0.9709233,1.4509717,0.45800835,-0.55466145,0.110315435,0.21760985,0.68122977,0.14765991,1.6484244,1.2909427,0.087329976,0.99426603,-0.26300636,-0.47372285,0.14380425,-0.94332254,0.20778057,-0.8433706,0.6781493,0.5327792,0.96217257,0.48885244,-0.6408818,0.43978572,-0.94069785,0.8443155,0.21917866,0.7972871,0.35036784,0.70537305,-0.21058331,0.5330998,0.6540806,0.45709914,0.759693,0.66022897,0.7900457,0.749141,1.0263458,0.8944617,0.7859174,0.6579007,0.060192272,-0.3276167,0.6087268,0.49083772,0.7555143
-0.3960867,1.2886299,-0.033513952,0.7036207,0.47190812,0.3669046,0.8574045,-1.0785149,1.357377,-0.77598137,1.4421155,1.5853189,1.5167328,1.2150388,-0.33731496,1.3475547,1.2869207,0.48228395,0.13818416,1.4164206,1.8645312,2.7443392,2.8998113,1.4555234,1.1213,0.43707627,-0.40993938,1.5422378,0.84703195,0.53437245,-1.3544046,0.8280256,-0.046590555,0.989312,0.47057128,-0.25066808,-0.07275206,-0.69638723,1.3427702,0.1282107,0.73111475,0.7713858,0.94148606,-0.16170038,-0.43289393,1.2743567,0.8809814,-0.05449871,0.057343945,1.0453066,0.69147044,0.63605803,0.53101254,0.91168904,0.92875564,-0.7518627,-0.60983986,0.978983,0.54142094,0.20657338
2.2554102,0.47383866,1.3111643,0.4673564,0.48594275,-0.90567845,1.9182023,-0.70941,1.2608392,-0.024525546,1.3652309,1.6381044,0.99464357,2.735223,0.29706532,1.2673545,2.0604255,1.5381563,1.628236,1.2830362,1.4542235,2.5370667,2.2006457,1.7069799,1.7553781,0.2890258,0.0438119,1.2443485,1.166878,1.5958998,-1.0130875,0.8461523,1.2410864,0.24004109,0.6157929,0.6003589,0.8783579,-0.33627245,0.694804,0.7086665,1.0135974,0.8242024,0.84309155,1.5657768,0.057474155,1.1385434,1.0485809,1.2447453,1.4302565,1.2661408,0.95693994,0.9378624,0.85335034,1.0182962,0.8289749,0.1595652,0.45521882,0.87588483,0.8263324,1.5288185
0.61123025,1.4887074,1.211378,0.52708006,0.48096272,2.3527732,0.57510847,-0.84648466,1.1782137,0.54603183,1.3927897,1.2855179,2.144089,1.6070877,0.14072363,0.93887234,1.4640359,1.6768907,1.6771252,1.5134106,1.6652962,2.4010808,2.3131273,1.1567414,1.2015216,0.36061493,0.6445894,1.3536605,1.0858237,1.68658,-1.3138424,1.1131244,1.2584964,0.48479936,0.65954536,-0.7459055,0.15607245,-1.2257638,1.0280851,0.49085695,1.0587052,1.066668,1.3302051,0.7164074,-0.10642345,1.3839508,1.0737948,1.405092,1.5124767,1.3773923,1.5288477,1.7555249,1.5713292,1.452763,1.3310246,-0.07373238,0.2514476,1.1174338,1.0750567,1.589672
-1.9732665,1.0471226,-0.03168165,0.26584828,0.47371906,-0.5046265,0.18086684,-1.5367253,1.2190417,0.29622868,1.1661193,1.3393286,2.0178835,0.8611885,-0.15064427,1.4968235,0.90640455,0.16338724,0.10986946,1.5797191,2.2294078,2.6646664,2.601602,0.8500545,1.5926592,0.30252302,-0.9958999,1.3314325,1.5837191,-0.12404791,-1.6882554,0.8250363,0.113974825,1.044977,0.55771023,-1.3059105,-0.44131115,-1.5154505,1.5464021,-0.27236623,0.8481927,1.0598466,1.3615885,-0.24618149,-1.0287466,1.5268788,1.1703882,0.03889543,0.0734472,1.3070633,1.1815237,1.3696189,1.2828273,1.3455775,1.3079002,-0.65493524,-0.8121113,0.983663,0.6048125,0.21656765
-1.4241573,1.3827437,-0.5096395,0.49496993,0.4746245,-0.29900548,0.84902215,-1.4777106,1.3600513,-0.89765644,1.2802142,1.9198369,2.1034386,1.0846469,-1.0141718,1.3619311,1.5934917,0.5162891,0.23397681,1.5493776,2.0667708,2.9643707,2.6402566,1.5182586,1.4170629,0.74896634,-1.4689642,0.6662116,0.8728664,0.20062488,-1.342515,0.6661387,-0.07834212,0.8811452,0.49633417,-0.185567,0.025566867,-0.5060984,1.1840328,0.040853277,0.75478,0.828471,0.87874186,-0.16696295,-0.46700376,1.068067,0.7200206,-0.08087095,-0.0848314,0.985804,0.7477279,0.88852435,0.7676869,0.9950216,0.90669054,-0.41427004,-0.28784758,0.989266,0.765717,0.032825038
0.20971893,1.1196282,1.1204208,0.6752184,0.48186818,0.57309926,1.1383227,-1.8495395,1.2890965,-0.600238,1.1548525,1.535277,1.6181821,1.1317173,-0.871253,1.390005,0.82180643,1.3275928,1.5899062,1.6110047,1.8378179,2.6200385,2.208483,1.3166163,1.3040211,0.7617256,-0.3946344,1.2378134,0.8523764,1.3584784,-1.3541343,0.97148854,1.2896062,0.3966646,0.5835433,-0.46663338,0.0006351732,-0.88650477,0.6550751,0.24742426,0.6763954,1.2056354,1.2726084,0.8445426,-0.45418626,1.3811986,1.142376,1.2861028,1.4470956,1.343738,1.2727988,1.411048,1.4157137,1.2319036,1.2073685,-0.22930522,0.6500872,0.7341356,0.70718527,1.5700182
0.9408595,1.5910772,0.8606717,0.60163385,0.4895646,1.8187451,2.0127792,0.48949227,1.2156808,1.2979897,1.681905,1.9456123,1.2724504,2.1310198,0.6771415,1.0193073,1.0413638,1.8094909,1.9181414,1.4411896,1.5841267,1.7110039,1.9266536,1.8473953,1.1430272,1.5634012,0.27553478,1.4249226,1.4325055,1.6821398,-0.6817083,1.2004972,1.6040944,0.36114636,0.7266393,0.26098698,0.4503654,-0.34439376,0.87541103,0.8369148,0.80564696,0.9585137,0.92359984,1.6533134,0.27666318,0.9457172,1.1823355,1.6490562,1.7552377,1.0776342,0.8215649,0.81127536,0.85290974,1.183376,0.83400327,0.047225356,0.59537214,0.5550218,0.909611,1.7822964
-1.4285972,1.1004444,0.8386133,0.47343552,0.48639548,1.8593649,1.3827744,-0.9097414,0.9842298,1.3500609,1.6047491,1.3595716,1.6227034,2.2592824,0.25133008,1.438901,2.404145,1.8656673,1.6478212,1.4299554,1.892358,2.3537211,2.292267,1.650251,1.3547326,1.1792115,0.35594943,1.6316012,1.7757704,1.4224062,-1.4034628,1.2527807,1.0921634,0.76547605,0.62438434,-0.38528714,0.21585818,-0.83078074,1.0806673,0.5660595,0.8712458,1.1313815,0.85421073,1.0141301,0.14192028,1.3320951,1.0139128,1.2457741,1.4761786,1.3908917,0.9352359,1.036172,1.022585,1.1582129,1.0565629,-0.11664573,0.1425345,0.8654927,0.8072078,1.5688444
0.2395013,1.1232083,1.4047645,-0.24649072,0.49499735,3.3630192,1.9150583,-1.1772175,0.63699704,0.5178971,1.240286,0.5950135,1.2710322,2.6411161,0.025810119,1.0999908,2.0492,1.6125984,2.050904,1.3163671,1.3532844,1.4557041,1.0993638,1.4549198,1.7902687,1.2079735,0.33654013,1.2893097,1.2550839,1.7746164,-0.7665226,1.1941979,1.7987297,0.11261899,0.6618818,-0.07599281,0.27667984,-0.858182,0.4728673,0.54019815,0.9201724,1.1692995,0.7988791,2.0169177,0.7380112,0.7149703,0.9012927,1.9337564,2.1279435,0.91349065,0.6433357,0.59207296,0.5942265,1.1720495,0.6733899,0.07139027,1.2965516,0.7965836,0.82539594,2.1074798
-0.47600967,1.3581849,0.8223925,0.49087292,0.48413184,1.9785576,0.5430503,0.3986375,1.1400319,-0.514463,1.232328,0.89302087,2.095995,1.4588852,-0.7197318,1.2808452,1.4998275,1.2435794,1.6343637,1.3799347,1.7964095,2.1670043,2.217702,1.3550256,0.9735801,0.72228545,0.18690473,1.331394,0.68467754,1.5092916,-1.0310056,1.0958635,1.5635102,0.37371778,0.7251531,-0.083428204,0.5994631,-0.55337644,0.6450615,0.35420895,0.78208435,1.1036847,1.3467191,1.4063458,-0.019461993,1.2404383,1.1737695,1.706275,1.7771407,1.3447542,1.3654395,1.4362639,1.485812,1.292097,1.1881548,0.3235414,0.5827222,0.97829777,0.7921676,1.7963141
-1.2211121,0.55625343,0.3587436,0.5333069,0.48413184,-0.98098904,0.96396554,-1.8539726,1.453312,-1.3063445,0.98516244,1.48442,2.1435995,0.9942523,-0.0032070877,1.3212347,0.8723966,0.8112928,0.6083713,1.5326053,1.651758,2.335667,2.3980064,1.664334,1.4332945,0.52330285,-0.8102918,0.9204146,0.42235917,0.9312044,-1.3486356,1.2046999,0.9602044,0.48734942,0.6564306,-0.653704,0.40589264,-1.1949964,0.7609439,-0.2354881,0.78020847,0.98412365,1.4002757,0.23439111,-0.69677573,1.5528914,1.0189978,1.0051326,1.1122218,1.3548417,1.5380602,1.8084555,1.764617,1.0684997,1.2209538,0.058866277,0.27881378,0.9185987,0.4112482,1.2156806
-1.8507503,0.9005681,0.31560436,0.12404891,0.48730096,-0.30524442,-0.27554762,-1.7890406,0.6240262,-0.97618544,0.9067211,2.3891358,1.5250878,1.8621039,-0.4728823,1.0021464,1.7379814,0.39189637,0.61321497,1.2762823,1.7940601,2.0409653,2.1028717,0.5504482,1.2578043,0.6808709,-1.2436187,0.9412599,0.712046,0.48031613,-1.0247617,0.98450774,0.7389529,0.36315414,0.640983,-0.55147254,0.2507647,-0.96765995,0.68232244,-0.4513987,0.6397016,0.86748165,1.0629077,0.232581,-0.53325707,1.2446711,0.7173064,0.7396014,0.8038348,1.2465411,1.178815,1.2898905,1.0911583,0.6627103,1.0097203,-0.07632932,0.1099949,0.6064711,0.13771494,0.96017444
-1.870994,0.88515157,-0.7363446,0.39285618,0.48865914,-1.1524377,0.7684202,-0.92235035,1.4655275,-0.7544262,1.3022362,0.8432923,1.7808609,1.9224551,-1.114118,1.4130318,1.2461759,-0.010531525,-0.017543761,1.4180129,1.839024,1.811531,1.6466776,0.45199636,1.4417349,0.7262592,-0.78210723,0.48873773,0.669493,-0.1120413,-1.5345256,0.9398658,0.36394912,0.50212264,0.64552236,-0.8759221,-0.012760835,-1.0613141,0.94530565,-0.48508564,0.5911215,0.91854835,1.2623271,-0.07150805,-0.747223,1.5101302,0.75481975,0.32770848,0.4594936,1.2843477,1.420553,1.4103193,1.2695476,0.8865109,1.2193825,-0.26213378,-0.37626514,1.0378193,0.3526614,0.5470458
-0.57147014,1.322254,0.6976526,-0.63852453,0.49363917,2.295329,1.4030707,1.9903754,0.93219024,-0.9903631,0.92721456,1.4850725,2.2912583,2.6044838,-0.5591618,1.3919451,1.660909,1.2566085,1.5791953,1.4289994,2.1679974,2.3946247,2.581331,1.1497296,0.7036752,1.0149611,0.30881652,1.1011646,0.6258309,1.4733547,-0.8724061,0.92952526,1.2914561,0.16410501,0.6765545,0.30526915,0.7648916,-0.4851705,0.4575186,-0.016899418,0.74221736,1.2780559,1.1705397,1.2065165,0.02859332,1.0543227,1.0925947,1.441182,1.4397571,1.1884776,1.4375936,1.5614967,1.4052105,0.9346214,0.98337966,0.23531467,0.39782634,0.9274585,0.3950363,1.5515186
-1.9400543,0.8867505,0.7993321,-0.37563866,0.49318644,-0.16936426,0.3457998,-1.176344,0.9518144,-0.7495789,0.6189389,2.1264648,2.055045,1.5035596,0.3913695,1.3559442,1.9067928,1.4364076,1.4372208,1.4341756,1.6529413,1.6999311,1.289063,1.4796592,1.7635745,0.6403454,2.4249861,0.8127523,0.5886855,1.173381,-1.220896,1.124325,0.9426958,0.3836597,0.4905363,-0.5257445,0.12751727,-0.98874754,0.78081805,-0.51648355,0.58594584,0.9555045,1.0782247,0.46203497,-0.8521332,1.3189951,0.92930394,0.82985294,1.0572479,1.1749848,1.2571245,1.2717221,1.1121132,0.73094225,1.0922128,-0.23099466,1.0632477,0.77204174,0.21077795,1.1899446
-1.8076271,0.8586136,-0.8200684,0.03808204,0.48865914,-0.20759173,-0.24804291,-1.1135129,0.7788419,-1.0612302,0.7478877,1.5288318,0.5264857,1.0393177,-1.833235,1.0149506,0.8875207,-0.36550283,-0.39543542,1.2164253,0.8648687,0.722004,0.25415656,0.87461275,1.7001262,0.84357184,-1.2705563,0.91098875,0.1912601,-0.2700635,-0.9799408,0.6312085,-0.07034941,0.8871921,0.57253695,-0.5177514,-0.16008808,-0.7737011,1.069389,-0.25848135,0.6528994,0.68290955,0.14385301,-0.038046945,-0.28048873,0.9670498,0.65100193,-0.16044493,-0.16194178,0.73149127,0.17139809,0.08277493,-0.090842724,0.62282133,0.751326,-0.6455374,-0.4754752,0.47758344,0.30415523,-0.1396642
-1.805413,1.6580324,-0.38780016,0.43738395,0.48911187,-0.25458848,0.3071837,-1.3301947,0.8014008,-1.5345776,1.3094461,2.443806,1.219361,1.6310713,-0.8559024,1.4035399,1.1304184,0.0015305663,-0.21867308,1.1287307,1.5389509,2.1985183,2.290893,1.1826575,1.1808906,1.3750126,-0.57188135,0.97848624,0.20931327,-0.30419293,-1.3104284,1.0045394,0.646876,0.26833308,0.6560088,-0.80729246,0.25485307,-1.105638,0.5542656,-0.556763,0.49944097,0.9276936,0.71330667,-0.026152566,-0.34262198,1.1886525,0.2568381,0.8127296,0.90073234,0.9568323,1.1566625,1.0366882,0.9067765,0.8033633,0.9460546,0.12675296,0.022480318,0.83552086,0.17053753,0.9475592
-1.8449514,1.8426261,0.82845384,0.55433244,0.49137554,-0.33818087,0.010509799,-0.32666254,1.5679982,-0.73027015,0.9735874,1.642144,2.2258236,2.0598426,-1.8870491,1.3651683,0.8218471,0.7964212,0.8315519,0.9709593,1.4663433,1.5274104,1.4041718,1.1128008,0.74428695,0.8135076,-0.24300659,0.83606964,0.36142775,0.27426302,-1.4752548,0.61527157,0.039165083,0.6220161,0.7390525,-0.721848,0.22078378,-1.4010953,0.9773003,-0.26558504,0.705369,1.0433319,0.63043743,-0.43744957,-0.11102727,1.0956465,0.5173255,0.10101055,0.103764266,0.8159328,0.58484167,0.38497272,0.25460204,0.9186961,1.136733,-0.039153613,-0.5083494,1.1169508,0.45377424,0.23695676
-0.41089675,1.9853848,0.9200561,0.18170588,0.49137554,0.7791252,0.48800254,0.802069,1.3833888,-1.3045039,0.32693395,1.5201203,1.8404845,2.468234,-0.3921185,1.1420641,2.297532,1.1788182,1.3926433,1.153435,1.8192773,1.8188355,1.2779151,1.3514544,1.1712074,0.9308453,-0.22754839,0.54912484,0.72745234,0.9982466,-1.0997555,0.8122065,0.9745837,0.7862919,0.3593103,-0.4142611,0.09239994,-0.6097614,0.8752125,0.24626128,0.5777297,0.68997884,0.6026406,0.3848683,0.12729892,0.86041117,0.51481104,0.9822799,1.0480201,0.9913343,0.763942,0.7731177,0.6698446,0.71601087,0.8286815,0.014602592,0.13274215,0.5874717,0.62838084,1.0640523
-1.9334118,1.0294812,0.687499,0.3821722,0.49545008,-0.8997693,0.74258494,-1.8559718,1.2176635,-0.87668175,1.2292,1.481909,1.8780811,1.8804159,-0.7621451,0.83321625,1.6678486,1.0069292,1.022393,1.369828,1.705035,2.1771548,2.0889275,1.5070117,1.4447856,1.0990026,2.2737536,1.0371618,0.14018007,1.0932093,-1.2324644,1.1460693,1.3909856,0.37689054,0.52792567,-0.5325961,0.264592,-0.81134766,0.5779672,-0.4816489,0.7021711,0.5842064,1.1852101,0.5323132,-0.75049984,1.2028104,0.4977772,1.365299,1.5475365,1.1166295,1.369323,1.4866455,1.3288311,0.7646156,1.1109604,0.013100045,1.3184255,0.72112983,0.27703092,1.5785924
-1.0815052,1.1866397,0.3310296,1.2627116,0.49454463,-0.2558027,1.169207,-1.7756542,1.94981,-0.5818252,1.5356028,0.84335756,1.361976,1.8634448,0.16334435,1.1589895,1.0124863,0.4640106,0.46121773,1.2382274,1.6653212,1.1064062,0.7589139,0.6292281,0.7571628,1.0499936,-1.4074147,0.89572155,0.73695683,0.25093892,-0.90886873,1.1342655,0.71170515,0.5150673,0.58014846,-0.5030009,-0.012719082,-0.79822725,0.4674161,-0.42517498,0.6600438,0.5195183,0.7856467,0.36362332,-0.13053422,1.020246,0.45803955,0.9041595,0.9959372,0.96341836,1.0267206,0.803479,0.6909928,0.75264466,0.8760455,-0.16439655,0.47600245,0.5938733,0.19169404,0.9604859
-1.671088,0.36245504,-0.1513377,1.4627699,0.48730096,-1.7144885,0.087901406,-0.8250753,2.05718,-1.0517335,1.2550492,1.5081472,1.3619523,1.2919611,0.111876346,1.36807,2.0461295,0.29529873,0.35463962,0.9453806,1.1457297,0.8050716,0.46928668,1.0422415,1.3421158,0.94167286,-0.4699011,0.20272824,0.14575186,0.25621533,-1.1557925,0.8518335,0.5475098,0.26086813,0.49457794,-0.34550497,0.24708906,-0.7401484,0.61113006,-0.35512692,0.49678725,0.9848679,0.9398839,0.41478768,-0.36843604,1.2561061,0.7513713,0.5819741,0.7137603,1.0898974,1.144779,0.8003077,0.7504257,0.796367,1.044268,-0.088424206,0.2169921,0.9014114,0.21027234,0.82279676
-1.5891645,1.1038098,0.5993017,1.2082458,0.49047005,2.1756911,0.0359786,0.019234909,1.8123399,-0.34092662,0.75651175,1.7446055,0.9366266,1.9369417,0.26735967,1.2197564,1.4900528,0.9427724,0.91158533,0.9117587,0.61776376,-0.89401585,-0.8691668,1.2451903,1.3510361,0.91538775,0.055822868,0.46925884,0.60470235,0.7024827,-1.0816349,0.8840832,0.85187656,0.8722193,0.43821886,-0.17234963,0.1787799,-0.92232406,1.0671245,0.23097907,0.8063427,1.0779927,0.6307363,0.5430172,0.29962936,0.90113413,0.69962597,1.0273886,1.0555797,1.0527354,0.87963945,0.5968023,0.44778702,0.8602562,1.0212251,-0.36293027,0.51415014,1.0150576,0.67174995,1.150284
-1.6997664,1.0212045,0.59236276,1.5628262,0.48730096,0.2677288,0.32485962,-1.1041902,1.8160169,-0.20962359,1.4317112,1.2019674,1.4479804,1.3009694,-0.72809994,0.9636635,1.1963401,0.63471603,0.72242296,1.1488447,1.0781599,0.784985,1.0640885,0.9114036,0.58293855,0.7251103,-0.5174192,0.42849967,0.67780703,0.56231725,-1.1427978,1.0841353,0.8104833,0.72031355,0.5996268,-0.63895357,-0.023960335,-0.6128154,0.9484003,0.12241839,0.7094304,0.91978604,0.5373524,0.80296105,-0.075129524,0.95803934,0.63548505,0.7994336,1.0324608,0.8845815,0.51974726,0.6175948,0.5077542,1.0287933,0.8503772,-0.2701675,0.4152643,0.9496858,0.5914779,1.1456864
-1.6490519,1.2338251,0.5090928,1.5826899,0.48820642,-1.6981117,-0.025229974,-1.6346638,2.1805634,-1.3330969,1.0233945,1.8989098,0.94457906,1.2287499,-0.82971436,0.9274295,1.1016904,0.8722193,0.7845696,0.79778224,1.0803595,2.2933679,2.3842742,1.2171717,1.2877594,0.49621034,-0.8738841,0.7779882,0.25621432,0.7798972,-0.8951127,0.7206066,0.3485716,0.9184953,0.5159593,-0.6005815,-0.15722297,-0.7346271,0.86469364,-0.20898479,0.5778403,0.7335733,0.5524932,-0.00588198,-0.09483951,0.7744438,0.51304644,0.40829116,0.53908813,0.89366066,0.47115934,0.4979331,0.4448499,0.6638738,0.58050925,-0.6510056,-0.11828159,0.4541395,0.043205425,0.54499924
-1.2694836,0.3960148,0.3483929,1.331485,0.48277366,-0.5327638,-0.68756074,-0.5881247,1.9409298,-0.9297916,0.7877004,1.8528317,0.30191255,0.37319475,-0.08003205,0.7136167,1.0022923,0.21636917,0.19740397,1.3498005,0.62516016,0.5349007,0.1102434,1.3448633,1.1606152,0.124035224,-0.50534564,0.12958659,-0.3179421,0.046510126,-0.82575154,0.551353,0.07826849,0.7445384,0.5711411,-0.44595066,-0.11923386,-0.717609,0.7004515,-0.39760292,0.52499783,0.7212587,0.28414613,-0.39218068,-0.31130373,0.8391335,0.2665534,-0.011488332,0.16708326,0.8539785,0.30812603,0.22352728,0.17313424,0.467726,0.5872734,-0.345506,-0.34794807,0.6552116,0.18009086,0.2652731
-1.2254114,1.242123,0.9849872,1.8418493,0.48277366,-1.384093,0.66383886,0.7668989,1.3380558,-0.36020645,1.2565951,0.9395892,1.724618,2.5725672,0.60343885,0.8635278,1.4915037,1.5712147,1.9823452,0.96599483,1.2091643,0.3904153,-0.2025443,1.4555706,-0.9870215,0.32712618,-0.40030086,0.44332436,1.9771333,1.2278659,-1.0941911,0.764412,0.71998835,0.67223746,0.25340912,-0.6906658,-0.24121734,-1.2339877,0.6837847,-0.49156705,0.48254132,0.75086355,0.9730536,0.0819532,0.28846857,0.8287997,0.90154713,0.8316728,0.92800015,0.8335673,0.72542477,0.86052346,0.9009805,0.76362675,0.4929566,-0.7428459,-0.073986806,0.28714895,0.06511615,0.9619205
-1.9073693,0.5598546,0.18511488,0.03175422,0.48911187,0.21023051,0.23784664,-1.8318939,1.4494308,-1.2200859,1.0761092,1.977854,1.95189,1.2749704,-0.31410295,1.2437813,1.3812944,0.072894335,0.054088186,1.3653353,1.9822417,0.6496965,0.5739227,1.2511461,1.0975798,0.93463254,-0.55284905,0.36681008,0.99425846,0.5173406,-0.90546507,0.82132745,0.0823043,1.2771769,0.5167733,-0.624787,-0.5512169,-0.9140958,1.2832239,0.05542514,0.74340093,0.7992378,0.24947174,-0.107645646,0.19663501,0.8267416,0.6297239,0.24364254,0.2823551,0.8294466,0.1458971,0.22083701,0.058428377,0.72900414,0.5992116,-0.8173257,-0.17800951,0.57054144,0.44387367,0.31809053
-1.8346187,1.7773608,1.1690228,0.44360936,0.49047005,1.1188722,0.6871379,0.8226789,1.5749979,-0.046747964,1.248824,1.2401326,1.5069602,1.7703046,0.6553925,1.0082787,1.500943,0.4237679,1.3441452,1.1760324,1.8927876,2.4638298,2.4619653,1.2592205,0.9701159,0.8189009,-1.1090795,1.6694721,1.2869778,1.5273776,-0.74471,0.9179829,0.8669,0.8046035,0.45896205,0.2582968,0.740272,-0.44509345,0.74112797,0.15653454,0.8624694,1.0417742,0.8704197,0.8350932,0.48429918,0.860783,0.90398884,1.1122622,1.1319727,1.198243,0.6344895,0.7923317,0.74123675,1.0657187,0.7617009,0.029875452,0.109778896,0.6705305,0.4286955,1.1524384
-1.7166362,1.0864774,0.77272314,1.0419538,0.48865914,-0.188109,0.04427132,0.60523695,1.5541846,0.42693657,1.1979052,1.407521,1.1822574,1.8693255,-0.20696567,1.1202729,1.390602,1.4790013,1.3367409,1.5253748,2.0986862,2.0152595,2.0244052,1.5418309,0.5235756,0.48107216,-0.4592439,0.68615216,1.5399173,1.0653416,-1.0121025,0.9378037,0.7200907,0.94265425,0.52462804,-0.42592475,0.6137346,-0.4423644,0.47632974,-0.085546404,0.7571732,0.8303488,0.6302642,0.35418886,0.6152235,0.62145257,0.45212087,1.0077102,0.95667005,0.88504744,0.72927815,0.76514995,0.7375413,0.93718755,0.71263635,0.18351303,0.028356928,0.72914714,0.34703153,1.0081931
-1.7406754,1.5346403,1.0927824,0.929534,0.48730096,0.23813134,0.62788296,-1.7018559,1.907656,-0.19650342,1.2703261,1.132181,0.8978592,1.3927343,-0.14377992,0.91676766,2.0445213,1.5542234,1.7522397,1.4536449,1.3689908,1.5934173,2.1046224,1.0904578,1.127821,-0.17030266,-0.6037618,1.6524603,1.6185383,1.7279372,-1.205189,1.0058808,0.7790616,1.0071105,0.11467366,-0.58082813,-0.013707319,-1.4275526,0.92554635,-0.35727483,0.63182306,0.7303036,1.2557089,0.041403506,0.21450163,0.8681939,0.6859001,1.0243979,1.0990359,1.1561269,1.1069795,1.3064854,1.3372188,0.95064944,0.77904254,-0.5771298,0.05887101,0.41542676,0.12687683,1.1277959
-0.63481945,1.659165,1.572035,0.27062675,0.48549002,-0.55243176,0.3017969,-1.5185336,1.6618121,0.6925118,0.9510711,1.7679486,-0.1358698,1.7379848,0.4157563,0.9317014,1.5316694,1.3917146,2.0150156,1.3351663,1.4505433,1.6155875,1.47445,1.1174316,1.2324297,0.37095693,-0.46782455,0.15545282,1.047178,1.7423753,-0.63658637,1.2125443,1.7005367,0.056362793,0.41719958,0.49291363,0.5558609,-0.73833495,0.28182635,0.37133774,0.73465335,0.8421821,0.69259566,2.0070229,0.96447915,0.7706361,0.75040865,1.8604292,2.161678,0.90073436,0.7479478,0.71857995,0.90398693,1.1944869,0.5855381,0.27396044,1.6208686,0.6308117,0.5719049,2.0433078
0.11738766,1.3792298,1.2454593,0.62847203,0.49137554,-1.1447047,-0.40950164,-1.030891,1.0019183,-0.18837865,0.5341343,0.7605374,0.6786982,0.48808044,0.40946138,0.16753656,1.3465061,2.020815,2.1834729,1.217806,1.0062708,1.2191596,1.0322025,0.83556193,0.7590175,0.3584372,0.2095581,-0.23986663,-0.10671549,1.7436389,0.015826786,0.248593,1.0006006,-0.22048227,0.017189005,-0.09619005,-0.61072594,-0.51538163,-0.3806455,-0.48663658,-0.46013206,-0.24446203,-0.023552453,0.33812752,0.7336305,-0.4354864,-0.31226304,0.7896241,1.0373532,-0.29913777,-0.19961093,-0.07166825,0.096753806,-0.3574568,-0.34940806,-0.67567074,0.5005993,-0.6029284,-0.79093343,0.8956401
-0.82441056,1.7629322,-0.44282734,1.0487821,0.4877537,2.741233,1.3366603,-0.6588216,1.2539674,-0.24216841,1.3268641,1.6603116,1.2918694,1.7161957,-0.7364723,1.3231044,1.3369727,0.46522117,0.44332415,1.514106,1.9007853,1.6722795,1.4681661,1.1600579,1.2051828,0.2892817,-0.78265584,0.44290975,0.10201321,0.5963639,-1.3888795,0.6227578,0.18140435,1.1076134,0.39858562,-0.7606018,-0.311385,-1.4549706,1.2370625,-0.24617064,0.647703,0.5786799,1.0682392,-0.3217865,-0.6016271,0.93893903,0.88932264,0.12162659,0.19402592,0.9982804,0.9888248,0.8836187,0.86059093,0.90901345,0.90349054,-0.7277683,-0.44231302,0.6229748,0.50674677,0.34029847
-2.1188731,0.7010181,-0.024675528,0.73291075,0.48865914,1.2579646,1.4551136,-1.6506073,1.0853316,0.26233464,1.5961053,1.5327876,2.1008162,1.6830666,0.20218693,1.3213326,2.3307498,0.3366357,-0.15517567,1.435749,1.8425884,2.4012146,2.328339,1.663951,1.6295259,0.7825265,-0.70038325,0.80543995,1.2562808,0.04128251,-1.0076205,0.6572982,-0.03364303,1.2974862,0.50976366,-0.034186598,0.19218901,-0.36068425,1.6062514,0.71403444,1.0429201,0.787159,0.3838853,0.25433314,0.022162382,1.0638427,1.0305413,0.041657206,-0.048843104,0.97973937,0.3928223,0.52106595,0.37169433,0.9412654,0.96287525,-0.30387002,-0.29774874,0.9333405,1.0579952,0.048460443
-1.515116,1.3179617,0.3272999,0.63927835,0.47824636,1.7693018,0.8434128,0.2292883,1.0626341,-0.36065716,1.5452507,1.8584818,1.1159106,2.1253896,-0.7103191,1.3647906,1.6112516,0.843996,0.7141703,1.5619298,1.9828961,2.3304703,2.166395,1.8806114,0.6993265,0.45743406,-0.8533214,1.2554653,1.3946226,0.7952159,-1.2370322,1.012728,0.48652616,0.7518242,0.48672816,-0.43337274,0.102379374,-0.5283033,1.238009,-0.14146376,0.7922878,0.7587148,1.1352937,0.18497986,-0.86421186,1.4146229,1.2403754,0.24838664,0.45958447,1.3175681,1.3024786,1.5108756,1.4339892,0.84322757,1.1983315,-0.36344004,0.051299334,0.7006255,0.4444291,0.57380307
-0.85347444,1.1969792,0.72952056,0.50435585,0.47734088,0.38808507,0.63107276,-2.0012217,1.2609385,0.54357356,1.7760068,2.0811675,1.8943251,0.50365454,-0.40242133,1.3839263,1.3199517,1.4516476,1.5605114,1.4453516,1.9175192,2.3522196,2.2277448,1.7311299,1.1645291,0.07954955,-0.5913122,0.97726756,1.015694,1.4306608,-1.4440233,0.8353389,0.9380085,0.402037,0.6925643,-0.2957313,0.44352055,-0.916106,0.77878636,0.06632364,0.8216472,1.1513311,1.3125368,0.9023312,-0.5536469,1.2670962,1.0884387,0.8128772,0.97392374,1.3307749,1.3087487,1.3710347,1.2826393,1.1338067,1.1371434,0.03768173,-0.41545865,1.0799003,0.7956641,1.1535451
-1.3973045,0.94317263,0.29458568,0.5882502,0.47281358,0.42637613,-0.32776332,-1.960715,1.3214747,-1.0243601,1.1292653,1.6015762,2.6290178,0.48470616,-1.1451696,1.3679787,0.8834067,0.879192,0.7614177,1.6018608,2.018989,2.777092,2.9130485,1.1820253,1.3517051,0.39596853,-1.3969508,1.2970456,0.9266632,0.8923612,-1.5188726,1.1050378,0.94837624,0.66021615,0.6742571,-0.2552494,0.06654584,-0.45123127,1.1092803,0.2690309,0.8366658,0.99320495,1.4487815,0.6657838,-0.50520664,1.3934963,1.3827302,0.9389214,1.0765113,1.3997811,1.5329121,1.5071555,1.5027422,1.1748723,1.1881261,-0.67987627,-0.21384574,1.0885429,0.8059031,1.1404343
-2.0614107,0.75103927,-0.5709297,0.39920074,0.48141545,0.18536082,-0.2660896,-0.23083743,1.5347475,-0.4180111,1.3208538,1.8846997,1.9136894,1.0738151,-0.2514857,1.4485253,1.8884388,0.0012296475,-0.1514306,1.6090951,1.8049473,2.4966757,2.0905845,1.1670587,1.0102973,0.6225611,-1.2161661,1.584869,0.9492781,-0.15801145,-1.4142013,0.9572502,0.19336641,1.2912581,0.63755774,-0.39652172,-0.060709268,-1.2183322,1.5287635,0.2017392,0.88673127,1.0361633,0.9496224,-0.2220024,-0.53468126,1.3376096,1.1153826,0.12851273,0.23491752,1.3306464,0.9473622,1.1080616,1.0482181,1.1287316,1.2102122,-0.5647451,-0.87309897,0.929637,0.9382282,0.35607895
-1.9981494,0.09403319,0.5684872,0.7756892,0.4850373,0.24702016,1.3798188,-1.5305263,1.4203935,-0.17007978,1.4610353,1.5917063,2.2108767,1.4619858,-0.09225396,1.3838848,1.4896293,1.0458353,1.0001224,1.5315696,2.170882,2.2868204,2.0356526,1.8358283,1.408724,0.91220266,-0.72314847,1.6060358,1.229734,0.98596567,-1.842397,1.0681939,0.8828132,0.4018494,0.5961227,-1.4220172,-0.55032086,-1.8231654,0.9581556,-0.68275154,0.79288,1.363358,1.9709737,-0.15058878,-0.94859064,1.6249158,1.0286895,0.90501606,1.0980576,1.5900658,1.8873274,2.137527,2.1653955,1.4524009,1.4457603,-0.72280073,-0.29650885,1.0552111,0.4251596,1.2309754
0.7102848,1.8176785,1.2884953,0.16976255,0.49318644,3.0325398,1.8038052,1.3585666,1.2855775,0.5126927,1.4792776,1.2346665,1.1009649,2.043339,0.89960885,0.94711363,2.2656422,1.910762,1.9812003,1.3189815,0.9579735,1.6983774,1.137858,1.9967703,0.6871065,1.8868352,2.7955737,1.4498584,0.39888427,1.8042462,-0.7834255,1.2781818,1.4112442,0.18475898,0.7573827,-0.06782061,0.045123823,-0.57695985,0.7049342,0.6783899,0.81833804,0.90735185,0.97703326,1.5492952,0.48154807,1.0779829,1.2075106,1.6286575,1.8076812,1.0381004,0.9396929,0.9683485,1.1015462,1.0269461,0.83879817,-0.15564065,1.7359902,0.67650896,0.8277378,1.7500516
0.58746904,1.189982,1.3716655,0.25434032,0.49635556,2.9483888,1.5781975,2.561828,0.8060992,1.6119635,1.4032495,1.0942323,1.3744845,2.7420967,1.0773977,1.3662525,2.1999261,1.5826974,1.9139235,1.3680654,1.4089783,0.49595588,0.14554226,2.4908957,0.99263084,1.8894926,1.5845441,1.9718018,1.2996492,1.6976708,0.5506441,0.8431702,1.1412783,-0.38495108,0.5215227,1.1242939,0.31119764,0.4035113,0.2284537,0.86510223,0.6194578,0.9327342,0.3830448,2.0824308,0.5758277,0.17275113,0.81280786,1.2349133,1.4617777,0.295317,-0.021915562,-0.4273726,-0.24263945,1.4199185,0.30137065,0.16644475,0.8269398,0.5567031,0.7756066,1.3678418
0.982704,1.4614334,1.5702338,-0.2904747,0.49590284,0.18427327,0.39274526,0.5444418,0.8151839,-0.10545093,1.1458778,2.1132553,1.376136,2.611765,0.6936199,0.8566232,2.3343184,1.3134384,2.0196295,0.92579865,0.16517745,0.23307897,-0.13609932,2.4967144,0.7404189,1.5258933,2.2836523,0.8302572,0.78853405,1.7003511,0.0801598,1.1358135,1.5342937,-0.6233183,0.69943064,0.7303705,-0.39772934,-0.1562552,0.16951045,0.8221728,0.621207,0.7428536,0.13001736,2.034449,0.6300977,0.3368986,1.2501322,1.459105,1.7938364,0.17421441,-0.14459878,-0.37263796,-0.13903981,0.8773529,0.17741603,-0.1709789,1.4394592,0.603186,0.84823716,1.6253719
-1.9305651,0.2005753,0.82444805,0.10444091,0.48684824,-1.0313158,0.3717428,-1.8514518,1.1707412,-0.6644343,1.1621968,2.032107,2.5255659,1.3199617,-0.6382612,0.9933286,1.8322413,1.0741005,1.180305,1.3996886,1.7842627,2.1821103,2.5138922,1.7301381,1.3991069,0.9715993,-0.1714256,0.98042846,0.83823067,1.3635755,-1.3774176,1.1054364,1.2909164,0.08508979,0.58912474,-0.29989627,0.13339426,-0.91711074,0.56815225,-0.11251211,0.5629693,1.0023707,1.305806,0.69478625,-0.6185014,1.0986263,0.9474379,1.130373,1.3546047,1.1262022,1.4316179,1.3751055,1.421624,1.0713152,0.8676229,-0.3231502,0.058762796,0.71326745,0.46523306,1.4139568
-0.44367084,0.7004349,0.6113562,0.55130917,0.4832264,-0.9760974,-0.08798315,-1.2052761,1.509885,-0.75072205,1.4499469,1.9281126,2.244705,1.4744735,0.3082838,1.4085189,1.7717799,1.2059386,1.034069,1.4251202,1.6248363,2.7500193,2.3716066,1.197278,1.279349,0.638821,-0.4388479,1.1585351,0.9185264,1.0793351,-1.576323,1.2640451,1.1140664,0.070715025,0.74522144,-0.6083548,0.29754734,-1.1974268,0.58672255,-0.09002471,0.78777295,1.1877517,1.7870207,0.60622394,-0.41852725,1.4672,1.2411776,1.2001394,1.4178295,1.3919598,1.8047299,1.9295645,1.8846221,1.3592595,1.4019238,-0.10475257,0.2392976,1.3511293,0.64930487,1.4975748
-1.1746137,1.3618,0.680829,-0.09050308,0.492281,2.3567953,1.3027891,2.174924,1.0665636,-0.15739162,0.8195035,1.2778355,1.9944167,1.5764588,-0.46764,1.1407729,2.1790814,0.8543266,1.0039821,1.4953194,1.6816405,2.2085667,1.707479,1.2402278,0.6913361,1.1979231,1.8309814,0.27112997,1.1095272,0.9273484,-1.3035399,1.2229809,0.97574824,0.28868118,0.6599763,-0.15701018,0.3326727,-0.3272222,0.693209,-0.43163446,0.5244378,0.9700847,1.1449816,0.8852641,-1.0775551,1.6507456,0.9883565,0.6573995,1.0038687,1.4050645,1.2578491,1.6579463,1.5343676,0.86662984,1.154548,-0.16909516,0.6046648,0.90916526,0.26376945,1.1850882
-1.8870201,1.1350327,0.4820584,-0.06201256,0.49318644,-1.06532,0.71883,-1.8163346,0.73473614,-0.62106603,1.2659421,1.4452813,1.5618064,1.8259674,0.30234534,1.3690938,1.489981,0.65894085,0.6381925,1.2494599,1.3770412,2.052324,1.7844285,1.3832386,1.5082829,1.2176056,-0.23174816,1.0807997,1.0344424,0.55317014,-1.1463864,0.90621567,0.7414944,0.25807256,0.6096043,-0.62916505,0.02161768,-1.2373668,0.42773774,-0.6364097,0.49073988,0.7381862,1.3565155,0.038814954,-0.8243861,1.0342287,0.48051557,0.619689,0.7276989,1.0093911,1.5020685,1.5129291,1.5565966,0.63251877,1.104254,0.1122129,-0.007214112,0.60639787,0.12708427,0.9231358
-1.9614577,1.3099476,-0.16977917,-0.14333844,0.49363917,-0.94683343,0.25580573,-0.34592465,1.1816555,-0.73926735,1.4717228,1.2223164,2.286364,1.4440279,-1.0223399,1.4216589,1.5370903,0.30425918,0.24060859,1.2256217,1.788538,2.4095428,2.1607413,0.56261015,1.3436239,1.1044632,-0.72324365,1.6102555,0.7912734,0.47666922,-1.5478433,0.870363,1.0900004,0.0587039,0.76071304,-0.3134009,0.60146344,-1.0489002,0.50879323,-0.19767429,0.76447713,1.2541103,1.697821,0.44698808,-0.438331,1.1940546,0.8654566,1.1138673,1.1608748,1.2388895,1.6776702,1.8334812,1.6927929,1.2295967,1.1474842,0.06254903,-0.06297225,1.012625,0.53900343,1.2897012
-1.8912376,1.2036643,-0.6370457,0.57020056,0.48820642,0.9095198,0.4520431,0.11686008,1.2115823,-1.5218893,1.0757619,1.7863787,1.8490428,1.2759012,-1.5894898,1.3303485,1.6679045,-0.5446713,-0.3441695,1.210313,1.4187596,2.6326776,2.2585046,0.8471705,1.1740454,0.9571259,-1.2011675,0.6199367,0.48444754,-0.114968404,-1.5461044,0.8820245,0.55801916,0.45092714,0.6700506,-1.045213,-0.13846621,-1.5590556,0.88917524,-0.56802595,0.61166584,1.0381826,1.3642395,-0.26904684,-0.74889934,1.363397,0.8418722,0.5201425,0.6412416,1.2641755,1.4036216,1.4001942,1.3699912,0.98943067,1.0227587,-0.45245892,-0.39708284,0.7775936,0.2509159,0.7861331
-1.9678893,0.63902277,0.46707678,0.34339324,0.49273372,0.38717997,0.89041835,-1.8830051,1.1833818,-1.1478382,1.0329871,1.0363528,1.900087,1.9859717,-0.25949347,1.0687487,1.8124942,0.744212,0.84721696,1.4183935,1.6296184,1.9198449,1.5139023,1.0090016,1.4924644,1.003444,0.4465229,0.40438777,0.7302916,0.74133915,-0.9615465,0.9675481,1.1339676,0.35776633,0.72218674,-0.22708146,0.6031003,-0.7382065,0.6290169,-0.37653226,0.53245395,0.9478092,0.91921955,0.6580621,-0.29051638,1.1374495,0.66586053,1.152354,1.3438493,1.1254998,1.3241293,1.2815641,1.099169,0.91159654,1.2078848,0.23076728,0.6359479,0.93809104,0.33870897,1.391451
-1.91844,0.9188911,-0.18619476,0.48060948,0.49454463,0.414792,0.89288324,-0.037881706,1.1094832,-0.36220983,1.6878017,1.6204398,1.9723773,2.1142933,0.005977995,1.1014256,2.3063312,0.45973036,-0.35793665,1.3939017,1.5197474,1.5325416,0.9417241,0.5542561,1.3799361,1.2436343,-0.16460131,0.71803904,0.8044382,-0.41273314,-1.2049742,0.9020055,0.699983,0.25105202,0.46505213,-0.23430552,0.32348624,-0.6603032,0.5864136,-0.5033081,0.51428884,0.885455,1.1600901,0.61464685,-0.7836805,1.1937646,0.83990425,0.56447566,0.7075113,1.1223879,1.3940005,1.482621,1.4024706,0.791774,1.0836053,-0.12043778,-0.112566635,0.9946652,0.26254535,0.8429316
-1.9048388,1.3353219,0.29382735,0.12052922,0.492281,0.23018529,-0.03911916,0.20776962,1.4006839,-0.31938747,1.4660231,1.0831612,1.0549566,2.149443,-0.30560035,1.1193519,1.8491474,0.31807357,0.41574925,1.0118413,1.3689541,1.3202698,0.8805813,1.2276717,1.67352,1.0707133,-0.37390298,0.72054464,1.5774775,0.42218667,-1.3821453,0.53734493,0.117580414,0.84919316,0.7653794,-0.8893763,0.16075315,-1.152826,0.77526695,-0.5190049,0.6255708,0.84453994,0.8553534,-0.44320527,-0.17518418,0.91178554,0.35452458,0.14371188,0.24627277,0.85097957,0.9059095,0.60463065,0.40009892,0.7412156,1.031175,-0.3082994,-0.49153093,1.004675,0.22669078,0.3497857
-1.9080019,0.12059198,0.6507683,0.66558135,0.49363917,1.6653132,0.5662427,-1.8382394,1.3472131,-1.3372271,1.7871901,1.6394207,0.93504655,2.6086233,-0.38431153,1.1887056,1.3055774,0.8298815,0.8356955,1.3061724,1.8064693,1.7616761,0.94230473,1.1291492,1.2533748,1.1174014,0.7663162,0.8011262,0.6906123,0.87004435,-1.1898593,0.6538443,0.94576013,0.5735607,0.6619048,-0.66869855,-0.23009431,-1.2303522,0.6865734,-0.3417947,0.64289004,1.0185289,0.8342053,-0.10991235,-0.4274968,1.0289627,0.71802324,0.7843074,0.9602523,1.0213965,0.90998584,0.8265937,0.8211682,0.8293987,0.8337026,-0.34402737,0.23370616,0.91947854,0.3845794,1.0958167
-1.9345716,1.4067235,0.6642012,0.09273734,0.49454463,0.4150753,0.4681564,-1.8564934,0.9668392,-0.6943593,1.01165,0.5483222,2.1393015,1.81353,0.06325031,1.0698516,1.6484855,1.507014,1.4618716,1.2672392,1.3065827,1.8459911,1.6899712,0.8592629,0.40152827,0.3970759,0.57460326,0.67372215,0.82683504,1.5260862,-1.4058187,0.90827024,1.2935013,0.30780315,0.6340146,-0.6164288,-0.25435337,-1.5057396,0.6105343,-0.48476747,0.54250073,0.89529204,1.3229033,0.19699375,-0.24058375,1.092217,0.8571906,1.2151275,1.2708819,1.0503441,1.2647301,1.3861463,1.3988364,1.1166478,0.936812,-0.38165358,0.009684676,0.56870365,0.3024901,1.3095063
-1.9049442,0.8536933,-0.07403009,0.83386075,0.49318644,0.9758168,0.9824924,-1.8308508,1.7526808,-0.57233304,1.4490098,1.3674997,1.7713515,2.2027605,-0.86418486,1.2361071,1.6520888,0.5439627,0.32711282,1.0967805,1.2407602,1.3905765,1.4758166,1.0959812,1.6402541,0.7723712,-0.50365835,0.9107799,0.7337344,0.35312763,-1.1371819,0.95228547,0.8841552,0.79278123,0.7350113,-0.8272276,-0.21423893,-0.7451168,0.7128339,-0.21739084,0.620033,0.7457769,0.43065447,0.41150007,0.10636699,0.76599026,0.5407324,0.99672395,1.086179,0.795619,0.48118022,0.64751303,0.559589,0.9012726,0.6440935,-0.47483626,0.051127627,0.49746016,0.22886042,1.08106
-1.8648787,1.742055,0.25919315,0.6691696,0.49047005,0.87860864,0.27059162,0.7064604,1.222382,-0.42315975,1.1391369,1.5803802,1.6950576,2.3640692,0.1520997,1.2961999,2.0677488,0.46789688,0.25038508,0.95078677,0.9620272,1.1538681,0.66441494,1.0677822,0.72644323,0.8620458,-0.5636424,1.4129486,1.3205247,-0.13537627,-1.2065681,0.8526691,0.41061124,0.35494968,0.5375182,-0.38634557,0.21113937,-0.6872321,0.6643345,-0.649272,0.504985,0.8811763,0.77284247,0.36630523,-0.67033774,1.1089437,0.4456711,0.32387012,0.5257874,1.031851,1.0779747,0.95034903,0.9118422,0.77648056,1.1013733,0.06550995,-0.25536755,0.8597554,0.14149386,0.60884994
-1.9039953,0.8637438,0.35901502,1.121903,0.4940919,-0.62685657,0.91832215,0.014769069,1.5405431,-0.7966654,1.0568738,1.708669,1.120397,1.9776375,-0.4177175,1.0428017,2.138673,1.3007035,1.2338582,1.238908,1.6708645,1.7914681,1.5854616,1.1508085,0.91399556,1.2177244,1.8324207,0.49563557,0.59305954,1.1242799,-1.2669193,0.93000513,1.2282819,0.31765804,0.53969294,-0.0994513,0.536938,-0.45762178,0.42652085,-0.105896994,0.6366879,1.0134189,0.92774117,0.9471857,-0.1450677,0.91411,0.71424234,1.351721,1.4885886,0.9336422,0.93130475,0.7256439,0.77035326,0.96107364,0.8561454,0.04885368,0.8044104,1.0801376,0.46149796,1.586838
-1.0088581,1.350753,0.09785365,1.2437311,0.4895646,-1.1411036,-0.14490382,0.047273666,1.7345574,-0.8935941,1.5242797,1.0136558,2.0743392,1.8898046,-0.4594417,1.0846603,1.9756445,0.48213825,0.5043921,1.1081506,1.6302006,1.8890079,1.9769998,1.2420382,0.9129958,0.9701419,-0.6931505,1.552148,1.0405681,0.1516282,-1.2481763,0.6838838,0.45927358,0.5229279,0.6666596,-0.8066915,-0.02969258,-1.0489473,0.6644563,-0.6731152,0.41351247,0.6488083,0.6064684,0.12116891,-0.37315047,0.9292687,0.39363644,0.36824477,0.5858226,0.8379944,0.6976971,0.7107371,0.57656765,0.6983,0.722662,-0.12597269,0.011329341,0.6350566,0.003993028,0.6418957
-1.8272382,0.4833034,-0.72254586,1.751838,0.49092278,-0.7897247,0.54646724,-0.98366046,1.5924195,-1.1306303,1.2739758,1.5143396,2.3960896,1.6792699,-1.3651832,1.2082299,1.5458598,0.33411098,0.32533813,1.2465514,0.6941527,0.6893469,0.48012576,1.1171191,1.0104481,0.93274164,-0.6596355,0.8293288,1.0031832,0.65714586,-1.0275937,0.67899054,-0.14898679,0.8145753,0.6145706,-0.41181377,0.099106975,-0.753875,0.8776721,-0.21175063,0.73125446,0.86886865,0.49518728,-0.1347108,-0.25723043,0.96403897,0.11368423,0.1434706,0.08840634,0.8143597,0.5897679,0.43253818,0.29049018,0.76467115,0.92742443,0.051619895,-0.29693833,1.0208454,0.45872113,0.2042635
-1.694811,0.55938286,0.6157409,1.261996,0.49137554,1.701423,0.82866424,1.2061054,1.8149598,-0.26582214,1.448054,1.5849036,0.5969426,1.862165,-0.61462903,0.8716548,1.704174,1.0594035,1.1061081,1.4426328,1.4745355,1.915126,1.5800401,1.8894676,0.9022921,0.47698632,-0.71483845,1.0748271,0.99240655,0.8119153,-1.2730807,1.0162727,0.8107314,1.0992106,0.46701196,-0.29575047,0.03904879,-0.75914127,1.1803417,0.37534717,0.873413,0.94024664,1.1260182,0.26495057,0.3585336,1.0458704,1.1529815,0.8156268,0.9016639,1.2541559,0.9394997,1.0409808,0.9806986,1.0397459,0.9699879,-0.623229,-0.03545486,0.77366817,0.85324496,0.9931487
0.37285978,0.712238,0.90694994,1.2719467,0.4895646,1.70812,0.89598304,1.3411939,1.7165323,-0.35311556,1.0914458,1.693813,2.1177328,1.6206398,-0.34440506,1.1989573,1.4722387,1.1535447,1.5792913,1.0048184,1.464076,1.289036,0.5536135,1.2765999,1.4816293,1.0299237,-0.8666754,1.2100768,0.48575348,1.2958093,-1.3701105,0.9352816,0.9262987,0.70252657,0.5457155,-0.38260004,0.33214667,-1.2725759,0.66806227,-0.3644875,0.8031289,1.0053241,1.4560506,0.23872149,0.06672886,1.0695686,0.7627424,1.0790342,1.1549011,1.2946072,1.2618756,1.5040691,1.4565268,1.0837477,1.0211358,-0.22894537,0.07061405,0.62551093,0.34208485,1.2098596
-1.8780582,1.5193475,0.75557905,0.07851859,0.4895646,1.3103441,0.8683019,-0.4716388,0.957201,-1.5598977,1.0788869,2.0373902,1.6285464,1.4975375,-0.52041507,1.0649675,2.2065985,0.84859115,0.6442592,1.3202493,2.4035082,1.5935267,1.822977,1.4290205,1.1129487,1.0627663,1.0504211,0.95932144,0.4884265,1.0088958,-1.1580006,0.8952598,0.85773176,0.62446356,0.696863,-0.5715471,0.086014695,-0.7951722,0.62723196,-0.5170217,0.66071546,0.90914005,0.8865713,0.43790329,-0.15371974,1.1167282,0.7428327,0.9472431,1.0624449,1.0389068,0.8685448,1.0923835,1.0309261,0.99601775,0.75873655,-0.19560243,0.77075374,0.61889386,0.17115438,1.0499829
-1.4572644,1.6435454,0.47839326,0.6855588,0.48911187,-1.5591829,-0.73678184,-1.0123554,1.4169719,-0.20812023,1.0985659,1.2096877,1.8491043,1.8299991,0.47335827,0.8701379,1.5684488,0.92032325,0.93330884,1.2724425,1.7033907,1.9611679,1.7777915,1.1057128,0.96523494,0.4619619,-0.16151108,0.9018491,1.1494607,0.8809266,-0.87524956,0.9015645,0.86966854,0.8587608,0.25234365,-0.79516196,-0.049291924,-1.0969785,0.7383922,-0.18607453,0.63488483,0.7491188,0.9076953,-0.20366488,0.38200483,0.796486,0.8065928,1.0513229,1.0815465,1.0080441,0.825015,0.7505375,0.79597735,0.8899779,0.5587689,-0.9165339,0.17929688,0.46173328,0.15164194,1.0954975
-0.76852113,1.4260921,0.45772463,0.22880663,0.48730096,-0.87018836,0.47545674,-0.6612769,1.2842625,-0.6077264,1.1189588,1.4947435,1.1433625,1.6725001,-0.3271492,0.8656843,0.67683583,0.5649485,0.39413098,1.3047757,1.6041305,1.9108967,1.5978307,1.6516645,1.4288783,0.8606729,-1.37763,1.3016282,1.254049,0.5584718,-1.4887183,1.1422344,0.36471963,0.79242015,0.548841,-0.8497519,-0.2530197,-1.0726155,0.8301445,-0.723401,0.6480832,1.0176109,1.2594086,-0.46316075,-0.2726173,0.99096185,0.67663443,0.5073668,0.69943774,0.9180911,0.9392323,0.936877,1.013539,1.0439651,0.83206457,-0.91497445,-0.01064321,0.7931697,0.03514777,0.76557326
-1.9935101,1.3261031,0.68667144,0.26177436,0.49001732,-0.13957861,0.93557036,-1.3487738,1.0219891,-0.14452279,1.0575305,1.6032056,2.1310482,1.8574146,0.4122413,1.3251959,1.8037895,1.0604972,1.3366464,1.5584747,2.2369854,2.438866,2.2639322,1.8899405,1.2502275,0.7335014,-1.0120684,1.3469001,1.2225777,1.3294504,-1.294157,0.99797505,0.6480521,0.94059515,0.46918154,-0.26621607,0.73271567,-0.66215,0.8332365,-0.24802229,0.8833918,1.2493391,1.341434,0.28409046,-0.0753471,1.2491049,0.8660559,0.8530751,0.8852459,1.3493422,1.1536572,1.2533313,1.1972643,1.2650161,1.0614126,-0.15028305,-0.10906625,1.2760094,0.42267832,1.0532264
-1.060901,1.5420611,1.0400802,-0.43850556,0.48367912,-0.08765115,-0.24694097,-1.3552693,1.3966913,-0.48050344,0.7567544,1.8929435,2.578743,1.3459876,-0.7454554,1.1789521,1.258462,1.3050715,1.5122956,1.5676502,1.9678392,1.7520928,1.9647623,1.5894303,1.340775,0.6071217,-0.8296831,1.6030719,0.8676065,1.5366257,-0.8745743,1.1030759,0.8803546,0.6606166,0.4363542,0.36224437,0.58996785,-0.49244857,0.63177526,0.040955223,0.70345396,0.98075205,0.87985253,0.7422883,0.079033434,1.070176,0.9089671,0.9963251,1.2648576,1.1506083,0.88998675,1.1888447,1.2537674,1.025389,0.8702085,-0.1828724,0.1543562,0.8856235,0.3330771,1.2105995
-1.8692015,1.1036664,0.5106899,0.56413454,0.48277366,-0.06268056,0.32942003,-0.461434,1.6663364,-0.41822025,1.0688807,1.4447355,2.3752012,0.32752514,-0.9407647,1.1083443,1.0807208,0.7196456,0.82560885,1.2821249,2.0688055,1.318438,1.2839996,1.3704048,1.1181889,0.35104543,-0.56396425,1.2183046,1.1236897,1.0481025,-1.3549967,0.9708108,0.17583692,1.0844622,0.42143503,-0.51715493,0.18048732,-0.98976034,1.1331455,-0.38325804,0.9434913,0.93552405,1.5534468,-0.123496264,-0.050993487,1.2115403,0.89617604,0.28598544,0.3339909,1.3004518,1.2797822,1.4813123,1.4830518,1.347201,0.99264795,-0.47075644,-0.63023746,1.0253779,0.36435795,0.46078372
-1.7716736,1.7274959,0.53445375,0.802078,0.48096272,-0.770509,-0.12932982,-1.7242823,1.4421408,-0.036617544,1.0547035,1.1490383,1.1812911,0.8230806,0.17723471,1.0496551,0.17763253,1.0232581,1.0104767,1.384172,1.4297982,2.428148,2.393655,1.8148113,1.5387663,0.040408473,-0.58875734,0.7867977,0.8278639,0.9800801,-1.0116922,0.6313585,0.25211942,0.77609026,0.40859324,-0.3376733,0.45879766,-0.85946137,0.6346196,-0.6394359,0.63981503,0.4717111,0.992929,-0.18780962,-0.33262384,1.0294323,0.44346973,0.2654961,0.2773303,1.0806948,1.1384801,1.1821357,1.1774982,1.0176663,0.92032415,-0.077252835,-0.4080495,0.9333705,0.1570363,0.46841735
-2.0945175,1.3388733,0.16810057,0.8644469,0.48594275,0.78337634,1.0400169,-0.9497446,1.8180941,-0.73647803,1.4410733,1.7074904,1.300467,1.607929,-0.073455416,1.397365,1.5512569,0.5826218,0.32768783,1.4510951,2.0353296,2.4086757,2.2560265,1.8306721,1.3042938,0.31344828,-0.6343265,1.8615723,0.92686284,0.27790537,-1.819377,0.86517787,0.25242853,0.48413238,0.29704094,-1.2199725,-0.27503586,-1.8766769,1.0814792,-0.49905908,0.777228,1.0471134,1.9267112,-0.4121587,-1.0598451,1.4746829,1.0270723,0.2008524,0.42544165,1.3795985,1.9802554,1.939459,1.7925462,1.1764905,1.2771684,-0.618472,-0.6177895,1.2105114,0.56340104,0.6239431
-2.1143394,1.085993,0.72080463,0.35475707,0.48865914,2.0975718,1.8441124,-1.4812181,1.2599264,0.7681216,1.1599187,2.0136316,1.7651035,1.6852907,0.04265303,1.3519962,1.0220906,1.1661546,1.0895405,1.4723669,1.5927902,2.780571,2.6701913,1.7330184,1.3076667,0.39373285,0.20401126,1.189685,1.148986,1.0589929,-1.7345362,0.7199795,-0.056307588,0.71771604,0.45023337,-1.207791,-0.2500314,-1.414794,1.0070378,-0.9455045,0.60344,0.93891054,1.9202846,-0.63881826,-1.1808958,1.3615389,0.84168184,-0.04587164,-0.020666536,1.2222998,1.6568297,1.7162261,1.6437764,1.3337101,1.1012712,-0.904622,-0.723474,0.95472133,0.14394067,0.20072979
-2.0596182,1.3981386,0.76301354,0.7937491,0.48684824,1.9384577,1.8960384,0.091877386,1.2920332,0.6350509,1.5267453,2.0513248,1.6903045,1.4524238,0.21975635,1.0773846,1.5787872,1.5951035,1.6764758,1.2181529,1.5347731,2.3708296,2.400959,1.960127,0.96864974,0.90793526,1.617454,1.110864,1.1335256,1.4657196,-1.4663955,1.0561017,0.85378045,0.79872024,0.39729035,-0.78529817,0.09324816,-0.93019605,0.91197455,0.07385996,1.0446522,1.2308242,1.5586239,0.22125593,-0.68174917,1.4165187,0.8849107,0.8847041,0.9811777,1.3698604,1.5688356,1.6773728,1.7123082,1.1631848,1.2254835,-0.15191759,0.337937,1.2294962,0.76059026,1.1887586
-0.2555038,0.9353442,1.107788,0.6929102,0.47371906,-1.3462697,2.1246166,-0.13603488,1.4723197,0.47274095,1.4183605,1.631465,1.8914005,1.7245061,-0.43286225,1.1371158,1.6436732,1.7844989,1.765152,1.496428,1.6806276,1.8298415,1.6235319,2.004357,1.3732059,0.21415411,0.45029822,1.0772916,0.4097912,1.4745803,-1.5717657,0.93161035,0.27146733,0.9796269,0.47368968,-0.95291436,-0.041676827,-1.2630095,1.3587319,0.06465861,0.9198022,1.3785921,1.555173,-0.38786086,-0.68944997,1.4939462,1.1471087,0.3125702,0.3862451,1.350872,1.4475023,1.548716,1.4697545,1.3078021,1.2845892,-0.38232452,-0.92078704,1.1621768,0.8478632,0.5730082
-1.216472,0.9049135,0.7803466,0.7584135,0.48458457,0.4447579,2.173073,0.34353667,1.1327102,-0.41146934,1.2970885,1.7664878,2.0131743,2.3424153,-0.34846532,1.223665,1.4523308,1.678587,1.5491906,1.4487625,1.9077514,2.32054,2.1840768,1.7156874,1.277644,0.63928854,-0.013302929,0.7816507,0.8679138,1.5293051,-1.3332608,0.94471335,0.8204547,0.50506765,0.6227734,-0.6286151,0.06908247,-1.1647066,0.8979422,-0.20646782,0.61412054,1.1797794,1.3801304,0.49785498,-0.17227034,1.1490781,1.028252,0.927788,1.0655214,1.3080091,1.4439343,1.4321659,1.5048786,1.2207392,1.1665565,-0.21094826,0.019456048,0.85520536,0.5380175,1.1303129
-2.028093,0.2952421,0.18840311,0.46970266,0.47824636,-1.0921837,1.0884342,-0.97476363,1.4062434,-0.8187699,1.3678956,1.7429031,2.0830884,1.1479697,-0.83981454,1.2812518,1.0104048,0.5854419,0.6595594,1.3258115,1.5426539,2.622265,2.6516633,1.6255904,1.4369446,0.43644753,-0.5834035,0.9641415,0.7704156,0.65824544,-1.3871145,0.8651828,-0.014362404,0.8243348,0.49255034,-0.88018584,-0.68663853,-1.6363475,1.2400725,-0.2805481,0.70822954,1.057962,1.4127579,-0.77596384,-0.5735116,1.3233771,1.0067159,0.16851708,0.15494177,1.1140916,1.2988987,1.1965197,1.2520813,1.2728801,1.2073677,-0.9015389,-0.669745,0.87433624,0.5502501,0.33979115
-0.5522599,0.6958094,0.5548161,0.6769232,0.48232093,0.1920285,1.5826169,-1.8517995,0.9596827,0.41758212,1.1409456,1.8626423,2.3936741,1.3346868,-0.051008206,1.3186852,1.0970879,0.9721453,0.8415408,1.3652194,1.9199528,2.550602,2.5486279,1.5646913,1.0016979,1.1114385,-0.6072802,1.1215523,0.89422417,0.83945245,-1.4822236,1.0720739,1.0102326,0.68619114,0.6285767,-0.5663638,-0.10035846,-1.1408972,0.9059922,0.12243581,0.952846,1.3056004,1.7174302,-0.034666553,-0.03356994,1.0587443,1.2630844,1.0833219,1.0616015,1.2658725,1.4688629,1.5415642,1.4814103,1.3447732,1.1668293,-0.32417944,-0.06215149,0.88312244,0.7478354,1.1823846
1.0791886,0.7894824,0.897054,0.36547813,0.49137554,2.9906828,2.2858307,2.19018,1.1743295,1.4326854,1.5544977,1.6544993,1.3858851,2.5194569,-0.06731693,1.1614218,1.7162462,1.8215055,1.8085324,1.5851475,1.8120799,2.871309,2.7552679,1.4953544,1.4370447,1.2842275,0.24788995,1.5421696,1.9552631,1.7028562,-1.1233182,1.1565067,1.3997905,0.33181667,0.8411207,0.33508116,0.25901398,-0.3766361,0.7890313,0.6183364,0.7761389,1.0306422,1.1257507,1.1884133,0.48812753,0.9216281,1.1409776,1.5486054,1.7708555,1.1292896,0.9854638,1.0871713,1.1444982,1.2020887,0.923515,-0.39158407,0.78903586,0.8678482,0.9121124,1.7139547
1.7061319,1.6168574,0.854053,-0.15225786,0.49545008,1.5223304,1.840055,3.0554278,1.1084895,1.2029907,1.0883338,2.4179654,0.46658266,2.2606552,0.85112494,0.6562141,1.2212474,1.5966197,1.934749,1.0389907,0.5160252,1.029319,0.9365257,2.5442646,0.4450989,1.7201116,2.090784,1.6192014,1.1530597,1.6664548,0.7175809,1.0750892,1.1802213,-0.7451053,0.83314264,0.7580356,0.046271466,-0.07146586,0.2746985,0.69812167,0.86433274,1.0325496,0.5305824,2.0426128,0.025303483,0.4987661,1.0900916,1.3194216,1.5733743,0.40690225,-0.012509684,-0.34272608,-0.09577828,1.7677786,0.65862215,-0.046146408,1.7218719,0.7179091,0.98012114,1.503045
-0.015135078,1.4725959,0.46986315,0.6924542,0.49499735,2.070385,0.576505,-0.9535288,0.25053218,1.1601526,1.2397001,1.9677807,1.5249559,2.6273062,1.5801141,1.050968,1.7721227,1.3680339,1.8396033,0.855614,0.21517885,-1.0922391,-1.03855,2.810574,0.54795766,1.1896611,0.49050823,2.1489484,1.4633508,1.6412005,1.2050971,0.7779976,1.2921158,-0.87030876,0.7543761,1.0970589,0.32589936,0.423169,-0.073392875,0.7857282,0.610592,0.42985559,-0.057981297,2.4259264,0.45536432,0.15767424,0.70299506,1.2532238,1.4724709,0.035993185,-0.21163906,-0.57583636,-0.4882471,1.1828033,0.32103834,0.4795965,1.0072225,0.42933807,0.73305154,1.3603903
-0.23332016,1.2251529,0.8824122,0.41676775,0.492281,-1.0618312,0.4110932,-1.0786637,1.2680142,-0.27370742,1.254534,1.6705277,2.418401,2.0816274,-0.028086426,1.1141154,1.6503704,1.7147931,2.0015006,1.6524299,1.8991451,2.320103,2.2758446,2.1197944,1.287347,0.56135404,2.2223594,1.0443666,0.41486782,1.7395504,-0.42086157,1.3212746,1.4864805,0.2821086,0.8619892,-0.24078815,0.32415405,-0.92297256,0.81535774,0.5930196,1.0801615,1.1119843,1.3473171,1.0496229,0.3066736,0.9167963,1.0911373,1.63445,1.7289493,1.1167936,1.3593805,1.1354209,1.202916,1.5431521,0.991911,0.08003496,0.53496146,1.0217103,0.9260143,1.8248556
0.86531556,1.2257835,0.8368229,0.16775799,0.49318644,0.7964445,1.4569564,1.0779458,0.939292,-0.38414264,1.3725629,1.6960016,1.7015467,1.7186536,0.09736167,1.4094111,1.5042741,1.9234006,1.7195933,1.5027252,1.6989539,2.6690154,2.5941942,1.6302322,1.3288658,0.83698416,2.2243137,1.28768,0.9530335,1.6593338,-0.73308116,1.2023748,1.4579026,0.45930922,0.6027767,0.53592527,0.6200217,0.0008407319,0.69273794,0.94329375,1.0618284,1.1209555,0.98665404,1.9932432,0.37194693,0.9042551,0.93230486,1.7101442,1.715366,1.1585821,1.0620725,0.90331006,0.8114858,1.2560939,0.89736634,0.1714479,1.3533049,0.8653424,1.0775182,1.7735306
-1.9048388,0.75675726,-0.479178,-0.39173338,0.4877537,-0.30945063,0.2785509,-1.8289385,1.2211682,-0.86363566,0.71408725,1.7062434,1.9887464,1.5235224,-0.20616147,1.3279734,1.5885237,0.10019063,0.060406927,1.3974853,1.9595708,2.6180499,2.3489182,1.4781173,1.8348404,0.7702222,-0.9657477,1.3812401,0.636005,0.22069061,-1.4057811,1.1529094,0.9297239,0.36227593,0.66144055,-0.9169272,0.07521258,-1.277997,0.7018945,-0.43411422,0.7263445,1.0310495,1.3063198,0.07910565,-0.5076034,1.3264309,1.1324563,0.9187156,0.9386667,1.2492355,1.5041862,1.7608342,1.6944691,0.9914873,1.1690333,-0.26473963,-0.1497521,0.8355629,0.3221216,1.0822475
-1.8705722,1.2702127,-0.6508976,0.9814907,0.49182826,1.4400055,0.22868523,-1.304609,1.3155757,-1.0060652,1.3549871,1.188108,2.2398732,2.1236184,-0.021403162,1.5637834,1.4637915,-0.39738166,-0.334609,1.2236304,1.1098837,2.2794168,1.7654114,1.0545266,1.2598503,1.1540256,-0.61402345,0.57068396,0.90446633,-0.44849685,-1.0098946,0.53240293,0.20129654,1.0141684,0.40238965,-0.7660255,-0.5860175,-1.1982996,1.4546444,0.16993093,0.6616323,0.87775546,0.3981301,-0.04758354,-0.45300967,1.0932872,0.97315365,0.035465855,0.032296933,0.9042988,0.47308815,0.68224037,0.5080991,0.9411255,1.000434,-0.44897375,-0.60407454,0.45668557,0.711952,0.13652675
-1.8706776,1.1062932,-0.66138047,0.47828105,0.49092278,-0.3742984,-0.26493493,-1.8039914,1.6348403,-0.164901,1.2326008,2.2925897,1.8441443,1.225679,-1.19683,1.5334152,1.8293566,-0.37187034,-0.6653742,0.9911579,0.911872,2.281115,1.554055,1.1422776,1.5052377,0.59186834,-0.7275084,1.1583538,0.74308306,-0.35499945,-1.6174427,1.1961608,0.7229337,0.6082662,0.57731915,-1.2369206,-0.23487574,-1.2219514,1.0077189,-0.32453236,0.6380787,1.0801306,1.0401797,0.01526,-0.5065648,1.3384868,0.83324903,0.6847246,0.8348856,1.2567791,1.1605605,1.4337105,1.3378304,0.9434841,1.1352774,-0.38440117,-0.34453744,0.6509835,0.43354252,0.85178095
-1.9366803,1.0015693,-0.087558225,0.54515,0.492281,0.6771153,0.05518297,-1.8582319,1.4997493,-1.1803266,1.3053578,2.0156136,2.1995761,1.7750082,-0.8662138,1.2166076,0.89276826,-0.018098226,-0.47548997,1.1848987,0.85314775,2.0869303,1.7076772,0.7373411,0.6699785,0.80635536,-0.4683495,1.1625527,0.8011769,-0.21968769,-1.2941406,0.79800636,0.80171466,0.37629795,0.64983964,-0.36133322,0.30929938,-0.98982126,0.5349953,-0.5501116,0.6401175,1.1507932,0.9833305,0.14978018,-0.39493495,1.0376977,0.6084373,0.884492,0.8699043,1.0196446,1.1214818,0.86788154,0.78657854,0.9981765,0.98047525,-0.14345041,0.08140173,0.9516356,0.18850155,0.9850622
-1.9444826,1.278733,0.13080138,-0.031705838,0.4940919,0.7167073,1.3351161,-1.8634473,1.2109789,-1.2246711,1.3186733,1.8269603,2.534123,1.9501657,-1.87911,1.4661648,2.4396172,-0.18851589,0.09507804,1.2831188,1.7299404,2.1906033,2.118781,0.63750184,1.5396624,1.2609646,-0.5969893,1.0029149,0.8726455,-0.22187659,-1.3537905,0.995236,0.77854323,0.5895748,0.47446772,-0.35096237,0.45300338,-0.7139879,0.8847574,-0.16589235,0.7903779,0.95743096,1.0925988,0.49289203,-0.41309473,1.2097172,0.76161087,0.82380044,0.91866326,1.1145333,1.088053,1.2197957,1.0724378,1.0399846,1.0588562,0.063354746,0.061857186,0.9825282,0.5315544,0.9601727
-0.99792403,0.7114515,-0.525614,1.1465257,0.49047005,0.9449657,0.6233517,0.54107857,1.622684,-0.9469537,1.1694255,1.4546674,2.2623854,1.577675,-0.87688917,1.5493237,2.0355105,-0.19835897,-0.504507,1.2065476,1.3704308,2.113298,2.1228795,0.8597749,1.4109595,0.96252537,-0.0016144133,1.3324907,0.015784733,-0.43911457,-1.1712087,0.8252827,0.910916,0.3812649,0.6709142,-0.4059938,0.6058083,-0.9518412,0.59959567,-0.13056426,0.78940123,1.0055835,0.7697185,0.6911708,-0.072307274,1.0394044,0.44794896,1.0915873,1.1247356,1.057204,1.1585844,1.3386867,1.1841452,0.98128814,1.1109413,0.41359368,0.19473112,1.0047429,0.54920036,1.1253047
-1.8207011,1.716307,0.4246775,0.5531668,0.49047005,0.9114527,-0.6565836,-1.1495742,1.1655825,-1.4048193,1.4412521,1.7744732,1.1804119,2.2004561,-1.9242327,1.1326733,1.5447195,0.5781541,0.7902465,1.1145898,1.1815796,1.7010915,1.4457116,1.0039968,1.2797248,0.6450536,-0.8158876,1.5810343,0.8693671,0.7988031,-1.0694212,0.7879708,0.7366666,-0.12100813,0.70258707,-0.20512702,0.46777743,-0.71306956,0.0029989388,-0.814714,0.33583152,0.71750426,0.7388384,0.51735383,-0.52517486,0.7230508,0.23793317,0.7838058,0.91071403,0.5875328,0.7253687,0.56846225,0.38941824,0.66159815,0.7792201,0.27122712,0.4440187,0.6995987,-0.0862491,1.0414786
-1.9148551,1.145578,-6.565465e-06,0.54039496,0.49092278,0.3153141,0.0446443,-1.3363998,1.5060561,-0.8011175,1.3211817,2.1707115,1.6235722,1.9120834,-0.46228227,1.2496619,1.9954705,-0.06061195,-0.091281965,0.98956436,1.0896571,1.7680279,1.4257803,1.2079873,0.9516815,1.0569261,-0.705283,1.1763247,0.9450725,0.01709169,-1.3263894,0.7363012,0.4933603,0.9724898,0.5624368,-0.6330114,0.0051945057,-1.1738359,1.1238776,0.12861672,0.77195996,0.999784,0.94759005,0.073465586,0.04686926,0.8833648,0.6692177,0.54314077,0.5601755,0.93692636,0.72835207,0.79782397,0.6678493,0.9490262,0.9642343,-0.48808956,-0.35673806,0.885504,0.74374956,0.70317894
-1.0939332,0.8329553,0.9921101,0.492501,0.4940919,0.26347387,0.60602313,-1.1934384,1.0559247,-0.45474637,0.83853316,0.43386018,1.328284,1.8246721,0.3680557,0.5085394,0.35584772,1.3126915,0.8327346,0.8118259,1.3053846,1.5304766,1.2184204,1.5205084,0.49956313,1.0579003,-0.23863971,0.5662201,-0.16574539,0.9977495,-0.6482369,0.70824987,1.2536874,0.70557535,0.6253128,0.019677479,0.29623398,-0.46182466,0.30052835,0.0071916953,0.59532595,0.3346236,0.35217512,0.49693474,0.72296435,0.3081278,0.5213971,1.3534919,1.4186163,0.60937697,0.29748952,0.121048406,0.15523487,0.6117096,0.16661163,-0.31708944,0.95900697,0.36910167,0.1647731,1.4635739
-1.038059,1.4463983,0.7579283,0.38171008,0.49182826,0.040594354,0.6742621,-1.7928652,0.73610395,-0.89009255,0.8812872,0.8087596,2.074726,2.3335357,-0.37028855,0.88700724,1.3673937,1.2201067,1.3976481,1.459175,1.7701068,1.6885136,1.5312564,1.350434,1.8062553,0.71032345,1.4958103,1.1053283,0.3119456,1.578923,-1.4256855,1.1305974,1.3074507,0.5291667,0.75769675,-0.51499784,0.14397734,-1.3987402,0.5679344,-0.63494414,0.66022706,0.8799815,0.9558033,0.71103287,-0.012303608,1.0422071,0.54065484,1.4796832,1.6923025,1.0277723,1.1274399,0.8462909,0.82742023,1.0913533,1.0766594,-0.13180465,1.4599361,0.9035743,0.23844282,1.7350597
-1.0934131,1.3697616,0.69143844,0.1633112,0.49318644,-0.823418,0.5089223,-1.8172908,0.92703724,-1.4580394,0.9079773,0.78842884,0.7971268,1.6114653,-1.1299034,1.1682119,0.87649876,1.0231476,1.1492331,1.0892005,1.4770656,1.8059645,1.5651574,1.1666775,1.0488644,1.4685571,2.944968,1.1257133,0.8333474,1.151525,-1.2708875,0.90860456,0.9670718,0.43406737,0.4980959,-0.87735206,0.3041915,-0.7023376,0.52262264,-0.465065,0.86120373,0.73203063,0.92727786,0.22951432,-0.5816095,1.0737083,0.7123862,1.2082726,1.2591738,1.0360638,1.0855039,1.0077838,0.86957574,0.9864396,0.9888634,0.039497778,1.4167871,0.90810114,0.42497918,1.2712233
-1.9372076,1.0319686,0.66836476,0.4595051,0.49273372,-1.213643,-0.061689734,-1.361565,1.4141245,-0.4931893,0.9247897,0.96798074,2.692342,1.3751011,-1.7190231,1.3353872,0.7107138,0.57800055,0.74936986,1.1265504,1.7324582,1.9107797,1.5630697,1.0171815,1.2123604,1.1551816,1.3093102,1.0891867,0.934153,0.68215096,-1.0399895,0.75480044,0.82232904,0.37412894,0.58822167,-0.40961546,0.40589663,-0.884673,0.82250845,0.12883087,0.815133,1.1502628,1.2601832,0.3160375,-0.2924275,1.1906306,0.8325364,0.9310063,0.8362688,1.1799558,1.3868032,1.5698864,1.3777852,1.1456392,1.339012,-0.05727547,-0.14922902,0.8565535,0.6621017,0.9951104
-1.8386252,1.0647236,0.41803154,0.9547819,0.48911187,-0.8603788,-0.0071928226,0.582709,1.750213,-0.98402005,1.0846536,1.9243747,1.567283,0.6386989,-0.050183505,1.3833424,1.2561613,0.58607316,0.28218475,1.2891661,0.7138238,1.7834859,1.4812361,1.4886193,1.3030555,1.2727052,-0.9374732,0.35178706,0.77702075,0.34082532,-1.2293023,0.8667879,0.25447476,0.81913584,0.6131757,-0.73551685,0.120662026,-1.0105383,1.001557,-0.16842128,0.6651079,0.93986684,0.40120772,0.008812155,-0.12012991,0.9949109,0.49363056,0.34051755,0.40524364,0.8756009,0.35296047,0.32432932,0.16485405,0.78396606,0.8042136,-0.21144629,-0.13659346,0.7354673,0.32364267,0.42468423
-1.896193,1.1031164,0.05739012,0.6827756,0.48911187,-0.28455448,-0.12625235,1.4840572,1.259678,-0.49798316,1.0636263,1.6772609,1.8919643,1.649572,-1.474199,1.2968981,1.682242,-0.022298114,0.21470691,1.1654402,1.453573,1.6841898,1.7818255,1.5225943,1.4903085,1.0947764,-0.99280375,0.59954315,1.19898,0.07641777,-1.4474387,0.66115934,0.3931811,0.3779295,0.5872763,-0.7198615,-0.023237584,-1.1656104,0.56741405,-0.53336483,0.47834867,0.8590637,1.1720579,0.23470297,-0.6597157,1.1556013,0.48895767,0.29899985,0.5016065,0.9151356,1.1089649,1.0314536,0.8552499,0.99641293,0.92905754,-0.25538516,-0.36633024,1.2221876,0.29927832,0.7018806
-1.7517462,1.8370038,0.7611637,0.3877383,0.49092278,0.7326823,-0.20879084,-1.2631879,1.5108739,-0.8403723,1.1922985,1.8025643,1.4801798,2.3510184,0.49592543,1.1449275,1.2983006,1.1263134,1.3575803,1.061647,1.1790416,0.99405366,0.60823745,1.2180266,0.8850491,0.7928692,1.6761065,0.9802218,0.22466713,1.0078082,-1.5804801,0.9135338,0.49230027,0.20356022,0.67474,-1.0282948,-0.35744426,-1.4025347,0.44311506,-1.1856731,0.26436633,0.82237977,1.2592062,0.018305391,-0.9552659,1.1746495,0.64918315,0.32277486,0.763055,0.997931,1.2146038,1.0562832,1.0951387,0.69257385,0.7364597,-0.47183928,0.3669065,0.7121395,-0.0978643,0.79188377
-0.8128533,1.3568339,0.864538,0.8223407,0.48911187,-0.003979257,0.51007867,-1.685862,1.4382131,-1.0465889,1.424698,1.0945832,1.795963,2.0001168,0.34262714,1.1372739,1.5130657,1.0016459,1.3731453,1.3206728,2.0636506,1.1250023,1.027798,0.7201555,1.4402816,1.127013,-0.3666426,0.637171,0.83438563,1.087901,-1.0372517,0.7304374,0.66088235,0.4852225,0.5423269,-0.57755995,-0.08148279,-1.1222705,0.5497927,-0.6005244,0.3579536,0.69011986,0.7130378,0.14535977,-0.13626276,0.8705666,0.6036849,0.6505462,0.7888765,0.8920538,0.7893882,0.9105821,0.81862533,0.78883046,0.7619356,-0.30888835,-0.057311453,0.32741964,-0.041851275,0.82754725
-1.7131568,1.645535,0.8147706,1.2431132,0.49454463,2.1581922,0.66594434,-0.34619868,1.4632636,-0.5541677,1.2456245,0.5222766,0.84889823,2.35359,0.8497319,0.64956653,0.8903186,1.6112907,1.9189843,1.2407951,1.1990129,2.183859,2.2126236,1.6034868,1.1291515,1.5410483,-0.04559464,1.1417294,0.592349,1.6306989,-1.232475,1.1538944,0.94360316,0.42243862,0.71351177,-0.6095028,0.20627461,-1.0399528,0.33989248,-0.71855175,0.44821173,0.94067675,0.7295381,0.6722502,-0.06724711,0.7389197,0.51353174,1.0736246,1.2823075,0.78379786,0.7252847,0.758501,0.756853,0.7362624,0.7840117,-0.19297424,0.5072961,0.4980424,-0.085283324,1.1986394
-1.665289,0.056687433,0.34246203,0.5265127,0.49001732,0.49897283,0.5088133,0.921075,1.124455,-0.582996,1.3494985,1.8829013,1.0610172,1.7182789,-1.2120812,1.3032336,1.9557377,0.64379793,0.7405733,1.3105292,1.0664653,1.4448957,1.690236,1.7742009,0.52977693,1.0973881,-0.28015622,1.5840499,0.92671466,0.7189902,-0.90484214,0.89401394,0.45090938,0.80835444,0.6199841,-0.088955864,0.19236708,-0.39206067,0.999618,-0.29702145,0.6594566,0.9161249,0.21079685,0.52987134,-0.25797287,1.0353532,0.5882575,0.29353496,0.53406143,0.9764586,0.32666874,0.41624,0.32697657,0.7566266,0.68039304,-0.31827554,-0.017192299,0.6633183,0.24187702,0.49989837
-1.7881216,1.7221119,0.65949506,-0.3782194,0.49001732,-0.75290483,0.16004108,-1.3163252,1.1592011,-1.3225793,0.22116259,2.2104175,2.016293,1.9116547,-0.122190304,0.8439622,1.531657,0.2593628,1.2501835,1.2254657,1.671757,1.3970044,0.8287903,1.6776172,1.017737,0.49810067,-1.6396117,1.1384045,0.52638996,1.1381116,-1.3238562,1.0898901,0.42685902,0.726787,0.4346551,-0.5276782,-0.021209354,-1.0835191,0.72344446,-0.5928006,0.5492326,0.69946015,0.73478186,0.15105723,0.054418672,0.8834765,0.8642838,0.49161997,0.616013,0.83289397,0.74832803,0.7030463,0.5866792,0.7682661,0.73411506,-0.39569604,-0.066198826,0.6304315,0.019182896,0.69103056
-1.9555533,1.8691831,1.1024531,0.19756448,0.48865914,0.9728999,0.7481247,1.0651199,0.9017101,0.16761449,1.2393786,1.2708342,2.0595336,2.34092,0.6532333,1.3013649,1.7301708,1.4779752,1.592375,1.3558313,1.7795513,2.3167717,2.2707858,1.1789947,1.6492106,1.0564454,0.16389608,0.99995923,1.191311,1.5151384,-1.3911129,1.1355081,0.5435729,0.7248057,0.5195785,-0.11045134,0.2835014,-0.53402,0.82857037,-0.31577125,0.78792506,0.9297769,1.0937723,0.6666292,-0.47667426,1.1654325,0.89400274,0.58223176,0.89582455,1.1772178,1.0278267,1.271409,1.1700857,1.0414934,0.91532224,-0.23960537,-0.2809804,0.96108437,0.30120593,0.89726865
-0.6389902,1.5448316,1.0940691,0.3614359,0.48865914,-0.7887253,-0.008836701,-0.98121345,1.1704723,-0.19021599,1.1688647,1.3065875,2.7302468,1.8087163,-0.5405099,1.0270176,1.5357625,1.1859599,1.4495014,1.5571936,2.05302,1.5182856,1.8842076,1.5881284,0.88652575,1.0351257,-0.8269259,0.53466564,1.0628358,1.5662546,-1.0074928,1.0918968,1.0868433,0.6430497,0.5236365,-0.29503465,0.27600402,-1.0875788,0.71077675,-0.029112577,0.77238196,1.1272893,1.2140498,0.73510885,0.08059299,1.1931033,1.0698375,1.2470107,1.3492974,1.3270416,1.1225963,1.3521253,1.3738561,1.1107208,1.0602374,-0.23909976,0.15391201,0.74899554,0.37831524,1.4365499
-0.031678658,1.7551427,0.76071274,0.61608166,0.48730096,2.267366,0.4474156,-1.096655,1.2491086,-0.7255954,1.1965625,1.360926,2.7146144,1.679259,1.1615405,1.0489453,1.3389102,1.221807,1.4530355,1.5990072,2.0332303,1.0952164,1.1082923,1.9756732,1.041289,0.8872249,-0.0875464,1.9108585,0.9078372,1.4655299,-0.8841598,0.89557123,0.6820906,0.8219267,0.27717137,-0.37016767,0.23759344,-0.8342739,0.6888411,-0.540737,0.47578454,0.55875945,1.0927889,0.4941167,0.103580594,0.7735887,0.4416806,0.8667881,1.0958557,0.9981067,0.91669434,1.0452124,1.0077149,0.8312932,0.7097964,-0.30186895,0.56690073,0.5529706,0.073484436,1.0304186
-1.8248131,1.2767444,0.8722382,0.3903852,0.48684824,0.06978105,-0.13844235,-1.1572193,1.5301952,0.8280224,1.3213547,1.3237323,1.4607062,2.1040459,0.2070783,1.1841129,1.554191,1.3262475,1.5719051,1.5190191,1.8725067,2.3990192,2.3933299,1.7124897,1.0522144,0.60780585,-0.40724924,0.3702512,1.1157835,1.701155,-0.9617953,0.9757202,0.69585454,0.7906735,0.42669773,-0.52147007,0.52497596,-0.81775165,0.6559436,0.19878435,0.8968215,0.6542087,0.9868313,-0.22454625,0.6530973,0.8874044,0.69816774,1.0261126,0.8763811,1.0460106,0.92955154,1.1429363,1.1424376,1.1746056,0.8093308,0.10538161,-0.27654436,0.77064323,0.6242312,0.97949725
-0.09215536,0.903531,0.112105966,0.68928546,0.48639548,0.6757863,0.1902939,-0.12553743,1.5611616,0.18594179,1.3467283,1.2913083,1.7710301,1.1718502,0.9380978,1.1760287,0.7872552,1.1147418,0.36124426,1.4180115,1.7206868,2.4006898,2.2587297,1.5963682,1.2810309,-0.15605369,-0.5564661,1.2026423,1.2053833,0.46332625,-1.8181506,0.7708672,-0.15522014,1.1448835,0.49822274,-1.2284135,-0.20650086,-1.8436207,1.4185997,-0.18542238,0.90108246,1.0439403,1.7531683,-1.0435151,-0.8940055,1.3527299,0.6539668,-0.015880529,-0.04672398,1.1835903,1.637388,1.5669388,1.3949327,1.4348617,1.4766148,-0.71628076,-1.120409,1.3569168,0.86248654,0.21458778
-1.5439785,1.2137954,1.1275973,0.74343306,0.48684824,1.5480528,2.2499294,-1.5332696,1.2960408,1.5346677,1.870198,1.5383524,1.4650848,1.6487424,0.4393831,0.98169136,1.841102,1.572332,1.5497241,1.3673992,1.4780266,1.4456869,1.1174387,1.7632693,1.7942272,0.32652166,2.2596297,1.7607005,1.312163,1.5252751,-1.0518341,0.7265184,0.88304967,0.32686022,0.62883455,0.20679063,0.35552055,-0.32972005,0.6548595,0.48646873,0.7920731,1.0225546,1.018579,0.7961993,-0.286273,1.0469142,0.8943383,0.9090268,1.154543,1.0749965,0.9612784,0.9453387,0.84117293,1.0252243,0.87387055,-0.35265937,0.800505,1.048537,0.797432,1.3013289
-0.5999569,1.2768711,0.8783743,0.50881654,0.4850373,2.0721169,2.332081,0.30621004,0.9133629,1.507744,1.1193669,1.0828127,-0.07556533,1.7666392,0.09300585,0.7577255,1.2400872,1.7418094,1.6315675,1.4726318,1.386822,1.530706,1.3023212,1.9033686,1.0822892,0.5604451,1.2802513,1.6350965,1.3539493,1.5450393,-1.1209757,0.9306718,0.6715602,0.833297,0.59217477,-0.7067297,0.036929667,-0.7824043,0.9809816,0.25613123,0.7941069,1.0551827,1.3689396,0.08854379,0.15054901,0.92007494,0.6435053,0.830055,0.9003605,1.2074007,1.038062,0.9451049,0.98848253,1.161164,1.0456263,-0.15340166,0.19178368,0.8536454,0.64731014,1.045154
-0.3915499,1.520392,0.7123498,0.6604197,0.48141545,0.2935526,2.1333656,1.7306787,1.1233704,0.43264592,1.4747069,1.941468,2.000984,1.7719485,-0.074742876,0.92947483,1.2243855,1.5706828,1.56125,1.5104573,1.5895694,2.3060567,2.2455924,1.7018183,1.0593219,0.008781669,-0.23488222,1.6474771,0.9967273,1.2770846,-1.2590418,0.778011,0.66619444,0.585388,0.59524995,-0.31922227,0.130383,-1.0680188,0.7775899,0.033137787,0.744206,0.98261434,1.571608,0.13053983,-0.31974378,0.9742765,0.88752335,0.85692483,0.9330904,1.1488312,1.3246391,1.4014477,1.3513551,1.2493495,1.0352027,-0.35529876,0.3919148,0.8723975,0.59402674,1.010717
0.6016716,1.0589173,0.8432467,0.32851988,0.49273372,1.1228303,2.482069,2.788842,1.210264,0.3114907,1.6251647,1.547592,1.1629227,1.930717,-0.24681644,0.8633661,0.80115885,1.8505254,1.9157304,1.459792,1.9096969,2.3260324,2.0137393,1.3897549,0.7312891,0.87624955,2.5501435,1.6118356,0.7908941,1.6060313,-0.1511134,0.991625,1.195586,0.08341467,0.71699524,0.22018738,0.4012873,0.3571236,0.2532386,0.5520324,0.8301171,0.8099274,0.7410135,1.2455539,0.6585799,0.29573607,0.6670452,1.6132418,1.6864333,0.43983513,0.39006022,0.36545566,0.49642676,0.91996706,0.55913377,-0.033252,1.8193378,0.52749056,0.6406349,1.554704
-1.0157409,1.398168,1.1229143,0.07757351,0.48730096,2.194961,2.274922,0.03400509,0.62911755,0.45998657,1.5117505,0.9446641,1.9125044,2.9000726,0.10920958,1.0472363,2.3409085,1.6737788,1.5593054,1.4228767,1.5061783,2.0747912,1.9471047,1.5875674,1.0082884,0.56531864,2.1590564,0.52324027,1.4539963,1.5245881,-1.2645743,1.1026341,0.821261,0.70989364,0.60578114,-0.48839992,-0.15059564,-1.0050778,0.892873,-0.25031322,0.84524244,1.0131396,1.000772,0.30470562,-0.08742452,0.80975276,0.64485306,0.86681694,0.9983151,0.87644243,0.8013124,0.67960703,0.8017427,1.0130447,0.94801676,-0.12452007,0.21220306,0.7104781,0.5004588,1.118276
0.19679213,0.70868605,0.9153358,0.66998386,0.48232093,2.95067,1.5857223,0.7639676,1.1550791,0.6149931,1.1777319,1.4249104,1.1815931,1.1677471,-0.34879604,1.099457,1.7866372,1.3874823,1.2413919,1.294109,1.3950827,1.6857642,1.4033172,1.3683977,1.540852,0.9680255,0.5859544,1.4378042,0.9464282,1.347792,-0.8827331,0.6908701,1.006046,0.4266954,0.6055465,0.034510247,0.13844311,-0.28700474,0.70689666,0.581692,0.7273093,0.9920071,0.81576306,0.7646351,0.036586586,0.846244,0.7905903,0.9824432,1.2612977,1.0002304,0.8482906,0.83843595,0.8403581,1.016008,0.8605606,0.047497742,0.37336546,1.0045913,0.89650685,1.3325367
3.871794,1.1240181,1.0201923,0.5616899,0.49590284,2.1333048,0.8751987,2.3321373,0.58312166,1.3536685,1.6947509,1.7087741,0.46250817,2.460417,1.0112456,0.8680177,2.2522826,1.7944312,2.131039,0.88910663,-0.5424663,0.5535653,0.7409857,2.1821008,0.78000575,1.4210407,0.35679412,2.047578,1.5674636,1.7540115,0.71979797,1.0190116,1.5282732,-0.42929834,0.89785427,1.3238686,0.5673981,0.5707621,0.16174975,1.5650201,0.8248976,0.8958708,0.027904239,2.2411063,0.9140615,0.24704175,1.2259926,1.6508945,1.9364378,0.21707678,-0.10214298,-0.519507,-0.37318784,1.0668031,0.18641768,0.2728605,1.7286217,0.55214417,1.3768135,1.752341
0.09816381,1.1470277,1.0709709,0.43047276,0.49454463,2.2559443,0.8755379,0.6593977,1.2200472,0.4126826,1.5139422,0.8648614,2.1745744,1.8958706,0.36069804,0.9371361,1.5663583,1.4593831,1.9103054,1.1336753,1.1354074,-1.1328572,-1.1106458,2.7202263,0.12178405,1.3535919,1.9089359,1.4547148,-0.22208287,1.7237978,0.83881843,0.8210199,1.2233657,-0.45279723,0.71490526,1.1806998,0.1256336,0.25711694,0.37308428,1.3830508,0.815333,0.87110835,0.30700624,1.9194558,0.49125373,0.2512859,1.0123124,1.2198042,1.5048873,0.38448325,-0.05650603,-0.38524753,-0.21777365,1.482882,0.35297984,-0.25810173,0.8741294,0.8299942,1.3378165,1.4326555
0.8565011,1.6268476,0.64109147,-0.090595394,0.49499735,3.1031814,0.73477244,-0.9928698,1.168791,0.8237297,1.2366531,1.4230536,1.890687,2.0495152,0.47402647,0.87132794,2.9243813,0.97071683,2.1087906,0.71505874,1.2824403,0.04253123,-0.61273116,2.7002747,1.0737813,1.1548887,-0.14130141,2.056053,0.84639555,1.7834489,0.35215002,0.8221004,1.29804,-0.3866701,0.70147896,0.72941303,0.28245765,0.29223317,0.438844,0.64073795,0.6415395,0.57626116,0.8128672,1.7040836,-0.2763052,0.52266836,0.6252733,1.06996,1.4604065,0.29303423,0.13877195,0.036541432,0.131125,1.2824888,0.4312914,0.021716176,0.30136672,0.8285038,0.9455608,1.3530912
0.8284494,0.81366694,1.4365145,-0.8414235,0.49590284,-0.47976223,1.7599902,0.45461142,0.21710648,-0.017278703,0.91330427,1.9122945,1.4810747,2.5765214,1.0072303,1.1685472,1.1099249,1.4110252,2.083383,0.9839586,0.5268072,-0.31000134,0.06908374,2.1938312,0.94412845,1.1335298,1.616356,0.087171175,-0.42569956,1.7475725,0.21357293,0.93186337,1.2638571,0.04868138,0.28097335,0.39947274,-0.08025817,-0.053986065,0.66584796,1.1306539,1.1809642,1.0755166,0.742728,1.1427535,-0.00015476719,0.7615014,0.8578966,1.3417804,1.4942776,0.65704995,0.36415723,0.29974797,0.47555763,1.5136424,0.90087336,-0.20449866,0.3592213,0.79372543,1.2490548,1.4118705
-0.14234398,0.74739736,0.77036905,-0.08945451,0.4877537,1.566419,1.1924353,0.7716458,1.550497,-0.21512471,0.82919,1.5462596,2.135537,1.6193378,-0.63669217,1.384598,1.8845686,1.2075456,1.2298276,1.3508908,1.8424207,2.466325,2.1876643,1.7536811,1.2520648,0.5203174,0.26542002,1.5957102,0.47619447,1.2514142,-1.1787271,1.0518711,1.1760578,0.314331,0.66900384,-0.24199088,0.5735141,-0.92228067,0.6368082,-0.19277853,0.5988634,1.0596575,1.0082631,0.8389205,-0.36828873,1.2026867,0.6184761,1.1127918,1.3178897,1.1193525,1.1509851,1.1988455,1.1064367,0.94403493,0.9852523,0.10155691,0.43677044,1.1796799,0.465763,1.4469934
-1.2489104,1.0009984,0.47689807,-0.05814917,0.48820642,-0.03904497,0.52989036,-1.8783982,1.5925443,-0.8052832,1.1102346,2.263086,1.8059617,1.178979,-0.2701143,1.4708487,0.8608871,0.8446393,0.8367162,1.435545,1.627085,2.768228,2.6590676,1.6292144,1.3026491,0.9046694,-1.9549971,1.8886654,1.1448643,0.5591103,-1.4726973,1.0185763,0.87290454,0.4651488,0.6411047,-0.71558636,0.34178418,-1.0320239,0.8596887,-0.33579993,0.77186173,1.0108094,1.5628073,0.29009065,-0.7604383,1.4164869,0.73303646,0.9370984,1.0725032,1.4264233,1.6670544,2.2681527,2.092655,1.1698133,1.3011806,0.08111612,0.05967857,1.0952784,0.5326002,1.1714675
-1.9449043,1.4661548,-0.7048439,0.48420736,0.48730096,-0.5099555,-0.33585104,-0.7557232,1.7598876,-1.2491076,0.9222996,2.0007172,1.5262686,1.0199728,-0.31597373,1.3577662,1.0472095,0.32587573,0.06456768,1.4723777,1.9404508,2.4507053,2.3571262,1.1980717,1.7124847,0.6514797,-0.34138682,0.8940729,0.78999907,0.15239592,-1.4853692,0.70826036,0.5347094,0.5604036,0.7576503,-1.0817138,-0.15477896,-1.217341,0.9643311,-0.34476328,0.6601346,0.7599575,1.2934086,-0.22903983,-0.75661314,1.3784393,0.8540163,0.4693752,0.52723783,1.0975437,1.5145471,1.5835435,1.43581,1.1081642,1.1762383,-0.2310898,-0.26194626,0.8321193,0.45928758,0.6938101
-1.927402,1.4179435,-0.48985648,0.6721567,0.492281,0.44896886,0.44902727,-1.8528426,1.2744013,-0.9674981,1.6048042,1.8803223,1.8526746,2.2938557,-1.0260538,1.3160874,1.2238777,0.32626134,0.08347196,1.2817655,1.4571979,2.8509262,2.4565363,0.6876327,1.3900396,1.0472116,-0.3516643,0.7142803,1.1818326,0.19273983,-1.370479,1.1671159,0.84270275,0.23429865,0.6234858,-0.6699877,0.042903945,-0.9040599,0.5204938,-0.76016575,0.4105459,0.6527314,0.93963826,0.34781614,-0.6890245,1.247435,0.73866266,0.76777846,1.0557754,1.0071765,1.1763747,1.2455056,1.133422,0.6483843,0.8420286,-0.23360309,0.3323101,0.8065983,-0.10914034,1.2160116
-2.0003636,1.250775,0.13791211,0.2837312,0.49318644,0.27274665,0.62703866,-1.1970688,1.5199158,-1.4668696,1.3971677,1.5292552,1.5962297,2.1185284,-1.0970808,1.3177379,1.7894052,-0.013764134,-0.27084976,1.3624781,1.800239,2.168527,2.3291068,1.0562569,1.6307758,0.8839095,-0.61477625,1.1760306,0.8181986,0.0016823557,-1.40138,0.73289955,0.5193955,0.8935505,0.7358367,-0.7529414,-0.3039384,-1.3478208,0.95088726,-0.36303845,0.61343306,0.89349437,1.1100792,-0.19909433,-0.3212467,1.0400969,0.86980355,0.49127123,0.64963996,1.0437933,1.0775038,0.99396247,1.0977151,0.9034892,1.1415361,-0.5793745,-0.16135903,0.8174592,0.40794915,0.80878574
-1.9900308,0.6713132,0.49772188,0.3330302,0.49182826,0.8683425,-0.30429637,-1.9006507,1.2676097,-0.65457624,1.1331391,1.0951248,1.9006541,2.2787786,-0.419597,1.3366201,1.1501166,0.96363986,0.40051618,1.175299,2.0314524,2.341775,1.9526378,1.1832099,1.4473892,1.0218405,-1.5787745,1.2390782,0.46850058,0.44531757,-1.5584522,1.0822686,0.9343544,0.59894466,0.6462302,-0.96293044,-0.010517089,-1.2176229,0.8547688,-0.35544816,0.8422576,0.89267904,1.3027122,0.24644424,-0.37538528,1.2363317,0.8656757,0.94671273,1.0241066,1.1029994,1.3539625,1.5545129,1.4028124,1.0770091,1.237353,-0.08018662,0.060526095,1.0099759,0.51113844,1.0842959
-1.9132737,1.3908749,-0.38200155,0.8891346,0.48911187,-1.186146,0.37451947,-1.2500999,1.7589996,-1.290267,1.2006569,2.3484006,0.66733587,1.3153929,-1.1322733,1.1193966,1.990191,-0.11072549,-0.5693341,1.1146535,1.1235977,1.9525735,1.7703587,0.73442334,1.1803374,0.77566224,-0.35113946,0.4322981,0.4421143,-0.36141643,-1.3213556,0.6880238,-0.26118344,0.5375508,0.49881276,-1.1947663,-0.2087293,-1.4761531,1.1136608,-0.74655706,0.43630254,0.84853506,1.0407066,-0.3408409,-0.8732074,1.1428047,0.3003839,-0.26369256,-0.17382304,0.936136,1.1411818,1.0848539,0.9047323,0.82393086,1.1175388,-0.22267604,-0.8393656,0.7713632,0.1561013,-0.030248795
-0.9681077,0.61800563,-0.5114428,0.9020284,0.4940919,2.5162106,-0.0064502256,1.0996234,1.7200221,0.15612334,0.9762554,1.5313104,2.3584387,2.2118843,0.19211455,1.1862364,1.7314099,0.37814558,-0.069423124,1.1938088,1.2167476,0.4874134,0.5856116,0.4727248,1.0365345,1.012442,-0.32040632,1.3642997,1.3913124,0.15135828,-0.9144202,0.8526629,0.7197087,0.541447,0.45608756,-0.60094553,-0.07862824,-0.8133019,0.6423017,-0.3180687,0.7074971,0.8205288,0.57961327,0.41461948,-0.027704554,0.6588995,0.7970964,0.90612036,0.90971583,0.7754261,0.5390113,0.5255814,0.43246534,0.7316133,0.63168764,-0.23454545,-0.015826354,0.5478657,0.19874139,1.0430577
-1.1196457,1.6536698,-0.5351097,1.193652,0.49318644,1.5852469,0.3671805,-1.2013004,1.3027902,-0.836113,1.7647605,0.7298187,1.4033986,1.7745275,-0.5284032,1.3407831,3.0049877,0.17827246,-0.06116453,0.88182354,0.67034316,1.5343803,1.106758,0.8500727,1.2609031,1.1653129,-0.23392904,1.2708148,0.54839814,-0.23873188,-1.100528,0.8270072,0.30587527,0.68054223,0.5764238,-0.4523954,-0.08562542,-0.6594273,0.6408356,-0.62838626,0.5894478,0.6342424,0.51591766,0.25111896,-0.29655147,0.97229207,0.4348551,0.30238354,0.41500285,0.9336517,0.56713396,0.89234364,0.9663559,0.571255,0.6193149,-0.12313662,-0.31421643,0.60628283,0.04864784,0.4591775
-0.052313153,0.4986953,0.43772042,0.45770854,0.48911187,-0.2846372,0.13280123,-1.599025,1.1624671,-1.0487924,1.3529625,1.283166,1.5534939,1.3846956,0.03769142,0.9562626,1.1652641,0.21372844,-0.047717325,1.1477169,0.74281496,1.1321814,1.6369518,0.97698677,0.4671127,1.3424232,0.37886646,-0.03396577,0.8354354,-0.049420204,-1.150926,0.8988073,0.58176196,0.6926046,0.69636256,-0.59247893,-0.06210863,-1.0709234,0.58415127,-0.547755,0.53998816,0.59139484,0.881335,0.076418996,0.0414665,0.880926,0.71105444,0.76894945,0.7776801,0.97772187,0.998556,0.5894284,0.7150607,0.68618006,0.70180285,-0.19059718,0.30052158,0.5342737,-0.010351388,0.78573656
-1.0430336,1.3969777,0.12766412,1.0295855,0.48865914,0.71842384,0.0554181,-1.8299817,1.2233726,-1.628355,1.4730608,1.3060383,0.42684045,2.5431945,-0.43982327,0.8328404,1.6345404,0.41513973,0.2033708,1.2004333,1.0189874,0.13306306,0.15092197,0.76959777,1.3127686,1.0630778,-0.5660679,1.761787,0.26871547,-0.22322525,-1.5720226,0.7376505,0.14714052,0.51621675,0.736503,-0.65296054,-0.23309278,-1.0889975,0.8284049,-0.7568496,0.46438724,1.1440599,0.9998406,-0.12446974,-1.0418013,1.3066152,0.48295438,-0.03146655,0.18668687,1.0296141,0.9503242,1.0335039,0.88841414,0.95133924,1.1008955,-0.45012206,-0.5710015,0.9187135,0.31462118,0.36164486
-1.5192991,1.5624195,0.68493366,0.3524015,0.49318644,-0.26748854,0.7578159,-1.9161232,1.2313293,-0.49222657,1.4913024,1.2001057,1.7527679,2.6404278,-0.5278764,1.0001845,1.7608823,1.0690929,1.1900415,1.0830181,1.6119207,1.8382001,1.2594671,1.0710866,0.86866343,1.4704466,0.08891766,1.1114286,1.2568963,1.2497708,-1.5583898,0.7119027,0.39488253,0.6347369,0.4267543,-0.89002585,-0.11478728,-1.0868611,0.95361394,-0.3246386,0.76249003,1.1536571,1.0249674,-0.12875219,-0.6791166,1.2324142,0.5913986,0.34999728,0.35123244,1.1617208,1.2659125,1.179753,1.1007805,0.917006,1.2347517,-0.18496804,-0.44277728,1.1123029,0.49901256,0.56963915
-1.8756331,1.5758449,0.7181978,0.9155437,0.49726102,0.032106224,1.3941272,-1.3739673,1.6895105,0.42422572,1.5687039,1.1659955,2.1155016,1.9343314,0.17981677,1.3392097,1.6910319,1.5196304,1.4465945,0.98272663,1.3142537,1.9553611,1.6172552,0.92296237,0.88889414,1.2965825,2.624507,1.2412419,0.43243128,1.2895945,-0.8614719,0.75948656,1.2209737,-0.27059656,0.57741386,-0.18035926,-0.23393077,-0.2515919,0.21989882,-0.5471947,0.27564198,0.57054496,0.57879776,1.200064,-0.30594784,0.6387895,0.25637227,1.1069267,1.4606228,0.49747744,0.5340311,0.31928796,0.3669166,0.45958155,0.4023008,-0.23623124,0.8915976,0.599912,-0.01517389,1.4692856
-1.859396,1.4539815,0.8357979,0.7058373,0.49273372,1.9857074,0.92753226,-1.1847484,0.9272265,-0.74087876,0.88515985,1.3778249,1.1897919,2.1909492,-0.77791697,1.0926456,2.1048164,0.9286018,1.445433,1.1869525,1.4133981,1.9434366,2.0220363,1.1644192,1.5140619,1.2775054,1.7191358,0.5192057,0.52423984,1.3257394,-1.4755499,0.928683,0.7014566,-0.107197136,0.60914737,-0.6018266,-0.31061077,-1.120578,0.24186045,-1.1762353,0.18404756,0.9021341,1.3713179,0.3088194,-0.750536,1.0689144,0.8808666,0.73388463,1.0579888,0.94680613,1.3393894,1.3290901,1.3774481,0.83436537,0.81101876,-0.9033949,0.8686133,0.7669559,-0.30333233,1.1278316
-1.0751647,0.85354817,0.6197425,1.5732328,0.49047005,0.5429771,0.93495816,0.2498206,1.5530099,-0.31712818,1.2330205,1.820573,1.785122,2.0841641,-0.025888652,0.90281606,1.4007716,0.7876539,0.05761774,1.0821896,1.114732,1.4524583,1.322964,1.2125239,1.1734483,0.86664736,-0.7518558,0.06993159,1.2828228,-0.012920053,-1.6443273,1.121655,0.16914216,0.73320997,0.6552861,-0.63470834,-0.2081838,-1.0588918,1.0217028,-0.6667372,0.7404935,1.3608897,0.95829636,-0.1044569,-0.7584132,1.3684058,0.7376639,0.15831965,0.40874523,1.1917682,0.85657686,0.78386766,0.8196706,1.166758,1.1270123,-0.709859,-0.33174154,1.0195999,0.3665567,0.45031703
-0.8584737,0.35346332,-0.043092053,1.061668,0.49001732,1.6653718,1.1895275,-0.5652104,1.490283,-0.64203763,1.5579251,2.200527,1.6294147,1.1822965,-0.8092374,1.2270156,2.3922155,0.044876885,-0.4818066,0.8145459,0.6739123,0.35442907,0.42501187,0.81977075,0.8160743,1.5685222,-0.86645377,1.2562675,1.4229809,-0.20291229,-0.7255918,0.7339132,0.8682193,0.8751067,0.5306269,0.4836012,0.10852804,-0.13937466,0.89060295,0.68007195,0.78297544,0.6985492,-0.12432937,1.1299939,0.2487042,0.6154953,0.57177,0.8806758,0.9262271,0.6888117,-0.19547889,-0.21561474,-0.30326295,0.7376963,0.39674065,-0.272241,0.31937346,0.33837694,0.88755727,0.87149835
-1.7890705,1.5756489,0.82107,0.34552848,0.4895646,1.2103118,0.6483695,-1.7418408,1.2489978,-0.8171116,1.0594823,1.6528124,1.9244595,2.088777,-0.3791508,1.0850099,0.99503523,0.6070438,1.2231313,1.1905553,1.485037,1.8886517,1.7904267,1.4949743,0.7156911,1.5822594,-0.1667135,1.7769822,1.016948,1.3999934,-1.0356516,1.1668873,1.0854377,0.8078203,0.6276316,-0.3253253,0.28987354,-0.69616634,0.7072558,-0.52964234,0.83074194,0.81530666,0.8165042,0.89586216,0.07593793,1.0678511,0.72866595,1.2806351,1.3885204,1.0765269,0.74585956,0.999251,0.9820927,1.0670441,0.846502,0.0529773,0.2800291,0.598373,0.19443384,1.3623642
-1.7793704,1.6268365,0.5102202,0.48274875,0.48865914,-0.86097354,0.16628942,-1.2038131,1.6065044,-1.1914222,1.1824362,1.3489909,1.7026762,1.9209155,0.6255063,0.93238366,1.4701362,0.667167,0.99547535,1.0944004,1.2658514,1.9026232,1.4370617,1.0009685,1.2905684,0.8986229,-0.60974765,1.1193478,0.6808836,0.6623726,-1.2260857,0.8729755,0.21709616,0.51265275,0.5885392,-0.7548527,-0.49549723,-0.92299545,0.699081,-0.90737784,0.3857895,0.7298565,0.6451187,0.06615956,-0.613687,1.0677073,0.35528117,0.15246353,0.38376576,0.82666796,0.5837154,0.47963026,0.43947625,0.80319154,0.7334321,-0.42441657,-0.20962426,0.6073484,0.00857797,0.4448117
-1.7094666,0.44378093,0.8748201,0.35840505,0.4895646,1.5681353,-0.19930242,-0.5761725,1.3519546,0.36223474,1.4768041,1.5471468,1.8108681,1.9061533,-0.28633195,1.2668022,2.2048473,0.4680233,1.0721313,1.3185755,1.185345,1.7688684,1.544749,1.157065,1.3494581,0.47723997,-0.78616554,0.53253937,1.2582603,1.1465997,-1.1161233,1.1480345,0.4831247,0.75562775,0.5687037,-0.899399,-0.3763233,-0.99219924,0.9348516,-0.6393529,0.5279569,0.5784348,0.590416,0.34403172,-0.44351614,1.251501,0.58631974,0.48262805,0.72323793,1.0641617,0.7337351,0.7559726,0.73392886,0.8244376,0.8654297,-0.4135745,0.31576568,0.6020453,0.091217235,0.72877157
-1.7495321,1.1389972,0.8649515,0.5921112,0.48684824,0.41341424,0.97213656,-1.7095052,0.91616017,-0.98404807,1.2989961,0.89013726,1.5482887,1.6743675,0.416167,1.1327287,0.82821774,0.99224746,1.3934242,1.4252768,0.78443,1.4185892,1.3764154,0.97313935,1.693921,0.72878015,-0.7029072,1.2181892,0.9472085,1.3741208,-0.91639364,0.8082573,0.76857954,0.30907816,0.7612361,-0.47911614,0.06600708,-0.8213076,0.48178792,-0.71319264,0.43162048,0.66274893,0.50647306,0.43789864,-0.18479614,1.0008956,0.36046126,0.7009956,0.92559457,0.84782624,0.6670276,0.8587452,0.7984459,0.6522593,0.6261051,-0.055753917,0.057885155,0.32439184,-0.14548111,0.95077515
-0.31175202,1.2767456,1.0743972,0.4677399,0.48865914,1.2439401,1.1579018,-0.55079657,1.0880063,-0.78985286,0.9238831,2.25367,1.358653,1.3484402,0.66958636,1.1420064,1.526151,1.3488332,1.4994646,1.4821334,2.1713212,1.3341208,1.2226528,1.3055539,1.0318662,1.1296582,0.6339304,0.95303833,0.8452482,1.5057714,-0.95142424,0.9362675,0.70020366,0.29635,0.42629546,-0.48391348,-0.03881935,-0.95267296,0.47006774,-0.8979822,0.39096224,0.8393735,0.6119688,0.7347671,-0.5649175,0.9952489,0.6478467,0.7156806,0.99940306,0.7553214,0.6082977,0.6222707,0.6062217,0.7836753,0.7068299,-0.33201954,0.90950704,0.52865064,-0.24218516,1.0327429
-0.8717548,1.1471046,0.76503026,0.2798472,0.4877537,-1.0345526,0.8246919,-0.22086032,1.1555436,-0.7238657,0.8606787,1.6063005,2.1298406,1.8720915,-0.2670945,1.2028456,1.5243618,0.83194906,1.4472368,1.3835711,1.7440217,1.9317554,2.1494038,1.2671125,1.043566,0.8564741,-1.0248448,1.2361604,1.3246338,1.5110513,-1.359514,0.8015988,0.83522254,0.5032857,0.5988456,-0.47639042,0.26793653,-1.2155484,0.66034585,-0.2736857,0.70874375,1.099916,1.3208135,0.3128341,-0.30167872,1.0606759,0.7708152,0.91461736,1.0121498,1.1360043,1.1547942,1.1928072,1.2002599,1.1940321,0.9733421,-0.34910923,-0.047611915,0.9152441,0.33566245,1.1218498
0.0027396164,1.3101574,0.78146356,0.7078753,0.48820642,1.5035372,-0.34408954,-1.9114293,1.4211719,-0.79149383,1.1183752,1.5038122,1.748909,1.2465615,0.870885,1.0989766,1.8309195,1.4482332,1.6687119,1.2956558,1.6501706,2.0751283,1.4525616,1.3599517,1.0040908,0.5475958,1.0481907,1.102561,0.9005781,1.6672411,-1.3798156,1.1238444,1.0102328,0.7773077,0.5605132,-0.6395826,0.019949371,-1.533414,0.8505198,-0.63044566,0.8373166,1.2077103,1.6634767,0.056220923,-0.4870745,1.2472402,1.262614,0.95592207,1.1183332,1.2244831,1.3609955,1.3259238,1.4053589,1.3079493,1.1618273,-0.6325952,0.12255709,1.0242118,0.32034484,1.2535868
-1.5169411,1.0731289,0.51713157,0.1867858,0.48232093,-1.5946845,0.58830833,-1.5215759,0.32628393,-0.74454737,1.2785836,1.3727952,2.0721824,-0.46241316,0.31695902,0.74087185,0.057224255,0.96771634,0.850589,1.2869041,1.7924919,2.3339365,1.9246666,1.8518721,1.7406073,0.85195804,-0.6328922,1.6010003,-0.17495373,1.0120318,-0.96672606,0.77208644,0.65755045,1.28913,0.7975678,-0.35999304,0.6075348,-0.73100275,1.0174979,0.36417067,1.0079889,1.0920913,0.47428095,-0.26176667,0.40217817,0.71851766,0.6687997,0.7752796,0.5709869,0.8698742,0.44516602,0.35878983,0.34428445,1.318295,0.7708957,-0.22273666,-0.2988142,1.1456923,0.82610106,0.7467719
-0.7737247,1.516275,0.13789739,0.95788646,0.47054994,0.123543404,-0.0071948697,-1.0782762,2.025808,0.029585857,1.3053895,1.0364338,1.5009248,1.1098058,0.43434486,1.1671793,1.1019717,0.48880506,-0.014001411,1.3972007,1.4915462,0.45487535,-0.21861972,1.5903463,0.82778025,-0.0039926665,-0.57981396,0.9613044,0.59752613,0.30848002,-1.4606322,0.63995665,-0.061541338,0.9872454,0.33396614,-0.5420981,-0.2600999,-1.2030575,1.2300241,-0.25475648,0.64633656,0.59795076,1.2524555,-0.48055094,-0.58083165,1.0521617,0.50984454,0.01327231,0.052542683,1.151711,1.2613605,1.1988102,1.1765238,0.94628376,0.8864934,-0.57482177,-0.7469738,0.9338399,0.4274481,0.19142762
-1.8514884,1.5843552,-0.41649446,1.1380352,0.46013716,-1.039508,0.41615397,-0.64743036,1.7759337,0.610917,1.7026374,2.0952067,1.0299029,1.0180354,0.8963407,1.0598162,1.0873597,0.7561214,0.6059382,1.2461457,1.2495811,0.619463,0.8421225,1.9937942,0.8626853,0.24032009,-0.8498407,2.148411,0.7629183,0.6478424,-1.9008766,1.1979934,1.0289499,0.8460461,0.53544253,-0.72829455,-0.23952651,-1.4018129,0.9837761,0.12911057,0.96778435,1.4867347,2.2277105,0.020332377,-0.3780898,1.2449646,0.97681546,1.3104908,1.4510956,1.3153536,1.8763248,2.067668,2.0495386,1.7123336,1.4489981,-0.82929957,0.05392857,1.3476574,0.89518523,1.5816221
0.6862942,-0.5435129,1.3601105,0.6797275,0.47960454,1.4826838,0.9945479,0.72685736,0.662521,1.0980318,0.22317322,0.88436025,1.3640305,1.3808597,1.0082293,0.30140045,1.0052325,1.4069124,0.7551581,0.6749417,0.25928417,-0.5784849,-0.39354247,0.47404003,1.2912388,0.3118605,0.46779233,0.19242226,-0.0085472,0.7057625,0.7235549,0.06584681,1.1489477,-0.021117123,0.09769826,1.3592867,0.4407207,1.0844169,-0.18988782,1.1719892,0.36769354,0.24451362,0.029834408,1.1426584,0.8871447,-0.3232165,0.97044706,0.9840954,1.1281017,-0.11514727,0.004379196,-0.23721503,-0.20797077,0.19549717,-0.30297568,-0.16515084,0.26353186,0.28524935,0.71877414,1.1129583
1.5738975,1.2132055,0.84449095,0.18660475,0.47100267,0.7620749,1.7933843,0.8925055,0.9719047,0.7663296,0.6227659,0.6597218,1.288063,-0.24032936,0.27059913,0.25865772,0.28523993,1.1351812,0.9771185,1.4496268,0.932638,1.8370125,1.0004064,1.6559945,0.7215844,-0.6152204,0.37598306,0.8380588,0.5882283,1.3265017,-0.98516595,0.8072086,0.91480774,0.6499818,0.44179893,-0.06986132,-0.05649604,-0.22046387,0.7096888,-0.1702781,0.5103703,0.7858555,1.2827514,0.36556476,-0.14495529,0.7149516,0.69685525,0.91846704,1.094462,0.9178691,0.88222253,0.85408163,0.9590376,0.8576713,0.69956666,-0.4884473,0.38068837,0.7387893,0.2235693,1.1441884
0.23501295,0.10068366,0.17938212,0.8449189,0.47281358,-1.7098722,0.5183627,-1.104451,0.93337965,-0.34546843,1.1722622,1.7893815,1.8766352,1.1128628,0.21706514,0.88056815,0.25834772,0.6131032,0.2889393,1.4808481,2.1688073,2.3130965,1.9003259,1.7631857,0.85705614,0.5743434,0.64278483,1.1200198,0.40764686,0.6449068,-1.4132365,0.9044018,0.5174917,0.8703951,0.5800011,-0.6290652,0.1822129,-1.3209538,1.1797191,0.07636054,1.1467316,1.2833658,1.9402744,-0.13378574,-0.08214605,1.1941118,1.2804058,0.72566223,0.69641143,1.3396823,1.6554523,1.7432902,1.7582912,1.5869436,1.2301425,0.006600069,-0.21725649,1.2910285,0.8900423,0.8898899
0.49609134,0.6087129,0.88709885,0.75237864,0.48186818,0.47193912,1.1865182,0.48889902,0.95790684,0.49088868,1.7323138,1.7839018,1.4712448,1.6090697,0.4236839,0.72235036,0.8578472,1.2381388,1.2778559,1.2358184,1.5603848,2.081606,2.0545092,1.0984538,1.1890105,-0.010336992,0.2469429,0.6273959,0.29734847,1.3154747,-1.3275652,1.015942,0.53157747,1.2748626,0.65802735,-0.21979147,0.091490164,-0.77815205,1.2317289,0.5712884,0.97896534,1.2935514,1.3591702,0.20996533,0.14552286,0.8938492,0.80519325,0.81294394,0.83193547,1.1751071,1.0085568,1.0472697,1.0156325,1.3710866,1.1272179,-0.40303123,-0.48857114,0.91680986,1.1480438,0.9391595
4.6029987,-0.22090095,1.0010937,0.9095185,0.49273372,-0.96455896,1.4608996,1.2582759,0.4367214,0.43751332,1.1435463,1.7548603,-1.1379951,1.9121374,0.7650806,-0.0017858408,0.24916524,1.7906971,1.6466212,0.9129146,0.8146996,0.043055087,1.322144,0.20220171,-0.22071432,1.018174,0.42807573,0.83868897,0.98092216,1.2313362,0.6959043,0.63571143,1.1080981,0.10353496,0.47640496,1.5659935,0.9667441,1.1050565,0.23110446,1.2352705,0.5013184,0.561629,-0.019917473,1.6852568,0.9527726,0.035913043,0.97316813,1.0951155,1.2965778,0.24953377,0.111148916,-0.16040398,-0.25040647,0.5778628,-0.10075405,0.2620611,0.49460512,0.35432506,0.8748925,1.1520444
0.5700397,-0.15270594,0.6473289,0.6694134,0.4850373,1.9140023,0.43006504,0.03034632,0.016954888,0.12040173,0.47072664,0.3399571,-0.105588876,2.1027043,2.3881452,-0.99692583,1.425874,1.4630376,1.3473438,0.47069943,-0.8391349,-0.0034753853,0.31073454,-0.08894972,-0.40837693,1.0325099,0.12065579,1.0669532,-0.75192463,1.4633905,1.5028638,0.20393628,1.0887814,-0.6849593,0.38510957,1.3101301,0.033567995,0.74838614,-0.41008756,0.98665696,0.1263921,0.10020635,-0.009207185,1.2590469,0.53263134,-0.34461176,0.964112,0.8417907,1.1078948,-0.36363,-0.22889712,-0.68235695,-0.54461896,0.4554596,-0.31184956,-0.09128767,0.21986885,-0.019244254,0.63988554,1.0834169
1.1928276,1.1735202,1.274652,-0.11183141,0.49499735,-0.010132639,1.0593492,1.6673063,0.69288737,2.0718265,1.3817787,-0.18157144,1.1569556,2.66814,1.1742054,0.29964578,1.9603047,1.9946545,1.9169364,0.7594991,-0.3704036,-0.36841714,-0.85925645,2.1961281,1.3439989,1.2880666,0.8060897,2.469728,1.1115007,1.7305902,0.96745133,0.7279062,1.5147169,-0.39154026,0.47670457,1.3632623,-0.14105116,0.50799733,0.07749981,0.9602436,0.61512965,0.6362483,0.058098342,1.6700584,0.3487321,-0.013940813,1.0609945,1.5242497,1.6544557,-0.01999167,-0.3713555,-0.7669025,-0.6244102,0.8218975,0.08287446,-0.1260288,1.000515,0.5868523,0.9255198,1.55838
-0.37939924,1.5500892,1.2273129,-1.0869071,0.49499735,1.1611962,1.6253276,-0.7454167,-0.014786774,1.1882735,1.2382885,0.8255066,-0.27094293,2.2874477,1.166247,1.0521435,0.46608788,1.6186601,2.1335146,0.53125566,0.3378624,0.70523536,-0.19124794,1.4155071,0.9129804,1.3351378,3.348703,1.2379264,1.5842022,1.8244424,0.0707933,1.5468606,1.4502119,-0.56552947,0.66593796,1.2532293,0.27439216,0.17451563,0.0879494,1.3091933,1.2536125,1.219189,0.4855977,2.2961466,0.69541794,0.60122824,1.2642152,1.6996351,2.013036,0.51859224,0.037700098,-0.018165158,0.12991586,1.3473625,0.63967377,0.23029861,1.9809287,1.0291163,1.46015,1.8599386
1.0409571,1.3115205,0.9721453,0.2151762,0.49635556,0.025607947,1.865185,-1.5639948,1.205672,0.5862237,1.544663,0.8674112,0.31785315,2.5615287,0.6906254,0.2547335,1.2786916,1.7020111,1.9442892,1.1346816,1.2076586,1.2322702,0.6779614,2.0096211,1.6128157,1.4488763,2.0446777,-0.4291556,1.3543948,1.7933714,-0.25638285,1.3167692,1.5990778,-0.35440898,0.65833133,0.58523625,0.22616151,-0.076785065,0.37921742,0.5012876,0.8831513,0.8584572,0.75211525,2.0874436,0.14148737,0.8213353,0.90393424,1.6673292,2.0352528,0.75955117,0.8810253,0.6053468,0.76700616,1.3539349,0.71875143,0.11515646,1.5503314,0.98383147,0.7636675,1.8289084
-1.0775015,1.1271498,0.77504337,0.26565725,0.4895646,-1.0668305,0.89900905,-1.8761382,1.3603325,-0.44210637,1.095231,1.1569238,1.8939756,1.5032179,0.22075956,1.0208218,1.1078142,0.93991345,1.433851,1.409107,1.7661971,2.6411507,2.6546009,1.7522024,1.7296492,0.46040443,-0.757374,0.8521504,0.375753,1.5340526,-1.2201631,0.92773557,0.81206065,0.20586461,0.7240856,-0.48667794,0.47896728,-1.1114802,0.6826493,-0.28025064,0.6671393,1.1087935,1.4185227,0.40261716,-0.66477925,1.1486765,0.8068503,0.75628924,0.8888651,1.24125,1.5617545,1.6456503,1.6236753,1.2478814,1.1742843,-0.023693891,-0.24504188,1.0306576,0.5152479,1.0457889
-1.1225951,0.32747722,0.77203286,0.18253206,0.49047005,0.8496284,0.07088158,-1.807816,1.3392762,-0.9874864,1.1051077,1.57552,1.4074591,2.215354,-0.6281371,1.2424846,1.1466835,1.3781072,1.2247074,1.5817693,1.961451,1.9607207,1.7370014,1.8679662,0.9741282,0.92830396,-0.6189238,1.3542107,0.7987998,1.4361609,-1.4048975,0.9210471,1.3056617,0.059747957,0.7461291,-0.59327006,-0.13701518,-1.2646633,0.3922404,-0.28584605,0.42163444,0.8501922,1.1631515,0.5088284,-0.34887952,1.249206,0.86440265,1.244388,1.458144,1.0152524,1.4686562,1.3580256,1.3570247,0.83744156,0.96857345,-0.31063807,0.6531816,0.704251,0.19320363,1.4522316
-1.9316194,0.4462817,0.45919004,0.5510573,0.48367912,0.8516765,0.71163344,1.7997677,1.565937,-1.0362338,0.94209385,1.5436169,2.2908995,1.263826,-0.90565854,1.3585275,1.4017702,0.7905515,0.93709564,1.467096,2.2715185,2.4614625,2.3441808,1.4649246,1.6886512,0.99194705,-0.7660809,1.2104157,0.7467647,1.0655053,-1.2608912,0.9720072,0.7515033,0.32637188,0.7288593,-0.0660678,0.68522024,-0.7259863,0.61481,-0.37234694,0.68270516,0.9059646,1.1839576,0.64225125,-0.62210447,1.3355173,0.7754635,0.8112379,0.9061312,1.1756347,1.5414422,1.6900916,1.5698309,1.0310607,1.103718,0.0117288735,0.035310782,1.0042192,0.2871957,1.0163683
-1.8779527,1.3954674,-0.41494095,1.333415,0.48865914,2.0108786,0.5975378,-0.46666256,1.8194767,-0.18145293,1.3543037,1.4682249,1.8439137,2.0121744,-0.1251147,1.2413962,1.34295,0.057197247,-0.017463757,1.4572082,1.6712742,1.7711965,1.8597867,0.7719691,1.5704523,1.3887589,-0.030117419,1.0037098,0.92718446,-0.17021826,-1.4904047,0.39663583,-0.22646967,0.74500877,0.53267473,-0.80172193,-0.039424077,-0.9082467,1.1137329,-0.4137995,0.6599564,0.982442,1.0588361,-0.21368775,-0.8655753,1.1710056,0.47059488,-0.27404022,-0.33765596,0.9675019,0.97641057,1.1740329,0.9793636,0.92499995,1.0674056,-0.2019334,-0.71914226,0.9352159,0.44772926,-0.1575725
-0.9699054,1.2111468,0.5791119,0.46740153,0.49635556,2.2068088,1.2062247,-1.7901706,1.6910949,0.4756012,1.3549877,1.6298586,1.3368224,2.2224088,-0.091267884,0.9868745,1.7982769,1.227121,0.8755772,0.9819269,1.283353,1.9490283,2.1210918,1.1885633,1.3045443,1.1525145,0.06397184,1.088974,-0.079526745,0.7683131,-1.1445923,0.8566552,0.80983895,0.51980615,0.9415907,-0.41655627,-0.033386685,-0.8372916,0.57818085,-0.2593452,0.53011024,1.0790715,0.71344185,0.8071912,0.0025777705,0.8291258,0.4864765,0.80475545,1.0921371,0.8116989,0.7558152,0.5837508,0.5904271,0.69734806,0.7467737,-0.089186504,0.46168542,0.6685509,0.3368259,1.0950242
-1.2554297,0.5987384,0.39507756,-0.38847142,0.49590284,0.17788593,1.0443316,-1.7468824,0.7165714,-0.670468,1.3119028,1.3442963,1.39121,2.5350356,0.2509697,1.1196898,2.2439346,1.332983,1.3885485,1.2070729,1.1624955,1.7133763,1.6035751,0.9797359,1.0233872,1.1020479,0.44561148,1.0008894,0.9719147,1.4809461,-0.89543456,0.8952469,1.4093536,-0.17433797,0.60391855,0.12746967,0.24799976,-0.51215833,0.28140932,-0.09403916,0.33958668,0.6605863,0.6078111,1.2695454,-0.120217785,0.7279087,0.4449232,1.2409008,1.5727882,0.7210676,0.8949332,0.63228834,0.6499372,0.78984946,0.6902812,-0.044712722,0.50802994,0.65877163,0.34851772,1.5827402
-1.9139062,0.97917014,0.5296965,-0.3229431,0.49047005,1.2579931,0.05228379,-1.2302036,1.1818202,-1.4097389,0.55457073,0.7599859,2.6234057,1.6526958,-1.8524575,1.4550105,1.491966,0.55149746,0.48715985,1.3843049,1.7375935,2.6238432,2.4989734,1.3113768,1.3693948,1.0524468,-0.14770937,1.0776978,0.40424454,0.7876296,-1.5572835,0.7065726,0.76217365,0.31072485,0.7309619,-0.8170472,0.23066533,-1.2550972,0.7270686,-0.5700489,0.75105906,0.7735587,1.6376148,0.10720414,-0.96093553,1.2769575,0.86297524,0.64253354,0.6944277,1.2053874,1.8236291,2.003642,1.9469209,1.2449807,1.3706224,-0.15038127,-0.45049864,1.0050801,0.35876095,0.9468348
-1.8736298,0.70932585,0.7686892,-0.29546908,0.49273372,-0.19408827,0.89023566,-1.0923866,1.563669,-1.4434884,0.85253465,1.3879439,1.8740002,2.615556,0.24672703,1.2499187,1.5056703,1.0034276,1.1005749,1.4876511,1.4366112,2.262805,2.118597,1.4659605,1.2564946,1.1944228,-0.3767959,0.88557446,1.0461973,1.2627168,-1.2644935,0.88387287,1.0128702,0.37658545,0.79847527,-0.41186628,0.2502084,-0.9375333,0.5761232,-0.30001506,0.47432655,0.766993,0.96514904,0.7918189,-0.37138322,1.0452167,1.0495117,0.9245825,1.1896261,1.002939,1.1892585,1.199855,1.1935325,0.8729325,0.8988223,-0.25342572,0.19712813,0.82497555,0.14198762,1.2366062
-1.8803778,1.1961612,0.030788168,0.47541118,0.49092278,1.3227595,1.0822636,-1.2150195,1.6473308,-0.1725081,1.6030271,1.3469424,1.2879273,1.8207763,-2.0903394,1.0390009,1.634444,-0.15177944,0.15659125,1.3419527,0.80891997,1.7716014,1.7830944,1.2492695,1.2261639,1.1977067,-0.4703252,0.90662265,0.5449162,-0.065700464,-1.4901713,0.9156052,0.13434386,0.4648321,0.684533,-0.7936555,0.17582299,-1.0737059,0.8975044,-0.7709523,0.802913,1.2323058,1.2625506,-0.25823435,-0.7145077,1.3266083,0.6004435,0.2864363,0.26047254,1.1355574,1.4421537,1.6536696,1.4413468,1.1271894,1.3214319,-0.038028926,-0.47667998,1.1491001,0.33504298,0.3490094
-1.8653004,1.4722934,0.1690284,1.2528228,0.4940919,2.0912054,0.60371476,0.6325515,1.799461,0.5554175,1.6378089,1.4601411,2.464844,1.8669446,-0.1367477,1.2179983,2.0620143,0.5558886,0.49860328,1.3347738,1.5449672,1.8458697,1.7552973,1.3794035,1.312374,1.2684401,-0.48418805,0.108970396,0.95487154,0.38612938,-1.1608775,0.66485053,0.6439004,0.20816824,0.59845144,0.23067285,0.30032483,0.09758463,0.47071028,-0.40503103,0.49421233,0.82048655,0.6882413,0.6555063,-0.70450544,1.1028689,0.56879413,0.477353,0.66445947,0.9648261,1.0827821,1.057811,0.9677396,0.63770187,0.8886989,0.30404794,-0.05424715,0.88538295,0.29099384,0.80191106
-0.98276645,0.42097044,0.4589218,1.1500237,0.49092278,0.73812497,0.7166076,-1.7277592,1.4335562,-1.3699616,1.3671647,1.9130988,1.9034014,1.8492754,-0.08433485,1.3612994,2.185495,0.5931038,0.7820998,1.2923665,1.0013053,1.8059984,1.6763555,0.72344804,1.114137,1.2702459,-0.9155578,0.25068963,-0.32899135,0.46982798,-0.7458732,0.8775068,0.90882677,0.48193482,0.640718,0.015181093,0.6494773,-0.16881129,0.49564,-0.065355614,0.58166474,0.9157929,0.3391381,0.8695637,-0.005905485,0.8481439,0.3974331,1.012927,1.082324,0.8707165,0.6114445,0.73403305,0.65028703,0.793259,0.6228524,0.03774041,0.31975472,0.61115366,0.2858924,1.1711766
-1.6748836,1.9650729,0.8681678,1.4666886,0.48911187,1.0499065,0.8052412,-1.64918,1.7446864,0.37321758,1.6645495,1.6952581,-0.075702004,2.446374,-0.38223618,1.0388805,2.1836152,1.9310993,1.9450722,0.8887304,0.1879018,0.5032053,0.044192042,1.3851724,1.2058024,1.5925654,-0.19660087,0.9049941,0.5846378,1.4170225,-0.8958167,0.698338,0.8151286,0.30717477,0.5684729,-0.07467212,0.12557782,-0.37360135,0.5789919,-0.14105992,0.49394578,0.9677604,0.31408244,0.4928252,0.0495052,0.76405174,0.33339944,0.8636219,1.0675687,0.70516956,0.597631,0.41359314,0.35100287,0.6178351,0.6506193,-0.17509203,0.4319737,0.60346997,0.3126821,1.0106853
-1.8430535,0.76145524,1.015802,1.0435549,0.48911187,1.0507662,1.7463262,-1.783999,1.2379448,0.08886013,1.851636,1.8094169,1.1857022,1.6800785,0.6207649,1.1257552,1.8710006,0.7861903,1.0805653,1.268942,1.4556103,1.78747,1.6925358,0.95278394,1.5782691,1.1695518,-0.6450766,1.079405,0.55710155,1.1384774,-1.5708395,1.0558739,0.68017274,0.35544094,0.6145491,-0.7688928,-0.15857963,-1.1967815,0.7743684,-0.704792,0.47005618,0.96387565,0.9098093,0.39947203,-0.78636694,1.2301186,0.61861396,0.48924983,0.84012944,0.9998256,1.0477333,0.8290354,0.7718366,0.8747034,1.0456103,-0.42343664,0.052074052,0.9909517,0.19979824,0.85437644
-1.7757856,1.193366,0.6914139,0.61800396,0.4877537,0.20895305,-0.040067315,-1.2874718,1.4929546,-1.3604088,1.6487083,1.103247,0.4412251,1.8054218,-0.2902632,1.1827933,1.7207276,0.7810732,0.70583653,1.0455629,1.0577791,1.3651062,0.8456391,1.7508059,1.1458242,1.0973592,-0.29803744,1.590388,0.6259702,0.72235566,-1.2647504,0.33281088,0.04249314,0.1298407,0.7154867,-0.4933542,-0.36763602,-0.814054,0.31461033,-1.1543636,0.102730885,0.7547535,0.7315575,-0.05398616,-1.068971,0.88433677,0.01295232,-0.26514277,-0.060052756,0.7456013,0.98962456,0.7341986,0.70303303,0.4995543,0.6193839,-0.370659,-0.48604605,0.62115544,-0.09623404,0.189228
-1.6942838,1.6972716,0.6507945,0.81776744,0.49137554,-0.41393238,-0.18683952,-1.6666517,1.8347548,-0.9719438,1.3272514,1.5541697,0.32896513,2.2821748,0.026391128,0.91212237,1.2773327,1.5003036,1.4205136,1.0317247,0.35458946,1.5178676,0.7166809,1.116344,1.0781734,1.1971961,-0.5310061,0.85091925,1.0370936,0.98897964,-1.2733322,0.7602386,0.63065517,0.49178815,0.43890905,-0.5843399,0.08500628,-0.832435,0.3987438,-0.9193318,0.38752943,0.7912658,0.9597032,0.46840435,-0.54783195,0.8876485,0.5900703,0.66108304,0.8734203,0.8221043,0.9363658,0.9644652,1.0194882,0.8589522,0.6817396,-0.31495246,0.062298886,0.6286477,-0.121722594,0.93737626
-1.7401483,1.5423595,1.1693325,0.52299106,0.48911187,0.69668156,-0.18884227,-1.2651433,1.6642456,-0.07797751,0.84092116,1.2375548,1.8125093,2.1218362,-0.010496548,1.1445249,0.7853715,1.1590658,1.0569744,1.1364447,0.615314,2.0072885,1.8697773,1.3399291,1.6224821,0.92687,-0.3104601,1.8129164,0.7941755,1.2718033,-1.1457047,0.95724285,0.86649925,0.5260162,0.6408983,-0.355227,0.3003393,-0.63848466,0.563397,-0.29337534,0.62591434,0.8874255,0.82937616,0.621814,-0.13150662,1.0074675,0.6282289,0.99079674,1.1201996,1.0518029,0.8582542,0.9123654,0.8616234,0.99835753,0.87211215,-0.06372053,0.52528846,0.7972659,0.29354963,1.1475891
-1.6826859,1.7053857,1.0875969,1.2787597,0.49363917,0.8263851,0.58365834,-1.6600455,1.5570242,-0.9726044,1.4036165,2.3662393,0.8106968,2.2674208,0.9508825,1.2204673,1.5735897,1.2839682,1.6122832,1.1476911,1.1726191,0.4161578,0.7134107,1.1581,1.1175959,1.0859753,-1.0232818,2.0831838,0.76267445,1.390975,-1.191234,0.9363179,0.76831734,0.9130042,0.64538074,-0.8749072,-0.15949194,-1.1813264,0.74707973,-0.44451314,0.5661051,0.7564086,0.64098173,0.2950902,0.043937664,0.7597738,0.28427315,0.8665559,1.0703707,0.8863064,0.5406942,0.7110142,0.65535533,0.6554278,0.68089324,-0.13598348,0.41817704,0.37523773,0.21291797,1.037358
-1.1336621,1.6732239,0.6889775,0.47962207,0.4895646,0.7155457,0.10375205,-1.7687873,1.0850071,-0.639844,1.1680508,2.0258365,2.4436097,2.1166663,-0.34096208,1.2095343,1.5315825,0.6066692,1.1815666,1.0517526,1.6633364,2.356964,2.4786158,1.376942,1.2812879,1.1619344,-0.6043227,0.8507416,0.6485315,1.0028116,-1.0778261,0.74807376,0.6655276,0.43165338,0.72346526,-0.1918663,0.02917631,-0.37091088,0.487351,-0.4606214,0.45451707,0.9080971,0.53183836,0.8870393,-0.40517378,1.0331296,0.46819872,0.5964888,0.89167947,0.97874045,0.6460483,0.7134041,0.71270543,0.74584675,0.6818395,-0.16339839,0.25244382,0.5477673,0.23013824,0.97594935
-1.7331896,1.0290629,0.8448407,0.0045301607,0.48865914,1.5808855,0.35549688,-1.692642,0.8327958,-1.3542826,0.9416802,1.4335314,1.666803,1.566368,0.08680126,0.9673199,0.5516103,1.326662,1.7100456,1.3129295,1.2977476,2.106465,2.1801875,1.0680639,0.5119257,0.49481466,-1.0208062,0.365413,-0.21399559,1.3606138,-1.4722526,1.242497,0.9206545,0.210852,0.66981226,-0.58487314,-0.066889256,-1.038756,0.5697145,-0.8248052,0.60303926,1.292156,1.1302445,0.60534453,-0.44851318,1.2757839,0.8284375,0.9831925,1.2082518,1.081366,1.4469017,1.4579443,1.5153732,1.0056539,1.2620283,-0.37523115,0.5958148,0.91488487,0.14642952,1.197542
-0.76098126,1.0001698,0.63068235,0.15213649,0.48865914,0.9908587,0.79058623,-1.3346827,0.64744717,-0.6273815,1.3241177,2.4471984,1.7176462,1.887827,-0.3416301,1.3145492,2.0254173,0.7479593,0.9811776,1.244298,1.4820803,2.1320417,1.9854842,1.3166238,1.6296941,0.93398654,-1.3746085,0.94825226,1.0496083,1.0794883,-1.1499181,0.818435,0.54144543,0.35576746,0.6767686,-0.16929115,0.3913421,-0.45070192,0.49302343,-0.51321185,0.65203387,0.9717331,0.98759687,0.6974986,-0.5395242,1.1565571,0.5987091,0.5938613,0.6839281,1.0063199,1.2109462,1.3081989,1.3178837,0.8098825,1.0088044,0.15396416,-0.16446874,0.9884465,0.22879902,0.81645536
-1.1017026,1.2576473,0.6458604,0.23893212,0.49047005,1.7665392,0.7614612,1.4651153,0.70288193,-0.5629509,1.2437879,1.5530081,1.3417386,1.8377675,0.045623295,1.2306272,1.7660738,0.72335356,0.93867403,1.4800956,2.2281713,2.2613173,2.2695692,0.68621254,1.1729398,1.0217224,-0.5941581,1.1556164,1.1627471,1.0260451,-1.6228464,1.1866369,0.93347085,0.4925038,0.57202035,-0.046915647,0.44529358,-0.60613835,0.57561547,-0.4741544,0.6344973,1.182161,1.540822,0.8604348,-0.39993548,1.306857,1.1180887,1.0072685,1.2130057,1.2414477,1.2154094,1.5024381,1.4636637,1.108096,1.2155344,-0.34763262,0.0625961,1.0798352,0.32646465,1.2453223
-2.0406399,1.585363,-0.18408395,0.7260341,0.48911187,1.9641472,0.34383038,0.68171656,1.3630087,-0.10373948,0.85232913,2.041228,2.1636055,1.8669267,-0.4313803,1.1026967,1.4914289,0.49809426,0.87056565,1.5571969,1.7180241,1.5871751,1.4265856,1.2187176,1.3606776,0.7206113,-0.97900915,1.3811256,1.4216661,0.8657992,-1.4726416,0.9782261,0.4998999,0.5128494,0.70470357,-0.598487,0.03700234,-0.80304337,0.68508834,-0.4867512,0.73987496,1.2651877,1.7052137,0.2817563,-0.77849823,1.1880273,0.8888029,0.54391664,0.6516108,1.1110957,1.3776996,1.5722512,1.6434944,1.3537267,1.1268542,-0.3049168,-0.4332445,1.099525,0.47212678,0.87678325
-2.1051664,1.6401452,0.62522054,0.5090077,0.4895646,-1.1536258,-0.4173904,-1.9910514,1.0240788,-0.43113977,1.3015618,1.9021558,1.3512133,1.2381059,0.16473593,1.0035797,1.4492122,0.8592156,1.3494797,1.4926074,2.17559,1.3467814,1.2406112,1.5380148,1.4739461,0.6541072,-0.19225752,1.0622668,0.87404484,1.3433275,-1.6678625,0.9813989,0.1099968,0.98674905,0.34993973,-1.1527842,-0.080127,-1.4691579,1.0663317,-0.6829048,0.80866426,1.2110097,1.6502229,-0.6677942,-0.43047312,1.2761117,0.7803171,0.2084201,0.25154534,1.2446259,1.3158844,1.4010353,1.3443471,1.244474,1.1548939,-0.74418974,-0.6153642,1.1553735,0.32216024,0.46387053
-1.9749535,1.240217,-0.1576338,0.6535689,0.48594275,-0.9224011,-0.2188479,-1.8890898,1.2013768,-1.0444787,1.3716589,0.90872556,2.7808568,0.3341898,-0.5949758,1.0062095,1.217221,0.7442238,0.5578884,1.5441282,2.0784478,2.6193516,2.6269445,1.9639105,1.1479591,0.23207243,-1.1869085,1.3055767,1.1212949,0.7680304,-1.2752608,0.58398473,0.21479,0.5006669,0.26298723,-1.1529193,-0.24487701,-1.3020493,0.49155423,-0.87941664,0.48404044,0.7879861,1.5482681,-0.57422984,-0.6707257,1.0709208,0.39742932,0.24949351,0.30482355,1.1286367,1.3283582,1.5140967,1.5728043,0.9993824,0.74019486,-0.53393596,-0.71201146,0.6286134,0.030576382,0.50010824
-1.4748722,0.8816007,1.3622901,0.944372,0.39720768,0.16009597,0.038173974,-0.34244075,1.5295525,1.4633393,1.101178,1.9171549,1.4985852,0.37069714,1.3868365,0.76295096,-0.14537255,1.6462358,1.150486,1.1129776,0.9830441,0.8561676,0.7165518,0.941685,0.54871607,-0.63251585,-0.09926097,-0.18230252,0.9735237,1.1717417,-1.2334145,0.8934041,0.7409894,0.69059634,0.62023914,-0.3324865,-0.058167756,-0.9847442,0.813512,-0.027788952,0.7694744,0.97220874,1.6214292,0.22335754,-0.2526262,1.1028867,0.9778091,0.8928466,0.99096715,1.1448867,1.4205918,1.6949924,1.6210381,1.1370614,0.8363698,-0.51203966,0.07847402,0.89015204,0.67013985,1.1411132
0.26684538,-0.6594081,1.0925022,0.68696886,0.3858894,0.45001307,-0.3238512,-0.10078887,1.2941544,0.9033816,0.40867066,-0.98776394,0.88820523,-0.31394377,2.5075696,-0.3129398,0.4298344,1.4861104,0.66494787,1.1536195,0.49675685,0.11002876,-0.6758419,0.68951446,0.9561889,-0.876173,1.2155219,-0.66679907,0.24247064,1.2901903,0.33615592,0.20482078,0.7934948,0.14794412,0.18237823,0.84463733,0.14686592,0.49249184,0.008882377,0.6285606,0.13976163,0.2899693,0.13849126,0.9076026,0.5090172,-0.19410118,0.39764327,0.62834513,0.95154697,-0.04298694,-0.06244649,-0.23223506,-0.24779326,0.25052506,-0.29442644,-0.5920963,0.3778044,0.24039525,0.28920278,0.8982652
2.7984178,0.102109596,0.58722436,-0.3802757,0.492281,-0.6189956,1.305907,2.273476,0.73512053,0.7097715,0.22677603,0.16952118,-0.71517575,0.22737542,1.4790297,-1.1833144,-0.7267089,1.1688608,1.4307463,0.7647333,-0.18541588,-0.25435984,-0.30103284,0.34657407,0.9764697,0.03434065,1.0996786,-0.37074608,0.03675452,0.7754628,0.6656731,-0.063505515,0.8407912,-0.7762733,-0.2155285,0.42822075,-0.22239724,0.37941167,-0.9910365,0.36893398,-0.17371795,-0.24353941,-0.0253046,0.69684374,0.32626984,-0.67238605,0.07209651,0.5149923,0.7611106,-0.7550737,-0.49736083,-0.62651384,-0.59414244,-0.33475325,-0.407463,-0.59464383,0.80413556,-0.1313314,0.05001252,0.7630033
2.3094397,1.7516601,1.2068132,0.21883589,0.48141545,-0.787161,0.027768157,0.030795295,0.38997585,0.276483,0.6096405,-1.3208467,-0.0863302,1.0672661,0.29074514,-0.4491466,-0.3122366,1.7973032,1.6887746,0.7005885,-0.7021144,-0.20408703,-0.39872676,0.6599332,-0.68664014,0.17986974,2.9120836,-0.6421811,-0.47030136,1.1800694,0.8317738,0.5199765,0.6234709,-0.7671788,0.21155377,0.6908406,0.23512274,0.59297955,-0.53095245,0.31842506,0.13020217,0.25879994,0.10670734,0.95627344,0.20806077,-0.27357072,0.4463406,0.5799168,0.8180245,-0.36283576,-0.38371593,-0.56025326,-0.5413853,0.27767113,-0.27316204,-0.18291645,1.2116311,0.41733912,0.18526888,0.73806584
0.12753151,0.18056762,1.0351446,0.61746407,0.48820642,1.7768732,0.26399973,1.6383173,0.08265867,-0.07528773,1.0308853,1.0499601,-0.034705263,1.6451981,0.29282504,-1.1289163,0.8696588,1.4793642,1.3414668,0.54336756,0.7219281,-0.74827814,-0.27144623,1.3554718,-0.3195462,-0.26054326,2.7185051,-0.7780348,-0.090736054,1.0441365,0.9534607,0.4949957,1.1140863,-0.24943233,0.34287804,1.45822,0.31367248,0.8384992,-0.12854077,1.1140302,0.51815104,0.53003806,0.104440235,1.395855,0.7630892,-0.11015996,1.1100646,1.0274148,1.3106235,-0.05545124,-0.15730254,-0.3042672,-0.25271228,0.42347,-0.12917769,-0.24936675,0.57875544,0.1847488,0.7332475,1.1965241
5.542747,0.12557352,1.1063005,-0.4138169,0.49182826,3.251216,0.5720935,2.888385,0.5771164,0.9667778,1.5997409,0.4097341,-0.9152038,1.0258039,-0.35585943,-0.1402641,-0.78357834,1.3650112,1.3104804,0.13202024,-0.35674286,-0.810474,0.48542398,1.766173,0.22379091,0.34094757,0.82979447,0.65009296,0.7626248,1.032556,1.4814167,0.82553416,1.0467663,-0.58765787,0.25152016,1.9311119,0.74175584,1.3587605,-0.18227632,0.8989239,0.57314473,0.6112403,0.024901997,1.7943425,0.43863818,0.03594416,0.880075,1.1019793,1.3465054,0.10848434,-0.12767518,-0.49808842,-0.5313762,0.7054333,0.1100091,0.16882904,0.8355358,0.72382313,0.67633986,1.1697692
5.1792793,1.0970192,1.4450805,-0.27137116,0.48005727,1.0576129,-1.3094949,1.7912005,0.4397312,0.16234219,-0.38531646,1.377053,-0.22557263,1.9045888,1.2714076,0.094490424,0.8918722,1.137618,1.4747471,0.020249965,-0.89664024,-1.1783928,-0.8255356,0.36545208,-0.77951366,-0.17175306,1.7392596,1.4600614,0.3180975,1.4496052,1.4411789,0.7873438,1.4994426,-0.8934733,0.57781446,1.9620506,0.7462636,1.5350096,-0.40171963,1.2589599,0.51661235,0.55331117,-0.076684736,2.1600006,0.7548836,-0.23668572,0.9486294,1.4890574,1.6820248,-0.23389357,-0.32682648,-0.58453166,-0.6032158,0.7149628,-0.14547954,0.33740184,1.2823747,0.59317136,0.88304174,1.7155449
-0.24766234,1.6243312,1.8840251,-1.5805527,0.49454463,-1.3458437,1.5588578,0.60159373,1.2639501,0.25743264,1.0827363,0.21302602,-0.49790168,2.509841,1.6323905,0.45195293,0.08321627,1.7374372,2.0395257,0.3520654,0.5283774,-0.8143698,-0.707872,1.2645814,1.0651405,0.3923941,2.4360921,2.7821522,0.8044851,1.8195436,0.8600041,1.172709,1.4918996,-0.5100205,0.73427284,1.6230036,0.44091943,0.8494526,0.09991992,1.4901257,1.1530665,1.1056434,0.17545041,2.2267036,0.9367217,0.4046719,1.2296209,1.8117172,1.99076,0.6116873,0.14008646,-0.27313173,-0.14553437,1.1069958,0.44500136,0.22966519,1.8387581,1.0598279,1.4960942,1.8532279
-0.3568191,1.8192662,1.6864647,0.27750695,0.49590284,2.8769674,1.6954527,2.849607,1.1759775,0.23596407,1.6229981,1.4279974,0.9470881,2.7585576,0.6824747,0.7070707,0.8226369,2.2288754,2.1636817,1.1335539,1.5202281,0.8657423,0.8924024,0.9313392,0.46568787,0.73680776,1.5504838,1.7355679,0.32282203,1.8109965,-0.13173664,1.4294819,2.2179506,-0.22150624,0.59146124,1.5939021,0.63721657,0.7301828,0.24090415,1.3573452,1.0518456,0.9205389,0.4590768,2.4541142,0.8162658,0.5284021,1.3592727,2.2433097,2.5499907,0.57175803,0.14746498,0.19226377,0.3210249,1.1807566,0.5443192,0.1239395,1.4718186,0.77594995,1.242551,2.4110086
-1.9697871,0.048972234,0.54946756,0.62111515,0.48277366,0.80824715,1.6205758,-0.58547974,1.3598136,-0.17804553,1.44121,1.3481333,1.6926734,1.6911911,0.25533515,1.3244145,1.6258699,0.74542016,0.7103356,1.4837962,1.9883617,2.53633,2.6554122,1.6622617,1.668697,0.2216399,-0.48487166,0.7942901,1.1248492,1.0198326,-1.3445752,0.75954366,0.4248847,0.32807985,0.8069121,-0.4378745,0.3570603,-1.1682591,0.85097325,-0.5015309,0.7674789,1.0118915,1.6450607,0.24217859,-1.2752687,1.5697145,0.8842165,0.17703247,0.4370769,1.4548882,1.7605879,1.9608438,1.8628931,1.1933135,1.3909969,-0.105096,-0.50645334,1.2715881,0.48144415,0.6814412
0.38749385,1.2504084,0.81960076,0.37875462,0.492281,3.2583454,2.33178,1.539837,1.1040353,0.39136958,1.3513327,2.4823108,1.6735859,2.514464,0.086470775,1.2501234,1.6761554,1.4534605,1.5322884,1.3879689,1.6897328,2.6336732,2.5784717,1.3515701,1.227363,0.8691635,0.35696417,1.0630058,1.4269228,1.6112143,-1.2988484,1.0212902,1.3517865,0.69830304,0.8361855,-0.12424815,0.09783205,-0.7009586,0.8929536,0.34951365,0.8144221,1.1104401,1.3458186,1.0776576,-0.00012877211,1.3176677,1.2113297,1.5677458,1.7055413,1.3441296,1.4135579,1.5507454,1.5453064,1.2384492,1.2256056,-0.2623755,1.096075,1.193107,0.83109176,1.7298795
-1.9673622,1.2203883,0.6689802,0.20025194,0.49182826,-0.75243485,1.1534066,-1.883266,1.1749754,-0.43666652,0.9878661,1.5720688,1.7513703,2.0491617,-0.37908995,1.3824457,1.103749,1.0023971,1.3753903,1.0666059,1.5832089,2.6085165,2.757843,1.2572173,1.4371383,0.5989577,-0.6015479,0.88293093,0.5775719,1.1639025,-1.4889823,1.0289713,0.9544798,0.4414541,0.68401664,-0.58265114,0.27697945,-1.3020853,0.6468075,-0.14322264,0.8418413,1.1003904,1.5476712,0.3051658,-0.31313932,1.2808454,0.93649936,1.1568931,1.1500834,1.184816,1.6924123,1.7899644,1.7325689,1.2874538,1.2517333,0.14211571,0.013106516,1.0183804,0.65659493,1.2820604
-1.9475403,1.5553583,0.7415799,0.86193806,0.49318644,0.02045641,1.585743,-1.4456729,1.9076377,0.260484,1.2490486,1.1805352,2.6137362,2.052217,0.32629076,1.3322031,2.057487,1.1152965,1.5190284,1.1784086,1.6252884,2.177451,1.8908225,1.4367266,1.2736396,0.7311188,0.114725664,-0.050410546,1.1237917,1.449529,-1.1495744,1.0036254,0.8703047,0.21533144,0.6532808,-0.41142502,0.51348454,-1.1044401,0.35259512,-0.47050932,0.5411877,1.0203536,0.96624875,0.92321956,-0.26523754,1.085042,0.782997,0.924198,1.0645819,1.024845,1.1525668,1.2549487,1.1845906,0.95411044,1.099857,0.28695866,0.19409132,0.76220477,0.19242577,1.1818291
-1.9048388,1.8608607,0.6547676,1.4187632,0.492281,0.03178835,0.2195383,-1.0721934,2.0497298,-1.5692474,0.9570757,1.6982661,2.370359,1.7541223,-0.9388582,1.3725905,1.0382242,0.8487623,1.3679177,1.1282359,1.3931557,2.271475,2.2685611,0.74589163,1.5850112,1.0416688,-0.52971995,0.23009536,-0.04300996,0.93237907,-1.5040823,0.7402973,0.79807794,0.44174936,0.70140123,-0.7357025,0.08773435,-1.2447678,0.7252851,-0.6178733,0.65184873,0.91852283,1.3372048,0.40860346,-0.7735367,1.259307,0.80177975,0.6933035,0.87405986,1.1144718,1.3511832,1.5316951,1.4190738,1.0681169,1.1320931,-0.10167161,0.54810315,0.98425436,0.2778685,0.971639
-1.8802723,1.3501188,0.83928597,0.26967683,0.492281,0.27156475,0.35410058,-1.4010549,1.7604848,-1.1649238,0.6465603,1.6828885,1.7832701,2.0262122,-0.04655395,1.2758667,2.117824,1.4590182,0.8962576,1.3321575,1.9964007,1.8253087,1.9075601,1.2311925,1.6461713,1.3278464,-0.7445605,0.6303671,0.03180858,1.0592021,-1.0329063,1.1003996,1.6881547,0.17219491,0.63863856,-0.0032181256,0.39962903,-0.45913047,0.6648913,0.35993308,0.6693675,0.9805658,1.1885309,1.0107715,-0.00756895,1.09216,0.94170016,1.6634268,1.7525408,1.1372509,1.4868803,1.4694364,1.4254107,1.1602942,0.99326795,-0.081499375,0.34450305,0.96132123,0.7595564,1.7740195
-1.9183346,1.3499764,0.09499268,-0.106266275,0.49137554,0.6655845,0.9363406,-0.1816774,1.1608282,-1.2467004,0.70333916,1.1177412,1.7936143,1.8555816,-1.4618813,1.2730774,1.5942641,0.7435093,0.31148317,1.3775238,1.9121875,1.9502499,2.0484529,1.4027048,1.1031541,0.9922937,-1.1673038,0.7211561,0.3642229,0.47808275,-1.3116181,0.8638832,0.7787111,0.39407226,0.8281722,-0.899893,0.19153066,-1.266331,0.64543456,-0.54553914,0.64969736,0.8297791,1.3431555,-0.1499183,-0.82058907,1.3073043,0.8201901,0.718204,0.8091264,1.117323,1.5944421,1.7289723,1.6616976,0.92943966,1.1663761,0.034008406,-0.05403503,0.8966936,0.33666438,0.9220674
-1.929089,1.0490111,-0.07830819,-0.26055852,0.492281,0.33081055,-0.14785334,-0.7303116,0.7268798,-0.97062576,1.3559874,2.0741596,2.2611816,1.480743,-0.8462868,1.1336458,1.6007727,0.1827756,-0.09982489,1.4530919,2.0271077,2.6530282,2.402673,0.6854454,0.9941437,1.2645609,-0.5276224,1.0966493,0.6134838,0.10410884,-1.7605462,1.0610029,0.5347928,0.45535067,0.8014414,-1.005067,0.051532153,-1.1513033,0.71778256,-0.92449224,0.709109,1.0125713,1.6282139,0.13170493,-0.926154,1.388944,0.8903844,0.5243853,0.7183719,1.1804826,1.6394495,2.008488,1.9582162,1.1781374,1.2489514,-0.14360306,-0.30493167,1.092223,0.20909986,0.8465404
-1.3349313,0.17900945,0.7670501,0.018213307,0.49137554,1.1793423,1.2303641,1.9941039,1.4431659,-0.60220057,0.8955257,1.7980565,1.431214,2.5066373,-0.1842266,1.4128505,2.051025,0.9777292,1.2154548,1.3439171,1.4899819,1.1577324,1.3139385,1.2782302,0.85071445,0.76865715,0.012154837,1.5397285,0.9990451,1.2953368,-0.825583,0.8148225,1.0057486,0.3692447,0.7781018,-0.27209324,0.38260138,-0.6196026,0.599045,-0.20168142,0.7098484,0.7595518,0.93762016,0.9159205,-0.1432467,1.0841671,0.7307664,1.0879445,1.2949271,1.1000286,0.9285774,0.7846034,0.73528844,0.86535436,0.730912,0.057737425,0.7743204,0.72916985,0.27213866,1.3144132
-1.723384,1.3160177,0.79707474,0.9542293,0.49454463,2.5770383,1.266835,-0.28903076,1.6443096,-1.5233729,1.1834652,1.3102615,1.6717404,2.1753564,-0.57737654,1.0019634,1.1666733,0.8608778,1.4021363,1.2442359,0.9339298,0.98913294,0.62345564,0.5275441,1.5502203,1.5446446,0.39332777,1.0437409,0.2694644,1.3207804,-1.2380028,0.7832881,0.8129917,0.34162986,0.77184343,-0.8564304,-0.24584356,-1.1757292,0.5602319,-0.757154,0.46956742,0.85751474,0.8112708,0.31572753,-0.1880968,1.033025,0.2859382,0.9056599,1.0560277,1.0034202,1.0859139,0.85614103,0.88951886,0.7276946,0.7431021,-0.36697802,0.5647976,0.6058127,-0.014268052,1.1323019
-1.2517773,0.83792794,0.68992126,1.5579041,0.492281,3.8473299,0.8740802,1.9795843,2.0383787,-0.10110871,1.2493539,2.2922297,2.4849336,2.0442255,-0.28686404,1.2353853,1.4960605,1.3289042,1.3726257,1.56688,1.7611052,2.2483459,2.0013173,1.2195944,0.70504004,0.83376455,-0.41053167,1.2022713,0.4904455,1.2449541,-1.3211231,0.859331,0.7657792,0.15536624,0.6129686,-0.17063667,0.36402974,-0.58701056,0.30122536,-0.6728934,0.5053103,0.73422366,0.8131131,0.5509755,-0.45355967,0.9030923,0.36048403,0.71573406,0.93830997,0.86225045,0.9381994,0.91645086,0.8103973,0.85672307,0.77723956,-0.00045758672,0.37118158,0.80530804,0.12427135,1.0338978
-1.7298156,0.8606818,-0.58334655,1.1551594,0.49001732,-0.049466863,0.06420497,-1.6925551,1.6706735,-1.4639868,1.5780704,1.3240328,1.7199717,1.2144346,-0.594378,1.1383765,1.1816633,0.24431796,0.069849476,1.1189871,1.7369666,1.0698524,1.0017146,1.1778215,1.770677,0.7795045,-0.48256528,0.37408793,0.61204433,0.1247674,-1.1945268,1.0066499,0.1668489,0.65094995,0.56636107,-0.38164663,-0.1873604,-0.61082906,0.97551364,-0.57031685,0.5944125,0.95600545,0.5804058,0.31091124,-0.42109907,0.95643634,0.3917324,0.12873182,0.23212747,0.77825516,0.54913,0.607335,0.52190137,0.847957,0.7891461,-0.62336075,-0.53934795,0.8956162,0.24747144,0.27669492
-0.3809079,1.3236032,0.2042755,1.6610813,0.48911187,0.6384111,-0.14637673,-0.026235413,2.1658692,-0.24325268,1.5159088,1.9742043,0.19930579,1.8735877,-0.7277623,1.2579836,1.1217892,0.61576235,0.4806541,0.89601773,0.07107687,-0.15848882,-0.2599095,0.7614322,1.1144907,1.2581655,-0.21064524,1.6717843,0.8963543,0.19763352,-0.69905424,0.61295,0.25345784,0.9235375,0.4568594,0.114301175,0.043492906,-0.68758357,1.0971524,0.19821392,0.5760876,0.7381135,0.10802294,0.4282745,-0.13614047,0.7233357,0.62435013,0.23159419,0.30794352,0.6966286,0.16476506,0.12373618,0.057430066,0.53142965,0.44391042,-0.40923718,0.031149425,0.44747192,0.61228615,0.2150017
-0.36708418,1.854884,0.5315284,1.075405,0.49047005,0.26910204,0.5127849,-1.0918858,1.8826407,-0.5617781,1.5409611,2.2018912,0.27943113,1.6956908,-0.24933442,1.4440739,1.4028966,0.9395937,1.0528326,0.88400126,0.35789722,0.19073004,-0.7004651,0.74880815,0.72423685,1.3803687,-0.42692608,0.26014826,0.34194887,0.8583941,-1.1520088,0.52519727,0.22569881,0.57943505,0.54360443,-0.79174364,-0.24419263,-0.6433771,0.5170518,-0.516716,0.32112807,0.5900924,0.2002752,0.29854974,-0.13030842,0.6661219,0.32266286,0.19390078,0.36749572,0.5748565,0.118616626,0.028499896,0.061983906,0.49055746,0.33159503,-0.38545147,-0.07907227,0.44616526,0.116755724,0.33293143
-1.648841,1.1180271,0.520266,0.9143066,0.49092278,-0.90162176,0.19890034,-1.6304915,1.1985089,-1.4111083,1.1144129,2.1044016,0.82987076,2.1713605,-0.33362582,0.81222594,1.5104258,0.89036834,1.0340719,1.094702,0.9549553,0.24617584,0.23679577,1.0105826,0.96419597,1.1636834,-0.10588501,1.0419745,0.08751446,1.0359178,-0.8606571,0.6438461,0.26784453,0.9306763,0.6700584,-0.34121025,-0.15750654,-0.8353189,1.0306655,0.1359289,0.57045245,0.8570504,-0.19981426,0.33297417,0.085343674,0.5538919,0.41031393,0.31866506,0.36312398,0.63644546,-0.16287532,-0.39149436,-0.5508829,0.7179574,0.4319675,-0.39240834,0.08671096,0.52038527,0.5993664,0.36915523
-1.7043002,1.4099741,0.45836273,0.98230064,0.4877537,-0.9732244,-0.036676977,-0.49024326,1.4971925,-1.0569371,1.0758116,1.1508994,0.6892496,2.2227538,-1.0143547,1.0410379,0.8543953,0.3785286,0.4550164,0.8624494,0.48115847,1.7568849,1.6738485,1.6108099,0.48637828,0.91318864,-0.49236062,0.83320695,0.2547655,0.5135475,-1.0563496,0.8722417,0.35460317,1.0373299,0.37533128,-0.5603179,-0.25601166,-1.1516695,0.88634235,-0.33608714,0.38855612,0.7027783,0.5198311,0.0071006017,0.0199527,0.62725526,0.3862463,0.45591673,0.49026737,0.6174387,0.39564767,0.23726614,0.24643877,0.6715072,0.6333854,-0.80730546,-0.07587044,0.434607,0.24692269,0.5605295
-0.4462718,1.454686,0.95612794,1.1585335,0.49001732,0.29106274,-0.07002414,-0.8308837,1.0750872,-0.4746289,1.5011563,1.6596854,0.65916204,1.8635259,-0.6639255,0.8287757,1.777917,1.3194213,1.4627588,1.2901618,1.7292562,1.6731727,1.687162,1.4114765,1.1229324,1.0422965,-0.5354964,1.4187192,1.1374424,1.2913064,-1.2568157,1.0200728,0.583883,0.7913778,0.70419997,-0.3932956,0.08159844,-0.83708066,0.82947826,-0.4744065,0.576394,1.1014205,0.6921598,0.5019544,-0.03625626,0.8604783,0.55346084,0.6768926,0.87630004,1.0130609,0.7025976,0.5447333,0.5566419,0.7943882,0.8238263,-0.3197842,-0.18250634,0.50283104,0.063043654,0.8770138
-1.6667651,1.449988,0.29865685,0.5620576,0.49047005,0.76803595,0.39190233,-1.6430085,1.4802374,-0.2857447,0.87127185,1.8625137,2.1658852,1.6292105,-0.30975285,1.0822552,2.1974883,0.8705655,1.1885406,1.3152947,1.4095112,1.5437229,1.0821579,1.3751022,0.874838,1.1249828,-0.22696584,0.34722835,0.1589241,1.0812205,-0.80866873,1.0285703,0.6135825,0.5500422,0.5206761,-0.39571735,0.10230517,-0.4377215,0.52031904,-0.69254255,0.39967275,0.60451734,0.5410261,0.5984397,-0.14207792,0.91952115,0.4108011,0.6869581,0.85703593,0.9149392,0.54427445,0.85163295,0.87052757,0.71332985,0.6696101,0.10445677,0.10745753,0.3144118,-0.13173427,0.8519583
-1.7825334,0.3513585,-0.5989445,0.7225811,0.48911187,-0.54368025,0.8595191,-1.7380162,0.8431167,-1.0022517,0.8317782,1.8596742,1.6327767,1.8157655,-0.7991901,1.0870138,1.5176495,-0.25910032,-0.27816525,1.2280896,1.8366834,1.8519912,1.9858953,1.1561489,0.4484545,0.8505582,-0.76773113,0.15270595,0.57492965,-0.0055221664,-1.0815004,0.89636827,0.48727712,0.8867764,0.6485007,-0.62358606,-0.043700024,-0.83694696,0.78877574,-0.33358532,0.6440531,0.8773908,0.16803463,0.14659597,-0.19095586,0.8416863,0.33739004,0.62791044,0.72894585,0.8962168,0.69228756,0.62971175,0.6370858,0.5104581,0.6375553,-0.16161059,-0.023575297,0.5134969,0.126751,0.7270954
-1.7604973,0.3516145,0.27382833,0.06093978,0.49001732,-0.20572801,0.58543277,-1.7160245,0.98998487,-0.46724162,0.8925703,1.8077095,1.3569312,1.6274389,0.015931178,0.9707815,2.296229,1.0735644,0.9257078,1.0513994,0.8419208,1.7015946,1.015925,0.8503738,0.836497,0.8467562,-0.6836937,1.3144953,0.5578493,0.97315526,-1.5686873,0.98084587,0.56203455,0.48972288,0.76310146,-0.7089212,0.06309195,-1.037666,0.63316643,-1.1074066,0.5077567,1.0740156,1.0086337,0.4048733,-0.5205103,1.1664841,0.75139326,0.63733083,0.8373683,1.0508338,0.9421388,0.7973204,0.8271151,1.0163082,0.88917017,-0.20702577,0.37370268,0.85579026,-0.060701992,0.8719027
-1.8374654,1.0450213,0.8277187,0.2895866,0.49092278,0.22224025,1.1806878,-1.7709603,0.4804237,-0.212562,0.91721535,1.6103839,0.078622356,1.4338664,-0.21392086,1.5559734,0.73666,0.87269604,1.2155567,1.0071657,0.96318877,2.0735703,1.6783593,1.2002817,1.4664887,0.96201354,-0.6960324,0.9209616,0.37298006,1.244112,-1.5968512,0.830758,0.18794611,0.6996582,0.6326281,-1.1836243,-0.51306385,-1.4679723,0.8179071,-0.9098383,0.6248276,1.1812367,1.128596,-0.2980836,-0.58778083,1.0323406,0.6476751,0.3091505,0.3906667,0.9172583,1.0368956,0.9331671,0.99383444,1.0774267,0.95868367,-0.7154582,-0.33374494,0.8057079,0.14306243,0.46938744
-1.8452677,1.5527531,1.1761771,0.38594326,0.4895646,0.2198282,0.28118283,-1.3698496,1.3178823,-0.41296464,1.3916343,1.7759452,1.5429479,1.9399241,-0.8469456,1.1378171,1.7305655,1.1362946,1.2970414,1.064941,1.2760123,0.9458578,0.91684294,0.55557644,0.87940836,0.9096955,-0.80697984,1.2382756,1.0877774,1.1161153,-1.2902122,0.9514727,0.1975027,0.7903069,0.24981004,-0.76781744,-0.30134103,-1.0075783,0.78187853,-0.5774318,0.48251355,0.9249461,0.8028752,0.0696096,-0.09801188,0.7122187,0.705488,0.23263289,0.38406807,0.7417338,0.5600654,0.60104537,0.67931855,0.77356535,0.64342415,-0.767687,-0.28431538,0.65973175,0.07240313,0.36620352
-1.03438,1.2397789,0.082943276,0.35559046,0.4895646,1.1583848,0.61358106,-1.9087346,1.4744865,-0.27991238,1.2197472,1.3462542,1.4149438,1.7670695,-0.38227102,1.3140118,0.81148565,0.94716024,0.25300217,1.267166,1.617756,1.3958874,1.6346061,0.98026896,1.2194197,0.781549,0.24146552,1.721172,1.1148797,0.3909878,-1.4452848,0.91242427,-0.22768228,1.2083316,0.6407315,-0.40619892,-0.4064891,-0.78481746,1.5629352,-0.21372324,0.8254967,1.0540228,0.7494204,-0.0029273871,-0.3669445,1.1594535,0.6761322,-0.20622638,-0.1194402,1.0591167,0.6842962,0.8398191,0.8122217,1.1977551,1.0719657,-0.8098842,-0.7769804,0.99979883,0.6761029,-0.024711704
-1.9771676,1.7305899,0.20168039,0.918602,0.49137554,1.5703167,0.16582693,-1.8917844,1.5710478,-0.18752605,1.2035482,1.2851198,2.3841133,2.0757024,-0.15802044,1.1152772,1.7508553,0.96925807,0.8415071,1.3445528,1.7220383,1.5897247,1.3628954,1.0950594,1.6183617,0.790119,-0.46397522,0.4650477,1.3175459,0.6735852,-1.5868062,0.9919004,0.354869,0.944974,0.40101716,-1.0358119,-0.13379288,-1.4377544,0.9706946,-0.70308554,0.8260283,1.2297039,1.4231733,-0.47100478,-0.2096528,1.0235271,0.7143874,0.57777596,0.60302144,1.1962162,1.2732419,1.1789404,1.2403011,1.1777372,1.0280805,-0.7231846,-0.5330279,0.9603683,0.2837712,0.7066648
-1.4262664,1.5558468,0.89642906,0.17911306,0.49137554,-0.6786272,0.9608194,-1.4516891,0.6581642,-0.5723093,0.7044277,0.4083024,1.6830388,1.1667117,0.60028887,0.86265415,0.96012443,1.3444556,1.2395835,1.4461173,1.3891978,0.71303475,0.5263167,1.3550057,0.6183433,0.41883862,-0.5022182,0.91803443,0.36543593,1.3452383,-0.762791,0.5143991,1.0597636,0.7399042,0.07483063,-0.3740263,-0.08783404,-0.4638279,0.3994804,0.3205657,0.5504828,0.12771611,0.42934737,-0.11497879,0.6995614,0.25459018,0.28719658,1.2217451,1.2124447,0.55645156,0.450198,0.26508895,0.38584054,0.49824807,0.3431923,-0.7772679,0.4376345,0.25419208,0.2464807,1.1433926
-0.5736083,1.8067235,1.0780863,0.84015054,0.4759827,-0.9063056,-0.68306863,-0.7788987,1.0691454,-0.39351556,0.8415896,-0.5873454,0.3842941,-0.001497681,1.0608461,-0.5024007,0.13547742,1.5625412,1.4749389,0.9442739,0.45987865,-0.9331471,-0.44047529,0.11284007,-0.13321,-0.8758099,2.9192088,0.21581016,-0.2651249,1.4353288,-1.0568157,0.9792574,1.0228732,0.6955167,0.4477913,-0.32709458,0.50239897,-0.9625442,0.8692343,-0.13694686,0.94780654,0.72357416,0.96753967,0.56537217,-0.1811885,1.1752177,0.50557595,1.1451793,1.2652909,1.1724408,1.1450868,1.3433287,1.229878,1.2100894,1.1494851,0.2206909,0.70288235,0.9650235,0.54398,1.3505025
1.6137835,0.5292777,1.1528223,0.5612868,0.32522357,0.030664872,-0.08748787,0.605809,1.6130023,1.0869129,0.36219096,1.8116416,-0.1804589,0.51578003,1.3119682,-0.21463993,-0.39231336,1.3156732,1.250715,0.9125251,-0.034532186,0.063553244,-0.8286331,0.6668775,0.020096183,-0.4681062,-0.5254617,-0.61690944,0.33365032,1.2509888,-0.8378193,0.6886605,1.2725425,1.2912589,0.6733607,-0.7034233,-0.011254573,-0.8592397,0.9796357,0.7896072,0.75104874,0.6862389,1.2498164,0.10966843,0.84677356,0.5329323,0.8018486,1.5392321,1.4331357,0.9620353,0.7347151,0.79728013,0.83858776,1.2548954,0.6930278,-1.042609,0.6086584,0.6271236,0.8210469,1.5985137
0.14799333,-0.95745474,1.8548219,0.95485634,-2.7352319,-0.37279272,-0.19590464,-0.21137309,-0.12571837,0.29662126,0.6190904,0.1667635,-0.4407885,0.8472432,2.033675,-0.89088356,0.40952954,1.3849937,1.3245841,0.3557845,-0.43735084,0.15012375,-0.5237388,0.037394248,-0.6467995,0.6049338,0.13234086,-0.106186494,0.5181176,1.1002587,0.21097952,0.44336373,1.111571,-0.021704359,0.07133265,0.9025274,0.3079539,0.3680876,-0.089713596,1.0875139,0.4186929,0.5353557,0.3758603,1.105004,0.38380817,-0.08666481,0.8680453,1.0997488,1.2622105,-0.044587076,0.059590522,-0.07252897,-0.12544227,0.63281876,0.06097544,-0.45995858,0.5204709,0.5340277,0.82419777,1.2461554
0.14451395,-0.13324106,0.82953966,-1.6155349,0.41214776,0.705123,-0.20111667,-0.22145624,-0.22008957,-0.6875148,-0.8589525,-0.55795735,0.3016334,-0.6883822,2.5330455,-0.026300702,-0.38383985,0.65928286,1.3774014,-1.118744,0.05788838,0.22911687,-0.45936102,0.39550778,-0.5982248,-1.0464606,2.034821,-0.9823385,-0.899586,1.2929245,0.32767546,0.6886126,1.0284575,-0.052610427,0.105099246,0.4081074,0.116186604,0.2277567,-0.24273221,0.83144367,0.5555749,0.42017174,0.58178294,0.8220981,0.6233148,0.04779844,0.9016493,1.3625032,1.466914,0.14940524,0.15838215,0.22062817,0.25612,0.6090147,0.067520365,-0.7675865,1.1739953,0.56506205,0.6794348,1.385821
2.639471,2.2502456,1.1813666,-2.0234833,0.47734088,2.0952392,-0.37530813,1.6186874,0.42170468,0.20939417,0.80302346,0.6629024,0.66676927,0.10298589,0.6656019,-0.5126594,0.11118038,1.7751753,1.9038601,0.31145927,0.012341069,-0.24702078,-0.6332276,0.8993811,-0.5240213,0.80010843,0.22706403,1.3849783,0.80451715,1.3575058,1.0435177,0.6628201,1.1310586,-0.3827668,0.2846457,0.9703244,0.1615451,0.5072287,-0.21736002,1.3343806,0.4780947,0.3985104,0.2023953,0.9742562,0.8595742,-0.2510044,1.0919175,1.3547482,1.4421273,-0.18756674,-0.12132496,-0.2613367,-0.31111306,0.49667,-0.13771081,-0.56285536,1.1374409,0.44068593,0.75520504,1.360498
5.3743377,1.7509482,0.44342682,0.87297297,0.49771374,4.374036,0.963363,2.8532817,0.7828933,-0.11388311,1.8178377,1.1606628,0.74680334,0.9161923,-0.3465132,-0.058990825,0.21045619,1.4702939,1.4400896,0.95421356,0.6754703,0.9444224,0.43592048,1.3872201,0.61918056,0.71912956,1.7342681,1.5055441,1.3814487,1.5042078,1.4391867,0.3729299,0.7633132,-0.5906612,0.013460043,1.7475201,1.3247926,1.51236,-0.6823739,1.3962795,0.37968355,0.35958806,0.16411798,1.4064207,0.44129908,-0.39877746,0.7939305,1.0349692,0.9678118,-0.35068402,-0.08339791,-0.30333865,-0.39136773,0.39924192,-0.14787175,0.096383795,0.6580671,0.59528065,0.9568776,0.91685605
5.271735,0.7924595,0.38661677,-0.30288145,0.492281,3.79699,1.3938838,2.3626294,0.056737576,-0.021838613,1.3366375,1.7574759,0.38794714,1.0733202,0.013589756,-0.26517686,1.1666005,1.0026176,1.3996567,0.69976175,0.3760871,0.21888186,0.19525266,1.0660192,0.4878796,0.7754601,-0.092601515,0.22304259,0.7197141,1.6757756,1.1690961,0.34219426,1.1112514,-0.5145679,0.21726622,1.3336875,0.3286511,1.0006514,-0.49368626,1.3886904,0.3234005,-0.0941401,0.011642427,1.0153182,0.83372325,-0.37954086,0.8806563,1.1163616,1.2639242,-0.24933815,-0.16815656,-0.29527324,-0.31864727,0.15073587,-0.3818787,-0.2538878,0.78166354,0.2072399,0.6385505,1.2282666
-1.1371619,1.1723359,1.6012697,0.2245173,0.4877537,-1.3185855,2.1268294,1.217686,0.3576599,0.7725925,1.3424319,1.5688162,0.9298518,2.4440565,0.69818133,0.85880417,1.8407208,1.9913809,1.8670658,0.79322135,1.513127,1.9258385,1.4033017,1.4976196,0.029445006,0.59379387,1.5111958,0.53890204,-0.019876352,1.7517167,0.0033319462,0.504826,1.1128234,-0.50251174,0.30021828,0.5145392,0.022120073,0.103276454,-0.24309257,0.41624212,0.25077552,0.33084872,0.44905522,1.2615166,0.42617467,0.22747001,0.5017638,1.0249666,1.3438714,0.19805641,0.4413818,0.23707075,0.33016744,0.40774897,0.32314566,-0.044680998,1.1149417,0.50590277,0.36921474,1.3461068
-0.8989809,0.8685102,0.9028597,0.45274785,0.49092278,1.7992256,2.5359519,0.33626634,0.8862587,0.08135358,1.2564068,1.4356732,1.648683,2.2838418,0.11189662,0.9811714,1.7994041,1.7009394,1.8351681,1.2403153,1.2650698,1.7833635,1.3247945,1.6694977,1.4759306,0.7480212,1.2308493,1.7859591,0.6814012,1.6626542,-1.0700003,1.3316318,1.278086,0.23035531,0.51168376,-0.0034913924,0.29118627,-0.6497617,0.81594133,0.50900775,0.9080129,1.2227827,1.383599,1.1624676,0.19066358,1.3300803,0.98795205,1.4832796,1.7555462,1.3628075,1.4427315,1.2425935,1.4021361,1.2901279,1.2228004,-0.35229644,1.41512,1.1564647,0.9551313,1.7114825
-1.1402508,0.4645628,0.80579144,0.2243098,0.49318644,2.5119147,2.1196017,2.1372104,1.309057,0.6176822,1.2451677,1.7858858,1.2417581,1.9944048,0.23789668,0.9352113,0.9360226,1.3281235,1.3209788,1.2574266,1.3170512,2.6873362,2.5586114,1.0992538,0.4465656,0.47519183,1.8005989,1.2604719,1.3837352,1.2862519,-1.3004755,1.1574404,1.0555913,0.3523641,0.64499974,-0.5886094,-0.024505565,-0.83501947,0.570145,0.01820309,0.9577623,1.1737845,1.5129516,0.59171844,-0.44089788,1.1147627,0.75744677,1.2236878,1.2203597,1.1999229,1.4246545,1.4721905,1.602437,1.1679237,1.1161789,-0.17603825,0.8758525,0.8641673,0.74878544,1.2506138
-0.9736753,1.2813507,1.3484633,0.20379604,0.49454463,0.6834589,2.2544272,-0.782082,1.1014435,0.06388846,1.2626692,1.8070766,0.7531795,2.627005,0.21361601,1.1740394,1.6599474,1.5591526,1.7643404,1.5765227,1.3761915,2.0319223,1.7225732,1.8546771,1.0797276,0.89750814,2.682348,0.8111049,0.80953425,1.7208134,-1.5783429,1.0399489,1.2738396,0.16547246,0.7349861,-0.7191019,-0.12788375,-1.3806905,0.53911054,-0.37054515,0.6538697,1.2178128,1.7366886,0.47976968,-0.38419384,1.2727541,0.7750233,1.3209121,1.6147021,1.2211406,1.6594591,1.7006618,1.7715795,1.3785999,1.2571527,-0.21332853,0.82341945,0.9438901,0.47336057,1.708001
-1.5525986,1.2219471,0.7864411,0.28573442,0.49092278,1.4799471,1.6238232,-1.9261193,1.6465305,0.16144188,1.2850301,1.8762748,1.9181408,1.9672381,-0.039975494,1.2792432,1.0578861,1.2747627,1.4274055,1.1192828,1.9002144,2.9374363,2.6637669,1.5416309,1.5066973,1.1080709,-0.57270616,0.88161516,0.5526775,1.4612238,-1.454481,0.8990077,0.9776697,0.27743658,0.5920649,-0.2737918,0.37752578,-0.90480644,0.5691613,-0.32443997,0.59406286,0.9318935,1.3601037,0.8604485,-0.7430312,1.2823796,1.0791117,0.8171267,1.1463795,1.1161647,1.3930814,1.4618338,1.4269869,1.1624962,1.1614524,-0.029168883,0.2296998,1.1305109,0.52678233,1.3083869
-1.1425935,0.96742046,0.2427454,1.3091582,0.48820642,1.2033142,0.1866701,-1.878572,1.8077853,-0.86924803,0.78405267,2.025998,1.6320417,1.6972779,0.13278158,1.4314317,1.586395,0.72303736,0.82673633,1.3105258,1.8501314,2.3324113,1.8616562,1.1130543,1.6221294,1.0219363,-0.6674122,0.56866,0.6360327,0.6841662,-1.3005522,0.955765,0.56909496,0.25804523,0.6161088,-0.16311756,0.394115,-0.874326,0.5598901,-0.6550463,0.5563694,0.94037354,1.1691362,0.38425824,-1.0675819,1.3215768,0.58506775,0.396664,0.6114621,1.1340744,1.4343456,1.4870085,1.4146976,0.9673171,1.0599995,0.08182779,-0.13350892,0.996013,0.30532792,0.8263361
-1.8817484,0.99046946,0.17933956,1.0994531,0.49182826,-0.98027366,0.093966275,-1.3027648,1.8120443,-1.2498544,0.9570593,1.8566484,0.8938336,1.4046727,0.3080025,1.333062,0.9445717,0.83552086,0.7426823,0.99899346,1.3710488,2.4164126,1.7685829,0.856542,1.8812573,0.675782,-0.88746333,0.5706396,0.5051919,0.6042669,-1.5302795,0.6498287,0.06654835,0.41938624,0.64411783,-0.59596825,0.19807349,-1.1160791,0.9205213,-0.8469868,0.52661043,0.9247044,1.2265384,0.13101406,-1.2680839,1.5271695,0.6777632,-0.18470211,-0.016295956,1.2909319,1.4437807,1.7070622,1.5550772,0.8598508,1.2647884,0.045298077,-0.7533025,1.0900463,0.2051448,0.2329794
-1.8485361,0.9069744,0.7864112,0.54803264,0.49273372,-0.8199062,0.96566397,-1.7860851,1.621618,-0.8212872,1.0961547,1.5372661,1.2211876,1.8316712,-0.104205154,1.3842477,1.5377957,1.1124334,0.75140095,1.389592,2.1887016,2.4436424,2.424073,0.9444027,1.1668352,0.99070436,-0.7718466,0.36039624,0.55694944,0.57501876,-1.3337045,1.0732309,0.74168843,0.43408516,0.5847836,-0.5519432,0.17406286,-0.7858222,0.60737723,-0.57479805,0.6729586,0.9759756,1.2814326,0.55439955,-0.46194023,1.2446119,0.63640016,0.8628689,1.0147153,1.2007394,1.3890617,1.632489,1.4955047,0.88644654,1.1571362,-0.0622793,0.44840991,0.9474261,0.29493523,1.0427506
-1.9189671,1.8657116,-0.56388694,0.58707863,0.49047005,-0.4082162,0.6307685,-1.4572773,1.2980585,-1.5239933,0.88960856,1.1363308,2.2533596,1.8705587,-0.9498011,1.5067507,1.2835141,0.10344769,0.0034155976,1.2807945,2.1530075,1.9912256,1.9748769,0.6077055,1.0501943,1.0367229,-1.4979217,0.20280865,0.20228769,0.10428865,-1.317151,0.67897165,0.34903193,0.0887836,0.57173824,-0.30197147,0.27178866,-1.0432552,0.42365986,-0.79740626,0.30543768,0.791611,1.0124313,0.30512843,-0.75720036,1.0007837,0.67030585,0.17482305,0.34553662,0.7849333,1.2408177,1.2200135,1.0347079,0.83787274,0.91616786,-0.053475834,-0.4134847,0.81399286,-0.010919251,0.5611917
-1.9186509,0.5557653,0.61038643,-0.18219222,0.49363917,2.2123077,1.2434313,-0.14351417,1.1652132,-0.9998126,0.8704005,0.5202805,1.4813788,2.0611415,0.05424435,1.497359,2.567329,0.8715696,1.1208494,0.9451167,1.8110582,2.213264,2.4034736,0.88256615,1.4218342,1.2273775,-0.015599307,0.7162364,0.56955534,1.155899,-1.2743785,0.6547683,0.43024102,0.82379895,0.6585072,-0.7434983,-0.20477024,-1.2303851,0.7319576,-0.69021726,0.65412354,0.6840996,1.1776066,0.22863036,-0.35289335,0.9386692,0.83681965,0.35350525,0.47935128,0.8315653,0.8735245,0.7398171,0.6960167,0.880351,0.7821627,-0.555763,-0.13847475,0.66364056,0.06549026,0.5627222
-1.7351928,0.50436026,0.8929545,0.408213,0.492281,1.3952299,1.0275404,-1.250728,1.5415077,-1.132954,1.0941347,1.4486616,0.20435628,2.1463826,0.20964964,1.0125617,1.9623187,1.8221358,1.5923866,1.3286719,0.92122597,1.5217175,0.86022073,0.3335292,0.028477933,1.5098915,0.5489871,0.70521384,0.5051898,1.5390844,-1.1492995,0.96679085,0.8750811,0.6192249,0.5929369,-0.52365726,-0.116561964,-0.95812696,0.7425514,-0.4573578,0.55014515,0.75598156,1.1272631,0.51701874,-0.16442165,0.77761775,0.80123764,0.80769384,1.0220908,0.7396698,0.90428114,1.0216454,0.9159465,0.79829264,0.7851652,-0.6133467,0.092285216,0.77150416,0.2670804,1.0269808
-1.6152071,1.3133768,0.94578207,0.9734042,0.49454463,0.93159145,0.28244042,-0.22875375,1.5616163,-1.1074028,0.97109604,2.4074357,1.8793144,2.4266176,-0.052633204,1.0731766,2.2482078,1.3724661,1.9078097,1.1082247,1.2748986,1.7520779,2.069931,1.357112,0.17207162,1.2544374,0.25004956,0.21956527,0.3073331,1.6547996,-1.4095153,0.8235786,0.90399855,0.14878583,0.5534595,-0.59228694,0.015063189,-1.1049284,0.3124446,-1.0470465,0.24124016,0.89785475,1.1727917,0.6343786,-0.3498135,1.1029656,0.7056038,0.88523847,1.1580677,0.9414518,1.2205106,1.1725018,1.2028176,0.71862626,0.8375288,-0.48435685,0.5035304,0.7483208,-0.22503345,1.1770511
-1.682475,1.669114,0.51859015,1.0564882,0.49047005,0.5026713,0.7795864,0.55833757,1.3628643,-1.1491209,1.194034,2.0976658,1.9519652,1.6222278,-1.1040378,0.961726,0.8198133,1.4299389,1.3513061,1.0478884,1.1890876,1.0630008,1.0802001,1.2659358,1.4887747,1.101626,-0.5624003,0.6498072,0.4304201,1.0161875,-1.2969571,0.82713616,0.40542623,0.22490296,0.6193611,-0.24878283,-0.054653697,-0.712498,0.30308506,-1.114208,0.30208814,0.5867709,0.74839574,0.21883224,-0.26444685,0.6746499,0.074244194,0.47597888,0.6170808,0.67741036,0.8226803,0.7068678,0.68664986,0.6161903,0.5514652,-0.2422287,-0.059306525,0.6785832,-0.31625736,0.6496436
-1.7819009,1.6351953,0.20502603,1.0551926,0.4877537,-0.16992399,0.05116211,-0.5129698,1.7192023,-1.2684512,1.4095966,1.7566564,1.8816514,1.1844727,-0.65240794,1.1056144,0.3231822,0.2788841,0.6740421,1.2700051,1.5125095,1.213994,1.2182325,1.3624847,1.2849936,1.4633918,-0.9594605,1.1884081,0.2526253,0.69869965,-1.0390158,0.63839275,0.2886139,0.4685893,0.7187081,-0.29535452,-0.1457145,-0.4755075,0.50795525,-0.6946137,0.28856415,0.6297912,0.6468887,0.20259324,-0.5801531,0.7689868,0.55226564,0.12224048,0.37172857,0.71034455,0.614525,0.8335392,0.75474787,0.8119608,0.56299025,-0.4155691,-0.4263981,0.44471794,-0.035681978,0.47698432
-1.8135315,1.1932322,0.30683884,0.9667397,0.4877537,0.33372656,-0.24020123,1.6793684,1.9448622,-1.2899916,1.3889098,1.6041541,0.96930975,1.2861207,-0.7135857,0.80415154,1.141085,0.6443733,0.71749806,1.2113972,1.0755516,2.285636,1.5486815,1.4114342,1.673172,1.2809868,-0.67827064,0.69139296,0.5515281,0.47199753,-1.3930029,0.81734747,-0.18920983,0.8526348,0.45284742,-0.6749563,-0.5981406,-0.86869186,1.0179118,-0.58076376,0.48321497,0.88569313,0.39017615,-0.15245649,-0.3260871,0.71320266,0.26425317,-0.15075022,-0.020409856,0.58410203,0.24073817,0.16539991,0.10368035,0.68979794,0.7175116,-0.74866056,-0.34814215,0.76224643,0.22002456,0.062438168
-0.23002179,1.7931491,0.59667766,1.2596146,0.49001732,1.0042386,-0.21516523,-0.2622048,1.1955909,-0.5352147,1.2386465,2.0123405,1.750758,2.2430234,0.021561226,0.98856986,1.2208151,1.1773028,1.3983601,1.2669963,0.9643425,1.5994217,0.8586171,1.1508235,1.1175538,0.920319,-0.40865466,-0.019055238,1.0035653,0.86535406,-1.1127274,0.9323029,0.7927762,0.525866,0.53879833,0.088759005,0.032781757,-0.4791054,0.46267515,-0.31207362,0.544762,0.6596612,1.2088405,0.88873327,-0.05329928,0.8529695,0.78788114,0.8795818,1.1003072,0.8777785,0.9758806,0.83026654,0.89764744,0.90040255,0.60653806,-0.5896252,0.26771492,0.58125573,0.18326537,1.107973
-1.8014064,1.5956814,0.25946653,1.2447883,0.49092278,0.6762545,0.8953512,1.3754004,1.5381247,0.5237551,1.53751,1.5981479,1.5242257,2.3972573,-0.77404004,0.8184243,1.5718219,0.80945206,0.6626758,1.0104488,0.11531439,0.32107344,-0.37124807,0.69962543,0.8686838,1.4184625,-0.2661034,0.5945409,0.7902841,0.34708184,-1.5847865,0.9073777,-0.040101517,1.0538765,0.6196531,-0.759627,-0.42656076,-0.9722919,1.2101498,-0.6033028,0.68165886,1.0371292,0.874172,-0.09502989,-0.45123145,0.9680501,0.64976096,0.077998266,0.10109246,0.872892,0.7395844,0.75380856,0.6333245,0.9538758,0.8941266,-0.8379852,-0.36679327,0.8811441,0.35368642,0.21387774
-1.8796396,1.438607,-0.45294487,0.33007088,0.49363917,2.1068306,0.717993,-1.0989921,1.3451116,-0.1312138,1.574891,1.8358746,1.161828,2.614455,0.08868139,0.9835568,2.0907485,0.38014805,0.47923997,0.97306,1.2594373,2.2680342,2.1588101,0.8922158,1.5139567,1.1136657,-0.5171458,0.75545096,0.8255388,0.33564693,-1.1888821,0.8410575,0.7195407,0.43466154,0.7099821,0.19743545,0.27422008,-0.13503693,0.47293434,-0.36088917,0.6416916,1.1384667,0.52680916,0.78839314,-0.08924979,0.64277595,0.3295154,0.7898683,0.8708848,0.7228233,0.48330203,0.2122207,0.19724393,0.9361357,0.6697165,-0.045489006,0.11935068,0.85070485,0.2454235,0.97310823
-0.6264912,1.5754706,0.898069,0.751451,0.49363917,0.33106583,0.5303624,-1.1833582,1.7706059,0.26904345,1.5222487,0.85028523,1.6772009,2.1081414,-0.43733656,1.1002548,1.6715119,0.86842066,1.2879244,1.2647563,1.4758121,0.78281844,0.95510685,0.7039506,1.2479745,1.3042254,0.26631314,0.6433126,1.2837485,1.0652604,-1.373986,1.1959618,0.7990328,1.1630602,0.6441515,-0.74838483,0.41224837,-0.6945149,1.1357665,0.1843358,0.8326496,0.98456776,0.24002601,0.71229434,0.15121771,0.9485261,0.60631686,0.98699814,1.1089457,0.98620987,0.22137628,0.20786427,0.09486324,1.0786527,0.7955936,0.07046098,0.6146794,0.89238137,0.7419168,1.0025824
-1.6951272,0.31625372,0.5579082,0.44332093,0.4895646,0.95374024,0.89329267,-0.91127425,1.2004575,-0.9055141,1.1939069,1.7767289,1.4015408,1.4225557,-0.67127013,1.1768444,1.5148535,0.42831495,0.50286484,1.4923215,1.8557242,2.1821358,1.8850895,1.0540768,1.5249604,0.6631846,-0.85882914,0.6336927,0.35023674,0.5272144,-0.823974,0.4942642,0.5726228,0.28575382,0.5387414,-0.0733708,-0.017843047,-0.29096237,0.361299,-0.4745349,0.29972774,0.61875486,0.6971621,0.8163608,-0.40243062,0.8247412,0.41752267,0.39195472,0.56994843,0.73727274,0.6974959,0.6005805,0.5907928,0.65912324,0.4921296,-0.06340197,-0.12510327,0.37554127,0.04829349,0.6628728
-1.2053176,1.7770029,0.8234516,0.21508105,0.48684824,2.6638985,0.52815694,-1.4541651,0.5463231,-0.6065353,1.1394641,1.4380741,1.5994841,1.6252446,0.050551277,0.9772518,2.0305228,1.1388463,1.5881892,1.2529182,1.5648412,2.1634405,1.9277173,1.4099114,1.7499642,0.72325754,0.166189,1.2882166,0.7107023,1.5042912,-1.2200452,0.95080894,0.97549057,0.8215766,0.48099658,-0.063109234,0.45358813,-0.473186,0.80323046,0.13040607,0.9550403,1.2478318,0.7096387,0.6737583,-0.07413627,1.0674875,1.1612414,1.1110555,1.2319703,1.2431755,0.82532364,0.80093867,0.71910244,1.1047903,1.0172056,-0.015447796,0.5087828,1.0077524,0.5872516,1.1862497
-1.8533862,0.9009711,0.7781761,0.12948479,0.48911187,1.1188741,1.0061996,-0.8421312,1.0675684,-0.638457,0.89962435,1.6510264,1.9171629,1.9850456,-0.513454,1.0219165,1.6627753,0.7728643,1.0311265,1.4554105,1.634224,1.6035516,1.3979563,1.2396358,1.5055145,0.8910157,-1.6702908,1.4251578,1.10278,1.0339174,-1.5695523,0.99636143,1.0384078,0.6622551,0.39130595,-1.2263505,-0.10061605,-1.4974056,0.91237676,-0.49188107,0.7759783,1.3803833,1.56148,-0.04375309,-0.6095252,1.2472868,0.91030926,1.1948857,1.2668443,1.3554561,1.3890387,1.531299,1.4941881,1.2348185,1.1268286,-0.7155855,0.21068579,0.7809251,0.31233287,1.3229636
-1.9822285,0.8176414,1.0399218,-0.01382859,0.4940919,1.0557472,1.5862579,-1.4040673,0.6103031,-0.7331845,1.2748448,1.9859165,1.2729526,1.644557,0.39085624,0.9931901,0.5991766,0.743613,1.0726907,1.1090579,1.391736,1.4684829,1.2091564,1.4441924,1.479976,0.7391795,-1.2916361,1.2140574,1.5194926,0.92618823,-1.3385458,1.1191913,0.5874878,0.92799604,0.55772877,-0.71885455,-0.16130593,-1.3834815,1.0461707,-0.2536057,0.7989499,1.2128289,0.6309849,0.21537986,-0.004917538,0.9624663,0.72354573,0.8045198,0.89433235,1.0271661,0.48379487,0.58560693,0.53078717,1.1412599,0.8859832,-0.5075529,0.088979155,0.68390465,0.309337,0.8916138
-2.015019,0.85169876,0.2533961,0.091396764,0.49137554,1.3467357,1.6735009,-1.9160362,1.1430207,0.3148048,1.5313917,2.0602252,1.2210401,1.8226532,-0.78821677,1.0259858,1.155674,0.38454783,0.35040534,1.4056783,2.0292103,1.5261998,1.7830585,1.6341668,1.2090946,0.89834404,-0.9013874,1.243219,0.82477236,0.06294657,-1.672525,0.9378311,0.51403904,0.599451,0.5701167,-1.1516002,-0.28372732,-1.4047437,0.72587305,-0.9878645,0.67739654,1.2292261,1.4150294,-0.26119214,-0.6182174,1.1929413,0.677326,0.6861795,0.731582,1.1674646,1.2972423,0.9948614,1.0733323,1.2153871,1.1211728,-0.55815864,-0.27867284,0.858114,0.07184429,0.8372847
-2.0171278,1.143319,0.048133593,1.0742778,0.49137554,1.828849,0.8844121,0.21212241,1.3609272,0.3309094,2.0401287,1.8330303,1.5658953,2.1065276,-0.17413558,1.0426224,1.2888657,0.023851367,-0.05050964,1.2154957,0.7068735,1.5644692,1.102191,1.1733099,1.3680186,1.2678231,-0.38309842,1.212605,1.356935,-0.16924462,-1.1701293,1.2595844,0.120266825,1.5891329,0.47354692,-0.47189337,-0.22835201,-0.93008965,1.6365849,0.11850944,0.92817,1.2087525,0.7878259,-0.06818731,0.082852826,0.989018,0.5063572,0.37268105,0.36740795,0.9703213,0.38673666,0.55025727,0.48021412,1.307344,0.9032612,-1.0025984,-0.48857912,0.98999846,0.85474735,0.33975518
-1.9016757,1.3195406,0.8259906,0.46510887,0.49047005,1.1203539,0.36192012,-0.09762161,1.2891282,-0.635158,1.2362273,1.6380829,1.5987456,1.9453514,-1.3017899,1.364957,1.7002134,0.94779855,1.0107623,0.96392083,1.1420814,0.97792345,0.5901011,1.0864006,1.3652006,0.96417505,0.4213646,1.1725764,0.89197135,0.9221824,-1.2217953,1.1323146,0.5882093,1.0278461,0.61125666,-0.32173914,0.44498944,-1.0662014,0.92375064,-0.19087118,0.993344,0.93400484,0.6909973,0.005024573,0.2324234,0.8996107,0.4862657,0.68870795,0.7446991,1.0466309,0.5186281,0.76441926,0.6859538,1.2078555,0.92623127,-0.16704653,-0.33418027,0.8652295,0.57593703,0.77610284
-1.4824636,1.7935038,-0.07847524,0.091663405,0.48820642,-0.029555734,1.3740053,-1.4963679,1.1434166,-1.0659162,1.1327355,0.8176675,0.47459337,1.4989781,0.23080947,0.8809669,1.8234015,0.47897497,0.28054398,1.0462905,1.3130447,1.479448,1.51222,0.9642422,0.43565214,0.7086202,-1.2774131,-0.5647298,-0.07109732,0.3982636,-0.77488595,0.9371575,0.985838,0.5587576,0.39377773,-0.41173092,0.4549562,-0.6371557,0.52671856,-0.12074551,0.70634186,0.4008194,0.7299743,0.5493159,0.47578168,0.72891486,0.31567577,1.1033738,1.114769,0.86027277,0.8442567,0.9307892,1.0232931,0.80890286,0.79157996,0.34342974,0.65545213,0.6217266,0.38077644,1.185408
-0.45520404,1.576794,0.38007993,-0.46238613,0.49182826,0.189453,0.27748236,-0.68693334,0.6861273,-0.80785495,-0.49093407,0.4297734,0.67618525,1.4016266,-0.102956735,0.43386784,1.3723162,-0.05359425,0.19933364,0.91457283,1.3996018,2.4116657,1.9018978,-0.43455714,1.0545171,0.6677214,-1.2093103,-0.66545486,-0.2532529,-0.32410535,-0.31371436,0.78070694,0.7485995,0.51511204,0.5877002,-0.72713596,0.16920002,-1.041798,0.24937657,-0.40573838,0.4775154,0.2919039,0.62366396,-0.257792,0.6642379,0.6174566,-0.14708924,0.91045964,0.8595897,0.81507826,0.8901944,0.8463772,0.88274175,0.6637176,0.69000345,0.18993983,0.24435173,0.6278505,0.11787093,0.99113894
2.0464678,-0.5928152,0.24137732,0.70116293,0.12511687,-0.7195651,-0.52618796,-0.062032107,1.210095,-0.024343634,-0.18688048,-1.4779619,-0.27952474,-0.77375394,2.1637335,-0.19565025,-0.70884615,0.8715142,0.27462745,0.6843735,-0.52108496,1.0284691,0.697303,0.21730533,-0.09432129,-0.2141366,-0.16059509,-1.1624677,-0.462467,0.46367112,-1.0084207,0.8795065,1.0040495,1.3331325,0.1931667,-0.5627274,0.040991414,-0.9786808,0.9830169,0.2996153,0.8195385,0.4956928,1.1066186,-0.10646799,0.59830695,0.557668,0.77058583,1.327675,1.1919826,1.0109689,0.97273433,0.98538107,0.9184106,1.0167259,0.6812257,-0.6099885,-0.075244546,0.7009932,0.57848686,1.2687337
3.505208,-0.16541496,-0.20126706,0.9103453,0.46194807,-0.17044474,-0.9753183,0.008631112,0.056879573,0.63053757,0.07878786,-1.5279388,0.8802501,-0.5348768,1.874101,-1.3254706,-1.7265675,0.8599462,0.45598438,0.058625326,-0.99678123,-0.80773187,-0.8135275,-0.6581537,-0.5492785,-1.4013921,0.17084214,-0.32511693,-0.4423833,0.4015755,0.38553858,0.055266634,0.72957355,-0.2671516,0.033007495,0.38237643,-0.11783913,-0.15029828,-0.2225977,1.0286989,0.20311266,0.0008166246,0.070772834,0.3451274,0.66589814,-0.37034237,0.68727577,0.856791,0.7972772,-0.27751002,-0.32528642,-0.3654136,-0.3184669,0.35850644,-0.34941712,-0.8702902,-0.08605617,0.08362661,0.44546732,0.7636176
1.536372,-1.3320721,0.942135,0.06346008,-2.4726484,1.5199807,-0.9907091,1.4010407,-0.14638862,0.3570976,-0.7428634,-0.38121748,0.3683368,-0.2246277,0.7971221,-1.5924304,1.053667,0.7389048,0.5080945,-0.4430107,-1.0223111,-0.8329045,-0.844671,-0.59272194,-1.1513152,-0.58918333,-0.4706153,-0.9139187,-0.6288717,0.41770262,0.8193934,-0.31547827,0.7197636,-0.24982864,-0.1840935,0.84991264,0.5338876,0.6237257,-0.8830566,0.75525904,-0.25944006,-0.51578,-0.06122294,0.2580285,0.8088484,-0.6929854,0.30969557,0.73929614,0.61295253,-0.6570193,-0.49269593,-0.25459218,-0.20109892,-0.20117183,-0.63541675,-0.31280345,0.34987208,-0.099181846,0.1265885,0.5509894
5.349488,0.77720344,0.2425954,0.23740636,0.46194807,3.6562588,-0.28483778,3.3810253,-0.16419956,0.062172994,0.60122985,0.5152289,-0.05657453,0.7786922,-1.750262,-1.3276448,-1.1848937,0.48862115,1.053119,0.37505037,-0.5021271,-0.2559463,0.5944485,-0.56193477,-0.3805301,0.28971282,-1.250184,2.0922978,0.30942068,0.8641974,1.2133303,0.5284441,1.0524459,0.036333106,-0.11143933,1.3682153,0.9897246,1.095601,-0.11135231,1.7452761,0.4364406,0.40667593,0.29620242,0.9719924,0.6818006,-0.22486766,1.2653322,1.1767923,1.1842734,-0.14747617,0.10699458,-0.04512983,-0.21977213,0.8826266,-0.1314763,-0.5940964,0.5221646,0.7340623,1.0541605,1.1299998
5.926478,1.0088207,0.6173989,-1.7361314,0.4968083,1.7386782,2.026895,2.823396,-0.697792,0.2324129,0.6713848,0.7632125,0.18857005,1.7835464,0.82956713,-0.75541574,-0.06430136,0.9256388,1.3152764,0.7658766,-0.48344517,0.42344746,0.8433278,0.82876915,0.2058627,0.91689646,1.4845405,1.5213822,1.4565048,1.1034642,1.2343864,0.66255677,1.4212441,-0.5219453,0.23539062,1.6026361,1.2847049,1.0750178,-0.53559214,1.0514147,0.25898576,0.42731193,0.35941574,1.348094,0.5960439,-0.3369068,0.9200102,1.4003952,1.6620696,-0.23143403,0.009885626,0.0043499055,-0.10454536,0.75642467,-0.12570159,-0.34021214,0.8572033,0.7336764,0.4804241,1.6391819
5.3751383,1.2898339,1.2680504,-1.3076106,0.4940919,2.8732665,0.65611404,1.7134086,-0.16936454,-0.3358888,1.0327712,0.47530425,1.3279423,1.6283832,0.35765088,-0.42981625,-0.24965206,1.5363106,1.745635,0.025823947,-0.11698786,-1.0776325,-1.1790794,1.5375603,0.23773445,-0.029466622,-0.14529331,-0.2805224,0.27745444,1.3731376,0.85795146,0.63348246,1.1622629,-0.52138036,0.3034775,1.6491716,0.4736252,1.1041358,-0.31136107,1.5355306,0.61484706,0.3647732,0.09330658,1.4031072,0.78308785,-0.21130346,0.9698769,1.3330477,1.4831094,-0.109530985,-0.22658075,-0.31948984,-0.3501394,0.6170239,-0.10192832,-0.1997666,1.2543132,0.5050057,1.0204062,1.4659833
1.1879785,0.743055,1.5631158,-0.04021994,0.49273372,0.97156334,1.4415344,-0.47318766,-0.60244375,-0.014899484,0.14239322,1.6278222,-1.2719815,2.1493824,0.4636233,-0.036418676,0.29682457,1.1290905,1.6135603,0.2621848,-0.42897633,0.11790546,-0.1308745,1.2803931,0.039013572,1.152614,0.35936394,1.5438048,0.28522506,1.2856212,1.2716471,1.1137713,1.9874672,-0.66858274,0.68969846,1.2620848,0.1691525,0.9090187,-0.3335271,1.1066521,0.55410516,0.5211566,-0.32142165,2.2574408,0.84202313,0.019884773,0.77237886,1.8963616,2.118162,-0.048001755,-0.40344682,-0.85773546,-0.85471904,0.61426663,-0.13039805,-0.014443511,1.2731166,0.62405896,0.76876837,1.9959248
-0.9178557,1.9132321,1.2489163,0.78278166,0.49092278,0.84233105,1.1836946,-0.51161,0.68231446,0.2953773,1.441994,2.0002112,-0.59701794,2.331975,1.6363262,1.0018522,1.6791513,1.7618313,2.0113149,1.0803847,0.7591909,1.5351187,1.2998315,0.61048126,-0.40652686,0.48622003,3.1940937,2.3426418,0.8701934,1.7496803,0.45126662,1.0970466,1.2964554,-0.48145702,0.44229513,0.49161088,0.0587708,0.22870162,-0.046324626,0.83838195,0.48428452,0.7749107,0.28307834,2.0205352,0.70230806,0.4165176,0.903943,1.4572805,1.8725992,0.4256003,0.087034486,-0.009382401,0.07884456,0.80945027,0.17399357,-0.4862317,2.0486412,0.7496734,0.6890395,1.6552323
-1.881432,1.811538,0.7620519,0.4538156,0.492281,0.365439,1.5581254,-1.8118145,1.2604988,-0.40760598,1.3338513,1.007388,1.4691243,1.8095782,-0.3050336,1.355109,1.610317,1.4346676,1.4666678,1.5630695,1.9172554,2.828735,2.685224,1.24732,1.0036854,0.42990685,1.4738032,1.3492423,0.66756773,1.2098228,-0.6373327,0.96035516,1.1305332,0.15151592,0.57725567,-0.24509837,0.24824516,-0.6770927,0.46953577,-0.12575379,0.62819,0.9146714,0.979292,1.2973648,-0.26346257,0.9114652,0.8445996,1.080863,1.419565,0.893548,0.8035527,0.9483322,0.9562275,1.0275406,0.87486756,-0.14578277,0.9672312,0.79490954,0.2846838,1.5077633
0.69214386,1.1884662,1.5447031,0.14867754,0.4940919,2.8321457,1.630305,1.2174989,1.1389748,0.16589542,1.2520607,2.1465442,1.8611622,2.6347888,-0.6877532,1.0036092,1.7285726,1.7268392,1.4933306,1.516624,1.6757853,2.4068277,2.1233146,1.1673203,1.4166213,0.9151568,-0.6617962,0.9634035,0.98509765,1.4775884,-1.1429079,1.0282501,1.1031059,0.61068135,0.77846354,-0.040202852,0.11363755,-0.45706913,0.7949446,-0.091919914,0.80407006,1.3163487,0.8646241,0.95847416,-0.05158481,1.0620693,0.87024385,1.1848766,1.343875,1.0967339,0.9383187,0.952027,0.9170629,1.0279667,0.9448115,-0.16180465,0.55810404,0.85072845,0.5666778,1.3543278
-2.0342083,1.1087974,0.65247196,0.37344941,0.49182826,0.686103,1.6393367,-0.59441924,1.1166232,-0.47446162,1.3163265,1.9343929,2.4004939,2.1652434,-0.52040076,1.298466,1.6739316,0.98864067,1.234146,1.4673193,2.0596921,2.140305,1.7917063,1.3229022,1.8344164,1.0436089,-0.4870707,1.6756973,0.23840772,1.390499,-1.4590914,0.97827154,1.0056131,0.40507227,0.6994724,-0.59243864,0.17045948,-0.9902871,0.89150375,-0.29036084,0.6597647,0.9595963,1.4689022,0.6479899,-0.7729306,1.4053729,1.0007449,0.7131955,1.0615338,1.278452,1.4222379,1.5623465,1.4862821,1.1231359,1.120107,-0.1698911,-0.06821409,0.9572514,0.59419847,1.2060281
-1.9645153,1.5811989,0.7757878,0.29595494,0.49454463,0.3331806,1.501132,-0.37039837,1.594743,-0.8190317,1.1929796,1.9798247,1.6428236,2.0569205,0.052669834,1.4228138,1.3638923,1.2287524,1.3669431,1.2658927,2.0169497,2.4025578,2.3273876,1.2149658,1.3604647,1.3513705,-0.59412855,1.1416749,0.5965861,1.5774091,-1.110168,0.97507435,0.8787543,0.45178473,0.6736223,-0.111040846,0.35668454,-0.9393048,0.6746623,-0.18628429,0.6107621,0.8708896,0.9130813,0.873941,-0.048517153,1.0699086,0.6788876,0.94241005,1.0988301,1.04793,1.0792168,1.224874,1.1362423,0.9185301,0.9778294,0.22357827,0.26156557,0.9766372,0.38568684,1.1664739
-1.1863078,1.6640288,-0.60187995,0.1755891,0.49001732,0.575799,1.343238,-1.5849631,1.4278446,-1.301145,0.88283294,1.1208632,1.3807652,1.9640757,-0.59869623,1.3592329,0.9653305,-0.06776247,-0.22507064,1.3652174,1.661171,2.1753435,1.894116,1.1427852,1.8017793,0.97761184,-1.339148,1.2045839,0.12291614,-0.0297997,-1.664883,0.7398015,-0.27293676,0.87491435,0.59374416,-0.8987084,-0.18434985,-1.1508603,1.2534782,-0.81538874,0.63533485,0.81020904,1.3315483,-0.27325717,-1.362367,1.416601,0.96835935,-0.46958688,-0.36608845,1.2614696,1.5166949,1.609127,1.3897952,0.9212804,1.1871921,-0.53081745,-0.88257515,1.0622864,0.26900488,-0.12802657
-1.9485946,1.223716,0.09964041,0.22849892,0.49001732,1.4761362,0.95899105,-0.8358681,1.2671564,-1.2244288,1.0074766,1.5023285,1.931138,1.9501933,-0.470296,1.441918,1.436045,0.6307149,0.64480555,1.165626,1.5798593,2.169901,2.5288267,0.6373077,1.3971956,0.81619745,-1.0403898,1.042333,0.7848449,0.65740937,-1.8746982,0.96750957,0.8891907,0.40854895,0.70385724,-0.88569945,0.16657884,-1.3773353,0.7844709,-0.7466572,0.73644733,0.9441948,1.3476101,0.27532643,-0.8056365,1.4592278,0.98078233,0.7452925,0.99837077,1.2572695,1.4177829,1.6372521,1.5235536,1.1004646,1.163957,-0.282525,0.08182032,1.1788882,0.29771405,1.1283214
-2.0087984,1.3034924,0.34909362,0.31254753,0.49363917,2.1167827,0.79166627,2.190571,1.5923234,-1.6092427,1.1380849,1.502895,1.0580692,2.0500774,-0.49239248,0.9101457,2.4237359,0.94377255,1.2121538,1.3272969,1.8668361,2.7913492,2.992821,1.2053803,1.4511113,1.104694,0.10315144,1.5956893,0.012497684,1.2133118,-1.4976528,0.92003953,0.6934151,0.77561814,0.74683034,-0.22488146,0.24933745,-0.69705033,0.8174025,-0.24962531,0.8929414,1.2642679,1.3445666,0.40893254,-0.6035055,1.3063332,0.9260916,0.71488196,0.9311567,1.1841581,1.1304476,1.2337217,1.2102633,1.1208324,1.1255844,-0.29860017,0.34974802,1.2234945,0.54159594,1.0091041
-1.958611,0.8895723,0.6621743,0.28940526,0.49363917,0.52025837,1.3230923,0.0474711,0.98222756,-1.1334571,1.2005005,2.0358188,1.7997053,1.8830311,-0.6291166,1.3760242,1.7028073,0.8162653,1.0840312,1.2101548,1.8519037,2.4135976,2.1416442,1.4159968,1.4135381,1.166143,0.37733728,1.0701474,0.80222446,1.2376332,-1.0291352,1.0242811,0.519384,0.9763894,0.48434177,-0.38330212,-0.30992794,-0.87752694,0.91281706,-0.3224123,0.5729299,1.0775361,0.76418716,0.002670493,0.0152924955,0.8760935,0.76957285,0.70271933,0.8645753,0.9550547,0.63367003,0.72283757,0.70229185,0.76421374,0.79185575,-1.0419025,0.42567495,0.6979258,0.18199927,0.83028066
-1.5174682,1.2127556,-0.3569626,0.357704,0.49182826,0.37622416,0.502739,-1.524879,1.5822084,-0.8017506,0.75588423,2.2472272,2.0063686,2.233799,-1.5260001,0.96993965,1.0841123,1.1442696,0.35942215,1.2937098,1.2924302,1.419417,1.2435162,0.7501666,0.41014537,0.9902518,-0.44414628,0.83092487,0.40085766,0.41254497,-0.76577926,0.6159369,0.5071787,0.5608619,0.45174643,-0.870987,-0.5085545,-1.2097753,0.49236968,-1.0208417,0.03861989,0.4745838,0.8026848,-0.23950586,-0.17725764,0.6435505,0.18167065,0.44621268,0.6033565,0.76141167,0.76402926,0.827737,0.8561985,0.38581985,0.48028985,-0.9225342,0.013166295,0.37138742,-0.35412556,0.7493965
-1.5633327,0.7154958,0.87800753,-0.69534856,0.48865914,0.20866776,0.6046686,-0.88626564,1.3593564,-1.2581395,0.6447412,1.9195695,1.3807595,2.0565152,-0.11541607,0.7822749,0.9225855,1.1764785,1.6200514,1.0849552,1.4225425,1.3088,1.1078526,0.74826604,1.9378036,1.0687202,-1.4292201,1.002401,0.34995928,1.4331404,-1.0146812,0.9197111,1.1367747,0.6297816,0.5574048,-0.13376155,0.3291057,-0.8905366,0.60860926,-0.5034054,0.6060963,0.7337098,0.9913875,0.6627489,0.5075148,0.75498444,0.8820558,1.3712925,1.4654565,1.0382704,0.87454623,0.95961857,1.002018,0.88422906,0.5173384,-0.4315562,0.8690583,0.44594738,-0.011785576,1.4274777
-0.7489426,0.7367133,1.2605389,0.9856698,0.49047005,1.7091408,1.2154169,-0.78938967,0.6352128,-0.9134892,1.7682548,1.5728341,0.5226189,2.426128,0.12643963,0.036855973,0.44194153,1.2973169,1.411886,1.2348113,1.2924101,1.4032434,1.1780013,1.916511,1.0999444,1.3262502,0.063412905,1.4256356,-0.24387047,1.5183457,-0.5925237,0.78354967,1.0353342,0.35465926,0.50501287,0.04626488,0.051520593,-0.70132613,0.42911243,-0.4397597,0.3836602,0.4712278,0.74532694,0.7617191,0.32000262,0.52257216,0.47260508,1.2115684,1.4297632,0.7829145,0.79847133,0.6862119,0.69922477,0.63077563,0.31316173,-0.5145829,1.0605958,0.36796656,-0.18094522,1.3116825
-0.7210865,1.3018879,0.77102923,0.004952682,0.4895646,1.2221041,1.270144,-0.001651449,1.1368461,0.01293909,1.2379133,1.5202084,1.0551735,2.6853237,-0.21294188,1.2045935,1.4746403,1.3664246,1.6573005,1.4553095,1.7238407,2.1983812,1.9248226,1.8874313,1.6107386,0.9813694,-0.48084524,1.5140077,0.8113987,1.5474782,-1.2114947,0.89955574,0.8850232,0.30043858,0.65267444,-0.5251028,-0.15272832,-1.1098697,0.3606491,-0.56736916,0.39159745,1.0470159,1.1858464,0.7398891,-0.06787027,0.9862548,0.8734207,1.0420449,1.2333784,0.9740107,1.144457,1.1475605,1.1790355,0.936617,0.91361773,-0.5418222,0.37632844,0.5971004,0.12250583,1.2665159
-1.2072897,1.7051228,0.7269363,0.2080573,0.49092278,2.998141,1.1120431,1.1112307,1.1384356,-0.47743154,1.1800214,1.4962121,1.9974045,2.2561836,0.23592483,1.1558692,0.82471424,1.0449845,1.5274748,1.0340178,1.5073268,2.037978,1.9614904,2.0214415,1.3071313,0.6659151,-0.8681092,1.0332413,0.751942,1.5227156,-1.2582097,1.0694661,1.1976227,0.5817213,0.636146,-0.35333964,0.10878933,-0.971328,0.7060723,-0.041458018,0.69256645,1.1879543,1.1613649,0.8751641,0.16150291,1.0531005,0.9576316,1.3232259,1.5016088,1.1431975,0.9557826,0.9575112,1.067262,1.0732386,0.91347885,-0.61300457,0.47338492,0.97460246,0.5389323,1.5475752
-1.6513715,1.7540457,0.090636745,0.10775068,0.49273372,3.1739593,1.1563958,-0.65008616,1.4051421,-0.5707028,0.84763944,2.7395184,1.8702116,2.2244213,-0.45914856,0.81218475,1.9826971,0.6797183,1.0904735,1.3986925,1.6900737,1.2048731,1.3211894,0.6563387,0.62450343,1.0914236,-0.7190296,1.5169672,1.0140947,1.01816,-0.7249845,0.83924204,0.744393,0.7059865,0.5100249,-0.32473052,-0.08787838,-0.32519272,0.44347987,-0.44220492,0.29471767,0.52085626,0.47859362,0.7537498,0.47037467,0.39405665,0.609177,0.8004326,0.95588225,0.7130772,0.32211515,0.3294709,0.4096977,0.5297686,0.27861142,-0.339193,0.48228773,0.21897654,-0.11147788,0.96612144
-1.9205487,1.5931966,0.19501552,0.79659754,0.49273372,0.96616155,0.32893455,-1.8465841,1.2746862,-1.556208,1.1706828,1.773009,1.9989611,2.5349386,-0.11144339,1.1764504,2.2875602,0.33751795,0.6438876,1.180692,1.3716947,1.1149286,0.77897817,0.57355464,1.2956451,0.97993964,-0.1815349,0.7560467,0.42242762,0.5197866,-1.3272853,1.1651446,0.9116372,0.2667185,0.55602837,-0.25928667,-0.14965658,-0.9928476,0.59584236,-0.8624787,0.49319792,1.1460851,1.1070718,0.9945461,-0.5571333,1.1834645,1.0642433,0.70591277,1.0876133,0.94051445,1.0939314,1.1806877,1.1606015,1.0468643,1.0400916,-0.5088904,0.46915433,0.9095315,0.08300693,1.2340262
-0.021475177,1.265274,0.044886913,-0.12174584,0.49273372,0.90561,0.4692792,-1.803383,0.92477137,-1.3891443,1.1883126,1.5962844,1.6381217,2.1839569,-1.5220215,1.1156301,2.1266112,0.45503336,1.0705776,1.3050267,1.8081158,1.5448616,0.96000904,1.2135177,1.2857764,0.8408611,0.5414125,0.9465454,0.662039,1.0795404,-1.5330657,1.1007471,0.639765,0.37681687,0.6331034,-0.7929142,-0.16272527,-1.148903,0.57217944,-1.079813,0.48910445,1.0614736,1.5290359,0.14299281,-0.78496087,1.1563176,0.7114337,0.6234152,0.8461599,1.0801618,1.3350405,1.2176136,1.1992971,1.006135,1.0579233,-0.65477586,0.06226091,0.8342173,-0.031560477,0.95972586
-1.8268164,1.114316,0.6572204,-0.097192675,0.4895646,-0.342262,1.5719562,-1.7688742,0.6001272,-0.886884,0.7208436,1.678497,2.05621,1.8347615,-0.07209363,1.3414648,0.8894249,1.0067403,1.1804905,1.3944602,1.6249195,1.1478814,0.7630172,0.52886945,0.93492067,0.92556745,-1.0389994,1.1262238,0.3843269,1.1700342,-1.3174046,0.83859986,0.711517,0.36174482,0.72403777,-0.7835053,-0.28664923,-1.3036727,0.6068329,-0.8730392,0.47671413,0.7778199,1.3816564,-0.20020777,-1.0908694,1.1768383,0.7599198,0.37241936,0.7161255,0.998763,1.3246903,1.2334975,1.2092981,0.88119894,1.0618281,-0.403955,-0.16692458,0.78530186,0.08654024,0.9555871
-1.1367079,1.2593975,0.6767185,0.5769403,0.49001732,-0.955407,0.3758019,-1.6633487,0.5536267,-0.7182028,1.1936893,0.95560694,0.7615771,1.8344821,-0.78597605,0.85803163,1.4389129,1.2003471,0.9496239,1.3094634,1.7157798,1.7825514,1.7348698,1.5331459,0.54776376,0.8877305,1.1938825,0.8656949,1.0210512,1.2070042,-1.0047381,1.0605419,0.91432065,0.9706702,0.6356293,-0.3866448,0.13110194,-0.87766993,0.940986,0.11082798,0.81667084,1.0150706,0.12770599,0.5837916,0.16470957,0.900582,0.5404721,0.9496286,1.1244054,1.0012281,0.3114425,0.46602955,0.42809469,0.77404654,0.60263854,-0.28011626,0.71542907,0.6193947,0.45772114,1.1517855
-1.2895932,1.5674689,1.2448338,-0.39946586,0.48865914,1.4780937,1.475929,0.5424768,0.9065234,-1.2499975,0.8748812,0.6826382,2.429382,1.1945561,-0.80984443,1.0101941,1.5039558,0.9567054,1.4793718,1.2931539,2.208611,1.7357619,1.9414169,1.3761322,0.8581561,0.96768016,-1.0986218,0.83808684,0.9076476,1.5768127,-0.696226,0.92715824,1.1876843,0.2768609,0.42134932,-0.058482114,0.028467294,-0.55223995,0.54282236,-0.13054973,0.5981537,0.7168426,0.9514798,0.6782815,0.12874562,0.9442734,1.0236845,1.1621737,1.3675438,1.0436386,1.0380622,0.9808024,1.1475263,0.92148715,0.62424546,-0.30782828,0.43856198,0.38366455,0.22233993,1.3250911
-1.1424377,1.16922,0.49994984,0.14406192,0.49454463,-0.26940838,1.1440272,-1.8816143,0.43069923,-0.5755933,1.0141486,1.146288,1.8049663,2.0882673,-0.565647,1.2439927,1.6184188,0.69568527,0.6471305,1.338011,1.9782023,2.117284,2.2143192,1.511849,0.80908257,1.1327568,-0.8325906,1.4217691,1.2716628,0.87272173,-1.4312943,1.0908602,0.66779727,0.87021226,0.4274458,-0.7274257,-0.0375788,-1.3431524,0.92840046,-0.37721297,0.7120419,1.1090958,1.3540689,-0.2858104,-0.32379895,1.0075023,0.79172945,0.7426476,0.8586567,1.190202,1.3520526,1.2283448,1.2753943,1.1011662,1.0666828,-0.71233773,-0.17552134,0.90875435,0.43735957,0.93472195
-0.5949913,1.3860196,-0.035271052,0.5671025,0.49137554,1.4338459,0.93010217,1.3694912,0.8477211,-0.33514306,1.2853584,1.8430587,1.57286,1.7293447,-0.7904754,1.3715792,1.5214572,0.25965595,0.38218057,1.407638,2.1579406,1.9633627,1.5768745,1.4880221,1.5124305,1.1889443,-0.7672165,1.40436,1.1843221,0.4326055,-1.8025999,1.1019641,0.46719924,0.6392792,0.38284346,-1.6883101,-0.6875503,-2.0015402,0.93886536,-1.0684925,0.6411192,1.4660007,2.040656,-0.8923727,-1.1675112,1.4775372,0.657959,0.43702075,0.5250181,1.37914,1.8230264,1.7340369,1.8296624,1.464884,1.3247913,-1.0676719,-0.8225173,0.98509526,0.169702,0.7490402
-2.103585,1.265585,0.7505752,0.046205744,0.49092278,1.1356087,1.3544123,-0.5526986,0.92117774,-0.16608852,0.861735,1.4992914,2.3410213,2.005364,-0.109584294,1.1521031,0.9480644,0.9262851,1.6785786,1.5175246,2.158781,1.9279783,1.550863,1.3473157,1.1473467,1.1342167,1.4799771,1.238921,0.83357906,1.5307378,-1.5030339,1.0166215,0.65504944,0.86812884,0.48518232,-0.7621752,-0.13599846,-1.1679709,0.8727177,-0.36788705,0.8557365,1.1846169,1.3003755,-0.123258606,-0.005488174,1.0883979,0.7163495,0.9780382,0.97957444,1.1040435,1.1148759,0.88911754,0.9660049,1.1755915,1.0289762,-0.40055647,0.27663952,1.0212917,0.4455256,1.0803645
-0.36515382,1.4759609,1.0773411,0.32137802,0.49363917,-0.06529871,0.45249897,0.57856214,0.64123344,-0.30216464,1.1976253,2.0239975,2.126498,2.204421,-0.13581797,1.1345065,2.015094,1.1371766,1.7176417,1.371581,1.3440589,2.2867634,2.3985753,1.2993865,0.75302917,0.955014,0.83667505,0.930482,0.6658821,1.5677856,-1.6456983,1.1685832,0.80656075,0.5080946,0.48993888,-1.0091552,-0.11787957,-1.4209694,0.6545911,-0.85892963,0.7490304,1.0892178,1.5961251,0.12196934,-0.30027232,1.1292042,0.9053105,0.95197976,1.1206299,1.197932,1.3973764,1.3794097,1.4951302,1.1610192,0.98202103,-0.6844591,0.19060846,0.95477533,0.049802758,1.1169072
-1.3475059,1.7780083,1.1107714,0.9686092,0.48820642,1.2398543,-0.15514222,-0.4328818,1.2731724,-1.0149099,0.79320514,1.2830652,2.1297584,0.08099224,-0.15817352,1.1096807,1.7254846,0.9953946,1.4102447,0.7900747,1.2268119,2.0190933,2.1621442,1.6366603,0.90771145,0.7590099,-0.70847225,0.62910765,-0.7350164,1.075527,-0.9217665,0.79617816,0.62540483,1.0187504,0.62932956,-0.54252595,0.12405211,-1.1002477,0.71095634,-0.075532556,0.6297648,0.79737246,0.60411644,-0.40250936,0.3488692,0.5171525,0.55298454,0.6098145,0.64246196,0.77180475,0.44454005,0.58794075,0.5950448,0.80555815,0.7292946,-0.2174975,-0.58594614,0.842635,0.45062882,0.6957953
-0.8339289,0.3242175,0.46378636,0.93043417,0.48730096,1.3926934,0.94800466,-0.98908055,0.7205437,-1.1612587,0.89539814,1.7237737,0.2933932,0.9934837,-0.5126029,-0.026610186,1.8348701,-0.5724406,-0.73736143,0.73638815,0.9483116,0.6037183,0.74221176,0.6628346,0.74570096,0.49832603,-1.2840558,0.63350356,-0.3010815,-0.4286582,-0.5657564,0.4321128,0.52990806,1.0486665,0.40015104,-0.47644556,0.018207278,-0.57014066,0.9584207,0.09536448,0.58201784,0.42653564,0.75442535,-0.021742161,0.09353049,0.5016646,0.74182534,0.37330174,0.35856253,0.8040489,0.49665326,0.6242023,0.57878786,0.81342036,0.3407226,-0.6248257,-0.1608278,0.21678226,0.37016398,0.5013391
-1.2234726,1.7755002,-0.19212432,-0.68834746,0.4895646,-1.9062849,0.806108,-1.8609265,0.90268964,-1.03388,0.57754886,1.1629845,1.6983266,1.4887278,0.26635182,1.1896961,1.5169826,-0.09336481,0.13434213,1.0586962,1.4463097,2.428915,2.2021353,1.5861,1.0032164,1.38351,-1.551751,0.74816746,0.7024784,0.030593859,-1.1987945,1.0620857,0.39934045,0.59080225,0.5810024,-0.7303074,0.049255,-1.0581185,0.6398858,-0.41163024,0.7400407,0.7973398,1.1851513,-0.43520638,-0.12319484,1.2615708,0.4851867,0.42983684,0.42825532,1.1525131,1.2533978,1.3265316,1.3242769,1.0985991,0.98236686,-0.3477429,-0.7402458,0.8919611,0.33538043,0.6062161
-1.2069602,1.4791763,0.80412066,-0.06595475,0.48911187,-1.3684856,0.25246742,-1.2797538,0.3811451,-0.4896891,0.2869115,1.950133,1.1137068,1.5652933,-0.9499819,1.016249,0.16761377,0.39368507,1.2428001,1.1042471,2.0175796,1.5540289,1.5965565,0.5647478,1.0039387,0.5280423,-1.5704417,1.084475,0.29003218,1.0806013,-0.6751492,0.58292335,0.73961854,0.5959117,0.5588734,-0.4684959,0.13727924,-0.7802276,0.4469488,-0.93205726,0.35815173,0.30502105,0.9393698,-0.15736307,-0.067606024,0.78864443,0.27010834,0.6654257,0.73576677,1.0355517,1.0799761,1.0205755,1.0990515,0.862146,0.60461867,-0.40417293,0.33873412,0.63851064,-0.19074637,0.9526539
1.2707775,-0.87232053,0.28413752,0.6887723,0.121947765,0.45238158,0.15122396,-0.63225824,0.9541264,-0.5249295,0.40059528,-1.9103292,0.61082065,0.22972874,1.1614712,-0.58474195,0.20241441,0.72291183,0.5219621,-0.08552619,0.41845495,-1.1888946,-0.42490864,0.11701003,0.25159705,-0.88262254,-0.046807796,0.1336001,-0.45532954,0.619778,-1.2070416,0.7988818,0.48538607,0.8366194,0.52963585,-0.45329636,0.35496214,-0.79527426,0.7069644,-0.27570415,0.6614129,0.53181344,1.0349896,0.12714711,-0.19910188,0.88887715,0.2972909,0.6067285,0.7119052,1.0688556,1.1361612,0.87129,0.882097,1.0236957,0.9106867,-0.21811159,-0.1870264,0.9127913,0.3739076,0.8240627
2.666177,-0.8751575,1.7020388,0.95630485,0.09885853,-0.3186061,-0.26080298,-0.15391643,-0.47743613,-0.1439353,0.23502254,0.17409961,7.960357e-05,-0.30951366,1.9518679,-1.1859566,0.63266796,1.2337431,0.68541765,0.4744626,-0.120770335,-0.27172452,-0.21755385,-0.1669719,-0.16202153,-0.96312183,0.7436965,-0.53036976,-0.69674635,0.068065606,0.3546118,0.7134273,1.0922799,0.19758452,0.10840243,0.9103162,0.74514616,0.7829446,0.04240956,1.6617384,0.6123493,0.2899335,0.082509965,0.81300396,1.1416669,-0.07405612,0.9294249,1.403627,1.3616848,0.22273286,0.15938084,-0.0054854467,-0.08687194,0.5984796,-0.10563143,-0.3459277,0.725112,0.49670118,0.9797092,1.2815056
4.062086,-0.23251116,1.5796909,-0.25875843,0.48730096,1.3522018,1.2457265,0.39660403,-1.1266043,-0.5193822,-0.028150728,0.68102103,-1.0843799,1.2359537,-0.027099347,-1.5059301,-0.37909678,0.0011704355,0.13267833,-0.6708939,-0.62899023,-0.174724,-0.8368552,-0.05438665,-0.583395,-0.15734723,-0.30751407,1.5509654,-0.4047357,0.71027035,1.3314211,0.3399115,0.67537487,-0.63268244,-0.07048564,1.3577933,1.1803397,0.8295982,-0.8027956,0.91637033,-0.035752133,0.1071901,0.40058944,1.0609378,0.3665743,-0.32419017,0.6734797,0.86778677,0.89566046,-0.3813956,0.082772985,0.043554492,-0.030716617,0.38713,-0.26053485,-0.58851665,0.4613439,0.40156662,0.43121344,0.8929813
4.2088523,0.8889008,0.40164328,0.13412412,0.48367912,1.0391223,1.1514976,1.7077483,-1.3566753,-0.63069177,0.57860124,-0.67500335,1.2588177,0.5438326,-1.9260627,-1.0822242,-0.08506141,0.13578807,0.6947618,0.27375582,0.7174411,0.94708985,1.0883881,-0.7969865,0.1433839,-0.17264985,-0.4220022,2.2206857,1.0398195,0.72784436,0.5594412,0.15113208,0.442502,-0.33500546,-0.24718592,0.7422568,0.66506827,0.47674623,-0.7200313,0.9336283,-0.1395502,-0.057798795,0.38730258,0.06908262,0.3475928,-0.4023446,0.73414916,0.509308,0.45982102,-0.59485215,0.1104422,0.18380181,0.05557718,0.14519672,-0.32156593,-0.79330623,0.13368826,0.24088162,0.3515551,0.44851634
4.396412,-0.7014411,0.779485,-0.432232,0.45832622,-0.482375,0.44850135,-0.32802486,-0.15665156,0.36020163,-0.041985244,-0.17079797,-0.3822196,0.6608222,0.50533336,-1.4201075,-0.43018225,0.69698215,0.97673976,-0.41615123,-0.9600665,-0.4128244,0.021955764,-0.3704687,-0.97458607,-0.2919225,1.3828001,-0.49633342,0.5463922,0.9405277,0.8814657,0.6593604,0.8803769,-0.46758965,0.08953062,1.3737029,1.0384107,1.071042,-0.2880426,1.4392829,0.46534836,0.61281246,0.350304,1.2786814,0.2440443,-0.17404944,0.9842534,1.1002679,1.1610036,-0.22851548,-0.026917424,-0.111278705,-0.20159513,0.7204597,-0.082164735,-0.090601206,0.7303792,0.7467301,1.0188909,1.1399049
1.7822958,-0.7894015,1.6921468,-0.03038433,0.16586259,-0.2789279,-0.030837556,1.2770292,-0.34467477,0.13746749,-1.5165857,-0.33267918,0.117966756,0.3548332,0.5467202,-1.4338301,-0.3559199,0.20375569,0.23753457,-0.24596314,-0.64242667,-0.92336667,-0.64857364,-0.24362624,-1.2484906,0.059963036,-0.456983,-0.7067746,-0.36238936,1.1221772,0.7137951,1.0333549,1.7393675,-0.057121664,0.65233594,1.197879,0.1161003,0.5161064,0.13740507,1.5524577,0.7454548,0.57848495,0.011529407,1.4327118,0.8434826,0.112213835,1.0259585,1.8819498,1.977325,0.21945958,0.022569593,-0.4748285,-0.3910848,1.0317029,0.16006401,-0.28198203,1.0164646,0.675061,1.0103848,1.8121369
0.7594894,1.1630515,0.44801405,0.3531162,0.48820642,0.46518168,1.715247,-0.04751907,0.19970487,0.9124941,0.87656987,-0.31093287,0.111707434,1.9509258,1.2204272,0.49263945,0.8417569,1.2298906,1.4424423,0.54739326,0.9553625,-0.51317835,-0.52994853,2.0799665,0.3387334,0.88264143,1.1924014,0.14833334,0.319436,1.2988576,0.11295098,0.85137904,1.5197098,0.25115415,0.25208578,0.9173108,0.15911317,0.519864,0.3473765,1.4483663,0.69992775,0.78739506,0.3844359,1.641561,0.7556351,0.23129153,0.8924141,1.7432933,1.740355,0.45722064,0.31767297,0.121000946,0.14203131,1.0869968,0.43266875,-0.31980202,0.79011476,0.93095136,1.1575246,1.6402189
0.29902437,0.59708947,0.86894256,0.64300346,0.4895646,0.5203616,1.6519477,1.4627478,0.98207664,0.6168643,1.7093302,1.9541274,2.1530867,1.7917804,0.2347218,1.0438566,0.5949843,1.6749244,1.7586503,1.4040726,1.5525683,2.5848784,2.5568726,2.020082,1.5000073,0.64646983,-0.13203633,1.1428902,0.7356436,1.6175123,-0.9009458,0.89545107,1.0093038,0.4388811,0.5091365,-0.058751594,-0.11557321,-0.7588115,0.6310373,-0.000653822,0.5681082,0.9882511,1.1622858,1.1123052,0.20502883,0.69713926,0.922679,1.0746255,1.2257402,0.9518284,1.0433687,0.7712762,0.8449273,1.0832487,0.84333676,-0.42005116,0.13651276,0.7239669,0.47616583,1.2370577
1.2484224,1.7902895,0.9348825,0.615837,0.49590284,2.2076826,2.2997942,0.7241816,0.79392534,0.80362576,1.5538226,1.5956118,1.2249024,2.4316359,0.550487,0.98543894,1.9320143,1.8205718,2.132096,1.4199923,0.6062732,1.7091225,1.8870186,2.1284618,1.2446839,0.9123358,2.6046796,1.503451,0.68798983,1.8145999,-0.593116,1.4271369,1.5587754,0.17591701,0.7322675,0.54198396,0.4368727,-0.40711242,0.97206515,1.2389307,1.3001192,1.6477284,1.231521,2.3403397,0.76669204,1.1150782,1.2494316,2.033594,2.2699728,1.315203,1.1496317,0.8601783,1.0651069,1.8473922,1.1272799,0.019084444,1.9795713,1.3371294,1.367214,2.08205
-0.648318,1.5716751,1.1898516,0.084321015,0.49454463,3.00636,1.9362509,-1.2167026,0.660445,0.78231657,1.0766585,1.5428936,1.0445112,2.5107281,0.936134,1.1251906,0.85289687,1.6943395,2.0011725,1.3670145,1.3781132,1.1771792,0.78454036,1.8917499,1.0183123,1.3734406,2.2649474,1.1134405,0.75323397,1.7738669,-0.65420985,0.99405295,1.2131869,-0.097496115,0.6002731,0.17963165,0.33562765,-0.81516176,0.42472348,0.03894009,0.5768678,1.1440647,0.7543509,1.586692,0.120186016,0.8079809,1.0176847,1.3211553,1.621362,0.9101361,0.81951004,0.4839142,0.56516474,1.1039308,0.6691485,-0.05245302,1.1318005,0.80805516,0.40024632,1.6196824
-0.72491276,1.2901857,0.8981016,0.04712143,0.48911187,2.659731,1.2768782,1.7009814,0.665092,0.04721306,1.1008766,2.1875582,2.0236237,2.2170348,0.18674643,1.2991608,1.7802763,1.2034975,1.3712828,1.5607638,2.0008547,2.8786547,2.7549071,1.5379543,0.8906228,0.96591496,0.32770962,0.99009633,0.92947525,1.3129488,-1.5000608,0.9420935,0.85860544,0.38631395,0.65701663,-0.67516917,0.09299008,-1.269394,0.78183335,-0.48451543,0.57710636,0.95935726,1.5371516,0.43894136,-0.708369,1.2028589,0.9468674,0.8449597,0.9951233,1.1878,1.580594,1.7315927,1.6786926,1.1641313,1.1750338,-0.3139136,0.09089943,1.033863,0.44712168,1.0777471
-1.6041831,1.1544062,-0.5622352,0.64971244,0.49092278,2.2614846,1.430495,0.46837467,1.4780986,-1.066714,0.7817845,1.7663769,2.2393138,1.3694351,-1.1119802,1.3104055,1.0083338,0.14013669,0.35360685,1.5342731,2.1497505,2.4942083,2.2492507,0.9080469,1.857871,1.2266523,-1.3687121,0.8323637,0.9988335,0.2993177,-1.2652453,0.54215044,0.104779035,0.6950464,0.6107416,-0.3788707,-0.1741752,-0.9102738,1.0538428,-0.5813819,0.42501438,0.6019862,0.79738164,0.13823706,-0.918263,1.1580802,0.7902643,-0.16421251,0.07362302,1.0853326,1.0485114,0.8981072,0.79574233,0.7060503,0.82136846,-0.379584,-0.35444528,0.767726,0.15308276,0.20111614
-0.717211,1.3389914,0.88601476,-0.11744159,0.49137554,1.9169852,0.43508554,-1.9250762,1.3834732,-1.3272055,0.9012326,1.6499071,2.0516999,1.8415191,0.2731499,1.2171098,1.2596849,1.0660917,1.3750851,1.3524534,1.5798388,2.7299304,2.6697953,1.1193782,1.5617332,0.90618044,-0.69374394,0.3752105,-0.052317616,1.4189049,-1.4493465,1.0748243,0.77839977,0.37766019,0.7033126,-0.44250894,0.08554938,-0.7264779,0.6039945,-0.59056234,0.6380727,0.8342344,1.3272586,0.48838642,-0.5910642,1.3612818,1.0727482,0.7738441,0.96398807,1.2717663,1.3661375,1.4612522,1.380024,0.9749113,0.9828573,-0.5104433,0.011906093,0.84199786,0.2399027,0.9787402
0.38501015,1.1381434,0.5483154,-0.67517686,0.49092278,1.6088175,1.1788796,0.4023177,0.8403452,-0.8336471,1.0102243,1.7526256,1.7065504,1.7302572,-0.6272137,1.0103562,0.8259731,0.5797431,1.1235293,1.3275055,1.4196898,2.145937,1.5428642,1.0663366,1.4380257,0.8333074,-1.098925,1.2061691,0.80803895,1.3569682,-1.1299989,1.0244166,0.8889222,0.28593162,0.6994962,-0.34805673,0.029357532,-0.99278945,0.6555658,-0.38295865,0.52899545,0.98134696,1.126445,0.6194631,-0.037952363,1.1901467,1.0311625,0.9396375,1.1207501,1.0437776,1.1917148,1.2282879,1.1955132,0.9144232,1.0291082,-0.24287245,0.4084449,0.9613423,0.32725352,1.2285726
-2.0120668,0.8256463,-0.707081,0.81944716,0.49092278,-1.3093164,0.2911575,0.29588696,1.4053911,-1.5252066,0.9539715,1.3456876,1.7061284,1.3893799,-1.3918015,1.22892,1.506556,0.46814173,-0.28181708,1.2443417,1.8561355,2.320175,1.7876859,0.92111456,1.0243613,0.8289292,-1.0922748,0.6691344,0.94470024,-0.19932105,-1.1604047,0.33516854,-0.54736555,1.1398077,0.41640097,-0.6959876,-0.8155401,-1.1129239,1.3134685,-0.37745598,0.35150188,0.8369245,0.4972006,-0.66038984,-0.28379297,0.5981896,0.60995084,-0.5777976,-0.5323143,0.53316796,0.3083286,0.23930198,0.20404744,0.608831,0.66296935,-1.071792,-0.7941256,0.6696433,0.23601572,-0.3558704
-1.0116642,1.1271805,0.10117497,-0.82534176,0.49273372,0.7251063,0.88134867,-1.1485814,1.2535676,-0.63783073,1.0498363,1.0031427,2.6583643,2.0059838,-0.30224955,0.9560341,1.064875,0.09422433,0.546135,1.101751,1.8543274,1.9985199,1.8246188,1.3045005,1.8481407,0.9393284,-0.36282408,0.3520552,0.6405214,0.61112094,-0.85347044,0.72094446,0.3825312,0.8031606,0.23283969,-0.6046333,-0.18371913,-1.0177352,0.5298206,-0.6203489,0.43251342,0.5580491,0.92818385,-0.23007648,0.16695443,0.47862467,0.39726964,0.61215895,0.65591973,0.6173593,0.4850839,0.45147848,0.54433215,0.7240122,0.30355576,-0.8105285,0.09635449,0.36676568,-0.07377012,0.8176806
-1.6828967,0.69554216,0.6228314,0.85265076,0.48865914,-1.7221824,0.388746,-1.6596979,1.3204063,-1.5143483,1.1584295,1.2557535,2.2432365,1.5217793,-0.936529,1.0721688,0.9638395,1.0745527,1.0523509,1.3763034,2.060352,1.484117,1.810297,1.0656725,0.3940476,0.9216821,-1.3311315,0.5488291,0.36607715,1.0376705,-0.8525756,0.68482715,0.38629347,0.7385105,0.62388736,-0.68599534,-0.025301838,-1.0332266,0.74823916,-0.7564239,0.4018969,0.65867,0.79283285,-0.5250379,-0.3659786,0.8746959,0.3363009,0.23657016,0.39545426,0.9566725,0.81227076,0.8340824,0.7697975,0.67379844,0.5641896,-0.5416439,-0.39438865,0.5213702,-0.09009528,0.57721835
0.13637586,0.8753657,-0.12167367,0.32739305,0.49318644,0.34361324,0.29323766,-0.60220295,1.1489135,-1.3983155,0.78426725,1.5994503,2.492608,2.415043,-0.96969193,0.8804774,0.3626643,-0.02028268,0.115492605,1.2723182,1.0036852,2.2862606,2.051594,1.3350043,0.6607281,0.68382186,-0.6822467,1.8282727,-0.57006776,0.3112804,-0.54782003,0.5923975,0.7763668,0.47536308,0.5180562,-0.17890751,-0.10275175,-0.68111897,0.254594,-0.45771366,0.42090905,0.3900886,0.7599358,0.19478357,0.22515371,0.47432593,0.7243211,0.78647894,0.8593877,0.82848775,0.8518562,0.5983403,0.61175275,0.59738296,0.41769058,-0.437669,0.05169347,0.437504,-0.15976836,0.9041687
-1.9424794,1.5411266,0.7723387,0.34695882,0.49273372,-0.29352242,0.2450164,-0.81442785,1.018036,-0.5197195,1.2336781,1.7756646,2.2825105,1.8844857,-0.21571954,1.2378598,0.63009936,0.9378186,1.4391272,1.454792,1.9452931,2.6495266,2.6798,1.2179102,1.7080189,0.94920075,-0.7714379,1.1103945,0.7851345,1.3826067,-1.0668178,1.3096766,1.1031425,0.51697993,0.5595316,0.14704157,0.79137784,-0.5351246,0.41035908,-0.026847072,0.8771941,1.1325015,0.8109357,1.0868603,0.36216578,0.9200473,0.68832916,1.5637177,1.6261164,1.123819,0.7640879,0.80877763,0.75048625,1.0945839,0.88891053,0.112569705,1.0875808,0.891056,0.42286047,1.5960133
-1.9226574,0.9823301,-0.5136052,0.34663597,0.49182826,1.6500336,0.6153327,-0.0005151228,1.3162159,-1.1411724,1.1572454,1.6970859,2.3095582,1.9452492,-0.08581874,1.2628808,1.0384926,0.3600781,0.33060443,1.3807063,1.4786323,1.7386897,1.6969553,1.2659789,1.1919614,1.221937,-1.2778476,1.0606353,0.515456,0.20773238,-1.4146961,0.90819955,0.58436555,0.8518658,0.27654353,-0.80930114,-0.27012995,-1.333957,0.9263648,-0.063824825,0.6682396,1.0314115,0.82812726,0.040835768,0.019687235,0.7823766,0.74152595,0.7677699,0.79997945,0.9055384,0.66590136,0.90528107,0.8000069,1.0977846,0.71648,-0.58230215,-0.22803977,0.5162,0.46958253,0.8543605
-1.8956659,1.5939897,0.4744779,0.21527596,0.49318644,2.5692923,1.8453401,-0.46113268,0.942754,-0.39723063,1.348383,2.0098882,1.7429256,2.521424,-0.9833339,1.3031873,1.0026636,0.3819084,0.9305665,1.3165808,1.1398324,1.3499446,1.7438884,1.6123769,1.2327933,0.92639107,0.60949415,1.5291477,0.61583555,0.91696304,-0.92135864,0.7936692,0.7452623,0.5538822,0.5423135,-0.57089424,-0.08345266,-0.4194896,0.42406058,-0.3939233,0.6823498,0.8580722,0.51396865,0.5558519,0.10795766,0.60678834,0.55720675,0.99727994,1.0191697,0.7209072,0.43840158,0.2679292,0.16883671,0.79803896,0.445224,-0.22457123,0.57595354,0.64684993,0.2052887,0.97377986
-1.8615048,1.2229252,0.30914703,0.38282144,0.49454463,1.9556645,1.4239396,-1.1313809,0.5526751,-0.21648861,1.4869311,1.638026,1.3176275,2.2406735,0.24784023,0.959486,1.8645729,0.6699653,0.5629285,1.1670619,0.48526046,-0.37973842,-0.294064,1.2233098,1.3047596,0.9085952,1.6138715,1.2408835,1.3537424,0.85491025,-1.2813568,1.1765568,0.7667633,0.5371239,0.56544447,-1.0457263,-0.41071093,-1.2381384,0.78063387,-0.80855376,0.5911271,0.98457825,1.2409474,0.08229147,-0.5439604,1.1844572,0.90106076,0.82255644,1.0028462,1.0900303,1.1658994,1.3440135,1.3167622,1.0151305,1.0203911,-0.75375855,0.81941074,0.71156925,0.1493387,1.0511001
-1.8578146,0.87471765,0.2503212,0.43439704,0.49001732,0.48003832,1.5002183,-1.7933867,1.0483181,-0.9498842,1.423659,2.059384,1.2376747,2.2135277,-0.3936725,1.1817471,2.095991,0.14870681,-0.093575746,1.3127208,0.65958774,0.972661,1.3720825,1.216202,1.2605828,1.3336731,-0.3079064,1.77761,0.5577294,0.35305166,-1.273488,0.782084,0.54218805,0.8003691,0.6294024,-0.49828696,-0.09058909,-0.8473094,0.8246223,-0.26629406,0.6099462,0.784441,0.72533345,0.081273556,-0.3920249,0.9595856,0.6968735,0.43561283,0.567808,0.96957785,0.7214346,0.7742714,0.6578058,0.7968288,0.6402039,-0.4908644,0.03413019,0.71318954,0.4064904,0.6352729
-1.9087399,0.36137092,0.96730965,0.2137127,0.4895646,1.2540532,1.2782105,-1.4314929,1.1625443,-1.0033435,1.2544405,1.3597628,1.797987,1.8000275,0.6347487,1.3230981,1.8099155,1.2317796,1.4001918,1.4075168,2.4200752,2.1554427,2.0686579,1.5413722,1.6909281,0.93506444,-0.7666163,1.1203289,1.0541009,1.4686047,-1.7215854,1.1534804,1.3919117,0.5925898,0.5956054,-0.3903241,0.28918666,-1.1418118,0.6791727,-0.22607256,0.8882346,1.2837054,1.5838614,1.0124712,-0.106479466,1.0442119,0.92731804,1.5617263,1.786883,1.299491,1.4295794,1.7565732,1.8557363,1.2431425,1.1648835,-0.08000706,0.47630265,0.7747687,0.4084108,1.7273833
-1.6413552,1.3374709,0.06677613,-0.17109817,0.49137554,-1.7022883,0.91525525,-0.8497157,1.4314528,-0.8671298,0.29137424,0.5921299,0.8953069,-0.0071235234,-0.61659104,1.1136879,1.7165039,0.5731946,0.70479095,0.77861136,1.0677435,1.5132399,1.6171359,1.1018716,1.3900884,1.1785603,-0.8200803,0.7294724,0.50519764,0.94985646,-0.5424409,0.5038276,0.5114103,0.78666884,0.46214887,-0.44534314,-0.29803088,-0.63997877,0.5342819,-0.06834394,0.41164947,0.59372157,0.60557413,-0.43639717,0.2528318,0.2601805,0.6126756,0.5724243,0.4288019,0.4692695,0.36964768,0.20803593,0.35805768,0.58704793,0.18460977,-0.79566854,-0.34770527,-0.012419401,0.21713863,0.48803827
-1.3391814,1.0589912,-0.64922535,-0.6213153,0.49182826,-0.84021443,0.9562066,0.16911723,0.97653675,-1.3073722,0.9519895,1.804642,2.1891215,1.648727,-0.53408337,1.0663139,1.0663787,-0.46066308,-0.39200887,1.4677289,1.9188418,1.5649447,1.6448023,1.230705,1.1960921,1.0659493,-1.9188358,0.7871634,0.5025656,-0.27016497,-1.1663197,1.1688886,0.7055015,1.0555431,0.36891064,-0.83892375,-0.17545006,-1.1842698,0.79110944,0.10520713,0.72822106,1.133455,0.8388535,-0.3207614,0.37727228,0.6005667,0.6428248,0.9129281,0.9589471,0.8529573,0.42881158,0.35786796,0.3752712,0.9180777,0.86727446,-0.9137963,0.10242494,0.7278816,0.66150373,0.9407842
-1.582522,1.1576035,-0.23231319,0.38671693,0.49137554,-0.032975603,0.2815937,-1.5788587,1.240029,-0.9376944,0.85181046,1.6550064,1.6600176,1.122708,-0.875709,0.7985284,0.8699731,-0.13750923,0.11649642,1.1800264,1.4635143,1.2348726,1.3833714,1.7889742,1.1509445,0.6851774,-1.1486679,1.10051,0.2397849,-0.4906023,-0.94789445,0.5134052,-0.0072224196,0.77867466,-0.06128108,-0.699056,-0.5720863,-0.77395016,0.74157774,-0.43492493,0.29957747,0.4975951,0.9005726,-0.75553,0.04145832,0.4362625,0.11793266,0.13009346,0.068527654,0.61186683,0.8027175,0.8172462,0.7887309,0.6397428,0.57206184,-0.8518305,-0.63622916,0.48640308,0.122788,0.169276
-1.5110366,0.7061087,1.2231202,-0.34888837,0.49273372,1.5665505,0.7497311,0.2992999,0.6186341,-1.0999396,0.49982598,1.621902,1.9373889,1.6403688,-0.28221267,0.8370522,0.13747379,1.212222,1.6239597,0.76610404,1.801864,1.3842927,1.2946045,0.98505414,0.7591361,0.6926973,0.1625888,0.31076896,0.5145163,1.4449656,-0.83223003,0.64600074,0.8194926,0.79059815,0.4221421,-0.29056424,0.14681868,-0.739107,0.42273256,-0.18827395,0.5326226,0.497911,0.5852728,-0.0035038218,0.41745886,0.4531993,0.4106083,0.91273606,0.92808175,0.7430388,0.4773938,0.3334492,0.3996137,0.74005187,0.41583362,-0.33327082,-0.02562798,0.4686802,0.15752874,1.005864
-0.91901547,1.3219467,1.1442497,0.42920387,0.4940919,-1.1613014,1.4197178,-0.50896364,1.1179076,-0.5315988,0.86501616,1.0564512,1.5582237,2.3816726,0.59974504,1.0081098,1.942368,1.0785652,1.6632715,1.3993322,1.4328532,1.1946076,0.8815797,0.99200016,-1.0727391,1.1573628,1.9938347,-0.7968073,-0.5718971,1.6995165,0.21796267,0.030243732,0.9070941,0.09531133,-0.17590712,-0.0047301594,-0.20843376,-0.08940818,-0.25298,0.057805765,-0.11788432,-0.24721108,0.015945401,0.3243436,0.8883327,-0.43272445,-0.16594924,0.9930932,0.93589914,-0.2954515,-0.27482003,-0.12742783,-0.006905751,-0.17166895,-0.35770997,-0.482348,0.63457495,-0.3335347,-0.4120726,0.9169934
-1.0922462,1.1289734,-0.087196805,-0.35032284,0.49092278,3.425708,1.0049279,-0.52479106,1.0024352,-0.6258837,0.8309496,0.8651492,0.45507252,1.4089972,-0.3242488,0.8193658,0.8817987,-0.25140914,0.23991069,0.5230006,0.7989084,0.04848706,0.607152,0.6502596,0.91859174,1.0298111,-0.950528,0.4107065,0.71811825,0.08337108,-0.18733399,0.12269119,0.35287878,0.79233426,0.1451505,-0.103272185,-0.015259033,-0.36570773,0.34169668,0.41570818,0.18787639,-0.12351274,-0.08245598,-0.5373108,0.9270441,-0.2232831,0.41199592,0.3319182,0.13520484,0.1497659,-0.14155065,-0.14521208,-0.11417291,0.25299832,-0.06615754,-0.46913314,-0.3467646,0.07464939,0.18249069,0.23702319
-1.9983603,1.0530432,-0.66806626,0.25357163,0.49001732,2.1647055,0.01894311,-1.9073439,1.1559799,-0.33039522,1.3918439,2.0111516,1.6089871,1.807614,-0.32676116,1.077719,1.3519524,-0.3352128,-0.45409322,1.4915718,1.4901394,2.0049438,1.6916214,1.4156116,1.3714209,1.1841507,-0.7081277,1.0043786,0.6068466,-0.38581875,-1.1667202,0.95627713,0.5757481,0.94143873,0.33071122,-0.40428144,0.12574607,-0.72456354,0.9091858,0.032654993,0.82262266,0.94283396,0.91892654,0.22645704,0.3084424,0.93404603,0.91194326,0.68997884,0.64693594,1.0634774,0.81872946,0.86163896,0.8124461,1.102494,0.85368097,-0.7008955,-0.40233007,0.78801346,0.5482232,0.6988797
-1.0934061,-0.7795245,-0.38997358,0.6584013,0.49092278,-0.38217846,0.015656367,-1.1898745,1.2683918,-1.5034915,1.5716437,-0.018580167,1.7394944,0.20814502,-0.22023274,0.7232601,1.4415275,0.14205478,-0.71222574,0.7298537,1.5258584,1.5107772,1.923813,1.1487062,0.21818659,0.095224276,-0.36460403,0.37606853,-0.36398914,-0.12466805,-0.2951445,-0.028059999,0.13278846,0.6971412,0.27747506,-0.65766823,0.0012102872,-0.63102037,0.37213424,-0.10495067,0.14314596,-0.23023479,0.23199409,-0.72580683,0.5877819,0.17709228,-0.1839057,0.07566755,-0.08422871,0.39554533,0.30528307,0.26933134,0.2703678,0.14608367,0.17389205,-0.24822687,-0.48240408,0.081443354,0.0052210204,-0.007393476
0.33819923,0.045907147,-1.1775082,0.029158996,-2.5179214,-0.24870208,-1.0178155,-0.06368951,0.68465924,0.04095174,-0.7402243,-1.614463,-0.93994325,-0.20609646,-0.6062985,-0.45694646,-0.7093136,-0.5422534,0.19289061,-0.18548751,-0.08367826,-0.7047443,-0.8954148,-1.6749024,-0.85910356,-0.7368871,0.2645878,-1.3931575,0.0030159198,-0.48699376,-0.48890632,0.45357925,0.5429911,0.8302437,0.22463907,-0.25236845,-0.008448513,-0.14747475,0.53769,-0.4108385,0.46627373,0.052594624,0.7744984,-0.40297616,0.22061852,0.2235573,0.31379706,0.58697504,0.47101748,0.5378845,0.5253679,0.30545273,0.33357474,0.87533045,0.2748615,-0.73333466,-0.45856923,0.3537862,0.0031107115,0.67056996
0.92799675,0.6819086,0.22840649,-1.7990481,0.47100267,1.0598532,-0.43260643,0.8284787,-0.67764074,0.48205963,0.074059635,-1.089641,-0.23618127,0.37507623,1.4969779,-0.90626436,0.45425078,0.6028464,0.94184464,-0.57916385,-0.55172855,0.3613112,-0.73089314,-0.753551,-1.0512637,-1.1144766,1.8170905,-0.6750878,-0.5000295,0.7716959,1.1206514,0.27387908,0.4828986,-0.6686576,-0.19168544,0.8061288,0.62066126,0.88961256,-0.67082006,0.63301027,0.046903722,-0.04023686,-0.07255342,0.9694108,0.192409,-0.3433888,0.10039973,0.59039646,0.7476091,-0.4639444,-0.24556859,-0.27912405,-0.3392314,0.16294889,-0.33991915,-0.27492163,0.9603463,0.35581803,0.31462452,0.7122237
2.9873815,1.1807859,0.20303719,-0.54166937,0.48594275,1.7376208,0.8344723,-0.635909,-0.08782609,0.75810444,0.6841313,0.048931338,0.40441608,0.60673535,-0.43880716,-0.13404372,0.09483908,1.0719707,1.0463723,0.35333854,0.2036409,-0.32717177,-0.049603444,-0.4181119,0.08119126,0.11594796,2.4514737,0.09878409,0.035136998,0.51881534,1.2828707,0.7101945,0.8761265,-0.5036844,0.1992899,1.3183551,1.2111526,0.9295099,-0.55719453,1.3740371,0.56365067,0.57849425,0.17825152,1.3784163,0.5548273,-0.3150715,0.9417375,1.275631,1.313905,-0.35099122,-0.30880928,-0.26959816,-0.3439089,0.7933618,-0.14315708,-0.34290943,1.4425092,0.7609782,0.8205834,1.2584904
4.383913,1.1044596,0.24107684,-1.5012249,0.3736657,1.8701315,-0.35904834,-0.82392526,-0.044722024,0.039343845,-0.5430124,-0.021222105,1.0958834,-0.4255881,-1.4686216,0.1320871,0.36839247,-0.43234184,0.586818,-0.64088947,-0.27991888,-0.79090315,-1.4965783,0.7439517,-0.5144934,0.885509,-0.9924367,0.98352426,0.024622342,0.50328183,0.5895512,0.42361197,0.527894,-0.31337827,0.47138178,1.0639474,1.8241345,0.78188187,-0.53812236,1.0913959,0.4558419,0.45019037,0.5164981,1.163372,0.16816862,-0.11713654,0.8824719,0.7010401,0.5866062,-0.22922191,0.20258142,0.11049793,0.018963512,0.9826046,0.028341392,0.00039681047,0.6413579,0.68478435,0.716299,0.73407733
1.8338512,-0.98401153,0.6819572,0.728343,-2.6315567,4.1370254,-1.0508943,2.3213794,0.40851405,-0.14819558,-0.16113229,-0.7818246,0.73833805,-0.9930965,-0.06280761,-1.3292389,0.7339977,1.2262763,0.63783747,-0.3826851,-0.582753,-0.77783984,-0.98098207,0.26766288,-0.454623,-0.9826893,0.02518474,-0.7805009,-0.99691933,0.19618857,0.7626641,0.74365604,1.5729017,-0.47042465,0.08271375,1.3363072,1.1243012,0.8235376,-0.5625345,1.3425452,0.20575714,0.22948083,0.21505755,1.1199079,0.85281634,-0.28453442,0.6733886,1.6084511,1.6709733,-0.31600925,-0.15585494,0.15740407,0.041939262,0.53482276,-0.14811048,-0.31320643,0.80255055,0.4691086,0.6284209,1.6318051
2.1515517,-1.2485001,-0.18296115,0.105359785,0.3333727,-0.15615618,-0.96739316,0.02879744,-1.0353955,-0.76602334,-1.2840103,-1.2624637,-0.4705747,0.004753866,-0.40515962,-0.94932574,-0.5233817,-0.33169845,0.024056876,-0.68921804,-0.9701972,-0.78588015,-0.79175806,0.29728875,-0.8809514,-0.8397456,-0.7860758,-0.011968699,-1.3979548,0.5379984,0.6493345,0.7135133,0.80015963,-0.61610174,0.23158707,1.4321789,0.33707574,0.6909541,-0.44238767,0.9946359,0.33999002,0.46848375,0.3302861,1.3931044,0.35698038,0.021718565,1.1512698,0.9773769,1.1170264,0.038821347,0.21636145,0.121785216,0.12046435,0.8506353,0.14181715,-0.52609366,0.7955815,0.8011334,0.7457482,1.0446128
1.2333949,-1.1403114,1.5495403,0.6496062,0.4850373,2.3619704,2.0023735,2.0630069,0.14966191,-0.5871242,1.0241065,0.11834218,-0.4132609,0.9981778,1.7294635,-0.9929079,1.8718859,1.2361548,0.79269594,0.6599724,-1.1814339,-0.32841375,0.07720398,0.1395414,-0.5480483,0.16385324,0.89827734,-1.4371052,-0.28423762,1.3994163,0.46195877,1.0170388,1.3189738,0.29601878,0.5328654,0.971008,-0.24145994,0.33622915,0.3911249,1.1659687,0.5951156,0.79658175,-0.027174626,1.3939219,0.56667,-0.062323336,1.1987152,1.5467912,1.548816,0.14240566,-0.27167177,-0.4489556,-0.46131843,1.2052155,-0.07694857,-0.9650772,1.3422123,0.40100667,0.9256347,1.3673701
-0.6931694,1.6325183,1.0807755,0.7693545,0.49318644,1.0180167,1.3610957,-0.7267625,1.1152191,0.7284458,1.2123418,1.3795669,1.5187266,2.4116044,0.4577417,0.521208,1.2781056,2.1173534,1.8357738,1.2293816,0.796092,1.8534927,1.8504094,1.9854505,0.8017298,1.1882801,0.45981583,0.5378529,0.035336524,1.5470852,-0.65789545,1.0732883,1.7934182,0.3719844,0.6505318,0.14296429,-0.06276726,-0.34581107,0.5172203,1.2032901,0.8717245,0.8399954,0.35389274,1.523422,1.0691042,0.32599577,0.84865886,1.9979517,2.078875,0.6174431,0.13666534,0.14027001,0.25661075,1.0700498,0.35888514,-0.5174916,1.1183664,0.40924656,0.88033926,1.8737934
-1.5792063,1.1787614,0.7697039,0.51638293,0.48413184,-0.2483361,1.1075814,-1.9223816,0.8746411,0.43092754,1.1902694,1.5643278,2.3229423,1.3841895,-0.25875998,1.0925922,0.28707948,1.2333376,1.488304,1.4393666,1.7387381,2.2495642,2.0768464,1.5831232,1.4112378,0.971649,-0.38558,0.85068816,0.5791259,1.497685,-1.3238231,0.95688534,0.7310162,0.55699515,0.6370985,-0.74541056,0.1086124,-1.5581557,0.8736081,-0.5331073,0.7550783,1.1497746,1.2752848,0.15626748,-0.58067834,1.3581922,0.69334775,0.8210697,1.0035572,1.2338978,1.3796649,1.6158057,1.5081633,1.1794527,1.0561383,-0.020959381,0.005108486,0.82065415,0.31203607,1.1710109
-0.41829905,1.0720301,0.97332805,0.14428465,0.49137554,1.0482967,1.7922423,-0.6012142,0.98038703,-0.0406531,1.6774292,2.0511262,0.7933362,2.3537264,0.43382934,1.2059084,1.7191279,1.4060413,1.7323811,1.273876,1.4674082,2.4552221,2.3121376,1.9809253,1.0245702,1.188003,-0.06437379,1.1297499,-0.20473656,1.7045141,-1.1633439,1.0085776,1.2376091,0.946805,0.6932172,-0.41370013,-0.04646454,-1.2279608,0.98171127,0.33586693,0.9012026,1.2013566,0.9958582,0.40061572,0.41610032,0.90247214,1.0014056,1.3508414,1.3785298,1.2034627,0.8542171,0.93542737,0.9413597,1.1698222,0.8719046,-0.3802453,0.34275484,0.4152133,0.674374,1.387606
0.4026152,0.9994519,0.2624521,0.5455711,0.49001732,1.9917095,2.1038115,-0.6309372,1.3202409,0.91365606,1.3296483,2.1388364,2.6720433,1.9413569,0.14819218,1.2973025,2.267657,0.21910073,-0.09800076,1.417159,1.8741523,2.593747,2.3673515,1.4039007,1.4846946,1.1734023,-0.7088418,1.1502488,1.7778555,0.3551467,-1.2522457,0.6326719,-0.15030152,0.61424315,0.59019446,-0.41766787,-0.03926067,-0.9936672,1.0858407,-0.6028366,0.46825093,0.7637764,0.7949636,0.14997168,-1.0217962,1.4072883,0.6592821,-0.43755248,-0.13953207,1.1735544,1.0363038,1.1110878,1.0064293,0.8479224,0.9899177,-0.1592946,-0.6203764,0.8693547,0.34329474,0.02941623
-1.4462174,1.3929144,0.57632655,0.09237296,0.49273372,-0.2387049,1.2369462,0.76067346,1.4737902,0.8514169,1.562724,1.4084127,2.143115,2.307395,-0.20395486,1.0943012,1.9278831,1.0094181,1.2854995,1.0901711,1.2745134,2.5126655,2.2837012,1.53862,1.3019826,1.1370088,-0.5512882,0.7805986,2.0027218,1.3613861,-1.3589923,0.85304594,0.9803564,0.38820398,0.6834525,-0.45808995,0.15971074,-1.1244504,0.70958704,-0.059880767,0.8075847,0.90779704,1.4176521,0.3958915,-0.57920367,1.3296915,0.6859731,1.0495065,1.1121396,1.3012291,1.7021377,1.6024048,1.5979822,0.97601295,1.1465054,-0.011765186,0.27399465,0.9424525,0.5751958,1.2563193
-0.25379124,0.9720239,1.3291546,0.122168094,0.49545008,1.8269819,0.9855583,-1.8371093,1.2368329,-0.39315692,1.0261148,1.2977108,1.7738807,2.195892,-0.4365187,1.3296287,2.2859714,1.5995758,1.8049446,1.2076632,1.2139328,1.7514483,1.2671456,1.3310162,1.473087,1.1522068,-0.19643143,0.93298316,0.6533959,1.6999404,-0.61733186,0.99375826,1.638948,0.47007164,0.5421002,0.03932515,0.31414074,-0.7205601,0.55144346,0.39333093,0.63508576,0.9121052,0.6853721,1.444469,0.46422347,0.924579,0.9375504,1.7817574,1.8776104,1.0821474,0.96753216,0.8332242,0.8300586,0.8940654,0.89826775,-0.12473597,0.79795426,0.5299643,0.59438324,1.8382494
-1.606122,1.3526539,0.7301195,0.5405958,0.49092278,0.8773091,0.8288022,-1.406056,1.6124947,-0.7558446,1.3413732,1.9573784,2.1257904,1.679815,-0.95197666,1.2792995,1.4615718,1.0279274,1.4301311,1.4886125,1.837419,2.8126624,2.6561418,1.2524596,1.1530082,0.9999509,0.71368325,0.92339355,0.5057573,1.2995526,-1.631041,1.2681383,1.1294619,0.49931976,0.5020328,-0.30089346,0.517876,-0.7777653,0.8234606,0.0066503286,0.91288453,1.2215843,1.4297885,0.70425606,-0.57680464,1.4699718,1.0389378,1.0582321,1.2584877,1.5123218,1.5753964,1.5999752,1.5833931,1.2268846,1.3426133,-0.081468716,-0.129436,1.2829938,0.80600363,1.361005
-1.9737937,0.95188195,0.8008409,0.01403065,0.49454463,1.1577948,0.57708913,-1.8861344,1.3569705,-0.72677636,0.9035072,1.2984099,2.1684806,2.265284,-0.09072163,1.33405,1.6382493,1.5627395,1.468008,1.3390538,1.975942,1.5594988,1.4660575,1.1549773,1.1805968,0.9134575,-0.15851077,0.79908067,0.3318964,1.3035353,-1.0196561,1.0394208,1.1525636,0.6611636,0.58863854,0.2239506,0.41852444,-0.22164102,0.69766647,0.37800875,0.8287639,1.1191815,0.73320377,0.90717936,0.22211188,0.99985397,1.0404003,1.3229233,1.4174166,1.1133717,0.8796212,1.0090535,0.9304688,0.9817986,0.9923492,-0.08140572,0.5285526,1.0047828,0.67109704,1.3701189
-2.0498128,1.2217714,0.75967276,0.11756452,0.49182826,-0.49802175,1.0086607,-0.47411674,0.9509143,-1.2212658,0.8238033,1.75621,2.4638283,2.343714,0.33534706,1.1236445,1.3011949,1.1309084,1.3411808,1.6075385,2.0001853,2.3329582,2.194933,1.493213,1.2675412,0.98468524,0.3399598,1.2195233,0.7732953,1.2539502,-1.8339496,1.2332605,0.91438675,0.62148476,0.80536544,-0.88469636,0.25817397,-1.3975315,1.0405526,-0.36028436,1.01274,1.478431,1.6853465,0.5233099,-0.93277144,1.649586,1.1836388,0.93586254,1.2591827,1.4821368,1.7169918,1.863041,1.8114607,1.4795471,1.4997784,-0.01876212,-0.063025534,1.3823332,0.6367579,1.403875
-2.1107547,0.65156764,0.7146296,-0.06351248,0.49137554,0.50075644,1.2336777,0.016570378,0.47408307,-0.64558244,1.3479054,1.7407526,1.3516723,2.322951,-1.2142935,1.1982125,1.4306564,1.2048062,1.4281399,1.1751263,1.7250248,1.7377495,1.7279677,1.3448257,1.2295473,0.9308436,0.95846844,0.7211533,0.839001,1.5035034,-0.85334474,1.0295277,0.9737118,0.61306536,0.58889216,0.11716686,0.5547348,-0.07236583,0.73360324,0.13617723,0.8260161,1.065677,0.80367094,1.1389158,0.12890477,1.0329489,0.85740966,1.0548562,1.2268367,1.067733,0.73056,0.9169602,0.8554124,1.0311408,0.9075713,-0.011156015,0.1785538,0.8351137,0.6058187,1.29387
-1.2840337,0.49851874,0.2327542,0.76698434,0.48684824,-1.424101,-0.51454145,0.050050553,1.6274006,-1.3805085,1.2438473,2.2759898,0.8441398,0.9106885,-0.7831338,0.64213395,1.0037742,0.4598466,-0.11593724,1.0247782,1.6252885,1.5767229,1.2346954,1.1774447,1.2145895,0.54593337,-0.5715517,0.0646803,-0.2971747,0.18287122,-0.83557427,1.0316111,0.5187321,1.0205208,0.20400771,-0.7277372,0.062051572,-1.0538961,0.6582778,0.14512178,0.5690896,0.65005195,0.77113086,-0.3644915,0.67540115,0.4319195,0.33299977,0.8820133,0.751708,0.5954897,0.54324603,0.6938889,0.6401182,0.81745535,0.7261536,-0.38258502,-0.119595096,0.702111,0.5985038,0.8108263
-1.6332365,1.3514806,0.08021018,0.91855663,0.49092278,0.5816626,0.36082473,-0.8531038,1.5867416,-1.2530038,0.77917385,0.8738982,1.6280895,1.6206689,-0.88741237,0.85667104,1.0219705,0.53458756,0.26921654,1.2148523,2.0817044,1.7440914,1.7629987,1.036615,0.1726127,0.8405493,-0.68866146,0.40812084,0.70725745,0.088238195,-0.73099643,0.7218524,0.6205498,0.7508012,0.44144186,-0.32818827,0.021221865,-0.6430029,0.43934464,-0.27966174,0.48936749,0.8544184,0.5792326,-0.3238114,0.28693593,0.4881844,0.37586206,0.7326515,0.75170124,0.63998383,0.43974304,0.50511426,0.53645587,0.6530411,0.46324375,-0.6096474,-0.15049529,0.6328357,0.1431896,0.85840344
0.026898256,1.303579,0.20486397,0.43714482,0.49273372,2.5151987,1.598204,2.0069206,0.99597067,-0.9743642,1.351483,1.6994604,0.69423914,2.2609003,-0.20851846,0.9578003,1.0924087,0.7008701,0.52744097,1.2103128,1.2909739,2.2705953,2.2479224,1.4314063,1.3219899,1.5693606,-0.7305176,1.4799653,0.6839006,0.23966642,-0.9855708,0.67683136,0.19124213,0.819532,0.2444816,-0.42913035,-0.016437164,-0.7964554,0.5624807,-0.32333827,0.28719944,0.49387047,0.8574733,-0.43868503,0.13717422,0.40665036,0.42302248,0.31054392,0.27690095,0.5469069,0.6767281,0.66673285,0.5831887,0.62562793,0.49187037,-0.5516154,-0.61148375,0.60965,0.12909974,0.42045113
-0.92262036,1.4047445,0.89996994,0.39765698,0.49273372,1.3899804,1.1721607,-0.12765203,1.5462058,-1.1836911,1.1018816,2.2189214,1.7738788,1.7397588,-0.1171297,0.84068483,1.6151376,0.7687256,1.2086384,1.2026829,1.3007667,1.8704778,1.737304,1.1723323,1.4053708,1.1475235,-0.271194,1.0921327,0.7890167,1.1786364,-1.2641125,0.88685817,0.656883,1.1046648,0.18928616,-0.8873324,-0.54039013,-1.2814603,0.9032724,-0.058888238,0.63025326,1.0690879,0.47275358,-0.015695382,0.38433707,0.60963994,0.6291454,0.85126674,0.8725906,0.7629484,0.35782096,0.43688017,0.4668859,0.7648722,0.52846014,-0.84366745,0.44594008,0.43503097,0.2099969,0.8241763
-0.8876064,0.9831747,0.89362794,0.31959444,0.49137554,0.32088205,1.0904465,-1.6610886,1.1063542,-0.79036564,1.1128465,1.410987,1.2289131,1.4173914,0.8552121,1.0751817,1.7555937,1.3757722,1.4766452,1.5498449,1.2822238,1.5541525,1.2716311,0.7251512,1.0134922,0.87379175,-0.73666173,0.43275744,0.3479461,1.3602927,-0.98562074,0.9688472,1.2548965,0.5385504,0.65119743,-0.4697037,0.20647013,-0.88035,0.45376846,-0.009634676,0.5738424,1.0014691,0.76903963,0.9411064,0.5630013,0.8340341,0.8852336,1.4219575,1.5938243,1.1266928,0.8577261,0.850271,0.88903624,0.9684061,0.6659157,-0.20743875,1.3383136,0.37705547,0.27007464,1.5606267
-1.5892699,0.92046136,0.8822296,0.40635306,0.4895646,-0.867513,0.54271597,-0.9109597,1.3685904,-1.0270208,1.1643678,2.2681293,1.7935566,1.332885,-0.24816425,1.2023466,1.1537365,0.9428346,1.2736077,1.0247247,1.5660752,2.1609416,2.1778374,0.8951906,1.2595501,1.2080704,-0.8531401,0.93581104,0.86414725,0.9471706,-0.80770457,0.8050951,0.6428746,0.6908644,0.2692924,-0.64022064,-0.18138362,-1.2197533,0.50933444,-0.19623841,0.5156359,1.0206835,0.92282313,-0.33647665,0.26444858,0.7702113,0.76831096,0.8794837,0.853744,1.0583109,1.1426318,1.0799849,1.2321509,0.79413897,0.6535541,-0.6316839,-0.0011011623,0.5723532,0.31269947,0.88001615
-1.7858019,1.6441153,0.270832,0.65388066,0.492281,0.92120796,0.41141728,-0.75724983,1.6282904,-0.6318616,1.07788,1.7087201,2.3335981,0.77098686,-0.8325017,0.9802918,0.8319536,-0.038387675,0.31805524,1.213481,2.1807582,1.922183,2.101202,1.3470614,0.68710536,0.7407801,-1.5439311,0.9943827,0.3060447,0.076261245,-1.029767,0.7411644,0.2934218,1.2822524,0.38545945,-0.23724405,0.5561978,-0.59479517,0.9617245,0.2161383,0.8949487,1.3004236,0.62478006,-0.29696584,0.31003913,0.5972963,0.75238866,0.622446,0.44817445,0.90447444,0.51179093,0.2876145,0.32195175,1.1201606,0.8913048,-0.28563574,-0.5048203,1.0237147,0.7389828,0.5181997
-1.6597009,0.95612943,-0.13961485,0.43203273,0.49363917,0.18891111,0.6476207,-1.1916113,0.8821776,-0.73332286,1.2112488,2.0391045,1.6121883,1.6174948,0.1505007,1.1381586,1.1634876,0.0016618271,-0.13742206,1.172654,1.2513034,2.1560152,2.163576,1.6127416,0.7781016,0.3245198,-1.3428874,0.82464164,0.26765823,0.029384343,-1.125791,1.0694832,0.54312515,0.84465975,0.4034798,-0.4179372,0.1716053,-0.7890737,0.812651,-0.1316379,0.6824231,0.8977428,0.6194515,0.10044247,0.019186985,0.76430345,0.4203778,0.6002326,0.77957916,0.8998737,0.5384037,0.6859151,0.646623,0.7593233,0.93040234,-0.504342,0.027155839,0.6866037,0.42263043,0.7392774
-1.0439366,1.4728096,-0.43766043,0.6290276,0.49499735,-0.8673153,-0.19019231,1.9843739,1.287195,-0.8649701,1.4706795,1.6468451,1.9461168,0.9908403,-0.5473167,1.1250501,1.1330553,0.12881164,0.07233385,1.397535,1.5811522,1.3472615,1.5016441,0.83095115,1.6701134,0.5531124,-0.8813828,0.5905202,0.39428523,0.045073975,-0.79874504,0.91432387,0.40925217,0.86684906,0.16209023,-0.4597986,-0.18136914,-0.6510337,0.7377505,-0.07548249,0.5005796,0.7421377,0.65561104,-0.28939444,0.17784971,0.5084651,0.3520139,0.45246223,0.4521313,0.80790275,0.5257928,0.6246414,0.6714315,0.71061623,0.5939295,-0.6874039,-0.12311047,0.49862537,0.42638087,0.50990915
-1.616156,0.9591811,-0.5606671,0.44413453,0.492281,0.33466443,0.732057,-0.8238434,1.6453152,-1.2889796,1.2534262,1.2303145,1.7738605,1.0340481,0.934696,0.8952859,0.9945609,0.2707006,0.25297773,0.7137676,1.5108373,1.946597,2.1345818,1.2664433,1.0402242,0.88173014,-1.4449621,0.46742862,-0.57338035,0.29771438,-0.67375374,0.5763241,0.37284994,0.9874686,0.13435444,-0.5399962,-0.077827364,-0.70095104,0.5876334,-0.040582407,0.4727158,0.5389092,0.46062526,-0.5518121,0.60317624,0.21092173,0.26873973,0.6059105,0.49307433,0.572459,0.32794616,0.24473104,0.28626436,0.5396074,0.43784592,-0.6590138,-0.3296026,0.45237422,0.25893748,0.5154881
-1.8198577,1.58831,0.16201356,0.45540622,0.49182826,2.2567604,1.0328292,0.44886988,1.1356554,-1.3162401,1.3478906,2.010023,2.220567,1.2560933,-1.2353618,0.9175831,1.270118,0.09287771,0.13787217,1.3985978,2.204192,2.1140614,1.5441123,1.270107,0.8813193,1.0168802,-0.6614779,1.1746274,0.672092,0.027270412,-0.92688406,0.7315477,0.063930646,0.79407346,0.14536288,-0.47028413,0.06726236,-0.82798785,0.72348547,-0.53153414,0.44762617,0.6682691,0.79721004,-0.18122327,-0.046594188,0.6203334,0.21975389,0.14517038,0.17908762,0.8021292,0.7626258,0.73773247,0.7760159,0.70909256,0.6265718,-0.66262436,-0.68882084,0.69949067,0.18362269,0.21453707
-1.1946243,0.61590093,-0.7977701,0.15555228,0.48911187,-0.13556245,0.22034305,-1.2688015,0.14454564,-1.3867751,0.98596966,1.1031293,1.6418782,-0.061646484,-0.44969365,0.8032728,1.1615688,-0.19312806,-0.5208244,0.99772245,1.2683831,2.3586063,2.3436592,0.7732893,1.8816032,0.18170953,-0.6891212,1.0858835,-0.7227481,-0.29356658,-0.8257867,0.3261179,-0.16610467,0.96209306,0.35710973,-0.84069747,0.21840541,-0.9403968,0.6589339,-0.539489,0.65189886,0.45653456,0.73286575,-0.85755473,0.014085505,0.575187,-0.0889569,-0.083226785,-0.25561282,0.7439242,0.6398123,0.46856967,0.4530726,0.8229187,0.584377,-0.35419464,-0.789331,0.9416983,0.27980378,0.018295094
4.109418,0.17050286,0.891085,0.7790721,0.11244043,1.320145,-0.16536567,1.1877764,-0.538504,0.43575132,0.8107698,0.44876602,-1.1338935,0.38037768,0.61277175,-0.87878585,0.3182271,0.82601696,0.57863337,-0.81220335,-0.6650218,0.6492208,1.2784204,-1.8099388,-0.47906992,-0.31287518,0.85314864,0.22019728,-0.8134437,0.67540944,0.8305948,0.0111887865,0.23327209,-0.45439163,-0.040879056,0.8659252,0.81733316,0.6989354,-0.55257565,0.47858158,-0.17243937,-0.5444187,-0.03741328,0.47388753,0.40791878,-0.4521599,-0.04240527,0.2668894,0.22535098,-0.52416855,-0.23487808,-0.22294664,-0.25343755,-0.122661225,-0.50005084,-0.23711218,-0.053801365,0.0046248846,0.14193681,0.22741304
5.239626,1.7634956,-0.8212713,-0.3281525,0.46194807,1.0141875,0.9374148,1.8136355,-0.1501762,0.020014962,1.0200672,0.03535719,-0.6661298,0.102152936,-0.0450161,-1.2147605,0.024702149,0.385679,1.2479035,0.7253215,-0.076908745,-0.86386955,-0.68855536,-0.43980473,-0.039689537,-0.9491173,2.166732,1.1262044,1.2103572,1.1275748,-0.02538482,0.58851045,0.7225143,-0.12943445,0.33952427,0.9219993,1.2345383,0.6320505,-0.5410876,0.31433418,0.36221308,0.40745166,0.868251,0.8837971,-0.23565345,0.27472666,0.33145496,0.75218105,0.8922581,0.32120115,0.5912369,0.7544003,0.5827502,0.8853493,0.20523417,0.061221153,1.1819988,0.62626785,0.50743246,0.9868158
5.325845,0.89102155,0.9072361,0.91622156,0.47688815,1.1472567,-1.2804935,1.673422,-1.1894177,-0.07990097,0.77323294,0.3943188,1.9243199,0.13386399,0.77927315,-0.41398585,-1.9274975,0.03610777,0.5569078,-0.47440755,-0.0121835815,-0.89562553,-1.217991,-0.5283322,-0.10111133,-1.2508806,-0.42179838,-0.29157332,0.02936589,0.4222147,0.6343398,0.4858001,0.6105298,-0.3845791,-0.082472965,1.0125437,1.0114708,1.0149801,-0.6698221,0.94434094,0.3182968,0.19528303,0.42231187,0.82539123,0.41923285,-0.20177062,0.5796853,0.76772225,0.7704165,-0.29610768,-0.0055536656,-0.06513118,-0.09893639,0.49660486,-0.21395698,-0.563936,0.58235747,0.64222133,0.67671806,0.7128769
1.6394516,-0.23988001,0.9612239,-0.028911931,0.49318644,-0.17341237,-0.9750886,0.0077618742,-0.24541485,-0.20873316,-1.2724552,0.58525527,-0.48612237,-0.35396004,0.3119988,-0.7527187,-1.5153004,-0.051433954,0.4705636,-0.7981099,-0.8733807,-0.80832964,-0.81790465,-0.40949875,-1.466296,-0.6354047,-0.19206345,-0.59570813,-0.6168315,0.10113703,0.70503825,0.8934958,1.2972647,-0.2708855,0.43876258,1.1878985,0.5376001,0.6499585,-0.33368495,1.0471739,0.5136779,0.72965294,0.4529134,1.4779506,0.39812148,-0.03642488,1.0316073,1.417114,1.4090235,-0.062155165,0.22782084,-0.052789263,-0.17045063,1.0826725,-0.0059480667,-0.50384694,1.1276498,0.5567281,0.8609946,1.3668491
1.4888208,-0.7692608,1.3789326,0.08286428,0.29217428,1.1644092,1.375826,0.44028723,-1.0559801,-0.18771812,-1.2562929,-0.33275226,0.76820576,0.015927708,-0.15357511,-0.93795884,-0.85868526,0.31980467,0.7127505,-0.35471544,-0.090725414,-0.79886496,-0.80442464,-0.8113525,-1.4542634,-0.83050734,-0.80175817,0.5019686,0.045086596,0.63059646,0.516218,0.5141346,0.96081144,-0.14184985,0.27882248,0.7342984,0.40933684,0.44569522,-0.31179342,0.8889436,0.35810262,0.16404484,-0.06702528,1.151106,0.8524374,-0.073672876,0.40092131,1.1267798,1.2008985,0.091170095,0.06570248,-0.19731666,-0.15307343,0.52760166,-0.10307452,-0.3651436,0.8623337,0.38988164,0.481207,1.193508
-0.24517621,-0.20166829,1.4855934,0.5031603,0.45696804,3.0782156,2.2466419,1.4018828,0.8520447,0.5390684,-0.019416407,0.1153671,-0.89665556,2.6664586,1.1802937,-0.14954436,0.3135324,1.3716875,1.5882764,0.41922927,-0.203202,-0.8443943,-1.1378083,-1.1752937,-0.56769955,0.9164958,-0.51785827,-0.33458546,0.14890318,1.442312,-0.34803078,0.6588416,1.2760338,0.82077366,0.25631285,0.14855643,-0.34910735,-0.048492372,0.77614,0.8775004,0.5949779,0.74721164,0.48598522,1.0125351,0.8198451,0.22496971,1.0125719,1.4146171,1.5247629,0.6445034,0.4462489,0.2816292,0.4417318,0.9639074,0.33096856,-0.7549657,0.6872915,0.40451163,0.6555668,1.3581978
-0.4308087,0.8332101,0.96285117,0.27131104,0.48594275,1.0343597,0.8479198,-0.23322107,0.9605973,0.6122609,1.9144853,0.81130004,1.1563876,1.9323367,0.9323729,0.7738526,1.1364673,1.6609819,1.4343547,1.3772665,0.99030983,1.1872603,1.1025267,1.5857171,1.1884065,1.1807841,0.4848508,-0.26169655,1.5288409,1.409661,-0.6052146,0.52151483,0.8908412,1.0240293,0.43474665,0.30292794,0.37627867,0.15968083,0.8716008,1.3073345,0.68850285,0.5933812,0.38228,0.4320428,0.811702,0.201711,0.62099165,0.9393792,0.85367703,0.66762036,0.14304744,0.102789626,0.08350538,0.79096866,0.435983,-0.20307603,-0.15643738,0.5460232,1.0325699,0.9221107
-1.726758,1.3545587,0.88256997,0.46715513,0.49273372,2.3576267,2.6012084,1.2407173,1.1148548,0.18792266,1.3776699,1.2137603,0.2363366,2.0153499,-0.016331498,1.1709503,1.8834127,1.671405,2.012253,1.3448796,1.233156,2.1487212,2.038815,1.0134845,0.17852034,1.355889,-0.19511703,1.6087435,0.56848776,1.733366,-1.0973488,1.2950516,1.1360568,0.6884478,0.6336416,0.20115449,0.28184846,-0.62633413,1.0316033,0.9398969,1.0125014,1.1797308,0.98417616,1.5041373,0.52278584,0.9480951,1.3065277,1.389584,1.6027818,1.1644416,1.1135236,1.0733287,1.110631,1.1930326,1.0059696,-0.096330956,0.38204512,0.9852531,1.1179042,1.6123247
1.8303145,0.73195034,0.873134,0.47812912,0.49363917,1.7688029,2.334006,2.4016776,0.8714468,0.90477926,1.1676503,2.0695362,1.9548163,2.3368375,0.6738894,1.0342716,2.2732954,1.6401837,1.9231006,1.4355301,1.5275797,2.0319905,1.6287581,1.5072131,1.1702129,1.5411634,0.39855018,0.89705145,0.62735003,1.7287003,-0.9858309,1.1588329,1.9710901,0.33617297,0.76328504,0.4342578,0.554004,-0.68228626,0.6590946,0.7313145,1.1151311,1.1997741,0.91320854,1.9786294,0.6797747,1.0309125,1.2630236,2.0163577,2.191457,1.094399,0.83564985,1.0000454,0.9526721,1.3252499,0.87305796,0.152453,1.2131366,0.80366415,0.95470965,2.122429
-0.74992955,1.0884186,0.4665156,0.36091983,0.48911187,0.8067058,1.7891622,-0.3670064,1.1356124,-0.36031327,1.2206672,1.9095427,1.9989802,2.086037,-0.08960562,1.2439716,1.50134,1.2969664,1.3408123,1.3522339,1.8985796,2.500112,2.4105515,1.6133696,1.4909159,1.3752255,-0.27295622,1.40077,0.94975793,1.2357306,-1.5918169,0.87464,0.71673256,0.41944477,0.69789344,-0.43619418,-0.19620067,-1.3009555,0.64823,-0.22442941,0.6951181,1.0140635,1.6358309,0.1680508,-0.86159927,1.3147297,0.9852524,0.72630113,0.8967948,1.1602246,1.645207,1.6859051,1.7523649,1.2736814,1.1359283,-0.35614127,-0.22179538,0.8997383,0.5030142,1.0750008
-0.9527795,0.97758013,0.36907887,0.36357868,0.49137554,2.390362,1.7909238,0.17320344,1.3324976,0.42913324,1.1242087,1.4991269,1.861987,1.7581985,0.39584374,1.3196653,1.2066061,0.7604714,1.1436992,1.3934449,1.8236855,2.6672497,2.5374947,1.6609923,1.0877386,1.1479349,-1.3504063,1.6477696,1.0502002,1.2383952,-1.1472385,1.1122613,1.3490789,0.72134125,0.4801996,-0.24173974,0.45057696,-1.0006012,0.69045776,0.36916253,1.04177,1.1092591,1.2770368,0.7161228,-0.012817667,1.0562787,0.91357225,1.4798564,1.5211128,1.2623891,1.4086885,1.6496319,1.5845466,1.198759,1.1248152,0.07354125,0.1686931,0.6794164,0.8884858,1.5373585
-2.0333648,1.2992872,0.7315364,-0.0235225,0.49047005,-1.3269757,1.1676844,-1.9332471,1.3641876,-0.44978103,0.9780158,1.4917896,1.7508023,1.7239289,0.53428084,1.2471415,1.9556102,1.090412,1.0799255,1.3293821,1.5491266,2.6776128,2.6604111,1.3284396,1.6744508,1.0001639,-0.7059132,0.7572374,1.0931741,0.7650096,-1.2252736,1.1439804,1.3172703,0.46302927,0.66658217,0.071943015,0.7125575,-0.48320904,0.8605617,0.45765695,1.0838008,1.359419,1.5160474,0.95955116,-0.34210956,1.4450715,1.3630065,1.3425466,1.4456345,1.5184938,1.7233131,1.8199936,1.7180505,1.3233569,1.3748187,0.17342876,0.023318356,1.3252023,1.0600322,1.5333148
-1.2430563,0.6689641,-0.5274245,0.17953978,0.48820642,-1.3405182,0.9595776,-1.9368979,1.3750861,-1.699011,1.0979168,1.3048925,1.78539,1.2614443,-0.33386216,1.340334,1.6538037,0.38804743,0.44140834,1.5180644,1.9653045,2.301677,2.4532042,1.5803386,1.5419446,1.0998673,-0.9369432,1.2600454,0.8757888,0.71577805,-1.2599434,0.95968693,1.0290505,0.3490274,0.55948013,-0.6054324,0.2203285,-1.2279449,0.74559736,0.096437946,0.9098987,1.1080537,1.5107399,0.47217727,-0.5298178,1.3398371,1.1035006,0.9794163,1.0597103,1.3727629,1.625885,1.7972344,1.7229886,1.157128,1.197218,-0.059685558,-0.3488517,0.92524785,0.7414317,1.2220094
-2.0616217,1.6875873,0.552168,-0.40859172,0.48684824,-1.9967426,-0.0155189615,-0.9086475,1.2015821,-1.4095025,0.70912915,1.5278407,2.7506306,1.1780766,-1.638689,1.4949229,1.1049168,0.64094293,0.9043124,1.4050684,2.2527435,2.3986688,2.2214332,1.526697,0.8934567,0.7823384,-1.814202,1.3474932,-0.017193051,0.6438812,-1.7927152,1.1643382,0.73262286,0.30352217,0.7086756,-0.94679374,0.09991515,-1.1446569,0.92191225,-0.44196472,0.82160926,1.185338,2.0530746,0.0086298175,-1.3376613,1.7260721,1.0571084,0.69309896,0.8619695,1.5519273,2.16394,2.353332,2.2669709,1.3063352,1.61217,-0.29221267,-0.07200687,1.3443247,0.7137535,1.0496513
-2.010169,0.6160141,0.7009898,-0.10668798,0.49137554,-0.12645076,1.6454545,-1.0858626,1.2503017,-0.7452495,0.98105526,1.3641487,2.4871314,2.0305307,-0.30574125,1.1103017,1.3017831,0.9290828,1.1928926,1.3151417,2.167792,2.163038,2.1634855,1.646524,1.6345383,1.0329144,0.40050066,1.4050972,1.021058,1.1348124,-1.4167004,1.1062919,0.9834099,0.37187344,0.6570069,-0.7507798,0.44276994,-1.2867016,0.8578151,-0.05107472,0.9068348,1.3854198,1.5261334,0.91076076,-0.6172211,1.4849507,1.2287377,0.9744283,1.0647273,1.4915788,1.5613841,1.7433473,1.6115847,1.3855695,1.3682257,-0.14335424,-0.26190633,1.21295,0.608347,1.256232
-2.010169,1.5270274,0.65466326,0.1311293,0.49137554,1.8331606,1.2087702,-1.914037,1.1260794,-0.9424454,1.1682901,1.5209523,1.9942863,2.0553472,-0.4172898,1.2790436,1.4089278,1.097115,1.365249,1.5040859,2.3366802,2.3085768,2.4621463,1.6927088,1.1520069,0.85545516,-0.23954995,0.8559673,0.3696827,1.3338964,-1.0019162,1.0589606,1.1626185,0.49504703,0.58766514,-0.2479182,0.30451617,-0.90420365,0.6282306,-0.10156073,0.72358304,0.94370556,1.4551973,0.7041826,0.10820685,1.0719408,0.94800013,1.2883517,1.3220063,1.1624163,1.3195083,1.4460545,1.4414228,1.0150853,0.9182197,-0.1304645,-0.106427714,0.5851662,0.3959263,1.4437495
-1.2432301,0.981928,0.6222657,0.6228098,0.49182826,-0.28045148,0.8059535,-0.8121995,0.86490047,-0.91601354,0.62862206,0.18735677,1.8921653,1.6837821,-0.056967154,0.98160946,1.4144439,0.90847933,1.1510742,1.2809955,1.647269,1.546324,1.1782838,0.87718844,0.5350091,0.52320814,0.35879332,-0.08528331,0.078896925,1.3913279,-1.1729202,0.4214394,0.6167811,0.8373868,0.44770384,-0.69419855,-0.3943443,-1.0703815,0.6032162,-1.203845,0.26711023,0.39856395,1.755892,-0.60222095,-0.6870078,0.7565127,0.5149882,0.3290161,0.48849684,0.9414758,1.3869537,1.3871893,1.418247,0.8854111,0.6169095,-1.2426059,-0.6316761,0.45355055,-0.33048248,0.82521707
-0.9282938,0.032518286,-0.16294865,0.42234632,0.49092278,0.9344342,-0.40580726,0.029332675,1.6372833,-1.0077513,-0.35439578,1.3021059,2.2552197,1.3484038,-0.085386135,1.078042,0.83094275,0.39469287,0.042868793,0.9142614,1.4993818,1.2453213,1.0221336,0.9313581,1.4443027,0.6203901,-0.8840772,0.6101708,-0.33257192,-0.20599979,-0.4246511,0.7552833,0.6935678,0.3996943,0.22184062,-0.33705303,-0.11645882,-0.5518648,0.3122788,-0.80669624,0.009266045,0.38037392,0.40701294,0.06506881,0.027071819,0.25615796,0.14520882,0.684677,0.8945705,0.45733437,0.38376704,0.31322855,0.43833557,0.19971882,0.10850372,-0.7501001,0.5193962,0.07245353,-0.37220785,0.8899077
-1.4136142,1.6454874,-0.28158718,0.3248837,0.49092278,-0.3888108,0.5362127,-0.50505763,1.1175804,-1.5300844,0.6627805,1.3187592,0.9112516,0.43355742,-0.8935768,1.318966,0.49526453,0.06048013,0.2197943,1.3034791,1.2700471,2.4113874,2.4814892,1.1243763,0.9916388,0.7903342,-0.49374223,0.86493254,0.17979477,0.19836806,-0.9380897,0.7120889,0.73262197,0.614443,0.34617582,-0.70455825,-0.09499712,-0.8420079,0.651772,-0.32631323,0.4181198,0.6078263,1.282246,-0.5660442,-0.122955784,0.6528391,0.95243126,0.74963415,0.67218924,0.7941403,0.9844448,0.9963111,1.0878206,1.0539118,0.60604763,-0.8481836,-0.107856855,0.54911476,0.069805436,0.91910845
-1.2239354,2.0764349,-0.41644093,-0.052195232,0.48820642,-1.3832138,-0.038636945,-1.2948786,0.9437612,-1.8334237,-0.16176455,2.1513357,0.775233,0.39778274,-0.05632822,1.2653913,1.1257771,0.5276586,0.2573984,1.2303226,1.6306027,1.6217769,1.6855127,1.3622981,0.9093922,0.76552635,-1.0831016,0.3862071,0.039613996,0.029625732,-0.6476596,0.6459478,0.73440963,0.76116484,0.29649663,-0.67417175,-0.28793633,-0.80116266,0.4832743,-0.2870314,0.40847296,0.3979654,0.9566816,-0.546392,0.18685642,0.41808036,0.748991,0.6431072,0.63595146,0.5493902,0.72030187,0.663795,0.72300947,0.66228294,0.27419353,-0.8261795,-0.034675308,0.31688696,0.21835826,0.75375295
-1.6451508,1.0120373,0.19889769,0.38330662,0.49001732,-0.7181391,0.663774,-1.625276,1.150018,-1.2073382,1.0890316,1.1619037,1.741173,1.8291936,-0.3695919,0.8411523,1.0012267,0.1996502,0.63599813,1.1326817,1.7979369,1.1941311,0.75145435,1.0053804,1.4238046,0.8760117,-0.73900145,1.1497265,0.4608182,0.8140503,-0.8363064,1.1564684,0.9032428,0.77029777,0.578437,-0.25759187,0.088723294,-0.81263775,0.5613664,-0.5367286,0.49880576,0.84732944,0.7240386,0.1450065,0.18928528,0.76693827,0.53725564,0.9245997,1.1170785,0.96046346,0.59443724,0.563339,0.6966491,0.79811347,0.6963881,-0.5244165,0.13395055,0.48901516,0.00036994368,1.153468
-1.9495435,1.3176564,0.5863521,0.14119364,0.49318644,0.79075843,-0.69273347,-0.82898706,1.0772499,-1.3169693,0.7691714,1.7541224,1.9018428,1.2015381,-0.78773636,0.92335194,1.2866716,0.67782205,0.9021081,1.0237937,1.6290747,2.256256,2.2983344,0.9337913,1.1317887,1.0025897,-1.5222821,0.5128464,0.37749726,0.7405701,-1.4482859,0.9212905,0.47536123,0.5352898,0.6750967,-0.9093979,-0.21070781,-1.4480312,0.7841934,-0.7957262,0.7580102,1.1055721,1.8007797,-0.6274001,-0.8907093,1.3790469,1.135857,0.3932844,0.51514965,1.366374,1.6052928,1.6710238,1.6702626,1.1760266,1.351504,-0.7952056,-0.6302999,1.0294691,0.22574179,0.75067204
-1.9043117,0.23254044,-0.23307166,0.32223296,0.49137554,-0.29258385,-0.09001074,-0.50972855,1.4812014,-0.975698,1.0769976,1.6639937,2.0909288,0.92155206,-1.4254899,0.84689486,1.7209343,-0.110170625,-0.26379883,1.2211521,1.7350744,1.8073199,1.8922497,1.0858905,1.1674871,0.8903205,-1.4757978,1.2053332,0.5012453,0.16983421,-1.5271193,1.1166928,0.47414964,0.69284064,0.6066588,-1.0649245,-0.047770463,-1.5357169,0.9244102,-0.3867711,0.96244335,1.4724169,0.92338794,-0.21276335,-0.34874034,1.335914,0.6066676,0.7439972,0.78531015,1.2112982,1.1086334,1.1397587,1.0614196,1.2016054,1.2284188,-0.24044544,-0.6559941,0.9189331,0.42515373,0.9536755
-1.0027243,0.71947086,0.38188925,0.8133939,0.49363917,2.0955317,-0.41765356,-1.8445848,1.639241,-1.6815732,1.2584656,1.2740036,1.7211949,1.886296,-1.443108,1.0916718,1.4196903,0.7590151,0.62426096,1.2214206,1.3210196,2.488598,2.3127959,0.9474888,1.2618879,0.9312694,-0.5081742,0.33505157,-0.1874073,0.29356235,-1.4375414,0.81210756,-0.046923265,0.74452776,0.6302809,-1.0097911,-0.48735183,-1.3621953,0.96727395,-0.8496978,0.61526614,1.0371451,1.495235,-0.7270762,-0.89274144,1.2204994,0.8027376,-0.026053503,-0.006993782,1.1254702,1.345275,1.56833,1.5133324,1.036285,1.1291175,-0.7659799,-0.7729051,0.77814925,0.18453339,0.17089166
-1.0845484,1.3928612,0.7290587,0.68082905,0.49047005,-0.8982396,0.6560712,-1.8467579,1.159177,-0.27492118,1.3858443,1.3589247,1.4832761,1.6059707,-1.0784692,0.70522827,1.5118605,0.71756434,1.055205,1.2516977,1.851418,2.1334174,2.0409267,0.9699932,0.8720498,0.8059372,-0.36782342,1.5073793,0.7340991,1.1888007,-1.9545085,1.046123,0.3425371,0.5040354,0.58739483,-0.97587913,-0.12540714,-1.5724298,0.8110472,-0.953421,0.843855,1.4155372,1.5500699,-0.19741382,-1.060796,1.5183831,0.73199725,0.32306704,0.566202,1.3218077,1.5505985,1.4520379,1.3893106,1.4026337,1.3101372,-0.5536081,-0.33825165,1.3361993,0.4608528,0.7427418
-1.3791367,1.4982244,0.95943826,0.16456866,0.49092278,0.4518486,0.6821409,-1.4186581,0.6354471,-1.4269674,1.302762,2.0039935,2.3938487,1.4648107,-0.74529564,0.9428022,0.7663172,1.391557,1.3381026,1.425581,1.8141425,1.8273265,1.5908394,0.688732,1.281027,1.0635091,-1.3686033,0.9904653,0.9317574,1.2829356,-0.7580492,0.5048759,0.9293345,0.40365735,-0.008755358,-0.7254038,-0.47496897,-0.8024008,0.20581208,-0.5481045,-0.02080813,0.115236446,0.7770965,-0.04375354,0.48013753,0.16829054,0.17480627,1.0672843,1.1537201,0.48684928,0.7157902,0.57010436,0.6564345,0.44793195,0.06912632,-1.0473502,0.20023908,0.10205217,-0.45958328,1.1137397
5.8719487,-1.0483897,0.33600464,0.8239588,0.10610221,-0.854537,0.9388154,0.016439145,-0.47425154,0.60575765,0.9800794,0.20426676,-0.102949806,0.9445549,-1.2902191,-0.68260556,-0.41957545,0.4149426,-0.0069237254,-0.7718232,0.7355474,-0.663005,-1.1547745,-1.1155455,0.7099847,-0.09893208,-0.10060243,-0.82383704,0.9094704,0.20536111,0.4787737,-0.0062063523,0.22100799,-0.43835756,-0.100450724,0.8516508,0.9829425,0.3901945,-0.4574659,0.2905254,-0.2778744,-0.33878958,0.3452391,0.121059254,0.058881257,-0.23507959,0.27318466,0.074205205,0.14452033,-0.29382315,0.2562976,0.18146813,0.18200299,0.1264182,-0.10510476,-0.2944338,-0.37192845,0.07794283,0.13557425,0.2503347
5.0256853,0.42041665,0.74302363,0.2351027,0.37004384,3.1765518,0.46098492,0.580384,-0.1714358,0.5494611,1.6359581,-0.14583719,0.75927234,1.215298,-1.6390392,-0.23884034,0.91189414,0.11188058,0.02232064,0.56666726,-0.31133768,-0.3809799,-0.1999972,-0.20330097,-0.9039824,0.8698972,-0.59400004,1.6214839,0.6610489,-0.048897285,0.06953074,0.0819737,-0.019625986,0.19993854,0.17445245,0.7396889,0.8203994,0.49149904,0.07115648,0.8405393,0.11888677,0.21995282,0.69443965,-0.06853217,0.16382374,-0.026895005,0.8071023,-0.09754746,-0.14555125,-0.089921474,0.419204,0.31827906,0.21710455,0.89448714,0.13056612,-0.8954413,-0.6043324,0.6478136,0.7560218,-0.0022311127
4.6781588,0.9046941,-0.67148864,-1.2398046,0.47190812,0.5627534,0.20313662,-0.5427267,-1.6025008,0.3081336,0.9107747,-0.109252624,0.12573352,0.22025281,0.6843108,-0.99864906,0.6666943,0.25649992,0.9883033,-0.8928433,-0.0013921752,0.013646831,0.12347097,-1.0956266,0.23466985,-0.27204758,1.5466243,-0.33880123,0.68071985,0.2095771,1.1495599,0.3754853,0.362593,-0.316232,-0.22520365,0.6526149,0.21183147,0.5827651,-0.4883717,0.90636176,0.15572561,0.22181451,0.44025928,0.70268714,0.33354738,-0.52407014,0.7072768,0.55929816,0.70137036,-0.5325917,-0.1982691,-0.28752,-0.40297174,0.5199441,-0.49636564,-0.99946356,0.54000956,0.27825156,0.42637238,0.6653923
1.7909565,-0.59839016,0.4062374,0.58317506,0.49092278,-0.38697138,-0.27590632,-0.23153941,-0.28120917,0.04732131,-0.3728168,-1.0171976,-1.2287484,0.17277601,0.8417147,-0.47568962,-0.89351594,0.51773864,0.30334336,-0.43780988,-0.34663755,-0.5920114,-1.0954074,-1.2305973,-0.6724293,1.0710052,2.1257346,0.0067868847,-1.5907526,0.63916296,0.7994733,0.2426976,0.5118626,-0.21851659,0.34771553,0.7939216,0.32086882,0.69549847,-0.4308395,1.205178,0.34203494,0.07916943,-0.26847985,1.150987,0.7903047,-0.5666957,0.4516585,0.694672,0.9112549,-0.29115072,-0.40868393,-0.41944695,-0.48522732,0.23067102,-0.5352026,-0.6747475,1.3469554,0.013154976,0.52417856,0.8617564
1.3843273,-1.605133,0.88966125,-0.07116335,0.3872476,-0.3447652,0.60279804,-0.1774728,0.29960424,-0.085827135,-0.09153968,-0.57452446,0.098262124,0.85075235,2.3461158,-1.5176227,-1.0867145,0.8121601,1.0350633,0.33273473,0.16557923,-0.79971784,-1.0288206,-0.3905076,-1.0752041,1.0361651,-0.05209013,-1.555547,0.25457197,1.0241631,-0.8251031,0.960607,1.3204676,0.6698571,0.4743711,0.56133986,-0.03262891,-0.2763028,0.5530746,0.97379524,0.9782414,1.1676167,0.73075455,1.5245492,0.91311496,0.42493483,1.1114112,1.7745835,1.8927634,0.95437044,0.75824904,0.47649148,0.61080825,1.0831078,0.6204615,-0.60002124,1.2724501,0.82473683,0.79137343,1.6600912
0.715137,-1.7103609,1.1018318,0.57561344,0.45153528,0.892201,0.66062933,0.4983682,0.50221,-0.792364,-0.30610344,-1.8194853,0.11205795,0.40783468,1.4137368,-0.79533386,-1.610662,1.5752553,0.94918555,0.50152934,0.84550154,0.49615353,0.92103714,-0.16181539,-0.62195987,-0.06747484,0.39520192,-0.08508879,-0.4009105,0.8862883,-0.86279655,0.82110935,1.3053262,0.7428309,0.3307769,0.08106978,0.6027915,-0.8510396,0.42564383,0.6018166,0.8499519,0.976466,0.97098035,1.0349271,0.5714662,0.59799474,0.7161712,1.7297541,1.7662177,1.054139,1.0405674,0.84956956,0.85662144,1.1316954,0.7365044,-0.15547682,0.9329298,0.85371715,0.69148684,1.6908951
-0.23916638,1.0349207,1.4723665,1.2298388,0.4338788,-0.6599928,2.4009676,0.22002944,0.4917263,-0.54225135,-0.10139584,-0.32619536,0.5613472,0.6421629,0.3439007,0.24756643,0.9926698,1.1394216,1.4665666,0.5381802,0.05011972,-0.06640203,0.66426927,0.5838659,-0.35105768,0.6650401,0.21315104,0.64265954,-0.39953026,0.81713724,-0.3784101,0.6719838,1.4949517,0.45179272,0.48023176,0.6968345,0.61184216,0.38221985,0.32952634,0.94705504,0.7165347,0.6598413,0.38121933,1.417905,0.99567413,0.16971529,0.5409238,1.6114538,1.6509815,0.6306267,0.25606552,-0.09115941,0.03766801,0.64937216,0.28607938,-0.34160703,0.69612485,0.50888634,0.7745277,1.5664327
0.502012,0.0248817,0.9918172,0.42710713,0.47960454,1.9577324,1.9427265,1.4535705,0.45168656,0.30114472,0.8751583,0.6506774,1.3604586,2.3094783,0.6354343,0.68633574,1.7038162,0.85904217,1.2496717,1.3357269,1.160328,1.6551602,1.6253585,1.1389178,1.0942715,1.780134,-0.26364097,1.4788641,0.94015753,1.4475805,-1.2438668,0.9348757,0.78167176,0.722892,0.40874135,-0.5093894,-0.310772,-1.4851642,0.77807474,-0.5738083,0.67399013,1.0008783,1.4727627,-0.062399533,-0.09159486,1.091835,0.95140326,0.8072331,0.94644225,1.2110933,1.3702611,1.2314847,1.4062058,1.0717653,0.98059803,-0.45726863,-0.03835673,0.82334197,0.25684473,0.9997401
2.5395448,1.0664209,0.799614,-0.1701067,0.49273372,1.4913154,2.2920094,0.89416116,1.0479897,0.6101922,1.6463573,1.3614984,1.6022534,2.335383,0.2164634,1.2390172,1.2782841,1.0149214,1.5144016,1.4317969,1.9987322,2.1028142,2.3077464,1.5016445,1.7608533,1.490925,1.9658514,2.1433594,1.2805698,1.4570493,-0.9903985,0.5998153,1.011995,0.61114186,0.46901235,-0.39462617,-0.029928243,-0.4896236,0.5470387,0.14477694,0.78874063,0.6885869,1.3455745,0.35051155,-0.11473438,0.7657131,0.9560072,1.2140048,1.1812134,0.966618,1.2897984,1.3507719,1.4036771,0.8737494,0.7554391,-0.3359686,1.0309892,0.75947124,0.53469354,1.2219172
-1.3790087,1.3319931,-0.5027905,0.6247213,0.49363917,0.8167525,1.0966064,-0.564011,1.4091122,-0.94351673,1.6633837,1.6141285,2.2283595,1.8472471,-0.5036607,1.1929693,1.1365585,0.5512108,0.24809036,1.5061656,1.8716629,2.8234973,2.622416,1.410503,1.6158799,0.9458795,-0.3787965,1.580926,0.9310339,0.32670286,-1.612178,1.0205538,0.41305426,0.44433692,0.7017403,-0.45221907,0.04992919,-1.0453671,0.7902566,-0.7580751,0.67131627,0.8453848,1.7178686,0.08582047,-1.0488392,1.4732139,0.99468434,0.27354994,0.5286015,1.2412741,1.6282655,1.5721474,1.5570606,1.1926692,1.0364933,-0.2776432,-0.40292472,1.0729567,0.38240004,0.7150048
-2.0446465,0.42930046,-0.54512334,0.28531536,0.48865914,1.659977,0.10059445,-1.9357679,1.1436205,-1.7122589,1.0653666,1.6316851,2.0903468,1.1981132,-1.2799964,1.5516013,1.5468107,0.054605886,-0.35368165,1.5809057,2.1895938,2.9511657,2.7769675,1.3691224,1.5559645,0.9527228,-1.2743816,1.4056426,0.16232118,0.015233403,-1.7108364,1.0028527,0.6290279,0.61318636,0.6564383,-1.0014063,0.22425395,-1.2140226,1.0781165,-0.19116566,1.016091,1.3258426,1.6685252,-0.17405172,-0.83978766,1.4744924,1.0507388,0.6833933,0.694049,1.3585358,1.7686675,2.1120489,1.9199232,1.346416,1.3998492,-0.08726966,-0.67290044,1.1956581,0.72869956,0.83318114
-1.2807469,1.265242,0.13007392,0.17517678,0.49001732,-0.5605488,1.0562072,1.1837393,1.4011053,-1.3807465,0.6471028,1.8516409,2.3065453,1.0302105,-0.9828033,1.3866339,0.7717534,0.20194198,0.411607,1.5478032,1.7456475,2.5426302,2.526604,1.2545179,0.86520857,0.47177762,-0.94037527,1.0341976,0.7705457,0.5083775,-1.5110914,0.96546847,0.67669547,0.49379006,0.7007934,-0.87956786,0.18902948,-1.3354627,0.9160903,-0.2532451,0.904759,1.2337601,1.6225814,0.0674057,-0.94869405,1.5803953,1.2187113,0.7162396,0.79484904,1.4221771,1.8094704,2.0588622,2.0055022,1.1820832,1.4596562,-0.15710364,-0.3487952,1.1515075,0.635789,0.96183306
-0.9989145,1.2501818,-0.58535206,0.17731066,0.49273372,2.2567706,1.6982161,2.3722932,1.1993996,-1.4026166,0.6761698,1.7163609,2.4588237,1.6812397,-0.7570274,1.3212007,1.250377,-0.050907936,-0.41112736,1.3978343,1.83879,2.9718492,2.845485,1.3210455,1.5427693,1.1848643,-1.0333099,1.2029943,0.69003624,-0.08221975,-1.3650099,0.7527796,0.22280253,0.5840714,0.7223428,-0.49595743,0.25848374,-0.33870494,0.9667828,-0.62457615,0.59899867,0.9164918,1.0485917,0.17067534,-0.9418058,1.3670366,0.68172854,0.08619236,0.27282694,1.2095118,1.2845514,1.3209201,1.24949,0.9837803,1.0056218,-0.14752118,-0.59531313,1.1965125,0.21567348,0.39758042
1.0938612,1.5072997,1.0454845,-0.7561046,0.49363917,0.14638123,1.8293979,-0.42220044,0.8733797,-0.25193435,1.1127346,1.5972846,1.3041376,2.1403828,0.13602337,1.3243879,2.1642559,1.210199,1.3069216,1.3224819,1.6742563,2.4392567,2.2070649,1.224008,1.4228652,1.1406842,1.4916157,1.2892857,0.23410234,1.5111433,-1.1717433,0.9246097,1.2301362,0.19746421,0.65620893,0.19684072,0.8582066,-0.03384842,0.6312632,0.42384732,0.8565143,1.0785234,1.3767805,1.288239,-0.59424245,1.2287356,1.2806852,1.0529182,1.3449842,1.3232089,1.517265,1.6609622,1.6488858,1.2102662,1.1092737,0.3120974,0.48495114,1.213285,0.9632874,1.5409822
-0.65262884,0.4838209,0.8700261,-0.22407144,0.49454463,3.2318428,0.8237442,-0.03335423,1.2755198,-0.35360217,0.75410676,1.7800825,1.5723184,2.5145235,1.1984195,0.8497248,0.18468064,1.669313,1.6840127,1.2644027,1.8695457,1.2530538,1.4303191,1.4381323,0.74103737,0.48982033,-0.17576665,0.8894554,0.12917623,1.6784708,-0.60620874,1.065852,1.1729004,0.6612969,0.28657433,0.51211244,0.5657227,-0.13709489,0.49729344,0.4353737,0.79510015,0.9525082,1.0603257,1.6675149,0.45976913,0.73141253,0.90051883,1.5522596,1.6593462,1.1511976,1.0305321,0.91287863,0.95375615,1.0571461,0.7445744,-0.24990134,0.824358,0.8771934,0.63628054,1.5835308
-1.7846421,0.8313156,-0.52408147,0.10442171,0.48911187,-0.7442375,0.66653174,-1.7383639,0.99861693,-1.2052747,1.2430657,0.5294112,2.0129464,1.9724468,-0.84677416,1.0282935,1.138032,-0.15583067,-0.7049997,1.1665515,1.6650553,2.5634456,2.4843683,1.0777934,1.0245749,0.97481805,-0.4633852,0.41815227,0.57469773,-0.31388527,-1.0124662,0.75385123,-0.08712505,1.189199,0.37136436,-0.26573658,-0.14509714,-0.8198305,1.1843269,-0.104880765,0.58828086,0.7019299,0.41256765,-0.20646271,0.097542,0.5990708,0.34776345,-0.03492789,0.05573829,0.6924006,0.26459467,0.53166455,0.46396294,0.743216,0.5127656,-0.7390375,-0.81283826,0.73268765,0.43852806,0.046261407
-2.0235593,0.8380824,0.12351154,1.0280077,0.49137554,-0.4276133,0.032247905,-1.3756847,1.291188,-0.9335843,1.0694556,0.95364714,1.9039881,1.6433429,-0.8332808,1.1323899,1.7938136,0.6355826,0.64048755,1.4613062,1.9643618,1.710969,1.493257,1.221166,1.2739067,0.9188893,-1.4556139,1.1257017,0.40375555,0.81085587,-1.5100677,0.9469815,0.18018319,0.8159343,0.48311678,-0.7238134,-0.13354744,-1.5129026,0.96033347,-0.44097677,0.6353929,1.1526608,1.4143963,-0.2424658,-0.22038281,1.168257,0.6977482,0.36332172,0.48942924,1.2258179,1.2473754,1.391353,1.384133,1.2190922,1.0729617,-0.7226442,-0.33402202,1.1779149,0.46766064,0.6508404
-0.94975,1.3421586,0.7082412,0.60537684,0.49137554,0.37287214,1.342532,-0.81723624,1.1193892,-0.74857044,1.2347023,1.5582078,1.3700688,1.6720086,-0.91239756,0.6585042,1.133061,1.6033669,1.5593756,1.0034884,1.264002,1.4971275,1.0851237,1.2405953,1.0557047,0.99072844,1.028492,0.34683022,0.8179613,1.427837,-1.8354053,0.94127774,0.6551144,0.43934673,0.5722548,-0.7912234,-0.36938077,-1.5741552,0.77638894,-0.49550465,0.6470609,1.1560827,0.7821913,0.16115908,-0.3825376,1.1055831,0.69566894,0.80500257,0.95249075,0.97892696,0.9216557,0.7678782,0.83958256,0.9901974,1.0374659,-0.51666194,1.072715,1.0456309,0.3526453,1.005578
-1.9057877,1.3971908,0.72592735,-0.06300726,0.49137554,0.33665338,1.4328413,-1.4253554,1.5991566,-1.50535,1.0670791,1.8811103,1.7142262,1.8930327,-0.08758683,1.0198466,1.2212621,0.8834531,1.3998116,1.1084125,1.6596608,1.7539448,1.221798,1.0404605,0.8484718,0.98129976,-0.84033734,1.1916063,0.5495526,1.4237751,-1.5930009,0.9718502,0.6966634,0.60466826,0.8415882,-0.5865934,-0.032985143,-1.2657601,0.8482048,-0.0567143,0.7325344,1.4798968,1.0422971,0.191954,-0.32631034,1.2708201,1.1367955,0.78068495,0.9236531,1.2352028,1.1219996,1.0662392,1.0163577,1.1592714,1.1281215,-0.34376913,0.12336684,1.1566591,0.62797976,1.0586472
-0.62442327,1.5604004,0.83531356,-0.5652518,0.492281,1.5824364,1.7044199,2.2529006,0.65571034,-0.9403647,0.8050483,1.9351784,1.4674518,1.6211305,-0.44338158,1.0802842,1.557032,0.5740744,1.1096517,1.3788805,1.5015899,2.4685647,2.2607434,0.41509354,0.9256108,1.5553071,-0.7867383,0.73534715,0.7338636,0.97273386,-1.0765451,1.2583147,0.79515785,0.79263693,0.4438341,-1.12312,-0.34031394,-1.396821,0.6921799,-0.5494524,0.7099232,1.0683973,1.2352618,-0.08680014,-0.061930474,0.9733102,0.6669325,0.9382031,1.0585613,1.0741041,1.1569867,1.2052281,1.3289284,0.9613009,0.86294335,-0.6597066,0.5322777,0.66821986,0.19468641,1.1371489
-0.81850266,1.3957609,1.5570996,0.2507603,0.49182826,1.5500913,0.8365354,-1.6981182,0.8474913,-0.2899293,1.1436195,1.5832698,0.34173605,2.0572143,-1.395823,1.0501399,0.9875208,1.2095687,1.6761166,1.2370608,1.4813731,2.2930043,1.9782794,1.0320873,1.3729253,0.8900481,0.9773095,1.1789237,-0.4962221,1.4308679,-1.044711,0.84332246,0.6765149,0.8170946,0.5369439,-0.35168865,0.31317496,-1.0296111,0.7215326,-0.17152397,0.7279698,0.9636727,0.8217722,0.19223253,-0.065304995,0.8941459,0.74064964,0.8034997,0.9392857,0.97345805,0.8985778,1.0696759,0.9700973,0.8808908,0.972246,-0.080998644,0.07383527,0.9710468,0.38309282,1.0312047
-1.038685,1.9344761,0.78308004,-0.13096753,0.48367912,-1.2528582,-0.46335375,-0.2449945,0.7674671,-0.9326502,0.4397585,0.7720112,1.8082002,1.1042353,-0.7373218,0.78220147,-0.039659757,0.613383,0.902463,0.64574873,0.8338359,1.9582202,2.3003523,0.6565492,0.3141765,0.8977845,-0.80325264,0.30426258,0.03935845,1.1197864,-0.72626394,0.56588745,0.96232176,0.4987411,0.26347232,-0.86312854,-0.30583942,-1.0027536,0.14732285,-0.28159276,0.25546443,0.39371002,0.6381259,-0.44696945,0.36814773,0.35668835,0.4423354,0.96833926,1.0474418,0.5694313,0.6778259,0.56257963,0.68106157,0.468839,0.22657605,-0.7233365,0.0567469,0.34043637,-0.045489807,1.0420239
-0.9826222,0.98969305,0.9582412,0.2666567,0.49454463,1.9566847,0.8365533,-1.5697317,0.5177202,-0.3667446,0.9405367,1.4980096,1.2397993,2.220766,-0.22937499,0.83873016,2.0768347,0.96751004,1.6949095,0.9928976,0.78356385,0.8797062,0.17943431,1.1498674,0.82720584,0.8623942,-0.29252255,1.1003109,0.09209218,1.6333425,-0.6711282,0.9787311,1.3928964,0.52607936,0.7372196,-0.0064572357,0.44927686,-0.5075422,0.66548526,-0.37901953,0.46094543,0.69811916,0.47017685,1.1416479,0.42534104,0.77852774,0.8576727,1.4613032,1.5889578,0.9349831,0.48306715,0.5059881,0.5520399,0.87632847,0.5306105,-0.005902564,1.0338078,0.48518416,-0.08623248,1.5483607
-1.4461545,1.1433767,0.6758336,-0.09640888,0.4940919,0.48556212,0.55925584,-1.1315153,0.6195442,-0.5595106,1.0041003,2.1206303,2.0447786,2.4048948,0.02182158,0.9481017,1.9110105,0.84821874,1.3795438,1.140125,1.2900279,2.5396254,2.5634315,1.1924852,1.3472937,0.7984292,-1.1913906,0.93958956,0.8509594,1.4638613,-0.93060714,0.6068391,0.58448935,0.8395332,0.21843433,-0.5551996,-0.189989,-1.0744249,0.803451,0.01629069,0.8935022,0.96356267,0.9508113,0.029655688,-0.15268247,0.95745647,0.75206316,0.741564,0.7493711,1.0041113,0.85084325,0.98499316,0.98751134,0.79345524,0.7861844,-0.3076568,-0.15119722,0.50587857,0.40872583,0.87102145
-1.5721893,1.6928968,1.522937,0.09612967,0.49318644,2.1649797,1.2299207,0.0011847016,0.49725607,0.87403023,1.5748814,0.122428134,1.349353,2.7882476,0.26067302,0.48614374,1.0226334,1.0778373,1.5068821,1.185173,0.5237657,2.0294433,2.608453,1.6956248,1.5553646,1.1773088,1.8469836,1.2364464,1.3275714,1.7114096,-0.75785667,0.9482447,0.80631626,0.34661075,0.7777263,-0.035138186,0.3449613,-0.37374094,0.27354655,-0.2683084,0.6547718,0.79327303,0.53584325,1.2848967,0.26546198,0.7533953,0.40264246,1.1315022,1.2159488,0.9104958,0.363726,0.18557611,0.22021037,0.7055048,0.6323488,0.035393275,1.3183408,0.6967288,0.024770167,1.1705115
5.792911,1.6684163,0.3255506,0.4351419,0.48096272,3.2770338,-0.65340006,-0.7426515,0.522377,-0.22765774,-0.24061714,0.80881137,1.2652495,0.5974974,-2.076973,-1.2621262,1.0597483,0.24854203,0.6437022,0.57537144,-0.3219217,-1.5496941,-1.695385,0.87199897,-0.81177616,-0.6610734,-0.036996424,0.43916538,0.049776707,-0.053583495,0.22482231,0.19859242,-0.0052645067,-0.3515563,0.018533574,-0.101154044,0.6275151,-0.29217258,-0.37583384,-0.023239613,-0.1799347,-0.05694206,0.7714757,-0.22379014,-0.060794927,-0.25445583,0.20869412,-0.0055931928,-0.0127720535,-0.29268312,0.40882832,0.2635954,0.21138805,0.4389782,-0.15247643,-0.9655212,-0.5624287,0.21184924,0.052534748,0.12066451
5.8717737,0.6537338,0.52934843,-0.8820254,0.47281358,2.882124,0.13517854,-1.3143495,0.7708894,0.40421227,0.8509964,0.58233446,-0.2737641,0.61950886,-2.7845244,-0.6719802,0.20466031,0.05529721,0.921398,0.38234925,-1.0987449,-0.62835175,-0.5624263,0.535185,-0.88827896,1.5147061,0.9437348,1.7670832,1.1568868,0.4060259,0.16998494,-0.010500813,0.20437916,-0.22513297,-0.07612841,0.9060137,0.9688912,0.52353483,-0.43712077,0.9275643,0.069052465,0.06776625,0.7814441,-0.12491664,0.28275332,-0.15627214,0.9287475,0.30514094,0.12105894,-0.26345152,0.34083146,0.2503876,0.17561078,0.6000078,0.046921387,-0.9049714,-0.50101554,0.65945405,0.7563836,0.20269103
6.577531,0.8377404,1.2248417,0.46560967,0.47326633,2.0482368,0.5403018,-0.93084157,0.339569,-0.28759733,0.35018143,-1.199539,-0.6418631,0.44475138,-0.49090973,-0.44443625,-0.3997556,0.7864458,1.2017034,0.7153682,-0.38273033,-0.64092463,-0.12362836,0.26192972,0.4387837,1.0248363,0.08319231,-0.4449386,0.737729,0.6733288,0.25885108,0.26006344,0.8900974,0.25323606,0.046059366,0.7263913,0.94193965,0.36266366,-0.114821665,1.20116,0.3792724,0.17822099,0.47011265,0.33869183,0.4764523,-0.12707874,0.9843428,0.8262766,0.83406353,-0.014194967,0.15986264,0.19704135,0.14320686,0.69654596,-0.027076334,-0.6773944,0.2927726,0.5759484,0.82894206,0.8669896
1.4587166,-0.043215547,0.92299396,0.38278896,0.48911187,-0.30673563,1.2792255,2.074027,-0.6690776,0.14677325,-0.12681144,0.1966108,-1.0566275,0.80200696,1.2287989,-0.9720347,-0.83163095,0.25443384,0.89159614,-0.68417597,-0.67946285,-0.39736915,0.2710686,-1.5754817,-0.14830114,-0.053530913,-0.32462916,-0.59573066,-0.5953686,0.57588345,1.0487635,0.3534168,0.9852129,0.2557768,0.20149863,1.3267275,0.73216736,0.8506957,-0.11400619,1.079747,0.32276517,0.33558962,-0.20584558,0.8799181,1.0340117,-0.5740276,0.6867355,1.1400592,1.1128142,-0.08180682,0.14283025,-0.013263425,-0.12244686,0.37089518,-0.15048367,-0.17951773,0.6328651,0.40269607,0.6066575,1.0309293
0.13818781,-1.6775818,0.42090565,-0.08921863,0.47054994,-0.38686147,0.56833696,1.1314678,1.177998,0.8736331,-0.51786655,-0.6146579,-0.6133223,0.81332237,1.460568,-0.6863615,0.43685207,0.36696592,-0.18965754,0.44943902,0.04373082,-1.0294039,-0.46145266,-0.9780979,-1.7526704,0.15526734,-0.83721566,-1.6146642,0.007890161,-0.5014965,-0.70533955,0.511643,0.42404765,1.0036746,0.3022312,-0.44501093,-0.1593872,-0.44731802,0.59666944,0.15951529,0.53774613,0.32733253,0.73283166,-0.32270762,0.2626509,0.26419705,0.16795869,0.5953437,0.5498244,0.50464773,0.518972,0.32994133,0.3387078,0.70801383,0.28635627,-0.8520892,-0.33395633,0.5183816,0.43661794,0.62566584
-0.8794771,1.56585,1.1697778,1.2070832,0.48186818,0.34741056,0.5402466,0.06380639,0.94198865,0.30961758,1.3276138,1.3421066,-0.39354157,1.7411642,0.18127128,-0.15145114,-0.45056885,1.2497716,1.1689188,1.1227572,1.4155389,-1.1791252,-0.61018205,0.77278745,0.56974345,1.0655304,-0.22382037,0.68849677,-0.27608186,0.5940399,-0.6415229,0.63542044,0.6068216,1.016045,0.4326037,0.5745392,0.89739925,0.34920236,0.70180476,1.3475527,1.0823414,0.58945984,0.29132757,0.24113594,0.80899125,0.33095595,0.51623493,0.9097255,0.7741593,0.6306362,0.19803144,-0.099052064,-0.13554692,0.96272004,0.46308362,-0.17573051,0.1355549,0.8605997,1.2800535,0.77680534
-0.49565423,1.6223855,0.83571607,0.42678344,0.49590284,2.4362457,2.3585768,0.54168606,0.84649986,0.4200177,1.7028937,1.2534007,2.457916,2.8220437,0.18630068,1.1681244,2.7328029,1.4629205,1.379544,1.3536438,1.3545545,1.7845901,1.4380188,1.8464739,1.2388002,1.8066286,0.25381687,1.7459332,1.3206973,1.3718294,-1.5345081,1.1980565,0.7549793,0.68551147,0.66204536,-0.26008934,0.17578226,-0.7538044,0.7929358,0.1880407,1.0131168,1.3539897,1.6099429,0.77777594,-0.07722168,1.2096741,1.5626281,1.0582336,1.107051,1.2415041,1.4403806,1.5909706,1.5925493,1.321437,1.1724331,-0.06550713,0.052974686,1.0345043,0.8006341,1.2505145
-0.37450212,1.3029579,0.5159153,0.42323694,0.4940919,3.7498205,2.241172,1.8877789,0.93110913,-0.39574203,1.0555218,2.0290895,2.2006829,1.7282217,-0.03834148,1.4998084,1.7563009,1.4476037,0.7100128,1.5022007,1.8459624,2.4944062,1.9568568,1.4268711,1.1087844,1.5973104,-0.6168625,1.9705747,0.937096,0.58809197,-1.4618249,1.0901607,1.0046486,0.45099145,0.6979157,-0.44247726,-0.066496834,-0.7774752,0.9474204,-0.0010907687,0.5855739,0.89509493,1.4180393,0.68268335,-0.49028468,1.3051146,1.3273848,0.78033096,1.0146414,1.3040667,1.6136452,1.734123,1.6506203,0.8705298,1.1578135,-0.37464136,-0.19477569,1.0467064,0.5648612,1.1533539
-1.3719904,1.1246943,0.79042006,0.30168572,0.49273372,0.7427037,1.5906863,-1.589196,0.91637933,-0.55783516,0.91355777,2.061983,1.5634354,1.9269493,0.31705263,1.1683863,1.5872476,1.6153609,1.2274165,1.5480477,2.0779757,2.7020564,2.526854,1.5863359,1.5180918,1.309862,0.4767878,1.0773847,0.65127367,1.1990987,-1.8178521,0.8340174,0.95981586,0.3327459,0.63970745,-0.6612392,0.052445043,-1.1556032,0.84777504,-0.38519496,0.6180167,1.235363,2.04188,0.4720443,-1.1082495,1.5744951,1.3746221,0.80189496,0.9867571,1.4765215,2.1788201,2.4902322,2.5465333,1.3963511,1.427941,-0.56913805,-0.509632,1.2110753,0.46681944,1.1493613
-0.3268887,1.1940752,0.6731109,-0.31043693,0.49318644,0.47619054,1.6336279,-1.9765352,1.1536144,-0.57389534,0.5147439,2.3218424,1.6468561,1.8378363,-0.51753414,1.4257853,0.7965136,1.0881999,1.4881833,1.444411,1.8469543,2.4409318,2.1973202,1.4414678,1.5282342,0.7387799,1.0885818,1.47092,0.8465255,1.2828172,-1.2166091,0.9282312,1.1576068,0.36602268,0.73594576,-0.29418537,0.28883362,-0.9666359,0.5671626,-0.35404524,0.7274131,1.0587738,1.4252121,0.69085556,-0.4118167,1.2603204,0.9547327,1.2344422,1.3919917,1.2316562,1.4807316,1.5732063,1.6150907,1.1177987,1.0821629,-0.38416848,0.7215222,1.0052125,0.39030793,1.4343106
-2.0812325,1.2361393,-0.17730874,-0.3411635,0.4940919,0.6335812,0.95362395,0.46891472,1.1176834,-1.1088439,0.8543625,1.8615443,2.0487378,2.2280376,-0.42342463,1.3220226,1.5660664,0.079404086,0.6840246,1.6746738,2.2357724,1.921087,1.9753772,1.4997891,1.1485913,0.83829355,-0.46824777,1.131966,0.80875653,0.7571105,-1.2906168,0.69485104,0.73180187,0.32124016,0.5826979,-0.5611608,-0.10416499,-1.0614066,0.85813475,-0.10014789,0.5606077,0.9140022,1.2406538,0.44776136,-0.7181146,1.1499137,1.1806277,0.5657705,0.85537803,1.0982121,1.3821018,1.3504312,1.3510797,1.0819037,1.1046631,-0.51498675,-0.16109979,0.8914331,0.41859877,1.069113
-0.8329956,0.23161437,-0.0010571929,0.4403684,0.4940919,3.9098597,0.944141,3.0280576,0.96281785,-0.29836604,1.0085956,1.7693058,1.7551122,1.7559322,-0.5205066,1.1761426,1.2668235,0.5780122,0.3092551,1.4183751,1.7472502,2.645787,2.8079555,1.3519045,1.3699623,0.75590783,-1.2744023,1.8237858,1.1359242,0.47152266,-1.3295771,0.9656328,0.6947818,0.72969663,0.5526508,0.067734,0.5619504,-0.39177868,1.1124496,0.24770738,0.97499007,1.098565,1.1191471,0.7056468,-0.62311,1.2893223,0.95420307,0.6318712,0.79732454,1.3054041,1.2738886,1.6457901,1.4846385,1.1334647,1.0710062,-0.115005255,-0.06115379,1.1310406,0.9317483,0.83583295
-2.004897,1.5632527,0.7562826,0.41811326,0.492281,2.4329972,1.3901395,-1.185983,1.0960056,0.12282685,1.2025045,2.2751105,1.9821072,2.1713305,0.13785765,1.1701839,0.679387,1.1426638,1.602814,1.5873241,2.3136072,2.797285,2.8586757,1.6696483,1.311797,0.82152903,-0.9004323,1.5211058,1.4698862,1.4417917,-1.1057253,0.98101944,1.2557267,0.5150593,0.600615,-0.21360838,0.7194391,-0.6819326,0.7442098,0.46085045,1.0165673,1.438797,1.2977747,1.0313052,-0.12000243,0.99876976,1.0427144,1.4662771,1.5130024,1.2347136,1.3072698,1.5697254,1.4586852,1.4043994,1.1717674,0.16921632,0.076509304,1.0558903,1.0138654,1.5469204
-0.56043905,1.8750559,1.483933,-0.295933,0.49545008,0.5442116,-0.03915491,-0.25654888,1.6173253,-0.645728,0.08744033,1.3477932,1.7614561,2.3499439,-0.33212414,1.0518275,1.0084757,1.7499468,1.8057235,1.1896707,1.872245,1.9456375,1.5561292,1.4658005,0.63203096,0.71390307,0.1417841,1.0107132,0.23803401,1.6151235,-0.92471033,0.97644097,1.1066078,0.5883807,0.60590833,-0.030351304,0.5917299,-0.47571975,0.4552724,0.13328795,0.8784866,1.0417027,1.266923,0.7393696,0.08708881,0.9316882,0.5779118,1.5178155,1.6090398,1.2214357,1.1055049,1.214552,1.1583388,0.9439379,0.79172254,0.09162213,1.008362,1.0613427,0.57586104,1.5200804
-2.0158625,1.2403425,-0.166075,0.4135667,0.49182826,1.8186517,1.1498781,-1.0358499,1.1148055,-1.5489963,1.3439169,1.6793885,2.588459,2.214384,-1.3204206,1.2720857,1.7594029,0.112409,-0.22894216,1.4103394,2.018753,2.0254352,2.1848762,1.274357,0.7099417,1.1070558,-0.9159741,0.5126568,0.63613236,-0.093785636,-1.4045944,0.7630468,-0.11463886,0.9292891,0.4566804,-0.3916512,0.3277863,-0.9983979,1.1617155,-0.055361085,0.86874735,1.0841957,0.8859917,-0.10046728,-0.25069776,1.111196,0.6984912,-0.042584814,0.07499026,1.0740643,0.9602746,1.1232703,1.0043988,1.1144184,1.0565549,-0.2480698,-0.66126275,1.3547932,0.71953535,0.19856526
-1.9714742,1.5572331,0.5524481,0.2821611,0.49182826,2.31101,0.6232498,0.17886089,1.109415,-0.9324292,1.0741181,1.9588017,2.3445468,1.4219806,-0.69311446,0.9891385,1.5815167,1.0394545,1.2216188,1.4626856,1.5904578,2.6330645,2.1510987,1.3046436,1.7691348,0.8142232,-1.2319005,0.89646554,0.830729,0.99460626,-1.3466492,0.76912,0.5075012,0.33196685,0.60377145,-0.47824717,-0.19947876,-1.0261841,0.77949256,-0.36977854,0.46065897,0.8472925,0.87447894,0.2824117,-0.5016273,1.019025,0.44561893,0.35088277,0.6444531,0.91281915,0.9687306,1.0788913,1.0015548,0.8731452,0.84426,-0.37767082,-0.18829603,0.973963,0.37632084,0.8102633
-1.0736655,1.0670776,0.61869025,-0.56604266,0.49182826,1.2718114,0.99665886,-1.7704388,0.609608,-1.1098069,0.46146455,1.4216771,1.4232934,1.9095117,-0.14865415,1.1078119,1.3234733,0.9068217,0.83267623,1.2717198,2.031995,2.6369607,2.5852277,0.625548,1.0941075,0.959129,-0.24648887,0.7164758,0.7476209,0.95487136,-1.2415216,0.8212056,0.13761635,0.7773647,0.5326516,-0.30024225,0.56721485,-0.79453087,1.1084195,0.1105091,0.75521153,1.0370129,0.7276623,0.15922533,-0.024142098,1.077518,0.71613055,0.26802054,0.30267307,1.0741038,0.7259702,1.078022,0.9023205,1.0582252,0.93197817,-0.059980948,-0.500661,1.0596142,0.7241476,0.45772895
-1.8525428,1.4368792,0.8479319,0.19812322,0.49001732,1.3030652,0.7917189,-1.3497399,1.0043365,-0.64613664,1.0101105,1.2644362,0.88957125,1.9337752,-1.4747239,1.4698719,1.0417721,1.4294913,1.8357425,0.99076664,1.1068265,2.0294106,1.676694,1.2855735,0.67246956,1.1881543,2.2051222,1.2146759,0.7759184,1.7468089,-0.74484164,0.8141144,1.3221849,0.062809855,0.5039257,-0.12520105,0.23917186,-0.55968004,0.4056559,0.45578995,0.6409352,1.0084078,0.5391277,1.2718955,0.39364418,0.6741662,0.51802754,1.4112834,1.6576962,0.8074449,0.5267887,0.42673126,0.45837677,0.7017604,0.5100668,-0.013017384,1.5790863,0.48536837,0.45971733,1.6551178
-1.0647129,0.8073029,0.716991,0.3700419,0.49545008,3.3457108,1.1106591,1.8102207,0.71410084,-0.5918143,1.3963654,1.007149,1.7513767,2.3973038,-0.040808253,1.0422945,2.2494009,1.182633,1.3357593,1.059176,0.8168224,1.6346247,1.5758021,1.4636773,1.0479091,1.2979984,-0.32720858,1.3931762,0.8729651,1.3303566,-0.8048017,0.81924593,0.7997378,1.0261042,0.44504228,-0.04651537,0.5347399,-0.58523744,0.7160086,0.23538704,0.88181996,1.1901954,0.5171556,0.44608134,0.5423455,0.54404974,0.29820392,1.1264558,1.109728,0.90654683,0.45795596,0.37967664,0.25000516,0.9502511,0.7366802,0.025461623,0.2984027,0.91842777,0.61094236,1.1215303
-1.7924443,1.6028062,0.28576767,0.111222796,0.49273372,0.6324817,0.47769594,-1.7421886,1.2243099,-1.238723,1.0075231,1.2985433,2.1603436,2.3520977,0.375313,1.2867327,2.1293623,0.55586797,0.20119493,1.1187412,1.13041,1.5826387,1.7880969,1.0862153,1.2262563,0.8320249,9.800562e-05,0.7396855,1.0392247,0.17482038,-1.0544927,0.5465855,-0.0735667,1.3152723,0.30888903,-0.005947519,-0.16113217,-0.75333667,1.0826908,0.31946003,0.6504507,0.91511995,0.08434573,-0.048691,0.24202684,0.36937466,0.5361685,-0.061449572,-0.19753699,0.4883615,-0.05646921,-0.05841494,-0.08690139,0.7826971,0.55996346,-0.6647279,-0.49299434,0.7450232,0.81285024,-0.11686225
-1.5975993,0.83806896,-0.5736292,0.1468664,0.49092278,-0.28572965,0.5742501,1.6099349,0.6142676,-0.7584949,0.81756926,2.2284453,2.0192776,1.6959504,-0.17548095,0.98591185,1.2736673,0.47548097,-0.19730814,0.9554607,1.7877278,1.7856039,1.6581256,0.7255392,0.7701049,0.7169459,-0.3678493,1.1817124,0.40871394,-0.19565287,-1.0965968,0.51541317,0.10016872,0.95019007,0.15049338,-0.5454506,-0.13055183,-0.8799187,0.69048786,-0.13337515,0.46627164,0.87126654,0.91397786,-0.6046049,-0.26772305,0.5918062,0.47603557,0.04525161,0.057612065,0.83156973,0.82734066,0.92529434,0.8972518,0.79927456,0.6555679,-0.69422156,-0.6513339,0.99506253,0.6050602,0.19079366
-0.52228886,1.4549295,0.8584116,1.5574521,0.48911187,-1.6183156,-0.24183777,0.16300048,1.2268441,0.675283,0.9057764,1.5282267,0.32490528,1.5683167,-0.3729607,0.9245225,2.1140742,0.7149774,0.98535275,1.204521,1.4028789,2.4093835,2.3584766,1.45697,1.484944,0.45509967,-0.66908634,1.1523938,0.8313746,0.93909633,-1.2422673,0.91841793,0.49688253,0.4404686,0.52580756,-0.8776572,-0.23860312,-1.0228374,0.6420338,-1.048243,0.5433714,1.0034844,1.5010979,-0.2693517,-0.40620956,1.0943328,0.90568155,0.598886,0.63223535,1.1806731,1.3115728,1.4671997,1.5116932,1.0480506,0.8970952,-0.6495707,-0.36139873,0.79412735,-0.035026494,0.7747309
-1.5371847,1.6127164,0.86471665,1.1035349,0.49318644,0.5344928,0.4994574,-0.5796902,1.4706342,0.9006529,0.75378114,2.3514726,2.5673573,2.2112935,1.2900809,0.5859753,1.4567481,1.0800407,1.2645723,1.3560574,1.2646374,1.6922803,0.98156244,0.669343,0.6133322,0.7755518,0.639227,0.8366285,1.2836276,1.335088,-0.65029186,0.82355833,0.740556,0.35566866,0.5683818,-0.27281862,-0.10806909,-0.63698465,0.2871065,-0.32301626,0.39666474,0.49060708,0.7119913,0.40685526,0.4137854,0.58774745,0.5901011,0.8230236,0.8619543,0.6595957,0.67466426,0.4844842,0.59533596,0.618779,0.34522384,-0.34018114,0.25358737,0.395302,-0.070321634,0.872928
0.98829824,-0.2714405,1.4790766,-0.42882872,0.49273372,-0.75572616,0.4310532,0.48031962,0.9488259,-0.4651143,-0.6362313,0.48446274,0.19760242,2.4175212,1.5280932,-0.11614302,0.7331479,1.4641143,1.6501409,0.9885228,0.29557976,-0.048967242,-0.1062009,0.43883094,-0.40571317,0.51783925,1.3207138,0.14242226,-0.7931339,1.1423261,-0.17528948,0.21249285,0.47985825,0.24495183,0.041038156,-0.25436926,-0.38281903,-0.20393358,0.02346178,-0.13182536,-0.08279534,-0.2836935,0.22358127,0.017571595,0.7592361,-0.094644755,-0.009775746,0.50817037,0.52980417,0.15594442,0.09486131,0.33320192,0.35640314,-0.052782357,-0.22388951,-0.4383831,0.103538305,-0.3140093,-0.35942173,0.39347503
2.42294,-0.9997759,0.761866,-1.5481805,0.49635556,-0.3082744,0.61890763,-0.14287712,-1.6118687,-0.4113261,-1.1924624,-1.4372073,0.53849447,1.1530436,-0.46965557,-0.28380942,0.16797516,0.3677373,0.4622917,-0.94240594,-0.7670515,-0.9585353,-0.9953917,-1.5557876,-0.56637335,-0.30692714,2.189265,-0.79758,-0.20307863,1.0592333,0.56364214,-0.28027463,-0.04584713,-0.1379778,-0.45325395,0.5735378,0.31941023,0.61352485,-0.37182495,0.14120622,-0.34331638,-0.30186632,-0.0113802515,0.22005019,0.33681738,-0.6162719,-0.2533874,-0.060181208,-0.107644185,-0.48752353,-0.2206788,-0.22480436,-0.32031935,-0.28153646,-0.55262876,-0.4544481,-0.38355687,0.031594556,-0.0008237157,-0.085827455
1.1104417,-1.0154041,-0.09022057,-0.22124982,0.4895646,-0.025910456,-0.89503324,0.16561554,-1.4973757,-0.38661635,-1.1498638,-1.1182735,-0.26329976,-0.5376166,0.6024035,-1.1382345,-0.16224913,0.7607056,-0.30246034,-1.5446562,-0.7127777,-0.6520135,-0.094151154,-1.3985835,-1.2618353,-0.87121,0.40244412,-0.317223,-1.2927537,-0.27258965,0.6798182,-0.4967538,-0.11488519,-0.52065015,-0.9735916,0.1333311,-0.40690967,0.16261137,-0.6954627,-0.311662,-0.8607849,-0.7058439,-0.14231382,0.034727205,0.09896724,-0.70621616,-0.44846597,-0.25820592,-0.17466505,-0.7069903,-0.4116596,-0.28123158,-0.32907748,-0.7254038,-0.7355239,-0.63611716,-0.2245682,-0.5283217,-0.55721587,-0.2361159
0.38817573,-0.1203444,-1.1292429,1.052087,-2.461783,0.86431724,-0.99559057,1.2101935,0.7516787,0.37319037,0.45673525,0.7585151,0.017305838,-0.23988855,1.9097469,-1.5969331,-0.25066936,0.54591197,-0.09049179,-0.34986618,-0.3527865,-0.24119106,-0.84567815,-1.1016338,-0.8757865,-0.7665679,0.11751364,-0.20231277,-0.73454756,-0.15012836,-0.2081671,0.2816057,0.0073704794,0.2494769,-0.11070226,-0.79652804,-0.2424075,-0.71335787,-0.05459494,-0.3071335,-0.20746036,-0.009894887,0.21179387,-0.36163434,0.6087997,-0.2757798,-0.33653957,0.2359125,0.07722475,-0.018363476,0.21600543,0.13948847,0.036375202,-0.11859473,0.0036599115,-0.26002988,-0.6980519,0.05439911,-0.16002607,0.13384686
1.3556138,0.5263025,0.71217257,-0.24606802,0.47915182,-0.53678143,1.3635356,-0.38261303,-0.060178608,-0.46734673,-0.3945102,-0.95179856,1.7024558,1.864599,1.8135586,0.109769344,0.69990045,0.9147133,1.5931507,0.478341,0.0050974726,0.63048065,0.46710497,-0.39157197,-1.4953936,1.076708,-0.3566649,0.34175026,0.7406927,1.1514565,0.3418965,0.4181156,1.252318,0.36565915,-0.060413938,0.0045581926,-0.7137002,-0.18271191,0.23561643,1.366622,0.23977675,-0.12229491,-0.48745444,0.21460387,1.3844296,-0.4089558,0.37955245,1.3330836,1.2802265,-0.27933842,-0.3328042,-0.56015986,-0.49474528,-0.12859228,-0.4814866,-1.0769199,0.46454787,-0.13426441,0.5654878,1.0893557
-1.9600871,0.6986579,0.40465805,0.7620565,0.49273372,2.9894555,1.6227926,0.5743234,1.102666,-0.22519155,1.121227,1.2816005,1.7266854,1.8825697,-0.32683063,1.1511004,1.1622475,0.83470273,0.5714302,1.3554317,1.8638219,2.370362,2.1430202,1.2944504,1.1393924,1.5781842,-0.1663314,1.3012555,1.3762804,0.59104896,-1.5523027,1.0887935,0.848936,0.8907381,0.56861365,-0.66171366,0.03736557,-1.31884,0.96555203,-0.39869803,0.9468261,1.1772522,1.7995292,0.039485067,-0.5122874,1.278603,0.93533254,0.92826575,0.9331111,1.284689,1.648378,1.7302747,1.7621388,1.2500904,1.405318,-0.40326235,-0.4080489,1.2053591,0.67667454,1.1870931
-2.0465443,1.5216295,0.74800956,0.37279916,0.49273372,2.5537143,1.6079625,0.8542416,1.1203456,-0.77153045,1.2849417,1.5452317,1.4481688,1.4814585,-0.10852357,1.1546592,1.0103759,1.2247204,0.9853046,1.3742331,1.8812916,2.9054096,2.8957474,1.8478403,1.8230889,1.4535457,-0.9433987,1.4397348,0.69699806,0.9301281,-1.3335872,0.68846285,0.8064236,0.40785906,0.76681286,-0.14502828,0.09967662,-0.8668746,0.63217646,-0.5975981,0.4786651,0.660978,1.5777546,0.3806236,-0.48858604,1.0478328,0.8998738,0.71623504,0.7758528,1.1235665,1.642262,1.634221,1.5282207,1.0386336,0.9608196,-0.3212605,-0.44472107,0.8625537,0.12264243,0.9558665
-0.21636966,0.69031656,0.8043609,0.5325442,0.49273372,0.9217734,0.41101345,-0.6442949,1.2630363,-0.55181265,1.4365466,2.1123967,1.6968478,2.2942338,0.35544598,1.2591553,0.93301356,1.4560897,1.5984594,1.3071285,1.8727478,2.5591633,2.358061,1.9552019,1.4418627,0.83861035,-0.50069445,1.5910412,1.0274317,1.378279,-1.5796765,0.81442213,0.8919771,0.30530137,0.7983464,-0.61199445,-0.15874165,-1.0664464,0.71483207,-0.7236518,0.46451128,1.0017368,1.5975764,0.6643261,-0.7171994,1.4350443,1.1543406,0.6479245,0.94116986,1.2162343,1.6843679,1.7396019,1.6414483,1.1281663,1.1888732,-0.5771478,-0.043337874,0.91626567,0.19200927,1.1187558
-2.0528705,1.5748197,1.224701,-0.48553643,0.49454463,0.60925305,1.3867595,-1.944808,1.0322363,-0.8322675,0.58705086,1.9590118,1.951038,2.3337502,-0.89450336,0.804123,1.0535887,1.6512326,2.00052,1.366138,1.6859307,2.2258596,2.063606,1.4446036,1.6088415,1.024102,1.778812,1.6922169,1.170712,1.7250453,-1.6113373,1.036608,1.2975113,0.3514147,0.63942814,-0.61723524,-0.16082563,-1.4389929,0.6816079,-0.3360696,0.6984864,1.148728,1.7202376,0.5370122,-0.45693427,1.3129758,1.1532791,1.4287443,1.6149664,1.1726239,1.5492296,1.7011149,1.8801718,1.5388938,1.270309,-0.709205,1.3408637,0.8617186,0.47971585,1.6371778
-1.5734591,0.713465,0.7526135,-0.23090775,0.49545008,2.551337,0.251936,-1.1792746,0.887773,-0.6435339,0.75750875,1.3780446,1.9052467,1.6016557,-0.54265505,1.0402265,0.89442575,1.3081487,1.3241518,1.3482172,1.5957999,2.318207,2.1435401,1.7601894,1.3261076,0.66021556,0.8215807,1.3304899,0.8805128,1.276269,-1.2524947,0.9569368,1.0688428,0.56835175,0.6712184,-0.06707287,0.10125575,-0.4518169,0.74177176,0.15704566,0.9132583,1.0543648,1.6121223,0.64358574,-0.24193354,0.9788205,0.93105257,1.0697385,1.1406163,1.0537974,1.2637894,1.4253627,1.3844455,1.3121789,0.90150446,-0.37017044,-0.11581819,0.8915469,0.66997916,1.1702907
0.12766178,0.8232212,0.7231512,0.19698463,0.4968083,1.3266643,0.9526759,1.4197646,1.0288111,-1.4209152,0.97759676,1.6776012,1.6587273,2.2072377,-0.91818714,1.3057066,0.92910683,1.3919185,1.334525,1.3288621,1.6968601,2.7254744,2.61934,1.4028766,1.3696675,0.5080033,0.09867855,0.5285879,0.5843699,1.4784218,-1.5253444,1.3751768,1.2228339,0.57037956,0.5479881,0.24688075,0.8334592,-0.35776684,0.94035816,0.55473757,1.2038547,1.6358188,1.6835434,1.2309228,-0.2656135,1.3350407,1.3831704,1.3530935,1.4224359,1.5014964,1.694856,2.109423,2.129768,1.7229441,1.3903072,-0.005323192,-0.20002905,1.5864768,1.2171689,1.5317748
-1.286001,0.8283458,-0.5336805,0.21454655,0.492281,1.7793778,1.0996855,-0.932064,1.094276,-1.2151654,0.8633769,1.8383029,1.9885995,1.2781599,-1.4564357,0.99481165,0.8049003,0.10050578,-0.08178096,1.4557192,1.7314645,3.0991144,3.0038133,1.7287362,1.4262745,0.37288693,-1.2605884,1.3831501,0.3843133,0.27697182,-1.5636368,0.9669076,0.43391585,0.4611631,0.7737192,-0.28375462,0.27510312,-0.5556579,0.7050093,-0.4728962,0.7392049,1.2338247,1.4140902,0.5529358,-0.3114028,1.1208197,0.7930407,0.51419467,0.6213136,1.1111414,1.1221986,1.559297,1.4739637,1.2901245,0.95629793,-0.17993002,-0.5417632,1.082119,0.48707056,0.73140365
-0.7546772,1.6086344,0.037986938,-0.0028155902,0.49137554,0.48575392,0.09653048,2.2382774,1.433914,-0.58555806,0.8384674,1.3718476,2.4346085,1.6403997,-0.7774772,0.94096035,1.3423312,0.18961796,0.84335274,1.5837768,1.9457263,2.8735647,2.622676,2.0127385,1.0638874,0.5019747,-1.2787564,0.74121815,0.7584237,0.8754165,-1.4303464,1.0215372,0.7667986,0.6524997,0.6341381,-0.3651524,0.08827267,-0.86233705,0.5332502,-0.6179718,0.608692,1.009494,1.488906,0.06620419,-0.25360486,0.9884408,0.49297586,0.94881797,1.119834,1.1151961,1.1770674,1.3109308,1.311742,1.1619029,0.8507059,-0.45139357,0.022307295,1.0810474,0.22505789,1.1715157
-1.5738763,0.9172507,0.20756637,-0.34763724,0.48730096,2.519902,0.32078856,2.0703173,0.5837055,-1.1635232,0.44808877,1.1903177,1.7896764,1.0294498,-0.8899105,1.1000732,0.12909839,0.16525765,0.14936867,1.3267301,2.1197598,1.9493873,1.7357242,1.7098682,1.0740613,0.49264625,-1.4761119,0.44956586,0.4093244,0.35407886,-0.79149777,0.63130236,0.3047015,0.8250129,0.39999714,-0.017819598,0.4473329,-0.31717774,0.69740045,0.14488672,0.5078393,0.4269918,0.5703226,0.20361179,0.2957158,0.55034333,0.40124574,0.37943953,0.4925438,0.7552182,0.55419356,0.4082366,0.37619615,0.65790546,0.5527604,-0.15340303,-0.18661973,0.7725545,0.43860295,0.5910294
-2.0098526,0.5494389,-0.5605453,0.54975325,0.49182826,0.31857777,1.3256329,-1.190914,1.3952565,-1.3077942,1.4570214,2.179124,2.5883784,1.6598862,-0.3067255,1.2920741,1.1562822,0.10008647,-0.25981033,1.4113747,2.0835154,2.3378925,2.3441172,1.7458391,1.4775885,0.7300509,-0.41179553,0.97079414,0.6375706,0.18812983,-1.6283462,0.8158929,0.046135362,1.0320747,0.40742594,-0.5893984,-0.10229066,-1.0965958,1.1851901,-0.5442935,0.7235202,1.0795643,1.4153714,-0.5062329,-0.5997235,1.0801178,0.67310476,0.089709185,0.16531298,1.0289122,1.1509603,1.2550999,1.1801594,1.2104218,1.1703686,-0.5232896,-0.5378408,1.2002475,0.51022893,0.41696492
-1.0522643,1.0355086,0.76777494,-0.081135154,0.49137554,-0.5277938,0.50656754,-0.7603066,0.9588339,-0.2901471,0.59456754,1.9554083,1.6103446,1.9892278,-1.4099885,1.4056455,1.5954343,0.7154344,1.3967549,1.2239926,1.8294145,2.735917,2.6590707,1.3554565,1.5585791,0.99787754,-1.364149,0.24043629,0.49300674,1.312747,-0.7325518,1.035213,1.0361638,0.5988501,0.5539336,0.11046995,0.69160515,-0.24281253,0.61116034,0.2596329,0.9882489,1.060642,0.6826353,0.8348858,0.05826771,1.0754335,0.684724,1.2892058,1.2535272,1.2230136,0.910951,0.9349371,0.8258477,1.0918705,1.0361497,0.47947574,0.09567423,0.9508966,0.77509123,1.2753674
-1.1930785,0.91260743,0.6778882,0.27712902,0.49047005,-0.2543607,1.0549927,-1.907257,1.1401293,-1.1598278,1.1767879,1.9085342,1.9138232,1.6637162,-0.5157855,1.2815219,1.6988393,0.73148304,1.0640068,1.3756196,1.7452295,2.8453255,2.4985547,1.6840048,1.4334276,0.7936778,0.6386621,0.7795301,1.2492754,1.102329,-1.4770784,0.71943724,0.8734461,0.16967677,0.62166137,-0.42616707,0.21530569,-1.1442038,0.4514063,-0.13339607,0.6374826,1.110007,1.3420712,0.40808383,-0.5600955,1.1601014,0.85366994,0.8706982,0.9449675,1.1286641,1.4561335,1.6772422,1.647256,1.3633748,1.2079185,0.057755314,-0.2370863,0.9662415,0.62529063,1.0797341
-1.9433228,1.1187595,0.92517424,-0.4175329,0.49273372,0.2392313,-0.7312098,-0.62435967,0.9548293,-1.2496747,1.1594112,1.8827803,1.6636046,1.9069638,-1.084253,1.200959,1.19672,0.7799967,1.3186427,1.3617584,2.059147,1.6665673,1.6168809,1.5379572,1.4222,0.8988737,1.2644103,0.5116282,0.82181007,1.1649884,-1.5540591,1.219886,1.1595309,0.57498825,0.56478626,-0.70705515,0.1103867,-1.3667719,0.83555263,-0.099362224,0.83488405,1.4295541,1.2543246,0.5669815,-0.0039102603,1.1867007,0.9374538,1.2597924,1.4740258,1.2890933,1.1530484,1.2477145,1.1980536,1.2486024,1.1457515,-0.35366932,0.8739155,1.284331,0.6282853,1.5150056
-1.7322407,0.58357626,0.7845013,0.13066672,0.49047005,-0.47846866,0.2712267,-1.0661144,1.1617169,-1.3638191,1.1543847,2.117902,1.7724485,1.5981779,-1.8261623,1.3228801,1.2182918,0.67426115,0.6415888,1.291883,1.6949413,2.4987674,2.495792,0.9876792,1.2010673,1.2454904,-1.1031024,0.62333894,1.0082175,0.7500075,-1.2217968,0.8624059,0.5464702,0.5401335,0.3752519,-0.517163,0.42457485,-0.9149075,0.69859624,-0.20617606,0.6046866,1.0166487,1.3370042,-0.017812062,-0.20242909,1.0880479,0.7187213,0.57548845,0.7153617,1.2210999,1.2982687,1.4190882,1.3320984,0.97046256,0.8744148,-0.19126152,-0.32942072,1.0734422,0.3330018,0.8702246
-1.6420932,1.5022295,0.84645593,0.95474464,0.49001732,-0.6505545,-0.010054151,-0.98230577,0.9478007,-0.2624942,1.3775138,2.1730669,2.3457522,1.4688312,-0.4301882,1.0048712,1.3563689,1.1094468,1.3081042,0.98925465,1.9508153,2.3036764,2.3407671,1.1379496,1.0868307,0.716785,-1.3681308,1.5456171,0.70207053,1.4110287,-0.89309335,1.0074991,0.42215976,0.665565,0.3514609,-0.032424886,0.23405431,-0.2942055,0.43243778,-0.19521332,0.63511527,0.9312937,1.3268187,0.11218196,-0.026515866,0.789686,0.6137106,0.77838916,0.7455978,0.99649656,1.0794883,0.91513395,0.97708565,0.90780014,0.8965096,-0.42475668,-0.4509779,0.99854183,0.32383433,0.89161164
-1.9439554,1.2886845,0.71923494,0.5411991,0.4895646,1.9270163,-0.048629858,-1.8606657,0.88820755,0.13072434,1.5293769,2.204752,1.9264723,2.0675693,0.34319857,0.92917407,1.8057919,1.0230553,1.3799146,1.3214434,1.0750003,2.354596,2.4120238,1.4085196,1.4205321,0.8305593,-0.97425836,0.7228147,1.3026139,1.3354831,-1.5153532,0.9191408,0.8077419,0.97504854,0.44814363,-1.2693799,-0.30455565,-1.8215339,1.0302689,-0.31927443,0.8549709,1.2427373,1.5187746,-0.11901997,-0.0419134,1.0957993,0.5034607,1.0612675,1.0579786,1.2454203,1.3212259,1.4542185,1.4290985,1.1313148,1.0814666,-0.7912693,0.40590554,0.7620553,0.40094358,1.188235
-1.0220596,1.1940826,-0.50175905,1.3063325,0.49047005,0.86156857,0.84642345,-0.6637242,1.6401526,-0.16125709,0.9171242,2.0957987,2.119281,2.026322,0.62679666,1.0196277,1.2987494,0.25386363,0.16418718,0.8931683,1.6312901,2.5320754,2.3342228,1.0872685,1.2538202,1.0191933,-0.31315792,0.57439846,1.1134952,-0.042259414,-1.026604,0.8001233,0.3120864,0.93618155,0.5180818,-0.34471467,-0.3722189,-0.90255415,0.9111934,-0.41578552,0.5074796,0.89469403,0.7633001,-0.21218085,0.04585145,0.7866798,0.25866184,0.49261636,0.5445976,0.7928781,0.5606342,0.67711186,0.5606321,0.86312246,0.7635374,-0.6792332,-0.27076286,0.73006034,0.31576473,0.6093389
-1.6266996,1.6936018,0.4442295,1.5224274,0.49047005,0.57271665,0.8679919,-1.615019,1.5055741,-0.082417496,1.1873118,1.4936138,1.0963899,1.8222922,-0.13147259,0.80165267,2.183694,0.7570077,1.056129,1.1210988,1.4035004,1.9398199,1.694859,1.4757459,1.1751647,1.1195253,-0.54680455,0.29058406,0.3769859,1.0980461,-0.97712374,0.9465258,0.5647403,0.56245726,0.47342968,-0.396165,0.06827082,-0.85683095,0.5101907,-0.7211846,0.39854336,0.54538685,0.95941275,-0.033662677,0.19286056,0.8486085,0.45588925,0.7530126,0.8867857,0.8920966,0.82863677,0.88515544,0.9358931,0.707772,0.57098395,-0.25757444,0.031656094,0.5699267,-0.17648882,0.9052463
-1.0207609,0.5599586,1.0614856,0.9087301,0.49092278,0.08594419,0.9556654,-0.0898206,1.4396762,-1.8319848,1.2042043,2.2784405,1.3794748,1.7331812,0.060274307,0.032518864,1.3658025,0.7878344,0.90201247,0.93955743,1.1435122,1.9643587,2.398894,0.94921213,1.1090921,1.1068426,-0.84241766,0.56024045,-0.3075544,1.3343085,-0.8644332,0.77188474,0.66758305,0.76219624,0.47598583,-0.5926664,-0.22389829,-1.2012129,0.49647674,-0.50407857,0.46893448,0.30491582,1.1949022,-0.08562574,0.30423546,0.60264033,0.40895516,0.9604227,0.99709797,0.8418344,1.0341299,0.9178718,1.0396776,0.9292268,0.5072743,-0.74965036,0.04216858,0.50968665,0.061046664,1.0631298
0.3253782,-0.60638094,1.203319,0.33933464,0.48367912,2.3760269,-0.40536922,0.17035784,0.7907945,-0.89763975,0.65773696,2.1441867,0.7030717,2.0248046,1.5040989,-0.15014455,-0.15613006,0.8811519,1.0299964,1.3396568,1.6943269,1.1655877,0.8518112,1.5622624,0.3334413,0.2037077,-0.22852889,-0.38218334,0.14376426,1.0813013,-1.036646,1.129058,0.82897496,0.87049264,0.36727747,-0.62267935,-0.06716741,-0.9588255,0.6383925,-0.7397889,0.69633657,0.4366196,1.1322999,0.30111566,0.1677073,0.91525596,0.30271173,1.1460582,1.2330295,1.0063725,1.0723588,0.98038995,1.1255916,0.8298725,0.6616051,-0.62913996,0.52745086,0.48639274,-0.109752774,1.2261064
-0.21246456,1.0848463,1.1245884,0.36233863,0.49001732,0.8152294,1.1138196,-1.4658898,1.0859747,0.51136196,1.2500916,0.80563056,1.9764374,2.118738,-0.051406134,1.0516993,1.0434327,1.3796068,1.6690285,1.6127506,1.6768304,2.424223,2.512863,1.8081728,1.4236821,0.61106664,-0.029464971,0.8517987,1.2278908,1.6077104,-1.1948302,0.92330265,0.7067599,0.799154,0.4697551,0.10983682,0.33769077,-0.4911586,0.7161277,0.04995096,0.85331786,0.83665353,1.2970588,0.7973804,0.015440907,0.95993674,0.954528,1.0171567,1.050717,1.153964,1.0490502,1.0572015,1.082171,1.1241125,0.9437756,-0.16034776,-0.022594413,1.1418487,0.5985791,1.0487835
0.46062994,1.2806861,0.6840673,0.23987031,0.4968083,3.7418456,1.9469672,0.82029474,1.0413319,1.4762928,1.539609,1.9153428,1.8017192,2.943443,0.6537384,0.67820644,1.5603637,2.0665112,2.0543058,1.0814694,1.6387933,2.6621487,2.1388943,1.592806,1.5391382,0.71921957,2.3877602,1.0624774,2.1692147,1.8207612,-0.08592122,0.73954684,1.5441592,0.07696185,0.6793325,0.7202813,0.5497238,0.73063576,0.3286198,1.0083044,0.6666501,0.44667447,0.47422746,1.3638675,0.36671373,0.4053925,0.78571594,1.5512346,1.4588146,0.5265593,0.5248043,0.30771655,0.38320616,0.9355687,0.4754981,-0.062073804,0.0070940256,0.5727616,1.0507404,1.4526165
2.3047073,1.7127517,0.75726604,0.30478433,0.49590284,3.575396,1.544345,-0.61052305,0.6039696,-1.1452981,1.345482,1.8643333,1.6634374,2.4093773,0.56761044,1.25832,1.3573965,1.7587904,1.9366099,1.592212,1.9218506,2.6566386,2.5479825,1.5984559,1.0955195,0.8266503,2.5323422,2.2879367,0.118726745,1.8222921,-0.9148311,1.2284857,1.7358811,0.5507922,0.64739966,0.573777,0.77090615,-0.06413495,0.6564421,0.5447941,0.8086317,0.8178205,0.90087086,1.5887953,0.24451768,0.8572833,0.8482102,1.8220699,2.0175376,0.990418,0.88895345,0.7689709,0.791406,1.1570927,0.82586145,-0.027978493,0.9343209,0.9845403,0.7658105,1.9779913
0.005919336,1.0233954,-0.48228723,0.007966774,0.492281,0.3144478,0.9664819,-0.31430376,1.0364075,-1.2042531,1.0127565,1.4871775,2.3920922,1.6748781,-0.47190773,1.155905,1.2740239,0.35391676,0.11445221,1.2789958,2.0894294,2.9194345,2.9479249,1.8857479,1.2582809,0.37868387,-0.63645947,1.4545871,0.7349101,0.14402156,-1.085909,1.0320045,0.5722431,0.6115718,0.40555698,0.02525753,0.42580912,-0.72462285,0.54721713,-0.13192524,0.73424655,0.9387316,1.6604525,0.20398791,-0.12392661,0.9035566,0.8413598,0.78263605,0.93522716,1.169598,1.4669553,1.4649899,1.4514003,1.1542268,0.8545448,-0.46267983,-0.28025997,1.209977,0.56302863,1.065832
-0.9329602,1.3022535,-0.28341025,0.6040539,0.49137554,-0.66516525,0.2746961,-0.9302847,1.5064224,-1.0234761,1.0426052,0.9258713,1.8156474,1.6918639,-0.6297329,1.2042418,0.20793384,0.7680128,0.5463396,1.1266054,1.7686945,2.5234044,2.2535396,1.8344065,0.7213946,0.2486668,-0.51389474,0.8303094,0.3887931,0.50002545,-1.1554229,0.6928944,0.25682417,0.90561736,0.4705791,-0.6564088,0.18004128,-1.2233969,0.951595,-0.76507294,0.63707936,0.5082791,1.2435927,-0.57646084,-0.38885993,0.9558566,0.3012212,0.2994821,0.32946885,1.0463805,1.1505852,1.2111852,1.1475998,1.0032253,0.8934552,-0.34951025,-0.5093945,0.91105646,0.1594371,0.6495388
-1.3922106,-0.66692746,0.37895006,-0.17320856,0.49047005,0.0035084449,0.43033347,-1.425612,1.3504088,-1.012616,0.8358047,1.6884545,1.8039515,2.0115602,0.35725814,0.9164432,0.71334904,0.14431947,0.00032628232,1.034876,1.4197146,2.3651922,2.583899,0.83015054,1.3196204,0.98158914,-0.7890339,0.26559377,0.59558535,0.60851544,-0.98071015,0.5816056,0.40207595,0.5967024,0.19914627,-0.7515402,-0.3480612,-0.8288114,0.8156752,-0.42293718,0.42791885,0.685582,0.8333315,0.06894827,0.32662272,0.46315628,0.32597402,0.46906933,0.4482635,0.59935176,0.66281205,0.44460335,0.54296887,0.7034747,0.48528555,-0.41102272,-0.14871311,0.44185406,0.1117266,0.527142
-1.9004105,0.7856849,0.41508734,-0.63265765,0.492281,-1.1824442,-0.15089977,-1.108267,1.110851,-1.3356855,0.9198296,1.1016682,2.0224745,1.4117773,-0.7226825,0.96651745,0.5499338,0.64828575,0.5833224,1.5136325,1.940032,2.3589742,2.1306257,1.776725,1.4431838,0.9931065,-1.6303979,1.1076677,0.3586933,0.8294562,-1.2701743,0.9904029,0.5115635,0.6187872,0.6549037,-0.80753946,-0.12263325,-1.4466568,0.55196023,-0.83576727,0.5835066,0.6890387,1.52649,-0.41472474,-0.36219203,1.0929528,0.5472932,0.6156983,0.6806398,1.03632,1.3823466,1.4683475,1.4823502,1.0941513,0.94411653,-0.5842862,-0.21548235,0.8340344,0.116771206,0.87884194
-1.9485946,1.0465679,0.74426615,-0.039262224,0.49001732,0.099821076,-0.30766487,-1.0921435,1.3606213,-0.9838433,0.99189556,1.85225,1.9990404,1.7651865,-0.8125747,1.1417767,1.4394614,1.2535548,1.3390354,1.4522134,2.0810869,2.2066362,2.1253364,0.87965596,1.5418628,0.8803926,-0.6482413,0.14398175,-0.11091562,1.1890037,-1.219453,0.83990854,0.73571694,0.51863384,0.50418806,-0.4499509,0.11491168,-1.1701344,0.558811,-0.3617355,0.53115535,0.8983231,1.2208829,0.106258124,-0.26018107,1.0369211,0.77814007,0.7127313,0.8826264,1.1293904,1.1666135,1.2714363,1.3344076,0.7960714,0.8484062,-0.052193314,-0.07911563,0.6704954,0.22519426,0.9732848
-1.9204433,1.6213049,0.8450336,-0.48330015,0.49137554,0.105755754,0.43477795,-1.8443241,1.0861157,-1.0742215,0.6476924,1.4808322,1.7458062,0.8308037,-1.593305,1.1316733,1.4669117,1.0728369,1.7446523,1.4285613,2.0923924,2.0650089,1.8988103,1.5093633,0.999496,0.9317318,0.43826082,0.78532183,0.3198478,1.5812707,-1.7420545,1.2108628,1.1410112,0.38294873,0.6676436,-0.4529075,0.24414797,-1.4472613,0.64448345,-0.1775892,0.75330675,1.3380812,1.5052435,0.6242359,-0.31483585,1.4655241,1.1841631,1.1952608,1.433447,1.3241231,1.6734836,1.7838962,1.7016791,1.2438165,1.438074,-0.15923963,0.9004047,1.1668106,0.5760438,1.4167233
-1.9541826,1.4956793,0.6717726,-0.25870997,0.49047005,-1.9163969,-0.2931969,-1.8705751,1.2337694,-0.7156621,0.9384979,1.1910642,2.0718193,1.5734094,-0.22634272,1.3255377,0.916871,0.7309423,1.3428619,1.420053,1.8984967,1.497196,1.2077799,1.1029326,1.0020812,0.98373014,-1.0029818,0.15784769,0.17013615,1.2908742,-1.4716994,0.91927165,0.6180007,0.4316296,0.46561715,-1.0060189,0.21290053,-1.3014208,0.71094084,-0.28850675,0.69249386,1.0010066,1.4952396,0.07911143,-0.52883565,1.2889292,0.6698855,0.63394266,0.7676852,1.2758695,1.6002479,1.7759708,1.6811004,0.92394096,1.2107488,0.17024656,-0.007696418,0.9643459,0.48208025,0.98182315
-1.0845288,0.46888608,1.0406152,0.7755061,0.49273372,0.9849009,1.6965294,-1.3142134,0.7411685,-0.8170474,1.4303234,1.588583,1.5553038,2.121507,-0.46658507,1.2448049,1.487562,1.3014848,1.6058098,1.2767025,1.7173396,2.5425298,2.36672,1.5158998,1.136847,1.1942652,-0.6748171,1.0775839,1.1157929,1.4858547,-1.1947287,0.9205648,0.7506221,0.7466328,0.15368493,-0.4039065,0.41461068,-1.1822724,0.72486913,0.11348124,0.64395523,1.0949903,1.0721467,0.50613976,0.09952235,0.909384,0.5696273,1.0417724,1.2541765,1.0866367,1.1667778,1.112934,1.0630635,1.0260103,0.8944565,-0.16186415,0.10897923,0.9332291,0.49137303,1.2272459
-1.0760804,0.6203924,1.0274913,0.020777054,0.49318644,-0.89459246,1.2447793,-1.064582,0.9398479,-1.3438748,1.0687476,1.412726,1.050707,2.4246187,-0.3959041,1.257103,0.5829587,1.384015,1.7311227,1.0477495,1.7624539,2.890294,2.6989381,1.5790458,1.5767994,0.94394207,-1.305274,1.6290064,0.90273875,1.6054142,-1.5630689,0.95095456,0.77132326,0.5394245,0.7179278,-0.3110533,0.4345521,-1.2127203,0.93889064,-0.0359784,0.92260134,1.3776875,1.8180774,0.65376157,-0.3285681,1.4222443,1.2200108,0.91551244,1.0945263,1.3790402,1.9010512,1.9603269,1.8530735,1.477142,1.3888906,-0.2616274,-0.1815642,1.4448357,0.81976885,1.1825309
0.2106811,0.98833805,0.8433036,-0.66056865,0.49273372,1.4867569,0.5482224,0.70469433,1.4112746,-1.2366601,0.67105263,1.1515082,1.5226629,1.2103082,-0.4939641,0.91252023,1.0397007,0.9282169,1.2648216,1.3735802,2.0302746,2.5684564,2.4148269,1.7210084,0.7991581,1.406666,-1.2687122,0.30067682,0.8942142,1.072084,-1.5202364,0.7384679,0.19284149,0.395356,0.42467368,-0.9687889,-0.20043707,-1.5814203,0.7822116,-0.67745227,0.57584304,1.2382896,1.4776127,-0.45193353,-0.7400305,1.1652272,0.7713372,0.15024331,0.21979767,1.0345767,1.2925056,1.3136128,1.2517246,1.1254436,1.0813423,-0.38413197,-0.71796787,0.9956256,0.3158549,0.4554537
-1.6699282,1.4276744,0.8897519,0.33999038,0.49092278,0.25204784,0.80823034,-0.7901257,1.1199623,-0.17102024,1.2266551,1.4351761,1.8362943,1.8587949,-0.44396725,1.1262537,0.38033125,0.87701434,1.7040321,1.1069577,1.7740964,1.942622,2.004083,1.1126117,0.9799348,1.0158124,-1.0983682,0.57906425,0.7635191,1.4542015,-1.0727276,0.7892746,0.59981936,0.4104565,0.14545316,-0.18879977,-0.097361,-0.6486042,0.24050352,-0.557265,0.36632574,0.79827297,0.9783163,0.30465782,-0.083801255,0.78403705,0.5573375,0.72937095,0.8944924,0.7695962,0.77989274,0.5763368,0.68935066,0.6949681,0.5379665,-0.85473454,-0.02697484,0.6669724,-0.047336053,0.9201643
-1.8456894,1.2464112,-0.14429694,1.2165548,0.49047005,3.4926426,0.6476121,-1.1868862,1.5422821,-0.4484605,1.8248854,1.3680075,1.6077651,2.0538986,-0.5734598,1.0220234,1.3427658,0.35852948,0.28162593,1.2195073,1.1986665,1.7559898,1.4480665,1.2047731,1.4191555,0.76702124,-0.6387743,0.81993437,1.1587336,0.17030962,-1.1215384,0.9192101,0.2548178,1.1180038,0.4038496,-0.025850974,0.16181934,-0.19728887,0.86189824,-0.09750126,0.6832427,0.96376514,0.5945349,0.07898452,0.3844004,0.5360539,0.51105267,0.49168783,0.5137376,0.78211945,0.32822716,0.3014573,0.17556754,0.84139377,0.55568945,-0.537115,-0.32738888,0.87914556,0.47904935,0.47040752
-1.1576164,2.1296554,1.0663482,-0.4030399,0.49092278,-1.3418869,-0.47319645,-1.2444627,2.00946,-0.6732254,1.0624002,0.45776385,-0.19615228,2.2055893,-0.34942704,0.29614887,0.2887244,0.94376904,1.6892678,0.92602915,0.6128043,2.434548,2.604441,1.6908072,0.8165206,0.63548106,-1.1530949,0.1749908,0.11465285,1.6350071,-0.75653785,0.4838574,0.4259714,0.68588483,0.021591157,-0.75514954,-0.12407112,-1.0578048,0.4433054,-0.14030693,0.34685063,0.50346476,0.87565565,-0.1447952,0.3969445,0.3809041,0.39871454,0.6673201,0.6328676,0.70605767,0.8090249,0.6550255,0.7223866,0.61271536,0.46627212,-0.4414695,-0.08858405,0.4499192,0.1673615,0.7222494
-0.3202464,-0.31309798,1.833915,0.4469992,0.48865914,0.83726704,1.2024442,-0.5813209,0.45197293,-0.63876855,-0.4950611,0.6098257,0.31197485,1.5118921,0.42283407,0.6297963,0.3780993,1.7848965,1.7459549,0.082067125,1.013976,1.6617703,1.5566708,0.25714034,0.24710399,0.97576004,-0.69994706,-0.80818033,-0.21564983,1.6329428,0.15112472,0.13278607,0.8945135,-0.21673279,-0.38255996,0.11263329,-0.2439569,-0.17829992,-0.424963,-0.27649364,-0.398498,-0.48785564,-0.08163691,0.35908628,0.90272903,-0.49440497,-0.2519812,0.8579742,0.9442476,-0.2810547,-0.30786043,-0.13215522,0.019634437,-0.55045265,-0.49243614,-0.552428,0.52053523,-0.65666896,-0.6152209,0.8166338
1.912762,2.2031288,1.3295188,0.42676067,0.49545008,2.1381593,1.6842448,1.2930582,0.9584133,-0.42509985,1.176834,1.0536555,2.143061,2.276363,-0.2231029,1.0621176,0.791249,1.7590823,2.102647,1.5005255,1.7716893,2.1760063,1.8557739,1.1396971,1.3668561,1.1419634,2.9379776,0.81932765,0.25007683,1.8365302,-0.97022504,1.4567728,1.6326244,0.19738077,0.7251568,-0.17542408,-0.11431663,-1.159814,0.61578554,0.8327276,0.7676606,1.0567349,1.3136097,1.150626,0.7342271,0.8460736,1.0733399,1.8927803,2.158573,1.0804833,0.78511274,0.7949605,1.0919582,1.2460209,0.7901202,-0.6833691,1.9753711,0.76204556,0.9502721,1.9963285
1.0449218,1.1977007,1.1429594,0.46386573,0.492281,0.32220954,1.20596,-0.9750867,1.1792877,-0.92667353,1.6205175,1.3350089,2.3096912,2.1543555,-0.3644295,1.1538333,1.017177,1.3896704,1.6125271,1.4668347,1.4157759,2.198467,1.902966,1.9045265,0.86417514,0.3977431,0.554843,0.050390292,-0.029286884,1.4483402,-1.3565534,0.9448045,1.0061882,0.7798782,0.43929338,-0.1430091,0.3213205,-0.89391905,0.78253305,0.111729875,0.5832509,0.9190743,1.375254,0.8631983,-0.03734945,0.9299789,0.92434734,1.1041784,1.3587049,1.2607181,1.1748656,1.2348433,1.2889409,1.0761788,0.84353405,-0.33802268,0.0718332,1.1018611,0.5472488,1.388193
-1.7310809,1.1771239,0.8433393,-0.327855,0.48820642,0.844218,-0.20740713,-1.6917727,0.9751185,-1.4793748,0.77879095,1.5315715,1.3730887,0.17959046,-0.6699152,1.3194072,0.71164405,-0.051518347,0.30089843,1.409708,2.1183546,2.6571808,2.5030859,1.5709049,1.2364315,0.9869847,-1.6079748,1.4487684,-0.041746654,0.6578042,-1.1244907,0.97075164,0.12414769,0.855182,0.607884,-0.42794517,-0.046643488,-0.7846487,0.93149614,-0.6643548,0.64877844,0.8810192,1.0815089,0.17976576,-0.25358817,1.0900639,0.8128014,0.24754363,0.29152304,1.0159827,1.0018748,0.9567208,0.9271199,1.0600225,0.8453782,-0.6729114,-0.13556257,0.8226524,0.2695547,0.40843773
-1.8723646,0.7445528,0.63784647,0.040907364,0.4895646,0.88709426,0.07299684,-1.217959,0.68172115,-1.2843735,1.0321339,2.0781095,0.8401601,1.3286629,-0.94552225,0.9740812,1.5375322,0.5535134,0.64128035,1.4635468,2.1441557,2.160778,1.6027523,1.4257795,0.8486503,0.8862498,-1.0951916,0.8785887,0.59223306,0.93681896,-1.2960023,0.6149044,-0.10532178,0.5980556,0.47186708,-0.399736,0.18869153,-0.9220258,0.63244647,-1.1217479,0.34897345,0.95809925,1.2071211,-0.26223215,-0.8391647,1.1204703,0.562378,-0.13398045,0.03605279,0.97101635,1.2305921,1.1855114,1.1708106,0.88439864,1.0386918,-0.20386273,-0.5817523,1.0554551,-0.07975115,0.24047646
-1.7891759,1.7302265,0.807214,0.2317593,0.49363917,1.5338193,1.3108985,0.88297534,1.0723857,0.48757175,1.1674176,1.2779931,1.5995636,2.6447525,-0.86411756,1.6171398,2.5431938,0.83047074,1.3509425,1.2135097,1.5342349,1.892334,1.5027674,0.87489027,1.239844,1.0430125,-0.70649487,1.3299282,1.575624,1.2026986,-1.1503029,0.85877216,0.8869839,1.0138664,0.47844386,-0.6114346,0.42162678,-1.2119358,1.0527434,0.4394196,0.77633536,1.2630626,0.56627,0.50516725,0.60524756,0.8853956,0.8118055,1.0998484,1.172673,1.0897573,0.540798,0.4634056,0.26134908,0.97891605,0.71799225,-0.09528682,0.43532172,0.7814443,0.6215305,1.1682719
-1.2187957,1.2664478,0.5059927,0.5831256,0.492281,0.73764217,0.5327608,-1.807816,1.2126445,-0.6228575,1.4295893,1.4980243,1.6512028,1.5969392,-0.6858057,1.1261119,1.8058673,0.8706536,0.90063095,1.3534067,1.6558436,2.4408748,2.5699992,1.3601487,1.3989649,0.6038644,-0.29612938,1.3020295,0.58626986,0.73477143,-1.2634212,0.7382438,0.61440104,0.10922301,0.63547313,-0.39397717,0.3083568,-0.9607775,0.46547866,-0.578267,0.31312758,0.81794393,0.97563446,0.25152624,-0.5977363,1.2016095,0.34738648,0.4764475,0.76384026,1.0826174,1.1990937,1.222834,1.1033307,0.7077191,1.0440352,0.09859331,-0.058775723,1.0148214,0.18016706,0.9004059
0.22921237,0.9940621,0.90611017,0.11013565,0.49545008,3.7766707,1.1687077,4.504861,1.1331782,0.9099579,1.2045906,2.36731,1.7935295,2.8223088,0.25820804,1.0170959,2.3237655,1.1449866,1.720566,1.2085431,1.9351101,2.1960611,2.0721645,0.8237692,1.6645929,1.3525453,-0.72002625,1.0493692,1.6667116,1.5711391,-1.1975127,1.0037541,1.2679584,0.1480629,0.57552075,-0.19528177,-0.04291337,-0.6260169,0.44236663,-0.2184909,0.5334879,0.8450423,1.3362159,1.3213222,-0.16050284,1.0976001,0.8055984,1.1736404,1.570554,1.0221653,1.2908311,1.0534095,1.1152426,0.9933198,0.8350842,-0.28649685,0.83523846,0.7429006,0.34309143,1.5045278
-1.4402893,0.9673713,1.3808473,0.5541405,0.49545008,1.5504029,0.1036346,0.85902715,0.971073,-0.24947171,1.2476871,1.9635416,0.78141916,2.5263584,0.8255312,0.5200111,1.1938355,1.7543246,1.9856255,0.88758236,0.9134958,2.4530096,2.4991388,0.80158246,0.74251693,1.4765075,0.08761484,0.76122814,0.19806735,1.6562313,-0.7726597,1.2090778,1.1732403,0.45375347,0.40583283,0.04016932,0.59831846,-0.34690335,0.4316416,0.8821009,0.9217775,1.2919309,0.90665114,1.2783759,0.9110229,0.7261358,0.8311898,1.6322541,1.7242217,0.97687835,0.6748609,0.25795484,0.4468004,0.99991447,0.7617611,-0.110115506,1.0244725,0.8557689,0.79049695,1.5561743
-0.22373995,0.84187055,1.4739577,0.37722057,0.49545008,3.1925592,1.7848256,0.87565047,0.8059084,-0.11910496,0.7013159,1.7584435,2.0147252,2.6759756,0.42051852,0.14725375,0.72756344,1.3297924,2.0164163,1.4356534,1.7520605,0.70693725,0.449995,1.6472038,0.62351227,1.3185234,-1.0917026,1.1225704,-0.20790075,1.5415702,-0.26149765,0.8530974,1.3024006,-0.3542416,0.3021694,0.028479703,0.021360446,-0.2331035,-0.26422164,-0.12505096,0.12910198,0.24531075,0.008907133,1.1713308,0.6819167,0.00064147124,0.057156757,1.2922139,1.5805429,0.018660856,-0.01975952,0.0050102854,0.050660126,0.12362044,0.030048018,-0.2279854,1.3686618,-0.07172328,-0.10471366,1.3830872
-0.5875475,1.3746449,0.99901456,-0.08188405,0.49092278,-0.6086419,1.6700798,-0.6612949,1.1281242,0.44437158,0.49056482,1.0751283,1.3838042,1.5859249,0.12874523,1.1348916,1.7569197,1.2865906,1.7318755,1.2302389,1.6383023,1.5133474,1.9295648,1.0949435,1.0734702,1.0609523,-0.49563414,1.0662572,0.46342748,1.4949133,-1.0186006,0.67162746,0.9816961,0.608815,0.28862455,-0.39957088,0.013578391,-0.9428642,0.47393933,-0.2139055,0.3768345,0.77858347,0.837897,0.4767473,0.4799744,0.56667584,0.7282984,1.1149019,1.2434766,0.88043576,0.68586093,0.7929543,0.83971304,0.83413416,0.46744272,-0.6209451,0.3454531,0.496912,0.14032613,1.2005265
-0.5834138,1.731109,1.0808363,-0.54704434,0.49318644,-0.91301024,0.8223479,-0.78811264,0.38549805,-0.51456654,-0.6879304,1.2658836,0.47168446,1.1637177,0.5769863,0.10836001,0.415054,1.6425754,1.9459679,0.64118433,0.6105842,1.3924911,0.8977575,0.70316696,-0.45680323,0.28178236,-0.97358274,-0.30973575,-0.70721155,1.5368884,-0.5578092,0.57783633,0.9708074,0.4534061,0.21752015,-0.62510103,-0.117928,-0.8616193,0.14811541,-0.1387003,0.29564452,0.16453162,0.38469344,0.05170264,0.5943393,0.226134,0.22449213,1.1737645,1.1923548,0.4265266,0.5123424,0.5120069,0.6123227,0.28264356,0.1669317,-0.13558948,0.6122454,0.08475906,-0.14504747,1.1069088
-1.4878408,0.23305868,0.8111559,0.57435405,0.49047005,-0.74239093,0.5425045,-1.5002795,1.1114873,-1.1043987,0.72514987,0.49622327,0.7232154,1.018712,-1.2224803,0.571672,1.9046901,1.2282403,1.4117924,1.0996275,0.5991632,1.9111663,1.6125455,1.7559699,1.0808052,1.0693692,-1.6278316,-0.08793169,0.50108624,1.3602854,-1.2793465,0.99883765,0.7847034,0.6840829,0.5595935,-1.0183347,-0.14192216,-1.2981069,0.70088106,-0.31044483,0.5832653,1.0033857,0.62043136,0.06732966,0.17456341,0.89447904,0.66976726,1.0371728,1.1217864,0.93972987,0.8218781,1.1001427,1.0500762,0.8004476,0.91983837,-0.24981752,0.3277763,0.66874194,0.26702768,1.1338872
-1.7368798,1.9288052,0.24395895,0.6972036,0.4895646,-1.7620804,0.82944113,-1.7012475,2.0145655,-1.4784796,1.2502185,2.5240903,1.4318647,0.948594,-1.90377,1.0099193,0.5568112,0.90166265,1.0342454,0.89116424,0.88554245,2.3089278,2.5113866,0.93577147,1.4397697,0.862513,-1.1561451,1.8978227,0.08188428,0.89042515,-1.3094292,1.1092831,0.36640707,1.0792168,0.5782301,-0.69699174,-0.025380043,-0.94526356,1.1288525,-0.011092741,0.772969,1.1477512,0.6064457,0.109297976,0.35327908,0.85255945,0.45217317,0.65315187,0.6479621,0.9221783,0.444578,0.707641,0.5852272,1.0913612,0.8893973,-0.4484428,-0.26332837,0.82228684,0.58255917,0.6519911
-0.8249416,1.5348291,0.12676772,1.9226621,0.49001732,1.3540249,-0.038157504,1.2477223,1.8788244,-0.93329215,1.1363804,1.4478666,1.1663218,1.4001573,-0.76471716,0.99115354,0.35370904,0.7307988,0.5030577,0.90513295,0.9543175,2.4484518,2.221285,1.7944567,1.5145564,0.9786479,-1.0082957,1.3099813,0.6279792,0.38411155,-0.973621,0.9463429,0.30564997,0.94815546,0.42683494,0.26342708,0.24809195,-0.1104868,0.77760506,-0.19607155,0.76837033,0.9156947,0.5748713,0.4266327,-0.0658516,0.8839568,0.4901167,0.3022468,0.3707466,0.9104825,0.4555885,0.5850185,0.6376803,0.87027955,0.64778644,-0.21568497,-0.27370748,1.049166,0.48630378,0.36110437
-1.0906647,1.822136,-0.3363764,1.1943618,0.492281,-1.296713,0.42588615,-0.25728852,1.2776475,-1.3940891,0.6368464,1.6540359,1.0586958,0.97362214,-0.9613604,0.61268854,1.916439,0.031267513,0.064794965,0.53272957,0.21306196,1.9748963,2.2422614,1.8534341,0.36380437,1.0282142,-0.5440776,0.7474861,-0.18740918,0.20865045,-0.42122182,0.25156853,-0.042045273,1.1213977,0.5287405,-0.3220872,-0.099120796,-0.60984045,0.64196336,0.055063237,0.3859191,0.2588209,-0.23581965,-0.40462998,0.61512405,0.13810167,0.070456676,-0.042620707,-0.22895665,0.29983944,-0.5082766,-0.35171205,-0.3342583,0.31541473,0.03665345,-0.32166576,-0.5875715,0.20696747,0.23592457,-0.23414113
-1.002626,0.5681377,1.0708991,0.7185684,0.48413184,-1.2308757,-0.4226996,-1.1184232,0.8798385,-0.862056,0.45104805,0.7561774,1.5344216,0.49607,0.06868275,1.1513506,0.49278468,0.85705864,0.9512726,1.3199135,1.2870774,2.6163118,2.7918751,1.4927044,0.2601447,-0.23171504,-0.19195792,-0.019951949,-0.3246639,0.8407999,-0.90996766,0.83687884,0.91462433,0.7810223,0.54511285,-0.32414728,0.21613936,-0.62434167,0.40584424,-0.5663315,0.60138226,0.36514747,1.506117,-0.12719497,0.17506231,0.5712838,0.71731883,1.0129645,1.0259395,1.0696881,1.1572579,1.4360343,1.4689057,0.7928532,0.5741105,-0.22144368,-0.15258218,0.47562456,-0.015422124,1.0561672
-0.88673747,1.0704181,0.57938486,0.51591563,0.49001732,-0.18114802,0.14912046,-1.4049339,1.2602316,-0.6833645,1.4771167,1.5980998,1.9654574,1.5898904,-0.52585006,1.0611764,1.1679715,1.3720725,1.2739525,1.6261853,1.72135,2.3396306,2.2801006,1.9546115,1.3348523,0.23872384,-0.66536176,1.4141836,0.85665995,1.2261891,-1.620698,1.1178862,0.6182041,0.5024949,0.5263062,-0.58449215,-0.04049886,-1.1670123,0.7597609,-0.45938158,0.5466839,1.0471112,1.6516008,0.16127019,-0.5688734,1.0804036,0.75838065,0.68698114,0.89849883,1.2005768,1.6114622,1.8261309,1.8063955,1.0837291,1.2467613,-0.42505583,-0.31746086,1.10233,0.4492976,0.9945301
-0.10289155,1.2104081,0.7402098,0.77239805,0.49182826,-0.7168137,1.1173369,-0.016048973,1.3164454,-0.9985448,0.8786513,1.7299939,1.734685,1.555921,-0.55051756,0.9234224,1.0135893,1.0621206,1.1026416,1.376093,1.7681911,2.5125442,2.4095128,1.7958046,1.6159745,0.7679985,-0.9168129,-0.12763411,0.64589494,1.0526147,-1.5001732,0.98281115,0.6617506,0.6461134,0.51633346,-0.89376926,-0.21451189,-1.6608258,0.70019966,-0.6545404,0.6538597,1.1401542,1.6742929,-0.5036828,-0.52005136,1.254772,0.6109378,0.76774454,0.8954253,1.186317,1.5236652,1.6730299,1.7155213,1.2390143,1.3065724,-0.28573543,-0.056360275,1.1035682,0.36552915,1.0840784
-0.7404628,1.0861896,1.1936917,0.76220113,0.49318644,1.5823202,0.5408904,1.6805301,1.4777403,-0.99096274,1.5175958,1.4207661,2.0193117,1.7966357,-0.055614635,1.2237611,1.7672029,1.8782336,1.244925,1.2956425,1.7920233,2.3118582,2.6027746,1.6456226,1.1985414,0.8846975,-0.5180029,2.0721903,0.7916186,1.1538252,-1.4863392,1.1607982,0.97204614,0.77255976,0.43530107,-1.1164346,-0.5032586,-1.3115509,1.0096639,-0.551309,0.7792707,1.1632125,1.5187123,-0.3170808,-0.47169015,1.0998667,0.968126,0.98502654,1.1103873,1.1841991,1.2624773,1.212692,1.3909171,0.9857244,1.0086837,-0.94553554,0.0047580535,0.7028665,0.20319077,1.1698937
-1.9999417,1.3502034,0.6918138,0.33988902,0.49318644,0.33392337,1.0905613,-1.9077785,1.1518219,-1.3285127,1.2670574,2.0805535,2.1510487,1.8788278,0.0436207,1.0400163,0.83287674,1.2059742,1.3652648,1.1309917,1.651666,2.362275,2.1982944,0.81064105,0.9258705,0.71621215,-0.8061432,1.0203539,-0.18783231,1.3291959,-1.8583262,1.1706076,0.93896765,0.43104216,0.5836285,-0.5983452,0.20382975,-1.2659633,0.6039432,-1.0766485,0.7818456,1.3478003,1.7380152,0.17511512,-0.8390755,1.230683,0.8573214,0.9771838,1.2347759,1.3093965,1.5718116,1.5542636,1.6488382,1.3122047,1.1772621,-0.44784024,0.76676756,1.3727089,0.15304507,1.264532
-0.7091915,1.580919,1.1445411,-0.30724394,0.4940919,1.2799878,0.83104956,1.0656775,1.2990985,-0.37426922,1.2705362,2.0624218,2.2232544,2.3096666,-0.06248189,1.2811476,1.4727579,1.0421028,1.517575,1.1561077,1.4879763,1.7926012,1.6432164,1.6081789,1.1499112,1.1415769,0.8548207,2.0146623,-0.08079571,1.5596514,-1.0827338,1.0136403,0.98025644,0.40425318,0.4607844,0.09945369,0.42646807,-0.6467026,0.5602085,-0.441517,0.7055742,0.7649997,0.80005246,0.82684624,-0.26825526,1.0619495,0.85949785,0.9800926,1.199774,1.0936875,0.8749733,0.9542172,0.93404377,0.71420527,0.8369506,0.11115722,0.9501965,0.6116846,0.04001388,1.2335552
-2.0133321,1.2103918,0.9723029,-0.080589965,0.48911187,1.6007663,0.6945405,1.4487892,1.1449966,-0.6369555,0.7816456,1.3136947,2.6633728,1.8542057,-0.53788465,1.2886186,1.3292313,1.2303855,1.4625458,1.466684,2.0820467,2.5570111,2.4432635,1.1705714,1.2842009,0.85003066,-0.7610584,0.9833116,0.60444665,1.4126388,-1.0577873,1.0147332,0.917718,0.4547239,0.6196326,0.11968319,0.44305152,-0.52469856,0.65271705,-0.1990577,0.53153497,0.94206214,0.99950826,0.66593015,-0.15401408,1.0500478,0.8052021,0.87708044,1.1418948,1.1389213,0.9763308,1.2728332,1.2570674,0.91334236,0.8314385,-0.089229815,0.13291587,0.8298858,0.25709587,1.2385119
-0.79296046,1.3775849,-0.47190192,-0.0072166766,0.49047005,-1.198336,0.5332522,-0.54510576,1.0054959,-0.8884706,0.7455724,1.6521349,1.8982525,1.5135792,-0.15501148,1.1949456,1.0551624,-0.22517304,-0.42083308,1.4230571,2.2827642,2.1145902,2.0963352,1.454254,1.170986,0.79112476,-1.3674457,0.27882817,0.9195455,0.101174824,-0.94022965,1.2053145,1.0601081,0.33974227,0.80915964,-0.090987116,0.32475224,-0.34471926,0.59876275,-0.5397627,0.66011757,1.1281551,1.1704352,0.97320616,-0.55456364,1.2022483,0.92805094,0.9403968,1.1971512,1.1070398,1.3132282,1.6967824,1.646095,1.1674664,1.1040423,-0.22060667,0.130913,1.0047606,0.2120757,1.280513
-1.8311393,0.7201808,-0.0060028285,0.35144734,0.48911187,-0.28118694,0.41006547,-1.7740896,1.1290851,-1.1983109,1.2520738,2.3723435,2.187,2.1096017,-0.81639814,1.3665583,1.3056034,-0.18728629,-0.6035516,1.0737953,1.5675564,2.8459938,2.785525,1.0122808,0.7964114,1.1520352,-1.1335977,1.1887813,0.35703525,-0.0077550127,-1.1418202,0.44725835,0.14569351,0.42737585,0.4070352,-0.310383,-0.03122058,-0.7378602,0.4723594,-0.84022564,0.30020666,0.7185547,0.6965779,0.11659135,-0.6022603,0.9884484,0.567448,0.025768999,0.14728507,0.84968394,0.8988605,0.8949217,0.947694,0.6904135,0.6983074,-0.19009934,-0.1738506,0.6736263,-0.045261692,0.24794303
-1.8269218,0.87233853,-0.011638477,0.7161204,0.49137554,2.560337,0.4778653,-0.8677136,1.1931384,-0.59824383,1.1443307,2.0287547,2.4298923,2.1472802,-0.7082115,1.2302247,1.765547,0.53909206,0.54767376,1.0505667,1.8303943,2.6441424,2.57261,1.5846542,0.6927933,0.916796,-0.29821402,0.7159063,0.8218192,0.49733698,-1.4439512,1.0251796,0.6663411,0.53794736,0.39577454,-0.21629573,0.58144087,-0.9107636,0.8818297,-0.05653613,0.7045477,1.3402991,1.0408231,0.3783466,-0.35219613,1.2199236,1.0955642,0.6224996,0.8757267,1.2081171,1.2600139,1.5213506,1.4181821,1.1422244,1.1931646,-0.35642782,-0.07179598,1.2242221,0.6676966,0.9987111
-1.8084706,1.1986502,1.141543,0.063661605,0.49318644,0.57120293,0.023600314,-1.7553141,0.81577206,-0.17865354,0.6387632,2.056541,1.2594932,2.1531472,-1.0862149,1.1375313,2.277075,1.4213989,1.3551399,0.85401624,1.1075953,2.2894416,2.262708,1.3921849,1.0743786,1.0152602,1.7471313,1.2879972,0.99223113,1.1412485,-0.96716225,0.7701443,0.6909247,0.8092411,0.4555911,-0.38619545,0.15659384,-0.81416994,0.9028105,0.1081094,0.43634057,0.6749499,0.55449736,0.4387915,0.21030675,0.7119553,0.9223311,0.78096974,0.93816835,0.9216701,0.6924166,0.76943964,0.70931643,0.6573844,0.6113919,-0.37444806,0.22597544,0.73224723,0.3957154,0.86565477
0.28324115,1.6732553,0.19765568,-0.36733013,0.49182826,2.0909207,0.4903581,-0.18801679,0.7209759,-0.75477165,1.0389761,1.9019573,2.3619227,1.9005933,-1.7109551,1.2197477,1.1491041,0.31643558,0.8130857,1.3993757,2.1597173,2.500585,2.8118885,1.4813758,1.2239797,1.0913662,-1.5114284,0.5502797,0.69043374,0.7302576,-1.483775,0.8990801,0.41331217,0.37704453,0.41022235,-1.006507,-0.2428284,-1.5002822,0.5916625,-0.8941285,0.4750992,0.9549099,1.5300887,-0.38767487,-0.70947224,1.2716913,0.8775598,0.36125195,0.55456525,1.1877738,1.3458108,1.5225666,1.5303215,1.0122732,1.0679257,-0.48912537,-0.35136017,0.7549151,0.016584957,0.7318971
-1.7443657,0.57966363,0.86809975,0.34824896,0.49047005,-0.7121317,0.9432171,-1.2817534,0.8013855,-0.7244653,0.775578,1.1391648,1.6823993,1.5109364,0.3196609,1.1085395,0.41071922,0.8230665,1.2574763,1.1215675,1.8469325,1.7453439,1.4771714,1.4964119,0.788646,0.90901285,-1.0203333,-0.058651365,0.025537714,1.4385589,-1.4321245,0.90583,0.19688681,0.5331306,0.23819569,-1.142218,-0.4779775,-1.3885912,0.5896276,-1.3469207,0.3677503,0.92167634,1.5198972,-0.2909641,-0.70502895,1.2051816,0.6479675,0.15579703,0.4354419,1.1175894,1.2862321,1.4984306,1.5863677,0.82071215,0.9226272,-0.838905,-0.26757362,0.68109417,-0.28109363,0.5766998
-1.5643871,1.1132106,0.3668457,0.50670666,0.49182826,1.9931536,0.40625337,-0.69673336,1.2234672,-1.4179155,1.5012063,1.8349422,1.3540832,1.3916904,-0.4189028,0.72564715,0.4187326,0.64895856,0.51342255,1.2017692,1.6924995,2.0996206,2.5251627,0.99045044,1.410943,1.7108057,-0.52881104,0.63216406,-0.21071953,0.5180004,-1.345014,0.6560497,0.1439762,0.6259723,0.27757496,-0.7293875,0.18264051,-0.8616052,0.58859515,-0.6560953,0.49947733,0.7982716,1.1647063,-0.2510742,-0.12939472,0.9843289,0.54070926,0.27791128,0.36341795,1.059223,1.2453754,1.1605924,1.228961,0.88955957,0.90969455,-0.20819506,-0.4325448,0.9341378,0.11929636,0.48632473
1.3197476,0.48338285,0.7995268,0.64975834,0.49001732,1.6476105,-0.035748452,2.1957815,1.4158121,-0.9454532,0.79512984,1.4437643,1.3616285,1.4283452,-0.8256656,1.1902684,1.6216685,0.6033665,0.7418808,1.0166408,1.7909571,1.9537636,1.7802527,-0.10441233,-0.5228504,0.5259583,-1.181569,-0.06071615,0.097593285,1.0240346,-0.91459,0.78098226,1.1100302,0.52984625,0.5961426,-0.015887056,0.26468602,-0.6512909,0.3682093,-0.35609528,0.51896566,0.5766472,0.67865884,0.23775342,0.42946538,0.66539264,0.6261713,1.1209712,1.2046057,0.85612315,0.72497857,0.39847085,0.6314458,0.7590611,0.540622,-0.41251945,0.16774078,0.45606,0.0550646,1.2183412
-1.4166718,1.0082525,1.275218,0.8500602,0.48820642,-0.45864078,-0.20953882,-1.4469084,1.4822285,-0.54265666,1.1308507,1.4262561,1.41839,1.4167242,-0.1668356,0.5860646,1.76784,1.3494369,1.6887393,1.2903012,2.0808942,1.0979772,1.0793732,1.3273236,0.4947104,0.6532341,-0.27023757,0.7638103,0.17741147,1.6140565,-1.359886,0.74531865,0.9234988,0.69826907,0.3900972,-1.0819,0.061649732,-1.6001259,0.53050286,-0.32606053,0.6851087,0.7673106,1.0464592,0.026795365,0.2811583,0.73548186,0.6761373,1.1866895,1.2008654,0.99221355,1.047776,0.957342,1.0206368,0.92184454,0.74021477,-0.3875399,0.4962022,0.7570365,0.12837173,1.2154648
-1.4265827,1.7883314,1.0212262,1.2266964,0.48911187,-1.535332,0.09912677,-0.96769017,1.6943532,-1.1225512,0.99753207,1.8629721,1.4474065,1.0552716,1.1258202,0.8503389,1.6477119,1.6568166,1.7191299,1.0447822,1.3749232,2.1674883,1.7533733,0.6029124,0.6095924,0.60014683,-1.0799623,-0.2988511,0.37890905,1.5629288,-1.3317103,0.8574524,0.95406824,0.52305806,0.44134086,-1.1503935,-0.2343522,-1.2482955,0.58047414,-0.41367373,0.60363877,0.6356091,1.0122079,0.41383487,0.1366654,0.69889194,0.55374295,1.0221914,1.1487718,0.80055726,0.79341316,0.8348582,0.8210563,0.8058302,0.56772625,-0.47652757,0.023987561,0.45294783,0.06710453,1.1297007
-1.6427258,0.9429202,0.9335545,1.8100483,0.48639548,-0.5945227,0.9351189,-1.6164967,1.4070151,-1.006001,1.0562472,1.4856311,0.7358863,1.6962444,0.40574306,1.0999128,0.7339762,1.3239286,1.4836345,0.934991,1.2596598,1.5435507,1.5286274,0.5347771,0.80849296,0.9687264,-0.42443913,0.49435842,0.38220635,1.738299,-1.1361134,1.2172118,1.1935306,0.5777337,0.4740716,-0.30782738,0.20325556,-0.8955681,0.5667912,-0.07186633,0.8211357,1.007773,0.90578747,0.9256586,0.49919522,1.0508202,0.73992926,1.4512181,1.5246152,1.1778017,0.8966703,0.92548865,0.9991242,1.0037508,0.94114494,-0.0442559,0.914688,0.6721566,0.41114253,1.4562209
-1.2913088,0.703098,0.9845278,1.5413493,0.4877537,1.8671852,-0.50641245,0.5655404,1.7663194,-0.28317863,1.6637646,1.4786437,1.4147482,1.4583697,0.85980046,0.45805272,0.44330522,1.4501435,0.91058266,0.6036145,0.80451655,1.7951509,1.5115763,1.5298,0.91523653,0.9137858,-1.0231326,0.9817427,0.9005786,0.99542946,-0.9779748,0.8209349,0.9789707,0.5478186,0.44438034,-0.47832274,0.21299939,-0.6114918,0.3143726,-0.61642283,0.5241562,0.559225,1.0510933,0.5815508,0.5342518,0.71722823,0.42588216,1.1690104,1.1966666,1.0507445,0.8307688,1.0931376,1.0971987,0.814409,0.50339055,-0.21198171,0.36629966,0.33287704,-0.11121851,1.1371461
-1.0444528,0.80294627,-0.4199403,1.467251,0.48865914,-1.0281929,-0.05822839,-1.7070713,1.5387183,-1.1637806,1.4234828,2.18476,0.9192007,0.46648812,-1.0193616,0.53282803,-0.03284305,0.13378091,0.13819823,0.94957787,0.8026587,2.0473108,1.9540429,1.4342122,1.2622212,0.81217086,-0.90416116,1.5556419,0.40836212,0.4947827,-1.0929364,0.6561764,-0.42597064,1.0511616,0.10519633,-0.85317653,-0.26619765,-1.191533,0.9156467,-0.6222701,0.53797585,0.6569866,0.5633268,-0.5866925,0.034725968,0.73035425,0.5386731,-0.2198042,-0.2027921,0.6740384,0.36807874,0.4508195,0.48613304,0.74447554,0.5514338,-0.67947006,-0.6672427,0.7095657,0.22662207,-0.19363295
-1.1853459,1.6789445,-0.1501251,1.7334737,0.48549002,-1.3535376,0.21004322,-1.2643683,1.9522479,-1.2426864,0.711205,3.1625593,0.8876364,1.1203531,0.06324271,0.6148414,0.26040944,0.20104088,0.05281525,0.8355623,0.48215732,2.457287,2.5495462,0.97312665,0.10508635,0.7618305,-0.16461425,0.4500637,0.22722283,-0.17493485,-0.76992416,0.43223166,0.09837679,0.6644845,0.5149481,-0.41896528,0.3644321,-0.96469873,0.45922393,-0.60486335,0.5254044,0.6222168,0.9484396,-0.4916738,-0.105020836,0.91323876,-0.08990212,0.2632739,0.0910238,0.9704732,1.1083521,1.1386287,1.041132,0.9513719,0.8222883,0.053696044,-0.6245428,1.0754857,0.2041845,0.4075628
-0.6766189,0.13646197,-0.08603972,0.16783358,0.47688815,0.014273029,1.0495876,-0.86573565,0.4155456,-0.26671982,-0.08399699,0.2980972,0.6847854,1.3730448,-0.3282955,0.8431141,-0.468818,0.47355905,0.64239913,1.0638075,1.0124378,1.3875825,1.5542312,1.0637493,-0.22973242,0.19043261,-0.5421629,0.38263363,0.1595075,1.0375636,0.010452494,0.10981313,0.301294,0.6679407,0.18446057,0.25435665,0.32297188,0.23532556,0.2612393,0.46582893,0.16611247,-0.23265688,-0.24734613,0.3080019,0.7144569,-0.036387708,0.18234096,0.32586575,0.21710005,0.028550709,-0.42169106,-0.49134368,-0.37293032,0.18090019,-0.14112516,-0.101854876,-0.038414247,0.22893386,0.258056,0.20871975
-2.0973642,1.317305,0.62776256,0.64753944,0.49001732,0.0074434294,1.267654,-1.9792298,1.2322642,-1.2004187,1.2250296,1.9713862,2.226456,1.6370788,-0.85900253,0.98877496,0.015750924,0.95408624,0.5778163,1.3408422,1.7247334,2.744353,2.4986207,1.5337844,1.0027037,0.3437381,-1.3619808,0.36461598,0.6186155,0.6628777,-1.6642771,1.0922638,0.3319659,0.886652,0.6019234,-0.5772786,0.5714521,-1.0697911,0.97389936,-0.05636323,0.9678079,1.0466781,1.400669,-0.32270703,-0.5743753,1.3811033,0.40662897,0.42272407,0.46631014,1.3302088,1.2722801,1.1911066,1.1700605,1.5744088,1.2706906,-0.17376548,-0.481099,1.4559164,0.84079903,0.7070393
0.05144544,0.50902796,0.68929243,0.6571894,0.49001732,1.9626381,0.52602506,1.5967016,1.5023801,-1.2425374,0.82191175,1.6063089,2.4089687,1.6131704,-0.5163523,1.1751708,0.92288417,1.1611917,0.98857355,1.2139426,1.5091896,2.0794158,1.8302454,1.3396354,1.4718106,0.80817944,-0.8762886,1.4545882,0.016776735,0.68551064,-1.312984,0.95258826,0.69112533,0.706824,0.6125743,0.08390047,0.6722276,-0.3825455,0.59364635,-0.7267086,0.5464384,0.89483047,1.2009048,0.21485744,-0.63737196,1.1770632,0.14561203,0.58242893,0.9301847,1.3087941,1.2308862,1.3343354,1.4148996,0.90577275,0.9310378,0.033138514,-0.15049294,1.1777407,0.18069246,0.9835614
-1.9776949,1.9180069,0.09693371,0.75926614,0.49318644,0.7950047,0.8026206,-1.2171817,1.5700278,-1.0132804,0.6041319,1.7177485,1.3394581,1.9008949,-0.639512,0.8340344,0.68828154,0.73453647,0.7209702,1.1132367,1.0514423,2.2317936,2.229476,1.3194717,1.8472822,0.82224065,0.21000636,0.7231425,0.9797245,0.57015294,-1.4328666,1.0161449,0.29025277,0.8139731,0.5833994,-0.36960557,0.21783318,-1.1011722,1.0389789,-0.29795215,0.7802387,1.2432985,1.0497258,0.012227986,-0.36690518,1.208271,0.836716,0.23519121,0.4775344,1.1826617,1.0873767,1.0795101,1.0830724,1.0811579,1.2391822,-0.21289247,-0.46991733,1.3194587,0.5748894,0.54465365
-1.9578729,1.2093134,0.7966146,0.8651818,0.49545008,1.594626,1.0913643,-1.4679315,1.2840962,-1.2231978,0.94848996,1.4072931,1.7248062,2.1103601,-1.8246131,1.1204417,1.9684802,1.0103076,1.140835,1.2292439,1.6651732,2.7277513,2.60805,0.915179,1.4927958,0.9357432,-0.28251788,0.89455765,0.7404335,1.1638476,-1.4680815,1.0598245,0.88802,0.13114128,0.70426613,-0.4954939,0.3203791,-0.9861098,0.33587188,-0.539278,0.7081245,0.8960089,1.4361167,0.31236324,-0.3960312,1.1540756,0.8187989,0.90370363,1.0510598,1.1101738,1.2354579,1.2557263,1.2028815,1.0931367,0.95575696,0.06144286,-0.12388383,0.92401296,0.34951666,1.1029512
-1.9807525,1.8648944,-0.08680907,0.18308695,0.49273372,0.0015331574,0.78794503,-1.509301,1.647151,-1.0845914,0.7329469,2.0978465,2.004916,2.184534,-0.694295,0.9584507,1.8269824,0.6047449,0.79423904,1.2705529,1.4366516,1.1245899,1.1256824,1.2084979,1.4469494,0.81674826,-0.8947131,0.7039974,0.39026436,0.6742821,-1.8515673,0.80562294,0.16054466,0.63631,0.5961464,-0.7336529,-0.13388026,-1.2219847,0.97539485,-0.7802718,0.53822315,0.9861355,1.1474988,-0.049788285,-0.97981215,1.2275726,0.68791896,-0.090641126,0.21262425,1.0258062,1.1727095,1.2463862,1.1209087,1.0285977,1.0693895,-0.5020014,-0.6822794,1.1792581,0.25750124,0.39459786
-1.2464691,1.3097032,0.7680191,0.30600703,0.49137554,0.69099003,0.22744945,-0.20940281,1.5196913,-0.7264632,1.6077803,1.1117549,1.8410326,2.200825,-0.19912009,1.1594622,2.1916606,1.3511163,1.3066622,1.2706313,1.6231095,2.1244566,1.9832786,1.5762972,1.2248305,1.051651,-0.08148166,1.6234546,0.6057951,1.3182352,-1.213877,1.1692163,1.1754345,0.4777027,0.5707952,-0.4331597,0.34566772,-0.9658254,0.6729158,-0.2791522,0.77704895,1.0075929,1.293455,0.4915458,0.0353567,1.3657799,1.1480633,1.1499156,1.2546613,1.3570788,1.249764,1.3216887,1.3986624,1.0121764,1.0116087,-0.020074539,0.09803348,0.78366625,0.33370876,1.388907
-0.2112698,0.8138537,-0.04971025,0.7211894,0.49092278,2.6778128,0.974848,1.6205528,0.99852556,-0.79486966,1.185805,2.1138732,2.132819,2.1120625,-1.2538749,1.0106881,1.2272618,0.10673014,-0.0075069163,0.9108767,1.4407829,1.36572,0.7647169,0.8913814,0.87964684,1.1792768,-0.60964733,0.5868872,1.262972,0.12366959,-1.420393,0.9506706,0.6396262,0.9474959,0.54714566,-0.74643874,-0.17292717,-1.2300175,0.9971656,-0.582009,0.5977275,1.008253,0.79534173,0.08196734,-0.3255569,0.95832485,0.75152385,0.64323723,0.72631985,0.9547852,0.8019774,0.89485735,0.80430245,1.1781592,0.9115494,-0.7243972,0.0012112688,0.77297884,0.30314466,0.7923662
-1.8113173,1.6889062,0.27588624,0.30553123,0.49182826,0.4152095,1.2479889,-1.7583565,0.90139073,-1.29932,1.312405,1.6811644,0.22149237,1.8579957,-0.22965813,0.6799579,1.3286623,0.9089764,1.161384,1.1477697,1.2895786,1.7641274,1.3687475,1.5725586,1.0262419,0.9700905,1.106411,1.3395945,0.5094352,0.9666772,-1.303525,0.89733016,0.7233005,0.5067995,0.5814753,-0.58429635,-0.2182718,-0.9438368,0.6440064,-0.741045,0.45682693,0.7647817,0.771116,0.37999994,-0.54385066,1.0158625,0.9405409,0.47354507,0.80721706,0.8203198,0.70517856,0.7308009,0.6787031,0.7527996,0.6992997,-0.60141367,0.45923117,0.60742444,0.07532283,0.8140999
-1.8636135,1.225186,-0.5527988,-0.0525302,0.4895646,2.3149743,1.2017128,-1.3955637,0.9653017,-1.146642,0.61931074,1.5945605,1.5664109,2.3536513,-0.9002188,1.0090895,1.4086452,-0.5598124,-0.32441577,1.4437958,2.2515562,1.9273329,1.7251508,1.2122525,1.311111,0.49896204,-0.8999144,1.0498937,0.76111215,-0.1888087,-1.3741609,0.8694514,0.64874387,0.32044435,0.42406917,-0.61555725,0.11490766,-1.1166443,0.6211933,-0.6802539,0.44312435,0.8289391,0.8606423,0.58842146,-0.5049848,1.1271276,0.5477933,0.6666428,0.8840474,1.048109,1.1297497,1.0670329,0.97688997,0.74825805,0.88794863,-0.1750864,0.2156981,0.71611595,0.03332229,0.907645
-1.8128989,0.6679764,0.832499,-0.7006373,0.492281,-0.75827485,0.7738973,-1.7577479,0.9692951,-1.4659297,0.8571623,1.5266451,2.1085865,1.1516184,-0.7439496,1.1220417,1.8642043,0.814192,0.82159317,1.2096865,1.7201877,2.0270944,2.2121472,1.7131209,1.2654372,1.0815059,1.5161213,0.8812365,0.5345988,1.2224513,-1.2408425,0.9795496,0.9224766,0.46929058,0.59004676,-0.5962643,0.37939763,-0.93379474,0.6315049,-0.76510406,0.35428917,0.571937,0.5229055,0.6830463,-0.41396323,1.1268486,0.32154262,0.90442586,1.1457211,1.0444225,0.8791462,1.0954852,0.9698987,0.7477011,0.7798679,0.074733235,0.92151326,0.53853893,-0.11331494,1.1028517
-1.6867979,1.2728058,0.90382993,0.29569358,0.48911187,-0.38743696,-0.010549361,-1.6606541,0.46675527,-0.8720002,1.2681845,0.69554275,1.7543277,1.5482872,-0.8782162,0.5378136,1.571496,1.268165,1.3086885,1.041828,1.1968484,1.4904613,1.288245,1.1388874,1.0770746,1.2324221,1.1054564,1.2351105,0.7167847,1.2989845,-1.4978263,0.89127517,0.858687,0.68374455,0.6285403,-0.9266632,-0.25091764,-0.90434885,0.5864164,-0.8459514,0.5936592,0.78275627,0.45302567,0.32611656,-0.3268671,0.81757206,0.5291803,0.88939816,1.0992876,0.7657738,0.46873364,0.23904349,0.28539437,0.7321653,0.6943359,-0.4060755,1.2216126,0.6606367,-0.049780134,1.011043
-1.6791011,1.7992945,0.5455926,0.35679728,0.49001732,0.9760923,0.89244926,-1.6502231,0.9136785,-1.0180044,1.2316178,1.3193419,1.1877265,1.8144728,-0.9860313,1.0137788,0.5021503,0.68746305,1.09117,1.093104,2.0493646,1.273772,1.3229436,0.5406947,1.0423697,1.4492898,-0.5308659,0.81924313,0.6044111,0.78269595,-1.4850969,1.1145289,0.70496607,0.7224593,0.43121415,-0.93169355,-0.17950225,-1.1445041,0.673054,-0.70760596,0.5996652,0.8441961,0.80311644,0.041715723,0.033310506,0.84554446,0.62345344,0.85453475,0.9148412,0.9003579,0.71163315,0.884151,0.7509204,1.0752707,0.7257795,-0.5234951,0.0006908607,0.56340724,0.113108575,0.8487678
-1.4009619,1.8422594,-0.46626782,0.56925046,0.492281,1.5323368,1.6921542,-0.58943045,1.1773136,-0.19134623,0.9104292,1.8951495,2.2195714,1.9442956,-0.0010109658,0.37638158,1.879248,0.6774288,1.1369432,1.0339656,1.1769184,2.2650023,2.409045,1.14684,0.6930444,1.4521682,-0.7985209,0.7696239,0.6710002,0.8379318,-0.67789644,0.37048134,0.6363731,0.72831404,0.3519897,-0.28101662,-0.07034022,-0.69160736,0.37514773,-0.3088145,0.35504347,0.21406402,0.72497237,-0.034929905,0.17698574,0.4148714,0.46202672,0.67841995,0.7436165,0.8824876,0.57685995,0.3917276,0.4975183,0.67942995,0.22459732,-0.59725744,0.1794162,0.3429732,-0.0068424437,0.8559638
0.46434584,1.715909,0.9871904,0.64559704,0.49318644,-1.4769686,0.95176655,-1.3914509,1.1368722,-0.66053194,0.8148787,1.1680087,0.07546663,2.0000267,0.3222641,0.20137043,1.5073695,1.3905216,1.8975699,1.1271788,1.463139,1.5764465,1.3780937,1.2248037,0.69815725,0.17050242,1.2199484,0.26854193,0.5240711,1.7479465,-0.9089223,0.7665625,1.2092981,0.3853846,0.4858776,-0.22622024,0.18173875,-0.5986066,0.42131683,0.050019387,0.55651563,0.6157553,0.71745026,1.037182,0.50307995,0.6883248,0.6353544,1.4905571,1.5827936,0.9594198,0.8017209,0.7026168,0.7424688,0.7566625,0.6780019,-0.06755192,1.5198771,0.60651904,0.2672231,1.4701792
-0.38747764,1.2650205,0.7586561,1.1243957,0.48911187,0.42618024,0.84453046,-1.6861227,1.2702113,-0.1170272,1.7815101,1.7221867,1.4578556,2.1501608,0.55880034,1.0243446,0.81306654,0.9398561,1.0076628,0.99822557,1.020285,1.4551594,1.1758859,1.1491212,0.96414137,1.3804018,-0.14108132,1.0831002,1.326975,0.8476866,-1.3871481,1.36738,0.7044633,1.0555935,0.66528714,-0.5679479,-0.030233836,-1.0019579,1.0645105,-0.20872752,0.83680123,1.1223359,0.7908152,0.71131665,0.30949304,0.9783716,0.7671834,0.87439644,1.1429079,1.1133449,0.7356564,0.88704026,0.8856484,1.0621618,0.8805173,-0.6241037,-0.19802193,0.7535385,0.37194493,0.991243
-1.7942368,1.3354292,0.7303678,0.53506905,0.48911187,-1.0750687,-0.10704125,-1.7454916,1.1427402,-0.5617888,1.4495952,1.3419657,2.0898662,1.2521875,0.8646975,1.001764,0.97507995,1.2458148,1.3734201,1.0038537,1.4917709,2.8741047,2.6112137,1.3958939,1.2666111,0.803344,-0.8240498,0.6089237,0.764938,0.97620076,-1.421928,0.7668206,0.01334866,0.49162963,0.36943173,-0.6360675,0.08335012,-0.96015346,0.60902476,-0.944587,0.48718983,0.83825743,1.0407912,0.104883894,-0.60809845,1.0284604,0.79601467,0.088075,0.28932506,1.1211138,1.0474017,1.039974,1.1008384,0.8210691,0.79247105,-0.23244807,-0.37538224,0.71083206,-0.068139315,0.34430626
-1.8357785,0.7007753,0.93475366,0.5335538,0.49001732,-0.9194177,0.1443171,0.07878358,1.5242295,-0.31808692,1.4531705,2.0043101,1.9933598,1.8753903,-0.053203225,0.81388664,1.6451775,1.3526796,1.4685012,1.3135841,1.8237445,2.71911,2.4048612,1.7086834,1.3092417,1.0145735,-0.45372057,1.0806642,0.21067663,1.6036258,-1.4335448,1.0319359,0.81277883,0.7511844,0.71117157,-0.739739,-0.026764514,-0.95683837,0.704278,-0.5837663,0.83638257,0.9487945,1.1781846,0.68286175,-0.14645576,1.0791688,0.952951,1.0868242,1.1828998,1.1160326,1.0397836,1.0379105,1.0198785,1.1939133,0.94923544,-0.28622591,0.30514872,0.725287,0.23616797,1.2068783
-1.2160277,1.1396223,1.395286,2.0204067,0.49273372,1.5552733,-0.0005839753,-0.53270614,1.9541061,-0.24832837,1.3991838,2.0649962,0.44708267,2.1560059,1.2356964,0.3788278,1.9174381,1.8610779,1.8727481,0.9136516,0.73755443,1.6411645,1.7793758,1.095993,0.84919566,0.7448912,0.25866657,1.2397647,0.63022274,1.6595149,-0.7827665,0.84683686,1.2246654,0.39595938,0.38822752,-0.18198165,0.52610564,-0.682826,0.31853628,-0.051236738,0.56780005,0.5632817,0.40766773,0.88239866,1.1153706,0.50387675,0.60269374,1.466007,1.4817373,0.8364801,0.604361,0.54187155,0.54280996,0.79367906,0.42778563,-0.010953618,0.8167087,0.17398696,0.06958035,1.3706167
-1.5158867,1.5931385,0.38733885,1.7203513,0.48911187,0.09299901,0.05768365,-1.5246183,1.8450525,0.11587454,1.117834,1.4176719,1.8668401,2.0912488,0.50216424,0.40756553,1.8371458,1.0608116,0.8235384,1.0409912,0.2310535,1.7032622,1.0836563,0.70034426,1.1125631,1.183712,-0.17550315,1.4157921,0.8211826,0.3171189,-0.5427209,0.42452523,0.2193672,0.67544514,0.2653356,-0.054128934,0.44165412,-0.3863892,0.54499704,-0.108498484,0.50976187,0.5065712,0.7272183,0.18837845,0.077849984,0.6929259,0.38967514,0.18573192,-0.0114502655,0.90769297,0.8580126,0.91926265,0.879098,0.78255117,0.6601366,0.10072996,-0.40052763,0.86714953,0.47482222,0.18934458
0.08030364,-1.0526712,0.5421953,0.888183,0.44248068,-0.4246712,-0.33506423,-0.2610066,0.24229427,-1.3054537,0.18059504,-0.7670258,-0.44056422,-0.34829262,0.59913874,-0.6489048,-0.9353886,0.29249105,0.23159778,-0.5799365,0.5614897,0.29532468,0.44037622,-0.7441288,-0.32911602,-1.4237874,-0.5504855,-1.2143934,-1.2965469,0.23608343,0.14984128,0.3635747,0.6376279,0.6835324,0.35473976,0.049318425,0.59420496,0.26155794,0.22876526,0.46322748,0.5988711,0.07276559,0.37230334,0.18596227,0.7910138,0.11386153,0.62328094,0.77733773,0.55557376,0.57762563,0.44572198,0.40028468,0.38953674,0.62379706,0.2555038,0.15635407,-0.24291804,0.4127932,0.45241514,0.61001045
0.3523989,0.9101951,1.2226468,0.6978794,0.492281,4.2221174,1.2990217,0.66856974,1.4073712,-0.6250237,0.95610577,0.93329567,0.15147637,1.8231258,0.78654015,-0.30263594,1.7906595,0.8673616,1.140096,1.2218684,1.4542409,1.2124426,1.4544708,1.1295768,0.9527709,0.6902687,0.22867085,1.604347,-0.051326808,1.1882731,-0.010250254,0.41714704,0.5585768,0.19512892,0.20021567,0.2138312,0.005684128,0.09274816,0.05074428,-0.6471018,-0.12415731,-0.28474572,0.019648992,0.32453436,0.33205095,0.16461171,-0.1555788,0.5781421,0.56114006,0.3765086,0.22505954,0.08493938,0.15438491,0.32984826,-0.1715435,-0.38299882,0.20054536,-0.0874151,-0.63519686,0.51460147
-0.6955707,1.4169457,0.6791278,0.99251527,0.4940919,0.9403558,0.6301027,-1.9386364,1.9482893,-0.33967757,1.4467735,2.0983899,1.1355096,2.3767178,-0.55809844,1.1146884,1.785776,1.1049639,1.126033,1.2031232,1.7048779,2.1465273,1.736095,1.3417534,0.8656567,0.8638214,-0.93481594,1.0051447,1.0904496,1.2963197,-0.69071734,0.9144163,0.7721789,0.85463214,0.6609377,-0.041980382,0.09640597,-0.71408457,0.72000265,-0.101418465,0.56550664,0.7958815,0.9365757,0.34238058,0.21321404,0.8455829,0.6589673,0.95590883,1.0294597,1.0516887,0.94995576,1.0176716,0.99352556,0.97635114,0.61687475,-0.44446748,0.25314957,0.71247554,0.42429698,1.1308342
-1.9030464,1.5495539,0.76372933,0.45301217,0.49726102,1.4115214,0.7861416,-1.8278085,1.5460017,-1.1305724,1.37449,1.8953406,2.1083322,2.060188,-0.30751565,0.70642215,1.2512817,1.2514342,1.5515559,1.3328569,1.960222,2.3989103,2.1700351,1.5816158,1.4189483,0.81459767,-0.5839686,1.1388898,0.11792346,1.3285283,-1.47169,0.89656657,0.7048308,0.46768108,0.5879161,-0.8942517,-0.049711242,-1.1109693,0.55269974,-0.40745327,0.6652947,1.0038213,1.1207176,0.23899722,0.0015109573,0.8463411,0.30495742,1.0017173,1.0775244,1.0764983,1.0133083,1.0096823,1.0360404,1.0053062,0.78535795,-0.19201119,-0.04030689,0.7863998,0.28769946,1.0862558
-1.2982918,1.2070072,1.2403384,0.21696004,0.49545008,1.9333457,1.361336,-1.7823473,1.6623279,-0.3349202,0.4076404,0.9791517,0.64410794,2.2950704,0.13840055,1.2392589,1.9247102,1.6738025,1.9622272,1.2419044,1.5738943,1.79297,1.777393,0.97989327,0.92040926,1.1776123,1.6075073,0.8661875,0.5030476,1.6562521,-1.6074036,1.3032334,1.5786396,0.34257334,0.73222435,-0.604011,-0.44112518,-1.5788559,0.8417772,-0.47304088,0.93996614,1.2450279,1.3832926,1.0260003,-0.1158454,1.2668995,1.2357618,1.7214549,2.0066984,1.4187491,1.3716221,0.9360079,1.0543637,1.5370036,1.0049913,-0.6783236,1.4855049,0.9564822,0.3961441,1.900409
-1.1190497,1.0543143,0.5859223,0.533743,0.4940919,-1.0575533,0.5030164,-1.872835,1.7214861,-1.4634794,1.2279876,1.9105535,1.2678977,2.0413365,0.49773505,0.9270067,0.9213475,1.0547571,0.53519505,1.3455622,1.4792217,2.5183516,2.7177906,1.0339291,1.0809125,0.4919837,-0.6768821,1.2997615,0.81861186,0.74072355,-2.2689555,0.95119566,1.0642507,0.5232673,0.7758358,-1.1672415,-0.24433815,-1.7276273,0.8630274,-0.5813803,0.8808406,1.233078,2.1459446,0.08296727,-1.0618832,1.2329203,1.1022531,0.8791784,1.0602888,1.2315313,1.9262226,1.9725732,1.9817802,1.5105664,1.3857418,-0.67992646,-0.7644746,1.0964833,0.54556,1.2330425
-1.8971419,1.4672762,-0.15324841,1.1340255,0.49499735,-0.50703835,-0.13417475,-1.8235493,1.7794901,-1.6449214,1.01893,1.5725957,2.1648452,1.3742548,0.07128366,1.346079,1.3835007,0.23587102,0.38585928,1.215054,1.6792109,2.3014338,2.1027167,1.03167,0.9528981,1.0124547,-0.73906595,0.9860121,0.54562545,0.15478137,-1.3973111,0.72774786,0.21685337,0.48476422,0.6575359,-0.8516524,-0.38364482,-1.4646327,0.56915385,-1.0968955,0.5057032,0.8265358,1.3832823,-0.32824647,-0.6732456,1.016297,0.7688313,0.20070055,0.29291692,0.9584888,1.1750723,1.188869,1.1748352,1.078164,0.8691523,-0.7169488,-0.48642382,0.73685074,0.03918235,0.36400005
-1.8819592,0.62207246,-0.53574103,-0.0051544355,0.49182826,0.9310108,0.44422537,0.6159403,1.195978,-1.1008092,1.2029442,1.4403521,1.0969582,2.0502682,-0.14954911,1.0273651,1.0877302,-0.19228598,-0.2942743,1.3404554,1.445901,1.778839,1.9870332,1.0017143,1.0904946,0.7144409,-1.1868566,0.83948785,0.09191768,-0.05063123,-1.4696869,0.9488492,0.7131018,0.8412008,0.5790453,-0.54906636,0.09638584,-1.0734487,0.9341924,-0.37957683,0.7371062,1.1158531,0.95258105,0.27069953,-0.36224803,1.1357656,0.6899868,0.7330279,0.8904434,1.1164808,0.9139419,1.0308433,0.8775115,1.2242239,1.0275513,-0.40971154,0.0033281948,0.951011,0.47211143,0.96311617
-1.092116,1.1001041,0.10082594,0.062126014,0.49182826,1.8611729,1.0542037,0.2510712,0.8564596,-0.9192783,0.84999967,1.3199359,1.7361145,2.0373344,-0.5775818,1.3034679,1.9877491,0.7106422,0.720656,1.413769,1.8204151,1.946681,1.8633442,0.7641153,1.2061409,1.1232553,-0.5454856,1.2221185,1.0308789,0.3815255,-1.6787525,1.0401353,0.71788186,0.8070466,0.66380066,-0.24493797,0.3095988,-0.5581485,1.0985562,-0.19182801,0.8521401,1.1452421,0.9612179,0.6954808,-0.3791377,1.317475,0.81905764,0.6168738,0.8207299,1.2397835,0.9342125,1.256717,1.2139521,1.2861816,1.1588959,-0.015073625,-0.08679907,0.8817087,0.5876872,0.74146867
-1.8608721,1.6948948,-0.5218791,0.051751412,0.492281,-0.32838348,1.0794266,-1.7944298,1.1262057,-1.362888,0.8228667,0.98959506,0.9274266,1.6612967,-1.1280105,1.1421093,1.4116049,0.3192328,0.3583151,1.2301967,1.5334935,1.8222711,2.2385738,1.1471516,1.235634,1.1401453,-0.9497612,1.022568,0.7358602,0.0729947,-1.4962124,0.899106,0.25910074,0.98132974,0.7995391,-0.9198654,-0.2714185,-0.9315129,1.0453753,-0.5794639,0.63799274,0.8273507,0.4731984,-0.07230592,-0.4079409,1.0229878,0.37702826,0.2822713,0.42267898,0.9019623,0.61597526,0.5600544,0.430915,0.9662807,0.7802466,-0.54222435,-0.44366476,0.68368006,0.1979896,0.44374415
-1.8378872,1.4453009,0.7092159,0.002788848,0.49454463,0.90607494,0.80170035,-1.2620776,0.9907026,-1.4580055,1.3905478,1.6640385,1.8172833,1.7029067,-0.5799962,0.8386833,1.1115324,0.55871105,1.1842364,1.2023709,1.3591568,1.6630397,1.2916769,1.3497844,1.714055,1.0657483,-0.5928228,0.9347685,0.48479354,1.1060473,-1.4456576,0.9219359,1.2586243,0.6835554,0.77480805,-0.5082574,0.14647391,-0.9971611,0.85190266,-0.027235357,0.81048113,1.1932485,1.4781572,1.1343786,-0.10492104,1.1951253,1.2469656,1.393199,1.5601492,1.2289006,1.2538918,1.478906,1.4760942,1.4390528,1.1193151,-0.40918106,0.5805603,0.88596046,0.6197128,1.5944877
-1.9346771,1.7828516,0.78296715,0.24692553,0.49047005,-0.098972775,-0.16530663,-0.06018204,1.45752,-1.1267499,0.95323753,1.2504046,2.01625,1.8462154,-1.3717552,0.9255743,1.1046965,1.0686318,1.5083358,1.4998456,1.7852674,1.6892644,1.363454,0.76760405,0.64230376,0.69192547,-1.2817553,1.4457314,-0.004176593,1.4996642,-1.47211,1.0496837,1.0468608,0.7062603,0.58222777,-0.27357447,0.58754134,-0.5628893,0.85412055,-0.101527065,0.86408985,0.9501197,1.2876267,0.9824679,-0.62205935,1.5236211,1.0586966,1.0666038,1.2296896,1.4026399,1.3814965,1.6890273,1.4986823,1.2831883,1.4151256,0.30392462,0.63350976,1.4049422,0.67793304,1.3845527
-1.8362002,1.9652601,-0.44978538,1.1343789,0.492281,0.6569274,0.7365406,-1.2377303,1.5169696,0.37612534,1.526069,1.95926,1.8871291,2.2635076,0.42014793,0.92680174,0.3903801,0.8769354,1.1314642,0.8112186,0.7608639,1.485158,1.7354884,1.0859538,0.9639123,1.3376656,-0.5662458,1.117655,1.4153461,1.0584368,-1.1529421,0.8795369,0.6712629,0.7222161,0.4805092,-0.17969051,0.16142307,-0.70796204,0.56487054,-0.45649353,0.61322707,0.8258829,0.6586692,0.34160316,-0.12808084,0.7126128,0.4355289,0.77434313,0.9005507,0.86916614,0.6011976,0.622159,0.5988304,0.8034005,0.61844367,-0.20620638,0.09272174,0.7031358,0.15320812,0.9148095
-1.4696004,1.1588047,0.9655582,1.2059417,0.48865914,-0.72941524,-0.10880592,-1.0060325,1.5553867,-0.42076567,0.4912646,0.9936254,1.0925122,1.7854726,0.4187115,0.7444539,0.8072948,1.3992401,1.7276348,1.1598327,1.281812,2.625249,2.6398842,1.0588266,0.62355155,0.98085964,-0.7257905,0.85308224,0.38313425,1.6356637,-0.4767139,0.7478189,1.3349671,0.77322185,0.38248673,-0.21193749,0.21986908,-0.2288541,0.34970152,0.18282528,0.63695633,0.50937974,0.6173987,0.4321865,0.8333088,0.3034468,0.24325332,1.462248,1.4079193,0.9142379,0.61081785,0.8032255,0.7962365,0.71046007,0.496258,0.031415924,0.59616023,0.26787683,0.2412834,1.4297148
-0.6581441,1.5271605,0.27466244,0.58478177,0.4895646,0.3078344,-0.26623914,1.4297827,1.3746133,-0.62541056,1.3980811,1.6406566,1.00406,1.7765135,0.1568245,0.9739523,0.91178256,0.33608347,0.43976504,1.1438603,1.3755134,1.7834604,1.7717044,1.2769897,1.1257622,0.94782794,-1.1519204,0.62160295,0.19637853,0.5340617,-1.2318386,0.8221158,0.02536155,0.9651847,0.55817544,-0.8020497,-0.16938753,-1.2843515,0.84254116,-0.43486512,0.6459826,0.96675485,0.9033101,-0.8200378,-0.093340784,0.8292091,0.33045682,0.20911853,0.17363559,0.952389,0.8201038,0.82527536,0.8001091,0.8122951,0.9688056,-0.34313667,-0.66047746,1.0333527,0.49516475,0.2943995
-1.6872196,1.5701464,0.777483,0.6373067,0.49092278,2.3040705,0.8328919,-1.6594371,0.93149984,-0.7849673,0.91352975,0.9848309,2.0065825,1.8252903,-0.4436148,0.88086665,1.3181311,0.9095096,1.2491665,1.1208204,1.9611206,2.2515337,2.1081908,1.7781212,0.39180878,0.7630189,-0.3946315,-0.58273464,0.77896845,1.2535084,-1.0468042,0.79292166,0.6439375,0.72938204,0.27719048,-0.6569868,0.1830476,-1.0478054,0.5547523,-0.03658235,0.5522508,0.7157527,0.82421,0.014393864,0.40803677,0.639398,0.66300327,1.0072695,1.0398856,0.78647226,0.7134931,0.74907285,0.68637866,0.7725581,0.5935848,-0.4617594,0.16665886,0.7597419,0.33462742,1.1067113
-1.8746842,1.6351521,0.80914736,0.1448668,0.4895646,-0.96416825,0.24701661,-1.8099022,1.0903916,-1.2036586,1.310752,1.9810305,2.1640227,1.2674674,-0.51508236,1.2076577,1.4817866,0.9961055,1.1530405,1.1869519,1.213129,1.3951967,1.1760579,1.398451,1.4419794,0.6572149,0.3671567,0.007923001,0.350868,1.0773584,-1.5232357,0.728966,0.07511787,0.61369973,0.52032775,-0.6596416,-0.21215974,-1.2304246,0.86398953,-0.96531546,0.5643811,0.83016354,0.97794485,0.034384023,-0.6894178,1.0226887,0.5160455,-0.055177465,0.1689005,0.8948347,0.91178954,0.8728512,0.8799775,0.9981969,0.8627503,-0.51947397,-0.45647636,0.76053643,0.061496288,0.34828785
-1.3401896,1.3301601,0.8145303,0.554763,0.49047005,1.9681616,-0.122403905,-1.7879974,1.2398123,-0.655744,1.1588938,2.053289,1.8479962,1.611033,-0.42076826,1.1136271,1.6319698,1.1318297,1.2947674,1.0883191,0.8196613,2.0910146,2.2554414,1.1754395,0.65783304,1.0070246,-0.78725606,0.5160452,0.7402085,1.4954839,-1.3843454,1.074005,0.64183074,0.79472774,0.43384445,-0.98867553,-0.14484121,-0.9449946,0.7837535,-0.65017664,0.6324905,0.89890474,0.9248816,0.3852344,-0.14031614,0.9510719,0.87600446,0.7584059,0.81290346,1.0123515,0.95369595,0.94960797,0.9701726,1.0999103,1.014351,-0.36576697,-0.10024378,0.6802365,0.08523467,0.8367486
-1.6731967,1.5551338,0.43351445,0.72360545,0.49001732,0.97103,0.24329455,1.5672325,1.2950846,-0.2922427,0.9328345,1.4873836,0.8278096,1.1569489,0.23619422,1.15345,1.7356329,1.1345533,1.3164977,0.8666891,0.9286845,2.0474715,1.712521,1.2064934,0.9017895,0.9364678,-0.7259858,1.4553565,0.39224985,0.91480696,-0.9427642,1.0547482,0.58241487,0.7252135,0.21324435,-0.23110975,0.15094604,-0.45443216,0.5867674,-0.43358392,0.6951623,0.39446366,0.51980853,0.5255277,0.5504684,0.6723992,0.66303223,0.85334444,0.81566787,0.90957826,0.60360956,0.5013255,0.5781376,0.7867816,0.5223532,-0.15425844,0.10941499,0.54086304,0.028062953,0.75932294
-1.8755277,1.1700426,0.7122123,0.9498797,0.48865914,-0.19209728,-0.1083728,0.15479214,1.5121077,-0.15158346,0.90169084,1.773117,1.8284221,1.7162303,0.17831868,0.9983934,2.1218193,0.9008627,1.1968781,1.3270442,1.7176342,0.89993525,0.9735069,1.2735615,1.114476,0.99086744,-1.0202161,0.7022482,1.2705126,1.191714,-0.8496237,0.41800964,0.14232513,0.71091765,0.3474889,-0.17076993,0.4370952,-0.3501626,0.40212226,-0.14996764,0.73357105,0.9346398,0.31810543,0.33372197,0.30390605,0.698244,0.2740901,0.5508258,0.3528722,0.86797816,0.5792875,0.47232515,0.40854493,0.84925485,0.8297495,0.29415956,-0.053724743,0.81542194,0.42062232,0.40033603
-0.49790546,-0.472839,1.2340201,1.0941886,0.4895646,-0.8623408,-0.38610673,-0.71692204,1.6417863,-0.64996856,0.57184196,0.86389595,-0.27273566,0.3266755,-0.5994326,-0.102724284,-0.14418532,0.35878357,0.700396,0.48432425,0.8744381,0.8068703,0.6353343,-0.26907715,0.98987204,0.7296504,-0.5462081,0.5144103,0.91693014,0.5974392,-0.9153165,0.073233545,0.14435606,0.4631699,0.46522596,-0.5995771,0.28494948,-0.90380776,0.29741886,-0.8329411,0.34391183,0.39044762,0.73805416,-0.23122275,-0.42697638,0.8046578,-0.37188402,-0.04436382,0.064891696,1.0390294,1.2862942,0.96185935,0.9125433,0.78540915,0.7450306,0.09791206,-0.45170167,0.8189177,0.02167096,0.29326874
0.10676799,-0.34215614,0.824289,0.7768651,0.48639548,-0.40609607,-1.1043028,2.8078105,0.66127163,-0.31582916,-0.19296333,-1.4785839,-0.5463586,1.5740378,0.4606913,-0.20840311,-1.2605519,1.141247,1.2249082,0.06603989,0.18351388,0.13984026,1.106997,-0.5836905,-1.0729294,-1.1092957,0.118584976,0.84961754,-0.022315793,0.7570502,0.46440932,-0.13288489,0.5027829,-0.061561078,-0.42000988,0.19101986,0.16055155,0.3709756,-0.37187845,0.26658693,-0.19465345,-0.31202784,-0.20627628,0.3234756,0.51981974,-0.37004545,0.018412076,0.33039263,0.26583597,-0.32211563,-0.18925762,-0.21031891,-0.1832923,0.059650738,-0.29578033,-0.24874125,-0.073908016,-0.23952727,-0.16078652,0.28135118
-1.8731027,1.5376474,0.81884146,0.34034342,0.492281,0.23728667,-0.2887501,-1.2770911,1.4377294,-0.7122334,0.77406704,0.7602696,2.5740914,1.7686954,-0.3609248,0.9942614,1.1796547,1.084881,1.077914,1.1095129,1.401035,1.7742926,1.6744235,1.0818592,1.2253745,0.8710447,-0.5966739,0.41506168,1.0594726,1.2910945,-1.1228521,1.0806776,1.0908946,0.60706383,0.6352046,-0.3466434,0.5894696,-0.68523353,0.60462964,-0.29779625,0.8081955,0.9638193,0.978023,0.92396766,0.1986882,1.1331356,0.6406227,1.3231972,1.392328,1.2450676,1.107189,1.0008607,0.9388032,1.210337,1.0633421,0.25562894,0.67444193,1.1007566,0.4592093,1.4206805
-1.8815376,0.9876799,0.8608009,0.46170995,0.49363917,2.5849671,0.9655424,-1.8065991,1.1626014,-0.49532092,1.472277,1.3822788,1.9332744,2.2504234,-1.1942351,0.8664201,2.193182,1.501301,1.6812128,1.2403755,1.7606932,2.3542368,2.23819,0.8175968,0.8457532,1.0370173,-0.17274061,0.3452194,0.24915385,1.517756,-1.0808254,0.7254848,1.2798107,0.24017628,0.7210188,0.03077092,0.28783533,-0.3556057,0.4583262,-0.32784805,0.43836087,0.6794872,1.0007639,0.9920066,-0.3914798,0.8949592,0.51878923,1.1421149,1.4329773,1.0018406,1.1737752,1.3439195,1.3831124,0.8615595,0.84042746,0.017203527,0.16635492,0.90616316,0.34321898,1.4539596
-1.0454053,0.80532855,0.8277117,1.0975784,0.49318644,0.0125228865,0.13698189,-1.3100784,1.6729577,-1.4844207,1.1868917,1.3718808,1.4018087,1.7893418,-0.3024514,0.67856115,-0.014539771,1.745939,1.3017312,1.2344501,1.4505438,2.2702794,2.1066206,1.3257647,1.0434703,0.582126,-0.3049056,0.5456311,0.001241629,1.4042873,-1.7339697,0.969698,1.0931903,0.35858336,0.5979655,-0.5384684,-0.061882973,-1.3271899,0.8805798,0.1120404,0.8191566,1.3038799,1.8476588,0.21004494,-0.5078814,1.3188462,1.222475,1.1595702,1.1989866,1.4050893,2.0068927,2.0911708,2.1463666,1.658966,1.5214082,-0.7177558,-0.7058217,1.3123993,0.9166682,1.3506107
-0.09170197,1.3465317,0.7593527,0.90490484,0.49499735,2.2041757,-0.19960897,0.23992231,1.6776699,-1.4608493,1.3926991,1.5254719,1.5188419,1.5680269,-0.11964495,1.0433996,1.3576057,1.462508,0.8578294,1.0765619,1.9165453,2.1747663,2.0044012,1.1990626,1.1347328,1.330306,0.64038014,0.3254387,0.64643824,0.8603256,-1.5246127,0.997197,1.1215885,0.386583,0.7409386,-0.0375165,0.40804872,-0.86568594,0.5459277,0.1451865,0.71113676,0.9699321,1.2514577,0.57083756,-0.47101125,1.2966597,0.7811179,0.985804,1.2596539,1.2584109,1.4189323,1.240768,1.2476747,1.3012618,1.1272693,0.22115055,0.18148029,1.1221973,0.8571615,1.3156626
-1.9689437,1.1264336,0.35891247,0.36428335,0.492281,1.4563466,0.77394617,-0.22750147,1.040311,-0.656339,1.2669194,1.9426379,2.1983418,2.4918222,-1.4994622,1.1890893,1.8900108,0.51014817,0.17140414,1.1963682,1.520271,1.7065309,1.5347953,1.0727242,0.65674114,0.98445904,-0.20237124,1.6657757,0.5867941,0.25899288,-1.454622,1.119177,0.81677717,0.7001892,0.65878296,-0.3075246,0.17839745,-0.90428686,0.8434221,0.099096626,0.8411683,1.066344,0.96229655,0.27987853,0.12865418,1.0438025,0.5358749,1.01574,1.0414555,1.0523944,0.7960673,0.8789849,0.8425138,1.0919029,0.9787486,-0.40534928,0.014211921,1.1545112,0.7231161,1.0798745
-1.8365165,0.80716974,-0.2597124,0.36196098,0.4895646,1.5649599,0.005774007,-0.19730118,1.257604,-1.2902211,0.923751,1.3838274,1.3426075,1.4092492,-1.0559686,1.2579323,1.3409029,-0.458261,-0.6249748,1.2390379,1.7545221,2.0887623,2.0089736,1.3995752,1.0761737,1.0991856,-0.8444717,1.0374758,0.011802559,-0.32472152,-1.5182631,0.5309159,-0.025579818,0.5645521,0.7079983,-0.4513939,0.47409678,-0.99990636,0.61806697,-0.82498413,0.6259541,0.9900396,1.0975533,-0.23210758,-0.91003114,1.3869276,0.10482726,-0.11857284,0.00900219,1.2219771,1.1627985,1.0002213,0.98422784,1.0815732,1.1022079,0.09138082,-0.8986796,1.2628589,0.29634455,0.23273446
-1.5814676,1.2237996,0.90077746,0.11142238,0.4940919,1.3282121,1.0536354,-1.113345,0.9187368,-1.1319023,1.1630399,1.9996731,0.39049086,1.7130008,-0.35790244,1.0952992,1.9796352,1.0673106,1.218054,1.046347,1.9601953,1.9482234,1.5738969,0.41880974,1.0047966,0.9872769,-0.25377223,0.4746187,-0.07648543,0.7766092,-0.76967406,0.72827935,0.31720465,0.73483634,0.68264824,-0.026769325,0.020713229,-0.71013016,0.55375373,-0.62126315,0.48515588,0.476279,0.349227,0.29735553,0.10349466,0.6821113,0.5019786,0.2654777,0.3521159,0.71057475,0.60918295,0.72439885,0.7912975,0.51495785,0.41485426,-0.16924143,-0.23388517,0.6398587,-0.03371032,0.43311647
-1.3980097,1.2719716,0.9005759,-0.37637955,0.4940919,-0.33379066,1.4105383,-1.431262,0.77582306,-1.0016671,1.1192008,1.2005806,0.8146036,2.5303028,-0.8344458,0.96783113,1.2907501,1.4298869,2.053405,1.2542747,0.88955736,1.2562271,0.863078,1.1485165,0.29899526,1.09623,-1.0519888,0.85171986,0.9762054,1.7388934,-0.46755162,0.95028776,1.5752198,0.036079817,0.58451974,-0.07971734,0.13904713,-0.66717684,0.20370571,-0.1490601,0.2749458,0.26874706,0.8308706,1.2535534,0.8763892,0.3406369,0.4617466,1.5896468,1.8380975,0.561093,0.5859697,0.14391458,0.4932487,0.7036556,0.22005796,-0.25392675,1.2804372,0.04789612,-0.036631186,1.6582913
-0.8737046,1.0839744,1.3619787,0.28476724,0.49047005,1.4167594,0.20694843,-1.061902,1.3383783,-0.7436008,0.8595934,0.88568604,2.687232,1.5474463,-0.8975041,1.3971831,1.5925237,1.0471185,1.1609256,1.3400507,2.0055084,1.857883,1.5154097,1.4302547,0.9096118,0.9937379,-0.4332697,1.0688891,1.0782577,1.6112137,-1.4634137,0.8936262,0.8651546,0.58229613,0.55858994,-0.6557924,0.2867269,-1.0014514,0.74773824,-0.63876206,0.6773698,0.8242272,1.4102744,0.80338997,-0.3656015,1.1222874,0.74082226,0.8846033,1.1136296,1.2094772,1.4808288,1.3230826,1.2898966,1.172399,1.0803177,-0.2265485,-0.021501673,1.0309358,0.23951875,1.2052181
-1.8741571,1.4238231,0.9612411,0.485995,0.4895646,-1.8536371,0.80234057,-1.8074684,1.0829777,-0.86781996,0.8219145,1.5930074,1.9042901,2.2636855,-0.46716297,1.1342865,1.6945491,1.2422961,1.4782107,1.1988716,1.6684679,1.895459,1.733363,1.4043918,0.68672335,0.38876167,-1.1887378,0.93086207,0.20807911,1.5352726,-1.3698504,1.2895287,1.3824207,0.7139102,0.54399806,-0.16092195,0.162363,-1.033223,0.82150614,-0.04162929,0.85004956,1.0876426,1.5224736,1.1407264,0.23369011,1.1021218,1.0122102,1.5100021,1.760635,1.4441103,1.5603217,1.6106651,1.4631681,1.4864367,1.0632918,-0.60223544,0.5111558,1.0543377,0.57534444,1.7443378
-1.5419292,1.757557,-0.40037835,1.2396505,0.4895646,2.8188186,0.7698964,-1.5446107,1.6120912,-0.98144686,1.4375683,0.8014986,1.947081,1.6972739,0.015016582,1.1220894,1.89099,0.124726295,0.38499844,0.5865629,0.8024781,1.7142725,1.8527999,1.2888888,0.8160107,0.96526384,-0.2816848,0.624958,0.5086989,0.4591153,-1.3340007,0.39434552,-0.08948402,1.1080056,0.50966823,-0.47643864,0.28774795,-1.196296,0.9210092,-0.31002027,0.84190166,0.7248311,0.771167,-0.51089513,-0.48050222,0.8973291,0.22433862,-0.18340367,-0.16090693,1.0846488,0.9268416,0.8597187,0.79231715,0.8667316,0.9459013,-0.038353533,-0.7163045,1.1655791,0.6566546,0.10024163
-1.1617284,-0.374293,0.9684869,1.70159,0.48413184,-0.42685345,0.3134278,-0.72768295,1.7507118,-0.59935504,1.0317405,1.4951056,0.9918752,1.6317421,0.7935613,0.5392775,1.0885658,0.98039895,0.8703698,0.9920556,0.80718493,1.4981617,1.1246053,0.5804371,0.50817007,0.4149512,-0.36646965,-0.086755276,0.8472421,1.0583131,-0.47830284,0.428729,0.070021205,0.60303146,0.13725494,-0.12193185,0.37308645,-0.28820682,0.393663,-0.52902454,0.39049536,0.35610616,0.87859577,-0.082961425,0.003850773,0.73275495,0.04300525,0.13659143,0.079803824,0.94152385,1.0680823,0.9022595,0.83478165,0.7251474,0.53173536,-0.16558793,-0.35845697,0.83104074,0.1215471,0.30666962
-1.629968,1.6216553,-0.13475181,0.7583947,0.49047005,0.09407942,-0.0019992976,-0.9655223,1.6314676,-1.665746,1.4224738,1.2504258,2.1366014,1.920577,-0.66062987,1.1613699,1.874925,0.051999245,-0.32551837,1.1018826,1.3368434,1.9268335,1.9310758,1.0573237,0.84002715,0.7641436,-1.3286641,0.22966616,0.07881393,0.1454189,-0.9024272,0.46639663,-0.035376467,0.6574838,0.8129781,-0.22024259,0.5240185,-0.52375644,0.5931959,-0.10955842,0.70887774,0.8528347,0.5649873,-0.19380628,-0.02773371,0.7670112,0.29500365,0.029591002,-0.14236286,0.7491042,0.7380711,0.6247265,0.58754045,0.9042363,0.9025052,0.19415675,-0.5711943,1.2340298,0.54303503,0.078411534
-1.9703144,0.9587373,0.7205715,-0.0722899,0.49047005,3.5304046,-0.32407042,-0.86080766,0.76235735,-1.1843107,0.93568695,2.2471924,1.4016817,1.3975121,-0.6760756,1.3832539,0.7890776,1.1229646,1.5201045,1.3671758,1.7259861,2.268058,2.1265082,1.3746283,1.2412982,1.0627904,1.1168022,0.7462574,0.8100542,1.4865255,-0.96223074,1.0187821,0.86577636,0.69539297,0.39880824,-0.1604772,0.43455663,-0.34985685,0.6983221,-0.088035166,0.9106495,0.84919393,1.2977474,0.6312494,-0.18145339,1.1997303,0.940645,0.9855869,1.003051,1.2953436,1.1380982,1.4878594,1.4536763,1.0987977,1.1183561,-0.13679598,0.27496842,0.85457665,0.46124485,1.1082168
-1.7766291,1.9119891,-0.4535376,-0.54127383,0.492281,2.1630535,-0.06879482,-1.7261077,1.3973684,-1.2682933,0.5864116,1.7017665,1.6699605,0.6067669,-0.7592999,1.1624604,1.0417873,-0.10518463,0.6120461,1.3473852,1.4662156,2.1622634,2.051102,1.4692773,0.71639603,1.0225178,-1.4456722,0.86971474,0.5106852,0.41789588,-1.0821064,0.752619,0.17482299,0.9375768,0.40662053,-0.8110735,-0.18983659,-1.1598009,0.85284233,-0.68984187,0.7025536,0.5680473,1.2646277,-0.39973933,-0.30222535,1.0509404,0.55828863,0.33052486,0.20433809,1.1943325,1.3045617,1.3813846,1.4058781,1.0516317,0.9893096,-0.58725023,-0.27568868,0.9011981,0.23433217,0.4349457
-1.1749078,0.9641619,0.47213864,0.86344105,0.48911187,-1.3527682,0.74634624,-1.2571536,1.4589827,-1.3947885,1.496116,1.0413148,1.2000697,1.2459481,-0.7477276,0.42431572,1.0928224,0.91968703,0.5459462,1.2977763,1.8674107,1.9444797,2.0048983,1.2334325,0.7964781,1.3930296,-0.7949958,0.020836323,-0.75027287,0.51864135,0.12866575,0.12282019,0.54862875,0.90014184,0.3080799,0.2814567,0.9907477,0.1537904,0.46316114,0.895654,0.7087862,0.46022674,-0.15903948,-0.0030008014,0.9596269,0.045145016,0.5096706,0.647874,0.4029511,0.56539154,0.118047096,-0.18263489,-0.23088652,0.7383555,0.1259405,0.11514771,-0.21997109,0.65716004,0.812435,0.51138246
-1.0809646,1.1629537,0.83897173,1.1332675,0.49273372,-1.2897886,0.12012963,0.2957244,1.58392,-0.78145826,0.90281975,1.1371324,1.6836246,1.2601024,-0.68903285,0.50119615,0.30225804,0.53735447,0.9355358,1.1830053,1.4672649,2.1302454,2.1923606,1.1558254,0.832535,0.9796016,-1.1558849,-0.38843092,1.1299706,0.83074147,-0.5830538,0.40726346,0.006065828,0.90455616,0.40153694,-0.55126137,0.03736724,-0.3968026,0.7667559,-0.39691347,0.54196197,0.36788297,0.8498169,-0.462539,-0.15386733,0.65958697,0.12147026,-0.0047265617,-0.11896397,0.8906742,0.90666854,0.88082385,0.76174533,0.64902526,0.44986373,-0.5254922,-0.64902693,0.9121775,0.25176105,0.07651832
-1.2079091,0.50496393,0.97418296,0.51421887,0.49182826,-0.47209343,-0.48934746,-1.2821877,1.2322916,-1.267308,0.42569926,1.1178495,1.4621183,1.9142174,-0.7451228,0.9871691,1.535495,1.4070526,1.0587901,1.2594221,0.9563291,2.0763097,2.1849217,0.8149885,0.48655227,0.63431835,-1.2868742,0.7262734,0.46196312,0.9933484,-1.335176,0.51869065,0.1532,0.6952577,0.34900928,-1.1835557,-0.34852463,-1.4462849,0.8919863,-1.0035086,0.6112376,0.50989056,1.7711658,-0.82199436,-0.8449328,1.1277958,0.3781801,0.09382451,0.09940857,1.352524,1.7009373,1.2785038,1.4216709,1.01683,0.83451515,-1.1949168,-0.7241724,0.8676909,-0.020497221,0.39935708
-0.75400865,1.4651971,0.057230387,0.4842114,0.49363917,-0.062233157,-0.36952013,-0.9254523,1.6939195,-1.3503964,-0.6066833,1.1702347,1.2213185,1.8962634,-0.22787777,0.47017065,-0.09114483,-0.05976306,0.10430214,0.46960473,1.3367077,2.7138062,2.9353936,-0.037376016,0.15867773,0.84707767,-1.4653097,0.6589679,-0.4457246,0.22446409,-0.8049852,0.56229776,0.6185076,0.6316067,0.5264991,-0.80251855,-0.13678215,-1.2725495,0.3996984,-1.0182494,0.41604847,0.48804483,1.1246048,-0.6752203,-0.5895614,0.94200057,0.01010198,0.4761815,0.48565963,1.0973215,1.2663413,1.0625411,1.1312321,0.9076486,0.93062705,-0.19749108,0.18425223,0.8538617,-0.069462016,0.66460556
0.5958551,0.7729734,1.2828915,0.1713876,0.49273372,1.1085844,-0.326431,0.83861464,1.0565346,-1.3022405,0.84546375,0.57935184,-0.12220231,1.8300612,-1.4059865,0.255145,0.69402003,1.2204541,1.062798,1.4198463,-0.18412061,0.8435457,0.41596442,0.4812217,0.027251324,0.7815956,-0.026060756,0.5262249,-0.6260938,0.91132426,-0.08590163,0.69531375,0.76994336,0.24948192,0.19962418,0.108412296,0.243647,0.16201453,0.20130675,-0.31189877,0.40209287,0.1448405,0.6800175,0.5663851,0.27859688,0.43765593,0.20263566,0.833615,0.8652274,0.6117724,0.49207437,0.36758167,0.3799759,0.6940907,0.34526184,0.00936616,0.28278926,0.365505,-0.005143499,0.9100099
-0.33849514,1.1016407,0.22112413,-0.6201626,0.49137554,0.2915766,1.4359516,-0.3603193,1.0341281,-1.2778978,1.0428213,1.610838,1.0966374,2.1072333,-0.857624,0.7546903,0.83885384,0.61378723,0.6491921,1.136305,1.3593351,1.0444093,1.6991769,0.86972326,0.8114694,1.1254493,-0.5680204,0.23865151,0.15796474,0.8605308,-0.9681055,0.49144864,0.051798455,0.93099767,0.4202703,-0.7358095,0.2986508,-1.0005934,0.74466205,-0.34296077,0.6898119,0.61617005,0.83458465,-0.5128956,-0.22057398,0.91666305,0.0554991,0.16994554,0.051040325,0.89854836,0.8105465,0.9622261,0.8847667,0.78979546,0.74519795,-0.08336453,-0.4787458,1.0172391,0.4315119,0.2921454
-1.0720987,0.35066366,0.9017857,0.4330026,0.49001732,1.1917851,1.9650869,-0.6054268,0.7515154,0.057140943,1.5879399,0.66500604,1.4819922,2.0072565,-0.3235703,0.93083805,1.6997391,0.9498161,1.4371716,0.80717283,1.175081,1.7440321,1.4114387,0.8635898,-0.07088068,1.4760121,1.6385298,1.1613221,0.8578923,1.5101348,-0.97675025,0.74213433,0.91475964,0.6405535,0.5310681,0.11358741,0.74185133,-0.35935178,0.38870773,-0.13641988,0.6754585,0.67548704,0.84644693,0.6547892,-0.297155,0.8441394,-0.018394481,0.9448934,1.1141301,1.067521,0.98162603,1.0440441,0.9774526,0.850579,0.9536649,0.46593574,0.6381296,1.2075106,0.52506995,1.2961235
