epoch,train_loss,train_pcc
1,0.417143,0.763532
2,0.362479,0.798454
