model,fold,train_patients,test_patient,test_pcc,overfitting_gap,best_epoch,total_epochs
HisToGene-UNI,1,JFX+LMZ,HYZ,0.3945880460444205,0.20213861686441909,3,18
HisToGene-UNI,2,HYZ+LMZ,JFX,0.3424439907056069,0.1056330121067674,1,16
HisToGene-UNI,3,HYZ+JFX,LMZ,0.3730736523136201,0.12382835809415088,1,16
EGN-v2+UNI,1,JFX+LMZ,HYZ,0.3536883321759964,-0.03849240996672587,16,31
EGN-v2+UNI,2,HYZ+LMZ,JFX,0.3908710701667121,0.07806731133532963,55,70
EGN-v2+UNI,3,HYZ+JFX,LMZ,0.3966974536716141,0.12166771724201769,95,110
