analysis_id,analysis_class,evidence_status,arm,split,patient,pathway,n,hh_count,ll_count,hl_count,lh_count,neutral_count,isolated_count,hotspot_definition,computation_status,reason
phase2_phase3_reanalysis_v002,exploratory_reanalysis,pending_user_review,FBR,internal_val,HYZ15040,Angiogenesis,145,45,43,32,25,0,0,local_sign_quadrant_descriptive_no_significance_test,computed_descriptive,
phase2_phase3_reanalysis_v002,exploratory_reanalysis,pending_user_review,FBR,internal_val,HYZ15040,Apoptosis,145,41,26,37,41,0,0,local_sign_quadrant_descriptive_no_significance_test,computed_descriptive,
phase2_phase3_reanalysis_v002,exploratory_reanalysis,pending_user_review,FBR,internal_val,HYZ15040,Coagulation,145,50,24,38,33,0,0,local_sign_quadrant_descriptive_no_significance_test,computed_descriptive,
phase2_phase3_reanalysis_v002,exploratory_reanalysis,pending_user_review,FBR,internal_val,HYZ15040,Complement,145,51,22,35,37,0,0,local_sign_quadrant_descriptive_no_significance_test,computed_descriptive,
phase2_phase3_reanalysis_v002,exploratory_reanalysis,pending_user_review,FBR,internal_val,HYZ15040,DNA_Damage_Response,145,40,38,37,30,0,0,local_sign_quadrant_descriptive_no_significance_test,computed_descriptive,
phase2_phase3_reanalysis_v002,exploratory_reanalysis,pending_user_review,FBR,internal_val,HYZ15040,E2F_Targets,145,42,42,34,27,0,0,local_sign_quadrant_descriptive_no_significance_test,computed_descriptive,
phase2_phase3_reanalysis_v002,exploratory_reanalysis,pending_user_review,FBR,internal_val,HYZ15040,ECM_Organization,145,54,38,24,29,0,0,local_sign_quadrant_descriptive_no_significance_test,computed_descriptive,
phase2_phase3_reanalysis_v002,exploratory_reanalysis,pending_user_review,FBR,internal_val,HYZ15040,Fibrosis,145,59,41,20,25,0,0,local_sign_quadrant_descriptive_no_significance_test,computed_descriptive,
phase2_phase3_reanalysis_v002,exploratory_reanalysis,pending_user_review,FBR,internal_val,HYZ15040,G2M_Checkpoint,145,51,32,33,29,0,0,local_sign_quadrant_descriptive_no_significance_test,computed_descriptive,
phase2_phase3_reanalysis_v002,exploratory_reanalysis,pending_user_review,FBR,internal_val,HYZ15040,Glycolysis,145,53,38,27,27,0,0,local_sign_quadrant_descriptive_no_significance_test,computed_descriptive,
phase2_phase3_reanalysis_v002,exploratory_reanalysis,pending_user_review,FBR,internal_val,HYZ15040,IL6_JAK_STAT3,145,42,36,34,33,0,0,local_sign_quadrant_descriptive_no_significance_test,computed_descriptive,
phase2_phase3_reanalysis_v002,exploratory_reanalysis,pending_user_review,FBR,internal_val,HYZ15040,Inflammatory_Response,145,44,37,35,29,0,0,local_sign_quadrant_descriptive_no_significance_test,computed_descriptive,
phase2_phase3_reanalysis_v002,exploratory_reanalysis,pending_user_review,FBR,internal_val,HYZ15040,Interferon_Alpha,145,44,36,34,31,0,0,local_sign_quadrant_descriptive_no_significance_test,computed_descriptive,
phase2_phase3_reanalysis_v002,exploratory_reanalysis,pending_user_review,FBR,internal_val,HYZ15040,MYC_Targets,145,44,36,33,32,0,0,local_sign_quadrant_descriptive_no_significance_test,computed_descriptive,
phase2_phase3_reanalysis_v002,exploratory_reanalysis,pending_user_review,FBR,internal_val,HYZ15040,Mitotic_Spindle,145,39,31,37,38,0,0,local_sign_quadrant_descriptive_no_significance_test,computed_descriptive,
phase2_phase3_reanalysis_v002,exploratory_reanalysis,pending_user_review,FBR,internal_val,HYZ15040,Oxidative_Phosphorylation,145,53,38,28,26,0,0,local_sign_quadrant_descriptive_no_significance_test,computed_descriptive,
phase2_phase3_reanalysis_v002,exploratory_reanalysis,pending_user_review,FBR,internal_val,HYZ15040,P53_Pathway,145,48,40,26,31,0,0,local_sign_quadrant_descriptive_no_significance_test,computed_descriptive,
phase2_phase3_reanalysis_v002,exploratory_reanalysis,pending_user_review,FBR,internal_val,HYZ15040,Reactive_Oxygen_Species,145,38,25,43,39,0,0,local_sign_quadrant_descriptive_no_significance_test,computed_descriptive,
phase2_phase3_reanalysis_v002,exploratory_reanalysis,pending_user_review,FBR,internal_val,HYZ15040,TNF_Signaling,145,43,30,36,36,0,0,local_sign_quadrant_descriptive_no_significance_test,computed_descriptive,
phase2_phase3_reanalysis_v002,exploratory_reanalysis,pending_user_review,FBR,internal_val,HYZ15040,Unfolded_Protein_Response,145,43,39,34,29,0,0,local_sign_quadrant_descriptive_no_significance_test,computed_descriptive,
phase2_phase3_reanalysis_v002,exploratory_reanalysis,pending_user_review,FBR,internal_val,HYZ15040,Wound_Healing,145,54,37,28,26,0,0,local_sign_quadrant_descriptive_no_significance_test,computed_descriptive,
phase2_phase3_reanalysis_v002,exploratory_reanalysis,pending_user_review,FBR,internal_val,HYZ15040,emt,145,57,41,23,24,0,0,local_sign_quadrant_descriptive_no_significance_test,computed_descriptive,
phase2_phase3_reanalysis_v002,exploratory_reanalysis,pending_user_review,FBR,internal_val,HYZ15040,hypoxia,145,52,42,27,24,0,0,local_sign_quadrant_descriptive_no_significance_test,computed_descriptive,
phase2_phase3_reanalysis_v002,exploratory_reanalysis,pending_user_review,FBR,internal_val,HYZ15040,icp,145,56,30,32,27,0,0,local_sign_quadrant_descriptive_no_significance_test,computed_descriptive,
phase2_phase3_reanalysis_v002,exploratory_reanalysis,pending_user_review,FBR,internal_val,HYZ15040,ifng,145,51,25,35,34,0,0,local_sign_quadrant_descriptive_no_significance_test,computed_descriptive,
phase2_phase3_reanalysis_v002,exploratory_reanalysis,pending_user_review,FBR,internal_val,HYZ15040,mTOR_Signaling,145,48,28,30,39,0,0,local_sign_quadrant_descriptive_no_significance_test,computed_descriptive,
phase2_phase3_reanalysis_v002,exploratory_reanalysis,pending_user_review,FBR,internal_val,HYZ15040,mhc,145,32,48,33,32,0,0,local_sign_quadrant_descriptive_no_significance_test,computed_descriptive,
phase2_phase3_reanalysis_v002,exploratory_reanalysis,pending_user_review,FBR,internal_val,HYZ15040,tgfb,145,53,31,30,31,0,0,local_sign_quadrant_descriptive_no_significance_test,computed_descriptive,
phase2_phase3_reanalysis_v002,exploratory_reanalysis,pending_user_review,FBR,internal_val,HYZ15040,tls,145,56,38,20,31,0,0,local_sign_quadrant_descriptive_no_significance_test,computed_descriptive,
phase2_phase3_reanalysis_v002,exploratory_reanalysis,pending_user_review,FBR,internal_val,HYZ15040,toxic,145,63,16,33,33,0,0,local_sign_quadrant_descriptive_no_significance_test,computed_descriptive,
phase2_phase3_reanalysis_v002,exploratory_reanalysis,pending_user_review,FBR,internal_val,JFX,Angiogenesis,203,60,51,46,46,0,0,local_sign_quadrant_descriptive_no_significance_test,computed_descriptive,
phase2_phase3_reanalysis_v002,exploratory_reanalysis,pending_user_review,FBR,internal_val,JFX,Apoptosis,203,55,51,46,51,0,0,local_sign_quadrant_descriptive_no_significance_test,computed_descriptive,
phase2_phase3_reanalysis_v002,exploratory_reanalysis,pending_user_review,FBR,internal_val,JFX,Coagulation,203,53,63,46,41,0,0,local_sign_quadrant_descriptive_no_significance_test,computed_descriptive,
phase2_phase3_reanalysis_v002,exploratory_reanalysis,pending_user_review,FBR,internal_val,JFX,Complement,203,65,57,45,36,0,0,local_sign_quadrant_descriptive_no_significance_test,computed_descriptive,
phase2_phase3_reanalysis_v002,exploratory_reanalysis,pending_user_review,FBR,internal_val,JFX,DNA_Damage_Response,203,53,53,51,46,0,0,local_sign_quadrant_descriptive_no_significance_test,computed_descriptive,
phase2_phase3_reanalysis_v002,exploratory_reanalysis,pending_user_review,FBR,internal_val,JFX,E2F_Targets,203,71,62,33,37,0,0,local_sign_quadrant_descriptive_no_significance_test,computed_descriptive,
phase2_phase3_reanalysis_v002,exploratory_reanalysis,pending_user_review,FBR,internal_val,JFX,ECM_Organization,203,54,64,45,40,0,0,local_sign_quadrant_descriptive_no_significance_test,computed_descriptive,
phase2_phase3_reanalysis_v002,exploratory_reanalysis,pending_user_review,FBR,internal_val,JFX,Fibrosis,203,56,55,42,50,0,0,local_sign_quadrant_descriptive_no_significance_test,computed_descriptive,
phase2_phase3_reanalysis_v002,exploratory_reanalysis,pending_user_review,FBR,internal_val,JFX,G2M_Checkpoint,203,60,54,46,43,0,0,local_sign_quadrant_descriptive_no_significance_test,computed_descriptive,
phase2_phase3_reanalysis_v002,exploratory_reanalysis,pending_user_review,FBR,internal_val,JFX,Glycolysis,203,54,54,49,46,0,0,local_sign_quadrant_descriptive_no_significance_test,computed_descriptive,
phase2_phase3_reanalysis_v002,exploratory_reanalysis,pending_user_review,FBR,internal_val,JFX,IL6_JAK_STAT3,203,52,48,54,49,0,0,local_sign_quadrant_descriptive_no_significance_test,computed_descriptive,
phase2_phase3_reanalysis_v002,exploratory_reanalysis,pending_user_review,FBR,internal_val,JFX,Inflammatory_Response,203,50,60,50,43,0,0,local_sign_quadrant_descriptive_no_significance_test,computed_descriptive,
phase2_phase3_reanalysis_v002,exploratory_reanalysis,pending_user_review,FBR,internal_val,JFX,Interferon_Alpha,203,60,67,39,37,0,0,local_sign_quadrant_descriptive_no_significance_test,computed_descriptive,
phase2_phase3_reanalysis_v002,exploratory_reanalysis,pending_user_review,FBR,internal_val,JFX,MYC_Targets,203,53,72,48,30,0,0,local_sign_quadrant_descriptive_no_significance_test,computed_descriptive,
phase2_phase3_reanalysis_v002,exploratory_reanalysis,pending_user_review,FBR,internal_val,JFX,Mitotic_Spindle,203,73,59,34,37,0,0,local_sign_quadrant_descriptive_no_significance_test,computed_descriptive,
phase2_phase3_reanalysis_v002,exploratory_reanalysis,pending_user_review,FBR,internal_val,JFX,Oxidative_Phosphorylation,203,59,60,39,45,0,0,local_sign_quadrant_descriptive_no_significance_test,computed_descriptive,
phase2_phase3_reanalysis_v002,exploratory_reanalysis,pending_user_review,FBR,internal_val,JFX,P53_Pathway,203,58,54,48,43,0,0,local_sign_quadrant_descriptive_no_significance_test,computed_descriptive,
phase2_phase3_reanalysis_v002,exploratory_reanalysis,pending_user_review,FBR,internal_val,JFX,Reactive_Oxygen_Species,203,49,51,50,53,0,0,local_sign_quadrant_descriptive_no_significance_test,computed_descriptive,
phase2_phase3_reanalysis_v002,exploratory_reanalysis,pending_user_review,FBR,internal_val,JFX,TNF_Signaling,203,60,60,41,42,0,0,local_sign_quadrant_descriptive_no_significance_test,computed_descriptive,
phase2_phase3_reanalysis_v002,exploratory_reanalysis,pending_user_review,FBR,internal_val,JFX,Unfolded_Protein_Response,203,61,62,38,42,0,0,local_sign_quadrant_descriptive_no_significance_test,computed_descriptive,
phase2_phase3_reanalysis_v002,exploratory_reanalysis,pending_user_review,FBR,internal_val,JFX,Wound_Healing,203,58,67,46,32,0,0,local_sign_quadrant_descriptive_no_significance_test,computed_descriptive,
phase2_phase3_reanalysis_v002,exploratory_reanalysis,pending_user_review,FBR,internal_val,JFX,emt,203,54,49,52,48,0,0,local_sign_quadrant_descriptive_no_significance_test,computed_descriptive,
phase2_phase3_reanalysis_v002,exploratory_reanalysis,pending_user_review,FBR,internal_val,JFX,hypoxia,203,42,58,52,51,0,0,local_sign_quadrant_descriptive_no_significance_test,computed_descriptive,
phase2_phase3_reanalysis_v002,exploratory_reanalysis,pending_user_review,FBR,internal_val,JFX,icp,203,78,44,41,40,0,0,local_sign_quadrant_descriptive_no_significance_test,computed_descriptive,
phase2_phase3_reanalysis_v002,exploratory_reanalysis,pending_user_review,FBR,internal_val,JFX,ifng,203,62,54,42,45,0,0,local_sign_quadrant_descriptive_no_significance_test,computed_descriptive,
phase2_phase3_reanalysis_v002,exploratory_reanalysis,pending_user_review,FBR,internal_val,JFX,mTOR_Signaling,203,44,60,52,47,0,0,local_sign_quadrant_descriptive_no_significance_test,computed_descriptive,
phase2_phase3_reanalysis_v002,exploratory_reanalysis,pending_user_review,FBR,internal_val,JFX,mhc,203,46,70,45,42,0,0,local_sign_quadrant_descriptive_no_significance_test,computed_descriptive,
phase2_phase3_reanalysis_v002,exploratory_reanalysis,pending_user_review,FBR,internal_val,JFX,tgfb,203,61,57,50,35,0,0,local_sign_quadrant_descriptive_no_significance_test,computed_descriptive,
phase2_phase3_reanalysis_v002,exploratory_reanalysis,pending_user_review,FBR,internal_val,JFX,tls,203,72,55,44,32,0,0,local_sign_quadrant_descriptive_no_significance_test,computed_descriptive,
phase2_phase3_reanalysis_v002,exploratory_reanalysis,pending_user_review,FBR,internal_val,JFX,toxic,203,69,44,48,42,0,0,local_sign_quadrant_descriptive_no_significance_test,computed_descriptive,
phase2_phase3_reanalysis_v002,exploratory_reanalysis,pending_user_review,FBR,internal_val,LMZ12939,Angiogenesis,337,102,91,71,73,0,0,local_sign_quadrant_descriptive_no_significance_test,computed_descriptive,
phase2_phase3_reanalysis_v002,exploratory_reanalysis,pending_user_review,FBR,internal_val,LMZ12939,Apoptosis,337,119,54,80,84,0,0,local_sign_quadrant_descriptive_no_significance_test,computed_descriptive,
phase2_phase3_reanalysis_v002,exploratory_reanalysis,pending_user_review,FBR,internal_val,LMZ12939,Coagulation,337,129,73,70,65,0,0,local_sign_quadrant_descriptive_no_significance_test,computed_descriptive,
phase2_phase3_reanalysis_v002,exploratory_reanalysis,pending_user_review,FBR,internal_val,LMZ12939,Complement,337,122,83,74,58,0,0,local_sign_quadrant_descriptive_no_significance_test,computed_descriptive,
phase2_phase3_reanalysis_v002,exploratory_reanalysis,pending_user_review,FBR,internal_val,LMZ12939,DNA_Damage_Response,337,85,64,94,94,0,0,local_sign_quadrant_descriptive_no_significance_test,computed_descriptive,
phase2_phase3_reanalysis_v002,exploratory_reanalysis,pending_user_review,FBR,internal_val,LMZ12939,E2F_Targets,337,105,82,76,74,0,0,local_sign_quadrant_descriptive_no_significance_test,computed_descriptive,
phase2_phase3_reanalysis_v002,exploratory_reanalysis,pending_user_review,FBR,internal_val,LMZ12939,ECM_Organization,337,107,99,60,71,0,0,local_sign_quadrant_descriptive_no_significance_test,computed_descriptive,
phase2_phase3_reanalysis_v002,exploratory_reanalysis,pending_user_review,FBR,internal_val,LMZ12939,Fibrosis,337,101,85,81,70,0,0,local_sign_quadrant_descriptive_no_significance_test,computed_descriptive,
phase2_phase3_reanalysis_v002,exploratory_reanalysis,pending_user_review,FBR,internal_val,LMZ12939,G2M_Checkpoint,337,87,82,96,72,0,0,local_sign_quadrant_descriptive_no_significance_test,computed_descriptive,
phase2_phase3_reanalysis_v002,exploratory_reanalysis,pending_user_review,FBR,internal_val,LMZ12939,Glycolysis,337,122,75,65,75,0,0,local_sign_quadrant_descriptive_no_significance_test,computed_descriptive,
phase2_phase3_reanalysis_v002,exploratory_reanalysis,pending_user_review,FBR,internal_val,LMZ12939,IL6_JAK_STAT3,337,91,81,85,80,0,0,local_sign_quadrant_descriptive_no_significance_test,computed_descriptive,
phase2_phase3_reanalysis_v002,exploratory_reanalysis,pending_user_review,FBR,internal_val,LMZ12939,Inflammatory_Response,337,123,85,64,65,0,0,local_sign_quadrant_descriptive_no_significance_test,computed_descriptive,
phase2_phase3_reanalysis_v002,exploratory_reanalysis,pending_user_review,FBR,internal_val,LMZ12939,Interferon_Alpha,337,119,110,58,50,0,0,local_sign_quadrant_descriptive_no_significance_test,computed_descriptive,
phase2_phase3_reanalysis_v002,exploratory_reanalysis,pending_user_review,FBR,internal_val,LMZ12939,MYC_Targets,337,116,84,69,68,0,0,local_sign_quadrant_descriptive_no_significance_test,computed_descriptive,
phase2_phase3_reanalysis_v002,exploratory_reanalysis,pending_user_review,FBR,internal_val,LMZ12939,Mitotic_Spindle,337,109,70,79,79,0,0,local_sign_quadrant_descriptive_no_significance_test,computed_descriptive,
phase2_phase3_reanalysis_v002,exploratory_reanalysis,pending_user_review,FBR,internal_val,LMZ12939,Oxidative_Phosphorylation,337,127,83,67,60,0,0,local_sign_quadrant_descriptive_no_significance_test,computed_descriptive,
phase2_phase3_reanalysis_v002,exploratory_reanalysis,pending_user_review,FBR,internal_val,LMZ12939,P53_Pathway,337,98,79,84,76,0,0,local_sign_quadrant_descriptive_no_significance_test,computed_descriptive,
phase2_phase3_reanalysis_v002,exploratory_reanalysis,pending_user_review,FBR,internal_val,LMZ12939,Reactive_Oxygen_Species,337,104,76,89,68,0,0,local_sign_quadrant_descriptive_no_significance_test,computed_descriptive,
phase2_phase3_reanalysis_v002,exploratory_reanalysis,pending_user_review,FBR,internal_val,LMZ12939,TNF_Signaling,337,110,80,70,77,0,0,local_sign_quadrant_descriptive_no_significance_test,computed_descriptive,
phase2_phase3_reanalysis_v002,exploratory_reanalysis,pending_user_review,FBR,internal_val,LMZ12939,Unfolded_Protein_Response,337,96,78,88,75,0,0,local_sign_quadrant_descriptive_no_significance_test,computed_descriptive,
phase2_phase3_reanalysis_v002,exploratory_reanalysis,pending_user_review,FBR,internal_val,LMZ12939,Wound_Healing,337,96,89,74,78,0,0,local_sign_quadrant_descriptive_no_significance_test,computed_descriptive,
phase2_phase3_reanalysis_v002,exploratory_reanalysis,pending_user_review,FBR,internal_val,LMZ12939,emt,337,97,71,91,78,0,0,local_sign_quadrant_descriptive_no_significance_test,computed_descriptive,
phase2_phase3_reanalysis_v002,exploratory_reanalysis,pending_user_review,FBR,internal_val,LMZ12939,hypoxia,337,115,74,77,71,0,0,local_sign_quadrant_descriptive_no_significance_test,computed_descriptive,
phase2_phase3_reanalysis_v002,exploratory_reanalysis,pending_user_review,FBR,internal_val,LMZ12939,icp,337,138,35,84,80,0,0,local_sign_quadrant_descriptive_no_significance_test,computed_descriptive,
phase2_phase3_reanalysis_v002,exploratory_reanalysis,pending_user_review,FBR,internal_val,LMZ12939,ifng,337,145,78,52,62,0,0,local_sign_quadrant_descriptive_no_significance_test,computed_descriptive,
phase2_phase3_reanalysis_v002,exploratory_reanalysis,pending_user_review,FBR,internal_val,LMZ12939,mTOR_Signaling,337,95,85,85,72,0,0,local_sign_quadrant_descriptive_no_significance_test,computed_descriptive,
phase2_phase3_reanalysis_v002,exploratory_reanalysis,pending_user_review,FBR,internal_val,LMZ12939,mhc,337,75,159,55,48,0,0,local_sign_quadrant_descriptive_no_significance_test,computed_descriptive,
phase2_phase3_reanalysis_v002,exploratory_reanalysis,pending_user_review,FBR,internal_val,LMZ12939,tgfb,337,119,65,83,70,0,0,local_sign_quadrant_descriptive_no_significance_test,computed_descriptive,
phase2_phase3_reanalysis_v002,exploratory_reanalysis,pending_user_review,FBR,internal_val,LMZ12939,tls,337,111,100,64,62,0,0,local_sign_quadrant_descriptive_no_significance_test,computed_descriptive,
phase2_phase3_reanalysis_v002,exploratory_reanalysis,pending_user_review,FBR,internal_val,LMZ12939,toxic,337,122,62,86,67,0,0,local_sign_quadrant_descriptive_no_significance_test,computed_descriptive,
phase2_phase3_reanalysis_v002,exploratory_reanalysis,pending_user_review,FBR,internal_val,TGC,Angiogenesis,118,36,29,30,23,0,0,local_sign_quadrant_descriptive_no_significance_test,computed_descriptive,
phase2_phase3_reanalysis_v002,exploratory_reanalysis,pending_user_review,FBR,internal_val,TGC,Apoptosis,118,26,35,31,26,0,0,local_sign_quadrant_descriptive_no_significance_test,computed_descriptive,
phase2_phase3_reanalysis_v002,exploratory_reanalysis,pending_user_review,FBR,internal_val,TGC,Coagulation,118,40,33,21,24,0,0,local_sign_quadrant_descriptive_no_significance_test,computed_descriptive,
phase2_phase3_reanalysis_v002,exploratory_reanalysis,pending_user_review,FBR,internal_val,TGC,Complement,118,37,30,24,27,0,0,local_sign_quadrant_descriptive_no_significance_test,computed_descriptive,
phase2_phase3_reanalysis_v002,exploratory_reanalysis,pending_user_review,FBR,internal_val,TGC,DNA_Damage_Response,118,32,37,31,18,0,0,local_sign_quadrant_descriptive_no_significance_test,computed_descriptive,
phase2_phase3_reanalysis_v002,exploratory_reanalysis,pending_user_review,FBR,internal_val,TGC,E2F_Targets,118,30,42,25,21,0,0,local_sign_quadrant_descriptive_no_significance_test,computed_descriptive,
phase2_phase3_reanalysis_v002,exploratory_reanalysis,pending_user_review,FBR,internal_val,TGC,ECM_Organization,118,46,43,17,12,0,0,local_sign_quadrant_descriptive_no_significance_test,computed_descriptive,
phase2_phase3_reanalysis_v002,exploratory_reanalysis,pending_user_review,FBR,internal_val,TGC,Fibrosis,118,48,42,14,14,0,0,local_sign_quadrant_descriptive_no_significance_test,computed_descriptive,
phase2_phase3_reanalysis_v002,exploratory_reanalysis,pending_user_review,FBR,internal_val,TGC,G2M_Checkpoint,118,27,41,25,25,0,0,local_sign_quadrant_descriptive_no_significance_test,computed_descriptive,
phase2_phase3_reanalysis_v002,exploratory_reanalysis,pending_user_review,FBR,internal_val,TGC,Glycolysis,118,46,31,21,20,0,0,local_sign_quadrant_descriptive_no_significance_test,computed_descriptive,
phase2_phase3_reanalysis_v002,exploratory_reanalysis,pending_user_review,FBR,internal_val,TGC,IL6_JAK_STAT3,118,21,37,36,24,0,0,local_sign_quadrant_descriptive_no_significance_test,computed_descriptive,
phase2_phase3_reanalysis_v002,exploratory_reanalysis,pending_user_review,FBR,internal_val,TGC,Inflammatory_Response,118,43,35,17,23,0,0,local_sign_quadrant_descriptive_no_significance_test,computed_descriptive,
phase2_phase3_reanalysis_v002,exploratory_reanalysis,pending_user_review,FBR,internal_val,TGC,Interferon_Alpha,118,32,40,25,21,0,0,local_sign_quadrant_descriptive_no_significance_test,computed_descriptive,
phase2_phase3_reanalysis_v002,exploratory_reanalysis,pending_user_review,FBR,internal_val,TGC,MYC_Targets,118,35,29,24,30,0,0,local_sign_quadrant_descriptive_no_significance_test,computed_descriptive,
phase2_phase3_reanalysis_v002,exploratory_reanalysis,pending_user_review,FBR,internal_val,TGC,Mitotic_Spindle,118,28,42,26,22,0,0,local_sign_quadrant_descriptive_no_significance_test,computed_descriptive,
phase2_phase3_reanalysis_v002,exploratory_reanalysis,pending_user_review,FBR,internal_val,TGC,Oxidative_Phosphorylation,118,36,29,28,25,0,0,local_sign_quadrant_descriptive_no_significance_test,computed_descriptive,
phase2_phase3_reanalysis_v002,exploratory_reanalysis,pending_user_review,FBR,internal_val,TGC,P53_Pathway,118,36,38,21,23,0,0,local_sign_quadrant_descriptive_no_significance_test,computed_descriptive,
phase2_phase3_reanalysis_v002,exploratory_reanalysis,pending_user_review,FBR,internal_val,TGC,Reactive_Oxygen_Species,118,27,35,30,26,0,0,local_sign_quadrant_descriptive_no_significance_test,computed_descriptive,
phase2_phase3_reanalysis_v002,exploratory_reanalysis,pending_user_review,FBR,internal_val,TGC,TNF_Signaling,118,28,32,30,28,0,0,local_sign_quadrant_descriptive_no_significance_test,computed_descriptive,
phase2_phase3_reanalysis_v002,exploratory_reanalysis,pending_user_review,FBR,internal_val,TGC,Unfolded_Protein_Response,118,30,41,20,27,0,0,local_sign_quadrant_descriptive_no_significance_test,computed_descriptive,
phase2_phase3_reanalysis_v002,exploratory_reanalysis,pending_user_review,FBR,internal_val,TGC,Wound_Healing,118,40,39,20,19,0,0,local_sign_quadrant_descriptive_no_significance_test,computed_descriptive,
phase2_phase3_reanalysis_v002,exploratory_reanalysis,pending_user_review,FBR,internal_val,TGC,emt,118,38,35,23,22,0,0,local_sign_quadrant_descriptive_no_significance_test,computed_descriptive,
phase2_phase3_reanalysis_v002,exploratory_reanalysis,pending_user_review,FBR,internal_val,TGC,hypoxia,118,35,29,27,27,0,0,local_sign_quadrant_descriptive_no_significance_test,computed_descriptive,
phase2_phase3_reanalysis_v002,exploratory_reanalysis,pending_user_review,FBR,internal_val,TGC,icp,118,38,28,26,26,0,0,local_sign_quadrant_descriptive_no_significance_test,computed_descriptive,
phase2_phase3_reanalysis_v002,exploratory_reanalysis,pending_user_review,FBR,internal_val,TGC,ifng,118,37,46,21,14,0,0,local_sign_quadrant_descriptive_no_significance_test,computed_descriptive,
phase2_phase3_reanalysis_v002,exploratory_reanalysis,pending_user_review,FBR,internal_val,TGC,mTOR_Signaling,118,26,34,29,29,0,0,local_sign_quadrant_descriptive_no_significance_test,computed_descriptive,
phase2_phase3_reanalysis_v002,exploratory_reanalysis,pending_user_review,FBR,internal_val,TGC,mhc,118,14,53,25,26,0,0,local_sign_quadrant_descriptive_no_significance_test,computed_descriptive,
phase2_phase3_reanalysis_v002,exploratory_reanalysis,pending_user_review,FBR,internal_val,TGC,tgfb,118,43,41,14,20,0,0,local_sign_quadrant_descriptive_no_significance_test,computed_descriptive,
phase2_phase3_reanalysis_v002,exploratory_reanalysis,pending_user_review,FBR,internal_val,TGC,tls,118,35,26,24,33,0,0,local_sign_quadrant_descriptive_no_significance_test,computed_descriptive,
phase2_phase3_reanalysis_v002,exploratory_reanalysis,pending_user_review,FBR,internal_val,TGC,toxic,118,41,39,21,17,0,0,local_sign_quadrant_descriptive_no_significance_test,computed_descriptive,
phase2_phase3_reanalysis_v002,exploratory_reanalysis,pending_user_review,FBR,internal_val,XSL,Angiogenesis,161,51,34,37,39,0,0,local_sign_quadrant_descriptive_no_significance_test,computed_descriptive,
phase2_phase3_reanalysis_v002,exploratory_reanalysis,pending_user_review,FBR,internal_val,XSL,Apoptosis,161,47,53,33,28,0,0,local_sign_quadrant_descriptive_no_significance_test,computed_descriptive,
phase2_phase3_reanalysis_v002,exploratory_reanalysis,pending_user_review,FBR,internal_val,XSL,Coagulation,161,46,41,35,39,0,0,local_sign_quadrant_descriptive_no_significance_test,computed_descriptive,
phase2_phase3_reanalysis_v002,exploratory_reanalysis,pending_user_review,FBR,internal_val,XSL,Complement,161,50,41,39,31,0,0,local_sign_quadrant_descriptive_no_significance_test,computed_descriptive,
phase2_phase3_reanalysis_v002,exploratory_reanalysis,pending_user_review,FBR,internal_val,XSL,DNA_Damage_Response,161,59,36,35,31,0,0,local_sign_quadrant_descriptive_no_significance_test,computed_descriptive,
phase2_phase3_reanalysis_v002,exploratory_reanalysis,pending_user_review,FBR,internal_val,XSL,E2F_Targets,161,54,41,36,30,0,0,local_sign_quadrant_descriptive_no_significance_test,computed_descriptive,
phase2_phase3_reanalysis_v002,exploratory_reanalysis,pending_user_review,FBR,internal_val,XSL,ECM_Organization,161,46,36,41,38,0,0,local_sign_quadrant_descriptive_no_significance_test,computed_descriptive,
phase2_phase3_reanalysis_v002,exploratory_reanalysis,pending_user_review,FBR,internal_val,XSL,Fibrosis,161,55,42,35,29,0,0,local_sign_quadrant_descriptive_no_significance_test,computed_descriptive,
phase2_phase3_reanalysis_v002,exploratory_reanalysis,pending_user_review,FBR,internal_val,XSL,G2M_Checkpoint,161,42,60,33,26,0,0,local_sign_quadrant_descriptive_no_significance_test,computed_descriptive,
phase2_phase3_reanalysis_v002,exploratory_reanalysis,pending_user_review,FBR,internal_val,XSL,Glycolysis,161,36,46,39,40,0,0,local_sign_quadrant_descriptive_no_significance_test,computed_descriptive,
phase2_phase3_reanalysis_v002,exploratory_reanalysis,pending_user_review,FBR,internal_val,XSL,IL6_JAK_STAT3,161,35,43,43,40,0,0,local_sign_quadrant_descriptive_no_significance_test,computed_descriptive,
phase2_phase3_reanalysis_v002,exploratory_reanalysis,pending_user_review,FBR,internal_val,XSL,Inflammatory_Response,161,48,51,32,30,0,0,local_sign_quadrant_descriptive_no_significance_test,computed_descriptive,
phase2_phase3_reanalysis_v002,exploratory_reanalysis,pending_user_review,FBR,internal_val,XSL,Interferon_Alpha,161,49,57,27,28,0,0,local_sign_quadrant_descriptive_no_significance_test,computed_descriptive,
phase2_phase3_reanalysis_v002,exploratory_reanalysis,pending_user_review,FBR,internal_val,XSL,MYC_Targets,161,40,50,40,31,0,0,local_sign_quadrant_descriptive_no_significance_test,computed_descriptive,
phase2_phase3_reanalysis_v002,exploratory_reanalysis,pending_user_review,FBR,internal_val,XSL,Mitotic_Spindle,161,58,53,24,26,0,0,local_sign_quadrant_descriptive_no_significance_test,computed_descriptive,
phase2_phase3_reanalysis_v002,exploratory_reanalysis,pending_user_review,FBR,internal_val,XSL,Oxidative_Phosphorylation,161,47,53,29,32,0,0,local_sign_quadrant_descriptive_no_significance_test,computed_descriptive,
phase2_phase3_reanalysis_v002,exploratory_reanalysis,pending_user_review,FBR,internal_val,XSL,P53_Pathway,161,39,31,41,50,0,0,local_sign_quadrant_descriptive_no_significance_test,computed_descriptive,
phase2_phase3_reanalysis_v002,exploratory_reanalysis,pending_user_review,FBR,internal_val,XSL,Reactive_Oxygen_Species,161,48,44,32,37,0,0,local_sign_quadrant_descriptive_no_significance_test,computed_descriptive,
phase2_phase3_reanalysis_v002,exploratory_reanalysis,pending_user_review,FBR,internal_val,XSL,TNF_Signaling,161,38,44,44,35,0,0,local_sign_quadrant_descriptive_no_significance_test,computed_descriptive,
phase2_phase3_reanalysis_v002,exploratory_reanalysis,pending_user_review,FBR,internal_val,XSL,Unfolded_Protein_Response,161,36,33,47,45,0,0,local_sign_quadrant_descriptive_no_significance_test,computed_descriptive,
phase2_phase3_reanalysis_v002,exploratory_reanalysis,pending_user_review,FBR,internal_val,XSL,Wound_Healing,161,47,41,39,34,0,0,local_sign_quadrant_descriptive_no_significance_test,computed_descriptive,
phase2_phase3_reanalysis_v002,exploratory_reanalysis,pending_user_review,FBR,internal_val,XSL,emt,161,53,40,35,33,0,0,local_sign_quadrant_descriptive_no_significance_test,computed_descriptive,
phase2_phase3_reanalysis_v002,exploratory_reanalysis,pending_user_review,FBR,internal_val,XSL,hypoxia,161,46,54,33,28,0,0,local_sign_quadrant_descriptive_no_significance_test,computed_descriptive,
phase2_phase3_reanalysis_v002,exploratory_reanalysis,pending_user_review,FBR,internal_val,XSL,icp,161,58,29,42,32,0,0,local_sign_quadrant_descriptive_no_significance_test,computed_descriptive,
phase2_phase3_reanalysis_v002,exploratory_reanalysis,pending_user_review,FBR,internal_val,XSL,ifng,161,47,44,29,41,0,0,local_sign_quadrant_descriptive_no_significance_test,computed_descriptive,
phase2_phase3_reanalysis_v002,exploratory_reanalysis,pending_user_review,FBR,internal_val,XSL,mTOR_Signaling,161,44,44,33,40,0,0,local_sign_quadrant_descriptive_no_significance_test,computed_descriptive,
phase2_phase3_reanalysis_v002,exploratory_reanalysis,pending_user_review,FBR,internal_val,XSL,mhc,161,46,52,29,34,0,0,local_sign_quadrant_descriptive_no_significance_test,computed_descriptive,
phase2_phase3_reanalysis_v002,exploratory_reanalysis,pending_user_review,FBR,internal_val,XSL,tgfb,161,47,54,29,31,0,0,local_sign_quadrant_descriptive_no_significance_test,computed_descriptive,
phase2_phase3_reanalysis_v002,exploratory_reanalysis,pending_user_review,FBR,internal_val,XSL,tls,161,78,24,28,31,0,0,local_sign_quadrant_descriptive_no_significance_test,computed_descriptive,
phase2_phase3_reanalysis_v002,exploratory_reanalysis,pending_user_review,FBR,internal_val,XSL,toxic,161,69,28,30,34,0,0,local_sign_quadrant_descriptive_no_significance_test,computed_descriptive,
phase2_phase3_reanalysis_v002,exploratory_reanalysis,pending_user_review,FBR,internal_val,ZHZ,Angiogenesis,114,34,29,23,27,0,1,local_sign_quadrant_descriptive_no_significance_test,computed_descriptive,
phase2_phase3_reanalysis_v002,exploratory_reanalysis,pending_user_review,FBR,internal_val,ZHZ,Apoptosis,114,37,28,26,22,0,1,local_sign_quadrant_descriptive_no_significance_test,computed_descriptive,
phase2_phase3_reanalysis_v002,exploratory_reanalysis,pending_user_review,FBR,internal_val,ZHZ,Coagulation,114,33,42,20,18,0,1,local_sign_quadrant_descriptive_no_significance_test,computed_descriptive,
phase2_phase3_reanalysis_v002,exploratory_reanalysis,pending_user_review,FBR,internal_val,ZHZ,Complement,114,36,39,20,18,0,1,local_sign_quadrant_descriptive_no_significance_test,computed_descriptive,
phase2_phase3_reanalysis_v002,exploratory_reanalysis,pending_user_review,FBR,internal_val,ZHZ,DNA_Damage_Response,114,22,47,25,19,0,1,local_sign_quadrant_descriptive_no_significance_test,computed_descriptive,
phase2_phase3_reanalysis_v002,exploratory_reanalysis,pending_user_review,FBR,internal_val,ZHZ,E2F_Targets,114,28,35,26,24,0,1,local_sign_quadrant_descriptive_no_significance_test,computed_descriptive,
phase2_phase3_reanalysis_v002,exploratory_reanalysis,pending_user_review,FBR,internal_val,ZHZ,ECM_Organization,114,36,38,19,20,0,1,local_sign_quadrant_descriptive_no_significance_test,computed_descriptive,
phase2_phase3_reanalysis_v002,exploratory_reanalysis,pending_user_review,FBR,internal_val,ZHZ,Fibrosis,114,35,43,20,15,0,1,local_sign_quadrant_descriptive_no_significance_test,computed_descriptive,
phase2_phase3_reanalysis_v002,exploratory_reanalysis,pending_user_review,FBR,internal_val,ZHZ,G2M_Checkpoint,114,36,33,24,20,0,1,local_sign_quadrant_descriptive_no_significance_test,computed_descriptive,
phase2_phase3_reanalysis_v002,exploratory_reanalysis,pending_user_review,FBR,internal_val,ZHZ,Glycolysis,114,45,27,17,24,0,1,local_sign_quadrant_descriptive_no_significance_test,computed_descriptive,
phase2_phase3_reanalysis_v002,exploratory_reanalysis,pending_user_review,FBR,internal_val,ZHZ,IL6_JAK_STAT3,114,42,26,21,24,0,1,local_sign_quadrant_descriptive_no_significance_test,computed_descriptive,
phase2_phase3_reanalysis_v002,exploratory_reanalysis,pending_user_review,FBR,internal_val,ZHZ,Inflammatory_Response,114,57,30,11,15,0,1,local_sign_quadrant_descriptive_no_significance_test,computed_descriptive,
phase2_phase3_reanalysis_v002,exploratory_reanalysis,pending_user_review,FBR,internal_val,ZHZ,Interferon_Alpha,114,29,27,26,31,0,1,local_sign_quadrant_descriptive_no_significance_test,computed_descriptive,
phase2_phase3_reanalysis_v002,exploratory_reanalysis,pending_user_review,FBR,internal_val,ZHZ,MYC_Targets,114,35,14,30,34,0,1,local_sign_quadrant_descriptive_no_significance_test,computed_descriptive,
phase2_phase3_reanalysis_v002,exploratory_reanalysis,pending_user_review,FBR,internal_val,ZHZ,Mitotic_Spindle,114,32,36,26,19,0,1,local_sign_quadrant_descriptive_no_significance_test,computed_descriptive,
phase2_phase3_reanalysis_v002,exploratory_reanalysis,pending_user_review,FBR,internal_val,ZHZ,Oxidative_Phosphorylation,114,36,24,25,28,0,1,local_sign_quadrant_descriptive_no_significance_test,computed_descriptive,
phase2_phase3_reanalysis_v002,exploratory_reanalysis,pending_user_review,FBR,internal_val,ZHZ,P53_Pathway,114,48,23,18,24,0,1,local_sign_quadrant_descriptive_no_significance_test,computed_descriptive,
phase2_phase3_reanalysis_v002,exploratory_reanalysis,pending_user_review,FBR,internal_val,ZHZ,Reactive_Oxygen_Species,114,33,40,23,17,0,1,local_sign_quadrant_descriptive_no_significance_test,computed_descriptive,
phase2_phase3_reanalysis_v002,exploratory_reanalysis,pending_user_review,FBR,internal_val,ZHZ,TNF_Signaling,114,48,32,16,17,0,1,local_sign_quadrant_descriptive_no_significance_test,computed_descriptive,
phase2_phase3_reanalysis_v002,exploratory_reanalysis,pending_user_review,FBR,internal_val,ZHZ,Unfolded_Protein_Response,114,47,26,20,20,0,1,local_sign_quadrant_descriptive_no_significance_test,computed_descriptive,
phase2_phase3_reanalysis_v002,exploratory_reanalysis,pending_user_review,FBR,internal_val,ZHZ,Wound_Healing,114,36,38,22,17,0,1,local_sign_quadrant_descriptive_no_significance_test,computed_descriptive,
phase2_phase3_reanalysis_v002,exploratory_reanalysis,pending_user_review,FBR,internal_val,ZHZ,emt,114,28,37,25,23,0,1,local_sign_quadrant_descriptive_no_significance_test,computed_descriptive,
phase2_phase3_reanalysis_v002,exploratory_reanalysis,pending_user_review,FBR,internal_val,ZHZ,hypoxia,114,44,23,22,24,0,1,local_sign_quadrant_descriptive_no_significance_test,computed_descriptive,
phase2_phase3_reanalysis_v002,exploratory_reanalysis,pending_user_review,FBR,internal_val,ZHZ,icp,114,36,26,25,26,0,1,local_sign_quadrant_descriptive_no_significance_test,computed_descriptive,
phase2_phase3_reanalysis_v002,exploratory_reanalysis,pending_user_review,FBR,internal_val,ZHZ,ifng,114,38,31,20,24,0,1,local_sign_quadrant_descriptive_no_significance_test,computed_descriptive,
phase2_phase3_reanalysis_v002,exploratory_reanalysis,pending_user_review,FBR,internal_val,ZHZ,mTOR_Signaling,114,25,36,26,26,0,1,local_sign_quadrant_descriptive_no_significance_test,computed_descriptive,
phase2_phase3_reanalysis_v002,exploratory_reanalysis,pending_user_review,FBR,internal_val,ZHZ,mhc,114,58,20,12,23,0,1,local_sign_quadrant_descriptive_no_significance_test,computed_descriptive,
phase2_phase3_reanalysis_v002,exploratory_reanalysis,pending_user_review,FBR,internal_val,ZHZ,tgfb,114,24,34,28,27,0,1,local_sign_quadrant_descriptive_no_significance_test,computed_descriptive,
phase2_phase3_reanalysis_v002,exploratory_reanalysis,pending_user_review,FBR,internal_val,ZHZ,tls,114,43,28,22,20,0,1,local_sign_quadrant_descriptive_no_significance_test,computed_descriptive,
phase2_phase3_reanalysis_v002,exploratory_reanalysis,pending_user_review,FBR,internal_val,ZHZ,toxic,114,36,17,30,30,0,1,local_sign_quadrant_descriptive_no_significance_test,computed_descriptive,
phase2_phase3_reanalysis_v002,exploratory_reanalysis,pending_user_review,FBR,XZY,XZY,Angiogenesis,1039,400,306,175,158,0,0,local_sign_quadrant_descriptive_no_significance_test,computed_descriptive,
phase2_phase3_reanalysis_v002,exploratory_reanalysis,pending_user_review,FBR,XZY,XZY,Apoptosis,1039,270,354,221,194,0,0,local_sign_quadrant_descriptive_no_significance_test,computed_descriptive,
phase2_phase3_reanalysis_v002,exploratory_reanalysis,pending_user_review,FBR,XZY,XZY,Coagulation,1039,320,351,184,184,0,0,local_sign_quadrant_descriptive_no_significance_test,computed_descriptive,
phase2_phase3_reanalysis_v002,exploratory_reanalysis,pending_user_review,FBR,XZY,XZY,Complement,1039,320,479,133,107,0,0,local_sign_quadrant_descriptive_no_significance_test,computed_descriptive,
phase2_phase3_reanalysis_v002,exploratory_reanalysis,pending_user_review,FBR,XZY,XZY,DNA_Damage_Response,1039,277,386,205,171,0,0,local_sign_quadrant_descriptive_no_significance_test,computed_descriptive,
phase2_phase3_reanalysis_v002,exploratory_reanalysis,pending_user_review,FBR,XZY,XZY,E2F_Targets,1039,299,384,199,157,0,0,local_sign_quadrant_descriptive_no_significance_test,computed_descriptive,
phase2_phase3_reanalysis_v002,exploratory_reanalysis,pending_user_review,FBR,XZY,XZY,ECM_Organization,1039,308,416,158,157,0,0,local_sign_quadrant_descriptive_no_significance_test,computed_descriptive,
phase2_phase3_reanalysis_v002,exploratory_reanalysis,pending_user_review,FBR,XZY,XZY,Fibrosis,1039,315,411,159,154,0,0,local_sign_quadrant_descriptive_no_significance_test,computed_descriptive,
phase2_phase3_reanalysis_v002,exploratory_reanalysis,pending_user_review,FBR,XZY,XZY,G2M_Checkpoint,1039,259,389,211,180,0,0,local_sign_quadrant_descriptive_no_significance_test,computed_descriptive,
phase2_phase3_reanalysis_v002,exploratory_reanalysis,pending_user_review,FBR,XZY,XZY,Glycolysis,1039,343,379,153,164,0,0,local_sign_quadrant_descriptive_no_significance_test,computed_descriptive,
phase2_phase3_reanalysis_v002,exploratory_reanalysis,pending_user_review,FBR,XZY,XZY,IL6_JAK_STAT3,1039,273,394,195,177,0,0,local_sign_quadrant_descriptive_no_significance_test,computed_descriptive,
phase2_phase3_reanalysis_v002,exploratory_reanalysis,pending_user_review,FBR,XZY,XZY,Inflammatory_Response,1039,455,324,117,143,0,0,local_sign_quadrant_descriptive_no_significance_test,computed_descriptive,
phase2_phase3_reanalysis_v002,exploratory_reanalysis,pending_user_review,FBR,XZY,XZY,Interferon_Alpha,1039,321,477,122,119,0,0,local_sign_quadrant_descriptive_no_significance_test,computed_descriptive,
phase2_phase3_reanalysis_v002,exploratory_reanalysis,pending_user_review,FBR,XZY,XZY,MYC_Targets,1039,296,318,221,204,0,0,local_sign_quadrant_descriptive_no_significance_test,computed_descriptive,
phase2_phase3_reanalysis_v002,exploratory_reanalysis,pending_user_review,FBR,XZY,XZY,Mitotic_Spindle,1039,244,383,223,189,0,0,local_sign_quadrant_descriptive_no_significance_test,computed_descriptive,
phase2_phase3_reanalysis_v002,exploratory_reanalysis,pending_user_review,FBR,XZY,XZY,Oxidative_Phosphorylation,1039,270,378,228,163,0,0,local_sign_quadrant_descriptive_no_significance_test,computed_descriptive,
phase2_phase3_reanalysis_v002,exploratory_reanalysis,pending_user_review,FBR,XZY,XZY,P53_Pathway,1039,244,347,236,212,0,0,local_sign_quadrant_descriptive_no_significance_test,computed_descriptive,
phase2_phase3_reanalysis_v002,exploratory_reanalysis,pending_user_review,FBR,XZY,XZY,Reactive_Oxygen_Species,1039,295,382,182,180,0,0,local_sign_quadrant_descriptive_no_significance_test,computed_descriptive,
phase2_phase3_reanalysis_v002,exploratory_reanalysis,pending_user_review,FBR,XZY,XZY,TNF_Signaling,1039,321,378,164,176,0,0,local_sign_quadrant_descriptive_no_significance_test,computed_descriptive,
phase2_phase3_reanalysis_v002,exploratory_reanalysis,pending_user_review,FBR,XZY,XZY,Unfolded_Protein_Response,1039,259,386,206,188,0,0,local_sign_quadrant_descriptive_no_significance_test,computed_descriptive,
phase2_phase3_reanalysis_v002,exploratory_reanalysis,pending_user_review,FBR,XZY,XZY,Wound_Healing,1039,341,355,179,164,0,0,local_sign_quadrant_descriptive_no_significance_test,computed_descriptive,
phase2_phase3_reanalysis_v002,exploratory_reanalysis,pending_user_review,FBR,XZY,XZY,emt,1039,308,329,193,209,0,0,local_sign_quadrant_descriptive_no_significance_test,computed_descriptive,
phase2_phase3_reanalysis_v002,exploratory_reanalysis,pending_user_review,FBR,XZY,XZY,hypoxia,1039,364,359,164,152,0,0,local_sign_quadrant_descriptive_no_significance_test,computed_descriptive,
phase2_phase3_reanalysis_v002,exploratory_reanalysis,pending_user_review,FBR,XZY,XZY,icp,1039,335,310,217,177,0,0,local_sign_quadrant_descriptive_no_significance_test,computed_descriptive,
phase2_phase3_reanalysis_v002,exploratory_reanalysis,pending_user_review,FBR,XZY,XZY,ifng,1039,378,327,166,168,0,0,local_sign_quadrant_descriptive_no_significance_test,computed_descriptive,
phase2_phase3_reanalysis_v002,exploratory_reanalysis,pending_user_review,FBR,XZY,XZY,mTOR_Signaling,1039,255,355,227,202,0,0,local_sign_quadrant_descriptive_no_significance_test,computed_descriptive,
phase2_phase3_reanalysis_v002,exploratory_reanalysis,pending_user_review,FBR,XZY,XZY,mhc,1039,323,357,191,168,0,0,local_sign_quadrant_descriptive_no_significance_test,computed_descriptive,
phase2_phase3_reanalysis_v002,exploratory_reanalysis,pending_user_review,FBR,XZY,XZY,tgfb,1039,232,357,229,221,0,0,local_sign_quadrant_descriptive_no_significance_test,computed_descriptive,
phase2_phase3_reanalysis_v002,exploratory_reanalysis,pending_user_review,FBR,XZY,XZY,tls,1039,512,229,142,156,0,0,local_sign_quadrant_descriptive_no_significance_test,computed_descriptive,
phase2_phase3_reanalysis_v002,exploratory_reanalysis,pending_user_review,FBR,XZY,XZY,toxic,1039,360,240,246,193,0,0,local_sign_quadrant_descriptive_no_significance_test,computed_descriptive,
phase2_phase3_reanalysis_v002,exploratory_reanalysis,pending_user_review,RCC,internal_val,HYZ15040,Angiogenesis,145,40,46,33,26,0,0,local_sign_quadrant_descriptive_no_significance_test,computed_descriptive,
phase2_phase3_reanalysis_v002,exploratory_reanalysis,pending_user_review,RCC,internal_val,HYZ15040,Apoptosis,145,40,27,38,40,0,0,local_sign_quadrant_descriptive_no_significance_test,computed_descriptive,
phase2_phase3_reanalysis_v002,exploratory_reanalysis,pending_user_review,RCC,internal_val,HYZ15040,Coagulation,145,48,23,37,37,0,0,local_sign_quadrant_descriptive_no_significance_test,computed_descriptive,
phase2_phase3_reanalysis_v002,exploratory_reanalysis,pending_user_review,RCC,internal_val,HYZ15040,Complement,145,49,24,33,39,0,0,local_sign_quadrant_descriptive_no_significance_test,computed_descriptive,
phase2_phase3_reanalysis_v002,exploratory_reanalysis,pending_user_review,RCC,internal_val,HYZ15040,DNA_Damage_Response,145,46,36,33,30,0,0,local_sign_quadrant_descriptive_no_significance_test,computed_descriptive,
phase2_phase3_reanalysis_v002,exploratory_reanalysis,pending_user_review,RCC,internal_val,HYZ15040,E2F_Targets,145,44,47,30,24,0,0,local_sign_quadrant_descriptive_no_significance_test,computed_descriptive,
phase2_phase3_reanalysis_v002,exploratory_reanalysis,pending_user_review,RCC,internal_val,HYZ15040,ECM_Organization,145,52,39,23,31,0,0,local_sign_quadrant_descriptive_no_significance_test,computed_descriptive,
phase2_phase3_reanalysis_v002,exploratory_reanalysis,pending_user_review,RCC,internal_val,HYZ15040,Fibrosis,145,58,39,20,28,0,0,local_sign_quadrant_descriptive_no_significance_test,computed_descriptive,
phase2_phase3_reanalysis_v002,exploratory_reanalysis,pending_user_review,RCC,internal_val,HYZ15040,G2M_Checkpoint,145,54,32,29,30,0,0,local_sign_quadrant_descriptive_no_significance_test,computed_descriptive,
phase2_phase3_reanalysis_v002,exploratory_reanalysis,pending_user_review,RCC,internal_val,HYZ15040,Glycolysis,145,51,37,26,31,0,0,local_sign_quadrant_descriptive_no_significance_test,computed_descriptive,
phase2_phase3_reanalysis_v002,exploratory_reanalysis,pending_user_review,RCC,internal_val,HYZ15040,IL6_JAK_STAT3,145,38,32,38,37,0,0,local_sign_quadrant_descriptive_no_significance_test,computed_descriptive,
phase2_phase3_reanalysis_v002,exploratory_reanalysis,pending_user_review,RCC,internal_val,HYZ15040,Inflammatory_Response,145,44,37,33,31,0,0,local_sign_quadrant_descriptive_no_significance_test,computed_descriptive,
phase2_phase3_reanalysis_v002,exploratory_reanalysis,pending_user_review,RCC,internal_val,HYZ15040,Interferon_Alpha,145,43,38,35,29,0,0,local_sign_quadrant_descriptive_no_significance_test,computed_descriptive,
phase2_phase3_reanalysis_v002,exploratory_reanalysis,pending_user_review,RCC,internal_val,HYZ15040,MYC_Targets,145,44,39,32,30,0,0,local_sign_quadrant_descriptive_no_significance_test,computed_descriptive,
phase2_phase3_reanalysis_v002,exploratory_reanalysis,pending_user_review,RCC,internal_val,HYZ15040,Mitotic_Spindle,145,35,35,37,38,0,0,local_sign_quadrant_descriptive_no_significance_test,computed_descriptive,
phase2_phase3_reanalysis_v002,exploratory_reanalysis,pending_user_review,RCC,internal_val,HYZ15040,Oxidative_Phosphorylation,145,51,39,27,28,0,0,local_sign_quadrant_descriptive_no_significance_test,computed_descriptive,
phase2_phase3_reanalysis_v002,exploratory_reanalysis,pending_user_review,RCC,internal_val,HYZ15040,P53_Pathway,145,46,39,27,33,0,0,local_sign_quadrant_descriptive_no_significance_test,computed_descriptive,
phase2_phase3_reanalysis_v002,exploratory_reanalysis,pending_user_review,RCC,internal_val,HYZ15040,Reactive_Oxygen_Species,145,37,25,45,38,0,0,local_sign_quadrant_descriptive_no_significance_test,computed_descriptive,
phase2_phase3_reanalysis_v002,exploratory_reanalysis,pending_user_review,RCC,internal_val,HYZ15040,TNF_Signaling,145,42,30,37,36,0,0,local_sign_quadrant_descriptive_no_significance_test,computed_descriptive,
phase2_phase3_reanalysis_v002,exploratory_reanalysis,pending_user_review,RCC,internal_val,HYZ15040,Unfolded_Protein_Response,145,46,35,32,32,0,0,local_sign_quadrant_descriptive_no_significance_test,computed_descriptive,
phase2_phase3_reanalysis_v002,exploratory_reanalysis,pending_user_review,RCC,internal_val,HYZ15040,Wound_Healing,145,51,38,27,29,0,0,local_sign_quadrant_descriptive_no_significance_test,computed_descriptive,
phase2_phase3_reanalysis_v002,exploratory_reanalysis,pending_user_review,RCC,internal_val,HYZ15040,emt,145,56,39,25,25,0,0,local_sign_quadrant_descriptive_no_significance_test,computed_descriptive,
phase2_phase3_reanalysis_v002,exploratory_reanalysis,pending_user_review,RCC,internal_val,HYZ15040,hypoxia,145,50,46,29,20,0,0,local_sign_quadrant_descriptive_no_significance_test,computed_descriptive,
phase2_phase3_reanalysis_v002,exploratory_reanalysis,pending_user_review,RCC,internal_val,HYZ15040,icp,145,58,29,30,28,0,0,local_sign_quadrant_descriptive_no_significance_test,computed_descriptive,
phase2_phase3_reanalysis_v002,exploratory_reanalysis,pending_user_review,RCC,internal_val,HYZ15040,ifng,145,48,26,36,35,0,0,local_sign_quadrant_descriptive_no_significance_test,computed_descriptive,
phase2_phase3_reanalysis_v002,exploratory_reanalysis,pending_user_review,RCC,internal_val,HYZ15040,mTOR_Signaling,145,48,29,33,35,0,0,local_sign_quadrant_descriptive_no_significance_test,computed_descriptive,
phase2_phase3_reanalysis_v002,exploratory_reanalysis,pending_user_review,RCC,internal_val,HYZ15040,mhc,145,31,49,32,33,0,0,local_sign_quadrant_descriptive_no_significance_test,computed_descriptive,
phase2_phase3_reanalysis_v002,exploratory_reanalysis,pending_user_review,RCC,internal_val,HYZ15040,tgfb,145,53,32,31,29,0,0,local_sign_quadrant_descriptive_no_significance_test,computed_descriptive,
phase2_phase3_reanalysis_v002,exploratory_reanalysis,pending_user_review,RCC,internal_val,HYZ15040,tls,145,55,42,23,25,0,0,local_sign_quadrant_descriptive_no_significance_test,computed_descriptive,
phase2_phase3_reanalysis_v002,exploratory_reanalysis,pending_user_review,RCC,internal_val,HYZ15040,toxic,145,60,19,34,32,0,0,local_sign_quadrant_descriptive_no_significance_test,computed_descriptive,
phase2_phase3_reanalysis_v002,exploratory_reanalysis,pending_user_review,RCC,internal_val,JFX,Angiogenesis,203,61,50,46,46,0,0,local_sign_quadrant_descriptive_no_significance_test,computed_descriptive,
phase2_phase3_reanalysis_v002,exploratory_reanalysis,pending_user_review,RCC,internal_val,JFX,Apoptosis,203,54,49,47,53,0,0,local_sign_quadrant_descriptive_no_significance_test,computed_descriptive,
phase2_phase3_reanalysis_v002,exploratory_reanalysis,pending_user_review,RCC,internal_val,JFX,Coagulation,203,56,63,44,40,0,0,local_sign_quadrant_descriptive_no_significance_test,computed_descriptive,
phase2_phase3_reanalysis_v002,exploratory_reanalysis,pending_user_review,RCC,internal_val,JFX,Complement,203,66,55,47,35,0,0,local_sign_quadrant_descriptive_no_significance_test,computed_descriptive,
phase2_phase3_reanalysis_v002,exploratory_reanalysis,pending_user_review,RCC,internal_val,JFX,DNA_Damage_Response,203,50,56,53,44,0,0,local_sign_quadrant_descriptive_no_significance_test,computed_descriptive,
phase2_phase3_reanalysis_v002,exploratory_reanalysis,pending_user_review,RCC,internal_val,JFX,E2F_Targets,203,66,66,33,38,0,0,local_sign_quadrant_descriptive_no_significance_test,computed_descriptive,
phase2_phase3_reanalysis_v002,exploratory_reanalysis,pending_user_review,RCC,internal_val,JFX,ECM_Organization,203,57,54,43,49,0,0,local_sign_quadrant_descriptive_no_significance_test,computed_descriptive,
phase2_phase3_reanalysis_v002,exploratory_reanalysis,pending_user_review,RCC,internal_val,JFX,Fibrosis,203,59,55,42,47,0,0,local_sign_quadrant_descriptive_no_significance_test,computed_descriptive,
phase2_phase3_reanalysis_v002,exploratory_reanalysis,pending_user_review,RCC,internal_val,JFX,G2M_Checkpoint,203,61,55,46,41,0,0,local_sign_quadrant_descriptive_no_significance_test,computed_descriptive,
phase2_phase3_reanalysis_v002,exploratory_reanalysis,pending_user_review,RCC,internal_val,JFX,Glycolysis,203,53,54,51,45,0,0,local_sign_quadrant_descriptive_no_significance_test,computed_descriptive,
phase2_phase3_reanalysis_v002,exploratory_reanalysis,pending_user_review,RCC,internal_val,JFX,IL6_JAK_STAT3,203,51,50,54,48,0,0,local_sign_quadrant_descriptive_no_significance_test,computed_descriptive,
phase2_phase3_reanalysis_v002,exploratory_reanalysis,pending_user_review,RCC,internal_val,JFX,Inflammatory_Response,203,51,63,47,42,0,0,local_sign_quadrant_descriptive_no_significance_test,computed_descriptive,
phase2_phase3_reanalysis_v002,exploratory_reanalysis,pending_user_review,RCC,internal_val,JFX,Interferon_Alpha,203,63,69,39,32,0,0,local_sign_quadrant_descriptive_no_significance_test,computed_descriptive,
phase2_phase3_reanalysis_v002,exploratory_reanalysis,pending_user_review,RCC,internal_val,JFX,MYC_Targets,203,52,73,48,30,0,0,local_sign_quadrant_descriptive_no_significance_test,computed_descriptive,
phase2_phase3_reanalysis_v002,exploratory_reanalysis,pending_user_review,RCC,internal_val,JFX,Mitotic_Spindle,203,67,62,36,38,0,0,local_sign_quadrant_descriptive_no_significance_test,computed_descriptive,
phase2_phase3_reanalysis_v002,exploratory_reanalysis,pending_user_review,RCC,internal_val,JFX,Oxidative_Phosphorylation,203,55,59,42,47,0,0,local_sign_quadrant_descriptive_no_significance_test,computed_descriptive,
phase2_phase3_reanalysis_v002,exploratory_reanalysis,pending_user_review,RCC,internal_val,JFX,P53_Pathway,203,61,52,46,44,0,0,local_sign_quadrant_descriptive_no_significance_test,computed_descriptive,
phase2_phase3_reanalysis_v002,exploratory_reanalysis,pending_user_review,RCC,internal_val,JFX,Reactive_Oxygen_Species,203,52,51,48,52,0,0,local_sign_quadrant_descriptive_no_significance_test,computed_descriptive,
phase2_phase3_reanalysis_v002,exploratory_reanalysis,pending_user_review,RCC,internal_val,JFX,TNF_Signaling,203,58,59,42,44,0,0,local_sign_quadrant_descriptive_no_significance_test,computed_descriptive,
phase2_phase3_reanalysis_v002,exploratory_reanalysis,pending_user_review,RCC,internal_val,JFX,Unfolded_Protein_Response,203,60,65,38,40,0,0,local_sign_quadrant_descriptive_no_significance_test,computed_descriptive,
phase2_phase3_reanalysis_v002,exploratory_reanalysis,pending_user_review,RCC,internal_val,JFX,Wound_Healing,203,59,62,46,36,0,0,local_sign_quadrant_descriptive_no_significance_test,computed_descriptive,
phase2_phase3_reanalysis_v002,exploratory_reanalysis,pending_user_review,RCC,internal_val,JFX,emt,203,55,48,50,50,0,0,local_sign_quadrant_descriptive_no_significance_test,computed_descriptive,
phase2_phase3_reanalysis_v002,exploratory_reanalysis,pending_user_review,RCC,internal_val,JFX,hypoxia,203,44,65,52,42,0,0,local_sign_quadrant_descriptive_no_significance_test,computed_descriptive,
phase2_phase3_reanalysis_v002,exploratory_reanalysis,pending_user_review,RCC,internal_val,JFX,icp,203,80,43,39,41,0,0,local_sign_quadrant_descriptive_no_significance_test,computed_descriptive,
phase2_phase3_reanalysis_v002,exploratory_reanalysis,pending_user_review,RCC,internal_val,JFX,ifng,203,67,49,41,46,0,0,local_sign_quadrant_descriptive_no_significance_test,computed_descriptive,
phase2_phase3_reanalysis_v002,exploratory_reanalysis,pending_user_review,RCC,internal_val,JFX,mTOR_Signaling,203,46,61,49,47,0,0,local_sign_quadrant_descriptive_no_significance_test,computed_descriptive,
phase2_phase3_reanalysis_v002,exploratory_reanalysis,pending_user_review,RCC,internal_val,JFX,mhc,203,45,67,44,47,0,0,local_sign_quadrant_descriptive_no_significance_test,computed_descriptive,
phase2_phase3_reanalysis_v002,exploratory_reanalysis,pending_user_review,RCC,internal_val,JFX,tgfb,203,59,57,52,35,0,0,local_sign_quadrant_descriptive_no_significance_test,computed_descriptive,
phase2_phase3_reanalysis_v002,exploratory_reanalysis,pending_user_review,RCC,internal_val,JFX,tls,203,74,54,41,34,0,0,local_sign_quadrant_descriptive_no_significance_test,computed_descriptive,
phase2_phase3_reanalysis_v002,exploratory_reanalysis,pending_user_review,RCC,internal_val,JFX,toxic,203,58,44,56,45,0,0,local_sign_quadrant_descriptive_no_significance_test,computed_descriptive,
phase2_phase3_reanalysis_v002,exploratory_reanalysis,pending_user_review,RCC,internal_val,LMZ12939,Angiogenesis,337,100,88,73,76,0,0,local_sign_quadrant_descriptive_no_significance_test,computed_descriptive,
phase2_phase3_reanalysis_v002,exploratory_reanalysis,pending_user_review,RCC,internal_val,LMZ12939,Apoptosis,337,116,52,81,88,0,0,local_sign_quadrant_descriptive_no_significance_test,computed_descriptive,
phase2_phase3_reanalysis_v002,exploratory_reanalysis,pending_user_review,RCC,internal_val,LMZ12939,Coagulation,337,126,75,72,64,0,0,local_sign_quadrant_descriptive_no_significance_test,computed_descriptive,
phase2_phase3_reanalysis_v002,exploratory_reanalysis,pending_user_review,RCC,internal_val,LMZ12939,Complement,337,127,86,70,54,0,0,local_sign_quadrant_descriptive_no_significance_test,computed_descriptive,
phase2_phase3_reanalysis_v002,exploratory_reanalysis,pending_user_review,RCC,internal_val,LMZ12939,DNA_Damage_Response,337,84,67,93,93,0,0,local_sign_quadrant_descriptive_no_significance_test,computed_descriptive,
phase2_phase3_reanalysis_v002,exploratory_reanalysis,pending_user_review,RCC,internal_val,LMZ12939,E2F_Targets,337,100,82,78,77,0,0,local_sign_quadrant_descriptive_no_significance_test,computed_descriptive,
phase2_phase3_reanalysis_v002,exploratory_reanalysis,pending_user_review,RCC,internal_val,LMZ12939,ECM_Organization,337,102,101,64,70,0,0,local_sign_quadrant_descriptive_no_significance_test,computed_descriptive,
phase2_phase3_reanalysis_v002,exploratory_reanalysis,pending_user_review,RCC,internal_val,LMZ12939,Fibrosis,337,103,93,80,61,0,0,local_sign_quadrant_descriptive_no_significance_test,computed_descriptive,
phase2_phase3_reanalysis_v002,exploratory_reanalysis,pending_user_review,RCC,internal_val,LMZ12939,G2M_Checkpoint,337,83,89,93,72,0,0,local_sign_quadrant_descriptive_no_significance_test,computed_descriptive,
phase2_phase3_reanalysis_v002,exploratory_reanalysis,pending_user_review,RCC,internal_val,LMZ12939,Glycolysis,337,119,77,72,69,0,0,local_sign_quadrant_descriptive_no_significance_test,computed_descriptive,
phase2_phase3_reanalysis_v002,exploratory_reanalysis,pending_user_review,RCC,internal_val,LMZ12939,IL6_JAK_STAT3,337,89,80,86,82,0,0,local_sign_quadrant_descriptive_no_significance_test,computed_descriptive,
phase2_phase3_reanalysis_v002,exploratory_reanalysis,pending_user_review,RCC,internal_val,LMZ12939,Inflammatory_Response,337,126,83,62,66,0,0,local_sign_quadrant_descriptive_no_significance_test,computed_descriptive,
phase2_phase3_reanalysis_v002,exploratory_reanalysis,pending_user_review,RCC,internal_val,LMZ12939,Interferon_Alpha,337,123,109,57,48,0,0,local_sign_quadrant_descriptive_no_significance_test,computed_descriptive,
phase2_phase3_reanalysis_v002,exploratory_reanalysis,pending_user_review,RCC,internal_val,LMZ12939,MYC_Targets,337,113,84,67,73,0,0,local_sign_quadrant_descriptive_no_significance_test,computed_descriptive,
phase2_phase3_reanalysis_v002,exploratory_reanalysis,pending_user_review,RCC,internal_val,LMZ12939,Mitotic_Spindle,337,108,73,78,78,0,0,local_sign_quadrant_descriptive_no_significance_test,computed_descriptive,
phase2_phase3_reanalysis_v002,exploratory_reanalysis,pending_user_review,RCC,internal_val,LMZ12939,Oxidative_Phosphorylation,337,126,90,62,59,0,0,local_sign_quadrant_descriptive_no_significance_test,computed_descriptive,
phase2_phase3_reanalysis_v002,exploratory_reanalysis,pending_user_review,RCC,internal_val,LMZ12939,P53_Pathway,337,100,82,76,79,0,0,local_sign_quadrant_descriptive_no_significance_test,computed_descriptive,
phase2_phase3_reanalysis_v002,exploratory_reanalysis,pending_user_review,RCC,internal_val,LMZ12939,Reactive_Oxygen_Species,337,106,77,87,67,0,0,local_sign_quadrant_descriptive_no_significance_test,computed_descriptive,
phase2_phase3_reanalysis_v002,exploratory_reanalysis,pending_user_review,RCC,internal_val,LMZ12939,TNF_Signaling,337,110,75,71,81,0,0,local_sign_quadrant_descriptive_no_significance_test,computed_descriptive,
phase2_phase3_reanalysis_v002,exploratory_reanalysis,pending_user_review,RCC,internal_val,LMZ12939,Unfolded_Protein_Response,337,97,75,86,79,0,0,local_sign_quadrant_descriptive_no_significance_test,computed_descriptive,
phase2_phase3_reanalysis_v002,exploratory_reanalysis,pending_user_review,RCC,internal_val,LMZ12939,Wound_Healing,337,92,91,71,83,0,0,local_sign_quadrant_descriptive_no_significance_test,computed_descriptive,
phase2_phase3_reanalysis_v002,exploratory_reanalysis,pending_user_review,RCC,internal_val,LMZ12939,emt,337,99,75,89,74,0,0,local_sign_quadrant_descriptive_no_significance_test,computed_descriptive,
phase2_phase3_reanalysis_v002,exploratory_reanalysis,pending_user_review,RCC,internal_val,LMZ12939,hypoxia,337,116,72,77,72,0,0,local_sign_quadrant_descriptive_no_significance_test,computed_descriptive,
phase2_phase3_reanalysis_v002,exploratory_reanalysis,pending_user_review,RCC,internal_val,LMZ12939,icp,337,147,31,83,76,0,0,local_sign_quadrant_descriptive_no_significance_test,computed_descriptive,
phase2_phase3_reanalysis_v002,exploratory_reanalysis,pending_user_review,RCC,internal_val,LMZ12939,ifng,337,145,77,51,64,0,0,local_sign_quadrant_descriptive_no_significance_test,computed_descriptive,
phase2_phase3_reanalysis_v002,exploratory_reanalysis,pending_user_review,RCC,internal_val,LMZ12939,mTOR_Signaling,337,98,87,80,72,0,0,local_sign_quadrant_descriptive_no_significance_test,computed_descriptive,
phase2_phase3_reanalysis_v002,exploratory_reanalysis,pending_user_review,RCC,internal_val,LMZ12939,mhc,337,70,159,54,54,0,0,local_sign_quadrant_descriptive_no_significance_test,computed_descriptive,
phase2_phase3_reanalysis_v002,exploratory_reanalysis,pending_user_review,RCC,internal_val,LMZ12939,tgfb,337,112,67,86,72,0,0,local_sign_quadrant_descriptive_no_significance_test,computed_descriptive,
phase2_phase3_reanalysis_v002,exploratory_reanalysis,pending_user_review,RCC,internal_val,LMZ12939,tls,337,107,104,62,64,0,0,local_sign_quadrant_descriptive_no_significance_test,computed_descriptive,
phase2_phase3_reanalysis_v002,exploratory_reanalysis,pending_user_review,RCC,internal_val,LMZ12939,toxic,337,126,58,84,69,0,0,local_sign_quadrant_descriptive_no_significance_test,computed_descriptive,
phase2_phase3_reanalysis_v002,exploratory_reanalysis,pending_user_review,RCC,internal_val,TGC,Angiogenesis,118,42,31,25,20,0,0,local_sign_quadrant_descriptive_no_significance_test,computed_descriptive,
phase2_phase3_reanalysis_v002,exploratory_reanalysis,pending_user_review,RCC,internal_val,TGC,Apoptosis,118,24,30,34,30,0,0,local_sign_quadrant_descriptive_no_significance_test,computed_descriptive,
phase2_phase3_reanalysis_v002,exploratory_reanalysis,pending_user_review,RCC,internal_val,TGC,Coagulation,118,40,36,18,24,0,0,local_sign_quadrant_descriptive_no_significance_test,computed_descriptive,
phase2_phase3_reanalysis_v002,exploratory_reanalysis,pending_user_review,RCC,internal_val,TGC,Complement,118,37,29,24,28,0,0,local_sign_quadrant_descriptive_no_significance_test,computed_descriptive,
phase2_phase3_reanalysis_v002,exploratory_reanalysis,pending_user_review,RCC,internal_val,TGC,DNA_Damage_Response,118,30,38,32,18,0,0,local_sign_quadrant_descriptive_no_significance_test,computed_descriptive,
phase2_phase3_reanalysis_v002,exploratory_reanalysis,pending_user_review,RCC,internal_val,TGC,E2F_Targets,118,30,39,26,23,0,0,local_sign_quadrant_descriptive_no_significance_test,computed_descriptive,
phase2_phase3_reanalysis_v002,exploratory_reanalysis,pending_user_review,RCC,internal_val,TGC,ECM_Organization,118,47,38,16,17,0,0,local_sign_quadrant_descriptive_no_significance_test,computed_descriptive,
phase2_phase3_reanalysis_v002,exploratory_reanalysis,pending_user_review,RCC,internal_val,TGC,Fibrosis,118,49,42,14,13,0,0,local_sign_quadrant_descriptive_no_significance_test,computed_descriptive,
phase2_phase3_reanalysis_v002,exploratory_reanalysis,pending_user_review,RCC,internal_val,TGC,G2M_Checkpoint,118,26,38,28,26,0,0,local_sign_quadrant_descriptive_no_significance_test,computed_descriptive,
phase2_phase3_reanalysis_v002,exploratory_reanalysis,pending_user_review,RCC,internal_val,TGC,Glycolysis,118,44,33,19,22,0,0,local_sign_quadrant_descriptive_no_significance_test,computed_descriptive,
phase2_phase3_reanalysis_v002,exploratory_reanalysis,pending_user_review,RCC,internal_val,TGC,IL6_JAK_STAT3,118,21,38,35,24,0,0,local_sign_quadrant_descriptive_no_significance_test,computed_descriptive,
phase2_phase3_reanalysis_v002,exploratory_reanalysis,pending_user_review,RCC,internal_val,TGC,Inflammatory_Response,118,44,32,19,23,0,0,local_sign_quadrant_descriptive_no_significance_test,computed_descriptive,
phase2_phase3_reanalysis_v002,exploratory_reanalysis,pending_user_review,RCC,internal_val,TGC,Interferon_Alpha,118,32,41,27,18,0,0,local_sign_quadrant_descriptive_no_significance_test,computed_descriptive,
phase2_phase3_reanalysis_v002,exploratory_reanalysis,pending_user_review,RCC,internal_val,TGC,MYC_Targets,118,31,29,30,28,0,0,local_sign_quadrant_descriptive_no_significance_test,computed_descriptive,
phase2_phase3_reanalysis_v002,exploratory_reanalysis,pending_user_review,RCC,internal_val,TGC,Mitotic_Spindle,118,29,40,27,22,0,0,local_sign_quadrant_descriptive_no_significance_test,computed_descriptive,
phase2_phase3_reanalysis_v002,exploratory_reanalysis,pending_user_review,RCC,internal_val,TGC,Oxidative_Phosphorylation,118,33,31,29,25,0,0,local_sign_quadrant_descriptive_no_significance_test,computed_descriptive,
phase2_phase3_reanalysis_v002,exploratory_reanalysis,pending_user_review,RCC,internal_val,TGC,P53_Pathway,118,35,36,26,21,0,0,local_sign_quadrant_descriptive_no_significance_test,computed_descriptive,
phase2_phase3_reanalysis_v002,exploratory_reanalysis,pending_user_review,RCC,internal_val,TGC,Reactive_Oxygen_Species,118,32,36,27,23,0,0,local_sign_quadrant_descriptive_no_significance_test,computed_descriptive,
phase2_phase3_reanalysis_v002,exploratory_reanalysis,pending_user_review,RCC,internal_val,TGC,TNF_Signaling,118,26,30,29,33,0,0,local_sign_quadrant_descriptive_no_significance_test,computed_descriptive,
phase2_phase3_reanalysis_v002,exploratory_reanalysis,pending_user_review,RCC,internal_val,TGC,Unfolded_Protein_Response,118,28,39,23,28,0,0,local_sign_quadrant_descriptive_no_significance_test,computed_descriptive,
phase2_phase3_reanalysis_v002,exploratory_reanalysis,pending_user_review,RCC,internal_val,TGC,Wound_Healing,118,41,39,19,19,0,0,local_sign_quadrant_descriptive_no_significance_test,computed_descriptive,
phase2_phase3_reanalysis_v002,exploratory_reanalysis,pending_user_review,RCC,internal_val,TGC,emt,118,39,36,22,21,0,0,local_sign_quadrant_descriptive_no_significance_test,computed_descriptive,
phase2_phase3_reanalysis_v002,exploratory_reanalysis,pending_user_review,RCC,internal_val,TGC,hypoxia,118,36,26,30,26,0,0,local_sign_quadrant_descriptive_no_significance_test,computed_descriptive,
phase2_phase3_reanalysis_v002,exploratory_reanalysis,pending_user_review,RCC,internal_val,TGC,icp,118,38,30,25,25,0,0,local_sign_quadrant_descriptive_no_significance_test,computed_descriptive,
phase2_phase3_reanalysis_v002,exploratory_reanalysis,pending_user_review,RCC,internal_val,TGC,ifng,118,35,47,20,16,0,0,local_sign_quadrant_descriptive_no_significance_test,computed_descriptive,
phase2_phase3_reanalysis_v002,exploratory_reanalysis,pending_user_review,RCC,internal_val,TGC,mTOR_Signaling,118,25,32,32,29,0,0,local_sign_quadrant_descriptive_no_significance_test,computed_descriptive,
phase2_phase3_reanalysis_v002,exploratory_reanalysis,pending_user_review,RCC,internal_val,TGC,mhc,118,16,60,21,21,0,0,local_sign_quadrant_descriptive_no_significance_test,computed_descriptive,
phase2_phase3_reanalysis_v002,exploratory_reanalysis,pending_user_review,RCC,internal_val,TGC,tgfb,118,42,42,14,20,0,0,local_sign_quadrant_descriptive_no_significance_test,computed_descriptive,
phase2_phase3_reanalysis_v002,exploratory_reanalysis,pending_user_review,RCC,internal_val,TGC,tls,118,39,21,25,33,0,0,local_sign_quadrant_descriptive_no_significance_test,computed_descriptive,
phase2_phase3_reanalysis_v002,exploratory_reanalysis,pending_user_review,RCC,internal_val,TGC,toxic,118,42,42,20,14,0,0,local_sign_quadrant_descriptive_no_significance_test,computed_descriptive,
phase2_phase3_reanalysis_v002,exploratory_reanalysis,pending_user_review,RCC,internal_val,XSL,Angiogenesis,161,49,33,39,40,0,0,local_sign_quadrant_descriptive_no_significance_test,computed_descriptive,
phase2_phase3_reanalysis_v002,exploratory_reanalysis,pending_user_review,RCC,internal_val,XSL,Apoptosis,161,51,52,31,27,0,0,local_sign_quadrant_descriptive_no_significance_test,computed_descriptive,
phase2_phase3_reanalysis_v002,exploratory_reanalysis,pending_user_review,RCC,internal_val,XSL,Coagulation,161,45,43,34,39,0,0,local_sign_quadrant_descriptive_no_significance_test,computed_descriptive,
phase2_phase3_reanalysis_v002,exploratory_reanalysis,pending_user_review,RCC,internal_val,XSL,Complement,161,48,45,39,29,0,0,local_sign_quadrant_descriptive_no_significance_test,computed_descriptive,
phase2_phase3_reanalysis_v002,exploratory_reanalysis,pending_user_review,RCC,internal_val,XSL,DNA_Damage_Response,161,57,37,32,35,0,0,local_sign_quadrant_descriptive_no_significance_test,computed_descriptive,
phase2_phase3_reanalysis_v002,exploratory_reanalysis,pending_user_review,RCC,internal_val,XSL,E2F_Targets,161,54,51,26,30,0,0,local_sign_quadrant_descriptive_no_significance_test,computed_descriptive,
phase2_phase3_reanalysis_v002,exploratory_reanalysis,pending_user_review,RCC,internal_val,XSL,ECM_Organization,161,48,43,38,32,0,0,local_sign_quadrant_descriptive_no_significance_test,computed_descriptive,
phase2_phase3_reanalysis_v002,exploratory_reanalysis,pending_user_review,RCC,internal_val,XSL,Fibrosis,161,47,43,38,33,0,0,local_sign_quadrant_descriptive_no_significance_test,computed_descriptive,
phase2_phase3_reanalysis_v002,exploratory_reanalysis,pending_user_review,RCC,internal_val,XSL,G2M_Checkpoint,161,46,66,27,22,0,0,local_sign_quadrant_descriptive_no_significance_test,computed_descriptive,
phase2_phase3_reanalysis_v002,exploratory_reanalysis,pending_user_review,RCC,internal_val,XSL,Glycolysis,161,36,45,38,42,0,0,local_sign_quadrant_descriptive_no_significance_test,computed_descriptive,
phase2_phase3_reanalysis_v002,exploratory_reanalysis,pending_user_review,RCC,internal_val,XSL,IL6_JAK_STAT3,161,37,39,43,42,0,0,local_sign_quadrant_descriptive_no_significance_test,computed_descriptive,
phase2_phase3_reanalysis_v002,exploratory_reanalysis,pending_user_review,RCC,internal_val,XSL,Inflammatory_Response,161,51,51,31,28,0,0,local_sign_quadrant_descriptive_no_significance_test,computed_descriptive,
phase2_phase3_reanalysis_v002,exploratory_reanalysis,pending_user_review,RCC,internal_val,XSL,Interferon_Alpha,161,50,53,28,30,0,0,local_sign_quadrant_descriptive_no_significance_test,computed_descriptive,
phase2_phase3_reanalysis_v002,exploratory_reanalysis,pending_user_review,RCC,internal_val,XSL,MYC_Targets,161,40,48,39,34,0,0,local_sign_quadrant_descriptive_no_significance_test,computed_descriptive,
phase2_phase3_reanalysis_v002,exploratory_reanalysis,pending_user_review,RCC,internal_val,XSL,Mitotic_Spindle,161,55,58,23,25,0,0,local_sign_quadrant_descriptive_no_significance_test,computed_descriptive,
phase2_phase3_reanalysis_v002,exploratory_reanalysis,pending_user_review,RCC,internal_val,XSL,Oxidative_Phosphorylation,161,44,58,30,29,0,0,local_sign_quadrant_descriptive_no_significance_test,computed_descriptive,
phase2_phase3_reanalysis_v002,exploratory_reanalysis,pending_user_review,RCC,internal_val,XSL,P53_Pathway,161,43,33,37,48,0,0,local_sign_quadrant_descriptive_no_significance_test,computed_descriptive,
phase2_phase3_reanalysis_v002,exploratory_reanalysis,pending_user_review,RCC,internal_val,XSL,Reactive_Oxygen_Species,161,45,41,36,39,0,0,local_sign_quadrant_descriptive_no_significance_test,computed_descriptive,
phase2_phase3_reanalysis_v002,exploratory_reanalysis,pending_user_review,RCC,internal_val,XSL,TNF_Signaling,161,39,47,41,34,0,0,local_sign_quadrant_descriptive_no_significance_test,computed_descriptive,
phase2_phase3_reanalysis_v002,exploratory_reanalysis,pending_user_review,RCC,internal_val,XSL,Unfolded_Protein_Response,161,38,33,45,45,0,0,local_sign_quadrant_descriptive_no_significance_test,computed_descriptive,
phase2_phase3_reanalysis_v002,exploratory_reanalysis,pending_user_review,RCC,internal_val,XSL,Wound_Healing,161,46,41,40,34,0,0,local_sign_quadrant_descriptive_no_significance_test,computed_descriptive,
phase2_phase3_reanalysis_v002,exploratory_reanalysis,pending_user_review,RCC,internal_val,XSL,emt,161,46,41,40,34,0,0,local_sign_quadrant_descriptive_no_significance_test,computed_descriptive,
phase2_phase3_reanalysis_v002,exploratory_reanalysis,pending_user_review,RCC,internal_val,XSL,hypoxia,161,48,50,32,31,0,0,local_sign_quadrant_descriptive_no_significance_test,computed_descriptive,
phase2_phase3_reanalysis_v002,exploratory_reanalysis,pending_user_review,RCC,internal_val,XSL,icp,161,63,29,37,32,0,0,local_sign_quadrant_descriptive_no_significance_test,computed_descriptive,
phase2_phase3_reanalysis_v002,exploratory_reanalysis,pending_user_review,RCC,internal_val,XSL,ifng,161,47,41,32,41,0,0,local_sign_quadrant_descriptive_no_significance_test,computed_descriptive,
phase2_phase3_reanalysis_v002,exploratory_reanalysis,pending_user_review,RCC,internal_val,XSL,mTOR_Signaling,161,44,44,33,40,0,0,local_sign_quadrant_descriptive_no_significance_test,computed_descriptive,
phase2_phase3_reanalysis_v002,exploratory_reanalysis,pending_user_review,RCC,internal_val,XSL,mhc,161,36,63,29,33,0,0,local_sign_quadrant_descriptive_no_significance_test,computed_descriptive,
phase2_phase3_reanalysis_v002,exploratory_reanalysis,pending_user_review,RCC,internal_val,XSL,tgfb,161,46,51,31,33,0,0,local_sign_quadrant_descriptive_no_significance_test,computed_descriptive,
phase2_phase3_reanalysis_v002,exploratory_reanalysis,pending_user_review,RCC,internal_val,XSL,tls,161,76,21,30,34,0,0,local_sign_quadrant_descriptive_no_significance_test,computed_descriptive,
phase2_phase3_reanalysis_v002,exploratory_reanalysis,pending_user_review,RCC,internal_val,XSL,toxic,161,60,29,33,39,0,0,local_sign_quadrant_descriptive_no_significance_test,computed_descriptive,
phase2_phase3_reanalysis_v002,exploratory_reanalysis,pending_user_review,RCC,internal_val,ZHZ,Angiogenesis,114,32,30,23,28,0,1,local_sign_quadrant_descriptive_no_significance_test,computed_descriptive,
phase2_phase3_reanalysis_v002,exploratory_reanalysis,pending_user_review,RCC,internal_val,ZHZ,Apoptosis,114,31,31,26,25,0,1,local_sign_quadrant_descriptive_no_significance_test,computed_descriptive,
phase2_phase3_reanalysis_v002,exploratory_reanalysis,pending_user_review,RCC,internal_val,ZHZ,Coagulation,114,37,41,18,17,0,1,local_sign_quadrant_descriptive_no_significance_test,computed_descriptive,
phase2_phase3_reanalysis_v002,exploratory_reanalysis,pending_user_review,RCC,internal_val,ZHZ,Complement,114,31,38,26,18,0,1,local_sign_quadrant_descriptive_no_significance_test,computed_descriptive,
phase2_phase3_reanalysis_v002,exploratory_reanalysis,pending_user_review,RCC,internal_val,ZHZ,DNA_Damage_Response,114,21,47,25,20,0,1,local_sign_quadrant_descriptive_no_significance_test,computed_descriptive,
phase2_phase3_reanalysis_v002,exploratory_reanalysis,pending_user_review,RCC,internal_val,ZHZ,E2F_Targets,114,25,40,25,23,0,1,local_sign_quadrant_descriptive_no_significance_test,computed_descriptive,
phase2_phase3_reanalysis_v002,exploratory_reanalysis,pending_user_review,RCC,internal_val,ZHZ,ECM_Organization,114,33,36,24,20,0,1,local_sign_quadrant_descriptive_no_significance_test,computed_descriptive,
phase2_phase3_reanalysis_v002,exploratory_reanalysis,pending_user_review,RCC,internal_val,ZHZ,Fibrosis,114,35,41,23,14,0,1,local_sign_quadrant_descriptive_no_significance_test,computed_descriptive,
phase2_phase3_reanalysis_v002,exploratory_reanalysis,pending_user_review,RCC,internal_val,ZHZ,G2M_Checkpoint,114,33,37,23,20,0,1,local_sign_quadrant_descriptive_no_significance_test,computed_descriptive,
phase2_phase3_reanalysis_v002,exploratory_reanalysis,pending_user_review,RCC,internal_val,ZHZ,Glycolysis,114,37,27,19,30,0,1,local_sign_quadrant_descriptive_no_significance_test,computed_descriptive,
phase2_phase3_reanalysis_v002,exploratory_reanalysis,pending_user_review,RCC,internal_val,ZHZ,IL6_JAK_STAT3,114,40,28,20,25,0,1,local_sign_quadrant_descriptive_no_significance_test,computed_descriptive,
phase2_phase3_reanalysis_v002,exploratory_reanalysis,pending_user_review,RCC,internal_val,ZHZ,Inflammatory_Response,114,54,26,15,18,0,1,local_sign_quadrant_descriptive_no_significance_test,computed_descriptive,
phase2_phase3_reanalysis_v002,exploratory_reanalysis,pending_user_review,RCC,internal_val,ZHZ,Interferon_Alpha,114,26,30,27,30,0,1,local_sign_quadrant_descriptive_no_significance_test,computed_descriptive,
phase2_phase3_reanalysis_v002,exploratory_reanalysis,pending_user_review,RCC,internal_val,ZHZ,MYC_Targets,114,33,14,32,34,0,1,local_sign_quadrant_descriptive_no_significance_test,computed_descriptive,
phase2_phase3_reanalysis_v002,exploratory_reanalysis,pending_user_review,RCC,internal_val,ZHZ,Mitotic_Spindle,114,30,38,24,21,0,1,local_sign_quadrant_descriptive_no_significance_test,computed_descriptive,
phase2_phase3_reanalysis_v002,exploratory_reanalysis,pending_user_review,RCC,internal_val,ZHZ,Oxidative_Phosphorylation,114,31,30,24,28,0,1,local_sign_quadrant_descriptive_no_significance_test,computed_descriptive,
phase2_phase3_reanalysis_v002,exploratory_reanalysis,pending_user_review,RCC,internal_val,ZHZ,P53_Pathway,114,44,23,19,27,0,1,local_sign_quadrant_descriptive_no_significance_test,computed_descriptive,
phase2_phase3_reanalysis_v002,exploratory_reanalysis,pending_user_review,RCC,internal_val,ZHZ,Reactive_Oxygen_Species,114,31,44,22,16,0,1,local_sign_quadrant_descriptive_no_significance_test,computed_descriptive,
phase2_phase3_reanalysis_v002,exploratory_reanalysis,pending_user_review,RCC,internal_val,ZHZ,TNF_Signaling,114,49,31,13,20,0,1,local_sign_quadrant_descriptive_no_significance_test,computed_descriptive,
phase2_phase3_reanalysis_v002,exploratory_reanalysis,pending_user_review,RCC,internal_val,ZHZ,Unfolded_Protein_Response,114,37,27,24,25,0,1,local_sign_quadrant_descriptive_no_significance_test,computed_descriptive,
phase2_phase3_reanalysis_v002,exploratory_reanalysis,pending_user_review,RCC,internal_val,ZHZ,Wound_Healing,114,34,38,21,20,0,1,local_sign_quadrant_descriptive_no_significance_test,computed_descriptive,
phase2_phase3_reanalysis_v002,exploratory_reanalysis,pending_user_review,RCC,internal_val,ZHZ,emt,114,28,31,27,27,0,1,local_sign_quadrant_descriptive_no_significance_test,computed_descriptive,
phase2_phase3_reanalysis_v002,exploratory_reanalysis,pending_user_review,RCC,internal_val,ZHZ,hypoxia,114,41,23,23,26,0,1,local_sign_quadrant_descriptive_no_significance_test,computed_descriptive,
phase2_phase3_reanalysis_v002,exploratory_reanalysis,pending_user_review,RCC,internal_val,ZHZ,icp,114,36,25,27,25,0,1,local_sign_quadrant_descriptive_no_significance_test,computed_descriptive,
phase2_phase3_reanalysis_v002,exploratory_reanalysis,pending_user_review,RCC,internal_val,ZHZ,ifng,114,36,26,24,27,0,1,local_sign_quadrant_descriptive_no_significance_test,computed_descriptive,
phase2_phase3_reanalysis_v002,exploratory_reanalysis,pending_user_review,RCC,internal_val,ZHZ,mTOR_Signaling,114,26,34,27,26,0,1,local_sign_quadrant_descriptive_no_significance_test,computed_descriptive,
phase2_phase3_reanalysis_v002,exploratory_reanalysis,pending_user_review,RCC,internal_val,ZHZ,mhc,114,48,27,17,21,0,1,local_sign_quadrant_descriptive_no_significance_test,computed_descriptive,
phase2_phase3_reanalysis_v002,exploratory_reanalysis,pending_user_review,RCC,internal_val,ZHZ,tgfb,114,23,36,28,26,0,1,local_sign_quadrant_descriptive_no_significance_test,computed_descriptive,
phase2_phase3_reanalysis_v002,exploratory_reanalysis,pending_user_review,RCC,internal_val,ZHZ,tls,114,48,26,21,18,0,1,local_sign_quadrant_descriptive_no_significance_test,computed_descriptive,
phase2_phase3_reanalysis_v002,exploratory_reanalysis,pending_user_review,RCC,internal_val,ZHZ,toxic,114,38,18,28,29,0,1,local_sign_quadrant_descriptive_no_significance_test,computed_descriptive,
phase2_phase3_reanalysis_v002,exploratory_reanalysis,pending_user_review,RCC,XZY,XZY,Angiogenesis,1039,396,313,169,161,0,0,local_sign_quadrant_descriptive_no_significance_test,computed_descriptive,
phase2_phase3_reanalysis_v002,exploratory_reanalysis,pending_user_review,RCC,XZY,XZY,Apoptosis,1039,270,358,221,190,0,0,local_sign_quadrant_descriptive_no_significance_test,computed_descriptive,
phase2_phase3_reanalysis_v002,exploratory_reanalysis,pending_user_review,RCC,XZY,XZY,Coagulation,1039,327,346,190,176,0,0,local_sign_quadrant_descriptive_no_significance_test,computed_descriptive,
phase2_phase3_reanalysis_v002,exploratory_reanalysis,pending_user_review,RCC,XZY,XZY,Complement,1039,325,476,137,101,0,0,local_sign_quadrant_descriptive_no_significance_test,computed_descriptive,
phase2_phase3_reanalysis_v002,exploratory_reanalysis,pending_user_review,RCC,XZY,XZY,DNA_Damage_Response,1039,279,381,209,170,0,0,local_sign_quadrant_descriptive_no_significance_test,computed_descriptive,
phase2_phase3_reanalysis_v002,exploratory_reanalysis,pending_user_review,RCC,XZY,XZY,E2F_Targets,1039,308,378,192,161,0,0,local_sign_quadrant_descriptive_no_significance_test,computed_descriptive,
phase2_phase3_reanalysis_v002,exploratory_reanalysis,pending_user_review,RCC,XZY,XZY,ECM_Organization,1039,316,391,176,156,0,0,local_sign_quadrant_descriptive_no_significance_test,computed_descriptive,
phase2_phase3_reanalysis_v002,exploratory_reanalysis,pending_user_review,RCC,XZY,XZY,Fibrosis,1039,320,399,159,161,0,0,local_sign_quadrant_descriptive_no_significance_test,computed_descriptive,
phase2_phase3_reanalysis_v002,exploratory_reanalysis,pending_user_review,RCC,XZY,XZY,G2M_Checkpoint,1039,269,387,204,179,0,0,local_sign_quadrant_descriptive_no_significance_test,computed_descriptive,
phase2_phase3_reanalysis_v002,exploratory_reanalysis,pending_user_review,RCC,XZY,XZY,Glycolysis,1039,334,379,157,169,0,0,local_sign_quadrant_descriptive_no_significance_test,computed_descriptive,
phase2_phase3_reanalysis_v002,exploratory_reanalysis,pending_user_review,RCC,XZY,XZY,IL6_JAK_STAT3,1039,266,395,199,179,0,0,local_sign_quadrant_descriptive_no_significance_test,computed_descriptive,
phase2_phase3_reanalysis_v002,exploratory_reanalysis,pending_user_review,RCC,XZY,XZY,Inflammatory_Response,1039,458,323,118,140,0,0,local_sign_quadrant_descriptive_no_significance_test,computed_descriptive,
phase2_phase3_reanalysis_v002,exploratory_reanalysis,pending_user_review,RCC,XZY,XZY,Interferon_Alpha,1039,321,479,125,114,0,0,local_sign_quadrant_descriptive_no_significance_test,computed_descriptive,
phase2_phase3_reanalysis_v002,exploratory_reanalysis,pending_user_review,RCC,XZY,XZY,MYC_Targets,1039,287,342,220,190,0,0,local_sign_quadrant_descriptive_no_significance_test,computed_descriptive,
phase2_phase3_reanalysis_v002,exploratory_reanalysis,pending_user_review,RCC,XZY,XZY,Mitotic_Spindle,1039,246,377,226,190,0,0,local_sign_quadrant_descriptive_no_significance_test,computed_descriptive,
phase2_phase3_reanalysis_v002,exploratory_reanalysis,pending_user_review,RCC,XZY,XZY,Oxidative_Phosphorylation,1039,262,391,229,157,0,0,local_sign_quadrant_descriptive_no_significance_test,computed_descriptive,
phase2_phase3_reanalysis_v002,exploratory_reanalysis,pending_user_review,RCC,XZY,XZY,P53_Pathway,1039,245,348,234,212,0,0,local_sign_quadrant_descriptive_no_significance_test,computed_descriptive,
phase2_phase3_reanalysis_v002,exploratory_reanalysis,pending_user_review,RCC,XZY,XZY,Reactive_Oxygen_Species,1039,299,386,182,172,0,0,local_sign_quadrant_descriptive_no_significance_test,computed_descriptive,
phase2_phase3_reanalysis_v002,exploratory_reanalysis,pending_user_review,RCC,XZY,XZY,TNF_Signaling,1039,319,386,160,174,0,0,local_sign_quadrant_descriptive_no_significance_test,computed_descriptive,
phase2_phase3_reanalysis_v002,exploratory_reanalysis,pending_user_review,RCC,XZY,XZY,Unfolded_Protein_Response,1039,247,395,207,190,0,0,local_sign_quadrant_descriptive_no_significance_test,computed_descriptive,
phase2_phase3_reanalysis_v002,exploratory_reanalysis,pending_user_review,RCC,XZY,XZY,Wound_Healing,1039,338,350,176,175,0,0,local_sign_quadrant_descriptive_no_significance_test,computed_descriptive,
phase2_phase3_reanalysis_v002,exploratory_reanalysis,pending_user_review,RCC,XZY,XZY,emt,1039,322,338,181,198,0,0,local_sign_quadrant_descriptive_no_significance_test,computed_descriptive,
phase2_phase3_reanalysis_v002,exploratory_reanalysis,pending_user_review,RCC,XZY,XZY,hypoxia,1039,365,359,159,156,0,0,local_sign_quadrant_descriptive_no_significance_test,computed_descriptive,
phase2_phase3_reanalysis_v002,exploratory_reanalysis,pending_user_review,RCC,XZY,XZY,icp,1039,339,307,213,180,0,0,local_sign_quadrant_descriptive_no_significance_test,computed_descriptive,
phase2_phase3_reanalysis_v002,exploratory_reanalysis,pending_user_review,RCC,XZY,XZY,ifng,1039,381,321,165,172,0,0,local_sign_quadrant_descriptive_no_significance_test,computed_descriptive,
phase2_phase3_reanalysis_v002,exploratory_reanalysis,pending_user_review,RCC,XZY,XZY,mTOR_Signaling,1039,251,351,237,200,0,0,local_sign_quadrant_descriptive_no_significance_test,computed_descriptive,
phase2_phase3_reanalysis_v002,exploratory_reanalysis,pending_user_review,RCC,XZY,XZY,mhc,1039,313,383,175,168,0,0,local_sign_quadrant_descriptive_no_significance_test,computed_descriptive,
phase2_phase3_reanalysis_v002,exploratory_reanalysis,pending_user_review,RCC,XZY,XZY,tgfb,1039,238,355,226,220,0,0,local_sign_quadrant_descriptive_no_significance_test,computed_descriptive,
phase2_phase3_reanalysis_v002,exploratory_reanalysis,pending_user_review,RCC,XZY,XZY,tls,1039,513,230,147,149,0,0,local_sign_quadrant_descriptive_no_significance_test,computed_descriptive,
phase2_phase3_reanalysis_v002,exploratory_reanalysis,pending_user_review,RCC,XZY,XZY,toxic,1039,360,245,242,192,0,0,local_sign_quadrant_descriptive_no_significance_test,computed_descriptive,
phase2_phase3_reanalysis_v002,exploratory_reanalysis,pending_user_review,HCR,internal_val,HYZ15040,Angiogenesis,145,40,49,32,24,0,0,local_sign_quadrant_descriptive_no_significance_test,computed_descriptive,
phase2_phase3_reanalysis_v002,exploratory_reanalysis,pending_user_review,HCR,internal_val,HYZ15040,Apoptosis,145,39,29,38,39,0,0,local_sign_quadrant_descriptive_no_significance_test,computed_descriptive,
phase2_phase3_reanalysis_v002,exploratory_reanalysis,pending_user_review,HCR,internal_val,HYZ15040,Coagulation,145,48,23,39,35,0,0,local_sign_quadrant_descriptive_no_significance_test,computed_descriptive,
phase2_phase3_reanalysis_v002,exploratory_reanalysis,pending_user_review,HCR,internal_val,HYZ15040,Complement,145,51,20,34,40,0,0,local_sign_quadrant_descriptive_no_significance_test,computed_descriptive,
phase2_phase3_reanalysis_v002,exploratory_reanalysis,pending_user_review,HCR,internal_val,HYZ15040,DNA_Damage_Response,145,40,39,36,30,0,0,local_sign_quadrant_descriptive_no_significance_test,computed_descriptive,
phase2_phase3_reanalysis_v002,exploratory_reanalysis,pending_user_review,HCR,internal_val,HYZ15040,E2F_Targets,145,42,42,35,26,0,0,local_sign_quadrant_descriptive_no_significance_test,computed_descriptive,
phase2_phase3_reanalysis_v002,exploratory_reanalysis,pending_user_review,HCR,internal_val,HYZ15040,ECM_Organization,145,50,38,24,33,0,0,local_sign_quadrant_descriptive_no_significance_test,computed_descriptive,
phase2_phase3_reanalysis_v002,exploratory_reanalysis,pending_user_review,HCR,internal_val,HYZ15040,Fibrosis,145,58,41,18,28,0,0,local_sign_quadrant_descriptive_no_significance_test,computed_descriptive,
phase2_phase3_reanalysis_v002,exploratory_reanalysis,pending_user_review,HCR,internal_val,HYZ15040,G2M_Checkpoint,145,53,30,31,31,0,0,local_sign_quadrant_descriptive_no_significance_test,computed_descriptive,
phase2_phase3_reanalysis_v002,exploratory_reanalysis,pending_user_review,HCR,internal_val,HYZ15040,Glycolysis,145,53,39,26,27,0,0,local_sign_quadrant_descriptive_no_significance_test,computed_descriptive,
phase2_phase3_reanalysis_v002,exploratory_reanalysis,pending_user_review,HCR,internal_val,HYZ15040,IL6_JAK_STAT3,145,41,36,34,34,0,0,local_sign_quadrant_descriptive_no_significance_test,computed_descriptive,
phase2_phase3_reanalysis_v002,exploratory_reanalysis,pending_user_review,HCR,internal_val,HYZ15040,Inflammatory_Response,145,41,35,37,32,0,0,local_sign_quadrant_descriptive_no_significance_test,computed_descriptive,
phase2_phase3_reanalysis_v002,exploratory_reanalysis,pending_user_review,HCR,internal_val,HYZ15040,Interferon_Alpha,145,46,32,33,34,0,0,local_sign_quadrant_descriptive_no_significance_test,computed_descriptive,
phase2_phase3_reanalysis_v002,exploratory_reanalysis,pending_user_review,HCR,internal_val,HYZ15040,MYC_Targets,145,45,37,32,31,0,0,local_sign_quadrant_descriptive_no_significance_test,computed_descriptive,
phase2_phase3_reanalysis_v002,exploratory_reanalysis,pending_user_review,HCR,internal_val,HYZ15040,Mitotic_Spindle,145,38,29,37,41,0,0,local_sign_quadrant_descriptive_no_significance_test,computed_descriptive,
phase2_phase3_reanalysis_v002,exploratory_reanalysis,pending_user_review,HCR,internal_val,HYZ15040,Oxidative_Phosphorylation,145,53,38,28,26,0,0,local_sign_quadrant_descriptive_no_significance_test,computed_descriptive,
phase2_phase3_reanalysis_v002,exploratory_reanalysis,pending_user_review,HCR,internal_val,HYZ15040,P53_Pathway,145,48,40,26,31,0,0,local_sign_quadrant_descriptive_no_significance_test,computed_descriptive,
phase2_phase3_reanalysis_v002,exploratory_reanalysis,pending_user_review,HCR,internal_val,HYZ15040,Reactive_Oxygen_Species,145,38,25,43,39,0,0,local_sign_quadrant_descriptive_no_significance_test,computed_descriptive,
phase2_phase3_reanalysis_v002,exploratory_reanalysis,pending_user_review,HCR,internal_val,HYZ15040,TNF_Signaling,145,39,31,37,38,0,0,local_sign_quadrant_descriptive_no_significance_test,computed_descriptive,
phase2_phase3_reanalysis_v002,exploratory_reanalysis,pending_user_review,HCR,internal_val,HYZ15040,Unfolded_Protein_Response,145,44,36,33,32,0,0,local_sign_quadrant_descriptive_no_significance_test,computed_descriptive,
phase2_phase3_reanalysis_v002,exploratory_reanalysis,pending_user_review,HCR,internal_val,HYZ15040,Wound_Healing,145,53,38,27,27,0,0,local_sign_quadrant_descriptive_no_significance_test,computed_descriptive,
phase2_phase3_reanalysis_v002,exploratory_reanalysis,pending_user_review,HCR,internal_val,HYZ15040,emt,145,53,39,27,26,0,0,local_sign_quadrant_descriptive_no_significance_test,computed_descriptive,
phase2_phase3_reanalysis_v002,exploratory_reanalysis,pending_user_review,HCR,internal_val,HYZ15040,hypoxia,145,52,42,27,24,0,0,local_sign_quadrant_descriptive_no_significance_test,computed_descriptive,
phase2_phase3_reanalysis_v002,exploratory_reanalysis,pending_user_review,HCR,internal_val,HYZ15040,icp,145,55,31,31,28,0,0,local_sign_quadrant_descriptive_no_significance_test,computed_descriptive,
phase2_phase3_reanalysis_v002,exploratory_reanalysis,pending_user_review,HCR,internal_val,HYZ15040,ifng,145,47,26,37,35,0,0,local_sign_quadrant_descriptive_no_significance_test,computed_descriptive,
phase2_phase3_reanalysis_v002,exploratory_reanalysis,pending_user_review,HCR,internal_val,HYZ15040,mTOR_Signaling,145,49,30,30,36,0,0,local_sign_quadrant_descriptive_no_significance_test,computed_descriptive,
phase2_phase3_reanalysis_v002,exploratory_reanalysis,pending_user_review,HCR,internal_val,HYZ15040,mhc,145,31,48,33,33,0,0,local_sign_quadrant_descriptive_no_significance_test,computed_descriptive,
phase2_phase3_reanalysis_v002,exploratory_reanalysis,pending_user_review,HCR,internal_val,HYZ15040,tgfb,145,52,32,30,31,0,0,local_sign_quadrant_descriptive_no_significance_test,computed_descriptive,
phase2_phase3_reanalysis_v002,exploratory_reanalysis,pending_user_review,HCR,internal_val,HYZ15040,tls,145,53,38,22,32,0,0,local_sign_quadrant_descriptive_no_significance_test,computed_descriptive,
phase2_phase3_reanalysis_v002,exploratory_reanalysis,pending_user_review,HCR,internal_val,HYZ15040,toxic,145,60,19,32,34,0,0,local_sign_quadrant_descriptive_no_significance_test,computed_descriptive,
phase2_phase3_reanalysis_v002,exploratory_reanalysis,pending_user_review,HCR,internal_val,JFX,Angiogenesis,203,58,52,47,46,0,0,local_sign_quadrant_descriptive_no_significance_test,computed_descriptive,
phase2_phase3_reanalysis_v002,exploratory_reanalysis,pending_user_review,HCR,internal_val,JFX,Apoptosis,203,54,51,46,52,0,0,local_sign_quadrant_descriptive_no_significance_test,computed_descriptive,
phase2_phase3_reanalysis_v002,exploratory_reanalysis,pending_user_review,HCR,internal_val,JFX,Coagulation,203,54,66,45,38,0,0,local_sign_quadrant_descriptive_no_significance_test,computed_descriptive,
phase2_phase3_reanalysis_v002,exploratory_reanalysis,pending_user_review,HCR,internal_val,JFX,Complement,203,66,54,47,36,0,0,local_sign_quadrant_descriptive_no_significance_test,computed_descriptive,
phase2_phase3_reanalysis_v002,exploratory_reanalysis,pending_user_review,HCR,internal_val,JFX,DNA_Damage_Response,203,49,55,51,48,0,0,local_sign_quadrant_descriptive_no_significance_test,computed_descriptive,
phase2_phase3_reanalysis_v002,exploratory_reanalysis,pending_user_review,HCR,internal_val,JFX,E2F_Targets,203,67,61,34,41,0,0,local_sign_quadrant_descriptive_no_significance_test,computed_descriptive,
phase2_phase3_reanalysis_v002,exploratory_reanalysis,pending_user_review,HCR,internal_val,JFX,ECM_Organization,203,58,58,41,46,0,0,local_sign_quadrant_descriptive_no_significance_test,computed_descriptive,
phase2_phase3_reanalysis_v002,exploratory_reanalysis,pending_user_review,HCR,internal_val,JFX,Fibrosis,203,60,56,43,44,0,0,local_sign_quadrant_descriptive_no_significance_test,computed_descriptive,
phase2_phase3_reanalysis_v002,exploratory_reanalysis,pending_user_review,HCR,internal_val,JFX,G2M_Checkpoint,203,61,56,45,41,0,0,local_sign_quadrant_descriptive_no_significance_test,computed_descriptive,
phase2_phase3_reanalysis_v002,exploratory_reanalysis,pending_user_review,HCR,internal_val,JFX,Glycolysis,203,54,51,50,48,0,0,local_sign_quadrant_descriptive_no_significance_test,computed_descriptive,
phase2_phase3_reanalysis_v002,exploratory_reanalysis,pending_user_review,HCR,internal_val,JFX,IL6_JAK_STAT3,203,52,50,52,49,0,0,local_sign_quadrant_descriptive_no_significance_test,computed_descriptive,
phase2_phase3_reanalysis_v002,exploratory_reanalysis,pending_user_review,HCR,internal_val,JFX,Inflammatory_Response,203,50,60,50,43,0,0,local_sign_quadrant_descriptive_no_significance_test,computed_descriptive,
phase2_phase3_reanalysis_v002,exploratory_reanalysis,pending_user_review,HCR,internal_val,JFX,Interferon_Alpha,203,61,65,39,38,0,0,local_sign_quadrant_descriptive_no_significance_test,computed_descriptive,
phase2_phase3_reanalysis_v002,exploratory_reanalysis,pending_user_review,HCR,internal_val,JFX,MYC_Targets,203,53,72,47,31,0,0,local_sign_quadrant_descriptive_no_significance_test,computed_descriptive,
phase2_phase3_reanalysis_v002,exploratory_reanalysis,pending_user_review,HCR,internal_val,JFX,Mitotic_Spindle,203,69,61,36,37,0,0,local_sign_quadrant_descriptive_no_significance_test,computed_descriptive,
phase2_phase3_reanalysis_v002,exploratory_reanalysis,pending_user_review,HCR,internal_val,JFX,Oxidative_Phosphorylation,203,58,61,38,46,0,0,local_sign_quadrant_descriptive_no_significance_test,computed_descriptive,
phase2_phase3_reanalysis_v002,exploratory_reanalysis,pending_user_review,HCR,internal_val,JFX,P53_Pathway,203,58,54,48,43,0,0,local_sign_quadrant_descriptive_no_significance_test,computed_descriptive,
phase2_phase3_reanalysis_v002,exploratory_reanalysis,pending_user_review,HCR,internal_val,JFX,Reactive_Oxygen_Species,203,51,51,48,53,0,0,local_sign_quadrant_descriptive_no_significance_test,computed_descriptive,
phase2_phase3_reanalysis_v002,exploratory_reanalysis,pending_user_review,HCR,internal_val,JFX,TNF_Signaling,203,58,60,41,44,0,0,local_sign_quadrant_descriptive_no_significance_test,computed_descriptive,
phase2_phase3_reanalysis_v002,exploratory_reanalysis,pending_user_review,HCR,internal_val,JFX,Unfolded_Protein_Response,203,57,62,39,45,0,0,local_sign_quadrant_descriptive_no_significance_test,computed_descriptive,
phase2_phase3_reanalysis_v002,exploratory_reanalysis,pending_user_review,HCR,internal_val,JFX,Wound_Healing,203,59,64,46,34,0,0,local_sign_quadrant_descriptive_no_significance_test,computed_descriptive,
phase2_phase3_reanalysis_v002,exploratory_reanalysis,pending_user_review,HCR,internal_val,JFX,emt,203,54,47,54,48,0,0,local_sign_quadrant_descriptive_no_significance_test,computed_descriptive,
phase2_phase3_reanalysis_v002,exploratory_reanalysis,pending_user_review,HCR,internal_val,JFX,hypoxia,203,43,60,52,48,0,0,local_sign_quadrant_descriptive_no_significance_test,computed_descriptive,
phase2_phase3_reanalysis_v002,exploratory_reanalysis,pending_user_review,HCR,internal_val,JFX,icp,203,78,46,40,39,0,0,local_sign_quadrant_descriptive_no_significance_test,computed_descriptive,
phase2_phase3_reanalysis_v002,exploratory_reanalysis,pending_user_review,HCR,internal_val,JFX,ifng,203,66,53,39,45,0,0,local_sign_quadrant_descriptive_no_significance_test,computed_descriptive,
phase2_phase3_reanalysis_v002,exploratory_reanalysis,pending_user_review,HCR,internal_val,JFX,mTOR_Signaling,203,45,61,51,46,0,0,local_sign_quadrant_descriptive_no_significance_test,computed_descriptive,
phase2_phase3_reanalysis_v002,exploratory_reanalysis,pending_user_review,HCR,internal_val,JFX,mhc,203,41,72,49,41,0,0,local_sign_quadrant_descriptive_no_significance_test,computed_descriptive,
phase2_phase3_reanalysis_v002,exploratory_reanalysis,pending_user_review,HCR,internal_val,JFX,tgfb,203,59,57,52,35,0,0,local_sign_quadrant_descriptive_no_significance_test,computed_descriptive,
phase2_phase3_reanalysis_v002,exploratory_reanalysis,pending_user_review,HCR,internal_val,JFX,tls,203,73,53,44,33,0,0,local_sign_quadrant_descriptive_no_significance_test,computed_descriptive,
phase2_phase3_reanalysis_v002,exploratory_reanalysis,pending_user_review,HCR,internal_val,JFX,toxic,203,67,44,48,44,0,0,local_sign_quadrant_descriptive_no_significance_test,computed_descriptive,
phase2_phase3_reanalysis_v002,exploratory_reanalysis,pending_user_review,HCR,internal_val,LMZ12939,Angiogenesis,337,100,94,73,70,0,0,local_sign_quadrant_descriptive_no_significance_test,computed_descriptive,
phase2_phase3_reanalysis_v002,exploratory_reanalysis,pending_user_review,HCR,internal_val,LMZ12939,Apoptosis,337,118,52,78,89,0,0,local_sign_quadrant_descriptive_no_significance_test,computed_descriptive,
phase2_phase3_reanalysis_v002,exploratory_reanalysis,pending_user_review,HCR,internal_val,LMZ12939,Coagulation,337,129,72,71,65,0,0,local_sign_quadrant_descriptive_no_significance_test,computed_descriptive,
phase2_phase3_reanalysis_v002,exploratory_reanalysis,pending_user_review,HCR,internal_val,LMZ12939,Complement,337,128,82,72,55,0,0,local_sign_quadrant_descriptive_no_significance_test,computed_descriptive,
phase2_phase3_reanalysis_v002,exploratory_reanalysis,pending_user_review,HCR,internal_val,LMZ12939,DNA_Damage_Response,337,83,69,94,91,0,0,local_sign_quadrant_descriptive_no_significance_test,computed_descriptive,
phase2_phase3_reanalysis_v002,exploratory_reanalysis,pending_user_review,HCR,internal_val,LMZ12939,E2F_Targets,337,97,81,79,80,0,0,local_sign_quadrant_descriptive_no_significance_test,computed_descriptive,
phase2_phase3_reanalysis_v002,exploratory_reanalysis,pending_user_review,HCR,internal_val,LMZ12939,ECM_Organization,337,103,94,69,71,0,0,local_sign_quadrant_descriptive_no_significance_test,computed_descriptive,
phase2_phase3_reanalysis_v002,exploratory_reanalysis,pending_user_review,HCR,internal_val,LMZ12939,Fibrosis,337,103,85,81,68,0,0,local_sign_quadrant_descriptive_no_significance_test,computed_descriptive,
phase2_phase3_reanalysis_v002,exploratory_reanalysis,pending_user_review,HCR,internal_val,LMZ12939,G2M_Checkpoint,337,85,85,94,73,0,0,local_sign_quadrant_descriptive_no_significance_test,computed_descriptive,
phase2_phase3_reanalysis_v002,exploratory_reanalysis,pending_user_review,HCR,internal_val,LMZ12939,Glycolysis,337,123,74,64,76,0,0,local_sign_quadrant_descriptive_no_significance_test,computed_descriptive,
phase2_phase3_reanalysis_v002,exploratory_reanalysis,pending_user_review,HCR,internal_val,LMZ12939,IL6_JAK_STAT3,337,95,79,83,80,0,0,local_sign_quadrant_descriptive_no_significance_test,computed_descriptive,
phase2_phase3_reanalysis_v002,exploratory_reanalysis,pending_user_review,HCR,internal_val,LMZ12939,Inflammatory_Response,337,125,85,61,66,0,0,local_sign_quadrant_descriptive_no_significance_test,computed_descriptive,
phase2_phase3_reanalysis_v002,exploratory_reanalysis,pending_user_review,HCR,internal_val,LMZ12939,Interferon_Alpha,337,123,110,54,50,0,0,local_sign_quadrant_descriptive_no_significance_test,computed_descriptive,
phase2_phase3_reanalysis_v002,exploratory_reanalysis,pending_user_review,HCR,internal_val,LMZ12939,MYC_Targets,337,112,82,73,70,0,0,local_sign_quadrant_descriptive_no_significance_test,computed_descriptive,
phase2_phase3_reanalysis_v002,exploratory_reanalysis,pending_user_review,HCR,internal_val,LMZ12939,Mitotic_Spindle,337,107,74,78,78,0,0,local_sign_quadrant_descriptive_no_significance_test,computed_descriptive,
phase2_phase3_reanalysis_v002,exploratory_reanalysis,pending_user_review,HCR,internal_val,LMZ12939,Oxidative_Phosphorylation,337,123,86,69,59,0,0,local_sign_quadrant_descriptive_no_significance_test,computed_descriptive,
phase2_phase3_reanalysis_v002,exploratory_reanalysis,pending_user_review,HCR,internal_val,LMZ12939,P53_Pathway,337,99,80,81,77,0,0,local_sign_quadrant_descriptive_no_significance_test,computed_descriptive,
phase2_phase3_reanalysis_v002,exploratory_reanalysis,pending_user_review,HCR,internal_val,LMZ12939,Reactive_Oxygen_Species,337,104,77,88,68,0,0,local_sign_quadrant_descriptive_no_significance_test,computed_descriptive,
phase2_phase3_reanalysis_v002,exploratory_reanalysis,pending_user_review,HCR,internal_val,LMZ12939,TNF_Signaling,337,108,79,71,79,0,0,local_sign_quadrant_descriptive_no_significance_test,computed_descriptive,
phase2_phase3_reanalysis_v002,exploratory_reanalysis,pending_user_review,HCR,internal_val,LMZ12939,Unfolded_Protein_Response,337,98,76,87,76,0,0,local_sign_quadrant_descriptive_no_significance_test,computed_descriptive,
phase2_phase3_reanalysis_v002,exploratory_reanalysis,pending_user_review,HCR,internal_val,LMZ12939,Wound_Healing,337,94,86,73,84,0,0,local_sign_quadrant_descriptive_no_significance_test,computed_descriptive,
phase2_phase3_reanalysis_v002,exploratory_reanalysis,pending_user_review,HCR,internal_val,LMZ12939,emt,337,98,70,89,80,0,0,local_sign_quadrant_descriptive_no_significance_test,computed_descriptive,
phase2_phase3_reanalysis_v002,exploratory_reanalysis,pending_user_review,HCR,internal_val,LMZ12939,hypoxia,337,116,72,75,74,0,0,local_sign_quadrant_descriptive_no_significance_test,computed_descriptive,
phase2_phase3_reanalysis_v002,exploratory_reanalysis,pending_user_review,HCR,internal_val,LMZ12939,icp,337,139,34,87,77,0,0,local_sign_quadrant_descriptive_no_significance_test,computed_descriptive,
phase2_phase3_reanalysis_v002,exploratory_reanalysis,pending_user_review,HCR,internal_val,LMZ12939,ifng,337,143,78,53,63,0,0,local_sign_quadrant_descriptive_no_significance_test,computed_descriptive,
phase2_phase3_reanalysis_v002,exploratory_reanalysis,pending_user_review,HCR,internal_val,LMZ12939,mTOR_Signaling,337,99,83,83,72,0,0,local_sign_quadrant_descriptive_no_significance_test,computed_descriptive,
phase2_phase3_reanalysis_v002,exploratory_reanalysis,pending_user_review,HCR,internal_val,LMZ12939,mhc,337,73,159,54,51,0,0,local_sign_quadrant_descriptive_no_significance_test,computed_descriptive,
phase2_phase3_reanalysis_v002,exploratory_reanalysis,pending_user_review,HCR,internal_val,LMZ12939,tgfb,337,116,70,82,69,0,0,local_sign_quadrant_descriptive_no_significance_test,computed_descriptive,
phase2_phase3_reanalysis_v002,exploratory_reanalysis,pending_user_review,HCR,internal_val,LMZ12939,tls,337,109,103,63,62,0,0,local_sign_quadrant_descriptive_no_significance_test,computed_descriptive,
phase2_phase3_reanalysis_v002,exploratory_reanalysis,pending_user_review,HCR,internal_val,LMZ12939,toxic,337,126,59,84,68,0,0,local_sign_quadrant_descriptive_no_significance_test,computed_descriptive,
phase2_phase3_reanalysis_v002,exploratory_reanalysis,pending_user_review,HCR,internal_val,TGC,Angiogenesis,118,36,29,30,23,0,0,local_sign_quadrant_descriptive_no_significance_test,computed_descriptive,
phase2_phase3_reanalysis_v002,exploratory_reanalysis,pending_user_review,HCR,internal_val,TGC,Apoptosis,118,25,35,32,26,0,0,local_sign_quadrant_descriptive_no_significance_test,computed_descriptive,
phase2_phase3_reanalysis_v002,exploratory_reanalysis,pending_user_review,HCR,internal_val,TGC,Coagulation,118,42,33,20,23,0,0,local_sign_quadrant_descriptive_no_significance_test,computed_descriptive,
phase2_phase3_reanalysis_v002,exploratory_reanalysis,pending_user_review,HCR,internal_val,TGC,Complement,118,38,31,24,25,0,0,local_sign_quadrant_descriptive_no_significance_test,computed_descriptive,
phase2_phase3_reanalysis_v002,exploratory_reanalysis,pending_user_review,HCR,internal_val,TGC,DNA_Damage_Response,118,32,37,31,18,0,0,local_sign_quadrant_descriptive_no_significance_test,computed_descriptive,
phase2_phase3_reanalysis_v002,exploratory_reanalysis,pending_user_review,HCR,internal_val,TGC,E2F_Targets,118,29,44,26,19,0,0,local_sign_quadrant_descriptive_no_significance_test,computed_descriptive,
phase2_phase3_reanalysis_v002,exploratory_reanalysis,pending_user_review,HCR,internal_val,TGC,ECM_Organization,118,46,42,17,13,0,0,local_sign_quadrant_descriptive_no_significance_test,computed_descriptive,
phase2_phase3_reanalysis_v002,exploratory_reanalysis,pending_user_review,HCR,internal_val,TGC,Fibrosis,118,47,41,16,14,0,0,local_sign_quadrant_descriptive_no_significance_test,computed_descriptive,
phase2_phase3_reanalysis_v002,exploratory_reanalysis,pending_user_review,HCR,internal_val,TGC,G2M_Checkpoint,118,26,40,25,27,0,0,local_sign_quadrant_descriptive_no_significance_test,computed_descriptive,
phase2_phase3_reanalysis_v002,exploratory_reanalysis,pending_user_review,HCR,internal_val,TGC,Glycolysis,118,44,32,20,22,0,0,local_sign_quadrant_descriptive_no_significance_test,computed_descriptive,
phase2_phase3_reanalysis_v002,exploratory_reanalysis,pending_user_review,HCR,internal_val,TGC,IL6_JAK_STAT3,118,22,37,34,25,0,0,local_sign_quadrant_descriptive_no_significance_test,computed_descriptive,
phase2_phase3_reanalysis_v002,exploratory_reanalysis,pending_user_review,HCR,internal_val,TGC,Inflammatory_Response,118,43,34,17,24,0,0,local_sign_quadrant_descriptive_no_significance_test,computed_descriptive,
phase2_phase3_reanalysis_v002,exploratory_reanalysis,pending_user_review,HCR,internal_val,TGC,Interferon_Alpha,118,32,40,25,21,0,0,local_sign_quadrant_descriptive_no_significance_test,computed_descriptive,
phase2_phase3_reanalysis_v002,exploratory_reanalysis,pending_user_review,HCR,internal_val,TGC,MYC_Targets,118,34,31,24,29,0,0,local_sign_quadrant_descriptive_no_significance_test,computed_descriptive,
phase2_phase3_reanalysis_v002,exploratory_reanalysis,pending_user_review,HCR,internal_val,TGC,Mitotic_Spindle,118,29,42,26,21,0,0,local_sign_quadrant_descriptive_no_significance_test,computed_descriptive,
phase2_phase3_reanalysis_v002,exploratory_reanalysis,pending_user_review,HCR,internal_val,TGC,Oxidative_Phosphorylation,118,36,31,27,24,0,0,local_sign_quadrant_descriptive_no_significance_test,computed_descriptive,
phase2_phase3_reanalysis_v002,exploratory_reanalysis,pending_user_review,HCR,internal_val,TGC,P53_Pathway,118,34,39,23,22,0,0,local_sign_quadrant_descriptive_no_significance_test,computed_descriptive,
phase2_phase3_reanalysis_v002,exploratory_reanalysis,pending_user_review,HCR,internal_val,TGC,Reactive_Oxygen_Species,118,28,36,29,25,0,0,local_sign_quadrant_descriptive_no_significance_test,computed_descriptive,
phase2_phase3_reanalysis_v002,exploratory_reanalysis,pending_user_review,HCR,internal_val,TGC,TNF_Signaling,118,29,33,28,28,0,0,local_sign_quadrant_descriptive_no_significance_test,computed_descriptive,
phase2_phase3_reanalysis_v002,exploratory_reanalysis,pending_user_review,HCR,internal_val,TGC,Unfolded_Protein_Response,118,27,43,22,26,0,0,local_sign_quadrant_descriptive_no_significance_test,computed_descriptive,
phase2_phase3_reanalysis_v002,exploratory_reanalysis,pending_user_review,HCR,internal_val,TGC,Wound_Healing,118,40,39,20,19,0,0,local_sign_quadrant_descriptive_no_significance_test,computed_descriptive,
phase2_phase3_reanalysis_v002,exploratory_reanalysis,pending_user_review,HCR,internal_val,TGC,emt,118,37,35,24,22,0,0,local_sign_quadrant_descriptive_no_significance_test,computed_descriptive,
phase2_phase3_reanalysis_v002,exploratory_reanalysis,pending_user_review,HCR,internal_val,TGC,hypoxia,118,35,25,30,28,0,0,local_sign_quadrant_descriptive_no_significance_test,computed_descriptive,
phase2_phase3_reanalysis_v002,exploratory_reanalysis,pending_user_review,HCR,internal_val,TGC,icp,118,38,26,26,28,0,0,local_sign_quadrant_descriptive_no_significance_test,computed_descriptive,
phase2_phase3_reanalysis_v002,exploratory_reanalysis,pending_user_review,HCR,internal_val,TGC,ifng,118,37,46,21,14,0,0,local_sign_quadrant_descriptive_no_significance_test,computed_descriptive,
phase2_phase3_reanalysis_v002,exploratory_reanalysis,pending_user_review,HCR,internal_val,TGC,mTOR_Signaling,118,25,34,30,29,0,0,local_sign_quadrant_descriptive_no_significance_test,computed_descriptive,
phase2_phase3_reanalysis_v002,exploratory_reanalysis,pending_user_review,HCR,internal_val,TGC,mhc,118,16,63,20,19,0,0,local_sign_quadrant_descriptive_no_significance_test,computed_descriptive,
phase2_phase3_reanalysis_v002,exploratory_reanalysis,pending_user_review,HCR,internal_val,TGC,tgfb,118,42,41,15,20,0,0,local_sign_quadrant_descriptive_no_significance_test,computed_descriptive,
phase2_phase3_reanalysis_v002,exploratory_reanalysis,pending_user_review,HCR,internal_val,TGC,tls,118,38,25,23,32,0,0,local_sign_quadrant_descriptive_no_significance_test,computed_descriptive,
phase2_phase3_reanalysis_v002,exploratory_reanalysis,pending_user_review,HCR,internal_val,TGC,toxic,118,41,39,21,17,0,0,local_sign_quadrant_descriptive_no_significance_test,computed_descriptive,
phase2_phase3_reanalysis_v002,exploratory_reanalysis,pending_user_review,HCR,internal_val,XSL,Angiogenesis,161,48,34,39,40,0,0,local_sign_quadrant_descriptive_no_significance_test,computed_descriptive,
phase2_phase3_reanalysis_v002,exploratory_reanalysis,pending_user_review,HCR,internal_val,XSL,Apoptosis,161,48,53,32,28,0,0,local_sign_quadrant_descriptive_no_significance_test,computed_descriptive,
phase2_phase3_reanalysis_v002,exploratory_reanalysis,pending_user_review,HCR,internal_val,XSL,Coagulation,161,45,42,35,39,0,0,local_sign_quadrant_descriptive_no_significance_test,computed_descriptive,
phase2_phase3_reanalysis_v002,exploratory_reanalysis,pending_user_review,HCR,internal_val,XSL,Complement,161,50,41,38,32,0,0,local_sign_quadrant_descriptive_no_significance_test,computed_descriptive,
phase2_phase3_reanalysis_v002,exploratory_reanalysis,pending_user_review,HCR,internal_val,XSL,DNA_Damage_Response,161,59,36,33,33,0,0,local_sign_quadrant_descriptive_no_significance_test,computed_descriptive,
phase2_phase3_reanalysis_v002,exploratory_reanalysis,pending_user_review,HCR,internal_val,XSL,E2F_Targets,161,56,48,28,29,0,0,local_sign_quadrant_descriptive_no_significance_test,computed_descriptive,
phase2_phase3_reanalysis_v002,exploratory_reanalysis,pending_user_review,HCR,internal_val,XSL,ECM_Organization,161,43,40,43,35,0,0,local_sign_quadrant_descriptive_no_significance_test,computed_descriptive,
phase2_phase3_reanalysis_v002,exploratory_reanalysis,pending_user_review,HCR,internal_val,XSL,Fibrosis,161,52,43,34,32,0,0,local_sign_quadrant_descriptive_no_significance_test,computed_descriptive,
phase2_phase3_reanalysis_v002,exploratory_reanalysis,pending_user_review,HCR,internal_val,XSL,G2M_Checkpoint,161,43,65,29,24,0,0,local_sign_quadrant_descriptive_no_significance_test,computed_descriptive,
phase2_phase3_reanalysis_v002,exploratory_reanalysis,pending_user_review,HCR,internal_val,XSL,Glycolysis,161,39,45,39,38,0,0,local_sign_quadrant_descriptive_no_significance_test,computed_descriptive,
phase2_phase3_reanalysis_v002,exploratory_reanalysis,pending_user_review,HCR,internal_val,XSL,IL6_JAK_STAT3,161,37,42,40,42,0,0,local_sign_quadrant_descriptive_no_significance_test,computed_descriptive,
phase2_phase3_reanalysis_v002,exploratory_reanalysis,pending_user_review,HCR,internal_val,XSL,Inflammatory_Response,161,48,49,33,31,0,0,local_sign_quadrant_descriptive_no_significance_test,computed_descriptive,
phase2_phase3_reanalysis_v002,exploratory_reanalysis,pending_user_review,HCR,internal_val,XSL,Interferon_Alpha,161,48,57,28,28,0,0,local_sign_quadrant_descriptive_no_significance_test,computed_descriptive,
phase2_phase3_reanalysis_v002,exploratory_reanalysis,pending_user_review,HCR,internal_val,XSL,MYC_Targets,161,41,49,38,33,0,0,local_sign_quadrant_descriptive_no_significance_test,computed_descriptive,
phase2_phase3_reanalysis_v002,exploratory_reanalysis,pending_user_review,HCR,internal_val,XSL,Mitotic_Spindle,161,52,56,26,27,0,0,local_sign_quadrant_descriptive_no_significance_test,computed_descriptive,
phase2_phase3_reanalysis_v002,exploratory_reanalysis,pending_user_review,HCR,internal_val,XSL,Oxidative_Phosphorylation,161,44,52,32,33,0,0,local_sign_quadrant_descriptive_no_significance_test,computed_descriptive,
phase2_phase3_reanalysis_v002,exploratory_reanalysis,pending_user_review,HCR,internal_val,XSL,P53_Pathway,161,40,32,39,50,0,0,local_sign_quadrant_descriptive_no_significance_test,computed_descriptive,
phase2_phase3_reanalysis_v002,exploratory_reanalysis,pending_user_review,HCR,internal_val,XSL,Reactive_Oxygen_Species,161,47,43,34,37,0,0,local_sign_quadrant_descriptive_no_significance_test,computed_descriptive,
phase2_phase3_reanalysis_v002,exploratory_reanalysis,pending_user_review,HCR,internal_val,XSL,TNF_Signaling,161,38,45,43,35,0,0,local_sign_quadrant_descriptive_no_significance_test,computed_descriptive,
phase2_phase3_reanalysis_v002,exploratory_reanalysis,pending_user_review,HCR,internal_val,XSL,Unfolded_Protein_Response,161,33,33,50,45,0,0,local_sign_quadrant_descriptive_no_significance_test,computed_descriptive,
phase2_phase3_reanalysis_v002,exploratory_reanalysis,pending_user_review,HCR,internal_val,XSL,Wound_Healing,161,46,40,42,33,0,0,local_sign_quadrant_descriptive_no_significance_test,computed_descriptive,
phase2_phase3_reanalysis_v002,exploratory_reanalysis,pending_user_review,HCR,internal_val,XSL,emt,161,52,42,34,33,0,0,local_sign_quadrant_descriptive_no_significance_test,computed_descriptive,
phase2_phase3_reanalysis_v002,exploratory_reanalysis,pending_user_review,HCR,internal_val,XSL,hypoxia,161,48,53,32,28,0,0,local_sign_quadrant_descriptive_no_significance_test,computed_descriptive,
phase2_phase3_reanalysis_v002,exploratory_reanalysis,pending_user_review,HCR,internal_val,XSL,icp,161,57,29,41,34,0,0,local_sign_quadrant_descriptive_no_significance_test,computed_descriptive,
phase2_phase3_reanalysis_v002,exploratory_reanalysis,pending_user_review,HCR,internal_val,XSL,ifng,161,46,44,29,42,0,0,local_sign_quadrant_descriptive_no_significance_test,computed_descriptive,
phase2_phase3_reanalysis_v002,exploratory_reanalysis,pending_user_review,HCR,internal_val,XSL,mTOR_Signaling,161,43,43,35,40,0,0,local_sign_quadrant_descriptive_no_significance_test,computed_descriptive,
phase2_phase3_reanalysis_v002,exploratory_reanalysis,pending_user_review,HCR,internal_val,XSL,mhc,161,39,57,29,36,0,0,local_sign_quadrant_descriptive_no_significance_test,computed_descriptive,
phase2_phase3_reanalysis_v002,exploratory_reanalysis,pending_user_review,HCR,internal_val,XSL,tgfb,161,46,51,31,33,0,0,local_sign_quadrant_descriptive_no_significance_test,computed_descriptive,
phase2_phase3_reanalysis_v002,exploratory_reanalysis,pending_user_review,HCR,internal_val,XSL,tls,161,78,24,27,32,0,0,local_sign_quadrant_descriptive_no_significance_test,computed_descriptive,
phase2_phase3_reanalysis_v002,exploratory_reanalysis,pending_user_review,HCR,internal_val,XSL,toxic,161,68,29,29,35,0,0,local_sign_quadrant_descriptive_no_significance_test,computed_descriptive,
phase2_phase3_reanalysis_v002,exploratory_reanalysis,pending_user_review,HCR,internal_val,ZHZ,Angiogenesis,114,32,30,24,27,0,1,local_sign_quadrant_descriptive_no_significance_test,computed_descriptive,
phase2_phase3_reanalysis_v002,exploratory_reanalysis,pending_user_review,HCR,internal_val,ZHZ,Apoptosis,114,32,29,27,25,0,1,local_sign_quadrant_descriptive_no_significance_test,computed_descriptive,
phase2_phase3_reanalysis_v002,exploratory_reanalysis,pending_user_review,HCR,internal_val,ZHZ,Coagulation,114,34,43,19,17,0,1,local_sign_quadrant_descriptive_no_significance_test,computed_descriptive,
phase2_phase3_reanalysis_v002,exploratory_reanalysis,pending_user_review,HCR,internal_val,ZHZ,Complement,114,35,40,20,18,0,1,local_sign_quadrant_descriptive_no_significance_test,computed_descriptive,
phase2_phase3_reanalysis_v002,exploratory_reanalysis,pending_user_review,HCR,internal_val,ZHZ,DNA_Damage_Response,114,22,47,25,19,0,1,local_sign_quadrant_descriptive_no_significance_test,computed_descriptive,
phase2_phase3_reanalysis_v002,exploratory_reanalysis,pending_user_review,HCR,internal_val,ZHZ,E2F_Targets,114,27,35,27,24,0,1,local_sign_quadrant_descriptive_no_significance_test,computed_descriptive,
phase2_phase3_reanalysis_v002,exploratory_reanalysis,pending_user_review,HCR,internal_val,ZHZ,ECM_Organization,114,35,33,21,24,0,1,local_sign_quadrant_descriptive_no_significance_test,computed_descriptive,
phase2_phase3_reanalysis_v002,exploratory_reanalysis,pending_user_review,HCR,internal_val,ZHZ,Fibrosis,114,36,42,20,15,0,1,local_sign_quadrant_descriptive_no_significance_test,computed_descriptive,
phase2_phase3_reanalysis_v002,exploratory_reanalysis,pending_user_review,HCR,internal_val,ZHZ,G2M_Checkpoint,114,36,35,22,20,0,1,local_sign_quadrant_descriptive_no_significance_test,computed_descriptive,
phase2_phase3_reanalysis_v002,exploratory_reanalysis,pending_user_review,HCR,internal_val,ZHZ,Glycolysis,114,43,27,18,25,0,1,local_sign_quadrant_descriptive_no_significance_test,computed_descriptive,
phase2_phase3_reanalysis_v002,exploratory_reanalysis,pending_user_review,HCR,internal_val,ZHZ,IL6_JAK_STAT3,114,41,29,19,24,0,1,local_sign_quadrant_descriptive_no_significance_test,computed_descriptive,
phase2_phase3_reanalysis_v002,exploratory_reanalysis,pending_user_review,HCR,internal_val,ZHZ,Inflammatory_Response,114,57,30,12,14,0,1,local_sign_quadrant_descriptive_no_significance_test,computed_descriptive,
phase2_phase3_reanalysis_v002,exploratory_reanalysis,pending_user_review,HCR,internal_val,ZHZ,Interferon_Alpha,114,27,29,26,31,0,1,local_sign_quadrant_descriptive_no_significance_test,computed_descriptive,
phase2_phase3_reanalysis_v002,exploratory_reanalysis,pending_user_review,HCR,internal_val,ZHZ,MYC_Targets,114,37,15,29,32,0,1,local_sign_quadrant_descriptive_no_significance_test,computed_descriptive,
phase2_phase3_reanalysis_v002,exploratory_reanalysis,pending_user_review,HCR,internal_val,ZHZ,Mitotic_Spindle,114,32,37,26,18,0,1,local_sign_quadrant_descriptive_no_significance_test,computed_descriptive,
phase2_phase3_reanalysis_v002,exploratory_reanalysis,pending_user_review,HCR,internal_val,ZHZ,Oxidative_Phosphorylation,114,34,25,24,30,0,1,local_sign_quadrant_descriptive_no_significance_test,computed_descriptive,
phase2_phase3_reanalysis_v002,exploratory_reanalysis,pending_user_review,HCR,internal_val,ZHZ,P53_Pathway,114,45,23,20,25,0,1,local_sign_quadrant_descriptive_no_significance_test,computed_descriptive,
phase2_phase3_reanalysis_v002,exploratory_reanalysis,pending_user_review,HCR,internal_val,ZHZ,Reactive_Oxygen_Species,114,32,41,23,17,0,1,local_sign_quadrant_descriptive_no_significance_test,computed_descriptive,
phase2_phase3_reanalysis_v002,exploratory_reanalysis,pending_user_review,HCR,internal_val,ZHZ,TNF_Signaling,114,46,33,16,18,0,1,local_sign_quadrant_descriptive_no_significance_test,computed_descriptive,
phase2_phase3_reanalysis_v002,exploratory_reanalysis,pending_user_review,HCR,internal_val,ZHZ,Unfolded_Protein_Response,114,44,27,22,20,0,1,local_sign_quadrant_descriptive_no_significance_test,computed_descriptive,
phase2_phase3_reanalysis_v002,exploratory_reanalysis,pending_user_review,HCR,internal_val,ZHZ,Wound_Healing,114,37,39,21,16,0,1,local_sign_quadrant_descriptive_no_significance_test,computed_descriptive,
phase2_phase3_reanalysis_v002,exploratory_reanalysis,pending_user_review,HCR,internal_val,ZHZ,emt,114,28,37,25,23,0,1,local_sign_quadrant_descriptive_no_significance_test,computed_descriptive,
phase2_phase3_reanalysis_v002,exploratory_reanalysis,pending_user_review,HCR,internal_val,ZHZ,hypoxia,114,44,23,22,24,0,1,local_sign_quadrant_descriptive_no_significance_test,computed_descriptive,
phase2_phase3_reanalysis_v002,exploratory_reanalysis,pending_user_review,HCR,internal_val,ZHZ,icp,114,35,25,27,26,0,1,local_sign_quadrant_descriptive_no_significance_test,computed_descriptive,
phase2_phase3_reanalysis_v002,exploratory_reanalysis,pending_user_review,HCR,internal_val,ZHZ,ifng,114,37,30,22,24,0,1,local_sign_quadrant_descriptive_no_significance_test,computed_descriptive,
phase2_phase3_reanalysis_v002,exploratory_reanalysis,pending_user_review,HCR,internal_val,ZHZ,mTOR_Signaling,114,26,35,27,25,0,1,local_sign_quadrant_descriptive_no_significance_test,computed_descriptive,
phase2_phase3_reanalysis_v002,exploratory_reanalysis,pending_user_review,HCR,internal_val,ZHZ,mhc,114,52,23,14,24,0,1,local_sign_quadrant_descriptive_no_significance_test,computed_descriptive,
phase2_phase3_reanalysis_v002,exploratory_reanalysis,pending_user_review,HCR,internal_val,ZHZ,tgfb,114,22,33,30,28,0,1,local_sign_quadrant_descriptive_no_significance_test,computed_descriptive,
phase2_phase3_reanalysis_v002,exploratory_reanalysis,pending_user_review,HCR,internal_val,ZHZ,tls,114,43,30,23,17,0,1,local_sign_quadrant_descriptive_no_significance_test,computed_descriptive,
phase2_phase3_reanalysis_v002,exploratory_reanalysis,pending_user_review,HCR,internal_val,ZHZ,toxic,114,38,17,29,29,0,1,local_sign_quadrant_descriptive_no_significance_test,computed_descriptive,
phase2_phase3_reanalysis_v002,exploratory_reanalysis,pending_user_review,HCR,XZY,XZY,Angiogenesis,1039,398,310,172,159,0,0,local_sign_quadrant_descriptive_no_significance_test,computed_descriptive,
phase2_phase3_reanalysis_v002,exploratory_reanalysis,pending_user_review,HCR,XZY,XZY,Apoptosis,1039,268,361,219,191,0,0,local_sign_quadrant_descriptive_no_significance_test,computed_descriptive,
phase2_phase3_reanalysis_v002,exploratory_reanalysis,pending_user_review,HCR,XZY,XZY,Coagulation,1039,320,357,186,176,0,0,local_sign_quadrant_descriptive_no_significance_test,computed_descriptive,
phase2_phase3_reanalysis_v002,exploratory_reanalysis,pending_user_review,HCR,XZY,XZY,Complement,1039,322,478,132,107,0,0,local_sign_quadrant_descriptive_no_significance_test,computed_descriptive,
phase2_phase3_reanalysis_v002,exploratory_reanalysis,pending_user_review,HCR,XZY,XZY,DNA_Damage_Response,1039,278,385,206,170,0,0,local_sign_quadrant_descriptive_no_significance_test,computed_descriptive,
phase2_phase3_reanalysis_v002,exploratory_reanalysis,pending_user_review,HCR,XZY,XZY,E2F_Targets,1039,301,382,194,162,0,0,local_sign_quadrant_descriptive_no_significance_test,computed_descriptive,
phase2_phase3_reanalysis_v002,exploratory_reanalysis,pending_user_review,HCR,XZY,XZY,ECM_Organization,1039,311,408,163,157,0,0,local_sign_quadrant_descriptive_no_significance_test,computed_descriptive,
phase2_phase3_reanalysis_v002,exploratory_reanalysis,pending_user_review,HCR,XZY,XZY,Fibrosis,1039,316,408,160,155,0,0,local_sign_quadrant_descriptive_no_significance_test,computed_descriptive,
phase2_phase3_reanalysis_v002,exploratory_reanalysis,pending_user_review,HCR,XZY,XZY,G2M_Checkpoint,1039,260,386,212,181,0,0,local_sign_quadrant_descriptive_no_significance_test,computed_descriptive,
phase2_phase3_reanalysis_v002,exploratory_reanalysis,pending_user_review,HCR,XZY,XZY,Glycolysis,1039,344,381,149,165,0,0,local_sign_quadrant_descriptive_no_significance_test,computed_descriptive,
phase2_phase3_reanalysis_v002,exploratory_reanalysis,pending_user_review,HCR,XZY,XZY,IL6_JAK_STAT3,1039,269,394,199,177,0,0,local_sign_quadrant_descriptive_no_significance_test,computed_descriptive,
phase2_phase3_reanalysis_v002,exploratory_reanalysis,pending_user_review,HCR,XZY,XZY,Inflammatory_Response,1039,453,325,120,141,0,0,local_sign_quadrant_descriptive_no_significance_test,computed_descriptive,
phase2_phase3_reanalysis_v002,exploratory_reanalysis,pending_user_review,HCR,XZY,XZY,Interferon_Alpha,1039,317,481,120,121,0,0,local_sign_quadrant_descriptive_no_significance_test,computed_descriptive,
phase2_phase3_reanalysis_v002,exploratory_reanalysis,pending_user_review,HCR,XZY,XZY,MYC_Targets,1039,291,327,218,203,0,0,local_sign_quadrant_descriptive_no_significance_test,computed_descriptive,
phase2_phase3_reanalysis_v002,exploratory_reanalysis,pending_user_review,HCR,XZY,XZY,Mitotic_Spindle,1039,245,383,222,189,0,0,local_sign_quadrant_descriptive_no_significance_test,computed_descriptive,
phase2_phase3_reanalysis_v002,exploratory_reanalysis,pending_user_review,HCR,XZY,XZY,Oxidative_Phosphorylation,1039,268,383,227,161,0,0,local_sign_quadrant_descriptive_no_significance_test,computed_descriptive,
phase2_phase3_reanalysis_v002,exploratory_reanalysis,pending_user_review,HCR,XZY,XZY,P53_Pathway,1039,242,350,240,207,0,0,local_sign_quadrant_descriptive_no_significance_test,computed_descriptive,
phase2_phase3_reanalysis_v002,exploratory_reanalysis,pending_user_review,HCR,XZY,XZY,Reactive_Oxygen_Species,1039,297,386,180,176,0,0,local_sign_quadrant_descriptive_no_significance_test,computed_descriptive,
phase2_phase3_reanalysis_v002,exploratory_reanalysis,pending_user_review,HCR,XZY,XZY,TNF_Signaling,1039,321,382,161,175,0,0,local_sign_quadrant_descriptive_no_significance_test,computed_descriptive,
phase2_phase3_reanalysis_v002,exploratory_reanalysis,pending_user_review,HCR,XZY,XZY,Unfolded_Protein_Response,1039,257,394,199,189,0,0,local_sign_quadrant_descriptive_no_significance_test,computed_descriptive,
phase2_phase3_reanalysis_v002,exploratory_reanalysis,pending_user_review,HCR,XZY,XZY,Wound_Healing,1039,339,352,182,166,0,0,local_sign_quadrant_descriptive_no_significance_test,computed_descriptive,
phase2_phase3_reanalysis_v002,exploratory_reanalysis,pending_user_review,HCR,XZY,XZY,emt,1039,311,327,189,212,0,0,local_sign_quadrant_descriptive_no_significance_test,computed_descriptive,
phase2_phase3_reanalysis_v002,exploratory_reanalysis,pending_user_review,HCR,XZY,XZY,hypoxia,1039,363,364,160,152,0,0,local_sign_quadrant_descriptive_no_significance_test,computed_descriptive,
phase2_phase3_reanalysis_v002,exploratory_reanalysis,pending_user_review,HCR,XZY,XZY,icp,1039,336,308,216,179,0,0,local_sign_quadrant_descriptive_no_significance_test,computed_descriptive,
phase2_phase3_reanalysis_v002,exploratory_reanalysis,pending_user_review,HCR,XZY,XZY,ifng,1039,380,323,167,169,0,0,local_sign_quadrant_descriptive_no_significance_test,computed_descriptive,
phase2_phase3_reanalysis_v002,exploratory_reanalysis,pending_user_review,HCR,XZY,XZY,mTOR_Signaling,1039,253,355,231,200,0,0,local_sign_quadrant_descriptive_no_significance_test,computed_descriptive,
phase2_phase3_reanalysis_v002,exploratory_reanalysis,pending_user_review,HCR,XZY,XZY,mhc,1039,306,368,193,172,0,0,local_sign_quadrant_descriptive_no_significance_test,computed_descriptive,
phase2_phase3_reanalysis_v002,exploratory_reanalysis,pending_user_review,HCR,XZY,XZY,tgfb,1039,233,354,228,224,0,0,local_sign_quadrant_descriptive_no_significance_test,computed_descriptive,
phase2_phase3_reanalysis_v002,exploratory_reanalysis,pending_user_review,HCR,XZY,XZY,tls,1039,512,226,143,158,0,0,local_sign_quadrant_descriptive_no_significance_test,computed_descriptive,
phase2_phase3_reanalysis_v002,exploratory_reanalysis,pending_user_review,HCR,XZY,XZY,toxic,1039,368,243,239,189,0,0,local_sign_quadrant_descriptive_no_significance_test,computed_descriptive,
phase2_phase3_reanalysis_v002,exploratory_reanalysis,pending_user_review,CPGCR,internal_val,HYZ15040,Angiogenesis,145,40,48,33,24,0,0,local_sign_quadrant_descriptive_no_significance_test,computed_descriptive,
phase2_phase3_reanalysis_v002,exploratory_reanalysis,pending_user_review,CPGCR,internal_val,HYZ15040,Apoptosis,145,39,27,38,41,0,0,local_sign_quadrant_descriptive_no_significance_test,computed_descriptive,
phase2_phase3_reanalysis_v002,exploratory_reanalysis,pending_user_review,CPGCR,internal_val,HYZ15040,Coagulation,145,47,27,37,34,0,0,local_sign_quadrant_descriptive_no_significance_test,computed_descriptive,
phase2_phase3_reanalysis_v002,exploratory_reanalysis,pending_user_review,CPGCR,internal_val,HYZ15040,Complement,145,48,24,33,40,0,0,local_sign_quadrant_descriptive_no_significance_test,computed_descriptive,
phase2_phase3_reanalysis_v002,exploratory_reanalysis,pending_user_review,CPGCR,internal_val,HYZ15040,DNA_Damage_Response,145,44,37,34,30,0,0,local_sign_quadrant_descriptive_no_significance_test,computed_descriptive,
phase2_phase3_reanalysis_v002,exploratory_reanalysis,pending_user_review,CPGCR,internal_val,HYZ15040,E2F_Targets,145,41,45,32,27,0,0,local_sign_quadrant_descriptive_no_significance_test,computed_descriptive,
phase2_phase3_reanalysis_v002,exploratory_reanalysis,pending_user_review,CPGCR,internal_val,HYZ15040,ECM_Organization,145,51,39,23,32,0,0,local_sign_quadrant_descriptive_no_significance_test,computed_descriptive,
phase2_phase3_reanalysis_v002,exploratory_reanalysis,pending_user_review,CPGCR,internal_val,HYZ15040,Fibrosis,145,58,40,19,28,0,0,local_sign_quadrant_descriptive_no_significance_test,computed_descriptive,
phase2_phase3_reanalysis_v002,exploratory_reanalysis,pending_user_review,CPGCR,internal_val,HYZ15040,G2M_Checkpoint,145,53,31,30,31,0,0,local_sign_quadrant_descriptive_no_significance_test,computed_descriptive,
phase2_phase3_reanalysis_v002,exploratory_reanalysis,pending_user_review,CPGCR,internal_val,HYZ15040,Glycolysis,145,50,39,26,30,0,0,local_sign_quadrant_descriptive_no_significance_test,computed_descriptive,
phase2_phase3_reanalysis_v002,exploratory_reanalysis,pending_user_review,CPGCR,internal_val,HYZ15040,IL6_JAK_STAT3,145,42,33,33,37,0,0,local_sign_quadrant_descriptive_no_significance_test,computed_descriptive,
phase2_phase3_reanalysis_v002,exploratory_reanalysis,pending_user_review,CPGCR,internal_val,HYZ15040,Inflammatory_Response,145,46,35,33,31,0,0,local_sign_quadrant_descriptive_no_significance_test,computed_descriptive,
phase2_phase3_reanalysis_v002,exploratory_reanalysis,pending_user_review,CPGCR,internal_val,HYZ15040,Interferon_Alpha,145,44,38,35,28,0,0,local_sign_quadrant_descriptive_no_significance_test,computed_descriptive,
phase2_phase3_reanalysis_v002,exploratory_reanalysis,pending_user_review,CPGCR,internal_val,HYZ15040,MYC_Targets,145,45,36,33,31,0,0,local_sign_quadrant_descriptive_no_significance_test,computed_descriptive,
phase2_phase3_reanalysis_v002,exploratory_reanalysis,pending_user_review,CPGCR,internal_val,HYZ15040,Mitotic_Spindle,145,36,33,37,39,0,0,local_sign_quadrant_descriptive_no_significance_test,computed_descriptive,
phase2_phase3_reanalysis_v002,exploratory_reanalysis,pending_user_review,CPGCR,internal_val,HYZ15040,Oxidative_Phosphorylation,145,52,39,27,27,0,0,local_sign_quadrant_descriptive_no_significance_test,computed_descriptive,
phase2_phase3_reanalysis_v002,exploratory_reanalysis,pending_user_review,CPGCR,internal_val,HYZ15040,P53_Pathway,145,47,37,27,34,0,0,local_sign_quadrant_descriptive_no_significance_test,computed_descriptive,
phase2_phase3_reanalysis_v002,exploratory_reanalysis,pending_user_review,CPGCR,internal_val,HYZ15040,Reactive_Oxygen_Species,145,38,25,45,37,0,0,local_sign_quadrant_descriptive_no_significance_test,computed_descriptive,
phase2_phase3_reanalysis_v002,exploratory_reanalysis,pending_user_review,CPGCR,internal_val,HYZ15040,TNF_Signaling,145,37,30,40,38,0,0,local_sign_quadrant_descriptive_no_significance_test,computed_descriptive,
phase2_phase3_reanalysis_v002,exploratory_reanalysis,pending_user_review,CPGCR,internal_val,HYZ15040,Unfolded_Protein_Response,145,45,35,34,31,0,0,local_sign_quadrant_descriptive_no_significance_test,computed_descriptive,
phase2_phase3_reanalysis_v002,exploratory_reanalysis,pending_user_review,CPGCR,internal_val,HYZ15040,Wound_Healing,145,50,38,27,30,0,0,local_sign_quadrant_descriptive_no_significance_test,computed_descriptive,
phase2_phase3_reanalysis_v002,exploratory_reanalysis,pending_user_review,CPGCR,internal_val,HYZ15040,emt,145,53,39,27,26,0,0,local_sign_quadrant_descriptive_no_significance_test,computed_descriptive,
phase2_phase3_reanalysis_v002,exploratory_reanalysis,pending_user_review,CPGCR,internal_val,HYZ15040,hypoxia,145,51,44,29,21,0,0,local_sign_quadrant_descriptive_no_significance_test,computed_descriptive,
phase2_phase3_reanalysis_v002,exploratory_reanalysis,pending_user_review,CPGCR,internal_val,HYZ15040,icp,145,55,29,33,28,0,0,local_sign_quadrant_descriptive_no_significance_test,computed_descriptive,
phase2_phase3_reanalysis_v002,exploratory_reanalysis,pending_user_review,CPGCR,internal_val,HYZ15040,ifng,145,47,26,37,35,0,0,local_sign_quadrant_descriptive_no_significance_test,computed_descriptive,
phase2_phase3_reanalysis_v002,exploratory_reanalysis,pending_user_review,CPGCR,internal_val,HYZ15040,mTOR_Signaling,145,47,29,33,36,0,0,local_sign_quadrant_descriptive_no_significance_test,computed_descriptive,
phase2_phase3_reanalysis_v002,exploratory_reanalysis,pending_user_review,CPGCR,internal_val,HYZ15040,mhc,145,31,49,32,33,0,0,local_sign_quadrant_descriptive_no_significance_test,computed_descriptive,
phase2_phase3_reanalysis_v002,exploratory_reanalysis,pending_user_review,CPGCR,internal_val,HYZ15040,tgfb,145,51,33,30,31,0,0,local_sign_quadrant_descriptive_no_significance_test,computed_descriptive,
phase2_phase3_reanalysis_v002,exploratory_reanalysis,pending_user_review,CPGCR,internal_val,HYZ15040,tls,145,60,39,20,26,0,0,local_sign_quadrant_descriptive_no_significance_test,computed_descriptive,
phase2_phase3_reanalysis_v002,exploratory_reanalysis,pending_user_review,CPGCR,internal_val,HYZ15040,toxic,145,62,18,33,32,0,0,local_sign_quadrant_descriptive_no_significance_test,computed_descriptive,
phase2_phase3_reanalysis_v002,exploratory_reanalysis,pending_user_review,CPGCR,internal_val,JFX,Angiogenesis,203,64,51,42,46,0,0,local_sign_quadrant_descriptive_no_significance_test,computed_descriptive,
phase2_phase3_reanalysis_v002,exploratory_reanalysis,pending_user_review,CPGCR,internal_val,JFX,Apoptosis,203,54,51,47,51,0,0,local_sign_quadrant_descriptive_no_significance_test,computed_descriptive,
phase2_phase3_reanalysis_v002,exploratory_reanalysis,pending_user_review,CPGCR,internal_val,JFX,Coagulation,203,55,65,44,39,0,0,local_sign_quadrant_descriptive_no_significance_test,computed_descriptive,
phase2_phase3_reanalysis_v002,exploratory_reanalysis,pending_user_review,CPGCR,internal_val,JFX,Complement,203,65,54,47,37,0,0,local_sign_quadrant_descriptive_no_significance_test,computed_descriptive,
phase2_phase3_reanalysis_v002,exploratory_reanalysis,pending_user_review,CPGCR,internal_val,JFX,DNA_Damage_Response,203,49,56,52,46,0,0,local_sign_quadrant_descriptive_no_significance_test,computed_descriptive,
phase2_phase3_reanalysis_v002,exploratory_reanalysis,pending_user_review,CPGCR,internal_val,JFX,E2F_Targets,203,67,62,33,41,0,0,local_sign_quadrant_descriptive_no_significance_test,computed_descriptive,
phase2_phase3_reanalysis_v002,exploratory_reanalysis,pending_user_review,CPGCR,internal_val,JFX,ECM_Organization,203,58,56,43,46,0,0,local_sign_quadrant_descriptive_no_significance_test,computed_descriptive,
phase2_phase3_reanalysis_v002,exploratory_reanalysis,pending_user_review,CPGCR,internal_val,JFX,Fibrosis,203,60,55,42,46,0,0,local_sign_quadrant_descriptive_no_significance_test,computed_descriptive,
phase2_phase3_reanalysis_v002,exploratory_reanalysis,pending_user_review,CPGCR,internal_val,JFX,G2M_Checkpoint,203,61,54,45,43,0,0,local_sign_quadrant_descriptive_no_significance_test,computed_descriptive,
phase2_phase3_reanalysis_v002,exploratory_reanalysis,pending_user_review,CPGCR,internal_val,JFX,Glycolysis,203,56,54,49,44,0,0,local_sign_quadrant_descriptive_no_significance_test,computed_descriptive,
phase2_phase3_reanalysis_v002,exploratory_reanalysis,pending_user_review,CPGCR,internal_val,JFX,IL6_JAK_STAT3,203,53,49,51,50,0,0,local_sign_quadrant_descriptive_no_significance_test,computed_descriptive,
phase2_phase3_reanalysis_v002,exploratory_reanalysis,pending_user_review,CPGCR,internal_val,JFX,Inflammatory_Response,203,50,62,48,43,0,0,local_sign_quadrant_descriptive_no_significance_test,computed_descriptive,
phase2_phase3_reanalysis_v002,exploratory_reanalysis,pending_user_review,CPGCR,internal_val,JFX,Interferon_Alpha,203,63,70,37,33,0,0,local_sign_quadrant_descriptive_no_significance_test,computed_descriptive,
phase2_phase3_reanalysis_v002,exploratory_reanalysis,pending_user_review,CPGCR,internal_val,JFX,MYC_Targets,203,52,73,48,30,0,0,local_sign_quadrant_descriptive_no_significance_test,computed_descriptive,
phase2_phase3_reanalysis_v002,exploratory_reanalysis,pending_user_review,CPGCR,internal_val,JFX,Mitotic_Spindle,203,67,61,37,38,0,0,local_sign_quadrant_descriptive_no_significance_test,computed_descriptive,
phase2_phase3_reanalysis_v002,exploratory_reanalysis,pending_user_review,CPGCR,internal_val,JFX,Oxidative_Phosphorylation,203,57,61,40,45,0,0,local_sign_quadrant_descriptive_no_significance_test,computed_descriptive,
phase2_phase3_reanalysis_v002,exploratory_reanalysis,pending_user_review,CPGCR,internal_val,JFX,P53_Pathway,203,61,52,46,44,0,0,local_sign_quadrant_descriptive_no_significance_test,computed_descriptive,
phase2_phase3_reanalysis_v002,exploratory_reanalysis,pending_user_review,CPGCR,internal_val,JFX,Reactive_Oxygen_Species,203,52,50,49,52,0,0,local_sign_quadrant_descriptive_no_significance_test,computed_descriptive,
phase2_phase3_reanalysis_v002,exploratory_reanalysis,pending_user_review,CPGCR,internal_val,JFX,TNF_Signaling,203,58,58,43,44,0,0,local_sign_quadrant_descriptive_no_significance_test,computed_descriptive,
phase2_phase3_reanalysis_v002,exploratory_reanalysis,pending_user_review,CPGCR,internal_val,JFX,Unfolded_Protein_Response,203,60,63,40,40,0,0,local_sign_quadrant_descriptive_no_significance_test,computed_descriptive,
phase2_phase3_reanalysis_v002,exploratory_reanalysis,pending_user_review,CPGCR,internal_val,JFX,Wound_Healing,203,59,61,47,36,0,0,local_sign_quadrant_descriptive_no_significance_test,computed_descriptive,
phase2_phase3_reanalysis_v002,exploratory_reanalysis,pending_user_review,CPGCR,internal_val,JFX,emt,203,54,48,52,49,0,0,local_sign_quadrant_descriptive_no_significance_test,computed_descriptive,
phase2_phase3_reanalysis_v002,exploratory_reanalysis,pending_user_review,CPGCR,internal_val,JFX,hypoxia,203,40,63,53,47,0,0,local_sign_quadrant_descriptive_no_significance_test,computed_descriptive,
phase2_phase3_reanalysis_v002,exploratory_reanalysis,pending_user_review,CPGCR,internal_val,JFX,icp,203,76,43,43,41,0,0,local_sign_quadrant_descriptive_no_significance_test,computed_descriptive,
phase2_phase3_reanalysis_v002,exploratory_reanalysis,pending_user_review,CPGCR,internal_val,JFX,ifng,203,70,51,39,43,0,0,local_sign_quadrant_descriptive_no_significance_test,computed_descriptive,
phase2_phase3_reanalysis_v002,exploratory_reanalysis,pending_user_review,CPGCR,internal_val,JFX,mTOR_Signaling,203,46,61,51,45,0,0,local_sign_quadrant_descriptive_no_significance_test,computed_descriptive,
phase2_phase3_reanalysis_v002,exploratory_reanalysis,pending_user_review,CPGCR,internal_val,JFX,mhc,203,45,72,43,43,0,0,local_sign_quadrant_descriptive_no_significance_test,computed_descriptive,
phase2_phase3_reanalysis_v002,exploratory_reanalysis,pending_user_review,CPGCR,internal_val,JFX,tgfb,203,59,57,52,35,0,0,local_sign_quadrant_descriptive_no_significance_test,computed_descriptive,
phase2_phase3_reanalysis_v002,exploratory_reanalysis,pending_user_review,CPGCR,internal_val,JFX,tls,203,74,53,42,34,0,0,local_sign_quadrant_descriptive_no_significance_test,computed_descriptive,
phase2_phase3_reanalysis_v002,exploratory_reanalysis,pending_user_review,CPGCR,internal_val,JFX,toxic,203,60,43,55,45,0,0,local_sign_quadrant_descriptive_no_significance_test,computed_descriptive,
phase2_phase3_reanalysis_v002,exploratory_reanalysis,pending_user_review,CPGCR,internal_val,LMZ12939,Angiogenesis,337,101,92,71,73,0,0,local_sign_quadrant_descriptive_no_significance_test,computed_descriptive,
phase2_phase3_reanalysis_v002,exploratory_reanalysis,pending_user_review,CPGCR,internal_val,LMZ12939,Apoptosis,337,116,52,81,88,0,0,local_sign_quadrant_descriptive_no_significance_test,computed_descriptive,
phase2_phase3_reanalysis_v002,exploratory_reanalysis,pending_user_review,CPGCR,internal_val,LMZ12939,Coagulation,337,128,72,72,65,0,0,local_sign_quadrant_descriptive_no_significance_test,computed_descriptive,
phase2_phase3_reanalysis_v002,exploratory_reanalysis,pending_user_review,CPGCR,internal_val,LMZ12939,Complement,337,128,85,71,53,0,0,local_sign_quadrant_descriptive_no_significance_test,computed_descriptive,
phase2_phase3_reanalysis_v002,exploratory_reanalysis,pending_user_review,CPGCR,internal_val,LMZ12939,DNA_Damage_Response,337,84,68,91,94,0,0,local_sign_quadrant_descriptive_no_significance_test,computed_descriptive,
phase2_phase3_reanalysis_v002,exploratory_reanalysis,pending_user_review,CPGCR,internal_val,LMZ12939,E2F_Targets,337,104,80,78,75,0,0,local_sign_quadrant_descriptive_no_significance_test,computed_descriptive,
phase2_phase3_reanalysis_v002,exploratory_reanalysis,pending_user_review,CPGCR,internal_val,LMZ12939,ECM_Organization,337,103,97,66,71,0,0,local_sign_quadrant_descriptive_no_significance_test,computed_descriptive,
phase2_phase3_reanalysis_v002,exploratory_reanalysis,pending_user_review,CPGCR,internal_val,LMZ12939,Fibrosis,337,105,93,78,61,0,0,local_sign_quadrant_descriptive_no_significance_test,computed_descriptive,
phase2_phase3_reanalysis_v002,exploratory_reanalysis,pending_user_review,CPGCR,internal_val,LMZ12939,G2M_Checkpoint,337,89,83,94,71,0,0,local_sign_quadrant_descriptive_no_significance_test,computed_descriptive,
phase2_phase3_reanalysis_v002,exploratory_reanalysis,pending_user_review,CPGCR,internal_val,LMZ12939,Glycolysis,337,120,71,73,73,0,0,local_sign_quadrant_descriptive_no_significance_test,computed_descriptive,
phase2_phase3_reanalysis_v002,exploratory_reanalysis,pending_user_review,CPGCR,internal_val,LMZ12939,IL6_JAK_STAT3,337,94,82,83,78,0,0,local_sign_quadrant_descriptive_no_significance_test,computed_descriptive,
phase2_phase3_reanalysis_v002,exploratory_reanalysis,pending_user_review,CPGCR,internal_val,LMZ12939,Inflammatory_Response,337,124,84,62,67,0,0,local_sign_quadrant_descriptive_no_significance_test,computed_descriptive,
phase2_phase3_reanalysis_v002,exploratory_reanalysis,pending_user_review,CPGCR,internal_val,LMZ12939,Interferon_Alpha,337,125,110,53,49,0,0,local_sign_quadrant_descriptive_no_significance_test,computed_descriptive,
phase2_phase3_reanalysis_v002,exploratory_reanalysis,pending_user_review,CPGCR,internal_val,LMZ12939,MYC_Targets,337,116,83,68,70,0,0,local_sign_quadrant_descriptive_no_significance_test,computed_descriptive,
phase2_phase3_reanalysis_v002,exploratory_reanalysis,pending_user_review,CPGCR,internal_val,LMZ12939,Mitotic_Spindle,337,109,75,76,77,0,0,local_sign_quadrant_descriptive_no_significance_test,computed_descriptive,
phase2_phase3_reanalysis_v002,exploratory_reanalysis,pending_user_review,CPGCR,internal_val,LMZ12939,Oxidative_Phosphorylation,337,123,89,66,59,0,0,local_sign_quadrant_descriptive_no_significance_test,computed_descriptive,
phase2_phase3_reanalysis_v002,exploratory_reanalysis,pending_user_review,CPGCR,internal_val,LMZ12939,P53_Pathway,337,96,83,80,78,0,0,local_sign_quadrant_descriptive_no_significance_test,computed_descriptive,
phase2_phase3_reanalysis_v002,exploratory_reanalysis,pending_user_review,CPGCR,internal_val,LMZ12939,Reactive_Oxygen_Species,337,103,77,88,69,0,0,local_sign_quadrant_descriptive_no_significance_test,computed_descriptive,
phase2_phase3_reanalysis_v002,exploratory_reanalysis,pending_user_review,CPGCR,internal_val,LMZ12939,TNF_Signaling,337,110,77,69,81,0,0,local_sign_quadrant_descriptive_no_significance_test,computed_descriptive,
phase2_phase3_reanalysis_v002,exploratory_reanalysis,pending_user_review,CPGCR,internal_val,LMZ12939,Unfolded_Protein_Response,337,98,78,84,77,0,0,local_sign_quadrant_descriptive_no_significance_test,computed_descriptive,
phase2_phase3_reanalysis_v002,exploratory_reanalysis,pending_user_review,CPGCR,internal_val,LMZ12939,Wound_Healing,337,93,91,72,81,0,0,local_sign_quadrant_descriptive_no_significance_test,computed_descriptive,
phase2_phase3_reanalysis_v002,exploratory_reanalysis,pending_user_review,CPGCR,internal_val,LMZ12939,emt,337,99,70,88,80,0,0,local_sign_quadrant_descriptive_no_significance_test,computed_descriptive,
phase2_phase3_reanalysis_v002,exploratory_reanalysis,pending_user_review,CPGCR,internal_val,LMZ12939,hypoxia,337,118,71,75,73,0,0,local_sign_quadrant_descriptive_no_significance_test,computed_descriptive,
phase2_phase3_reanalysis_v002,exploratory_reanalysis,pending_user_review,CPGCR,internal_val,LMZ12939,icp,337,143,30,86,78,0,0,local_sign_quadrant_descriptive_no_significance_test,computed_descriptive,
phase2_phase3_reanalysis_v002,exploratory_reanalysis,pending_user_review,CPGCR,internal_val,LMZ12939,ifng,337,146,78,51,62,0,0,local_sign_quadrant_descriptive_no_significance_test,computed_descriptive,
phase2_phase3_reanalysis_v002,exploratory_reanalysis,pending_user_review,CPGCR,internal_val,LMZ12939,mTOR_Signaling,337,103,83,79,72,0,0,local_sign_quadrant_descriptive_no_significance_test,computed_descriptive,
phase2_phase3_reanalysis_v002,exploratory_reanalysis,pending_user_review,CPGCR,internal_val,LMZ12939,mhc,337,72,158,53,54,0,0,local_sign_quadrant_descriptive_no_significance_test,computed_descriptive,
phase2_phase3_reanalysis_v002,exploratory_reanalysis,pending_user_review,CPGCR,internal_val,LMZ12939,tgfb,337,112,65,88,72,0,0,local_sign_quadrant_descriptive_no_significance_test,computed_descriptive,
phase2_phase3_reanalysis_v002,exploratory_reanalysis,pending_user_review,CPGCR,internal_val,LMZ12939,tls,337,112,99,62,64,0,0,local_sign_quadrant_descriptive_no_significance_test,computed_descriptive,
phase2_phase3_reanalysis_v002,exploratory_reanalysis,pending_user_review,CPGCR,internal_val,LMZ12939,toxic,337,126,59,84,68,0,0,local_sign_quadrant_descriptive_no_significance_test,computed_descriptive,
phase2_phase3_reanalysis_v002,exploratory_reanalysis,pending_user_review,CPGCR,internal_val,TGC,Angiogenesis,118,39,30,28,21,0,0,local_sign_quadrant_descriptive_no_significance_test,computed_descriptive,
phase2_phase3_reanalysis_v002,exploratory_reanalysis,pending_user_review,CPGCR,internal_val,TGC,Apoptosis,118,26,31,33,28,0,0,local_sign_quadrant_descriptive_no_significance_test,computed_descriptive,
phase2_phase3_reanalysis_v002,exploratory_reanalysis,pending_user_review,CPGCR,internal_val,TGC,Coagulation,118,40,34,20,24,0,0,local_sign_quadrant_descriptive_no_significance_test,computed_descriptive,
phase2_phase3_reanalysis_v002,exploratory_reanalysis,pending_user_review,CPGCR,internal_val,TGC,Complement,118,36,30,25,27,0,0,local_sign_quadrant_descriptive_no_significance_test,computed_descriptive,
phase2_phase3_reanalysis_v002,exploratory_reanalysis,pending_user_review,CPGCR,internal_val,TGC,DNA_Damage_Response,118,32,38,31,17,0,0,local_sign_quadrant_descriptive_no_significance_test,computed_descriptive,
phase2_phase3_reanalysis_v002,exploratory_reanalysis,pending_user_review,CPGCR,internal_val,TGC,E2F_Targets,118,29,42,26,21,0,0,local_sign_quadrant_descriptive_no_significance_test,computed_descriptive,
phase2_phase3_reanalysis_v002,exploratory_reanalysis,pending_user_review,CPGCR,internal_val,TGC,ECM_Organization,118,46,42,17,13,0,0,local_sign_quadrant_descriptive_no_significance_test,computed_descriptive,
phase2_phase3_reanalysis_v002,exploratory_reanalysis,pending_user_review,CPGCR,internal_val,TGC,Fibrosis,118,49,42,14,13,0,0,local_sign_quadrant_descriptive_no_significance_test,computed_descriptive,
phase2_phase3_reanalysis_v002,exploratory_reanalysis,pending_user_review,CPGCR,internal_val,TGC,G2M_Checkpoint,118,26,40,26,26,0,0,local_sign_quadrant_descriptive_no_significance_test,computed_descriptive,
phase2_phase3_reanalysis_v002,exploratory_reanalysis,pending_user_review,CPGCR,internal_val,TGC,Glycolysis,118,46,33,20,19,0,0,local_sign_quadrant_descriptive_no_significance_test,computed_descriptive,
phase2_phase3_reanalysis_v002,exploratory_reanalysis,pending_user_review,CPGCR,internal_val,TGC,IL6_JAK_STAT3,118,22,40,33,23,0,0,local_sign_quadrant_descriptive_no_significance_test,computed_descriptive,
phase2_phase3_reanalysis_v002,exploratory_reanalysis,pending_user_review,CPGCR,internal_val,TGC,Inflammatory_Response,118,44,34,18,22,0,0,local_sign_quadrant_descriptive_no_significance_test,computed_descriptive,
phase2_phase3_reanalysis_v002,exploratory_reanalysis,pending_user_review,CPGCR,internal_val,TGC,Interferon_Alpha,118,32,42,26,18,0,0,local_sign_quadrant_descriptive_no_significance_test,computed_descriptive,
phase2_phase3_reanalysis_v002,exploratory_reanalysis,pending_user_review,CPGCR,internal_val,TGC,MYC_Targets,118,34,31,25,28,0,0,local_sign_quadrant_descriptive_no_significance_test,computed_descriptive,
phase2_phase3_reanalysis_v002,exploratory_reanalysis,pending_user_review,CPGCR,internal_val,TGC,Mitotic_Spindle,118,29,41,26,22,0,0,local_sign_quadrant_descriptive_no_significance_test,computed_descriptive,
phase2_phase3_reanalysis_v002,exploratory_reanalysis,pending_user_review,CPGCR,internal_val,TGC,Oxidative_Phosphorylation,118,36,31,27,24,0,0,local_sign_quadrant_descriptive_no_significance_test,computed_descriptive,
phase2_phase3_reanalysis_v002,exploratory_reanalysis,pending_user_review,CPGCR,internal_val,TGC,P53_Pathway,118,36,36,25,21,0,0,local_sign_quadrant_descriptive_no_significance_test,computed_descriptive,
phase2_phase3_reanalysis_v002,exploratory_reanalysis,pending_user_review,CPGCR,internal_val,TGC,Reactive_Oxygen_Species,118,30,36,28,24,0,0,local_sign_quadrant_descriptive_no_significance_test,computed_descriptive,
phase2_phase3_reanalysis_v002,exploratory_reanalysis,pending_user_review,CPGCR,internal_val,TGC,TNF_Signaling,118,28,32,27,31,0,0,local_sign_quadrant_descriptive_no_significance_test,computed_descriptive,
phase2_phase3_reanalysis_v002,exploratory_reanalysis,pending_user_review,CPGCR,internal_val,TGC,Unfolded_Protein_Response,118,28,39,22,29,0,0,local_sign_quadrant_descriptive_no_significance_test,computed_descriptive,
phase2_phase3_reanalysis_v002,exploratory_reanalysis,pending_user_review,CPGCR,internal_val,TGC,Wound_Healing,118,40,40,20,18,0,0,local_sign_quadrant_descriptive_no_significance_test,computed_descriptive,
phase2_phase3_reanalysis_v002,exploratory_reanalysis,pending_user_review,CPGCR,internal_val,TGC,emt,118,38,36,23,21,0,0,local_sign_quadrant_descriptive_no_significance_test,computed_descriptive,
phase2_phase3_reanalysis_v002,exploratory_reanalysis,pending_user_review,CPGCR,internal_val,TGC,hypoxia,118,37,25,30,26,0,0,local_sign_quadrant_descriptive_no_significance_test,computed_descriptive,
phase2_phase3_reanalysis_v002,exploratory_reanalysis,pending_user_review,CPGCR,internal_val,TGC,icp,118,36,31,25,26,0,0,local_sign_quadrant_descriptive_no_significance_test,computed_descriptive,
phase2_phase3_reanalysis_v002,exploratory_reanalysis,pending_user_review,CPGCR,internal_val,TGC,ifng,118,36,47,20,15,0,0,local_sign_quadrant_descriptive_no_significance_test,computed_descriptive,
phase2_phase3_reanalysis_v002,exploratory_reanalysis,pending_user_review,CPGCR,internal_val,TGC,mTOR_Signaling,118,24,32,32,30,0,0,local_sign_quadrant_descriptive_no_significance_test,computed_descriptive,
phase2_phase3_reanalysis_v002,exploratory_reanalysis,pending_user_review,CPGCR,internal_val,TGC,mhc,118,15,60,22,21,0,0,local_sign_quadrant_descriptive_no_significance_test,computed_descriptive,
phase2_phase3_reanalysis_v002,exploratory_reanalysis,pending_user_review,CPGCR,internal_val,TGC,tgfb,118,43,42,14,19,0,0,local_sign_quadrant_descriptive_no_significance_test,computed_descriptive,
phase2_phase3_reanalysis_v002,exploratory_reanalysis,pending_user_review,CPGCR,internal_val,TGC,tls,118,39,21,25,33,0,0,local_sign_quadrant_descriptive_no_significance_test,computed_descriptive,
phase2_phase3_reanalysis_v002,exploratory_reanalysis,pending_user_review,CPGCR,internal_val,TGC,toxic,118,42,40,20,16,0,0,local_sign_quadrant_descriptive_no_significance_test,computed_descriptive,
phase2_phase3_reanalysis_v002,exploratory_reanalysis,pending_user_review,CPGCR,internal_val,XSL,Angiogenesis,161,51,33,38,39,0,0,local_sign_quadrant_descriptive_no_significance_test,computed_descriptive,
phase2_phase3_reanalysis_v002,exploratory_reanalysis,pending_user_review,CPGCR,internal_val,XSL,Apoptosis,161,49,53,33,26,0,0,local_sign_quadrant_descriptive_no_significance_test,computed_descriptive,
phase2_phase3_reanalysis_v002,exploratory_reanalysis,pending_user_review,CPGCR,internal_val,XSL,Coagulation,161,46,42,35,38,0,0,local_sign_quadrant_descriptive_no_significance_test,computed_descriptive,
phase2_phase3_reanalysis_v002,exploratory_reanalysis,pending_user_review,CPGCR,internal_val,XSL,Complement,161,49,45,38,29,0,0,local_sign_quadrant_descriptive_no_significance_test,computed_descriptive,
phase2_phase3_reanalysis_v002,exploratory_reanalysis,pending_user_review,CPGCR,internal_val,XSL,DNA_Damage_Response,161,57,37,32,35,0,0,local_sign_quadrant_descriptive_no_significance_test,computed_descriptive,
phase2_phase3_reanalysis_v002,exploratory_reanalysis,pending_user_review,CPGCR,internal_val,XSL,E2F_Targets,161,54,49,27,31,0,0,local_sign_quadrant_descriptive_no_significance_test,computed_descriptive,
phase2_phase3_reanalysis_v002,exploratory_reanalysis,pending_user_review,CPGCR,internal_val,XSL,ECM_Organization,161,48,40,42,31,0,0,local_sign_quadrant_descriptive_no_significance_test,computed_descriptive,
phase2_phase3_reanalysis_v002,exploratory_reanalysis,pending_user_review,CPGCR,internal_val,XSL,Fibrosis,161,50,43,35,33,0,0,local_sign_quadrant_descriptive_no_significance_test,computed_descriptive,
phase2_phase3_reanalysis_v002,exploratory_reanalysis,pending_user_review,CPGCR,internal_val,XSL,G2M_Checkpoint,161,43,67,30,21,0,0,local_sign_quadrant_descriptive_no_significance_test,computed_descriptive,
phase2_phase3_reanalysis_v002,exploratory_reanalysis,pending_user_review,CPGCR,internal_val,XSL,Glycolysis,161,37,47,39,38,0,0,local_sign_quadrant_descriptive_no_significance_test,computed_descriptive,
phase2_phase3_reanalysis_v002,exploratory_reanalysis,pending_user_review,CPGCR,internal_val,XSL,IL6_JAK_STAT3,161,38,40,41,42,0,0,local_sign_quadrant_descriptive_no_significance_test,computed_descriptive,
phase2_phase3_reanalysis_v002,exploratory_reanalysis,pending_user_review,CPGCR,internal_val,XSL,Inflammatory_Response,161,49,51,32,29,0,0,local_sign_quadrant_descriptive_no_significance_test,computed_descriptive,
phase2_phase3_reanalysis_v002,exploratory_reanalysis,pending_user_review,CPGCR,internal_val,XSL,Interferon_Alpha,161,49,53,29,30,0,0,local_sign_quadrant_descriptive_no_significance_test,computed_descriptive,
phase2_phase3_reanalysis_v002,exploratory_reanalysis,pending_user_review,CPGCR,internal_val,XSL,MYC_Targets,161,39,50,40,32,0,0,local_sign_quadrant_descriptive_no_significance_test,computed_descriptive,
phase2_phase3_reanalysis_v002,exploratory_reanalysis,pending_user_review,CPGCR,internal_val,XSL,Mitotic_Spindle,161,55,60,23,23,0,0,local_sign_quadrant_descriptive_no_significance_test,computed_descriptive,
phase2_phase3_reanalysis_v002,exploratory_reanalysis,pending_user_review,CPGCR,internal_val,XSL,Oxidative_Phosphorylation,161,43,56,32,30,0,0,local_sign_quadrant_descriptive_no_significance_test,computed_descriptive,
phase2_phase3_reanalysis_v002,exploratory_reanalysis,pending_user_review,CPGCR,internal_val,XSL,P53_Pathway,161,43,32,36,50,0,0,local_sign_quadrant_descriptive_no_significance_test,computed_descriptive,
phase2_phase3_reanalysis_v002,exploratory_reanalysis,pending_user_review,CPGCR,internal_val,XSL,Reactive_Oxygen_Species,161,47,44,34,36,0,0,local_sign_quadrant_descriptive_no_significance_test,computed_descriptive,
phase2_phase3_reanalysis_v002,exploratory_reanalysis,pending_user_review,CPGCR,internal_val,XSL,TNF_Signaling,161,38,46,44,33,0,0,local_sign_quadrant_descriptive_no_significance_test,computed_descriptive,
phase2_phase3_reanalysis_v002,exploratory_reanalysis,pending_user_review,CPGCR,internal_val,XSL,Unfolded_Protein_Response,161,35,33,46,47,0,0,local_sign_quadrant_descriptive_no_significance_test,computed_descriptive,
phase2_phase3_reanalysis_v002,exploratory_reanalysis,pending_user_review,CPGCR,internal_val,XSL,Wound_Healing,161,46,41,40,34,0,0,local_sign_quadrant_descriptive_no_significance_test,computed_descriptive,
phase2_phase3_reanalysis_v002,exploratory_reanalysis,pending_user_review,CPGCR,internal_val,XSL,emt,161,49,38,40,34,0,0,local_sign_quadrant_descriptive_no_significance_test,computed_descriptive,
phase2_phase3_reanalysis_v002,exploratory_reanalysis,pending_user_review,CPGCR,internal_val,XSL,hypoxia,161,45,53,33,30,0,0,local_sign_quadrant_descriptive_no_significance_test,computed_descriptive,
phase2_phase3_reanalysis_v002,exploratory_reanalysis,pending_user_review,CPGCR,internal_val,XSL,icp,161,62,29,37,33,0,0,local_sign_quadrant_descriptive_no_significance_test,computed_descriptive,
phase2_phase3_reanalysis_v002,exploratory_reanalysis,pending_user_review,CPGCR,internal_val,XSL,ifng,161,47,42,32,40,0,0,local_sign_quadrant_descriptive_no_significance_test,computed_descriptive,
phase2_phase3_reanalysis_v002,exploratory_reanalysis,pending_user_review,CPGCR,internal_val,XSL,mTOR_Signaling,161,44,43,34,40,0,0,local_sign_quadrant_descriptive_no_significance_test,computed_descriptive,
phase2_phase3_reanalysis_v002,exploratory_reanalysis,pending_user_review,CPGCR,internal_val,XSL,mhc,161,42,55,28,36,0,0,local_sign_quadrant_descriptive_no_significance_test,computed_descriptive,
phase2_phase3_reanalysis_v002,exploratory_reanalysis,pending_user_review,CPGCR,internal_val,XSL,tgfb,161,46,52,30,33,0,0,local_sign_quadrant_descriptive_no_significance_test,computed_descriptive,
phase2_phase3_reanalysis_v002,exploratory_reanalysis,pending_user_review,CPGCR,internal_val,XSL,tls,161,76,22,29,34,0,0,local_sign_quadrant_descriptive_no_significance_test,computed_descriptive,
phase2_phase3_reanalysis_v002,exploratory_reanalysis,pending_user_review,CPGCR,internal_val,XSL,toxic,161,63,30,31,37,0,0,local_sign_quadrant_descriptive_no_significance_test,computed_descriptive,
phase2_phase3_reanalysis_v002,exploratory_reanalysis,pending_user_review,CPGCR,internal_val,ZHZ,Angiogenesis,114,29,31,24,29,0,1,local_sign_quadrant_descriptive_no_significance_test,computed_descriptive,
phase2_phase3_reanalysis_v002,exploratory_reanalysis,pending_user_review,CPGCR,internal_val,ZHZ,Apoptosis,114,32,30,26,25,0,1,local_sign_quadrant_descriptive_no_significance_test,computed_descriptive,
phase2_phase3_reanalysis_v002,exploratory_reanalysis,pending_user_review,CPGCR,internal_val,ZHZ,Coagulation,114,36,43,17,17,0,1,local_sign_quadrant_descriptive_no_significance_test,computed_descriptive,
phase2_phase3_reanalysis_v002,exploratory_reanalysis,pending_user_review,CPGCR,internal_val,ZHZ,Complement,114,31,39,25,18,0,1,local_sign_quadrant_descriptive_no_significance_test,computed_descriptive,
phase2_phase3_reanalysis_v002,exploratory_reanalysis,pending_user_review,CPGCR,internal_val,ZHZ,DNA_Damage_Response,114,22,47,25,19,0,1,local_sign_quadrant_descriptive_no_significance_test,computed_descriptive,
phase2_phase3_reanalysis_v002,exploratory_reanalysis,pending_user_review,CPGCR,internal_val,ZHZ,E2F_Targets,114,26,35,26,26,0,1,local_sign_quadrant_descriptive_no_significance_test,computed_descriptive,
phase2_phase3_reanalysis_v002,exploratory_reanalysis,pending_user_review,CPGCR,internal_val,ZHZ,ECM_Organization,114,34,35,24,20,0,1,local_sign_quadrant_descriptive_no_significance_test,computed_descriptive,
phase2_phase3_reanalysis_v002,exploratory_reanalysis,pending_user_review,CPGCR,internal_val,ZHZ,Fibrosis,114,35,39,24,15,0,1,local_sign_quadrant_descriptive_no_significance_test,computed_descriptive,
phase2_phase3_reanalysis_v002,exploratory_reanalysis,pending_user_review,CPGCR,internal_val,ZHZ,G2M_Checkpoint,114,36,38,22,17,0,1,local_sign_quadrant_descriptive_no_significance_test,computed_descriptive,
phase2_phase3_reanalysis_v002,exploratory_reanalysis,pending_user_review,CPGCR,internal_val,ZHZ,Glycolysis,114,41,27,18,27,0,1,local_sign_quadrant_descriptive_no_significance_test,computed_descriptive,
phase2_phase3_reanalysis_v002,exploratory_reanalysis,pending_user_review,CPGCR,internal_val,ZHZ,IL6_JAK_STAT3,114,41,29,19,24,0,1,local_sign_quadrant_descriptive_no_significance_test,computed_descriptive,
phase2_phase3_reanalysis_v002,exploratory_reanalysis,pending_user_review,CPGCR,internal_val,ZHZ,Inflammatory_Response,114,57,29,13,14,0,1,local_sign_quadrant_descriptive_no_significance_test,computed_descriptive,
phase2_phase3_reanalysis_v002,exploratory_reanalysis,pending_user_review,CPGCR,internal_val,ZHZ,Interferon_Alpha,114,25,32,26,30,0,1,local_sign_quadrant_descriptive_no_significance_test,computed_descriptive,
phase2_phase3_reanalysis_v002,exploratory_reanalysis,pending_user_review,CPGCR,internal_val,ZHZ,MYC_Targets,114,36,14,30,33,0,1,local_sign_quadrant_descriptive_no_significance_test,computed_descriptive,
phase2_phase3_reanalysis_v002,exploratory_reanalysis,pending_user_review,CPGCR,internal_val,ZHZ,Mitotic_Spindle,114,31,37,27,18,0,1,local_sign_quadrant_descriptive_no_significance_test,computed_descriptive,
phase2_phase3_reanalysis_v002,exploratory_reanalysis,pending_user_review,CPGCR,internal_val,ZHZ,Oxidative_Phosphorylation,114,31,27,24,31,0,1,local_sign_quadrant_descriptive_no_significance_test,computed_descriptive,
phase2_phase3_reanalysis_v002,exploratory_reanalysis,pending_user_review,CPGCR,internal_val,ZHZ,P53_Pathway,114,47,23,19,24,0,1,local_sign_quadrant_descriptive_no_significance_test,computed_descriptive,
phase2_phase3_reanalysis_v002,exploratory_reanalysis,pending_user_review,CPGCR,internal_val,ZHZ,Reactive_Oxygen_Species,114,30,43,23,17,0,1,local_sign_quadrant_descriptive_no_significance_test,computed_descriptive,
phase2_phase3_reanalysis_v002,exploratory_reanalysis,pending_user_review,CPGCR,internal_val,ZHZ,TNF_Signaling,114,46,31,14,22,0,1,local_sign_quadrant_descriptive_no_significance_test,computed_descriptive,
phase2_phase3_reanalysis_v002,exploratory_reanalysis,pending_user_review,CPGCR,internal_val,ZHZ,Unfolded_Protein_Response,114,40,28,23,22,0,1,local_sign_quadrant_descriptive_no_significance_test,computed_descriptive,
phase2_phase3_reanalysis_v002,exploratory_reanalysis,pending_user_review,CPGCR,internal_val,ZHZ,Wound_Healing,114,34,38,23,18,0,1,local_sign_quadrant_descriptive_no_significance_test,computed_descriptive,
phase2_phase3_reanalysis_v002,exploratory_reanalysis,pending_user_review,CPGCR,internal_val,ZHZ,emt,114,28,34,25,26,0,1,local_sign_quadrant_descriptive_no_significance_test,computed_descriptive,
phase2_phase3_reanalysis_v002,exploratory_reanalysis,pending_user_review,CPGCR,internal_val,ZHZ,hypoxia,114,43,23,23,24,0,1,local_sign_quadrant_descriptive_no_significance_test,computed_descriptive,
phase2_phase3_reanalysis_v002,exploratory_reanalysis,pending_user_review,CPGCR,internal_val,ZHZ,icp,114,36,26,27,24,0,1,local_sign_quadrant_descriptive_no_significance_test,computed_descriptive,
phase2_phase3_reanalysis_v002,exploratory_reanalysis,pending_user_review,CPGCR,internal_val,ZHZ,ifng,114,36,28,23,26,0,1,local_sign_quadrant_descriptive_no_significance_test,computed_descriptive,
phase2_phase3_reanalysis_v002,exploratory_reanalysis,pending_user_review,CPGCR,internal_val,ZHZ,mTOR_Signaling,114,25,34,27,27,0,1,local_sign_quadrant_descriptive_no_significance_test,computed_descriptive,
phase2_phase3_reanalysis_v002,exploratory_reanalysis,pending_user_review,CPGCR,internal_val,ZHZ,mhc,114,48,24,15,26,0,1,local_sign_quadrant_descriptive_no_significance_test,computed_descriptive,
phase2_phase3_reanalysis_v002,exploratory_reanalysis,pending_user_review,CPGCR,internal_val,ZHZ,tgfb,114,22,34,30,27,0,1,local_sign_quadrant_descriptive_no_significance_test,computed_descriptive,
phase2_phase3_reanalysis_v002,exploratory_reanalysis,pending_user_review,CPGCR,internal_val,ZHZ,tls,114,44,27,24,18,0,1,local_sign_quadrant_descriptive_no_significance_test,computed_descriptive,
phase2_phase3_reanalysis_v002,exploratory_reanalysis,pending_user_review,CPGCR,internal_val,ZHZ,toxic,114,38,19,29,27,0,1,local_sign_quadrant_descriptive_no_significance_test,computed_descriptive,
phase2_phase3_reanalysis_v002,exploratory_reanalysis,pending_user_review,CPGCR,XZY,XZY,Angiogenesis,1039,399,311,170,159,0,0,local_sign_quadrant_descriptive_no_significance_test,computed_descriptive,
phase2_phase3_reanalysis_v002,exploratory_reanalysis,pending_user_review,CPGCR,XZY,XZY,Apoptosis,1039,266,360,222,191,0,0,local_sign_quadrant_descriptive_no_significance_test,computed_descriptive,
phase2_phase3_reanalysis_v002,exploratory_reanalysis,pending_user_review,CPGCR,XZY,XZY,Coagulation,1039,320,354,187,178,0,0,local_sign_quadrant_descriptive_no_significance_test,computed_descriptive,
phase2_phase3_reanalysis_v002,exploratory_reanalysis,pending_user_review,CPGCR,XZY,XZY,Complement,1039,322,477,135,105,0,0,local_sign_quadrant_descriptive_no_significance_test,computed_descriptive,
phase2_phase3_reanalysis_v002,exploratory_reanalysis,pending_user_review,CPGCR,XZY,XZY,DNA_Damage_Response,1039,275,381,209,174,0,0,local_sign_quadrant_descriptive_no_significance_test,computed_descriptive,
phase2_phase3_reanalysis_v002,exploratory_reanalysis,pending_user_review,CPGCR,XZY,XZY,E2F_Targets,1039,304,378,194,163,0,0,local_sign_quadrant_descriptive_no_significance_test,computed_descriptive,
phase2_phase3_reanalysis_v002,exploratory_reanalysis,pending_user_review,CPGCR,XZY,XZY,ECM_Organization,1039,313,398,174,154,0,0,local_sign_quadrant_descriptive_no_significance_test,computed_descriptive,
phase2_phase3_reanalysis_v002,exploratory_reanalysis,pending_user_review,CPGCR,XZY,XZY,Fibrosis,1039,322,402,157,158,0,0,local_sign_quadrant_descriptive_no_significance_test,computed_descriptive,
phase2_phase3_reanalysis_v002,exploratory_reanalysis,pending_user_review,CPGCR,XZY,XZY,G2M_Checkpoint,1039,265,386,206,182,0,0,local_sign_quadrant_descriptive_no_significance_test,computed_descriptive,
phase2_phase3_reanalysis_v002,exploratory_reanalysis,pending_user_review,CPGCR,XZY,XZY,Glycolysis,1039,340,379,153,167,0,0,local_sign_quadrant_descriptive_no_significance_test,computed_descriptive,
phase2_phase3_reanalysis_v002,exploratory_reanalysis,pending_user_review,CPGCR,XZY,XZY,IL6_JAK_STAT3,1039,265,396,198,180,0,0,local_sign_quadrant_descriptive_no_significance_test,computed_descriptive,
phase2_phase3_reanalysis_v002,exploratory_reanalysis,pending_user_review,CPGCR,XZY,XZY,Inflammatory_Response,1039,457,323,119,140,0,0,local_sign_quadrant_descriptive_no_significance_test,computed_descriptive,
phase2_phase3_reanalysis_v002,exploratory_reanalysis,pending_user_review,CPGCR,XZY,XZY,Interferon_Alpha,1039,320,480,122,117,0,0,local_sign_quadrant_descriptive_no_significance_test,computed_descriptive,
phase2_phase3_reanalysis_v002,exploratory_reanalysis,pending_user_review,CPGCR,XZY,XZY,MYC_Targets,1039,286,328,224,201,0,0,local_sign_quadrant_descriptive_no_significance_test,computed_descriptive,
phase2_phase3_reanalysis_v002,exploratory_reanalysis,pending_user_review,CPGCR,XZY,XZY,Mitotic_Spindle,1039,244,381,223,191,0,0,local_sign_quadrant_descriptive_no_significance_test,computed_descriptive,
phase2_phase3_reanalysis_v002,exploratory_reanalysis,pending_user_review,CPGCR,XZY,XZY,Oxidative_Phosphorylation,1039,263,383,232,161,0,0,local_sign_quadrant_descriptive_no_significance_test,computed_descriptive,
phase2_phase3_reanalysis_v002,exploratory_reanalysis,pending_user_review,CPGCR,XZY,XZY,P53_Pathway,1039,243,348,235,213,0,0,local_sign_quadrant_descriptive_no_significance_test,computed_descriptive,
phase2_phase3_reanalysis_v002,exploratory_reanalysis,pending_user_review,CPGCR,XZY,XZY,Reactive_Oxygen_Species,1039,298,390,178,173,0,0,local_sign_quadrant_descriptive_no_significance_test,computed_descriptive,
phase2_phase3_reanalysis_v002,exploratory_reanalysis,pending_user_review,CPGCR,XZY,XZY,TNF_Signaling,1039,318,384,164,173,0,0,local_sign_quadrant_descriptive_no_significance_test,computed_descriptive,
phase2_phase3_reanalysis_v002,exploratory_reanalysis,pending_user_review,CPGCR,XZY,XZY,Unfolded_Protein_Response,1039,247,396,207,189,0,0,local_sign_quadrant_descriptive_no_significance_test,computed_descriptive,
phase2_phase3_reanalysis_v002,exploratory_reanalysis,pending_user_review,CPGCR,XZY,XZY,Wound_Healing,1039,334,349,180,176,0,0,local_sign_quadrant_descriptive_no_significance_test,computed_descriptive,
phase2_phase3_reanalysis_v002,exploratory_reanalysis,pending_user_review,CPGCR,XZY,XZY,emt,1039,321,331,184,203,0,0,local_sign_quadrant_descriptive_no_significance_test,computed_descriptive,
phase2_phase3_reanalysis_v002,exploratory_reanalysis,pending_user_review,CPGCR,XZY,XZY,hypoxia,1039,363,367,157,152,0,0,local_sign_quadrant_descriptive_no_significance_test,computed_descriptive,
phase2_phase3_reanalysis_v002,exploratory_reanalysis,pending_user_review,CPGCR,XZY,XZY,icp,1039,337,311,213,178,0,0,local_sign_quadrant_descriptive_no_significance_test,computed_descriptive,
phase2_phase3_reanalysis_v002,exploratory_reanalysis,pending_user_review,CPGCR,XZY,XZY,ifng,1039,383,323,165,168,0,0,local_sign_quadrant_descriptive_no_significance_test,computed_descriptive,
phase2_phase3_reanalysis_v002,exploratory_reanalysis,pending_user_review,CPGCR,XZY,XZY,mTOR_Signaling,1039,252,354,234,199,0,0,local_sign_quadrant_descriptive_no_significance_test,computed_descriptive,
phase2_phase3_reanalysis_v002,exploratory_reanalysis,pending_user_review,CPGCR,XZY,XZY,mhc,1039,316,385,177,161,0,0,local_sign_quadrant_descriptive_no_significance_test,computed_descriptive,
phase2_phase3_reanalysis_v002,exploratory_reanalysis,pending_user_review,CPGCR,XZY,XZY,tgfb,1039,238,349,229,223,0,0,local_sign_quadrant_descriptive_no_significance_test,computed_descriptive,
phase2_phase3_reanalysis_v002,exploratory_reanalysis,pending_user_review,CPGCR,XZY,XZY,tls,1039,513,228,144,154,0,0,local_sign_quadrant_descriptive_no_significance_test,computed_descriptive,
phase2_phase3_reanalysis_v002,exploratory_reanalysis,pending_user_review,CPGCR,XZY,XZY,toxic,1039,363,242,242,192,0,0,local_sign_quadrant_descriptive_no_significance_test,computed_descriptive,
